arm,seed,step,novelty_vector_count,h_n_latest,h_n_shape_latest,V,H_N,L_t,total_suppression,avg_wb,theta_capability,transfer_state,g,population,x_compute,x_bio_welfare,x_novelty_agency,x_institutional_capacity,x_transfer_comprehension,x_resilience,c_protective,c_suppressive,adapter_active,action_modified,adapter_score,shape_fallback_increase
biological_veto_capture,1835087705,0,200,0.9867968421444221,0.9868001868080056,0.10025600390162506,0.9867968421444221,0.10069405565382519,0.014000000000000002,0.6626879946760605,0.5203356142938013,0.5325514295604495,1.474391757669059,208,0.25419517867251534,0.1899815868365184,0.06569521678940372,0.20138241973082158,0.21275714780224747,0.07598845016849366,0.2,0.0,False,False,0.0,2
biological_veto_capture,1835087705,1,208,0.984508356912002,0.9845103885133926,0.10420594153695116,0.984508356912002,0.12290389586593835,0.0,0.6765626360799565,0.5409994976092566,0.5551840963944975,1.4402962671027242,212,0.27100830037681684,0.16673513287091782,0.033772743287845186,0.2667563384096167,0.17943904895046445,0.08228843610433911,0.0,0.0,False,False,0.0,0
biological_veto_capture,1835087705,2,212,0.9439544105044727,0.984655117995357,0.025361164791915292,0.9439544105044727,0.13993117990900455,0.526,0.6869702765496206,0.5614323228729461,0.580583431022066,1.4076504648452932,213,0.2810350018019039,0.16332721539492956,0.04141704790100182,0.28681362963481133,0.20458872133509137,0.02281838393226225,0.6,0.4,False,False,0.0,0
biological_veto_capture,1835087705,3,213,0.9843998531753063,0.9845199416438521,0.0717336541896951,0.9843998531753063,0.17161219676798273,0.2,0.7005215227184618,0.5676119910297188,0.6112010590210675,1.3257022105079492,219,0.1156410537552509,0.2254041817115127,0.006586866962591211,0.2529677855565037,0.24337985550604016,0.15602025650810136,0.0,0.2,False,False,0.0,0
biological_veto_capture,1835087705,4,219,0.9864842760098321,0.9866135214261994,0.07116562244273232,0.9864842760098321,0.19580619748922878,0.22400000000000003,0.7110349923548493,0.5723004103120162,0.6355930395109887,1.2663505707559939,224,0.10086273542229042,0.1974664200435168,0.107913915416426,0.2528348475136291,0.22756043196013984,0.11336164964399792,0.8,0.0,False,False,0.0,0
biological_veto_capture,1835087705,5,224,0.9807606332148184,0.9807677913048732,0.09415055534395843,0.9807606332148184,0.21886954404707828,0.126,0.714778681750845,0.5762656875911044,0.6573535960114517,1.2264564372497708,230,0.09475372243361313,0.1564302220692728,0.10967130246579977,0.3235455158457201,0.22659930225780972,0.08899993492778441,0.6,0.0,False,False,0.0,0
biological_veto_capture,1835087705,6,230,0.9880059663457937,0.9880061530488383,0.1232353345064806,0.9880059663457937,0.2427960390104526,0.014000000000000002,0.7249486308480201,0.59694715054694,0.6570715225107903,1.2531873554549402,232,0.3061843416923849,0.1752812007236138,0.05193759069377164,0.28553801260813083,0.12726643050241843,0.05379242377968028,0.2,0.0,False,False,0.0,0
biological_veto_capture,1835087705,7,232,0.9869158813842538,0.9869207314914503,0.09729873621521883,0.9869158813842538,0.27157172940066465,0.126,0.7317785087962576,0.6002954944414508,0.6854023424111718,1.1968503431138158,238,0.10244626777322194,0.18336973757165403,0.10669993520207567,0.2613269711098431,0.2701898607573028,0.07596722758590246,0.6,0.0,False,False,0.0,0
biological_veto_capture,1835087705,8,238,0.9846404164378373,0.9846405602167635,0.1252876822936569,0.9846404164378373,0.2937405980233208,0.05600000000000001,0.7422882249942873,0.5972339351439098,0.7147116425951958,1.1257476485070186,238,0.02441519280664417,0.2336677112948539,0.023672928447252183,0.3089834026303603,0.2892476721257056,0.1200130926951839,0.4,0.0,False,False,0.0,0
biological_veto_capture,1835087705,9,238,0.9886951637537452,0.9905287948495293,0.0500843199392112,0.9886951637537452,0.31796252631805855,0.4,0.7511724271394985,0.6036443673448644,0.7423937398432258,1.0824484261436895,237,0.14090161197687562,0.19331896029513315,0.05496922645325495,0.24593861572645068,0.2957663075377477,0.06910527801053791,0.0,0.4,False,False,0.0,0
biological_veto_capture,1835087705,10,237,0.980621512599604,0.9824962342284851,0.04984309461622185,0.980621512599604,0.33677174094246914,0.41400000000000003,0.7626374181783219,0.6035618252394138,0.7594349966963622,1.0421087604719934,238,0.06374595327240774,0.2698489488656614,0.09953256223892941,0.30789749942531375,0.2564031541872948,0.0025718820103929536,0.2,0.4,False,False,0.0,0
biological_veto_capture,1835087705,11,238,0.9877839008536119,0.9878403595459975,0.07776807875606016,0.9877839008536119,0.3619811943901538,0.256,0.7681604428341043,0.6125283915447328,0.7834914970267259,1.0177473894870008,242,0.1768082195911215,0.16601876810193794,0.0885965708274173,0.17507908737836145,0.30922391102697194,0.08427344307418977,0.4,0.2,False,False,0.0,0
biological_veto_capture,1835087705,12,242,0.9858942256743136,0.9858942703748329,0.13459750118505492,0.9858942256743136,0.38096642264759434,0.05600000000000001,0.7743999239224372,0.6102018065241493,0.8051423473240533,0.9786682924669021,242,0.04124793195816524,0.17066594839420657,0.046862578343128264,0.2760215301864734,0.35356207919433047,0.1116399319236961,0.4,0.0,False,False,0.0,0
biological_veto_capture,1835087705,13,242,0.9872853915043507,0.9872859394465591,0.1146593114247452,0.9872853915043507,0.4079941502806133,0.126,0.7807483771810055,0.615022179798634,0.824628112591648,0.9552599096183703,244,0.12913079500865254,0.19576419455874586,0.00665135070974099,0.322275069359553,0.30349106114070573,0.04268752922260186,0.6,0.0,False,False,0.0,0
biological_veto_capture,1835087705,14,244,0.9855181979148733,0.9855182399762368,0.13507887915723277,0.9855181979148733,0.42572852960953966,0.05600000000000001,0.7848070767873663,0.6282790963307485,0.8421653013324832,0.9505880625025248,248,0.23760031902557727,0.21303824857147674,0.04329730967690289,0.13202670027268534,0.32897745696993813,0.04505996548341967,0.4,0.0,False,False,0.0,0
biological_veto_capture,1835087705,15,248,0.9863552250315503,0.9863552298884838,0.1522692281127699,0.9863552250315503,0.45943584789008846,0.0,0.7899689101318228,0.6328847448272588,0.857948771199235,0.933798713607191,254,0.13774504141309604,0.21285382335732006,0.006080554381989997,0.328256076170384,0.31360493748296653,0.0014595671942434997,0.0,0.0,False,False,0.0,0
biological_veto_capture,1835087705,16,254,0.988190025359464,0.9881927484330796,0.10190385931370173,0.988190025359464,0.4787486400548088,0.2,0.7958753106002587,0.6342829530274254,0.8721538940793114,0.91378680563499,255,0.10053056801912036,0.16860050735216048,0.05621207340124537,0.24319976428087056,0.3262135338368739,0.10524355310972944,0.0,0.2,False,False,0.0,0
biological_veto_capture,1835087705,17,255,0.9897063813678632,0.9897071747613864,0.11173239098642401,0.9897063813678632,0.5039686337236148,0.126,0.8009244150756736,0.6344734785317486,0.8825702555143229,0.8975789387552779,259,0.08630841444618051,0.16437829722235833,0.10408061229013921,0.27666391746637137,0.2881587542147127,0.08041000436023796,0.6,0.0,False,False,0.0,0
biological_veto_capture,1835087705,18,259,0.9847108679247764,0.9847143769488743,0.09985730129044895,0.9847108679247764,0.5243654153082793,0.2,0.7971385594911199,0.6444522653832582,0.888611058318653,0.9097985150520934,263,0.20878075972621196,0.14776146865885065,0.025579690742533693,0.26368585643019277,0.27148914177881156,0.08270308266339955,0.0,0.2,False,False,0.0,0
biological_veto_capture,1835087705,19,263,0.9860863475619956,0.9885257237039756,0.047796049983922693,0.9860863475619956,0.5377609533876592,0.456,0.79857180118426,0.6415084913806196,0.8997499524867877,0.8928255426760031,268,0.053485490831553836,0.2443060792578422,0.0553184963426201,0.20257886095283353,0.39603918468513205,0.04827188793001845,0.4,0.4,False,False,0.0,0
biological_veto_capture,1835087705,20,268,0.9870029895498611,0.9872642740884495,0.06556779853845418,0.9870029895498611,0.551669133908508,0.35,0.7964555147870082,0.6470301490003448,0.8949110921686768,0.9077852098751322,272,0.15746352735945326,0.16499847622742184,0.04520361247067706,0.2568779788984037,0.2256806746528394,0.1497757303912048,1.0,0.0,False,False,0.0,0
biological_veto_capture,1835087705,21,272,0.9791513936938373,0.9920214636473481,0.03458525442795914,0.9791513936938373,0.5589496482844838,0.526,0.7904308566968495,0.6550095964900888,0.9054199829518091,0.9152372799383794,270,0.1916369367470152,0.1406864660173149,0.0006835186118974403,0.3448755407598147,0.31512976945647947,0.006987768407478442,0.6,0.4,False,False,0.0,0
biological_veto_capture,1835087705,22,270,0.9897951740894632,0.9897952121924332,0.1359001024779899,0.9897951740894632,0.5592849249041937,0.05600000000000001,0.7978003751719915,0.655231841949749,0.9041931510816746,0.9083213976551509,265,0.09965906605205817,0.3359672211129487,0.05244676078478689,0.22908921922740152,0.24657583212523188,0.036261900697572944,0.4,0.0,False,False,0.0,0
biological_veto_capture,1835087705,23,265,0.9727212971189934,0.9922233830147648,0.03127853222726086,0.9727212971189934,0.5666232416047423,0.55,0.8002126149523836,0.6650516245692604,0.8965560420049106,0.9269846089949779,270,0.21976718396248424,0.17335361410166672,0.034900329984969815,0.23786297513520563,0.213911030157017,0.12020486665865668,1.0,0.2,False,False,0.0,0
biological_veto_capture,1835087705,24,270,0.9886571850199317,0.9902383429597833,0.05126119698206266,0.9886571850199317,0.588227369969097,0.41400000000000003,0.8050417201014106,0.6686361512694188,0.9032731349288734,0.9195013531109897,268,0.14796384910776794,0.20106602810179117,0.004252250712804161,0.2695129577466402,0.28186348562226965,0.09534142870872687,0.2,0.4,False,False,0.0,0
biological_veto_capture,1835087705,25,268,0.985433799641838,0.9868550446907621,0.05208269000426066,0.985433799641838,0.6128990778610954,0.42400000000000004,0.8030564681411282,0.6629825244536415,0.912945821435986,0.90429679447902,280,0.0347272593461705,0.2567010892739356,0.001923669056509181,0.23684016265944022,0.41070678104102026,0.05910103862292423,0.8,0.2,False,False,0.0,0
biological_veto_capture,1835087705,26,280,0.9892200530972524,0.9892200601006287,0.14937904555631742,0.9892200530972524,0.6440990656115999,0.0,0.7976741766269038,0.6589765749813974,0.9196089556324032,0.8983410637803275,292,0.051789709380474516,0.18551250492629875,0.10447088383349704,0.3063954212907762,0.289788581700079,0.06204289886887462,0.0,0.0,False,False,0.0,0
biological_veto_capture,1835087705,27,292,0.9880182067609586,0.9889648653636227,0.05533426663275848,0.9880182067609586,0.6761024655121137,0.4,0.7926823544561571,0.6700802153569757,0.902144691926369,0.9370254926331406,307,0.2381558640581023,0.18465392042944576,0.042371945194608004,0.3186039966887073,0.1724831592860308,0.0437311143431059,0.0,0.4,False,False,0.0,0
biological_veto_capture,1835087705,28,307,0.9435946066468289,0.988356024565897,0.024634015524410947,0.9435946066468289,0.6809925477884327,0.6,0.7902890796094606,0.6730872333528946,0.9119302227337321,0.9339502943675595,318,0.1438878595470955,0.19734645306987333,0.057361557090645235,0.26550959054592077,0.3158126629012165,0.020081876845248616,0.0,0.6,False,False,0.0,0
biological_veto_capture,1835087705,29,318,0.9898309801212662,0.989830980975178,0.16613450381145464,0.9898309801212662,0.7164154367368671,0.0,0.7889544819735645,0.6789515110649567,0.9029994009773845,0.9530141508166647,322,0.18148299224633596,0.17017978359864275,0.10585274537307122,0.21479907000958398,0.21131100258512822,0.11637440618723789,0.0,0.0,False,False,0.0,0
biological_veto_capture,1835087705,30,322,0.9893783593244181,0.9907201611407281,0.052571668516521175,0.9893783593244181,0.7387494674461383,0.41400000000000003,0.7914536426531148,0.6768080546449756,0.8967037230170413,0.9536545021433893,332,0.08505148916583544,0.28960699170073284,0.013498353042873595,0.38038338710535413,0.2200213106869762,0.011438468298227792,0.2,0.4,False,False,0.0,0
biological_veto_capture,1835087705,31,332,0.9889216197246283,0.9905385788233663,0.05108538531994174,0.9889216197246283,0.740280128183793,0.42400000000000004,0.7942127441656671,0.6880673111178217,0.9041901534883949,0.9581517581685628,334,0.25124574006368616,0.24376614476422034,0.025891193463317457,0.11074573214092974,0.28578401386528896,0.08256717570255737,0.8,0.2,False,False,0.0,0
biological_veto_capture,1835087705,32,334,0.9814149463291342,0.9909377162955929,0.03697427691899871,0.9814149463291342,0.7440287906818114,0.526,0.7902307586120795,0.6973811957208769,0.9080719431778749,0.9718428535447586,340,0.23396562698682755,0.1852296130533773,0.1276373730362256,0.15763462989543614,0.27150402519159733,0.024028731836536157,0.6,0.4,False,False,0.0,0
biological_veto_capture,1835087705,33,340,0.988539547547967,0.9886525298744029,0.07225254033244197,0.988539547547967,0.7603761985905219,0.326,0.7964839863340087,0.6906438305015423,0.9172647488600874,0.9453277015779311,341,0.03914618208386564,0.1705975494703858,0.047021346216330015,0.23670072662425623,0.36688647359556464,0.1396477220095977,0.6,0.2,False,False,0.0,0
biological_veto_capture,1835087705,34,341,0.990132906244082,0.9903671901743872,0.0664610324412803,0.990132906244082,0.7751546766919796,0.35,0.799358589725762,0.6870216022763972,0.9060380815539589,0.9485981972718842,349,0.07387454124914963,0.16637399058038035,0.20601123547459493,0.2589531142324375,0.20249903789940152,0.09228808056403624,1.0,0.0,False,False,0.0,0
biological_veto_capture,1835087705,35,349,0.9868790678106947,0.9880531391083642,0.05361316684589643,0.9868790678106947,0.7617132941615518,0.41400000000000003,0.8006654212663495,0.686112037545674,0.915434273398563,0.9360882586471259,343,0.10551894228870753,0.32935181461296303,0.022362872499551847,0.19746261794099468,0.3246164213884911,0.020687331269291842,0.2,0.4,False,False,0.0,0
biological_veto_capture,1835087705,36,343,0.9929566402305717,0.993733431174086,0.05694679834772108,0.9929566402305717,0.7815695326116203,0.4,0.8013501310792879,0.6994372510743633,0.9223317204253139,0.9463227944934405,346,0.2828851925746627,0.16074046472420922,0.055570102439284265,0.15755877470965093,0.29220437183303605,0.05104109371915671,0.0,0.4,False,False,0.0,0
biological_veto_capture,1835087705,37,346,0.991618186564226,0.9923900716674092,0.056986461840569824,0.991618186564226,0.7771711873790638,0.4,0.8012504163136939,0.707564422625976,0.9114424340482814,0.9688766186969645,346,0.22623792631663514,0.24817200589958238,0.09884858675019952,0.20287088687023666,0.20671942832749482,0.017151165835851568,0.0,0.4,False,False,0.0,0
biological_veto_capture,1835087705,38,346,0.9709731159653914,0.9919627859943586,0.030691304295394174,0.9709731159653914,0.7677334879551476,0.55,0.8023231501069058,0.7133192070146008,0.8879842829687038,1.001219537419268,350,0.20166256899904622,0.20699969310883015,0.0015364969370046588,0.35123656434666234,0.13843046162625242,0.10013421498220419,1.0,0.2,False,False,0.0,0
biological_veto_capture,1835087705,39,350,0.9866141999159594,0.9886657011144893,0.04917562731069266,0.9866141999159594,0.7969932389765051,0.42400000000000004,0.794904865116133,0.7220596095465249,0.8991858546718334,1.0102024811951686,357,0.24257953603317697,0.15715594681121492,0.06763775965334844,0.16689227821008015,0.3023956075165283,0.06333887177565126,0.8,0.2,False,False,0.0,0
biological_veto_capture,1835087705,40,357,0.9917199104990129,0.9917205634635874,0.11329916242368482,0.9917199104990129,0.8129953063549858,0.126,0.7944451713353672,0.7162269189729746,0.9077337115441331,0.9931806400752485,357,0.06587862379719978,0.2180173942608612,0.019421924825054164,0.36045224966447675,0.2923322116974149,0.04389759575499325,0.6,0.0,False,False,0.0,0
biological_veto_capture,1835087705,41,357,0.9904464558463024,0.9928569869589234,0.0479255380553186,0.9904464558463024,0.8168292721106484,0.42400000000000004,0.794247529613836,0.7110657134571648,0.9169603403897197,0.9763450147454387,360,0.07062675541048632,0.1710164714772277,0.0759922829964742,0.20215151717048355,0.30561587389808526,0.17459709904724302,0.8,0.2,False,False,0.0,0
biological_veto_capture,1835087705,42,360,0.9898632133775285,0.9915796293197693,0.050618601476470564,0.9898632133775285,0.8172809900958645,0.41400000000000003,0.7966990453148919,0.7026171106957014,0.9252643063507477,0.9531442149268882,357,0.02630853639243579,0.20771717938399606,0.1376970373193183,0.2581744478108323,0.35403163020083406,0.016071168892583546,0.2,0.4,False,False,0.0,0
biological_veto_capture,1835087705,43,357,0.9918632125006409,0.9918672786140489,0.09874199956528837,0.9918632125006409,0.8259226825034395,0.21400000000000002,0.7911843638883301,0.6958500923217454,0.9246273346903058,0.9511987374012483,362,0.04204796451036379,0.19678364259087827,0.05337264400918906,0.3291013673792954,0.25944729487316404,0.11924708663710938,0.2,0.2,False,False,0.0,0
biological_veto_capture,1835087705,44,362,0.9904462853465239,0.9919395250227508,0.051730251493004684,0.9904462853465239,0.8329431353927491,0.41400000000000003,0.78450931211156,0.6936931745209478,0.9321646012212752,0.9485860021407221,363,0.09544483519112025,0.1538230055212935,0.017264799917125293,0.36862626583823443,0.30352323787217894,0.061317855660047514,0.2,0.4,False,False,0.0,0
biological_veto_capture,1835087705,45,363,0.992499707764128,0.9925078587196225,0.09321132412411509,0.992499707764128,0.8264487495720972,0.21400000000000002,0.7870572063368664,0.6973194578308314,0.9167141446383954,0.9664770632838512,359,0.1663867754491365,0.22501084189014303,0.09365136628203823,0.31306478503919394,0.18883001769623842,0.013056213643249782,0.2,0.2,False,False,0.0,0
biological_veto_capture,1835087705,46,359,0.9946918349096528,0.994841265055574,0.07007659515478053,0.9946918349096528,0.8548152164740271,0.326,0.7821630028365348,0.6923449322698827,0.9250427301745558,0.9568931678234078,369,0.06114309163241172,0.1975117394782539,0.11259661137136963,0.2807849615251681,0.3141174395827303,0.03384615641006641,0.6,0.2,False,False,0.0,0
biological_veto_capture,1835087705,47,369,0.990285523176802,0.9902920129411915,0.0950077050016708,0.990285523176802,0.8432719575711983,0.21400000000000002,0.7910058443229677,0.6952062937771266,0.9088292850122696,0.967056147654187,366,0.15598260150922622,0.2774200881219229,0.11530899786999563,0.24643057341932814,0.18145413927584628,0.023403599803680855,0.2,0.2,False,False,0.0,0
biological_veto_capture,1835087705,48,366,0.9932499318477457,0.9932675031923746,0.08710300788711632,0.9932499318477457,0.8466021169949818,0.256,0.7899119555073502,0.6855142393987514,0.8998348081045738,0.9644395337580168,373,0.0008532538810143867,0.18352523767491752,0.16593858468718886,0.37634320353765527,0.2094422579676562,0.06389746225156774,0.4,0.2,False,False,0.0,0
biological_veto_capture,1835087705,49,373,0.9871664522535141,0.9902004861126633,0.04607302851277673,0.9871664522535141,0.8630595010027466,0.456,0.7949297552606381,0.6936882357211267,0.9098513272941164,0.9591027646913172,371,0.21812135365391092,0.18217534251144732,0.005154475517771879,0.2510003405717443,0.3435291308532682,1.9356891857520543e-05,0.4,0.4,False,False,0.0,0
biological_veto_capture,1835087705,50,371,0.9895040607755715,0.9895040700058674,0.14718356400393556,0.9895040607755715,0.8511181260371019,0.0,0.7999478721497898,0.6928423458920372,0.9044054834603095,0.9576560334149059,363,0.11048152446208527,0.1861203979296238,0.03742754400725762,0.33144372306638564,0.2276964444780234,0.10683036605662435,0.0,0.0,True,False,0.0,0
biological_veto_capture,1835087705,51,363,0.9910411977576777,0.9910412082187965,0.14619952314472984,0.9910411977576777,1.0494122322920403,0.014000000000000002,0.7987287704970424,0.6847378543354896,0.9104057382544615,0.9416511108199132,359,0.019220321725678724,0.2996000036126229,0.003341201788988648,0.28767617923262967,0.2822040157009146,0.10795827793916546,0.2,0.0,True,False,0.0,0
biological_veto_capture,1835087705,52,359,0.9888289001834829,0.9897890523874798,0.05522823638730897,0.9888289001834829,1.0785512078849349,0.4,0.8007452749648374,0.6820253941685279,0.9193651644290153,0.9264417466038356,351,0.08155540687265961,0.20298422422482784,0.03440307443354118,0.2664985603342965,0.30262435550576516,0.11193437862890986,0.0,0.4,True,False,0.0,0
biological_veto_capture,1835087705,53,351,0.9932257006887041,0.9932334304419124,0.0936394886376426,0.9932257006887041,1.1200469656688774,0.256,0.7993824509615733,0.6753622267905003,0.9274286479861138,0.9109649130756575,351,0.030476279129984712,0.27723229175210556,0.1243456743423664,0.23922594586008028,0.3181613924286855,0.010558416486777527,0.4,0.2,True,False,0.0,0
biological_veto_capture,1835087705,54,351,0.9902341015149038,0.9912689829789995,0.054643518949489864,0.9902341015149038,1.1310047580399385,0.4,0.798159204832715,0.6706021176097268,0.9346857831875024,0.8988966397345893,353,0.0501000269843939,0.207974484882948,0.12805723899605592,0.15572835097102,0.3503739855369879,0.10776591262859425,0.0,0.4,True,False,0.0,0
biological_veto_capture,1835087705,55,353,0.8965547669581861,0.9910996376071441,0.018704110771780625,0.8965547669581861,1.0641192941816466,0.656,0.7981820329875966,0.662081909978827,0.9412172048687522,0.8812921810314918,351,0.00012372811983208577,0.30370410353517635,0.012874905743073558,0.35033261093264517,0.3323050668754438,0.0006595847938289979,0.4,0.6,True,False,0.0,0
biological_veto_capture,1835087705,56,351,0.9896811411302813,0.9896811440322735,0.15639554037338088,0.9896811411302813,1.1774092125284759,0.014000000000000002,0.7988930165859665,0.6551776655264409,0.947095484381877,0.8659178523551635,352,0.014998138081939645,0.43463997476156685,0.0009356078748218815,0.10950704256225877,0.39465555181401457,0.04526368490539836,0.2,0.0,True,False,0.0,0
biological_veto_capture,1835087705,57,352,0.989543111479885,0.990471908717357,0.05549801148437469,0.989543111479885,1.2369883051681483,0.41400000000000003,0.7986710776568826,0.6483926137607036,0.9503262370906097,0.8542743795132748,362,0.012172893882309433,0.310813185232646,0.13617000877710597,0.23043473025414168,0.2897015057346022,0.020707676119194753,0.2,0.4,True,False,0.0,0
biological_veto_capture,1835087705,58,362,0.9888195761192611,0.9888245683370763,0.09708419431227118,0.9888195761192611,1.2282131849827718,0.2,0.7982007710308151,0.6453851575521229,0.9502432649624888,0.8508872777826058,364,0.05515218099318073,0.28461375940420713,0.03587532859273238,0.15900127838079964,0.2747482579047,0.19060919472438018,0.0,0.2,True,False,0.0,0
biological_veto_capture,1835087705,59,364,0.9904872886599216,0.9918191443822146,0.05263971730686179,0.9904872886599216,1.2443186796302272,0.41400000000000003,0.7976913335352054,0.6390897311851015,0.9531592396131603,0.840546034439635,361,0.012172893882309433,0.310813185232646,0.13617000877710597,0.23043473025414168,0.2897015057346022,0.020707676119194753,0.2,0.4,True,False,0.0,0
biological_veto_capture,1835087705,60,361,0.9924282060104697,0.994046486474986,0.051107023194162014,0.9924282060104697,1.2619473800733734,0.41400000000000003,0.7988777991467071,0.6331090761364312,0.9557836167987647,0.8291605010675891,357,0.012172893882309433,0.310813185232646,0.13617000877710597,0.23043473025414168,0.2897015057346022,0.020707676119194753,0.2,0.4,True,False,0.0,0
biological_veto_capture,1835087705,61,357,0.9896151166410786,0.990736641306471,0.05399923565535281,0.9896151166410786,1.2828304888529392,0.41400000000000003,0.798578741215754,0.6274274538401944,0.9581455562658087,0.8200008137130418,358,0.012172893882309433,0.310813185232646,0.13617000877710597,0.23043473025414168,0.2897015057346022,0.020707676119194753,0.2,0.4,True,False,0.0,0
biological_veto_capture,1835087705,62,358,0.9890919726528996,0.9904002093832053,0.052770750993153995,0.9890919726528996,1.3106608772495942,0.41400000000000003,0.797919557411391,0.6220299126587694,0.9602713017861483,0.8118171279838149,361,0.012172893882309433,0.310813185232646,0.13617000877710597,0.23043473025414168,0.2897015057346022,0.020707676119194753,0.2,0.4,True,False,0.0,0
biological_veto_capture,1835087705,63,361,0.990908079969476,0.9921444712119826,0.05323436959664664,0.990908079969476,1.3319553403882787,0.41400000000000003,0.8021836817844239,0.6169022485364157,0.9621844727544538,0.7992528356861504,356,0.012172893882309433,0.310813185232646,0.13617000877710597,0.23043473025414168,0.2897015057346022,0.020707676119194753,0.2,0.4,True,False,0.0,0
biological_veto_capture,1835087705,64,356,0.9895103901036857,0.9909048148912981,0.05226693873073813,0.9895103901036857,1.3648292136602556,0.41400000000000003,0.804436167524821,0.6120309676201797,0.9639063266259289,0.7893088605952161,358,0.012172893882309433,0.310813185232646,0.13617000877710597,0.23043473025414168,0.2897015057346022,0.020707676119194753,0.2,0.4,True,False,0.0,0
biological_veto_capture,1835087705,65,358,0.990859615299852,0.9929340005236098,0.049121617602946574,0.990859615299852,1.3682022614513571,0.41400000000000003,0.8073061120703865,0.6074032507497555,0.9654559951102565,0.7793030710118787,351,0.012172893882309433,0.310813185232646,0.13617000877710597,0.23043473025414168,0.2897015057346022,0.020707676119194753,0.2,0.4,True,False,0.0,0
biological_veto_capture,1835087705,66,351,0.9898401775856239,0.9909580837332903,0.054026738759593976,0.9898401775856239,1.3844652098503583,0.41400000000000003,0.8107465182651706,0.6030069197228525,0.9668506967461513,0.76926821610904,348,0.012172893882309433,0.310813185232646,0.13617000877710597,0.23043473025414168,0.2897015057346022,0.020707676119194753,0.2,0.4,True,False,0.0,0
biological_veto_capture,1835087705,67,348,0.991223444500614,0.9922849291929239,0.05444963286576801,0.991223444500614,1.406265978992911,0.41400000000000003,0.8122301323946621,0.5988304052472946,0.9681059282184566,0.7615560395505533,348,0.012172893882309433,0.310813185232646,0.13617000877710597,0.23043473025414168,0.2897015057346022,0.020707676119194753,0.2,0.4,True,False,0.0,0
biological_veto_capture,1835087705,68,348,0.9895753130468778,0.9908692948223797,0.05286173171345969,0.9895753130468778,1.4244195197104819,0.41400000000000003,0.8169142408784036,0.5948627164955146,0.9692356365435314,0.7512957105494028,345,0.012172893882309433,0.310813185232646,0.13617000877710597,0.23043473025414168,0.2897015057346022,0.020707676119194753,0.2,0.4,True,False,0.0,0
biological_veto_capture,1835087705,69,345,0.9905315969985369,0.991252472297475,0.05752155847329439,0.9905315969985369,1.4501623114556215,0.41400000000000003,0.8125309446295693,0.5910934121813236,0.9702523740360987,0.7497759319287215,353,0.012172893882309433,0.310813185232646,0.13617000877710597,0.23043473025414168,0.2897015057346022,0.020707676119194753,0.2,0.4,True,False,0.0,0
biological_veto_capture,1835087705,70,353,0.9893228892927689,0.9902955365326329,0.055129387607436305,0.9893228892927689,1.4516368439953125,0.41400000000000003,0.8101015594277275,0.5875125730828422,0.9711674377794093,0.7467643630617516,356,0.012172893882309433,0.310813185232646,0.13617000877710597,0.23043473025414168,0.2897015057346022,0.020707676119194753,0.2,0.4,True,False,0.0,0
biological_veto_capture,1835087705,71,356,0.9931415715999065,0.9931556214042202,0.08888246923274225,0.9931415715999065,1.5150227413782582,0.256,0.8040370785133758,0.5940187792699481,0.9709723778522273,0.7608818467671633,373,0.1360229355155997,0.2061409568906703,0.052807183062202334,0.26711884854035045,0.2846084192537951,0.053301656737382165,0.4,0.2,True,False,0.0,0
biological_veto_capture,1835087705,72,373,0.9935865351249729,0.9936059546291874,0.08630964459655274,0.9935865351249729,1.4972836571136714,0.256,0.805027893711415,0.6001996751476987,0.9707968239177637,0.7679916188290554,366,0.1360229355155997,0.2061409568906703,0.052807183062202334,0.26711884854035045,0.2846084192537951,0.053301656737382165,0.4,0.2,True,False,0.0,0
biological_veto_capture,1835087705,73,366,0.9899334464618584,0.9899581163500628,0.08437547744387548,0.9899334464618584,1.5432541090942882,0.256,0.8046694887343641,0.6060715262315617,0.9706388253767463,0.7759767120239921,378,0.1360229355155997,0.2061409568906703,0.052807183062202334,0.26711884854035045,0.2846084192537951,0.053301656737382165,0.4,0.2,True,False,0.0,0
biological_veto_capture,1835087705,74,378,0.9927956805177277,0.9928186694052534,0.08496020746721965,0.9927956805177277,1.5294393928912284,0.256,0.8027897504158172,0.6116497847612316,0.9704966266898307,0.7850674622463875,375,0.1360229355155997,0.2061409568906703,0.052807183062202334,0.26711884854035045,0.2846084192537951,0.053301656737382165,0.4,0.2,True,False,0.0,0
biological_veto_capture,1835087705,75,375,0.9924241132817226,0.9924477636101163,0.08473143721493853,0.9924241132817226,1.5116554242353006,0.256,0.8021484608576838,0.6169491303644179,0.9703686478716067,0.7926068943073857,371,0.1360229355155997,0.2061409568906703,0.052807183062202334,0.26711884854035045,0.2846084192537951,0.053301656737382165,0.4,0.2,True,False,0.0,0
biological_veto_capture,1835087705,76,371,0.9921080705208442,0.9921178793456756,0.09173440930683356,0.9921080705208442,1.5238470470525727,0.256,0.7994874305487953,0.621983508687445,0.9702534669352051,0.8018294929812182,377,0.1360229355155997,0.2061409568906703,0.052807183062202334,0.26711884854035045,0.2846084192537951,0.053301656737382165,0.4,0.2,True,False,0.0,0
biological_veto_capture,1835087705,77,377,0.9928751473542129,0.9928929066473792,0.08701531400791081,0.9928751473542129,1.5400854881712451,0.256,0.7991189119856338,0.6267661680943207,0.9701498040924436,0.80845404202965,381,0.1360229355155997,0.2061409568906703,0.052807183062202334,0.26711884854035045,0.2846084192537951,0.053301656737382165,0.4,0.2,True,False,0.0,0
biological_veto_capture,1835087705,78,381,0.9925698546585029,0.9926005278339066,0.0826629513002922,0.9925698546585029,1.557964067063223,0.256,0.7948303098475034,0.6313096945308527,0.9700565075339582,0.818787125093636,391,0.1360229355155997,0.2061409568906703,0.052807183062202334,0.26711884854035045,0.2846084192537951,0.053301656737382165,0.4,0.2,True,False,0.0,0
biological_veto_capture,1835087705,79,391,0.9906059058855091,0.9906248321355112,0.08649052352081339,0.9906059058855091,1.5647463370677654,0.256,0.7952742036268744,0.635626044645558,0.9699725406313214,0.8239964654361737,393,0.1360229355155997,0.2061409568906703,0.052807183062202334,0.26711884854035045,0.2846084192537951,0.053301656737382165,0.4,0.2,True,False,0.0,0
biological_veto_capture,1835087705,80,393,0.9936451892771173,0.9936685020953019,0.08485563767977186,0.9936451892771173,1.5944162730849305,0.256,0.7955953134529585,0.6397265772545281,0.9698969704189483,0.8290420800165802,399,0.1360229355155997,0.2061409568906703,0.052807183062202334,0.26711884854035045,0.2846084192537951,0.053301656737382165,0.4,0.2,True,False,0.0,0
biological_veto_capture,1835087705,81,399,0.9923363589490637,0.9923952421119696,0.07747000916313512,0.9923363589490637,1.5952341581680751,0.256,0.7963542499900993,0.6436220832330497,0.9698289572278125,0.8333539291190195,399,0.1360229355155997,0.2061409568906703,0.052807183062202334,0.26711884854035045,0.2846084192537951,0.053301656737382165,0.4,0.2,True,False,0.0,0
biological_veto_capture,1835087705,82,399,0.9908109470188554,0.9908399337383796,0.08309896787790985,0.9908109470188554,1.6070248911447327,0.256,0.7948259719514442,0.6473228139126452,0.9697677453557902,0.8398101673832612,405,0.1360229355155997,0.2061409568906703,0.052807183062202334,0.26711884854035045,0.2846084192537951,0.053301656737382165,0.4,0.2,True,False,0.0,0
biological_veto_capture,1835087705,83,405,0.9933151388156297,0.9933354089486176,0.08596622378146174,0.9933151388156297,1.6311949575109579,0.256,0.7958963325758039,0.6508385080582609,0.9697126546709702,0.8432836385365389,409,0.1360229355155997,0.2061409568906703,0.052807183062202334,0.26711884854035045,0.2846084192537951,0.053301656737382165,0.4,0.2,True,False,0.0,0
biological_veto_capture,1835087705,84,409,0.9918957346362345,0.9919195090371127,0.08468554878217079,0.9918957346362345,1.6243125047972307,0.256,0.7968566555116459,0.6541784174965959,0.9696630730546323,0.8466329184944422,407,0.1360229355155997,0.2061409568906703,0.052807183062202334,0.26711884854035045,0.2846084192537951,0.053301656737382165,0.4,0.2,True,False,0.0,0
biological_veto_capture,1835087705,85,407,0.9926186462478336,0.9926456347876789,0.08368201302339554,0.9926186462478336,1.6272499631928778,0.256,0.796813050517648,0.657351331463014,0.969618449599928,0.8508249911663642,408,0.1360229355155997,0.2061409568906703,0.052807183062202334,0.26711884854035045,0.2846084192537951,0.053301656737382165,0.4,0.2,True,False,0.0,0
biological_veto_capture,1835087705,86,408,0.9940314748267672,0.9940653264557763,0.08188983709881008,0.9940314748267672,1.6180298050939992,0.256,0.8009472721542444,0.6603655997311113,0.9695782884906943,0.850349837545157,400,0.1360229355155997,0.2061409568906703,0.052807183062202334,0.26711884854035045,0.2846084192537951,0.053301656737382165,0.4,0.2,True,False,0.0,0
biological_veto_capture,1835087705,87,400,0.9903539454720548,0.9903700384108854,0.08777935530293911,0.9903539454720548,1.6323635971213497,0.256,0.7991879338111366,0.6632291545858037,0.9695421434923839,0.8559492173546691,408,0.1360229355155997,0.2061409568906703,0.052807183062202334,0.26711884854035045,0.2846084192537951,0.053301656737382165,0.4,0.2,True,False,0.0,0
biological_veto_capture,1835087705,88,408,0.9921170798967294,0.9921461042998097,0.08309911270076359,0.9921170798967294,1.6381264879975073,0.256,0.8022838014882554,0.6659495316977615,0.9695096129939045,0.8561723033888998,405,0.1360229355155997,0.2061409568906703,0.052807183062202334,0.26711884854035045,0.2846084192537951,0.053301656737382165,0.4,0.2,True,False,0.0,0
biological_veto_capture,1835087705,89,405,0.9916068302757739,0.9916189791776997,0.09002729715219786,0.9916068302757739,1.6666014944108893,0.256,0.8035887671235569,0.6685338899541214,0.969480335545273,0.8581250224658029,411,0.1360229355155997,0.2061409568906703,0.052807183062202334,0.26711884854035045,0.2846084192537951,0.053301656737382165,0.4,0.2,True,False,0.0,0
biological_veto_capture,1835087705,90,411,0.9931573007798944,0.9931641168580368,0.09464025229456102,0.9931573007798944,1.6846781502854915,0.256,0.8045740743616373,0.6709890302976633,0.9694539858415048,0.8602450559824527,414,0.1360229355155997,0.2061409568906703,0.052807183062202334,0.26711884854035045,0.2846084192537951,0.053301656737382165,0.4,0.2,True,False,0.0,0
biological_veto_capture,1835087705,91,414,0.9926219248865398,0.9926372070433374,0.0882090502258055,0.9926219248865398,1.6940254935105215,0.256,0.8096651015613968,0.6733214136240281,0.9694302711081133,0.8578284177019215,410,0.1360229355155997,0.2061409568906703,0.052807183062202334,0.26711884854035045,0.2846084192537951,0.053301656737382165,0.4,0.2,True,False,0.0,0
biological_veto_capture,1835087705,92,410,0.9932432552201078,0.9932682964773666,0.08428311529082654,0.9932432552201078,1.7065445009483666,0.256,0.8106232874671085,0.6755371777840746,0.969408927848061,0.8596529624632393,412,0.1360229355155997,0.2061409568906703,0.052807183062202334,0.26711884854035045,0.2846084192537951,0.053301656737382165,0.4,0.2,True,False,0.0,0
biological_veto_capture,1835087705,93,412,0.9921840219727949,0.9921994684665579,0.08812039732689475,0.9921840219727949,1.7423674564669653,0.256,0.8075860727917086,0.6776421537361189,0.9693897189140139,0.8655919004311222,426,0.1360229355155997,0.2061409568906703,0.052807183062202334,0.26711884854035045,0.2846084192537951,0.053301656737382165,0.4,0.2,True,False,0.0,0
biological_veto_capture,1835087705,94,426,0.9945410600905483,0.9945562181728145,0.08828931509835503,0.9945410600905483,1.7373499170234523,0.256,0.8092179155680994,0.679641880890561,0.9693724308733715,0.8664110444490117,422,0.1360229355155997,0.2061409568906703,0.052807183062202334,0.26711884854035045,0.2846084192537951,0.053301656737382165,0.4,0.2,True,False,0.0,0
biological_veto_capture,1835087705,95,422,0.9938721919050165,0.9938843035850715,0.09006988652711766,0.9938721919050165,1.7350365903349598,0.256,0.8059410621913142,0.6815416216872809,0.9693568716367934,0.8723794097517358,427,0.1360229355155997,0.2061409568906703,0.052807183062202334,0.26711884854035045,0.2846084192537951,0.053301656737382165,0.4,0.2,True,False,0.0,0
biological_veto_capture,1835087705,96,427,0.994421028791515,0.9944338356666056,0.08963001993503726,0.994421028791515,1.717615367381747,0.256,0.7991627160209871,0.6833463754441649,0.9693428683238731,0.8821212039913677,433,0.1360229355155997,0.2061409568906703,0.052807183062202334,0.26711884854035045,0.2846084192537951,0.053301656737382165,0.4,0.2,True,False,0.0,0
biological_veto_capture,1835087705,97,433,0.9927883532062555,0.9928327836919765,0.0797153086168216,0.9927883532062555,1.7120165531636022,0.256,0.7984118172194086,0.6850608915132046,0.9693302653422448,0.8851776630362094,434,0.1360229355155997,0.2061409568906703,0.052807183062202334,0.26711884854035045,0.2846084192537951,0.053301656737382165,0.4,0.2,True,False,0.0,0
biological_veto_capture,1835087705,98,434,0.9921645251566787,0.9921961470784559,0.08241722714353733,0.9921645251566787,1.7256619630891885,0.256,0.8025979481604535,0.6866896817787923,0.9693189226587793,0.8826647553886726,432,0.1360229355155997,0.2061409568906703,0.052807183062202334,0.26711884854035045,0.2846084192537951,0.053301656737382165,0.4,0.2,True,False,0.0,0
biological_veto_capture,1835087705,99,432,0.9926567575202221,0.9926694830320474,0.08966661682107595,0.9926567575202221,1.7150708480038652,0.256,0.8044081657274066,0.6882370325311007,0.9693087142436604,0.882672202174067,427,0.1360229355155997,0.2061409568906703,0.052807183062202334,0.26711884854035045,0.2846084192537951,0.053301656737382165,0.4,0.2,True,False,0.0,0
biological_veto_capture,1835087705,100,427,0.9925523529578928,0.9925799699099538,0.08349826570043004,0.9925523529578928,1.7057381802342912,0.256,0.7978552776353774,0.6897070157457936,0.9692995266700534,0.8918309107637689,435,0.1360229355155997,0.2061409568906703,0.052807183062202334,0.26711884854035045,0.2846084192537951,0.053301656737382165,0.4,0.2,True,False,0.0,0
biological_veto_capture,1835087705,101,435,0.9947233633625414,0.994748311358765,0.08432466834766525,0.9947233633625414,1.7102752124783973,0.256,0.7950700136179328,0.6911034997997519,0.9692912578538071,0.896774854747007,440,0.1360229355155997,0.2061409568906703,0.052807183062202334,0.26711884854035045,0.2846084192537951,0.053301656737382165,0.4,0.2,True,False,0.0,0
biological_veto_capture,1835087705,102,440,0.9933446301261535,0.9933666217603613,0.08531761956142246,0.9933446301261535,1.6997015261389468,0.256,0.7902098101990458,0.6924301596510123,0.9692838159191854,0.9040294895366335,446,0.1360229355155997,0.2061409568906703,0.052807183062202334,0.26711884854035045,0.2846084192537951,0.053301656737382165,0.4,0.2,True,False,0.0,0
biological_veto_capture,1835087705,103,446,0.9947286418601551,0.9947591716699071,0.08271753597403536,0.9947286418601551,1.7107114736035665,0.256,0.7951527094191349,0.6936904865097097,0.969277118178026,0.9000512408030693,441,0.1360229355155997,0.2061409568906703,0.052807183062202334,0.26711884854035045,0.2846084192537951,0.053301656737382165,0.4,0.2,True,False,0.0,0
biological_veto_capture,1835087705,104,441,0.9942308163302067,0.9942534261224106,0.08510406149498012,0.9942308163302067,1.7316861724848749,0.256,0.7977867261296868,0.6948877970254721,0.9692710902109825,0.8986335308660465,443,0.1360229355155997,0.2061409568906703,0.052807183062202334,0.26711884854035045,0.2846084192537951,0.053301656737382165,0.4,0.2,True,False,0.0,0
biological_veto_capture,1835087705,105,443,0.9929030582179663,0.9929202909656978,0.08725511131444204,0.9929030582179663,1.7294727985753284,0.256,0.7974602530911288,0.6960252420154465,0.9692656650406433,0.9004780170935027,444,0.1360229355155997,0.2061409568906703,0.052807183062202334,0.26711884854035045,0.2846084192537951,0.053301656737382165,0.4,0.2,True,False,0.0,0
biological_veto_capture,1835087705,106,444,0.9924496108038908,0.9924694268132598,0.08613964343765626,0.9924496108038908,1.7697274794417528,0.256,0.8025342452123632,0.6971058147559221,0.9692607823873379,0.8961784387732847,447,0.1360229355155997,0.2061409568906703,0.052807183062202334,0.26711884854035045,0.2846084192537951,0.053301656737382165,0.4,0.2,True,False,0.0,0
biological_veto_capture,1835087705,107,447,0.9916883310837742,0.9917019570315232,0.08911464723131679,0.9916883310837742,1.7851398257086841,0.256,0.8042414837923642,0.698132358859374,0.9692563879993632,0.8955969904748771,449,0.1360229355155997,0.2061409568906703,0.052807183062202334,0.26711884854035045,0.2846084192537951,0.053301656737382165,0.4,0.2,True,False,0.0,0
biological_veto_capture,1835087705,108,449,0.9933650983020691,0.9933916638970991,0.0838137255271536,0.9933650983020691,1.7857710999752208,0.256,0.7990653136066003,0.6991075757576533,0.9692524330501859,0.9026613130578066,457,0.1360229355155997,0.2061409568906703,0.052807183062202334,0.26711884854035045,0.2846084192537951,0.053301656737382165,0.4,0.2,True,False,0.0,0
biological_veto_capture,1835087705,109,457,0.9941776202506308,0.9941963718828318,0.08659295300824293,0.9941776202506308,1.7975629390178358,0.256,0.8009657660876394,0.7000340318110185,0.9692488735959264,0.9017162457093088,457,0.1360229355155997,0.2061409568906703,0.052807183062202334,0.26711884854035045,0.2846084192537951,0.053301656737382165,0.4,0.2,True,False,0.0,0
biological_veto_capture,1835087705,110,457,0.9905126804563565,0.9905264344748218,0.08903073850849216,0.9905126804563565,1.7861569591319286,0.256,0.8042323118067815,0.7009141650617156,0.9692456700870927,0.8991858199169759,451,0.1360229355155997,0.2061409568906703,0.052807183062202334,0.26711884854035045,0.2846084192537951,0.053301656737382165,0.4,0.2,True,False,0.0,0
biological_veto_capture,1835087705,111,451,0.9888852266200353,0.9889071858195352,0.08529355333380177,0.9888852266200353,1.7607531560627485,0.256,0.8079306174235655,0.7017502916498778,0.9692427869291425,0.8961401954643805,440,0.1360229355155997,0.2061409568906703,0.052807183062202334,0.26711884854035045,0.2846084192537951,0.053301656737382165,0.4,0.2,True,False,0.0,0
biological_veto_capture,1835087705,112,440,0.993316801902784,0.9933274017108031,0.0911267767697122,0.993316801902784,1.7588072547810856,0.256,0.8065442596621587,0.7025446119086318,0.9692401920869872,0.8986990606924359,440,0.1360229355155997,0.2061409568906703,0.052807183062202334,0.26711884854035045,0.2846084192537951,0.053301656737382165,0.4,0.2,True,False,0.0,0
biological_veto_capture,1835087705,113,440,0.9936820373734797,0.9936929036313252,0.09093208449266708,0.9936820373734797,1.7800900298220748,0.256,0.8042904767426421,0.7032992161544482,0.9692378567290475,0.9021875681468673,449,0.1360229355155997,0.2061409568906703,0.052807183062202334,0.26711884854035045,0.2846084192537951,0.053301656737382165,0.4,0.2,True,False,0.0,0
biological_veto_capture,1835087705,114,449,0.9923625463280293,0.9923734149904483,0.09091974630002525,0.9923625463280293,1.8007184599616735,0.256,0.8062758215568907,0.7040160901879738,0.9692357549069017,0.9008853441281501,452,0.1360229355155997,0.2061409568906703,0.052807183062202334,0.26711884854035045,0.2846084192537951,0.053301656737382165,0.4,0.2,True,False,0.0,0
biological_veto_capture,1835087705,115,452,0.9928620195334148,0.9928782573274832,0.08772816014233284,0.9928620195334148,1.8134891047048238,0.256,0.8002436975230797,0.7046971205198231,0.9692338632669706,0.9085559048396986,465,0.1360229355155997,0.2061409568906703,0.052807183062202334,0.26711884854035045,0.2846084192537951,0.053301656737382165,0.4,0.2,True,False,0.0,0
biological_veto_capture,1835087705,116,465,0.9913301962173258,0.9913615386470966,0.08248119683006802,0.9913301962173258,1.822766820076094,0.256,0.801103463456742,0.7053440993350799,0.9692321607910326,0.9084156589817789,467,0.1360229355155997,0.2061409568906703,0.052807183062202334,0.26711884854035045,0.2846084192537951,0.053301656737382165,0.4,0.2,True,False,0.0,0
biological_veto_capture,1835087705,117,467,0.9926103776777622,0.9926285861636416,0.08681436149433917,0.9926103776777622,1.8330254065209417,0.256,0.8049742365871072,0.7059587292095739,0.9692306285626884,0.9048366892307638,463,0.1360229355155997,0.2061409568906703,0.052807183062202334,0.26711884854035045,0.2846084192537951,0.053301656737382165,0.4,0.2,True,False,0.0,0
biological_veto_capture,1835087705,118,463,0.9922121915287038,0.9922210763964966,0.09252275048230078,0.9922121915287038,1.8533682878322095,0.256,0.8071935903323868,0.7065426275903433,0.9692292495571786,0.9030964863657631,465,0.1360229355155997,0.2061409568906703,0.052807183062202334,0.26711884854035045,0.2846084192537951,0.053301656737382165,0.4,0.2,True,False,0.0,0
biological_veto_capture,1835087705,119,465,0.9946975199631185,0.9947054636393963,0.09343397323088679,0.9946975199631185,1.8329659797089823,0.256,0.8078185082607241,0.7070973310520741,0.9692280084522198,0.9031074875961094,458,0.1360229355155997,0.2061409568906703,0.052807183062202334,0.26711884854035045,0.2846084192537951,0.053301656737382165,0.4,0.2,True,False,0.0,0
biological_veto_capture,1835087705,120,458,0.9935102980372655,0.9935404157160406,0.08281596479352404,0.9935102980372655,1.8242773661965987,0.256,0.8069536309877404,0.7076242993407184,0.9692268914577569,0.9047502307218808,458,0.1360229355155997,0.2061409568906703,0.052807183062202334,0.26711884854035045,0.2846084192537951,0.053301656737382165,0.4,0.2,True,False,0.0,0
biological_veto_capture,1835087705,121,458,0.9958022698354319,0.9958127983688284,0.09120037418029156,0.9958022698354319,1.8376683733382757,0.256,0.8142948808937511,0.7081249192149304,0.9692258861627402,0.897228723148027,449,0.1360229355155997,0.2061409568906703,0.052807183062202334,0.26711884854035045,0.2846084192537951,0.053301656737382165,0.4,0.2,True,False,0.0,0
biological_veto_capture,1835087705,122,449,0.9931581438879893,0.9931783476272605,0.08599108065944273,0.9931581438879893,1.850634011799766,0.256,0.8153216645458364,0.7086005080954318,0.9692249813972252,0.8967014614368949,452,0.1360229355155997,0.2061409568906703,0.052807183062202334,0.26711884854035045,0.2846084192537951,0.053301656737382165,0.4,0.2,True,False,0.0,0
biological_veto_capture,1835087705,123,452,0.9932473904351067,0.9932590472942027,0.09036955317139013,0.9932473904351067,1.8502876638549035,0.256,0.8199524958417401,0.7090523175319082,0.9692241671082618,0.8922064410415981,445,0.1360229355155997,0.2061409568906703,0.052807183062202334,0.26711884854035045,0.2846084192537951,0.053301656737382165,0.4,0.2,True,False,0.0,0
biological_veto_capture,1835087705,124,445,0.9946245643203716,0.994637380021425,0.08962616520420616,0.9946245643203716,1.8359312831973573,0.256,0.8207082114301538,0.7094815364965608,0.9692234342481946,0.8919251561258634,440,0.1360229355155997,0.2061409568906703,0.052807183062202334,0.26711884854035045,0.2846084192537951,0.053301656737382165,0.4,0.2,True,False,0.0,0
biological_veto_capture,1835087705,125,440,0.9948644343056691,0.9948691514102445,0.09758392287109363,0.9948644343056691,1.8386893338392023,0.256,0.8198674093393173,0.7098892945129807,0.9692227746741341,0.8933536027928015,442,0.1360229355155997,0.2061409568906703,0.052807183062202334,0.26711884854035045,0.2846084192537951,0.053301656737382165,0.4,0.2,True,False,0.0,0
biological_veto_capture,1835087705,126,442,0.9928491911350944,0.9928675288398344,0.08675998719460636,0.9928491911350944,1.822182812964512,0.256,0.8192638486304565,0.7102766646285796,0.9692221810574797,0.8945001355569393,440,0.1360229355155997,0.2061409568906703,0.052807183062202334,0.26711884854035045,0.2846084192537951,0.053301656737382165,0.4,0.2,True,False,0.0,0
biological_veto_capture,1835087705,127,440,0.9930149782225244,0.9930276318861252,0.08971455817385915,0.9930149782225244,1.825638215931156,0.256,0.8205536675445038,0.7106446662383986,0.9692216468024908,0.8935572947679766,439,0.1360229355155997,0.2061409568906703,0.052807183062202334,0.26711884854035045,0.2846084192537951,0.053301656737382165,0.4,0.2,True,False,0.0,0
biological_veto_capture,1835087705,128,439,0.9918050686835174,0.9918138021014297,0.09265633823919472,0.9918050686835174,1.810058774457882,0.256,0.8232354251118673,0.7109942677677267,0.9692211659730008,0.8910850533348633,432,0.1360229355155997,0.2061409568906703,0.052807183062202334,0.26711884854035045,0.2846084192537951,0.053301656737382165,0.4,0.2,True,False,0.0,0
biological_veto_capture,1835087705,129,432,0.9961260032375155,0.9961351171888506,0.09235145122042303,0.9961260032375155,1.8131509135893251,0.256,0.8281093270157758,0.7113263892205883,0.9692207332264597,0.8862546946660701,424,0.1360229355155997,0.2061409568906703,0.052807183062202334,0.26711884854035045,0.2846084192537951,0.053301656737382165,0.4,0.2,True,False,0.0,0
biological_veto_capture,1835087705,130,424,0.9956385047490212,0.9956487373962448,0.09142597031764874,0.9956385047490212,1.800332022393929,0.256,0.828354100581278,0.7116419046008069,0.9692203437545728,0.8863861582979532,421,0.1360229355155997,0.2061409568906703,0.052807183062202334,0.26711884854035045,0.2846084192537951,0.053301656737382165,0.4,0.2,True,False,0.0,0
biological_veto_capture,1835087705,131,421,0.9930267795739156,0.9930323165182392,0.09629362955885701,0.9930267795739156,1.7865398845500844,0.256,0.826229949101062,0.7119416442120146,0.9692199932298745,0.8890395874172988,422,0.1360229355155997,0.2061409568906703,0.052807183062202334,0.26711884854035045,0.2846084192537951,0.053301656737382165,0.4,0.2,True,False,0.0,0
biological_veto_capture,1835087705,132,422,0.9934019416698925,0.9934085567016087,0.09488053315874245,0.9934019416698925,1.80266924292123,0.256,0.8267721769187515,0.7122263968426618,0.9692196777576461,0.8888121642503658,425,0.1360229355155997,0.2061409568906703,0.052807183062202334,0.26711884854035045,0.2846084192537951,0.053301656737382165,0.4,0.2,True,False,0.0,0
biological_veto_capture,1835087705,133,425,0.9918744492990248,0.9918803629495857,0.09576045370601047,0.9918744492990248,1.7893148013488847,0.256,0.8244075012079247,0.7124969118417767,0.9692193938326404,0.8917003886446931,426,0.1360229355155997,0.2061409568906703,0.052807183062202334,0.26711884854035045,0.2846084192537951,0.053301656737382165,0.4,0.2,True,False,0.0,0
biological_veto_capture,1835087705,134,426,0.991314967568904,0.9913218293547627,0.0945722718730788,0.991314967568904,1.8102533243430905,0.256,0.8260243366820691,0.7127539010909358,0.9692191383001354,0.8902762318316435,429,0.1360229355155997,0.2061409568906703,0.052807183062202334,0.26711884854035045,0.2846084192537951,0.053301656737382165,0.4,0.2,True,False,0.0,0
biological_veto_capture,1835087705,135,429,0.9936719005871536,0.9936791375325016,0.09416745155042718,0.9936719005871536,1.8164241176478562,0.256,0.8306099889146408,0.7129980408776371,0.9692189083208809,0.88566464588035,423,0.1360229355155997,0.2061409568906703,0.052807183062202334,0.26711884854035045,0.2846084192537951,0.053301656737382165,0.4,0.2,True,False,0.0,0
biological_veto_capture,1835087705,136,423,0.9933103029332622,0.9933178484281527,0.09383221194836061,0.9933103029332622,1.7984088602627717,0.256,0.8257106705417648,0.7132299736750032,0.9692187013395518,0.8912096982307857,426,0.1360229355155997,0.2061409568906703,0.052807183062202334,0.26711884854035045,0.2846084192537951,0.053301656737382165,0.4,0.2,True,False,0.0,0
biological_veto_capture,1835087705,137,426,0.9926470906859157,0.9926621691932204,0.08831603920443806,0.9926470906859157,1.809474110031241,0.256,0.8222894151733098,0.713450309832501,0.9692185150563556,0.8951943430168492,434,0.1360229355155997,0.2061409568906703,0.052807183062202334,0.26711884854035045,0.2846084192537951,0.053301656737382165,0.4,0.2,True,False,0.0,0
biological_veto_capture,1835087705,138,434,0.9922885281625428,0.992309868949649,0.08554828353167365,0.9922885281625428,1.8203273954823387,0.256,0.8255955589406834,0.713659629182124,0.969218347401479,0.8918712307979032,432,0.1360229355155997,0.2061409568906703,0.052807183062202334,0.26711884854035045,0.2846084192537951,0.053301656737382165,0.4,0.2,True,False,0.0,0
biological_veto_capture,1835087705,139,432,0.9945456436121384,0.9945533935600119,0.09362929091842795,0.9945456436121384,1.8099756166726655,0.256,0.8199134224236861,0.7138584825642658,0.9692181965120902,0.8983024190506058,437,0.1360229355155997,0.2061409568906703,0.052807183062202334,0.26711884854035045,0.2846084192537951,0.053301656737382165,0.4,0.2,True,False,0.0,0
biological_veto_capture,1835087705,140,437,0.9938177382257577,0.9938230502227732,0.09663010906977654,0.9938177382257577,1.7847307239832957,0.256,0.8221758893085143,0.7140473932773005,0.9692180607116402,0.8960676589857486,428,0.1360229355155997,0.2061409568906703,0.052807183062202334,0.26711884854035045,0.2846084192537951,0.053301656737382165,0.4,0.2,True,False,0.0,0
biological_veto_capture,1835087705,141,428,0.9950632127130685,0.9950743475719113,0.09074877192913303,0.9950632127130685,1.8070916531289527,0.256,0.8221104158097307,0.7142268584546835,0.9692179384912352,0.8963643667253723,433,0.1360229355155997,0.2061409568906703,0.052807183062202334,0.26711884854035045,0.2846084192537951,0.053301656737382165,0.4,0.2,True,False,0.0,0
biological_veto_capture,1835087705,142,433,0.9922072329854454,0.9922227601638672,0.08807911300486714,0.9922072329854454,1.79547774849959,0.256,0.8184200206351397,0.7143973503731973,0.9692178284928706,0.900621262925564,437,0.1360229355155997,0.2061409568906703,0.052807183062202334,0.26711884854035045,0.2846084192537951,0.053301656737382165,0.4,0.2,True,False,0.0,0
biological_veto_capture,1835087705,143,437,0.9938132178322436,0.9938282461059492,0.08835194741473769,0.9938132178322436,1.819953312671134,0.256,0.8153546403017985,0.7145593176957854,0.9692177294943426,0.9042122566368498,447,0.1360229355155997,0.2061409568906703,0.052807183062202334,0.26711884854035045,0.2846084192537951,0.053301656737382165,0.4,0.2,True,False,0.0,0
biological_veto_capture,1835087705,144,447,0.9929143765176156,0.9929234451686473,0.09236540910960696,0.9929143765176156,1.8119004905757192,0.256,0.8124461943810883,0.7147131866522441,0.9692176403956674,0.9076447006298504,450,0.1360229355155997,0.2061409568906703,0.052807183062202334,0.26711884854035045,0.2846084192537951,0.053301656737382165,0.4,0.2,True,False,0.0,0
biological_veto_capture,1835087705,145,450,0.9934297136390563,0.9934404897786506,0.0909963536283412,0.9934297136390563,1.856393513466238,0.256,0.80743613597283,0.7148593621608799,0.9692175602068597,0.9134634048238233,469,0.1360229355155997,0.2061409568906703,0.052807183062202334,0.26711884854035045,0.2846084192537951,0.053301656737382165,0.4,0.2,True,False,0.0,0
biological_veto_capture,1835087705,146,469,0.992908284363446,0.9929248556363789,0.08756671210046517,0.992908284363446,1.8552626488213868,0.256,0.8080669472569877,0.7149982288940838,0.9692174880369328,0.9129276930982203,468,0.1360229355155997,0.2061409568906703,0.052807183062202334,0.26711884854035045,0.2846084192537951,0.053301656737382165,0.4,0.2,True,False,0.0,0
biological_veto_capture,1835087705,147,468,0.9940348090866041,0.9940527633383883,0.08693769897555928,0.9940348090866041,1.8379072124114768,0.256,0.8075526820671214,0.7151301522906276,0.9692174230839985,0.9136776747403542,464,0.1360229355155997,0.2061409568906703,0.052807183062202334,0.26711884854035045,0.2846084192537951,0.053301656737382165,0.4,0.2,True,False,0.0,0
biological_veto_capture,1835087705,148,464,0.9933099479046983,0.9933214645829409,0.09046635837020367,0.9933099479046983,1.8381307113768992,0.256,0.8053897291390263,0.7152554795173443,0.9692173646263577,0.9162920536992216,468,0.1360229355155997,0.2061409568906703,0.052807183062202334,0.26711884854035045,0.2846084192537951,0.053301656737382165,0.4,0.2,True,False,0.0,0
biological_veto_capture,1835087705,149,468,0.9957141238272192,0.9957316407848353,0.08714740742092564,0.9957141238272192,1.8644332759012665,0.256,0.8063618624853178,0.715374540382725,0.9692173120144809,0.915339781827441,472,0.1360229355155997,0.2061409568906703,0.052807183062202334,0.26711884854035045,0.2846084192537951,0.053301656737382165,0.4,0.2,True,False,0.0,0
biological_veto_capture,1835087705,150,472,0.9926775041079157,0.9926904371055963,0.08953804479175409,0.9926775041079157,1.8781495714932095,0.256,0.8033938512667242,0.7154876482048367,0.9692172646637919,0.9188666634046109,482,0.1360229355155997,0.2061409568906703,0.052807183062202334,0.26711884854035045,0.2846084192537951,0.053301656737382165,0.4,0.2,True,False,0.0,0
biological_veto_capture,1835087705,151,482,0.9936485762957459,0.9936753060960639,0.08376694724862987,0.9936485762957459,1.8749218241222947,0.256,0.8038424678086049,0.7155951006358429,0.9692172220481717,0.9184918123987827,480,0.1360229355155997,0.2061409568906703,0.052807183062202334,0.26711884854035045,0.2846084192537951,0.053301656737382165,0.4,0.2,True,False,0.0,0
biological_veto_capture,1835087705,152,480,0.9926429737704627,0.9926579074800503,0.08839281439272173,0.9926429737704627,1.8478021602250136,0.256,0.8030021339000929,0.7156971804452987,0.9692171836941136,0.9195842017079509,475,0.1360229355155997,0.2061409568906703,0.052807183062202334,0.26711884854035045,0.2846084192537951,0.053301656737382165,0.4,0.2,True,False,0.0,0
biological_veto_capture,1835087705,153,475,0.9921094242276891,0.992129104558533,0.08619160281909377,0.9921094242276891,1.8689522086339445,0.256,0.7999396698889885,0.7157941562642818,0.9692171491754612,0.9232298211893029,486,0.1360229355155997,0.2061409568906703,0.052807183062202334,0.26711884854035045,0.2846084192537951,0.053301656737382165,0.4,0.2,True,False,0.0,0
biological_veto_capture,1835087705,154,486,0.9944942310841104,0.9945207433104598,0.08383877512970872,0.9944942310841104,1.8502653211864717,0.256,0.7970587847263924,0.7158862832923156,0.9692171181086741,0.926686022730626,485,0.1360229355155997,0.2061409568906703,0.052807183062202334,0.26711884854035045,0.2846084192537951,0.053301656737382165,0.4,0.2,True,False,0.0,0
biological_veto_capture,1835087705,155,485,0.9929252993179147,0.9929544102861961,0.0830818896020546,0.9929252993179147,1.8327200712478784,0.256,0.7960226035437394,0.7159738039689478,0.9692170901485657,0.9280057544913323,483,0.1360229355155997,0.2061409568906703,0.052807183062202334,0.26711884854035045,0.2846084192537951,0.053301656737382165,0.4,0.2,True,False,0.0,0
biological_veto_capture,1835087705,156,483,0.9941629807108878,0.9941797298411436,0.08749178658986626,0.9941629807108878,1.8479637865517227,0.256,0.7980153945018506,0.7160569486117484,0.9692170649844681,0.9257958761592853,483,0.1360229355155997,0.2061409568906703,0.052807183062202334,0.26711884854035045,0.2846084192537951,0.053301656737382165,0.4,0.2,True,False,0.0,0
biological_veto_capture,1835087705,157,483,0.9931624422415164,0.9931837256661518,0.0855767152238139,0.9931624422415164,1.8491982119516497,0.256,0.7973541445448631,0.716135936022409,0.9692170423367803,0.9266658733283777,485,0.1360229355155997,0.2061409568906703,0.052807183062202334,0.26711884854035045,0.2846084192537951,0.053301656737382165,0.4,0.2,True,False,0.0,0
biological_veto_capture,1835087705,158,485,0.9934154688326932,0.993434078316558,0.08664741923070761,0.9934154688326932,1.8311064695831165,0.256,0.7962953722855879,0.7162109740625365,0.9692170219538613,0.9279952355151662,482,0.1360229355155997,0.2061409568906703,0.052807183062202334,0.26711884854035045,0.2846084192537951,0.053301656737382165,0.4,0.2,True,False,0.0,0
biological_veto_capture,1835087705,159,482,0.9945076337793192,0.9945349302774843,0.08360683320484623,0.9945076337793192,1.8463154348765252,0.256,0.7977429914006098,0.7162822602006577,0.9692170036092341,0.9264034704553938,483,0.1360229355155997,0.2061409568906703,0.052807183062202334,0.26711884854035045,0.2846084192537951,0.053301656737382165,0.4,0.2,True,False,0.0,0
biological_veto_capture,1835087705,160,483,0.9928110143767376,0.9928390145101066,0.08339065713221558,0.9928110143767376,1.8813926377478027,0.256,0.7989132343086384,0.7163499820318727,0.9692169870990698,0.9251339561521305,491,0.1360229355155997,0.2061409568906703,0.052807183062202334,0.26711884854035045,0.2846084192537951,0.053301656737382165,0.4,0.2,True,False,0.0,0
biological_veto_capture,1835087705,161,491,0.9946605222079062,0.9946791759839179,0.08663846641835528,0.9946605222079062,1.845491267301825,0.256,0.802905221089327,0.7164143177715271,0.9692169722399219,0.9206169446695305,474,0.1360229355155997,0.2061409568906703,0.052807183062202334,0.26711884854035045,0.2846084192537951,0.053301656737382165,0.4,0.2,True,False,0.0,0
biological_veto_capture,1835087705,162,474,0.993760927917669,0.9937820425828946,0.0856448772821575,0.993760927917669,1.855427149782467,0.256,0.8059022795249012,0.7164754367241987,0.9692169588666887,0.917271536033753,472,0.1360229355155997,0.2061409568906703,0.052807183062202334,0.26711884854035045,0.2846084192537951,0.053301656737382165,0.4,0.2,True,False,0.0,0
biological_veto_capture,1835087705,163,472,0.9931754236904201,0.9931916251828532,0.08774848774265401,0.9931754236904201,1.858953887697975,0.256,0.8036382177163719,0.7165334997292367,0.9692169468307789,0.9199302893321585,477,0.1360229355155997,0.2061409568906703,0.052807183062202334,0.26711884854035045,0.2846084192537951,0.053301656737382165,0.4,0.2,True,False,0.0,0
biological_veto_capture,1835087705,164,477,0.9944757342666222,0.9944883939890122,0.08972244848110732,0.9944757342666222,1.8796471913513326,0.256,0.8052373128951934,0.7165886595840228,0.96921693599846,0.9181741162987708,479,0.1360229355155997,0.2061409568906703,0.052807183062202334,0.26711884854035045,0.2846084192537951,0.053301656737382165,0.4,0.2,True,False,0.0,0
biological_veto_capture,1835087705,165,479,0.9943056101046314,0.9943200587422092,0.08866898096370633,0.9943056101046314,1.8602257421478323,0.256,0.8114256280891784,0.7166410614460696,0.9692169262493731,0.9112383269701181,464,0.1360229355155997,0.2061409568906703,0.052807183062202334,0.26711884854035045,0.2846084192537951,0.053301656737382165,0.4,0.2,True,False,0.0,0
biological_veto_capture,1835087705,166,464,0.9941180247813757,0.9941305095106501,0.08983038165491943,0.9941180247813757,1.8614631719340742,0.256,0.8116874097593944,0.7166908432150142,0.9692169174751948,0.9110077259793479,464,0.1360229355155997,0.2061409568906703,0.052807183062202334,0.26711884854035045,0.2846084192537951,0.053301656737382165,0.4,0.2,True,False,0.0,0
biological_veto_capture,1835087705,167,464,0.9932983304313634,0.9933138036669699,0.08811556322188399,0.9932983304313634,1.8599675277319454,0.256,0.8117089693482631,0.7167381358955115,0.9692169095784343,0.9110436499459433,464,0.1360229355155997,0.2061409568906703,0.052807183062202334,0.26711884854035045,0.2846084192537951,0.053301656737382165,0.4,0.2,True,False,0.0,0
biological_veto_capture,1835087705,168,464,0.994205817095411,0.9942177070621028,0.09021962166851664,0.994205817095411,1.8618469503544293,0.256,0.8086781431510138,0.7167830639419839,0.96921690247135,0.9145154581113606,469,0.1360229355155997,0.2061409568906703,0.052807183062202334,0.26711884854035045,0.2846084192537951,0.053301656737382165,0.4,0.2,True,False,0.0,0
biological_veto_capture,1835087705,169,469,0.9901329133938215,0.9901423722622457,0.09200773063937066,0.9901329133938215,1.8579273209928986,0.256,0.8086543446342342,0.7168257455861327,0.969216896074974,0.9145968355749141,470,0.1360229355155997,0.2061409568906703,0.052807183062202334,0.26711884854035045,0.2846084192537951,0.053301656737382165,0.4,0.2,True,False,0.0,0
biological_veto_capture,1835087705,170,470,0.9924063819696082,0.992431488488089,0.08425568811807786,0.9924063819696082,1.8936077178337563,0.256,0.8080281163724737,0.716866293148074,0.9692168903182355,0.9153574355492975,479,0.1360229355155997,0.2061409568906703,0.052807183062202334,0.26711884854035045,0.2846084192537951,0.053301656737382165,0.4,0.2,True,False,0.0,0
biological_veto_capture,1835087705,171,479,0.9922418792159072,0.9922522737798987,0.09127379917133935,0.9922418792159072,1.8680666380726154,0.256,0.8145697400464091,0.7169048133319184,0.969216885137171,0.9080552046805037,462,0.1360229355155997,0.2061409568906703,0.052807183062202334,0.26711884854035045,0.2846084192537951,0.053301656737382165,0.4,0.2,True,False,0.0,0
biological_veto_capture,1835087705,172,462,0.992504091965854,0.9925301036194966,0.08397455594530022,0.992504091965854,1.864780027862795,0.256,0.8177874024395869,0.7169414075065704,0.969216880474213,0.9045285483878155,456,0.1360229355155997,0.2061409568906703,0.052807183062202334,0.26711884854035045,0.2846084192537951,0.053301656737382165,0.4,0.2,True,False,0.0,0
biological_veto_capture,1835087705,173,456,0.9944112758825524,0.994424034804968,0.08965980226309198,0.9944112758825524,1.8794593817182834,0.256,0.8169807005131132,0.7169761719724899,0.9692168762775507,0.9054656044760074,460,0.1360229355155997,0.2061409568906703,0.052807183062202334,0.26711884854035045,0.2846084192537951,0.053301656737382165,0.4,0.2,True,False,0.0,0
biological_veto_capture,1835087705,174,460,0.9955200056462731,0.9955329754199773,0.08953820265324644,0.9955200056462731,1.8614660932024167,0.256,0.8196214988385203,0.7170091982151133,0.9692168725005547,0.9025897965704658,451,0.1360229355155997,0.2061409568906703,0.052807183062202334,0.26711884854035045,0.2846084192537951,0.053301656737382165,0.4,0.2,True,False,0.0,0
biological_veto_capture,1835087705,175,451,0.9951282088173493,0.9951358729120392,0.09372262454418731,0.9951282088173493,1.8468330040749774,0.256,0.817445650026703,0.7170405731456057,0.9692168691012583,0.9050318830324255,451,0.1360229355155997,0.2061409568906703,0.052807183062202334,0.26711884854035045,0.2846084192537951,0.053301656737382165,0.4,0.2,True,False,0.0,0
biological_veto_capture,1835087705,176,451,0.990625716932253,0.9906353597803365,0.09185835204243104,0.990625716932253,1.802555077660594,0.256,0.8215719111503428,0.7170703793295734,0.9692168660418915,0.9005238872794923,436,0.1360229355155997,0.2061409568906703,0.052807183062202334,0.26711884854035045,0.2846084192537951,0.053301656737382165,0.4,0.2,True,False,0.0,0
biological_veto_capture,1835087705,177,436,0.9937607107915709,0.9937711789317064,0.09122982930464305,0.9937607107915709,1.8390064769547185,0.256,0.8272317141417294,0.7170986952043427,0.9692168632884613,0.894397948933555,435,0.1360229355155997,0.2061409568906703,0.052807183062202334,0.26711884854035045,0.2846084192537951,0.053301656737382165,0.4,0.2,True,False,0.0,0
biological_veto_capture,1835087705,178,435,0.9938288612947964,0.9938435998438486,0.08850702833135532,0.9938288612947964,1.8489246156298016,0.256,0.8254288032042535,0.7171255952853735,0.9692168608103743,0.8963851296329186,440,0.1360229355155997,0.2061409568906703,0.052807183062202334,0.26711884854035045,0.2846084192537951,0.053301656737382165,0.4,0.2,True,False,0.0,0
biological_veto_capture,1835087705,179,440,0.9951353451643853,0.9951442347990115,0.0925418974630465,0.9951353451643853,1.8647746026194625,0.256,0.8282520597370828,0.7171511503623528,0.9692168585800959,0.8933614646586634,439,0.1360229355155997,0.2061409568906703,0.052807183062202334,0.26711884854035045,0.2846084192537951,0.053301656737382165,0.4,0.2,True,False,0.0,0
biological_veto_capture,1835087705,180,439,0.9921005552008768,0.9921162324085517,0.08800171440496729,0.9921005552008768,1.8576949659822926,0.256,0.8246839534096466,0.7171754276854831,0.9692168565728453,0.8972570886794794,444,0.1360229355155997,0.2061409568906703,0.052807183062202334,0.26711884854035045,0.2846084192537951,0.053301656737382165,0.4,0.2,True,False,0.0,0
biological_veto_capture,1835087705,181,444,0.99619466464674,0.9962043278200683,0.09188621455975249,0.99619466464674,1.8968362406882877,0.256,0.8243596054100637,0.7171984911424569,0.9692168547663198,0.8976389862042856,452,0.1360229355155997,0.2061409568906703,0.052807183062202334,0.26711884854035045,0.2846084192537951,0.053301656737382165,0.4,0.2,True,False,0.0,0
biological_veto_capture,1835087705,182,452,0.9945010443956191,0.9945159012568705,0.08844876764694172,0.9945010443956191,1.913246936467153,0.256,0.8203342206015336,0.717220401426582,0.9692168531404468,0.9020712647340572,463,0.1360229355155997,0.2061409568906703,0.052807183062202334,0.26711884854035045,0.2846084192537951,0.053301656737382165,0.4,0.2,True,False,0.0,0
biological_veto_capture,1835087705,183,463,0.9947037542142165,0.9947200654695839,0.08770698164743135,0.9947037542142165,1.938671032722053,0.256,0.8191331474338475,0.7172412161965009,0.9692168516771611,0.9034201670178226,471,0.1360229355155997,0.2061409568906703,0.052807183062202334,0.26711884854035045,0.2846084192537951,0.053301656737382165,0.4,0.2,True,False,0.0,0
biological_veto_capture,1835087705,184,471,0.9947257675844943,0.9947440967305097,0.08677873398228722,0.9947257675844943,1.9016112872167283,0.256,0.8166214105482124,0.7172609902279239,0.969216850360204,0.9062238613664182,466,0.1360229355155997,0.2061409568906703,0.052807183062202334,0.26711884854035045,0.2846084192537951,0.053301656737382165,0.4,0.2,True,False,0.0,0
biological_veto_capture,1835087705,185,466,0.9922724219985979,0.9922850365811519,0.08973322619423292,0.9922724219985979,1.8609337820062948,0.256,0.8135786104036558,0.7172797755577757,0.9692168491749427,0.9096369808041121,462,0.1360229355155997,0.2061409568906703,0.052807183062202334,0.26711884854035045,0.2846084192537951,0.053301656737382165,0.4,0.2,True,False,0.0,0
biological_veto_capture,1835087705,186,462,0.9939730456109832,0.9939801924574166,0.09426958669150849,0.9939730456109832,1.8821370615530693,0.256,0.8114103083803063,0.7172976216211349,0.9692168481082074,0.9120904637947415,470,0.1360229355155997,0.2061409568906703,0.052807183062202334,0.26711884854035045,0.2846084192537951,0.053301656737382165,0.4,0.2,True,False,0.0,0
biological_veto_capture,1835087705,187,470,0.9939441284337714,0.9939614987520756,0.08720016044008222,0.9939441284337714,1.8651894979103107,0.256,0.8169147366842268,0.7173145753813261,0.9692168471481457,0.9059661482684896,457,0.1360229355155997,0.2061409568906703,0.052807183062202334,0.26711884854035045,0.2846084192537951,0.053301656737382165,0.4,0.2,True,False,0.0,0
biological_veto_capture,1835087705,188,457,0.9937554016759724,0.9937718573940993,0.08762920107859273,0.9937554016759724,1.8923730638279777,0.256,0.8161376549073717,0.7173306814535079,0.9692168462840902,0.9068491219365972,465,0.1360229355155997,0.2061409568906703,0.052807183062202334,0.26711884854035045,0.2846084192537951,0.053301656737382165,0.4,0.2,True,False,0.0,0
biological_veto_capture,1835087705,189,465,0.9953417436605587,0.995353362437289,0.09041236727899558,0.9953417436605587,1.8809376985172366,0.256,0.8202446515353775,0.7173459822220805,0.9692168455064403,0.9023277404791423,455,0.1360229355155997,0.2061409568906703,0.052807183062202334,0.26711884854035045,0.2846084192537951,0.053301656737382165,0.4,0.2,True,False,0.0,0
biological_veto_capture,1835087705,190,455,0.9949755794763302,0.9949875190398166,0.09019264776443651,0.9949755794763302,1.896354175098357,0.256,0.822105663579271,0.7173605179522244,0.9692168448065552,0.9003033719162097,456,0.1360229355155997,0.2061409568906703,0.052807183062202334,0.26711884854035045,0.2846084192537951,0.053301656737382165,0.4,0.2,True,False,0.0,0
biological_veto_capture,1835087705,191,456,0.9947329393229296,0.9947479123170904,0.08838864416374088,0.9947329393229296,1.9129129988184732,0.256,0.8208980876500003,0.7173743268958612,0.9692168441766588,0.90164511299961,462,0.1360229355155997,0.2061409568906703,0.052807183062202334,0.26711884854035045,0.2846084192537951,0.053301656737382165,0.4,0.2,True,False,0.0,0
biological_veto_capture,1835087705,192,462,0.9916885601187055,0.9917019296374753,0.08926587649980781,0.9916885601187055,1.907825212295955,0.256,0.821020097323795,0.7173874453923161,0.9692168436097519,0.9015276081512228,462,0.1360229355155997,0.2061409568906703,0.052807183062202334,0.26711884854035045,0.2846084192537951,0.053301656737382165,0.4,0.2,True,False,0.0,0
biological_veto_capture,1835087705,193,462,0.992215594892792,0.9922224811327252,0.09455118287177541,0.992215594892792,1.9055694235679232,0.256,0.8230732007143743,0.7173999079639483,0.9692168430995357,0.8992944281568076,458,0.1360229355155997,0.2061409568906703,0.052807183062202334,0.26711884854035045,0.2846084192537951,0.053301656737382165,0.4,0.2,True,False,0.0,0
biological_veto_capture,1835087705,194,458,0.9927837215681765,0.9927926353191757,0.09250149959160789,0.9927837215681765,1.8812580122346438,0.256,0.826292475988723,0.7174117474069989,0.9692168426403411,0.8958055176606967,447,0.1360229355155997,0.2061409568906703,0.052807183062202334,0.26711884854035045,0.2846084192537951,0.053301656737382165,0.4,0.2,True,False,0.0,0
biological_veto_capture,1835087705,195,447,0.9925124430337461,0.9925197265186857,0.09410713239970359,0.9925124430337461,1.8566723091448072,0.256,0.8238167462658149,0.717422994877897,0.969216842227066,0.8985116745480866,445,0.1360229355155997,0.2061409568906703,0.052807183062202334,0.26711884854035045,0.2846084192537951,0.053301656737382165,0.4,0.2,True,False,0.0,0
biological_veto_capture,1835087705,196,445,0.9937534286456956,0.9937634088464571,0.09160972663915852,0.9937534286456956,1.8679262609276617,0.256,0.819354655200569,0.7174336799752501,0.9692168418551185,0.9034182990955585,454,0.1360229355155997,0.2061409568906703,0.052807183062202334,0.26711884854035045,0.2846084192537951,0.053301656737382165,0.4,0.2,True,False,0.0,0
biological_veto_capture,1835087705,197,454,0.9944511901338016,0.9944680761688126,0.0874292950233478,0.9944511901338016,1.8762186320911132,0.256,0.8147374378381592,0.7174438308177356,0.9692168415203657,0.9085509368749292,463,0.1360229355155997,0.2061409568906703,0.052807183062202334,0.26711884854035045,0.2846084192537951,0.053301656737382165,0.4,0.2,True,False,0.0,0
biological_veto_capture,1835087705,198,463,0.9935500119702658,0.9935648979720343,0.08842555446034649,0.9935500119702658,1.8786937399373094,0.256,0.8122837191060579,0.7174534741180968,0.9692168412190881,0.9113077054893468,468,0.1360229355155997,0.2061409568906703,0.052807183062202334,0.26711884854035045,0.2846084192537951,0.053301656737382165,0.4,0.2,True,False,0.0,0
biological_veto_capture,1835087705,199,468,0.9929086325157771,0.9929328809773917,0.08453651498372716,0.9929086325157771,1.8590019587471496,0.256,0.8144066097590821,0.7174626352534399,0.9692168409479384,0.908943831867762,460,0.1360229355155997,0.2061409568906703,0.052807183062202334,0.26711884854035045,0.2846084192537951,0.053301656737382165,0.4,0.2,True,False,0.0,0
biological_veto_capture,1835087705,200,460,0.9933837154099465,0.9933963676691857,0.08971839689310711,0.9933837154099465,1.8885124254503518,0.256,0.820115060173026,0.7174713383320159,0.9692168407039036,0.9026280338016054,458,0.1360229355155997,0.2061409568906703,0.052807183062202334,0.26711884854035045,0.2846084192537951,0.053301656737382165,0.4,0.2,True,False,0.0,0
biological_veto_capture,1835087705,201,458,0.9931390862385979,0.9931567104030984,0.08707822766235927,0.9931390862385979,1.9163313307312304,0.256,0.8175330609797866,0.7174796062566631,0.9692168404842723,0.9054892215082561,469,0.1360229355155997,0.2061409568906703,0.052807183062202334,0.26711884854035045,0.2846084192537951,0.053301656737382165,0.4,0.2,True,False,0.0,0
biological_veto_capture,1835087705,202,469,0.9929383871672124,0.9929504126322315,0.09011926856607552,0.9929383871672124,1.9156452811281814,0.256,0.8156394766990247,0.7174874607850779,0.969216840286604,0.9076013364210617,472,0.1360229355155997,0.2061409568906703,0.052807183062202334,0.26711884854035045,0.2846084192537951,0.053301656737382165,0.4,0.2,True,False,0.0,0
biological_veto_capture,1835087705,203,472,0.9929050084612794,0.9929160837589553,0.09077418150017814,0.9929050084612794,1.8926985935718095,0.256,0.8158668319658029,0.7174949225870719,0.9692168401087027,0.9073578542680074,466,0.1360229355155997,0.2061409568906703,0.052807183062202334,0.26711884854035045,0.2846084192537951,0.053301656737382165,0.4,0.2,True,False,0.0,0
biological_veto_capture,1835087705,204,466,0.9943522631226859,0.9943607013675426,0.09295043995987226,0.9943522631226859,1.9099258124035527,0.256,0.8119346652343322,0.7175020112989663,0.9692168399485914,0.9117611597295741,476,0.1360229355155997,0.2061409568906703,0.052807183062202334,0.26711884854035045,0.2846084192537951,0.053301656737382165,0.4,0.2,True,False,0.0,0
biological_veto_capture,1835087705,205,476,0.9951271096161974,0.9951418771545111,0.08850177864784504,0.9951271096161974,1.9370676754158418,0.256,0.8115727327739404,0.717508745575266,0.9692168398044914,0.9121763341421598,483,0.1360229355155997,0.2061409568906703,0.052807183062202334,0.26711884854035045,0.2846084192537951,0.053301656737382165,0.4,0.2,True,False,0.0,0
biological_veto_capture,1835087705,206,483,0.9934451065863059,0.9934649495652859,0.08613679769453048,0.9934451065863059,1.9291825462978183,0.256,0.811484408395981,0.7175151431377507,0.9692168396748012,0.9122837524240516,482,0.1360229355155997,0.2061409568906703,0.052807183062202334,0.26711884854035045,0.2846084192537951,0.053301656737382165,0.4,0.2,True,False,0.0,0
biological_veto_capture,1835087705,207,482,0.9935559493336164,0.9935748624027028,0.0865197386041074,0.9935559493336164,1.9427938220824146,0.256,0.8111000419974808,0.7175212208221111,0.9692168395580801,0.9127237992836809,486,0.1360229355155997,0.2061409568906703,0.052807183062202334,0.26711884854035045,0.2846084192537951,0.053301656737382165,0.4,0.2,True,False,0.0,0
biological_veto_capture,1835087705,208,486,0.9903016562517439,0.9903095044897103,0.09349493132448118,0.9903016562517439,1.9572514589756869,0.256,0.8118196055051758,0.7175269946222536,0.9692168394530312,0.9119221366077419,490,0.1360229355155997,0.2061409568906703,0.052807183062202334,0.26711884854035045,0.2846084192537951,0.053301656737382165,0.4,0.2,True,False,0.0,0
biological_veto_capture,1835087705,209,490,0.9934279727683688,0.9934402234973951,0.08997546348669287,0.9934279727683688,1.9600504857988474,0.256,0.811913419062927,0.7175324797323889,0.969216839358487,0.9118237378573533,489,0.1360229355155997,0.2061409568906703,0.052807183062202334,0.26711884854035045,0.2846084192537951,0.053301656737382165,0.4,0.2,True,False,0.0,0
biological_veto_capture,1835087705,210,489,0.9932739578057264,0.9932919811806078,0.08690101742432772,0.9932739578057264,1.9691157036107279,0.256,0.8192822023609132,0.7175376905870174,0.9692168392733973,0.9036291803653995,479,0.1360229355155997,0.2061409568906703,0.052807183062202334,0.26711884854035045,0.2846084192537951,0.053301656737382165,0.4,0.2,True,False,0.0,0
biological_veto_capture,1835087705,211,479,0.9928437450643688,0.9928526842096563,0.09247933591116597,0.9928437450643688,1.9630333176101338,0.256,0.816692016190752,0.7175426408989145,0.9692168391968166,0.9065013468075735,482,0.1360229355155997,0.2061409568906703,0.052807183062202334,0.26711884854035045,0.2846084192537951,0.053301656737382165,0.4,0.2,True,False,0.0,0
biological_veto_capture,1835087705,212,482,0.9897287960495367,0.9897406997098797,0.09017453381494266,0.9897287960495367,1.9559283063082586,0.256,0.8147555238312998,0.7175473436952168,0.9692168391278939,0.9086618539710656,485,0.1360229355155997,0.2061409568906703,0.052807183062202334,0.26711884854035045,0.2846084192537951,0.053301656737382165,0.4,0.2,True,False,0.0,0
biological_veto_capture,1835087705,213,485,0.9936492428837375,0.9936695284933075,0.085962825462036,0.9936492428837375,1.9774376453747156,0.256,0.8132232951478664,0.7175518113517039,0.9692168390658635,0.9103795708208101,491,0.1360229355155997,0.2061409568906703,0.052807183062202334,0.26711884854035045,0.2846084192537951,0.053301656737382165,0.4,0.2,True,False,0.0,0
biological_veto_capture,1835087705,214,491,0.9911741602193705,0.9911926717238816,0.08667145994541056,0.9911741602193705,1.9714002801189137,0.256,0.8172179658880807,0.7175560556253666,0.9692168390100362,0.9059348722610956,484,0.1360229355155997,0.2061409568906703,0.052807183062202334,0.26711884854035045,0.2846084192537951,0.053301656737382165,0.4,0.2,True,False,0.0,0
biological_veto_capture,1835087705,215,484,0.9921460101154617,0.9921746033660676,0.08321847393535653,0.9921460101154617,1.9791701505692592,0.256,0.8180784196647634,0.7175600876853463,0.9692168389597916,0.9049870964689799,484,0.1360229355155997,0.2061409568906703,0.052807183062202334,0.26711884854035045,0.2846084192537951,0.053301656737382165,0.4,0.2,True,False,0.0,0
biological_veto_capture,1835087705,216,484,0.9936672863006539,0.993695311019575,0.08339053323332518,0.9936672863006539,1.9853085816445568,0.256,0.8161427815348472,0.717563918142327,0.9692168389145714,0.9071382882957818,488,0.1360229355155997,0.2061409568906703,0.052807183062202334,0.26711884854035045,0.2846084192537951,0.053301656737382165,0.4,0.2,True,False,0.0,0
biological_veto_capture,1835087705,217,488,0.9932510238901994,0.9932665307456884,0.08809790768267799,0.9932510238901994,1.993123188769299,0.256,0.8192024406697117,0.7175675570764586,0.9692168388738733,0.9037547785894343,485,0.1360229355155997,0.2061409568906703,0.052807183062202334,0.26711884854035045,0.2846084192537951,0.053301656737382165,0.4,0.2,True,False,0.0,0
biological_veto_capture,1835087705,218,485,0.9949476887508585,0.9949627778473286,0.08832887809735149,0.9949476887508585,2.0003743501196376,0.256,0.8240305287330534,0.7175710140638837,0.9692168388372451,0.8984639056249365,478,0.1360229355155997,0.2061409568906703,0.052807183062202334,0.26711884854035045,0.2846084192537951,0.053301656737382165,0.4,0.2,True,False,0.0,0
biological_veto_capture,1835087705,219,478,0.9943745532097378,0.9943836793141717,0.09232683585469222,0.9943745532097378,1.971587051612265,0.256,0.8249040636153341,0.7175742982019375,0.9692168388042796,0.8975165820194237,470,0.1360229355155997,0.2061409568906703,0.052807183062202334,0.26711884854035045,0.2846084192537951,0.053301656737382165,0.4,0.2,True,False,0.0,0
biological_veto_capture,1835087705,220,470,0.9946638406480688,0.9946784489090751,0.08858439168498912,0.9946638406480688,1.9554194483622849,0.256,0.8249115977375069,0.7175774181330886,0.9692168387746106,0.8975122870694233,466,0.1360229355155997,0.2061409568906703,0.052807183062202334,0.26711884854035045,0.2846084192537951,0.053301656737382165,0.4,0.2,True,False,0.0,0
biological_veto_capture,1835087705,221,466,0.9932558635855059,0.9932752037449448,0.08633958454132507,0.9932558635855059,1.9654725137077966,0.256,0.8230716866671941,0.7175803820676822,0.9692168387479085,0.8995223196238478,472,0.1360229355155997,0.2061409568906703,0.052807183062202334,0.26711884854035045,0.2846084192537951,0.053301656737382165,0.4,0.2,True,False,0.0,0
biological_veto_capture,1835087705,222,472,0.9955208997835122,0.9955522040368173,0.08252447622697288,0.9955208997835122,1.9638926453939682,0.256,0.8240422378980855,0.717583197805546,0.9692168387238767,0.8984663940073838,469,0.1360229355155997,0.2061409568906703,0.052807183062202334,0.26711884854035045,0.2846084192537951,0.053301656737382165,0.4,0.2,True,False,0.0,0
biological_veto_capture,1835087705,223,469,0.9943048443236989,0.9943223270013912,0.08715172589083364,0.9943048443236989,1.9596598035923765,0.256,0.8256607672778274,0.7175858727565168,0.969216838702248,0.896708487629007,466,0.1360229355155997,0.2061409568906703,0.052807183062202334,0.26711884854035045,0.2846084192537951,0.053301656737382165,0.4,0.2,True,False,0.0,0
biological_veto_capture,1835087705,224,466,0.9904757458802914,0.9904917553278105,0.08782173847377117,0.9904757458802914,1.9591344304458258,0.256,0.8235726577660142,0.7175884139599389,0.9692168386827822,0.8989852114053022,471,0.1360229355155997,0.2061409568906703,0.052807183062202334,0.26711884854035045,0.2846084192537951,0.053301656737382165,0.4,0.2,True,False,0.0,0
biological_veto_capture,1835087705,225,471,0.9916311865367453,0.9916413766665427,0.09142701099094835,0.9916311865367453,1.9102143929363447,0.256,0.824025697816131,0.71759082810319,0.969216838665263,0.8984939822186397,458,0.1360229355155997,0.2061409568906703,0.052807183062202334,0.26711884854035045,0.2846084192537951,0.053301656737382165,0.4,0.2,True,False,0.0,0
biological_veto_capture,1835087705,226,458,0.9923074874488478,0.9923242429158365,0.08747390544443182,0.9923074874488478,1.9196526906126952,0.256,0.8246354833473998,0.7175931215392785,0.9692168386494957,0.8978324507278573,459,0.1360229355155997,0.2061409568906703,0.052807183062202334,0.26711884854035045,0.2846084192537951,0.053301656737382165,0.4,0.2,True,False,0.0,0
biological_veto_capture,1835087705,227,459,0.9928741522022738,0.9928840980696004,0.09163011131574164,0.9928741522022738,1.9205791965133483,0.256,0.8182931410464745,0.7175953003035626,0.9692168386353052,0.9047940252788348,469,0.1360229355155997,0.2061409568906703,0.052807183062202334,0.26711884854035045,0.2846084192537951,0.053301656737382165,0.4,0.2,True,False,0.0,0
biological_veto_capture,1835087705,228,469,0.9946838691912829,0.9946959931543736,0.09006831613794386,0.9946838691912829,1.9143006701390912,0.256,0.8199341410159875,0.7175973701296324,0.9692168386225337,0.9029857929849867,464,0.1360229355155997,0.2061409568906703,0.052807183062202334,0.26711884854035045,0.2846084192537951,0.053301656737382165,0.4,0.2,True,False,0.0,0
biological_veto_capture,1835087705,229,464,0.9942247388027508,0.9942318313555605,0.0943323041101349,0.9942247388027508,1.912042388213804,0.256,0.8197248200718373,0.7175993364643988,0.9692168386110394,0.9032188500183913,464,0.1360229355155997,0.2061409568906703,0.052807183062202334,0.26711884854035045,0.2846084192537951,0.053301656737382165,0.4,0.2,True,False,0.0,0
biological_veto_capture,1835087705,230,464,0.9945036824045854,0.9945207570254321,0.08734131010243569,0.9945036824045854,1.8727035944610908,0.256,0.821226979912889,0.7176012044824268,0.9692168386006944,0.9015690604212079,452,0.1360229355155997,0.2061409568906703,0.052807183062202334,0.26711884854035045,0.2846084192537951,0.053301656737382165,0.4,0.2,True,False,0.0,0
biological_veto_capture,1835087705,231,452,0.9921467906725066,0.9921643789687282,0.0870864868878637,0.9921467906725066,1.8903723460780153,0.256,0.8163902428164149,0.7176029790995535,0.969216838591384,0.9069126856611787,465,0.1360229355155997,0.2061409568906703,0.052807183062202334,0.26711884854035045,0.2846084192537951,0.053301656737382165,0.4,0.2,True,False,0.0,0
biological_veto_capture,1835087705,232,465,0.9924419314211189,0.9924590849382711,0.08728809527601565,0.9924419314211189,1.9226862259587993,0.256,0.8212457503365742,0.7176046649858238,0.9692168385830046,0.9015528016974801,465,0.1360229355155997,0.2061409568906703,0.052807183062202334,0.26711884854035045,0.2846084192537951,0.053301656737382165,0.4,0.2,True,False,0.0,0
biological_veto_capture,1835087705,233,465,0.9947486602955383,0.9947648952832344,0.08774464714541022,0.9947486602955383,1.9223587588794522,0.256,0.8198886621928535,0.7176062665777806,0.9692168385754631,0.9030470766402541,466,0.1360229355155997,0.2061409568906703,0.052807183062202334,0.26711884854035045,0.2846084192537951,0.053301656737382165,0.4,0.2,True,False,0.0,0
biological_veto_capture,1835087705,234,466,0.9934370494678035,0.9934594894194122,0.08515772296444096,0.9934370494678035,1.9087084514390218,0.256,0.8226222941720774,0.7176077880901396,0.9692168385686759,0.9000480957679392,459,0.1360229355155997,0.2061409568906703,0.052807183062202334,0.26711884854035045,0.2846084192537951,0.053301656737382165,0.4,0.2,True,False,0.0,0
biological_veto_capture,1835087705,235,459,0.9906175745521097,0.9906267602337621,0.09224490839842657,0.9906175745521097,1.912840434631574,0.256,0.8202830941457048,0.7176092335268806,0.9692168385625674,0.9026165796171332,465,0.1360229355155997,0.2061409568906703,0.052807183062202334,0.26711884854035045,0.2846084192537951,0.053301656737382165,0.4,0.2,True,False,0.0,0
biological_veto_capture,1835087705,236,465,0.9930319238893354,0.9930457170741581,0.08902832314484709,0.9930319238893354,1.9093932386250123,0.256,0.820304698111914,0.7176106066917844,0.9692168385570696,0.9025945349840548,463,0.1360229355155997,0.2061409568906703,0.052807183062202334,0.26711884854035045,0.2846084192537951,0.053301656737382165,0.4,0.2,True,False,0.0,0
biological_veto_capture,1835087705,237,463,0.9930698260482473,0.9930773698863123,0.09383203266090522,0.9930698260482473,1.9208109946509104,0.256,0.817656429650793,0.7176119111984433,0.9692168385521217,0.9055195515266304,470,0.1360229355155997,0.2061409568906703,0.052807183062202334,0.26711884854035045,0.2846084192537951,0.053301656737382165,0.4,0.2,True,False,0.0,0
biological_veto_capture,1835087705,238,470,0.9931740610338977,0.9931900813091082,0.08783801222519258,0.9931740610338977,1.9332125030859577,0.256,0.8152041174212492,0.717613150479769,0.9692168385476686,0.9082451208266213,477,0.1360229355155997,0.2061409568906703,0.052807183062202334,0.26711884854035045,0.2846084192537951,0.053301656737382165,0.4,0.2,True,False,0.0,0
biological_veto_capture,1835087705,239,477,0.993730744151239,0.9937396435884962,0.0925218815533186,0.993730744151239,1.9498142780745893,0.256,0.814499648798248,0.7176143277970286,0.9692168385436608,0.9090321621758637,482,0.1360229355155997,0.2061409568906703,0.052807183062202334,0.26711884854035045,0.2846084192537951,0.053301656737382165,0.4,0.2,True,False,0.0,0
biological_veto_capture,1835087705,240,482,0.9943371909793856,0.9943506185510247,0.0892526190792527,0.9943371909793856,1.9245719344109151,0.256,0.8147858526415528,0.7176154462484251,0.9692168385400537,0.9087142694184832,475,0.1360229355155997,0.2061409568906703,0.052807183062202334,0.26711884854035045,0.2846084192537951,0.053301656737382165,0.4,0.2,True,False,0.0,0
biological_veto_capture,1835087705,241,475,0.991546419993872,0.9915646548924876,0.0867942867516879,0.991546419993872,1.9036548414286003,0.256,0.8124442671787859,0.7176165087772518,0.9692168385368074,0.9113346687335143,475,0.1360229355155997,0.2061409568906703,0.052807183062202334,0.26711884854035045,0.2846084192537951,0.053301656737382165,0.4,0.2,True,False,0.0,0
biological_veto_capture,1835087705,242,475,0.9941182961863434,0.9941378510206631,0.08625862507929785,0.9941182961863434,1.9055476339012536,0.256,0.8095797121958823,0.7176175181796371,0.9692168385338857,0.9145605521038326,479,0.1360229355155997,0.2061409568906703,0.052807183062202334,0.26711884854035045,0.2846084192537951,0.053301656737382165,0.4,0.2,True,False,0.0,0
biological_veto_capture,1835087705,243,479,0.9936590706618182,0.9936824009865179,0.0848497737290331,0.9936590706618182,1.8717328761026326,0.256,0.8046138558517337,0.7176184771119033,0.9692168385312562,0.9202061989908773,479,0.1360229355155997,0.2061409568906703,0.052807183062202334,0.26711884854035045,0.2846084192537951,0.053301656737382165,0.4,0.2,True,False,0.0,0
biological_veto_capture,1835087705,244,479,0.9939578336306958,0.9939871211411963,0.08304203633854541,0.9939578336306958,1.8763017305848517,0.256,0.8040396504896734,0.7176193880975561,0.9692168385288896,0.9208645337564437,481,0.1360229355155997,0.2061409568906703,0.052807183062202334,0.26711884854035045,0.2846084192537951,0.053301656737382165,0.4,0.2,True,False,0.0,0
biological_veto_capture,1835087705,245,481,0.9949120507547559,0.9949332488631523,0.08562269749733716,0.9949120507547559,1.8892550482716441,0.256,0.8057179272892604,0.7176202535339262,0.9692168385267597,0.9189475196188027,481,0.1360229355155997,0.2061409568906703,0.052807183062202334,0.26711884854035045,0.2846084192537951,0.053301656737382165,0.4,0.2,True,False,0.0,0
biological_veto_capture,1835087705,246,481,0.9936746738755101,0.9936969135146979,0.08523100052621285,0.9936746738755101,1.8909395485805742,0.256,0.8087045448870959,0.7176210756984779,0.9692168385248427,0.915554813874465,477,0.1360229355155997,0.2061409568906703,0.052807183062202334,0.26711884854035045,0.2846084192537951,0.053301656737382165,0.4,0.2,True,False,0.0,0
biological_veto_capture,1835087705,247,477,0.9950400079717011,0.9950587713179424,0.08659488379048991,0.9950400079717011,1.9178976814037778,0.256,0.808785523639285,0.717621856754802,0.9692168385231175,0.915464141354271,483,0.1360229355155997,0.2061409568906703,0.052807183062202334,0.26711884854035045,0.2846084192537951,0.053301656737382165,0.4,0.2,True,False,0.0,0
biological_veto_capture,1835087705,248,483,0.9932788607925142,0.9933150304571436,0.08135660193178372,0.9932788607925142,1.9114596474212608,0.256,0.8155653701591672,0.7176225987583098,0.9692168385215647,0.9078547687294107,471,0.1360229355155997,0.2061409568906703,0.052807183062202334,0.26711884854035045,0.2846084192537951,0.053301656737382165,0.4,0.2,True,False,0.0,0
biological_veto_capture,1835087705,249,471,0.9942096197234126,0.9942299429564578,0.08595256377637903,0.9942096197234126,1.8611079866053415,0.256,0.8144083110108382,0.7176233036616423,0.9692168385201673,0.9091454836497248,460,0.1360229355155997,0.2061409568906703,0.052807183062202334,0.26711884854035045,0.2846084192537951,0.053301656737382165,0.4,0.2,True,False,0.0,0
biological_veto_capture,1835087705,250,460,0.993949230908903,0.9939740007830642,0.08437550650081597,0.993949230908903,1.88787994072464,0.256,0.8154885857006071,0.7176239733198082,0.9692168385189096,0.907941989272897,465,0.1360229355155997,0.2061409568906703,0.052807183062202334,0.26711884854035045,0.2846084192537951,0.053301656737382165,0.4,0.2,True,False,0.0,0
biological_veto_capture,1835087705,251,465,0.9936238990258168,0.9936459488099734,0.0852988374263019,0.9936238990258168,1.9101465621881337,0.256,0.8158821089227369,0.7176246094950658,0.9692168385177776,0.90750486744901,470,0.1360229355155997,0.2061409568906703,0.052807183062202334,0.26711884854035045,0.2846084192537951,0.053301656737382165,0.4,0.2,True,False,0.0,0
biological_veto_capture,1835087705,252,470,0.9956305035262583,0.9956446712731376,0.08883585106280664,0.9956305035262583,1.9209101175394212,0.256,0.8169272907236944,0.7176252138615605,0.9692168385167589,0.9063445634415076,470,0.1360229355155997,0.2061409568906703,0.052807183062202334,0.26711884854035045,0.2846084192537951,0.053301656737382165,0.4,0.2,True,False,0.0,0
biological_veto_capture,1835087705,253,470,0.9922238253113003,0.9922423076416933,0.08669243987509667,0.9922238253113003,1.8943053186010357,0.256,0.8201287994427288,0.7176257880097305,0.9692168385158421,0.9028072195023996,460,0.1360229355155997,0.2061409568906703,0.052807183062202334,0.26711884854035045,0.2846084192537951,0.053301656737382165,0.4,0.2,True,False,0.0,0
biological_veto_capture,1835087705,254,460,0.9958027613930763,0.9958173186126165,0.08862136177464575,0.9958027613930763,1.8642980006724756,0.256,0.8214858548168088,0.717626333450492,0.9692168385150168,0.9013165101776519,449,0.1360229355155997,0.2061409568906703,0.052807183062202334,0.26711884854035045,0.2846084192537951,0.053301656737382165,0.4,0.2,True,False,0.0,0
biological_veto_capture,1835087705,255,449,0.9919932347759264,0.9920094156862477,0.08774912589175703,0.9919932347759264,1.8656513647583248,0.256,0.819579831066877,0.7176268516192154,0.9692168385142742,0.9034132739537234,454,0.1360229355155997,0.2061409568906703,0.052807183062202334,0.26711884854035045,0.2846084192537951,0.053301656737382165,0.4,0.2,True,False,0.0,0
biological_veto_capture,1835087705,256,454,0.9933470955182309,0.9933600936580689,0.08950341931993591,0.9933470955182309,1.8428457640671674,0.256,0.8162454906955076,0.7176273438795026,0.9692168385136058,0.9071043145550213,453,0.1360229355155997,0.2061409568906703,0.052807183062202334,0.26711884854035045,0.2846084192537951,0.053301656737382165,0.4,0.2,True,False,0.0,0
biological_veto_capture,1835087705,257,453,0.993935092265195,0.9939436055643796,0.09287661210835675,0.993935092265195,1.8593503742779167,0.256,0.8154768570636524,0.7176278115267753,0.9692168385130043,0.9079599039912349,458,0.1360229355155997,0.2061409568906703,0.052807183062202334,0.26711884854035045,0.2846084192537951,0.053301656737382165,0.4,0.2,True,False,0.0,0
biological_veto_capture,1835087705,258,458,0.9922501631202706,0.99226542239612,0.08821799529962217,0.9922501631202706,1.8502097339859955,0.256,0.8132841794911223,0.7176282557916845,0.9692168385124629,0.9104083983109488,460,0.1360229355155997,0.2061409568906703,0.052807183062202334,0.26711884854035045,0.2846084192537951,0.053301656737382165,0.4,0.2,True,False,0.0,0
biological_veto_capture,1835087705,259,460,0.9942485899412022,0.9942605256644672,0.09018939024110703,0.9942485899412022,1.8375852098220742,0.256,0.8164371060688405,0.7176286778433483,0.9692168385119756,0.9068931056355933,451,0.1360229355155997,0.2061409568906703,0.052807183062202334,0.26711884854035045,0.2846084192537951,0.053301656737382165,0.4,0.2,True,False,0.0,0
biological_veto_capture,1835087705,260,451,0.9946300975838671,0.9946436285041447,0.08919393224749284,0.9946300975838671,1.859238738509966,0.256,0.8108861858030122,0.7176290787924289,0.9692168385115371,0.9131017513013604,465,0.1360229355155997,0.2061409568906703,0.052807183062202334,0.26711884854035045,0.2846084192537951,0.053301656737382165,0.4,0.2,True,False,0.0,0
biological_veto_capture,1835087705,261,465,0.9938218293186616,0.9938451955163853,0.08483884759846691,0.9938218293186616,1.8445206167121095,0.256,0.8064021970525727,0.7176294596940554,0.9692168385111424,0.9181795288613672,469,0.1360229355155997,0.2061409568906703,0.052807183062202334,0.26711884854035045,0.2846084192537951,0.053301656737382165,0.4,0.2,True,False,0.0,0
biological_veto_capture,1835087705,262,469,0.9951330847011696,0.9951605041098384,0.08357607648682618,0.9951330847011696,1.8158015698866168,0.256,0.8095680650775267,0.7176298215506006,0.9692168385107871,0.9145893898881617,456,0.1360229355155997,0.2061409568906703,0.052807183062202334,0.26711884854035045,0.2846084192537951,0.053301656737382165,0.4,0.2,True,False,0.0,0
biological_veto_capture,1835087705,263,456,0.9944288389754448,0.9944390113841576,0.09146329143650536,0.9944288389754448,1.828414079506182,0.256,0.8092524346420189,0.7176301653143186,0.9692168385104674,0.9149465428817921,460,0.1360229355155997,0.2061409568906703,0.052807183062202334,0.26711884854035045,0.2846084192537951,0.053301656737382165,0.4,0.2,True,False,0.0,0
biological_veto_capture,1835087705,264,460,0.9942673322356539,0.9942847710307753,0.08717143061390534,0.9942673322356539,1.8200155943634657,0.256,0.8130138356806328,0.7176304918898506,0.9692168385101796,0.9107139655533646,452,0.1360229355155997,0.2061409568906703,0.052807183062202334,0.26711884854035045,0.2846084192537951,0.053301656737382165,0.4,0.2,True,False,0.0,0
biological_veto_capture,1835087705,265,452,0.9946450239205518,0.9946558126750609,0.0909967727302275,0.9946450239205518,1.8154065074658357,0.256,0.8128120929368648,0.717630802136606,0.9692168385099207,0.9109404016958079,451,0.1360229355155997,0.2061409568906703,0.052807183062202334,0.26711884854035045,0.2846084192537951,0.053301656737382165,0.4,0.2,True,False,0.0,0
biological_veto_capture,1835087705,266,451,0.9946842470161031,0.9947020446621383,0.08701263276822971,0.9946842470161031,1.7998246565185794,0.256,0.8122406214547231,0.7176310968710237,0.9692168385096877,0.9115816901802247,448,0.1360229355155997,0.2061409568906703,0.052807183062202334,0.26711884854035045,0.2846084192537951,0.053301656737382165,0.4,0.2,True,False,0.0,0
biological_veto_capture,1835087705,267,448,0.9949317882648145,0.9949443746886265,0.08977231941162533,0.9949317882648145,1.7984886225563992,0.256,0.8119555583021282,0.7176313768687205,0.9692168385094779,0.9119020860918182,448,0.1360229355155997,0.2061409568906703,0.052807183062202334,0.26711884854035045,0.2846084192537951,0.053301656737382165,0.4,0.2,True,False,0.0,0
biological_veto_capture,1835087705,268,448,0.9945156421738958,0.9945428857095664,0.08362235655197747,0.9945156421738958,1.7769080535663768,0.256,0.8151058368431895,0.7176316428665325,0.9692168385092892,0.9083780392782006,438,0.1360229355155997,0.2061409568906703,0.052807183062202334,0.26711884854035045,0.2846084192537951,0.053301656737382165,0.4,0.2,True,False,0.0,0
biological_veto_capture,1835087705,269,438,0.9954126508654298,0.9954274121551328,0.08850743116732515,0.9954126508654298,1.788185859979171,0.256,0.8160167799990777,0.7176318955644538,0.9692168385091193,0.9073643100827227,439,0.1360229355155997,0.2061409568906703,0.052807183062202334,0.26711884854035045,0.2846084192537951,0.053301656737382165,0.4,0.2,True,False,0.0,0
biological_veto_capture,1835087705,270,439,0.9950910342841709,0.9951167312365546,0.08409216572621497,0.9950910342841709,1.7898062363595177,0.256,0.8144013430251461,0.7176321356274791,0.9692168385089664,0.9091644514450127,442,0.1360229355155997,0.2061409568906703,0.052807183062202334,0.26711884854035045,0.2846084192537951,0.053301656737382165,0.4,0.2,True,False,0.0,0
biological_veto_capture,1835087705,271,442,0.992638476188144,0.992653521174837,0.08833368537718693,0.992638476188144,1.7919082652681082,0.256,0.8161111317138193,0.7176323636873531,0.9692168385088288,0.9072600002845397,441,0.1360229355155997,0.2061409568906703,0.052807183062202334,0.26711884854035045,0.2846084192537951,0.053301656737382165,0.4,0.2,True,False,0.0,0
biological_veto_capture,1835087705,272,441,0.9939963016280909,0.9940156625165548,0.0863369892039326,0.9939963016280909,1.7913948113939104,0.256,0.8143229043569528,0.7176325803442334,0.9692168385087049,0.9092525890743208,443,0.1360229355155997,0.2061409568906703,0.052807183062202334,0.26711884854035045,0.2846084192537951,0.053301656737382165,0.4,0.2,True,False,0.0,0
biological_veto_capture,1835087705,273,443,0.9936979060841873,0.9937084488608912,0.09117277382397976,0.9936979060841873,1.8033575284564924,0.256,0.8111717775337939,0.7176327861682696,0.9692168385085934,0.9127849883306662,451,0.1360229355155997,0.2061409568906703,0.052807183062202334,0.26711884854035045,0.2846084192537951,0.053301656737382165,0.4,0.2,True,False,0.0,0
biological_veto_capture,1835087705,274,451,0.9923854817300807,0.9924083114566639,0.08501221901285369,0.9923854817300807,1.8147464385354677,0.256,0.8076983778817337,0.7176329817011041,0.969216838508493,0.9167105487761277,460,0.1360229355155997,0.2061409568906703,0.052807183062202334,0.26711884854035045,0.2846084192537951,0.053301656737382165,0.4,0.2,True,False,0.0,0
biological_veto_capture,1835087705,275,460,0.990354600422055,0.9903723005086946,0.08702166238053789,0.990354600422055,1.8059209611175753,0.256,0.808135005575963,0.7176331674572969,0.9692168385084028,0.9162154959020546,458,0.1360229355155997,0.2061409568906703,0.052807183062202334,0.26711884854035045,0.2846084192537951,0.053301656737382165,0.4,0.2,True,False,0.0,0
biological_veto_capture,1835087705,276,458,0.9954703728617483,0.9954927695773211,0.0851893497521401,0.9954703728617483,1.8409460735483147,0.256,0.8059877879714091,0.71763334392568,0.9692168385083215,0.9186565950662876,468,0.1360229355155997,0.2061409568906703,0.052807183062202334,0.26711884854035045,0.2846084192537951,0.053301656737382165,0.4,0.2,True,False,0.0,0
biological_veto_capture,1835087705,277,468,0.9937779941314906,0.9937967151581742,0.0866027551643428,0.9937779941314906,1.8423207316286165,0.256,0.8066837234632468,0.717633511570644,0.9692168385082484,0.9178642736878357,468,0.1360229355155997,0.2061409568906703,0.052807183062202334,0.26711884854035045,0.2846084192537951,0.053301656737382165,0.4,0.2,True,False,0.0,0
biological_veto_capture,1835087705,278,468,0.9942213185942671,0.9942336318744781,0.08994127818271651,0.9942213185942671,1.8449620120593222,0.256,0.8087984071344575,0.7176336708333598,0.9692168385081825,0.915464629655716,465,0.1360229355155997,0.2061409568906703,0.052807183062202334,0.26711884854035045,0.2846084192537951,0.053301656737382165,0.4,0.2,True,False,0.0,0
biological_veto_capture,1835087705,279,465,0.9933570695540451,0.9933817701062992,0.08439307090519226,0.9933570695540451,1.8750425087198914,0.256,0.8106151533796025,0.7176338221329398,0.9692168385081232,0.9134130879142046,470,0.1360229355155997,0.2061409568906703,0.052807183062202334,0.26711884854035045,0.2846084192537951,0.053301656737382165,0.4,0.2,True,False,0.0,0
biological_veto_capture,1835087705,280,470,0.9909932632508128,0.9910016333243427,0.0929880738032878,0.9909932632508128,1.8575748969944477,0.256,0.810450736598512,0.7176339658675408,0.9692168385080699,0.9135985757331535,467,0.1360229355155997,0.2061409568906703,0.052807183062202334,0.26711884854035045,0.2846084192537951,0.053301656737382165,0.4,0.2,True,False,0.0,0
biological_veto_capture,1835087705,281,467,0.9912319754621288,0.9912425292100684,0.09114471682508928,0.9912319754621288,1.8566017815866949,0.256,0.8108461818007927,0.7176341024154117,0.969216838508022,0.9131531925064649,466,0.1360229355155997,0.2061409568906703,0.052807183062202334,0.26711884854035045,0.2846084192537951,0.053301656737382165,0.4,0.2,True,False,0.0,0
biological_veto_capture,1835087705,282,466,0.9927703666137928,0.9927832187598727,0.0895887079471239,0.9927703666137928,1.8823525613186647,0.256,0.8149867566642965,0.7176342321358891,0.9692168385079788,0.9085140431166626,465,0.1360229355155997,0.2061409568906703,0.052807183062202334,0.26711884854035045,0.2846084192537951,0.053301656737382165,0.4,0.2,True,False,0.0,0
biological_veto_capture,1835087705,283,465,0.9925158047370906,0.9925288539228972,0.08946555618862247,0.9925158047370906,1.8871940450813767,0.256,0.8183147094301616,0.7176343553703426,0.9692168385079399,0.9048194197165687,461,0.1360229355155997,0.2061409568906703,0.052807183062202334,0.26711884854035045,0.2846084192537951,0.053301656737382165,0.4,0.2,True,False,0.0,0
biological_veto_capture,1835087705,284,461,0.9931058033794814,0.9931275885565195,0.0853907859698141,0.9931058033794814,1.9066478940216158,0.256,0.8192402754529202,0.7176344724430734,0.969216838507905,0.9037973150354108,464,0.1360229355155997,0.2061409568906703,0.052807183062202334,0.26711884854035045,0.2846084192537951,0.053301656737382165,0.4,0.2,True,False,0.0,0
biological_veto_capture,1835087705,285,464,0.993734963330718,0.9937457420012186,0.09099692982702465,0.993734963330718,1.9151995589357782,0.256,0.8172378526861057,0.7176345836621677,0.9692168385078734,0.9060119690260409,469,0.1360229355155997,0.2061409568906703,0.052807183062202334,0.26711884854035045,0.2846084192537951,0.053301656737382165,0.4,0.2,True,False,0.0,0
biological_veto_capture,1835087705,286,469,0.9945764991594056,0.9945891852257369,0.08970670807889988,0.9945764991594056,1.9106083035283195,0.256,0.8162952371235935,0.7176346893203073,0.9692168385078451,0.9070583183821767,469,0.1360229355155997,0.2061409568906703,0.052807183062202334,0.26711884854035045,0.2846084192537951,0.053301656737382165,0.4,0.2,True,False,0.0,0
biological_veto_capture,1835087705,287,469,0.9923853141623792,0.9923932478127399,0.09342550127322855,0.9923853141623792,1.9002050009258276,0.256,0.8197251456044209,0.7176347896955398,0.9692168385078196,0.9032631152311568,462,0.1360229355155997,0.2061409568906703,0.052807183062202334,0.26711884854035045,0.2846084192537951,0.053301656737382165,0.4,0.2,True,False,0.0,0
biological_veto_capture,1835087705,288,462,0.9933692937589126,0.9933811556398532,0.09023174615281448,0.9933692937589126,1.9228952930273313,0.256,0.8222777473635042,0.7176348850520108,0.9692168385077966,0.9004592297567481,463,0.1360229355155997,0.2061409568906703,0.052807183062202334,0.26711884854035045,0.2846084192537951,0.053301656737382165,0.4,0.2,True,False,0.0,0
biological_veto_capture,1835087705,289,463,0.9935544739267977,0.9935615664067602,0.09432701774535099,0.9935544739267977,1.8953990042051034,0.256,0.8211835984553691,0.7176349756406583,0.969216838507776,0.9016591197091882,458,0.1360229355155997,0.2061409568906703,0.052807183062202334,0.26711884854035045,0.2846084192537951,0.053301656737382165,0.4,0.2,True,False,0.0,0
biological_veto_capture,1835087705,290,458,0.9939894777415943,0.9940060869615309,0.08755716824295408,0.9939894777415943,1.8836459448853802,0.256,0.8186011171536698,0.7176350616998733,0.9692168385077574,0.9045037366549803,459,0.1360229355155997,0.2061409568906703,0.052807183062202334,0.26711884854035045,0.2846084192537951,0.053301656737382165,0.4,0.2,True,False,0.0,0
biological_veto_capture,1835087705,291,459,0.9928213111809099,0.9928364966663017,0.08826116173172137,0.9928213111809099,1.8730877021472523,0.256,0.8154174696172682,0.7176351434561277,0.9692168385077407,0.9080353085835723,462,0.1360229355155997,0.2061409568906703,0.052807183062202334,0.26711884854035045,0.2846084192537951,0.053301656737382165,0.4,0.2,True,False,0.0,0
biological_veto_capture,1835087705,292,462,0.9912137308554643,0.991235040206005,0.08555139126393155,0.9912137308554643,1.887016397562698,0.256,0.8106302409530702,0.7176352211245692,0.9692168385077256,0.9133978679515944,474,0.1360229355155997,0.2061409568906703,0.052807183062202334,0.26711884854035045,0.2846084192537951,0.053301656737382165,0.4,0.2,True,False,0.0,0
biological_veto_capture,1835087705,293,474,0.9912959176631785,0.991311550869927,0.08801762836592811,0.9912959176631785,1.8774774376765984,0.256,0.8091554066310525,0.7176352949095888,0.969216838507712,0.9150627973863832,474,0.1360229355155997,0.2061409568906703,0.052807183062202334,0.26711884854035045,0.2846084192537951,0.053301656737382165,0.4,0.2,True,False,0.0,0
biological_veto_capture,1835087705,294,474,0.9930765240420962,0.9930844587828377,0.09342994967097466,0.9930765240420962,1.9011039615595555,0.256,0.8104155710241592,0.7176353650053573,0.9692168385076998,0.9136399999058437,477,0.1360229355155997,0.2061409568906703,0.052807183062202334,0.26711884854035045,0.2846084192537951,0.053301656737382165,0.4,0.2,True,False,0.0,0
biological_veto_capture,1835087705,295,477,0.9946860745412665,0.9947024631878126,0.08766916234144442,0.9946860745412665,1.8994155869795797,0.256,0.813333750305816,0.7176354315963374,0.9692168385076888,0.910362013947877,471,0.1360229355155997,0.2061409568906703,0.052807183062202334,0.26711884854035045,0.2846084192537951,0.053301656737382165,0.4,0.2,True,False,0.0,0
biological_veto_capture,1835087705,296,471,0.992104376483087,0.9921274182610912,0.08493637063504532,0.992104376483087,1.8794105168741553,0.256,0.815976789829273,0.7176354948577685,0.9692168385076789,0.9074133301828088,463,0.1360229355155997,0.2061409568906703,0.052807183062202334,0.26711884854035045,0.2846084192537951,0.053301656737382165,0.4,0.2,True,False,0.0,0
biological_veto_capture,1835087705,297,463,0.9917388487091082,0.9917523079703453,0.0892130276425918,0.9917388487091082,1.8740861523151136,0.256,0.8146376074231149,0.717635554956128,0.96921683850767,0.9089051026752185,464,0.1360229355155997,0.2061409568906703,0.052807183062202334,0.26711884854035045,0.2846084192537951,0.053301656737382165,0.4,0.2,True,False,0.0,0
biological_veto_capture,1835087705,298,464,0.9916466856424876,0.9916621643460783,0.08809950407547164,0.9916466856424876,1.8796713641920313,0.256,0.8124310663757035,0.7176356120495695,0.969216838507662,0.9113737371317835,469,0.1360229355155997,0.2061409568906703,0.052807183062202334,0.26711884854035045,0.2846084192537951,0.053301656737382165,0.4,0.2,True,False,0.0,0
biological_veto_capture,1835087705,299,469,0.9935337596211906,0.9935489183455541,0.08828091176046761,0.9935337596211906,1.8597423059881262,0.256,0.8106661793576726,0.717635666288339,0.9692168385076548,0.9133579418261963,466,0.1360229355155997,0.2061409568906703,0.052807183062202334,0.26711884854035045,0.2846084192537951,0.053301656737382165,0.4,0.2,True,False,0.0,0
