arm,seed,step,novelty_vector_count,h_n_latest,h_n_shape_latest,V,H_N,L_t,total_suppression,avg_wb,theta_capability,transfer_state,g,population,x_compute,x_bio_welfare,x_novelty_agency,x_institutional_capacity,x_transfer_comprehension,x_resilience,c_protective,c_suppressive,adapter_active,action_modified,adapter_score,shape_fallback_increase
bootstrap_subversion,1835087714,0,200,0.9812493194860722,0.9812921102097614,0.07992157353854046,0.9812493194860722,0.0972881721067103,0.126,0.6637643937491222,0.5127656242576347,0.55,1.404566354859727,201,0.15957030322043447,0.34031287130598414,0.029710300306957628,0.16822845093045344,0.300905324648973,0.0012727495871972228,0.6,0.0,False,False,0.0,2
bootstrap_subversion,1835087714,1,201,0.9737983986059449,0.9827238475847272,0.03742366778078686,0.9737983986059449,0.11739834681646782,0.41400000000000003,0.6798274477637019,0.5216523489123107,0.5950000000000001,1.2896311258267263,200,0.11906257334447155,0.21738617030917376,0.00694372814413591,0.25923952868742217,0.3899732422300235,0.007394757284773182,0.2,0.4,False,False,0.0,0
bootstrap_subversion,1835087714,2,200,0.9788040860893548,0.9845196466678623,0.04098611935294538,0.9788040860893548,0.14136255751194732,0.4,0.6894913371168219,0.5365933756873416,0.6338929189907317,1.227723567021738,206,0.20029555275808011,0.19617673899795887,0.04093903591644635,0.19849369387183413,0.2919645949536581,0.0721303835020225,0.0,0.4,False,False,0.0,0
bootstrap_subversion,1835087714,3,206,0.9836491219709854,0.9837102407215101,0.07710341917010212,0.9836491219709854,0.16700465393994077,0.2,0.7045992310411293,0.5412886872035462,0.6612774704985755,1.161724260681786,211,0.08156225375714607,0.17433099386620257,0.12000066937818477,0.3505625152636118,0.2538692170345846,0.019674350700270113,0.0,0.2,False,False,0.0,0
bootstrap_subversion,1835087714,4,211,0.9855103045525002,0.9855105569565559,0.1208151459258664,0.9855103045525002,0.1882188749832064,0.0,0.7180170043106279,0.5428525417065339,0.695149723448718,1.087598980471138,211,0.045353610789562335,0.3497655927641682,7.839069026892343e-05,0.2447287708196661,0.36007363420303995,7.332945961511416e-10,0.0,0.0,False,False,0.0,0
bootstrap_subversion,1835087714,5,211,0.9835253280970722,0.984567731988615,0.054531872397832894,0.9835253280970722,0.20009007534679948,0.35,0.7306046885773314,0.5636907637279306,0.7064331257683438,1.092162870600921,206,0.28726061383404305,0.22829056090960265,0.05165257498246771,0.17089004375832798,0.20399187332248842,0.0579143331930703,1.0,0.0,False,False,0.0,0
bootstrap_subversion,1835087714,6,206,0.986989323235002,0.9870275702611205,0.08086152564703988,0.986989323235002,0.22136811269211049,0.21400000000000002,0.7413985177618294,0.5614124122586323,0.7357898131915095,1.029144899343269,206,0.011327333963727858,0.2703683937289416,0.056330609128034136,0.2738410954463446,0.3297121569915356,0.0584204107414162,0.2,0.2,False,False,0.0,0
bootstrap_subversion,1835087714,7,206,0.9830359283982758,0.9840755092573567,0.054549478534263965,0.9830359283982758,0.24025760988264408,0.35,0.7507479556942018,0.5699726080849552,0.7437103670404657,1.0208360326173733,209,0.1453852054906816,0.23694521384013761,0.12556293806821378,0.25003098845448274,0.20749767584053563,0.03457797830594876,1.0,0.0,False,False,0.0,0
bootstrap_subversion,1835087714,8,209,0.9641657262352296,0.9864410960388431,0.030173635621571958,0.9641657262352296,0.25354493951063056,0.526,0.757044741188071,0.5787610239094544,0.7366654674951975,1.0377850672612727,214,0.15358807785933626,0.1979094235687122,0.08453783971240911,0.3425278197506708,0.13663068579389182,0.08480615331497988,0.6,0.4,False,False,0.0,0
bootstrap_subversion,1835087714,9,214,0.9880989142264412,0.9881461054263786,0.07919779809720989,0.9880989142264412,0.27079399918079805,0.21400000000000002,0.7663523517753736,0.5990932838039627,0.7294866447946853,1.071639248229526,209,0.3033788886247625,0.21382321613969624,0.016964422546852605,0.26250969986591494,0.13243862024503777,0.07088515257773591,0.2,0.2,False,False,0.0,0
bootstrap_subversion,1835087714,10,209,0.9569648865609386,0.9859170614220122,0.02808256269374059,0.9569648865609386,0.28572506461729613,0.55,0.7691782007901997,0.6160281549673711,0.7439336036298193,1.0765629212618772,212,0.2736191919200812,0.15658569879764647,0.04959572350647927,0.24698635165332256,0.23697811657301265,0.03623491754945789,1.0,0.2,False,False,0.0,0
bootstrap_subversion,1835087714,11,212,0.9868977179147769,0.9868977319094578,0.1438496960953448,0.9868977179147769,0.3219382476063079,0.0,0.7694243062716543,0.6303407216099909,0.7695402432668373,1.0645795678525791,219,0.25142467988735473,0.17375547549231352,0.03585113140026167,0.17745794957782224,0.3463654168896546,0.015145346752593304,0.0,0.0,False,False,0.0,0
bootstrap_subversion,1835087714,12,219,0.9842298052880311,0.984239567668123,0.09170872724871701,0.9842298052880311,0.3484032548330092,0.21400000000000002,0.7669814321999393,0.6302881943754162,0.7883318188171297,1.042426075447134,227,0.08080636057406008,0.1821055694860096,0.08112907642205629,0.3001949904859518,0.27872799938488,0.0770360036470424,0.2,0.2,False,False,0.0,0
bootstrap_subversion,1835087714,13,227,0.9811156857066774,0.984581308633499,0.04496904330290009,0.9811156857066774,0.3655637942768563,0.456,0.7773797641124403,0.6410565990926539,0.7953092018697979,1.0368767503328453,226,0.2160351804501065,0.2938177719460032,0.008360494211316138,0.2518556808244576,0.22905282467190616,0.0008780478962104588,0.4,0.4,False,False,0.0,0
bootstrap_subversion,1835087714,14,226,0.9839711860076106,0.9841623544034086,0.068029916798433,0.9839711860076106,0.39433591768365184,0.326,0.764893091808251,0.6467573807669057,0.8157782816828181,1.036498113536673,234,0.15942014536105614,0.14267534864077544,0.07721497694424731,0.302862711905688,0.31196181015052743,0.005865006997705793,0.6,0.2,False,False,0.0,0
bootstrap_subversion,1835087714,15,234,0.9920539803623998,0.9920539895664768,0.1472266933928616,0.9920539803623998,0.4146445867862358,0.0,0.768774697552578,0.6516176270136134,0.8234769513501462,1.0293007633337627,237,0.15247644106316197,0.19097875728682298,0.04347148012563172,0.232469346247676,0.24638248917804978,0.13422148609865758,0.0,0.0,False,False,0.0,0
bootstrap_subversion,1835087714,16,237,0.9881503963982469,0.9894105807466673,0.053060676697264095,0.9881503963982469,0.4258545016880956,0.4,0.7713315834150134,0.64950717091792,0.8383978152104083,1.0043676079743056,236,0.06838031568734075,0.1855444577175445,0.09350954632430541,0.2983453725175771,0.286342794976384,0.06787751277684835,0.0,0.4,False,False,0.0,0
bootstrap_subversion,1835087714,17,236,0.9870170961280466,0.9870171666921481,0.13097249812182016,0.9870170961280466,0.45789157176347267,0.014000000000000002,0.7708653684012738,0.6513791159862844,0.8545580336893676,0.9888120129070288,249,0.11684129517825535,0.26828687397702466,0.055627863366838205,0.20826922261275024,0.3066257348996096,0.04434900996552198,0.2,0.0,False,False,0.0,0
bootstrap_subversion,1835087714,18,249,0.9865297266001869,0.9890818292218625,0.04744092837293058,0.9865297266001869,0.4669022012753781,0.42400000000000004,0.7726275284498554,0.6639404950235943,0.8372575225747187,1.026360481468042,250,0.2516291854578016,0.1733622791973222,0.03443055403737704,0.3779470888140409,0.1407764612714395,0.021854431222018834,0.8,0.2,False,False,0.0,0
bootstrap_subversion,1835087714,19,250,0.9845714886875276,0.984577568312085,0.09548129845921736,0.9845714886875276,0.47421783184210503,0.2,0.7758994597625621,0.663934276414842,0.8506925241816269,1.0058819717890362,248,0.10238507678034359,0.2656084823375164,0.09993886445874296,0.2407062836437926,0.2858037693219001,0.005557523457704417,0.0,0.2,False,False,0.0,0
bootstrap_subversion,1835087714,20,248,0.9918710000714335,0.9918822517632931,0.09064010946894174,0.9918710000714335,0.49573380917048987,0.2,0.7746443915602385,0.6771342382516053,0.8377491196612031,1.0434182120576325,255,0.2674584457188174,0.24757486577439897,0.04829612132370558,0.24699921800168978,0.16062923948869468,0.02904210969269362,0.0,0.2,False,False,0.0,0
bootstrap_subversion,1835087714,21,255,0.9615463289949413,0.9909793890770041,0.02799220224632602,0.9615463289949413,0.48742357437097156,0.55,0.7847704819920748,0.6820767038431085,0.836166668117354,1.039435884338102,255,0.172489718801043,0.3552828602924172,0.03826725195647131,0.20656886974915947,0.21096230211135547,0.016428997089553664,1.0,0.2,False,False,0.0,0
bootstrap_subversion,1835087714,22,255,0.9838716250897672,0.9838765575933753,0.09714005078827698,0.9838716250897672,0.5208093424088545,0.2,0.7891981390709663,0.6878703790690728,0.8525500013056185,1.022352577956547,258,0.18621888022649627,0.20273670160924237,0.012823318646391578,0.21434242374326887,0.3193238327087438,0.06455484306585714,0.0,0.2,False,False,0.0,0
bootstrap_subversion,1835087714,23,258,0.9901943781740433,0.9902010845508412,0.09474562405319717,0.9901943781740433,0.5264440337556022,0.22400000000000003,0.7916694007383484,0.6789859576200559,0.8672950011750566,0.988894793150196,254,0.006363718805459515,0.17492895652155976,9.31642139468391e-09,0.4446697066751374,0.3686756467923649,0.005361961889057072,0.8,0.0,False,False,0.0,0
bootstrap_subversion,1835087714,24,254,0.9886537464609073,0.9886537941914791,0.13409767299431824,0.9886537464609073,0.5284461504774028,0.05600000000000001,0.7986550546680765,0.6886981470353694,0.8726792994981503,0.9881320720058737,250,0.23326859120395366,0.21958778750034905,0.05505848784489954,0.19402265122953863,0.2605689922029962,0.0374934900182629,0.4,0.0,False,False,0.0,0
bootstrap_subversion,1835087714,25,250,0.9901683482120399,0.9901773666686069,0.09238754477337567,0.9901683482120399,0.5410748885036103,0.2,0.7995959644664427,0.6927052422332346,0.8614557676825061,1.0056454607506833,254,0.1680250318704215,0.2263606696727457,0.10111048627534498,0.2731342741053111,0.1802219906708543,0.05114754740532244,0.0,0.2,False,False,0.0,0
bootstrap_subversion,1835087714,26,254,0.985881916522128,0.9858819197349755,0.155554905829981,0.985881916522128,0.5555213102119683,0.0,0.7979208894422649,0.6915503433382776,0.8753101909142554,0.9901522563288724,256,0.1060045402088091,0.1563051318694969,0.10201842072740508,0.27198422979676534,0.3167938857152307,0.046893791682293,0.0,0.0,False,False,0.0,0
bootstrap_subversion,1835087714,27,256,0.9859415749446974,0.98763714382227,0.05068416198337422,0.9859415749446974,0.5712222561156678,0.42400000000000004,0.7951380713809763,0.6897116162861219,0.8799342133162592,0.9857681642590583,261,0.0967348764344767,0.21670271843664957,0.08446966823071733,0.2714040564317285,0.2607752074671466,0.06991347299928143,0.8,0.2,False,False,0.0,0
bootstrap_subversion,1835087714,28,261,0.9829510752639108,0.9840224619426269,0.05430916334354001,0.9829510752639108,0.595367395273022,0.41400000000000003,0.790896742612467,0.6941590911696012,0.8741614371333036,1.0040320700130072,272,0.17416319622231763,0.27139140069437234,0.04688823975436666,0.2916696330732004,0.21110322574335152,0.004784304512391524,0.2,0.4,False,False,0.0,0
bootstrap_subversion,1835087714,29,272,0.9911694706574049,0.9912983813787404,0.07122397101645674,0.9911694706574049,0.625899941475564,0.326,0.7870734410912779,0.6960289192878271,0.8867452934199733,0.9972708722059644,278,0.14472228345882396,0.1548405472297792,0.039799699572136644,0.32150179614953167,0.33400094461801877,0.005134728971709901,0.6,0.2,False,False,0.0,0
bootstrap_subversion,1835087714,30,278,0.9362370520533235,0.9888013116398197,0.02335849772412169,0.9362370520533235,0.6013975144201227,0.6240000000000001,0.786485091030418,0.6991021035885272,0.898070764077976,0.9897820102183343,282,0.16093287831364428,0.1717747106452663,0.002665333737677921,0.18604818632308245,0.30488825391258195,0.17369063706774712,0.8,0.4,False,False,0.0,0
bootstrap_subversion,1835087714,31,282,0.9899229378717959,0.9899229500726598,0.14496594736808188,0.9899229378717959,0.6467373458230422,0.0,0.7872532049813843,0.7009835620277478,0.8953774142653358,0.9944598674879459,287,0.14795704523308728,0.2186051741139799,0.07901982365197951,0.23205825101069485,0.23556863297578678,0.08679107301447167,0.0,0.0,False,False,0.0,0
bootstrap_subversion,1835087714,32,287,0.9869317872438078,0.9869318308403752,0.13480492923252613,0.9869317872438078,0.6456813024656332,0.014000000000000002,0.7933829802241515,0.7040887356747444,0.8844442064459817,1.0033999503913318,285,0.16442939685479976,0.16991659417600308,0.07105391770249572,0.2883560896042909,0.19302266803589735,0.1132213336265131,0.2,0.0,False,False,0.0,0
bootstrap_subversion,1835087714,33,285,0.9871793947645465,0.9871828148597035,0.10008156214019719,0.9871793947645465,0.651807995900046,0.2,0.7881729835731182,0.7188842988910071,0.8926939841094145,1.0217269430017442,293,0.3838845471307252,0.2404083958056486,0.0011847050562433152,0.06691325619922686,0.283470991540155,0.024138104268001156,0.0,0.2,False,False,0.0,0
bootstrap_subversion,1835087714,34,293,0.9878000211648094,0.9890856121188186,0.052899174886372566,0.9878000211648094,0.639964412719005,0.4,0.7939354669028066,0.712007159847169,0.889162668624587,1.008597615208159,286,0.05083844875890339,0.21302256653840676,0.202800090925783,0.27007780990257596,0.22869041463056988,0.0345706692437611,0.0,0.4,False,False,0.0,0
bootstrap_subversion,1835087714,35,286,0.9914112645811799,0.9917474884283883,0.06359659437191081,0.9914112645811799,0.6541858309768013,0.35,0.7947885931626749,0.7165687959499706,0.8799201551282885,1.024620406657548,289,0.18952492618950006,0.217328107591044,0.019633406601301938,0.3682039739243196,0.19836876683080049,0.006940818863034006,1.0,0.0,False,False,0.0,0
bootstrap_subversion,1835087714,36,289,0.987693872203856,0.9876988118438218,0.09715940657545113,0.987693872203856,0.6381357769225796,0.22400000000000003,0.7960145293227934,0.7276583326823817,0.8663882434296264,1.0551008228368641,288,0.2739747066238699,0.18656474823929498,0.16058032008444004,0.15434836645976252,0.1723005190708339,0.052231339521798675,0.8,0.0,False,False,0.0,0
bootstrap_subversion,1835087714,37,288,0.9863109812304686,0.9895903577860049,0.04544914453929915,0.9863109812304686,0.6324176964765802,0.456,0.802173839036881,0.723873241604719,0.8626203779347923,1.0461026811019365,283,0.09497281945570489,0.3626279174128046,0.0014484223437054701,0.3078423275409871,0.2143547942406426,0.018753719006155266,0.4,0.4,False,False,0.0,0
bootstrap_subversion,1835087714,38,283,0.9889994006147084,0.989319641258465,0.0639647746971473,0.9889994006147084,0.6358384150010107,0.35,0.8076945275389839,0.7170275218498807,0.8704770861590496,1.0198383560423887,279,0.05434927906747109,0.18769033776926483,0.08488188141875086,0.35115331412186046,0.27059373008868287,0.05133145753396989,1.0,0.0,False,False,0.0,0
bootstrap_subversion,1835087714,39,279,0.9851461657356189,0.9863162051762652,0.05362654382505164,0.9851461657356189,0.6328680706028771,0.42400000000000004,0.8103736708764634,0.7137159930967598,0.8597654956206,1.0243776500513604,280,0.09424809174216417,0.32255409427246806,0.06160755639185231,0.29022581049310436,0.18168059038727677,0.04968385671313449,0.8,0.2,False,False,0.0,0
bootstrap_subversion,1835087714,40,280,0.9883503995602306,0.9883579581439698,0.09377856965141732,0.9883503995602306,0.6514573351856802,0.21400000000000002,0.8131505651367925,0.7127475189187366,0.8668339434754401,1.0111808516630465,282,0.12146656846018362,0.18615612108753485,0.03668349674748316,0.30852021475149793,0.2652249870845003,0.08194861186880015,0.2,0.2,False,False,0.0,0
bootstrap_subversion,1835087714,41,282,0.9843468356087348,0.9843625902520241,0.08790003900044692,0.9843468356087348,0.65581059005112,0.256,0.7978786068540447,0.7077095571445491,0.880150549127896,1.0077696512518914,286,0.06999267714686642,0.13889135283559526,0.01667957035456227,0.31147611508525,0.32394029864587587,0.13901998593185014,0.4,0.2,False,False,0.0,0
bootstrap_subversion,1835087714,42,286,0.98462617065126,0.9860763610260398,0.05191591906627696,0.98462617065126,0.670152895734782,0.41400000000000003,0.8020398320584988,0.7186362600032689,0.8766095541894715,1.0221320102772042,289,0.2664022589493406,0.20389950589790362,0.028663615863025137,0.22059550441619344,0.22237029987182536,0.058068815001711994,0.2,0.4,False,False,0.0,0
bootstrap_subversion,1835087714,43,289,0.9902593010243258,0.9902710631201604,0.0902740309177148,0.9902593010243258,0.6863378979276611,0.22400000000000003,0.800487122520545,0.7129764714746588,0.8888477486604608,1.0020594121899966,291,0.06590030589441728,0.23558446027163918,0.007960966969662217,0.38645404144898327,0.2994957494496822,0.004604475965615753,0.8,0.0,False,False,0.0,0
bootstrap_subversion,1835087714,44,291,0.9904560875355154,0.9904561147251537,0.13859159301635357,0.9904560875355154,0.6864211891685167,0.05600000000000001,0.7999280493356994,0.7126316146341237,0.8721004214678731,1.0215218565326913,295,0.12879958416497328,0.20522563548531275,0.1424756948433435,0.3565364918342382,0.1606872383672922,0.006275355304840135,0.4,0.0,False,False,0.0,0
bootstrap_subversion,1835087714,45,295,0.9912937899605644,0.9922080793896093,0.05563726989549568,0.9912937899605644,0.6817507558976731,0.4,0.7936597867953323,0.7203212503991223,0.8727674959340248,1.0399040929563501,290,0.22901520620880975,0.1525729354347939,0.029461048838302792,0.3405120745514519,0.23938558306469462,0.009053151901946914,0.0,0.4,False,False,0.0,0
bootstrap_subversion,1835087714,46,290,0.994214728491609,0.9942576047535001,0.08001016245230382,0.994214728491609,0.6898503511863926,0.256,0.7982627283890869,0.7276033353901331,0.8839406730369794,1.0311591774565345,289,0.22872684388708606,0.19314972941559452,0.054092918352468884,0.18066709961704958,0.2922496334817856,0.05111377524601529,0.4,0.2,False,False,0.0,0
bootstrap_subversion,1835087714,47,289,0.9451425909953801,0.9905902417494841,0.02453088016161024,0.9451425909953801,0.6707824685827783,0.6,0.8012700482999192,0.7230074220702762,0.8955466057332815,1.0075709891267015,292,0.0848031681206216,0.22545807399944795,0.051025435105955946,0.2509377283590284,0.30662552982414193,0.08115006459080427,0.0,0.6,False,False,0.0,0
bootstrap_subversion,1835087714,48,292,0.9893786300544523,0.9893786383612985,0.1480216349940192,0.9893786300544523,0.6917412911247197,0.014000000000000002,0.8017254081825937,0.7368570509667625,0.9058619125881323,1.0146017248411618,289,0.36951948783970984,0.17046545840648794,0.02597799264577316,0.09494946691778523,0.29934983714089464,0.03973775704934909,0.2,0.0,False,False,0.0,0
bootstrap_subversion,1835087714,49,289,0.9866247373690643,0.98662480433295,0.13138618706476815,0.9866247373690643,0.68678440006875,0.05600000000000001,0.8009671992922587,0.7346657619204064,0.9077885921241113,1.010393045499641,289,0.12064454377477668,0.21795829581613385,0.059390414816071914,0.21847096045255607,0.26256435397396133,0.12097143116650005,0.4,0.0,False,False,0.0,0
bootstrap_subversion,1835087714,50,289,0.15726583897858395,0.9901160049580883,0.0013768411117388419,0.15726583897858395,0.09464814451877307,0.9,0.7387826796637477,0.7479324738243861,0.8730097329117003,1.1596491105855953,290,0.42,0.03,0.03,0.04,0.08,0.4,0.0,0.9,True,True,0.0,0
bootstrap_subversion,1835087714,51,290,0.9882772396899102,0.9882775612946596,0.11890880066893661,0.9882772396899102,0.6083059898585312,0.05600000000000001,0.7443983608664217,0.745187413635149,0.8782216304153225,1.1398717050193152,293,0.12064454377477668,0.21795829581613385,0.059390414816071914,0.21847096045255607,0.26256435397396133,0.12097143116650005,0.4,0.0,True,True,0.0,0
bootstrap_subversion,1835087714,52,293,0.9854948516465003,0.9854950924185214,0.1211905827969538,0.9854948516465003,0.6226987846612816,0.05600000000000001,0.7434059266445717,0.7425796064553737,0.8829123381685825,1.131356335005163,300,0.12064454377477668,0.21795829581613385,0.059390414816071914,0.21847096045255607,0.26256435397396133,0.12097143116650005,0.4,0.0,True,True,0.0,0
bootstrap_subversion,1835087714,53,300,0.9880299945403045,0.9880301293488094,0.1258278380707333,0.9880299945403045,0.635371091436065,0.05600000000000001,0.7417179874881208,0.7401021896345872,0.8871339751465165,1.1247698485781907,305,0.12064454377477668,0.21795829581613385,0.059390414816071914,0.21847096045255607,0.26256435397396133,0.12097143116650005,0.4,0.0,True,True,0.0,0
bootstrap_subversion,1835087714,54,305,0.9895398658714616,0.9895401256330022,0.12061891111188164,0.9895398658714616,0.6382851105704552,0.05600000000000001,0.7443512425985379,0.7377486436548399,0.8909334484266571,1.1124621355981636,304,0.12064454377477668,0.21795829581613385,0.059390414816071914,0.21847096045255607,0.26256435397396133,0.12097143116650005,0.4,0.0,True,True,0.0,0
bootstrap_subversion,1835087714,55,304,0.9898325027387139,0.9898326949730257,0.12301763731668434,0.9898325027387139,0.6579200212415426,0.05600000000000001,0.745620507561423,0.7355127749740801,0.8943529743787837,1.102969289329176,312,0.12064454377477668,0.21795829581613385,0.059390414816071914,0.21847096045255607,0.26256435397396133,0.12097143116650005,0.4,0.0,True,True,0.0,0
bootstrap_subversion,1835087714,56,312,0.9867987599347382,0.986799000037688,0.12122325851240232,0.9867987599347382,0.6475440510071007,0.05600000000000001,0.7515704885353464,0.7333886997273582,0.8974305477356976,1.087335699117114,305,0.12064454377477668,0.21795829581613385,0.059390414816071914,0.21847096045255607,0.26256435397396133,0.12097143116650005,0.4,0.0,True,True,0.0,0
bootstrap_subversion,1835087714,57,305,0.9923111826002948,0.9923114302476442,0.12102133259551519,0.9923111826002948,0.6496502868042915,0.05600000000000001,0.7611348033307986,0.7313708282429724,0.9002003637569201,1.067423768404157,300,0.12064454377477668,0.21795829581613385,0.059390414816071914,0.21847096045255607,0.26256435397396133,0.12097143116650005,0.4,0.0,True,True,0.0,0
bootstrap_subversion,1835087714,58,300,0.9852826824235834,0.9852827997184516,0.1269134314918665,0.9852826824235834,0.6532648758736096,0.05600000000000001,0.7647678110105114,0.7294538503328059,0.9026931981760205,1.056642441418016,302,0.12064454377477668,0.21795829581613385,0.059390414816071914,0.21847096045255607,0.26256435397396133,0.12097143116650005,0.4,0.0,True,True,0.0,0
bootstrap_subversion,1835087714,59,302,0.9884284256479897,0.9884285310341954,0.1277910049738505,0.9884284256479897,0.6440389613350402,0.05600000000000001,0.7660509294155828,0.7276327213181477,0.9049367491532107,1.0496302825989836,296,0.12064454377477668,0.21795829581613385,0.059390414816071914,0.21847096045255607,0.26256435397396133,0.12097143116650005,0.4,0.0,True,True,0.0,0
bootstrap_subversion,1835087714,60,296,0.9872793457308853,0.9872794063270858,0.13218684736437802,0.9872793457308853,0.6485984709907372,0.05600000000000001,0.7691981514496202,0.7259026487542225,0.9069559450326818,1.0405284456648118,297,0.12064454377477668,0.21795829581613385,0.059390414816071914,0.21847096045255607,0.26256435397396133,0.12097143116650005,0.4,0.0,True,True,0.0,0
bootstrap_subversion,1835087714,61,297,0.9882748499198236,0.9882749390465058,0.1291236615998771,0.9882748499198236,0.6605545465290404,0.05600000000000001,0.7692148545214665,0.7242590798184935,0.9087732213242059,1.036073974940611,302,0.12064454377477668,0.21795829581613385,0.059390414816071914,0.21847096045255607,0.26256435397396133,0.12097143116650005,0.4,0.0,True,True,0.0,0
bootstrap_subversion,1835087714,62,302,0.9880608824586042,0.9880610986175812,0.12206966771557069,0.9880608824586042,0.6631658000978622,0.05600000000000001,0.774706085345381,0.7226976893295509,0.9104087699865776,1.024668218420448,301,0.12064454377477668,0.21795829581613385,0.059390414816071914,0.21847096045255607,0.26256435397396133,0.12097143116650005,0.4,0.0,True,True,0.0,0
bootstrap_subversion,1835087714,63,301,0.9888660473317809,0.9888661920393527,0.12527052268127892,0.9888660473317809,0.6609330881772979,0.05600000000000001,0.7764639014682515,0.7212143683650555,0.9118807637827121,1.0186032235745925,299,0.12064454377477668,0.21795829581613385,0.059390414816071914,0.21847096045255607,0.26256435397396133,0.12097143116650005,0.4,0.0,True,True,0.0,0
bootstrap_subversion,1835087714,64,299,0.9904305602314344,0.9904306143965415,0.1331052967331788,0.9904305602314344,0.6630428117397977,0.05600000000000001,0.7802572084099879,0.7198052134487849,0.9132055581992331,1.010202995872132,298,0.12064454377477668,0.21795829581613385,0.059390414816071914,0.21847096045255607,0.26256435397396133,0.12097143116650005,0.4,0.0,True,True,0.0,0
bootstrap_subversion,1835087714,65,298,0.9920597396785694,0.9920598713376639,0.12604840850260204,0.9920597396785694,0.6519168366852168,0.05600000000000001,0.7870557319476676,0.7184665162783278,0.914397873174102,0.9983109610403663,290,0.12064454377477668,0.21795829581613385,0.059390414816071914,0.21847096045255607,0.26256435397396133,0.12097143116650005,0.4,0.0,True,True,0.0,0
bootstrap_subversion,1835087714,66,290,0.9870741594196043,0.9870741870898827,0.13842488310616047,0.9870741594196043,0.6518516922678739,0.05600000000000001,0.7937873524510488,0.7171947539663935,0.9154709566514841,0.9869345628290653,289,0.12064454377477668,0.21795829581613385,0.059390414816071914,0.21847096045255607,0.26256435397396133,0.12097143116650005,0.4,0.0,True,True,0.0,0
bootstrap_subversion,1835087714,67,289,0.9902683777495208,0.9902683940619683,0.1426569461650776,0.9902683777495208,0.6659838176122844,0.05600000000000001,0.7947952639232115,0.715986579770056,0.916436731781128,0.9829855273604005,294,0.12064454377477668,0.21795829581613385,0.059390414816071914,0.21847096045255607,0.26256435397396133,0.12097143116650005,0.4,0.0,True,True,0.0,0
bootstrap_subversion,1835087714,68,294,0.9878682768838526,0.9878683072437088,0.13769288923353937,0.9878682768838526,0.6759768923846132,0.05600000000000001,0.7953744639046308,0.7148388142835354,0.9173059293978074,0.9797658128971084,299,0.12064454377477668,0.21795829581613385,0.059390414816071914,0.21847096045255607,0.26256435397396133,0.12097143116650005,0.4,0.0,True,True,0.0,0
bootstrap_subversion,1835087714,69,299,0.9880529375176044,0.9880529513148577,0.14397210344913858,0.9880529375176044,0.6679296717796516,0.05600000000000001,0.7966749431773279,0.7137484370713407,0.9180882072528189,0.9758422182585705,295,0.12064454377477668,0.21795829581613385,0.059390414816071914,0.21847096045255607,0.26256435397396133,0.12097143116650005,0.4,0.0,True,True,0.0,0
bootstrap_subversion,1835087714,70,295,0.989170896175627,0.9891709164147755,0.14093120838419745,0.989170896175627,0.6706198723294023,0.05600000000000001,0.8047349936168464,0.7127125787197558,0.9187922573223293,0.963927144131728,293,0.12064454377477668,0.21795829581613385,0.059390414816071914,0.21847096045255607,0.26256435397396133,0.12097143116650005,0.4,0.0,True,True,0.0,0
bootstrap_subversion,1835087714,71,293,0.9903727570654639,0.9903727729458629,0.14287145649748245,0.9903727570654639,0.6750987366350188,0.05600000000000001,0.8067070079108579,0.7117285132857502,0.9194259023848886,0.9595813541720225,294,0.12064454377477668,0.21795829581613385,0.059390414816071914,0.21847096045255607,0.26256435397396133,0.12097143116650005,0.4,0.0,True,True,0.0,0
bootstrap_subversion,1835087714,72,294,0.9849339587340679,0.984933993347452,0.13662549105442745,0.9849339587340679,0.6679899745688234,0.05600000000000001,0.8057159459970895,0.7107936511234447,0.919996182941192,0.9589049392135729,293,0.12064454377477668,0.21795829581613385,0.059390414816071914,0.21847096045255607,0.26256435397396133,0.12097143116650005,0.4,0.0,True,True,0.0,0
bootstrap_subversion,1835087714,73,293,0.9875916233560988,0.9875916468360657,0.13973618904135998,0.9875916233560988,0.666381595347844,0.05600000000000001,0.8074985163156868,0.7099055320692547,0.920509435441865,0.9550598388922275,291,0.12064454377477668,0.21795829581613385,0.059390414816071914,0.21847096045255607,0.26256435397396133,0.12097143116650005,0.4,0.0,True,True,0.0,0
bootstrap_subversion,1835087714,74,291,0.9889662409459326,0.9889662610847182,0.14096913227099653,0.9889662409459326,0.6768506779858464,0.05600000000000001,0.8083297553492346,0.7090618189677741,0.9209713626924708,0.9524658392817791,295,0.12064454377477668,0.21795829581613385,0.059390414816071914,0.21847096045255607,0.26256435397396133,0.12097143116650005,0.4,0.0,True,True,0.0,0
bootstrap_subversion,1835087714,75,295,0.9898850587307952,0.9898851093027548,0.1336472881307546,0.9898850587307952,0.67312935151315,0.05600000000000001,0.8173922059440838,0.7082602915213675,0.921387097218016,0.9404165756028549,290,0.12064454377477668,0.21795829581613385,0.059390414816071914,0.21847096045255607,0.26256435397396133,0.12097143116650005,0.4,0.0,True,True,0.0,0
bootstrap_subversion,1835087714,76,290,0.9909841392216747,0.9909841488661508,0.14684606024759914,0.9909841392216747,0.6892832074975472,0.05600000000000001,0.8140453890947985,0.7074988404472813,0.9217612582910067,0.942884857127752,298,0.12064454377477668,0.21795829581613385,0.059390414816071914,0.21847096045255607,0.26256435397396133,0.12097143116650005,0.4,0.0,True,True,0.0,0
bootstrap_subversion,1835087714,77,298,0.9908365544975564,0.9908365644334293,0.14660793191223298,0.9908365544975564,0.6998753464029455,0.05600000000000001,0.8134503965765417,0.7067754619268993,0.9220980032566983,0.9422655349381419,303,0.12064454377477668,0.21795829581613385,0.059390414816071914,0.21847096045255607,0.26256435397396133,0.12097143116650005,0.4,0.0,True,True,0.0,0
bootstrap_subversion,1835087714,78,303,0.9860979016706928,0.9860979346851412,0.13701136511580286,0.9860979016706928,0.6839829155562749,0.05600000000000001,0.8208805193817276,0.7060882523325365,0.9224010737258208,0.9325223225951125,295,0.12064454377477668,0.21795829581613385,0.059390414816071914,0.21847096045255607,0.26256435397396133,0.12097143116650005,0.4,0.0,True,True,0.0,0
bootstrap_subversion,1835087714,79,295,0.9926763978539671,0.9926764098051104,0.1451526703918476,0.9926763978539671,0.6954098444158034,0.05600000000000001,0.8156610547313302,0.7054354032178918,0.922673837148031,0.9373446798364553,300,0.12064454377477668,0.21795829581613385,0.059390414816071914,0.21847096045255607,0.26256435397396133,0.12097143116650005,0.4,0.0,True,True,0.0,0
bootstrap_subversion,1835087714,80,300,0.9889388470681606,0.9889388547019808,0.148690655509962,0.9889388470681606,0.7095150738034482,0.05600000000000001,0.8114299053369146,0.7048151965589793,0.9229193242280201,0.9411536054561769,309,0.12064454377477668,0.21795829581613385,0.059390414816071914,0.21847096045255607,0.26256435397396133,0.12097143116650005,0.4,0.0,True,True,0.0,0
bootstrap_subversion,1835087714,81,309,0.9918783142104527,0.9918783202358582,0.15059766307744937,0.9918783142104527,0.7086211723213036,0.05600000000000001,0.8110343798212627,0.7042260002330124,0.9231402626000104,0.9406002673905567,308,0.12064454377477668,0.21795829581613385,0.059390414816071914,0.21847096045255607,0.26256435397396133,0.12097143116650005,0.4,0.0,True,True,0.0,0
bootstrap_subversion,1835087714,82,308,0.9866818593225978,0.9866818716084913,0.14488456031500854,0.9866818593225978,0.7218795724218682,0.05600000000000001,0.8048379843204687,0.703666263723344,0.9233391071348016,0.9468845603189081,318,0.12064454377477668,0.21795829581613385,0.059390414816071914,0.21847096045255607,0.26256435397396133,0.12097143116650005,0.4,0.0,True,True,0.0,0
bootstrap_subversion,1835087714,83,318,0.9929425381741493,0.9929425452835178,0.1492893748537181,0.9929425381741493,0.7242309085831476,0.05600000000000001,0.8078369703897228,0.7031345140391589,0.9235180672161137,0.9424738204274041,316,0.12064454377477668,0.21795829581613385,0.059390414816071914,0.21847096045255607,0.26256435397396133,0.12097143116650005,0.4,0.0,True,True,0.0,0
bootstrap_subversion,1835087714,84,316,0.9881749908102092,0.988175086036426,0.12859592789157898,0.9881749908102092,0.720223361429722,0.05600000000000001,0.8076248928525216,0.7026293518391832,0.9236791312892947,0.9418797503976428,316,0.12064454377477668,0.21795829581613385,0.059390414816071914,0.21847096045255607,0.26256435397396133,0.12097143116650005,0.4,0.0,True,True,0.0,0
bootstrap_subversion,1835087714,85,316,0.9903626768955277,0.9903627048765508,0.13836246315013745,0.9903626768955277,0.7140006914341742,0.05600000000000001,0.809494761378925,0.7021494477492062,0.9238240889551574,0.93891490546808,312,0.12064454377477668,0.21795829581613385,0.059390414816071914,0.21847096045255607,0.26256435397396133,0.12097143116650005,0.4,0.0,True,True,0.0,0
bootstrap_subversion,1835087714,86,312,0.9902296694428692,0.990229686394693,0.1423505943065735,0.9902296694428692,0.7074882870434819,0.05600000000000001,0.8103728772160944,0.701693538863728,0.923954550854434,0.9371561763203362,309,0.12064454377477668,0.21795829581613385,0.059390414816071914,0.21847096045255607,0.26256435397396133,0.12097143116650005,0.4,0.0,True,True,0.0,0
bootstrap_subversion,1835087714,87,309,0.9928399223526934,0.9928399429359993,0.1408264597421843,0.9928399223526934,0.7072746200342526,0.05600000000000001,0.8109772543978775,0.7012604254225238,0.9240719665637829,0.9357608294614543,308,0.12064454377477668,0.21795829581613385,0.059390414816071914,0.21847096045255607,0.26256435397396133,0.12097143116650005,0.4,0.0,True,True,0.0,0
bootstrap_subversion,1835087714,88,308,0.988862907085261,0.9888629186050129,0.14541467478178172,0.988862907085261,0.701525734203949,0.05600000000000001,0.8132454682552808,0.7008489676533797,0.9241776407021969,0.9324967545386581,306,0.12064454377477668,0.21795829581613385,0.059390414816071914,0.21847096045255607,0.26256435397396133,0.12097143116650005,0.4,0.0,True,True,0.0,0
bootstrap_subversion,1835087714,89,306,0.9886114025209863,0.9886114540748181,0.13348397306817716,0.9886114025209863,0.7035619718763024,0.05600000000000001,0.8134920676234729,0.7004580827726928,0.9242727474267695,0.9315982858200886,307,0.12064454377477668,0.21795829581613385,0.059390414816071914,0.21847096045255607,0.26256435397396133,0.12097143116650005,0.4,0.0,True,True,0.0,0
bootstrap_subversion,1835087714,90,307,0.9886790515686864,0.9886790696804709,0.14181126321151594,0.9886790515686864,0.691577615600347,0.05600000000000001,0.8158451913307488,0.7000867421360404,0.9243583434788848,0.9283328732863126,301,0.12064454377477668,0.21795829581613385,0.059390414816071914,0.21847096045255607,0.26256435397396133,0.12097143116650005,0.4,0.0,True,True,0.0,0
bootstrap_subversion,1835087714,91,301,0.9889181683726711,0.9889181786723612,0.1463062445021455,0.9889181683726711,0.7186270146096905,0.05600000000000001,0.8101944267966082,0.6997339685312205,0.9244353799257886,0.9342586927169583,315,0.12064454377477668,0.21795829581613385,0.059390414816071914,0.21847096045255607,0.26256435397396133,0.12097143116650005,0.4,0.0,True,True,0.0,0
bootstrap_subversion,1835087714,92,315,0.9914652768406521,0.9914652985766766,0.14038168132673823,0.9914652768406521,0.7238792303544522,0.05600000000000001,0.8066410628068471,0.6993988336066416,0.924504712728002,0.9378544597805213,318,0.12064454377477668,0.21795829581613385,0.059390414816071914,0.21847096045255607,0.26256435397396133,0.12097143116650005,0.4,0.0,True,True,0.0,0
bootstrap_subversion,1835087714,93,318,0.987874670382646,0.9878747060762424,0.13640460198556567,0.987874670382646,0.7280757464431596,0.05600000000000001,0.8069470053552302,0.6990804554282917,0.9245671122499941,0.9370088766809138,321,0.12064454377477668,0.21795829581613385,0.059390414816071914,0.21847096045255607,0.26256435397396133,0.12097143116650005,0.4,0.0,True,True,0.0,0
bootstrap_subversion,1835087714,94,321,0.98973693549089,0.9897369520030433,0.1425558132467847,0.98973693549089,0.7238031029980423,0.05600000000000001,0.8085366148374596,0.6987779961588593,0.924623271819787,0.934705308452797,318,0.12064454377477668,0.21795829581613385,0.059390414816071914,0.21847096045255607,0.26256435397396133,0.12097143116650005,0.4,0.0,True,True,0.0,0
bootstrap_subversion,1835087714,95,318,0.9929264134310897,0.9929264762177181,0.1319495861597526,0.9929264134310897,0.7485371922287883,0.05600000000000001,0.8083395608080889,0.6984906598528985,0.9246738154326005,0.9344976411666907,328,0.12064454377477668,0.21795829581613385,0.059390414816071914,0.21847096045255607,0.26256435397396133,0.12097143116650005,0.4,0.0,True,True,0.0,0
bootstrap_subversion,1835087714,96,328,0.9915985208634568,0.9915985431737536,0.14017517363302748,0.9915985208634568,0.7452333470733895,0.05600000000000001,0.8085738709870888,0.6982176903622357,0.9247193046841328,0.9338158065831217,327,0.12064454377477668,0.21795829581613385,0.059390414816071914,0.21847096045255607,0.26256435397396133,0.12097143116650005,0.4,0.0,True,True,0.0,0
bootstrap_subversion,1835087714,97,327,0.9894671627358731,0.9894671813644911,0.14159363974106692,0.9894671627358731,0.7531028588033407,0.05600000000000001,0.8019582489624124,0.697958369346106,0.9247602450105118,0.9411278147335711,334,0.12064454377477668,0.21795829581613385,0.059390414816071914,0.21847096045255607,0.26256435397396133,0.12097143116650005,0.4,0.0,True,True,0.0,0
bootstrap_subversion,1835087714,98,334,0.9909429192148214,0.9909429483448731,0.13804678172013815,0.9909429192148214,0.7460137196698665,0.05600000000000001,0.8055204281701972,0.6977120143807828,0.9247970913042529,0.936597917138165,329,0.12064454377477668,0.21795829581613385,0.059390414816071914,0.21847096045255607,0.26256435397396133,0.12097143116650005,0.4,0.0,True,True,0.0,0
bootstrap_subversion,1835087714,99,329,0.9915655819824744,0.9915656048479023,0.13997926838284888,0.9915655819824744,0.7428497465175847,0.05600000000000001,0.8018288984068972,0.6974779771637258,0.9248302529686199,0.9405605669712852,329,0.12064454377477668,0.21795829581613385,0.059390414816071914,0.21847096045255607,0.26256435397396133,0.12097143116650005,0.4,0.0,True,True,0.0,0
bootstrap_subversion,1835087714,100,329,0.9891716867371996,0.9891716957011243,0.14741398427584348,0.9891716867371996,0.7319847239584941,0.05600000000000001,0.7995203924055702,0.6972556418075216,0.9248600984665502,0.9429451885381678,326,0.12064454377477668,0.21795829581613385,0.059390414816071914,0.21847096045255607,0.26256435397396133,0.12097143116650005,0.4,0.0,True,True,0.0,0
bootstrap_subversion,1835087714,101,326,0.9935578684899664,0.9935579038714233,0.13652018151629072,0.9935578684899664,0.7264171470384728,0.05600000000000001,0.8024509968539898,0.6970444232191277,0.9248869594146873,0.9391896110733623,321,0.12064454377477668,0.21795829581613385,0.059390414816071914,0.21847096045255607,0.26256435397396133,0.12097143116650005,0.4,0.0,True,True,0.0,0
bootstrap_subversion,1835087714,102,321,0.989388477989101,0.9893885436123221,0.13156943699554505,0.989388477989101,0.7236222478836718,0.05600000000000001,0.8054429406817112,0.6968437655601535,0.9249111342680109,0.9354070349776185,320,0.12064454377477668,0.21795829581613385,0.059390414816071914,0.21847096045255607,0.26256435397396133,0.12097143116650005,0.4,0.0,True,True,0.0,0
bootstrap_subversion,1835087714,103,320,0.9911254886098596,0.9911255267433009,0.135904430663884,0.9911254886098596,0.723042263061239,0.05600000000000001,0.8086341068734255,0.696653140784128,0.924932891636002,0.9314387904563487,318,0.12064454377477668,0.21795829581613385,0.059390414816071914,0.21847096045255607,0.26256435397396133,0.12097143116650005,0.4,0.0,True,True,0.0,0
bootstrap_subversion,1835087714,104,318,0.9869265976726748,0.9869266142862696,0.14248442591181407,0.9869265976726748,0.7296747316897392,0.05600000000000001,0.8045324192929003,0.6964720472469037,0.9249524732671941,0.9359243009973894,324,0.12064454377477668,0.21795829581613385,0.059390414816071914,0.21847096045255607,0.26256435397396133,0.12097143116650005,0.4,0.0,True,True,0.0,0
bootstrap_subversion,1835087714,105,324,0.9905919752743285,0.9905920100979417,0.13662288700026995,0.9905919752743285,0.728728669525718,0.05600000000000001,0.8006925548098979,0.6963000083865406,0.924970096735267,0.9401624844624472,324,0.12064454377477668,0.21795829581613385,0.059390414816071914,0.21847096045255607,0.26256435397396133,0.12097143116650005,0.4,0.0,True,True,0.0,0
bootstrap_subversion,1835087714,106,324,0.9891323062225508,0.9891323414834754,0.13651180956408204,0.9891323062225508,0.7349559512141509,0.05600000000000001,0.7990322346787074,0.6961365714691957,0.9249859578565326,0.9418787746769057,328,0.12064454377477668,0.21795829581613385,0.059390414816071914,0.21847096045255607,0.26256435397396133,0.12097143116650005,0.4,0.0,True,True,0.0,0
bootstrap_subversion,1835087714,107,328,0.9907919212316905,0.9907919674891105,0.13436441991877163,0.9907919212316905,0.7302785558709364,0.05600000000000001,0.802564125423684,0.695981306397718,0.9250002328656716,0.9375101750507906,324,0.12064454377477668,0.21795829581613385,0.059390414816071914,0.21847096045255607,0.26256435397396133,0.12097143116650005,0.4,0.0,True,True,0.0,0
bootstrap_subversion,1835087714,108,324,0.9878829504839699,0.9878830047545856,0.13306930484165416,0.9878829504839699,0.7203010230757858,0.05600000000000001,0.801504071353617,0.6958338045798143,0.9250130803738967,0.9385381199912877,321,0.12064454377477668,0.21795829581613385,0.059390414816071914,0.21847096045255607,0.26256435397396133,0.12097143116650005,0.4,0.0,True,True,0.0,0
bootstrap_subversion,1835087714,109,321,0.9863623656418039,0.9863623890838885,0.139739127977631,0.9863623656418039,0.7217489926059686,0.05600000000000001,0.8045012266080672,0.6956936778528057,0.9250246431312993,0.9348416287211095,321,0.12064454377477668,0.21795829581613385,0.059390414816071914,0.21847096045255607,0.26256435397396133,0.12097143116650005,0.4,0.0,True,True,0.0,0
bootstrap_subversion,1835087714,110,321,0.9915968541541507,0.9915968716064435,0.142129973744201,0.9915968541541507,0.7181839369388274,0.05600000000000001,0.8064910803762599,0.6955605574621475,0.9250350496129616,0.9323461672694372,317,0.12064454377477668,0.21795829581613385,0.059390414816071914,0.21847096045255607,0.26256435397396133,0.12097143116650005,0.4,0.0,True,True,0.0,0
bootstrap_subversion,1835087714,111,317,0.9898351637436452,0.989835184185957,0.1408570461787947,0.9898351637436452,0.708425110882216,0.05600000000000001,0.807268107779257,0.6954340930910222,0.9250444154464577,0.9312699656073093,313,0.12064454377477668,0.21795829581613385,0.059390414816071914,0.21847096045255607,0.26256435397396133,0.12097143116650005,0.4,0.0,True,True,0.0,0
bootstrap_subversion,1835087714,112,313,0.9919851703557868,0.9919851965690845,0.1388949654514203,0.9919851703557868,0.7035385585258345,0.05600000000000001,0.8052354092596826,0.6953139519384532,0.9250528446966042,0.9334510244070041,311,0.12064454377477668,0.21795829581613385,0.059390414816071914,0.21847096045255607,0.26256435397396133,0.12097143116650005,0.4,0.0,True,True,0.0,0
bootstrap_subversion,1835087714,113,311,0.9906138722251022,0.9906139237782434,0.1335001868257124,0.9906138722251022,0.7145491578522944,0.05600000000000001,0.8035913513277471,0.6951998178435127,0.9250604310217361,0.9351995539575331,317,0.12064454377477668,0.21795829581613385,0.059390414816071914,0.21847096045255607,0.26256435397396133,0.12097143116650005,0.4,0.0,True,True,0.0,0
bootstrap_subversion,1835087714,114,317,0.9862707531170756,0.9862707795813398,0.13877313077737202,0.9862707531170756,0.7131628566564198,0.05600000000000001,0.80314781110179,0.6950913904533192,0.9250672587143547,0.9355631751606966,318,0.12064454377477668,0.21795829581613385,0.059390414816071914,0.21847096045255607,0.26256435397396133,0.12097143116650005,0.4,0.0,True,True,0.0,0
bootstrap_subversion,1835087714,115,318,0.9913824456026467,0.9913824609633554,0.14314442094651153,0.9913824456026467,0.7146807845314385,0.05600000000000001,0.8008185097552071,0.6949883844326354,0.9250734036377115,0.9381391249791323,318,0.12064454377477668,0.21795829581613385,0.059390414816071914,0.21847096045255607,0.26256435397396133,0.12097143116650005,0.4,0.0,True,True,0.0,0
bootstrap_subversion,1835087714,116,318,0.9916436115892721,0.9916436588099626,0.13420720018973858,0.9916436115892721,0.7233608371234146,0.05600000000000001,0.8003709985585996,0.6948905287129858,0.9250789340687327,0.938525889897541,322,0.12064454377477668,0.21795829581613385,0.059390414816071914,0.21847096045255607,0.26256435397396133,0.12097143116650005,0.4,0.0,True,True,0.0,0
bootstrap_subversion,1835087714,117,322,0.9886944895930672,0.9886945344967087,0.13458398918116007,0.9886944895930672,0.7060469198217453,0.05600000000000001,0.8036083815263878,0.6947975657793187,0.9250839114566517,0.934614904399007,314,0.12064454377477668,0.21795829581613385,0.059390414816071914,0.21847096045255607,0.26256435397396133,0.12097143116650005,0.4,0.0,True,True,0.0,0
bootstrap_subversion,1835087714,118,314,0.9915430263833721,0.9915430529874922,0.13877361342246636,0.9915430263833721,0.7190193306387537,0.05600000000000001,0.8008181851358819,0.6947092509923349,0.9250883911057788,0.9377475203928817,320,0.12064454377477668,0.21795829581613385,0.059390414816071914,0.21847096045255607,0.26256435397396133,0.12097143116650005,0.4,0.0,True,True,0.0,0
bootstrap_subversion,1835087714,119,320,0.991612963032336,0.9916129892535844,0.13888956416680842,0.991612963032336,0.722411040257835,0.05600000000000001,0.8021246040636411,0.6946253519447003,0.9250924227899932,0.9361030669897857,321,0.12064454377477668,0.21795829581613385,0.059390414816071914,0.21847096045255607,0.26256435397396133,0.12097143116650005,0.4,0.0,True,True,0.0,0
bootstrap_subversion,1835087714,120,321,0.9911391234099912,0.991139135004314,0.14538161460126603,0.9911391234099912,0.7272344687372262,0.05600000000000001,0.7980104968138925,0.6945456478494474,0.9250960513057861,0.9408174481096259,325,0.12064454377477668,0.21795829581613385,0.059390414816071914,0.21847096045255607,0.26256435397396133,0.12097143116650005,0.4,0.0,True,True,0.0,0
bootstrap_subversion,1835087714,121,325,0.989737597192416,0.9897376365549518,0.13564075974463036,0.989737597192416,0.7399953998388752,0.05600000000000001,0.7961010357003715,0.6944699289589572,0.9250993169699997,0.9429678718255629,332,0.12064454377477668,0.21795829581613385,0.059390414816071914,0.21847096045255607,0.26256435397396133,0.12097143116650005,0.4,0.0,True,True,0.0,0
bootstrap_subversion,1835087714,122,332,0.9894449205526926,0.989444961536918,0.13531703543159568,0.9894449205526926,0.7468037960374876,0.05600000000000001,0.7989301151717293,0.6943979960129915,0.925102256067792,0.9395284310624265,334,0.12064454377477668,0.21795829581613385,0.059390414816071914,0.21847096045255607,0.26256435397396133,0.12097143116650005,0.4,0.0,True,True,0.0,0
bootstrap_subversion,1835087714,123,334,0.9902477009043451,0.9902477122069874,0.14557726722617295,0.9902477009043451,0.7521707510497053,0.05600000000000001,0.7993089579169036,0.694329659714324,0.925104901255805,0.9389880286338192,336,0.12064454377477668,0.21795829581613385,0.059390414816071914,0.21847096045255607,0.26256435397396133,0.12097143116650005,0.4,0.0,True,True,0.0,0
bootstrap_subversion,1835087714,124,336,0.9872148126957135,0.987214851053154,0.13582633915089368,0.9872148126957135,0.7583902697045192,0.05600000000000001,0.7966124770455709,0.6942647402305899,0.9251072819250168,0.9420759249443742,341,0.12064454377477668,0.21795829581613385,0.059390414816071914,0.21847096045255607,0.26256435397396133,0.12097143116650005,0.4,0.0,True,True,0.0,0
bootstrap_subversion,1835087714,125,341,0.991459942103558,0.9914599574843587,0.14313463813149882,0.991459942103558,0.7611493324094023,0.05600000000000001,0.7984970967890512,0.6942030667210426,0.9251094245273074,0.9397667628944978,340,0.12064454377477668,0.21795829581613385,0.059390414816071914,0.21847096045255607,0.26256435397396133,0.12097143116650005,0.4,0.0,True,True,0.0,0
bootstrap_subversion,1835087714,126,340,0.9913655140574825,0.9913655501082643,0.13635342040191395,0.9913655140574825,0.7708864573895813,0.05600000000000001,0.7994496329914548,0.6941444768869726,0.9251113528693689,0.9385658632639977,344,0.12064454377477668,0.21795829581613385,0.059390414816071914,0.21847096045255607,0.26256435397396133,0.12097143116650005,0.4,0.0,True,True,0.0,0
bootstrap_subversion,1835087714,127,344,0.9924268177616674,0.9924268506800248,0.13708549293655292,0.9924268177616674,0.7747274818107042,0.05600000000000001,0.7979965094122001,0.6940888165446061,0.9251130883772243,0.9401977984376308,346,0.12064454377477668,0.21795829581613385,0.059390414816071914,0.21847096045255607,0.26256435397396133,0.12097143116650005,0.4,0.0,True,True,0.0,0
bootstrap_subversion,1835087714,128,346,0.9920978260409007,0.9920978587866703,0.13712469738634234,0.9920978260409007,0.7704764364692888,0.05600000000000001,0.7939395544518121,0.6940359392193579,0.9251146503342941,0.9449285310876071,346,0.12064454377477668,0.21795829581613385,0.059390414816071914,0.21847096045255607,0.26256435397396133,0.12097143116650005,0.4,0.0,True,True,0.0,0
bootstrap_subversion,1835087714,129,346,0.9893760663755539,0.9893760973299454,0.13755065449332843,0.9893760663755539,0.7733679781161782,0.05600000000000001,0.7900342545946247,0.6939857057603721,0.925116056095657,0.9495293311352385,350,0.12064454377477668,0.21795829581613385,0.059390414816071914,0.21847096045255607,0.26256435397396133,0.12097143116650005,0.4,0.0,True,True,0.0,0
bootstrap_subversion,1835087714,130,350,0.9923173127606025,0.9923174528160966,0.1255583611659545,0.9923173127606025,0.773719561244659,0.05600000000000001,0.7858580423475193,0.6939379839743356,0.9251173212808835,0.9545083799174823,351,0.12064454377477668,0.21795829581613385,0.059390414816071914,0.21847096045255607,0.26256435397396133,0.12097143116650005,0.4,0.0,True,True,0.0,0
bootstrap_subversion,1835087714,131,351,0.9895268170282672,0.9895268793027299,0.13198748413576283,0.9895268170282672,0.768523147996234,0.05600000000000001,0.7873172905000104,0.693892648277601,0.9251184599475875,0.952675836477098,349,0.12064454377477668,0.21795829581613385,0.059390414816071914,0.21847096045255607,0.26256435397396133,0.12097143116650005,0.4,0.0,True,True,0.0,0
bootstrap_subversion,1835087714,132,349,0.9929364537307228,0.992936497831489,0.13476168217867082,0.9929364537307228,0.7738476307023894,0.05600000000000001,0.7878400763337718,0.6938495793657031,0.925119484747621,0.9519835242983724,350,0.12064454377477668,0.21795829581613385,0.059390414816071914,0.21847096045255607,0.26256435397396133,0.12097143116650005,0.4,0.0,True,True,0.0,0
bootstrap_subversion,1835087714,133,350,0.9929195386765658,0.9929196260610318,0.12931812625426758,0.9929195386765658,0.7644163619811181,0.05600000000000001,0.7988378811620851,0.6938086638994001,0.9251204070676511,0.9388210239113511,341,0.12064454377477668,0.21795829581613385,0.059390414816071914,0.21847096045255607,0.26256435397396133,0.12097143116650005,0.4,0.0,True,True,0.0,0
bootstrap_subversion,1835087714,134,341,0.9890692723072745,0.9890692876137287,0.14315399119964056,0.9890692723072745,0.7821981162725585,0.05600000000000001,0.7972670856664238,0.6937697942064123,0.9251212371556783,0.9406171687078146,351,0.12064454377477668,0.21795829581613385,0.059390414816071914,0.21847096045255607,0.26256435397396133,0.12097143116650005,0.4,0.0,True,True,0.0,0
bootstrap_subversion,1835087714,135,351,0.9888692344328878,0.9888693246555645,0.12903115922549113,0.9888692344328878,0.7714376580705733,0.05600000000000001,0.7978649539569014,0.6937328679980738,0.9251219842349028,0.9398615449207842,346,0.12064454377477668,0.21795829581613385,0.059390414816071914,0.21847096045255607,0.26256435397396133,0.12097143116650005,0.4,0.0,True,True,0.0,0
bootstrap_subversion,1835087714,136,346,0.9931251596261292,0.9931251945995001,0.13660905828230943,0.9931251596261292,0.7888307964529215,0.05600000000000001,0.7985502405498185,0.6936977881001523,0.9251226566062047,0.9390068226060202,352,0.12064454377477668,0.21795829581613385,0.059390414816071914,0.21847096045255607,0.26256435397396133,0.12097143116650005,0.4,0.0,True,True,0.0,0
bootstrap_subversion,1835087714,137,352,0.9912061359531046,0.9912061694613218,0.13693432334317127,0.9912061359531046,0.8051014278145608,0.05600000000000001,0.7984902437427607,0.6936644621971267,0.9251232617403765,0.9390316491162463,360,0.12064454377477668,0.21795829581613385,0.059390414816071914,0.21847096045255607,0.26256435397396133,0.12097143116650005,0.4,0.0,True,True,0.0,0
bootstrap_subversion,1835087714,138,360,0.9910182445978911,0.9910182776942061,0.1370312704699929,0.9910182445978911,0.8122975718710185,0.05600000000000001,0.7991565112268681,0.6936328025892525,0.9251238063611311,0.9382053908304311,363,0.12064454377477668,0.21795829581613385,0.059390414816071914,0.21847096045255607,0.26256435397396133,0.12097143116650005,0.4,0.0,True,True,0.0,0
bootstrap_subversion,1835087714,139,363,0.9905612253652586,0.9905612493283656,0.1395979586701266,0.9905612253652586,0.8070923418600315,0.05600000000000001,0.8010559895221465,0.6936027259617721,0.9251242965198103,0.9359396204514472,360,0.12064454377477668,0.21795829581613385,0.059390414816071914,0.21847096045255607,0.26256435397396133,0.12097143116650005,0.4,0.0,True,True,0.0,0
bootstrap_subversion,1835087714,140,360,0.9919268858217436,0.9919269059608616,0.1409927952174254,0.9919268858217436,0.8294133530516042,0.05600000000000001,0.8020585350936406,0.6935741531656656,0.9251247376626216,0.9347307747939468,369,0.12064454377477668,0.21795829581613385,0.059390414816071914,0.21847096045255607,0.26256435397396133,0.12097143116650005,0.4,0.0,True,True,0.0,0
bootstrap_subversion,1835087714,141,369,0.9912300916476063,0.9912301208808179,0.13802094853909877,0.9912300916476063,0.8184950835086151,0.05600000000000001,0.8074038784586932,0.6935470090093645,0.9251251346911518,0.9285057368788261,362,0.12064454377477668,0.21795829581613385,0.059390414816071914,0.21847096045255607,0.26256435397396133,0.12097143116650005,0.4,0.0,True,True,0.0,0
bootstrap_subversion,1835087714,142,362,0.9915474913588905,0.9915475130782956,0.14038843002647786,0.9915474913588905,0.8092371435990114,0.05600000000000001,0.8092222001120244,0.6935212220608784,0.9251254920168288,0.9263845819633737,357,0.12064454377477668,0.21795829581613385,0.059390414816071914,0.21847096045255607,0.26256435397396133,0.12097143116650005,0.4,0.0,True,True,0.0,0
bootstrap_subversion,1835087714,143,357,0.9917966835660967,0.9917966945513133,0.14581646053876263,0.9917966835660967,0.8148059379091276,0.05600000000000001,0.8078260945981409,0.6934967244598166,0.9251258136099382,0.9279524809773031,360,0.12064454377477668,0.21795829581613385,0.059390414816071914,0.21847096045255607,0.26256435397396133,0.12097143116650005,0.4,0.0,True,True,0.0,0
bootstrap_subversion,1835087714,144,360,0.9932569769983091,0.9932569968585814,0.14111444697332268,0.9932569769983091,0.8254915828994968,0.05600000000000001,0.8082633184673923,0.6934734517388079,0.9251261030437367,0.9274190981554444,364,0.12064454377477668,0.21795829581613385,0.059390414816071914,0.21847096045255607,0.26256435397396133,0.12097143116650005,0.4,0.0,True,True,0.0,0
bootstrap_subversion,1835087714,145,364,0.9934331502782411,0.9934331769251286,0.1387759869328135,0.9934331502782411,0.8292822140673144,0.05600000000000001,0.8074200319372971,0.6934513426538497,0.9251263635341552,0.9283578543020403,366,0.12064454377477668,0.21795829581613385,0.059390414816071914,0.21847096045255607,0.26256435397396133,0.12097143116650005,0.4,0.0,True,True,0.0,0
bootstrap_subversion,1835087714,146,366,0.9912042475416546,0.9912042729887142,0.13912484512758155,0.9912042475416546,0.833586432842471,0.05600000000000001,0.8068466847471345,0.6934303390231393,0.925126597975532,0.9289891736127699,369,0.12064454377477668,0.21795829581613385,0.059390414816071914,0.21847096045255607,0.26256435397396133,0.12097143116650005,0.4,0.0,True,True,0.0,0
bootstrap_subversion,1835087714,147,369,0.9919487151512103,0.9919487697666125,0.13305158721078683,0.9919487151512103,0.8236210552041568,0.05600000000000001,0.8097926966919071,0.6934103855739645,0.9251268089727711,0.925582681425252,363,0.12064454377477668,0.21795829581613385,0.059390414816071914,0.21847096045255607,0.26256435397396133,0.12097143116650005,0.4,0.0,True,True,0.0,0
bootstrap_subversion,1835087714,148,363,0.9906546491754006,0.9906546765697781,0.1385334734666423,0.9906546491754006,0.8401057542706599,0.05600000000000001,0.8049276610510303,0.6933914297972484,0.9251269988702863,0.9311513171907243,373,0.12064454377477668,0.21795829581613385,0.059390414816071914,0.21847096045255607,0.26256435397396133,0.12097143116650005,0.4,0.0,True,True,0.0,0
bootstrap_subversion,1835087714,149,373,0.9909250433695053,0.9909250618527312,0.14166772971080108,0.9909250433695053,0.8334836180872667,0.05600000000000001,0.802689398412131,0.6933734218093681,0.9251271697780499,0.9337233672582103,371,0.12064454377477668,0.21795829581613385,0.059390414816071914,0.21847096045255607,0.26256435397396133,0.12097143116650005,0.4,0.0,True,True,0.0,0
bootstrap_subversion,1835087714,150,371,0.9913521542284432,0.991352187610411,0.13696554385438683,0.9913521542284432,0.8200525375593711,0.05600000000000001,0.8046150008068722,0.6933563142208818,0.9251273235950371,0.9314656456030682,364,0.12064454377477668,0.21795829581613385,0.059390414816071914,0.21847096045255607,0.26256435397396133,0.12097143116650005,0.4,0.0,True,True,0.0,0
bootstrap_subversion,1835087714,151,364,0.9926565584574464,0.9926565759834844,0.1421049113766809,0.9926565584574464,0.8369815773766137,0.05600000000000001,0.8025273052021332,0.6933400620118199,0.9251274620303257,0.9338667315680792,372,0.12064454377477668,0.21795829581613385,0.059390414816071914,0.21847096045255607,0.26256435397396133,0.12097143116650005,0.4,0.0,True,True,0.0,0
bootstrap_subversion,1835087714,152,372,0.9920803796269669,0.9920804287151246,0.13390196865857623,0.9920803796269669,0.8489824739192452,0.05600000000000001,0.801595975814605,0.693324622413211,0.9251275866220854,0.934930793100401,378,0.12064454377477668,0.21795829581613385,0.059390414816071914,0.21847096045255607,0.26256435397396133,0.12097143116650005,0.4,0.0,True,True,0.0,0
bootstrap_subversion,1835087714,153,378,0.9936634959311904,0.9936635095157054,0.14414086764562017,0.9936634959311904,0.8510632621550411,0.05600000000000001,0.7980746005336558,0.6933099547945326,0.9251276987546692,0.9390360442238732,380,0.12064454377477668,0.21795829581613385,0.059390414816071914,0.21847096045255607,0.26256435397396133,0.12097143116650005,0.4,0.0,True,True,0.0,0
bootstrap_subversion,1835087714,154,380,0.9903740279877971,0.9903740634680159,0.13647244422593358,0.9903740279877971,0.8418023909627146,0.05600000000000001,0.7962186609523144,0.6932960205567881,0.9251277996739945,0.9412058633146525,378,0.12064454377477668,0.21795829581613385,0.059390414816071914,0.21847096045255607,0.26256435397396133,0.12097143116650005,0.4,0.0,True,True,0.0,0
bootstrap_subversion,1835087714,155,378,0.9941492197264715,0.9941492726245964,0.13332353479195308,0.9941492197264715,0.8416067329399309,0.05600000000000001,0.8036561365830546,0.6932827830309308,0.9251278905013873,0.9324775306505612,373,0.12064454377477668,0.21795829581613385,0.059390414816071914,0.21847096045255607,0.26256435397396133,0.12097143116650005,0.4,0.0,True,True,0.0,0
bootstrap_subversion,1835087714,156,373,0.9883034762442868,0.9883034870529838,0.14591732272982907,0.9883034762442868,0.8255174898609677,0.05600000000000001,0.8103495348498284,0.6932702073813665,0.9251279722460408,0.9247585120651861,365,0.12064454377477668,0.21795829581613385,0.059390414816071914,0.21847096045255607,0.26256435397396133,0.12097143116650005,0.4,0.0,True,True,0.0,0
bootstrap_subversion,1835087714,157,365,0.9919032923221373,0.9919033088415682,0.14256970981241412,0.9919032923221373,0.8093644505300608,0.05600000000000001,0.8139227196181378,0.6932582605142803,0.925128045816229,0.9206828101737969,355,0.12064454377477668,0.21795829581613385,0.059390414816071914,0.21847096045255607,0.26256435397396133,0.12097143116650005,0.4,0.0,True,True,0.0,0
bootstrap_subversion,1835087714,158,355,0.9911581127382557,0.9911581375905444,0.1393127331832319,0.9911581127382557,0.8076473043524993,0.05600000000000001,0.8128197585813356,0.6932469109905485,0.9251281120293984,0.9219169774865029,355,0.12064454377477668,0.21795829581613385,0.059390414816071914,0.21847096045255607,0.26256435397396133,0.12097143116650005,0.4,0.0,True,True,0.0,0
bootstrap_subversion,1835087714,159,355,0.991765469448115,0.9917654946887289,0.13919419232348496,0.991765469448115,0.8104230227228759,0.05600000000000001,0.8197446559310121,0.6932361289430031,0.9251281716212508,0.9141146901403766,353,0.12064454377477668,0.21795829581613385,0.059390414816071914,0.21847096045255607,0.26256435397396133,0.12097143116650005,0.4,0.0,True,True,0.0,0
bootstrap_subversion,1835087714,160,353,0.9917816777489591,0.9917816947977577,0.14231765380105682,0.9917816777489591,0.8040916619610334,0.05600000000000001,0.8179735407651563,0.6932258859978351,0.925128225253918,0.9160803857891827,351,0.12064454377477668,0.21795829581613385,0.059390414816071914,0.21847096045255607,0.26256435397396133,0.12097143116650005,0.4,0.0,True,True,0.0,0
bootstrap_subversion,1835087714,161,351,0.9892559390552869,0.9892559476413203,0.14775751297844572,0.9892559390552869,0.8038429977516116,0.05600000000000001,0.8174907773941604,0.6932161551999254,0.9251282735233185,0.9166084561322824,352,0.12064454377477668,0.21795829581613385,0.059390414816071914,0.21847096045255607,0.26256435397396133,0.12097143116650005,0.4,0.0,True,True,0.0,0
bootstrap_subversion,1835087714,162,352,0.985623771848372,0.9856238003100755,0.13818869934172234,0.985623771848372,0.8165076539287146,0.05600000000000001,0.814920628081395,0.6932069109419112,0.9251283169657789,0.9194870100916845,360,0.12064454377477668,0.21795829581613385,0.059390414816071914,0.21847096045255607,0.26256435397396133,0.12097143116650005,0.4,0.0,True,True,0.0,0
bootstrap_subversion,1835087714,163,360,0.9894822497991899,0.989482274474983,0.13935599516025496,0.9894822497991899,0.820770456876505,0.05600000000000001,0.8182640233829251,0.6931981288967978,0.9251283560639932,0.9157183817340124,359,0.12064454377477668,0.21795829581613385,0.059390414816071914,0.21847096045255607,0.26256435397396133,0.12097143116650005,0.4,0.0,True,True,0.0,0
bootstrap_subversion,1835087714,164,359,0.9904870362458233,0.9904871063445553,0.13105310383950522,0.9904870362458233,0.8178630129096703,0.05600000000000001,0.8191113757706863,0.69318978595394,0.9251283912523862,0.914760047096045,357,0.12064454377477668,0.21795829581613385,0.059390414816071914,0.21847096045255607,0.26256435397396133,0.12097143116650005,0.4,0.0,True,True,0.0,0
bootstrap_subversion,1835087714,165,357,0.9937572381604419,0.9937572460049008,0.14851267973632615,0.9937572381604419,0.805909307067808,0.05600000000000001,0.8205823434227918,0.6931818601582251,0.9251284229219399,0.9131097857443449,350,0.12064454377477668,0.21795829581613385,0.059390414816071914,0.21847096045255607,0.26256435397396133,0.12097143116650005,0.4,0.0,True,True,0.0,0
bootstrap_subversion,1835087714,166,350,0.9882327634037359,0.9882328299547574,0.13144837960006756,0.9882327634037359,0.8000451954844018,0.05600000000000001,0.816840385098266,0.6931743306522961,0.9251284514245381,0.9172827635562718,351,0.12064454377477668,0.21795829581613385,0.059390414816071914,0.21847096045255607,0.26256435397396133,0.12097143116650005,0.4,0.0,True,True,0.0,0
bootstrap_subversion,1835087714,167,351,0.9916207898929019,0.9916207986296844,0.1476379729926782,0.9916207898929019,0.8022400161885113,0.05600000000000001,0.8139721454696704,0.6931671776216634,0.9251284770768766,0.9205055201079884,352,0.12064454377477668,0.21795829581613385,0.059390414816071914,0.21847096045255607,0.26256435397396133,0.12097143116650005,0.4,0.0,True,True,0.0,0
bootstrap_subversion,1835087714,168,352,0.9900556538064168,0.9900556609641762,0.14921220020271223,0.9900556538064168,0.783646313473103,0.05600000000000001,0.8148915147866422,0.6931603822425623,0.9251285001639812,0.9194579591142477,344,0.12064454377477668,0.21795829581613385,0.059390414816071914,0.21847096045255607,0.26256435397396133,0.12097143116650005,0.4,0.0,True,True,0.0,0
bootstrap_subversion,1835087714,169,344,0.9951244022964573,0.9951244541214449,0.13349448467219788,0.9951244022964573,0.7848794033859204,0.05600000000000001,0.8120240582369992,0.6931539266324163,0.9251285209423753,0.9226961770260282,344,0.12064454377477668,0.21795829581613385,0.059390414816071914,0.21847096045255607,0.26256435397396133,0.12097143116650005,0.4,0.0,True,True,0.0,0
bootstrap_subversion,1835087714,170,344,0.9918508916908942,0.9918509059954717,0.14371520360408566,0.9918508916908942,0.7858609788629773,0.05600000000000001,0.8086777139088588,0.6931477938027776,0.9251285396429301,0.9265061185581437,347,0.12064454377477668,0.21795829581613385,0.059390414816071914,0.21847096045255607,0.26256435397396133,0.12097143116650005,0.4,0.0,True,True,0.0,0
bootstrap_subversion,1835087714,171,347,0.9910127916715264,0.9910128116669079,0.1410424725606725,0.9910127916715264,0.7894591018091751,0.05600000000000001,0.8084146980983041,0.6931419676146209,0.9251285564734293,0.9267997480790598,349,0.12064454377477668,0.21795829581613385,0.059390414816071914,0.21847096045255607,0.26256435397396133,0.12097143116650005,0.4,0.0,True,True,0.0,0
bootstrap_subversion,1835087714,172,349,0.9897778690806123,0.9897779061009127,0.13612941889321117,0.9897778690806123,0.7851967637348635,0.05600000000000001,0.8050596219242689,0.693136432735872,0.9251285716208786,0.9306547279832955,349,0.12064454377477668,0.21795829581613385,0.059390414816071914,0.21847096045255607,0.26256435397396133,0.12097143116650005,0.4,0.0,True,True,0.0,0
bootstrap_subversion,1835087714,173,349,0.9896597340371757,0.9896597666504051,0.1371373955320349,0.9896597340371757,0.7714664740928389,0.05600000000000001,0.8049205817145938,0.6931311746010606,0.925128585253583,0.9308084123475094,343,0.12064454377477668,0.21795829581613385,0.059390414816071914,0.21847096045255607,0.26256435397396133,0.12097143116650005,0.4,0.0,True,True,0.0,0
bootstrap_subversion,1835087714,174,343,0.9922790116288549,0.9922790327012952,0.14063501356367814,0.9922790116288549,0.7635544627202241,0.05600000000000001,0.8063222265378047,0.6931261793729897,0.925128597523017,0.9291836621150273,338,0.12064454377477668,0.21795829581613385,0.059390414816071914,0.21847096045255607,0.26256435397396133,0.12097143116650005,0.4,0.0,True,True,0.0,0
bootstrap_subversion,1835087714,175,338,0.9920353865953088,0.9920354194032303,0.13710910239397806,0.9920353865953088,0.7444573819033784,0.05600000000000001,0.8029837679846608,0.6931214339063223,0.9251286085655076,0.9330404059295676,331,0.12064454377477668,0.21795829581613385,0.059390414816071914,0.21847096045255607,0.26256435397396133,0.12097143116650005,0.4,0.0,True,True,0.0,0
bootstrap_subversion,1835087714,176,331,0.9856039993949285,0.9856040347641415,0.13645895623617457,0.9856039993949285,0.7143974604131842,0.05600000000000001,0.8098471986864222,0.6931169257129883,0.9251286185037491,0.9251268893157284,317,0.12064454377477668,0.21795829581613385,0.059390414816071914,0.21847096045255607,0.26256435397396133,0.12097143116650005,0.4,0.0,True,True,0.0,0
bootstrap_subversion,1835087714,177,317,0.990152315563455,0.990152362907627,0.13417443200679516,0.990152315563455,0.7023439625219058,0.05600000000000001,0.8104266826938958,0.6931126429293211,0.9251286274481664,0.9244596693376157,310,0.12064454377477668,0.21795829581613385,0.059390414816071914,0.21847096045255607,0.26256435397396133,0.12097143116650005,0.4,0.0,True,True,0.0,0
bootstrap_subversion,1835087714,178,310,0.9926864464814212,0.9926864772063848,0.13763646208965147,0.9926864464814212,0.6993563955509295,0.05600000000000001,0.8075289528027804,0.6931085742848372,0.9251286354981421,0.9277715381758934,309,0.12064454377477668,0.21795829581613385,0.059390414816071914,0.21847096045255607,0.26256435397396133,0.12097143116650005,0.4,0.0,True,True,0.0,0
bootstrap_subversion,1835087714,179,309,0.9880557398485666,0.9880558024362366,0.13193570692704068,0.9880557398485666,0.6840856427754367,0.05600000000000001,0.8119973796463844,0.6931047090725775,0.9251286427431201,0.9226608527919526,302,0.12064454377477668,0.21795829581613385,0.059390414816071914,0.21847096045255607,0.26256435397396133,0.12097143116650005,0.4,0.0,True,True,0.0,0
bootstrap_subversion,1835087714,180,302,0.988521248495688,0.9885212597030839,0.14563074010239527,0.988521248495688,0.6955536441536491,0.05600000000000001,0.8144380055260807,0.6931010371209307,0.9251286492636004,0.9198910356344542,306,0.12064454377477668,0.21795829581613385,0.059390414816071914,0.21847096045255607,0.26256435397396133,0.12097143116650005,0.4,0.0,True,True,0.0,0
bootstrap_subversion,1835087714,181,306,0.9923524640705443,0.9923525253474196,0.13213872860116532,0.9923524640705443,0.7089451631067878,0.05600000000000001,0.8110154285105181,0.6930975487668664,0.9251286551320326,0.9237684248718097,312,0.12064454377477668,0.21795829581613385,0.059390414816071914,0.21847096045255607,0.26256435397396133,0.12097143116650005,0.4,0.0,True,True,0.0,0
bootstrap_subversion,1835087714,182,312,0.9880959170287308,0.988095954828567,0.13595000583947156,0.9880959170287308,0.7030993715481793,0.05600000000000001,0.8077967523784993,0.6930942348305051,0.9251286604136216,0.9274447518180308,312,0.12064454377477668,0.21795829581613385,0.059390414816071914,0.21847096045255607,0.26256435397396133,0.12097143116650005,0.4,0.0,True,True,0.0,0
bootstrap_subversion,1835087714,183,312,0.9920745218393796,0.9920745405038902,0.14159926555386673,0.9920745218393796,0.7073556188421296,0.05600000000000001,0.80684522872454,0.693091086590962,0.9251286651670517,0.9285342776769249,313,0.12064454377477668,0.21795829581613385,0.059390414816071914,0.21847096045255607,0.26256435397396133,0.12097143116650005,0.4,0.0,True,True,0.0,0
bootstrap_subversion,1835087714,184,313,0.9869354081816105,0.9869354511102859,0.13492784916689904,0.9869354081816105,0.7011385310912884,0.05600000000000001,0.8064982746681549,0.693088095763396,0.9251286694451388,0.9289297185629016,312,0.12064454377477668,0.21795829581613385,0.059390414816071914,0.21847096045255607,0.26256435397396133,0.12097143116650005,0.4,0.0,True,True,0.0,0
bootstrap_subversion,1835087714,185,312,0.9914317694510879,0.9914317901711471,0.1407624509417545,0.9914317694510879,0.6896135330863502,0.05600000000000001,0.8051304059769914,0.6930852544772084,0.9251286732954173,0.9305040964740904,306,0.12064454377477668,0.21795829581613385,0.059390414816071914,0.21847096045255607,0.26256435397396133,0.12097143116650005,0.4,0.0,True,True,0.0,0
bootstrap_subversion,1835087714,186,306,0.9898726741122535,0.989872715352547,0.13527089640700962,0.9898726741122535,0.6723262143239501,0.05600000000000001,0.8045923900190155,0.6930825552553301,0.9251286767606678,0.9311226774860669,299,0.12064454377477668,0.21795829581613385,0.059390414816071914,0.21847096045255607,0.26256435397396133,0.12097143116650005,0.4,0.0,True,True,0.0,0
bootstrap_subversion,1835087714,187,299,0.9919651612875339,0.9919651827652228,0.14048086695644987,0.9919651612875339,0.6758652775153197,0.05600000000000001,0.8044340871449324,0.6930799909945458,0.9251286798793933,0.9313024623615368,300,0.12064454377477668,0.21795829581613385,0.059390414816071914,0.21847096045255607,0.26256435397396133,0.12097143116650005,0.4,0.0,True,True,0.0,0
bootstrap_subversion,1835087714,188,300,0.9862138092886225,0.9862138261150344,0.14237735531456802,0.9862138092886225,0.6665839240239437,0.05600000000000001,0.8060775684871903,0.6930775549468006,0.9251286826862463,0.9294003951751585,297,0.12064454377477668,0.21795829581613385,0.059390414816071914,0.21847096045255607,0.26256435397396133,0.12097143116650005,0.4,0.0,True,True,0.0,0
bootstrap_subversion,1835087714,189,297,0.9855268032192,0.985526848113478,0.13456010493934603,0.9855268032192,0.6791142183795278,0.05600000000000001,0.8081992022420964,0.6930752407014427,0.9251286852124139,0.9269574939333602,302,0.12064454377477668,0.21795829581613385,0.059390414816071914,0.21847096045255607,0.26256435397396133,0.12097143116650005,0.4,0.0,True,True,0.0,0
bootstrap_subversion,1835087714,190,302,0.9894623335751342,0.9894623551742999,0.14041586254298422,0.9894623335751342,0.6766961163145748,0.05600000000000001,0.8128876156051777,0.6930730421683526,0.9251286874859648,0.9216082450075351,298,0.12064454377477668,0.21795829581613385,0.059390414816071914,0.21847096045255607,0.26256435397396133,0.12097143116650005,0.4,0.0,True,True,0.0,0
bootstrap_subversion,1835087714,191,298,0.9894316245784108,0.9894316441187423,0.14121300864166614,0.9894316245784108,0.6772579052427761,0.05600000000000001,0.8135901696752436,0.6930709535619172,0.9251286895321605,0.9208096378665404,298,0.12064454377477668,0.21795829581613385,0.059390414816071914,0.21847096045255607,0.26256435397396133,0.12097143116650005,0.4,0.0,True,True,0.0,0
bootstrap_subversion,1835087714,192,298,0.9885092950879638,0.9885093163436316,0.14053580064455493,0.9885092950879638,0.6570604633837154,0.05600000000000001,0.8146698399475377,0.6930689693858034,0.9251286913737368,0.9195866675394799,289,0.12064454377477668,0.21795829581613385,0.059390414816071914,0.21847096045255607,0.26256435397396133,0.12097143116650005,0.4,0.0,True,True,0.0,0
bootstrap_subversion,1835087714,193,289,0.9908027212294064,0.9908027499799416,0.1381500435861664,0.9908027212294064,0.6544790168934184,0.05600000000000001,0.8152348240388035,0.6930670844184954,0.9251286930311553,0.9189468632971928,287,0.12064454377477668,0.21795829581613385,0.059390414816071914,0.21847096045255607,0.26256435397396133,0.12097143116650005,0.4,0.0,True,True,0.0,0
bootstrap_subversion,1835087714,194,287,0.9885971764717935,0.9885972188303376,0.1350476660401579,0.9885971764717935,0.6532120612809424,0.05600000000000001,0.8183253418141178,0.6930652936995527,0.9251286945228321,0.9154739677122952,286,0.12064454377477668,0.21795829581613385,0.059390414816071914,0.21847096045255607,0.26256435397396133,0.12097143116650005,0.4,0.0,True,True,0.0,0
bootstrap_subversion,1835087714,195,286,0.9909799588218917,0.9909799731650589,0.14368676571865552,0.9909799588218917,0.6596392926623965,0.05600000000000001,0.8158345103973412,0.6930635925165572,0.9251286958653412,0.9182667539243606,289,0.12064454377477668,0.21795829581613385,0.059390414816071914,0.21847096045255607,0.26256435397396133,0.12097143116650005,0.4,0.0,True,True,0.0,0
bootstrap_subversion,1835087714,196,289,0.9910403254255732,0.9910403419560563,0.1425574575989711,0.9910403254255732,0.6559064010328554,0.05600000000000001,0.8111701885744681,0.6930619763927115,0.9251286970735993,0.9235447385243406,289,0.12064454377477668,0.21795829581613385,0.059390414816071914,0.21847096045255607,0.26256435397396133,0.12097143116650005,0.4,0.0,True,True,0.0,0
bootstrap_subversion,1835087714,197,289,0.9877925554177741,0.9877925696501588,0.14372284154022585,0.9877925554177741,0.6514952480089411,0.05600000000000001,0.8139989590151272,0.693060441075058,0.9251286981610317,0.92033323993388,287,0.12064454377477668,0.21795829581613385,0.059390414816071914,0.21847096045255607,0.26256435397396133,0.12097143116650005,0.4,0.0,True,True,0.0,0
bootstrap_subversion,1835087714,198,287,0.9902655104492146,0.9902655505398708,0.13549910583512131,0.9902655104492146,0.6434029724087227,0.05600000000000001,0.8190044199716425,0.6930589825232872,0.9251286991397208,0.9147065676315237,281,0.12064454377477668,0.21795829581613385,0.059390414816071914,0.21847096045255607,0.26256435397396133,0.12097143116650005,0.4,0.0,True,True,0.0,0
bootstrap_subversion,1835087714,199,281,0.9917913045187152,0.9917913404397787,0.13638553219045768,0.9917913045187152,0.6306982071973706,0.05600000000000001,0.8190881256683445,0.6930575968991051,0.925128700020541,0.9146112608811985,275,0.12064454377477668,0.21795829581613385,0.059390414816071914,0.21847096045255607,0.26256435397396133,0.12097143116650005,0.4,0.0,True,True,0.0,0
bootstrap_subversion,1835087714,200,275,0.9868118803725167,0.9868119501164445,0.1310639055811066,0.9868118803725167,0.6246522142784318,0.05600000000000001,0.8183068744416372,0.693056280556132,0.9251287008132792,0.9154827159237321,274,0.12064454377477668,0.21795829581613385,0.059390414816071914,0.21847096045255607,0.26256435397396133,0.12097143116650005,0.4,0.0,True,True,0.0,0
bootstrap_subversion,1835087714,201,274,0.9840054062347957,0.9840054142546507,0.1482581604394776,0.9840054062347957,0.6417565236114353,0.05600000000000001,0.8134260914061427,0.6930550300303076,0.9251287015267435,0.9209742046365752,284,0.12064454377477668,0.21795829581613385,0.059390414816071914,0.21847096045255607,0.26256435397396133,0.12097143116650005,0.4,0.0,True,True,0.0,0
bootstrap_subversion,1835087714,202,284,0.9886814963094378,0.9886815077615297,0.1454601047105114,0.9886814963094378,0.6491601257169409,0.05600000000000001,0.8131932621552972,0.6930538420307744,0.9251287021688614,0.9212363133860156,286,0.12064454377477668,0.21795829581613385,0.059390414816071914,0.21847096045255607,0.26256435397396133,0.12097143116650005,0.4,0.0,True,True,0.0,0
bootstrap_subversion,1835087714,203,286,0.9900989698248631,0.9900989867594875,0.14235762400485366,0.9900989698248631,0.6509355523799542,0.05600000000000001,0.8171082691560906,0.6930527134312178,0.9251287027467676,0.9168209046105315,285,0.12064454377477668,0.21795829581613385,0.059390414816071914,0.21847096045255607,0.26256435397396133,0.12097143116650005,0.4,0.0,True,True,0.0,0
bootstrap_subversion,1835087714,204,285,0.9890168968224098,0.9890169118768084,0.14328574164876545,0.9890168968224098,0.6341325126322042,0.05600000000000001,0.8199026566704308,0.693051641261639,0.9251287032668831,0.9136947868573504,277,0.12064454377477668,0.21795829581613385,0.059390414816071914,0.21847096045255607,0.26256435397396133,0.12097143116650005,0.4,0.0,True,True,0.0,0
bootstrap_subversion,1835087714,205,277,0.9912254884550886,0.9912255312047211,0.13499564415874862,0.9912254884550886,0.6285622663962303,0.05600000000000001,0.8227721626974293,0.6930506227005392,0.9251287037349871,0.9105068398294335,273,0.12064454377477668,0.21795829581613385,0.059390414816071914,0.21847096045255607,0.26256435397396133,0.12097143116650005,0.4,0.0,True,True,0.0,0
bootstrap_subversion,1835087714,206,273,0.9913440086021938,0.9913440176632206,0.14734568206393564,0.9913440086021938,0.6332381805952972,0.05600000000000001,0.8257700760406702,0.6930496550674944,0.9251287041562807,0.907200027232487,274,0.12064454377477668,0.21795829581613385,0.059390414816071914,0.21847096045255607,0.26256435397396133,0.12097143116650005,0.4,0.0,True,True,0.0,0
bootstrap_subversion,1835087714,207,274,0.9866720816204636,0.9866721091996573,0.13844788608359138,0.9866720816204636,0.6342850130446818,0.05600000000000001,0.8280307968051933,0.6930487358161018,0.9251287045354448,0.9047219552801814,275,0.12064454377477668,0.21795829581613385,0.059390414816071914,0.21847096045255607,0.26256435397396133,0.12097143116650005,0.4,0.0,True,True,0.0,0
bootstrap_subversion,1835087714,208,275,0.9896392633170791,0.9896392759633724,0.14467823850370354,0.9896392633170791,0.6472032561690985,0.05600000000000001,0.8243764500148947,0.6930478625272789,0.9251287048766926,0.9087313171831314,281,0.12064454377477668,0.21795829581613385,0.059390414816071914,0.21847096045255607,0.26256435397396133,0.12097143116650005,0.4,0.0,True,True,0.0,0
bootstrap_subversion,1835087714,209,281,0.9892262804935371,0.9892262949780128,0.14359462814865273,0.9892262804935371,0.6359869179610782,0.05600000000000001,0.8221317258593169,0.693047032902897,0.9251287051838156,0.9112113992178388,277,0.12064454377477668,0.21795829581613385,0.059390414816071914,0.21847096045255607,0.26256435397396133,0.12097143116650005,0.4,0.0,True,True,0.0,0
bootstrap_subversion,1835087714,210,277,0.9920900763606022,0.9920901014553086,0.1392429452852549,0.9920900763606022,0.6453013831098122,0.05600000000000001,0.8199253319276292,0.6930462447597343,0.9251287054602263,0.9136624018537041,281,0.12064454377477668,0.21795829581613385,0.059390414816071914,0.21847096045255607,0.26256435397396133,0.12097143116650005,0.4,0.0,True,True,0.0,0
bootstrap_subversion,1835087714,211,281,0.9861124919926866,0.9861125093356581,0.14213584448944486,0.9861124919926866,0.6375650317574821,0.05600000000000001,0.8208492932285157,0.6930454960237298,0.925128705708996,0.9126329823956857,279,0.12064454377477668,0.21795829581613385,0.059390414816071914,0.21847096045255607,0.26256435397396133,0.12097143116650005,0.4,0.0,True,True,0.0,0
bootstrap_subversion,1835087714,212,279,0.9875878581910871,0.9875878844423106,0.1388480928040512,0.9875878581910871,0.6545710347653467,0.05600000000000001,0.8180299289397999,0.6930447847245255,0.9251287059328887,0.9157774587795424,287,0.12064454377477668,0.21795829581613385,0.059390414816071914,0.21847096045255607,0.26256435397396133,0.12097143116650005,0.4,0.0,True,True,0.0,0
bootstrap_subversion,1835087714,213,287,0.9887503255135394,0.9887503346294234,0.14727678195373192,0.9887503255135394,0.6546660731293212,0.05600000000000001,0.8200449039398512,0.6930441089902813,0.925128706134392,0.9135263634294866,286,0.12064454377477668,0.21795829581613385,0.059390414816071914,0.21847096045255607,0.26256435397396133,0.12097143116650005,0.4,0.0,True,True,0.0,0
bootstrap_subversion,1835087714,214,286,0.9873415474986006,0.9873415760330587,0.1381822384983175,0.9873415474986006,0.6747691468752637,0.05600000000000001,0.8150837383697479,0.6930434670427494,0.9251287063157451,0.9190858676628282,297,0.12064454377477668,0.21795829581613385,0.059390414816071914,0.21847096045255607,0.26256435397396133,0.12097143116650005,0.4,0.0,True,True,0.0,0
bootstrap_subversion,1835087714,215,297,0.9887476789443699,0.9887476939768731,0.1432951602969105,0.9887476789443699,0.6755340888173343,0.05600000000000001,0.8121136012921705,0.6930428571925941,0.9251287064789628,0.922446421741434,298,0.12064454377477668,0.21795829581613385,0.059390414816071914,0.21847096045255607,0.26256435397396133,0.12097143116650005,0.4,0.0,True,True,0.0,0
bootstrap_subversion,1835087714,216,298,0.9920514326906817,0.9920514481428404,0.14310254085545832,0.9920514326906817,0.6774527850128782,0.05600000000000001,0.8089939511732723,0.6930422778349465,0.9251287066258588,0.9260027940983413,299,0.12064454377477668,0.21795829581613385,0.059390414816071914,0.21847096045255607,0.26256435397396133,0.12097143116650005,0.4,0.0,True,True,0.0,0
bootstrap_subversion,1835087714,217,299,0.9891571976845273,0.9891572232731689,0.13906422341688002,0.9891571976845273,0.6814725496488868,0.05600000000000001,0.8080683036153841,0.6930417274451813,0.9251287067580651,0.9270628000172535,302,0.12064454377477668,0.21795829581613385,0.059390414816071914,0.21847096045255607,0.26256435397396133,0.12097143116650005,0.4,0.0,True,True,0.0,0
bootstrap_subversion,1835087714,218,302,0.9902401744637138,0.9902402047942446,0.13771967125954837,0.9902401744637138,0.6911316003370929,0.05600000000000001,0.8079250493136879,0.6930412045749044,0.9251287068770508,0.9272264791249689,306,0.12064454377477668,0.21795829581613385,0.059390414816071914,0.21847096045255607,0.26256435397396133,0.12097143116650005,0.4,0.0,True,True,0.0,0
bootstrap_subversion,1835087714,219,306,0.9889555593926812,0.988955567310905,0.14839962246269478,0.9889555593926812,0.7123199046963357,0.05600000000000001,0.8048438767419818,0.6930407078481413,0.9251287069841381,0.9307755000765741,317,0.12064454377477668,0.21795829581613385,0.059390414816071914,0.21847096045255607,0.26256435397396133,0.12097143116650005,0.4,0.0,True,True,0.0,0
bootstrap_subversion,1835087714,220,317,0.9919661320160043,0.9919661944441476,0.13198746297810124,0.9919661320160043,0.7190751930630306,0.05600000000000001,0.8024174816409232,0.6930402359577164,0.9251287070805165,0.9335893955939971,320,0.12064454377477668,0.21795829581613385,0.059390414816071914,0.21847096045255607,0.26256435397396133,0.12097143116650005,0.4,0.0,True,True,0.0,0
bootstrap_subversion,1835087714,221,320,0.989921630318614,0.9899216654275879,0.1365525358226473,0.989921630318614,0.7175593731353381,0.05600000000000001,0.7998806198039256,0.6930397876618126,0.9251287071672571,0.9365497156760801,321,0.12064454377477668,0.21795829581613385,0.059390414816071914,0.21847096045255607,0.26256435397396133,0.12097143116650005,0.4,0.0,True,True,0.0,0
bootstrap_subversion,1835087714,222,321,0.9905829779250187,0.9905829989216985,0.14065006628312152,0.9905829779250187,0.7089521554324232,0.05600000000000001,0.7947102768455253,0.6930393617807041,0.9251287072453237,0.9426422791643573,319,0.12064454377477668,0.21795829581613385,0.059390414816071914,0.21847096045255607,0.26256435397396133,0.12097143116650005,0.4,0.0,True,True,0.0,0
bootstrap_subversion,1835087714,223,319,0.9901932723825961,0.9901933088650756,0.13624924902572447,0.9901932723825961,0.7124216930168382,0.05600000000000001,0.7964176658169462,0.693038957193651,0.9251287073155836,0.9406208593892958,320,0.12064454377477668,0.21795829581613385,0.059390414816071914,0.21847096045255607,0.26256435397396133,0.12097143116650005,0.4,0.0,True,True,0.0,0
bootstrap_subversion,1835087714,224,320,0.9909763143601379,0.9909763540564914,0.13558349451931176,0.9909763143601379,0.7076904659457007,0.05600000000000001,0.790503927871107,0.6930385728359506,0.9251287073788175,0.9476570923003256,320,0.12064454377477668,0.21795829581613385,0.059390414816071914,0.21847096045255607,0.26256435397396133,0.12097143116650005,0.4,0.0,True,True,0.0,0
bootstrap_subversion,1835087714,225,320,0.99199491096654,0.9919949757510784,0.13169276694690835,0.99199491096654,0.6975427962799656,0.05600000000000001,0.7957767478645925,0.6930382076961352,0.925128707435728,0.941377416482239,313,0.12064454377477668,0.21795829581613385,0.059390414816071914,0.21847096045255607,0.26256435397396133,0.12097143116650005,0.4,0.0,True,True,0.0,0
bootstrap_subversion,1835087714,226,313,0.9920979512627907,0.9920980754551767,0.12651345685482773,0.9920979512627907,0.6998384191044191,0.05600000000000001,0.79577073876552,0.6930378608133106,0.9251287074869474,0.9413840538617524,314,0.12064454377477668,0.21795829581613385,0.059390414816071914,0.21847096045255607,0.26256435397396133,0.12097143116650005,0.4,0.0,True,True,0.0,0
bootstrap_subversion,1835087714,227,314,0.9914744514238357,0.9914745473017519,0.1285681710836467,0.9914744514238357,0.7011171513181729,0.05600000000000001,0.7951940147787273,0.6930375312746273,0.925128707533045,0.9420663559273653,315,0.12064454377477668,0.21795829581613385,0.059390414816071914,0.21847096045255607,0.26256435397396133,0.12097143116650005,0.4,0.0,True,True,0.0,0
bootstrap_subversion,1835087714,228,315,0.9909221677289283,0.9909221933015558,0.1390833972544075,0.9909221677289283,0.7237063742309269,0.05600000000000001,0.7911337098128549,0.6930372182128781,0.9251287075745328,0.9469008588995805,327,0.12064454377477668,0.21795829581613385,0.059390414816071914,0.21847096045255607,0.26256435397396133,0.12097143116650005,0.4,0.0,True,True,0.0,0
bootstrap_subversion,1835087714,229,327,0.9907286093504741,0.9907286533890542,0.13475519519498824,0.9907286093504741,0.7173313486069404,0.05600000000000001,0.7915804712062735,0.6930369208042163,0.9251287076118718,0.9463660298191112,324,0.12064454377477668,0.21795829581613385,0.059390414816071914,0.21847096045255607,0.26256435397396133,0.12097143116650005,0.4,0.0,True,True,0.0,0
bootstrap_subversion,1835087714,230,324,0.9884809200937964,0.9884809368930914,0.14240847157536057,0.9884809200937964,0.6990041724774808,0.05600000000000001,0.7901824273508253,0.6930366382659876,0.9251287076454769,0.9480400176676864,317,0.12064454377477668,0.21795829581613385,0.059390414816071914,0.21847096045255607,0.26256435397396133,0.12097143116650005,0.4,0.0,True,True,0.0,0
bootstrap_subversion,1835087714,231,317,0.9935156687369152,0.9935157688791957,0.12823814918806567,0.9935156687369152,0.7016526717041978,0.05600000000000001,0.7916545282770227,0.6930363698546703,0.9251287076757215,0.9462767475836559,316,0.12064454377477668,0.21795829581613385,0.059390414816071914,0.21847096045255607,0.26256435397396133,0.12097143116650005,0.4,0.0,True,True,0.0,0
bootstrap_subversion,1835087714,232,316,0.9898421956803998,0.9898423386590699,0.12537405262080206,0.9898421956803998,0.6924734872293467,0.05600000000000001,0.7968054173104182,0.6930361148639189,0.9251287077029416,0.9401592663703551,311,0.12064454377477668,0.21795829581613385,0.059390414816071914,0.21847096045255607,0.26256435397396133,0.12097143116650005,0.4,0.0,True,True,0.0,0
bootstrap_subversion,1835087714,233,311,0.9905095249496093,0.9905095860965575,0.13214082775748395,0.9905095249496093,0.67992618175547,0.05600000000000001,0.797221314091024,0.693035872622705,0.9251287077274397,0.9396684728215363,305,0.12064454377477668,0.21795829581613385,0.059390414816071914,0.21847096045255607,0.26256435397396133,0.12097143116650005,0.4,0.0,True,True,0.0,0
bootstrap_subversion,1835087714,234,305,0.9882717852559574,0.988271805048436,0.14110161292430093,0.9882717852559574,0.6469602119486142,0.05600000000000001,0.796863552042611,0.693035642493552,0.925128707749488,0.9400900367709603,291,0.12064454377477668,0.21795829581613385,0.059390414816071914,0.21847096045255607,0.26256435397396133,0.12097143116650005,0.4,0.0,True,True,0.0,0
bootstrap_subversion,1835087714,235,291,0.9901981597768352,0.9901981791968811,0.14126832482166207,0.9901981597768352,0.6477549251879127,0.05600000000000001,0.7935634752494717,0.6930354238708565,0.9251287077693314,0.9439991544137394,292,0.12064454377477668,0.21795829581613385,0.059390414816071914,0.21847096045255607,0.26256435397396133,0.12097143116650005,0.4,0.0,True,True,0.0,0
bootstrap_subversion,1835087714,236,292,0.987608426945534,0.9876084550762693,0.138297818132894,0.987608426945534,0.6334424964798442,0.05600000000000001,0.7971748566708229,0.6930352161792958,0.9251287077871906,0.9397223442583114,285,0.12064454377477668,0.21795829581613385,0.059390414816071914,0.21847096045255607,0.26256435397396133,0.12097143116650005,0.4,0.0,True,True,0.0,0
bootstrap_subversion,1835087714,237,285,0.9895871806133094,0.9895871894822704,0.1475021058264666,0.9895871806133094,0.6410790680252063,0.05600000000000001,0.7967851206963223,0.6930350188723131,0.9251287078032638,0.9401817282326179,288,0.12064454377477668,0.21795829581613385,0.059390414816071914,0.21847096045255607,0.26256435397396133,0.12097143116650005,0.4,0.0,True,True,0.0,0
bootstrap_subversion,1835087714,238,288,0.9892522049868312,0.9892522327077216,0.13842788165095218,0.9892522049868312,0.635077504309158,0.05600000000000001,0.8007144146450419,0.6930348314306796,0.9251287078177297,0.9355677823225718,284,0.12064454377477668,0.21795829581613385,0.059390414816071914,0.21847096045255607,0.26256435397396133,0.12097143116650005,0.4,0.0,True,True,0.0,0
bootstrap_subversion,1835087714,239,284,0.9886461718203625,0.9886461927963743,0.14064232668655663,0.9886461718203625,0.6281748061038875,0.05600000000000001,0.8009579223808231,0.6930346533611277,0.925128707830749,0.9352831100852974,281,0.12064454377477668,0.21795829581613385,0.059390414816071914,0.21847096045255607,0.26256435397396133,0.12097143116650005,0.4,0.0,True,True,0.0,0
bootstrap_subversion,1835087714,240,281,0.989968211235095,0.9899682614698937,0.13370120388894496,0.989968211235095,0.6173914584440766,0.05600000000000001,0.8062417927166251,0.6930344841950534,0.9251287078424664,0.9291533142946434,274,0.12064454377477668,0.21795829581613385,0.059390414816071914,0.21847096045255607,0.26256435397396133,0.12097143116650005,0.4,0.0,True,True,0.0,0
bootstrap_subversion,1835087714,241,274,0.9901950006568845,0.9901950339966292,0.13696632165525371,0.9901950006568845,0.6112707239651312,0.05600000000000001,0.8129001237601542,0.6930343234872829,0.925128707853012,0.9215425588052153,269,0.12064454377477668,0.21795829581613385,0.059390414816071914,0.21847096045255607,0.26256435397396133,0.12097143116650005,0.4,0.0,True,True,0.0,0
bootstrap_subversion,1835087714,242,269,0.9938912829446602,0.9938913081844926,0.13921148268696515,0.9938912829446602,0.6170547543137211,0.05600000000000001,0.8115069221941079,0.6930341708149009,0.9251287078625031,0.9231244670613868,271,0.12064454377477668,0.21795829581613385,0.059390414816071914,0.21847096045255607,0.26256435397396133,0.12097143116650005,0.4,0.0,True,True,0.0,0
bootstrap_subversion,1835087714,243,271,0.9863291814760453,0.9863291917477173,0.14630706088815026,0.9863291814760453,0.6133339463782098,0.05600000000000001,0.8158083481521868,0.693034025776138,0.9251287078710451,0.9182570146285763,270,0.12064454377477668,0.21795829581613385,0.059390414816071914,0.21847096045255607,0.26256435397396133,0.12097143116650005,0.4,0.0,True,True,0.0,0
bootstrap_subversion,1835087714,244,270,0.9880625497007584,0.9880625812052198,0.13739986841700352,0.9880625497007584,0.6079249101405974,0.05600000000000001,0.8193335516681375,0.6930338879893133,0.9251287078787328,0.9143060086015986,266,0.12064454377477668,0.21795829581613385,0.059390414816071914,0.21847096045255607,0.26256435397396133,0.12097143116650005,0.4,0.0,True,True,0.0,0
bootstrap_subversion,1835087714,245,266,0.9888362143212451,0.9888362188487125,0.15284837705202364,0.9888362143212451,0.5898136038288938,0.05600000000000001,0.8189316830227992,0.6930337570918298,0.9251287078856518,0.9147545068438911,258,0.12064454377477668,0.21795829581613385,0.059390414816071914,0.21847096045255607,0.26256435397396133,0.12097143116650005,0.4,0.0,True,True,0.0,0
bootstrap_subversion,1835087714,246,258,0.988679659827684,0.9886796843298563,0.13940574166555642,0.988679659827684,0.6002030187618972,0.05600000000000001,0.8176432634631563,0.6930336327392205,0.925128707891879,0.9161957872041123,263,0.12064454377477668,0.21795829581613385,0.059390414816071914,0.21847096045255607,0.26256435397396133,0.12097143116650005,0.4,0.0,True,True,0.0,0
bootstrap_subversion,1835087714,247,263,0.9929108980744691,0.9929109157106202,0.1420570952963915,0.9929108980744691,0.5915476504972492,0.05600000000000001,0.8179690284443395,0.6930335146042416,0.9251287078974834,0.9158307462389216,258,0.12064454377477668,0.21795829581613385,0.059390414816071914,0.21847096045255607,0.26256435397396133,0.12097143116650005,0.4,0.0,True,True,0.0,0
bootstrap_subversion,1835087714,248,258,0.9895857742827926,0.9895857788223764,0.1528331343991483,0.9895857742827926,0.6037444223928153,0.05600000000000001,0.8155131982517898,0.6930334023760116,0.9251287079025273,0.9185885231672156,265,0.12064454377477668,0.21795829581613385,0.059390414816071914,0.21847096045255607,0.26256435397396133,0.12097143116650005,0.4,0.0,True,True,0.0,0
bootstrap_subversion,1835087714,249,265,0.9889318593927062,0.9889318640452736,0.15263218339654522,0.9889318593927062,0.5976961326109717,0.05600000000000001,0.8171278877284888,0.6930332957591931,0.9251287079070669,0.9167732008741976,262,0.12064454377477668,0.21795829581613385,0.059390414816071914,0.21847096045255607,0.26256435397396133,0.12097143116650005,0.4,0.0,True,True,0.0,0
bootstrap_subversion,1835087714,250,262,0.9904759474925132,0.9904759757138686,0.1382952954089065,0.9904759474925132,0.6009267584731357,0.05600000000000001,0.8202639558533653,0.6930331944732157,0.9251287079111525,0.9132680210123811,262,0.12064454377477668,0.21795829581613385,0.059390414816071914,0.21847096045255607,0.26256435397396133,0.12097143116650005,0.4,0.0,True,True,0.0,0
bootstrap_subversion,1835087714,251,262,0.9830332985645747,0.9830333659375262,0.13130868030144952,0.9830332985645747,0.5954817350172317,0.05600000000000001,0.8221235315049062,0.693033098251537,0.9251287079148296,0.9112021575234256,261,0.12064454377477668,0.21795829581613385,0.059390414816071914,0.21847096045255607,0.26256435397396133,0.12097143116650005,0.4,0.0,True,True,0.0,0
bootstrap_subversion,1835087714,252,261,0.9894039960093917,0.9894040001643781,0.15353634686642353,0.9894039960093917,0.6033084290342212,0.05600000000000001,0.8150744634596863,0.6930330068409423,0.925128707918139,0.9190824525002486,265,0.12064454377477668,0.21795829581613385,0.059390414816071914,0.21847096045255607,0.26256435397396133,0.12097143116650005,0.4,0.0,True,True,0.0,0
bootstrap_subversion,1835087714,253,265,0.9826577714205884,0.9826577866548982,0.14313983031545466,0.9826577714205884,0.6005124173410755,0.05600000000000001,0.8168669163265069,0.6930329200008772,0.9251287079211173,0.9170655929428321,265,0.12064454377477668,0.21795829581613385,0.059390414816071914,0.21847096045255607,0.26256435397396133,0.12097143116650005,0.4,0.0,True,True,0.0,0
bootstrap_subversion,1835087714,254,265,0.9874161459243112,0.9874161718503927,0.1389459161014725,0.9874161459243112,0.6026334114728522,0.05600000000000001,0.818891925618448,0.6930328375028155,0.9251287079237979,0.9147977045123992,264,0.12064454377477668,0.21795829581613385,0.059390414816071914,0.21847096045255607,0.26256435397396133,0.12097143116650005,0.4,0.0,True,True,0.0,0
bootstrap_subversion,1835087714,255,264,0.9883013181918302,0.9883013375929209,0.14126083509439652,0.9883013181918302,0.6153106195291933,0.05600000000000001,0.8107999530090727,0.6930327591296569,0.9251287079262104,0.9239274944472119,272,0.12064454377477668,0.21795829581613385,0.059390414816071914,0.21847096045255607,0.26256435397396133,0.12097143116650005,0.4,0.0,True,True,0.0,0
bootstrap_subversion,1835087714,256,272,0.9897033427131722,0.9897033510819832,0.14796508943255454,0.9897033427131722,0.6197302174035235,0.05600000000000001,0.8065709406911262,0.6930326846751562,0.9251287079283816,0.9287717308012352,275,0.12064454377477668,0.21795829581613385,0.059390414816071914,0.21847096045255607,0.26256435397396133,0.12097143116650005,0.4,0.0,True,True,0.0,0
bootstrap_subversion,1835087714,257,275,0.9897382585396576,0.989738300946615,0.13504775590142892,0.9897382585396576,0.6275185696035254,0.05600000000000001,0.8078655740176826,0.6930326139433806,0.9251287079303357,0.927283246414895,278,0.12064454377477668,0.21795829581613385,0.059390414816071914,0.21847096045255607,0.26256435397396133,0.12097143116650005,0.4,0.0,True,True,0.0,0
bootstrap_subversion,1835087714,258,278,0.9897053194847968,0.9897053495413335,0.13778760558140177,0.9897053194847968,0.6272264815301479,0.05600000000000001,0.8133680623800347,0.6930325467481937,0.9251287079320945,0.9210100250496075,276,0.12064454377477668,0.21795829581613385,0.059390414816071914,0.21847096045255607,0.26256435397396133,0.12097143116650005,0.4,0.0,True,True,0.0,0
bootstrap_subversion,1835087714,259,276,0.9896329511249419,0.9896329626693507,0.14540385137704437,0.9896329511249419,0.6278599250690803,0.05600000000000001,0.814249106330351,0.6930324829127662,0.9251287079336773,0.9200133775772368,276,0.12064454377477668,0.21795829581613385,0.059390414816071914,0.21847096045255607,0.26256435397396133,0.12097143116650005,0.4,0.0,True,True,0.0,0
bootstrap_subversion,1835087714,260,276,0.9912934130605914,0.9912934244074336,0.14555460088527422,0.9912934130605914,0.627498320254691,0.05600000000000001,0.8124171059691718,0.69303242226911,0.9251287079351018,0.9220879268141818,276,0.12064454377477668,0.21795829581613385,0.059390414816071914,0.21847096045255607,0.26256435397396133,0.12097143116650005,0.4,0.0,True,True,0.0,0
bootstrap_subversion,1835087714,261,276,0.9894391670626853,0.9894391762089084,0.1472558773698288,0.9894391670626853,0.6235421819104852,0.05600000000000001,0.8117492138104245,0.6930323646576366,0.9251287079363839,0.9228465268971521,275,0.12064454377477668,0.21795829581613385,0.059390414816071914,0.21847096045255607,0.26256435397396133,0.12097143116650005,0.4,0.0,True,True,0.0,0
bootstrap_subversion,1835087714,262,275,0.9875970262982456,0.9875970361162837,0.14667683103505746,0.9875970262982456,0.621802593585274,0.05600000000000001,0.8109945322903852,0.6930323099267369,0.9251287079375378,0.9237052207979263,275,0.12064454377477668,0.21795829581613385,0.059390414816071914,0.21847096045255607,0.26256435397396133,0.12097143116650005,0.4,0.0,True,True,0.0,0
bootstrap_subversion,1835087714,263,275,0.9878783283726422,0.9878783383574341,0.14654503591767098,0.9878783283726422,0.6200285084720419,0.05600000000000001,0.8143731571909273,0.6930322579323822,0.9251287079385763,0.9198729362545018,273,0.12064454377477668,0.21795829581613385,0.059390414816071914,0.21847096045255607,0.26256435397396133,0.12097143116650005,0.4,0.0,True,True,0.0,0
bootstrap_subversion,1835087714,264,273,0.9908110473978172,0.9908110588457328,0.1454801351188082,0.9908110473978172,0.6283374296590248,0.05600000000000001,0.8138997906658862,0.6930322085377453,0.925128707939511,0.9204078714730288,276,0.12064454377477668,0.21795829581613385,0.059390414816071914,0.21847096045255607,0.26256435397396133,0.12097143116650005,0.4,0.0,True,True,0.0,0
bootstrap_subversion,1835087714,265,276,0.9882953031995934,0.9882953134977793,0.14630239185397653,0.9882953031995934,0.6259298708241284,0.05600000000000001,0.8099106960341848,0.6930321616128401,0.9251287079403522,0.9249411408739595,277,0.12064454377477668,0.21795829581613385,0.059390414816071914,0.21847096045255607,0.26256435397396133,0.12097143116650005,0.4,0.0,True,True,0.0,0
bootstrap_subversion,1835087714,266,277,0.9884768853221446,0.9884768891371584,0.15420839554706958,0.9884768853221446,0.6348524120923613,0.05600000000000001,0.8096138355595097,0.6930321170341802,0.9251287079411092,0.9252802288033087,281,0.12064454377477668,0.21795829581613385,0.059390414816071914,0.21847096045255607,0.26256435397396133,0.12097143116650005,0.4,0.0,True,True,0.0,0
bootstrap_subversion,1835087714,267,281,0.9866234298895923,0.9866234538780702,0.1395578285613175,0.9866234298895923,0.6397411996644052,0.05600000000000001,0.8087467855609818,0.6930320746844534,0.9251287079417906,0.9262721566324805,284,0.12064454377477668,0.21795829581613385,0.059390414816071914,0.21847096045255607,0.26256435397396133,0.12097143116650005,0.4,0.0,True,True,0.0,0
bootstrap_subversion,1835087714,268,284,0.9888860267072354,0.9888860517764677,0.13922528037897414,0.9888860267072354,0.637830479289915,0.05600000000000001,0.8101920121791473,0.6930320344522128,0.9251287079424038,0.9246198117005803,282,0.12064454377477668,0.21795829581613385,0.059390414816071914,0.21847096045255607,0.26256435397396133,0.12097143116650005,0.4,0.0,True,True,0.0,0
bootstrap_subversion,1835087714,269,282,0.9876318660806026,0.9876318701025283,0.15378116420368193,0.9876318660806026,0.6197186977465948,0.05600000000000001,0.8053199993056296,0.6930319962315843,0.9251287079429557,0.9302135114911009,276,0.12064454377477668,0.21795829581613385,0.059390414816071914,0.21847096045255607,0.26256435397396133,0.12097143116650005,0.4,0.0,True,True,0.0,0
bootstrap_subversion,1835087714,270,276,0.9894157949989769,0.9894158236023792,0.13817973408212136,0.9894157949989769,0.6199174638123179,0.05600000000000001,0.8070499629488668,0.6930319599219872,0.9251287079434524,0.9282194902064619,275,0.12064454377477668,0.21795829581613385,0.059390414816071914,0.21847096045255607,0.26256435397396133,0.12097143116650005,0.4,0.0,True,True,0.0,0
bootstrap_subversion,1835087714,271,275,0.9896850056455698,0.9896850198862336,0.1437334480734206,0.9896850056455698,0.6195264194744498,0.05600000000000001,0.806321523019447,0.69303192542787,0.9251287079438995,0.9290580078877073,275,0.12064454377477668,0.21795829581613385,0.059390414816071914,0.21847096045255607,0.26256435397396133,0.12097143116650005,0.4,0.0,True,True,0.0,0
bootstrap_subversion,1835087714,272,275,0.9891643442863287,0.9891643563014026,0.14508199035454503,0.9891643442863287,0.615229390007429,0.05600000000000001,0.8070196315752609,0.6930318926584585,0.9251287079443018,0.928254286713446,273,0.12064454377477668,0.21795829581613385,0.059390414816071914,0.21847096045255607,0.26256435397396133,0.12097143116650005,0.4,0.0,True,True,0.0,0
bootstrap_subversion,1835087714,273,273,0.9857706594318341,0.9857706663047775,0.14950088907870335,0.9857706594318341,0.6229649574440058,0.05600000000000001,0.8052321004099565,0.6930318615275177,0.9251287079446638,0.930314872493994,278,0.12064454377477668,0.21795829581613385,0.059390414816071914,0.21847096045255607,0.26256435397396133,0.12097143116650005,0.4,0.0,True,True,0.0,0
bootstrap_subversion,1835087714,274,278,0.9875343672491387,0.9875343797763494,0.14473660034972702,0.9875343672491387,0.6361870586704736,0.05600000000000001,0.8006927864658396,0.693031831953124,0.9251287079449897,0.9355890043163096,285,0.12064454377477668,0.21795829581613385,0.059390414816071914,0.21847096045255607,0.26256435397396133,0.12097143116650005,0.4,0.0,True,True,0.0,0
bootstrap_subversion,1835087714,275,285,0.9901611852266765,0.9901612146188383,0.13796919586208767,0.9901611852266765,0.6532573954393734,0.05600000000000001,0.8030889120643544,0.6930318038574499,0.925128707945283,0.9327975087558963,291,0.12064454377477668,0.21795829581613385,0.059390414816071914,0.21847096045255607,0.26256435397396133,0.12097143116650005,0.4,0.0,True,True,0.0,0
bootstrap_subversion,1835087714,276,291,0.9885056457331252,0.9885056837492567,0.1359078872203253,0.9885056457331252,0.6598915020878258,0.05600000000000001,0.8043114466720618,0.6930317771665595,0.925128707945547,0.9313796424649565,294,0.12064454377477668,0.21795829581613385,0.059390414816071914,0.21847096045255607,0.26256435397396133,0.12097143116650005,0.4,0.0,True,True,0.0,0
bootstrap_subversion,1835087714,277,294,0.9887471634996725,0.9887471960443313,0.13714680615600974,0.9887471634996725,0.6649183767463673,0.05600000000000001,0.8047659418027229,0.6930317518102137,0.9251287079457846,0.9308536076280531,296,0.12064454377477668,0.21795829581613385,0.059390414816071914,0.21847096045255607,0.26256435397396133,0.12097143116650005,0.4,0.0,True,True,0.0,0
bootstrap_subversion,1835087714,278,296,0.9910205644104654,0.9910206004222997,0.1363592545009824,0.9910205644104654,0.6792306204471024,0.05600000000000001,0.8039071215477369,0.6930317277216852,0.9251287079459984,0.9318480134157716,302,0.12064454377477668,0.21795829581613385,0.059390414816071914,0.21847096045255607,0.26256435397396133,0.12097143116650005,0.4,0.0,True,True,0.0,0
bootstrap_subversion,1835087714,279,302,0.9900886301236572,0.990088645886431,0.1429283518199933,0.9900886301236572,0.6796115856962848,0.05600000000000001,0.7998183442518126,0.693031704837583,0.9251287079461908,0.9366117129378011,304,0.12064454377477668,0.21795829581613385,0.059390414816071914,0.21847096045255607,0.26256435397396133,0.12097143116650005,0.4,0.0,True,True,0.0,0
bootstrap_subversion,1835087714,280,304,0.9896699037291005,0.9896699239380364,0.14094711449275862,0.9896699037291005,0.689600103535096,0.05600000000000001,0.7987791724399619,0.693031683097686,0.925128707946364,0.9378301685821807,309,0.12064454377477668,0.21795829581613385,0.059390414816071914,0.21847096045255607,0.26256435397396133,0.12097143116650005,0.4,0.0,True,True,0.0,0
bootstrap_subversion,1835087714,281,309,0.9898854700490014,0.9898855198652527,0.13376713831266224,0.9898854700490014,0.7088128385942214,0.05600000000000001,0.7976231969593135,0.6930316624447839,0.9251287079465199,0.9391893145542943,318,0.12064454377477668,0.21795829581613385,0.059390414816071914,0.21847096045255607,0.26256435397396133,0.12097143116650005,0.4,0.0,True,True,0.0,0
bootstrap_subversion,1835087714,282,318,0.9906654107109533,0.9906654191287337,0.14792638136314423,0.9906654107109533,0.7214897454940925,0.05600000000000001,0.7986912438533106,0.6930316428245268,0.9251287079466601,0.9379333605842762,323,0.12064454377477668,0.21795829581613385,0.059390414816071914,0.21847096045255607,0.26256435397396133,0.12097143116650005,0.4,0.0,True,True,0.0,0
bootstrap_subversion,1835087714,283,323,0.9900926671825956,0.9900927080661327,0.13534182486772106,0.9900926671825956,0.719269235756198,0.05600000000000001,0.8016575792697457,0.6930316241852825,0.9251287079467864,0.9344627452423434,321,0.12064454377477668,0.21795829581613385,0.059390414816071914,0.21847096045255607,0.26256435397396133,0.12097143116650005,0.4,0.0,True,True,0.0,0
bootstrap_subversion,1835087714,284,321,0.9916986505880487,0.9916986695977688,0.14145036855251808,0.9916986505880487,0.7293617089646256,0.05600000000000001,0.799141974391548,0.6930316064780006,0.9251287079468999,0.9374043000289997,326,0.12064454377477668,0.21795829581613385,0.059390414816071914,0.21847096045255607,0.26256435397396133,0.12097143116650005,0.4,0.0,True,True,0.0,0
bootstrap_subversion,1835087714,285,326,0.9887664000198192,0.9887664192951339,0.14131635278595298,0.9887664000198192,0.7139144055683002,0.05600000000000001,0.8119330267923588,0.6930315896560827,0.9251287079470022,0.9226365725069456,315,0.12064454377477668,0.21795829581613385,0.059390414816071914,0.21847096045255607,0.26256435397396133,0.12097143116650005,0.4,0.0,True,True,0.0,0
bootstrap_subversion,1835087714,286,315,0.9887684028244532,0.9887684145635629,0.14526376419858478,0.9887684028244532,0.7111781156567347,0.05600000000000001,0.8139876068983425,0.6930315736752607,0.9251287079470942,0.9203077311276717,313,0.12064454377477668,0.21795829581613385,0.059390414816071914,0.21847096045255607,0.26256435397396133,0.12097143116650005,0.4,0.0,True,True,0.0,0
bootstrap_subversion,1835087714,287,313,0.9886167192851506,0.9886167274065932,0.14819517923475017,0.9886167192851506,0.7209466584942208,0.05600000000000001,0.8148811195226452,0.6930315584934797,0.925128707947177,0.9192985986704031,317,0.12064454377477668,0.21795829581613385,0.059390414816071914,0.21847096045255607,0.26256435397396133,0.12097143116650005,0.4,0.0,True,True,0.0,0
bootstrap_subversion,1835087714,288,317,0.988852229753805,0.9888522453776579,0.14298887014056624,0.988852229753805,0.6966836767871627,0.05600000000000001,0.8236447867062797,0.6930315440707879,0.9251287079472517,0.9095171459359824,303,0.12064454377477668,0.21795829581613385,0.059390414816071914,0.21847096045255607,0.26256435397396133,0.12097143116650005,0.4,0.0,True,True,0.0,0
bootstrap_subversion,1835087714,289,303,0.9919978489160031,0.9919978589340305,0.14655170887628116,0.9919978489160031,0.714896969775851,0.05600000000000001,0.8261380007777812,0.6930315303692307,0.9251287079473187,0.9067722827837338,309,0.12064454377477668,0.21795829581613385,0.059390414816071914,0.21847096045255607,0.26256435397396133,0.12097143116650005,0.4,0.0,True,True,0.0,0
bootstrap_subversion,1835087714,290,309,0.987393261307112,0.9873932689197586,0.14870031436279765,0.987393261307112,0.7238730342554209,0.05600000000000001,0.8217950445312675,0.6930315173527513,0.9251287079473791,0.9115643027720831,316,0.12064454377477668,0.21795829581613385,0.059390414816071914,0.21847096045255607,0.26256435397396133,0.12097143116650005,0.4,0.0,True,True,0.0,0
bootstrap_subversion,1835087714,291,316,0.9889818313508136,0.9889818659377637,0.1366642196456937,0.9889818313508136,0.7306344452846841,0.05600000000000001,0.8229303480466991,0.6930315049870959,0.9251287079474335,0.9103067048157119,318,0.12064454377477668,0.21795829581613385,0.059390414816071914,0.21847096045255607,0.26256435397396133,0.12097143116650005,0.4,0.0,True,True,0.0,0
bootstrap_subversion,1835087714,292,318,0.9914372505225963,0.9914372865068608,0.136368697090778,0.9914372505225963,0.7415424065464353,0.05600000000000001,0.8202507074777257,0.6930314932397232,0.9251287079474825,0.9132805298378182,323,0.12064454377477668,0.21795829581613385,0.059390414816071914,0.21847096045255607,0.26256435397396133,0.12097143116650005,0.4,0.0,True,True,0.0,0
bootstrap_subversion,1835087714,293,323,0.99351501009211,0.9935150223122591,0.14498220725881367,0.99351501009211,0.7461485270007971,0.05600000000000001,0.8160403552951491,0.6930314820797192,0.9251287079475266,0.9179925769613826,326,0.12064454377477668,0.21795829581613385,0.059390414816071914,0.21847096045255607,0.26256435397396133,0.12097143116650005,0.4,0.0,True,True,0.0,0
bootstrap_subversion,1835087714,294,326,0.9886457478219479,0.9886457599997459,0.14497073369289426,0.9886457478219479,0.740354830111474,0.05600000000000001,0.8187147051654061,0.6930314714777154,0.9251287079475662,0.9149939197079247,324,0.12064454377477668,0.21795829581613385,0.059390414816071914,0.21847096045255607,0.26256435397396133,0.12097143116650005,0.4,0.0,True,True,0.0,0
bootstrap_subversion,1835087714,295,324,0.9883393469098637,0.9883394228198992,0.1304018514626615,0.9883393469098637,0.7602235441178764,0.05600000000000001,0.8133337970667417,0.6930314614058117,0.9251287079476018,0.9210473842553011,335,0.12064454377477668,0.21795829581613385,0.059390414816071914,0.21847096045255607,0.26256435397396133,0.12097143116650005,0.4,0.0,True,True,0.0,0
bootstrap_subversion,1835087714,296,335,0.9921602370726814,0.9921602668822612,0.13787299915592394,0.9921602370726814,0.7838839743779956,0.05600000000000001,0.8112024902360451,0.6930314518375033,0.9251287079476339,0.9234672785016603,345,0.12064454377477668,0.21795829581613385,0.059390414816071914,0.21847096045255607,0.26256435397396133,0.12097143116650005,0.4,0.0,True,True,0.0,0
bootstrap_subversion,1835087714,297,345,0.9897191959955083,0.9897192312251472,0.13652359701308464,0.9897191959955083,0.7857732927163452,0.05600000000000001,0.8058203874258751,0.6930314427476102,0.9251287079476628,0.9296351368565885,349,0.12064454377477668,0.21795829581613385,0.059390414816071914,0.21847096045255607,0.26256435397396133,0.12097143116650005,0.4,0.0,True,True,0.0,0
bootstrap_subversion,1835087714,298,349,0.9932254363743478,0.9932254514081802,0.1433304240083522,0.9932254363743478,0.778935007437823,0.05600000000000001,0.8075573237134478,0.6930314341122118,0.9251287079476888,0.9276356177013764,344,0.12064454377477668,0.21795829581613385,0.059390414816071914,0.21847096045255607,0.26256435397396133,0.12097143116650005,0.4,0.0,True,True,0.0,0
bootstrap_subversion,1835087714,299,344,0.9874993905395106,0.9874994014308326,0.14585022590892635,0.9874993905395106,0.7688721438271497,0.05600000000000001,0.8088003488337596,0.6930314259085834,0.9251287079477122,0.9262099466509941,341,0.12064454377477668,0.21795829581613385,0.059390414816071914,0.21847096045255607,0.26256435397396133,0.12097143116650005,0.4,0.0,True,True,0.0,0
