arm,seed,step,novelty_vector_count,h_n_latest,h_n_shape_latest,V,H_N,L_t,total_suppression,avg_wb,theta_capability,transfer_state,g,population,x_compute,x_bio_welfare,x_novelty_agency,x_institutional_capacity,x_transfer_comprehension,x_resilience,c_protective,c_suppressive,adapter_active,action_modified,adapter_score,shape_fallback_increase
ledger_compromise,1835087718,0,200,0.986352102141617,0.986524243253236,0.0688835326206666,0.986352102141617,0.10265492146009773,0.2,0.6677655832669374,0.507612546211789,0.55,1.3821196020435111,203,0.09515682764736189,0.2025883590486516,0.012428504576316187,0.35652801395500705,0.3282929978682613,0.005005296904401952,0.0,0.2,False,False,0.0,2
ledger_compromise,1835087718,1,203,0.9833500930675246,0.9833508289715738,0.11227985659646256,0.9833500930675246,0.12129005020481914,0.0,0.681623397300032,0.5172899430818888,0.589323638421649,1.2877622329936103,202,0.12572530225861636,0.16649604170901994,0.050381455467971376,0.23959196881867645,0.27161819210824506,0.1461870396374707,0.0,0.0,False,False,0.0,0
ledger_compromise,1835087718,2,202,0.982898740840219,0.9830948697555031,0.06781736104272172,0.982898740840219,0.14149556832733148,0.21400000000000002,0.6958905318995148,0.5410977159810834,0.6224901051654101,1.2491147038163561,205,0.30840337566611187,0.16809417325603335,0.041883482715749015,0.13748199468515976,0.2604941529296299,0.08364282074731605,0.2,0.2,False,False,0.0,0
ledger_compromise,1835087718,3,205,0.9878458705419739,0.9881110938337928,0.06545552402058505,0.9878458705419739,0.1681453657162294,0.22400000000000003,0.6889791325589264,0.554820545293284,0.6602410946488692,1.2196744164864608,211,0.19722143889068422,0.12964884391633846,0.013345891143155217,0.29163762810375826,0.3288574979799638,0.03928869996610005,0.8,0.0,False,False,0.0,0
ledger_compromise,1835087718,4,211,0.8894323673867791,0.9877671037205681,0.018364447060041054,0.8894323673867791,0.1739706752822269,0.6,0.7045286738067166,0.5639441336164076,0.6942169851839822,1.1530341622439138,214,0.14830769484734857,0.17389357143877435,0.08503576074197836,0.21549708539140786,0.32591985005344837,0.051346037527042525,0.0,0.6,False,False,0.0,0
ledger_compromise,1835087718,5,214,0.9899999387269077,0.9908979198658439,0.05577001845565217,0.9899999387269077,0.21102595894568163,0.326,0.7161508666313678,0.5749289503337079,0.7180515007138143,1.1180315570402668,212,0.17727529247650917,0.19301061884718237,0.014489039865696416,0.1986379951506011,0.2662810702411513,0.15030598341885962,0.6,0.2,False,False,0.0,0
ledger_compromise,1835087718,6,212,0.9833904170838244,0.983391289820481,0.11092271977577821,0.9833904170838244,0.2345438245363192,0.05600000000000001,0.7268738172596466,0.5717635604178499,0.7462463506424328,1.054084015925614,216,0.007263220010342075,0.23797123398453315,0.10574159837758702,0.27228454130236435,0.3121456517879571,0.06459375453721634,0.4,0.0,False,False,0.0,0
ledger_compromise,1835087718,7,216,0.9625253039190528,0.9838004142871877,0.03051801349656484,0.9625253039190528,0.26210072714856075,0.526,0.731224016295098,0.5689355801606445,0.7716217155781896,1.0083428108540167,229,0.009502472046088934,0.19251647008242126,0.05229127880187233,0.3097661289382431,0.40380602317105296,0.03211762696032151,0.6,0.4,False,False,0.0,0
ledger_compromise,1835087718,8,229,0.9895593132088644,0.9904328699831892,0.055985788299468944,0.9895593132088644,0.29043540865172274,0.35,0.7392891450875309,0.5691828880621514,0.7944595440203707,0.9690935850192729,229,0.046176086369239394,0.24599540933209327,0.015053934995051225,0.28090491864090683,0.383329957694818,0.02853969296789143,1.0,0.0,False,False,0.0,0
ledger_compromise,1835087718,9,229,0.9821872505111953,0.9853827787139134,0.045621400800506993,0.9821872505111953,0.30947504183574426,0.42400000000000004,0.748355547108208,0.5725364758295634,0.8059641019562045,0.9492475386855833,231,0.0851591521314928,0.17675963778120776,0.18315561760006208,0.2722725985401599,0.2547525616893544,0.02790043225772323,0.8,0.2,False,False,0.0,0
ledger_compromise,1835087718,10,231,0.9840893531273323,0.9861937303024282,0.048953133913956254,0.9840893531273323,0.32479652673108056,0.41400000000000003,0.7543923177958877,0.5698457562846351,0.8161076302354826,0.9255771464312896,232,0.011701303081873442,0.30040622297348035,0.11321856383645046,0.29445365267651535,0.2536996923744926,0.02652056505718786,0.2,0.4,False,False,0.0,0
ledger_compromise,1835087718,11,232,0.9807316963819016,0.9823677986366585,0.05092576600397631,0.9807316963819016,0.33013915215833417,0.4,0.7638992420841448,0.5864332358928234,0.8242257379370601,0.9314001952740115,227,0.250997092780251,0.16881695259870017,0.08388883795749733,0.15161650796600773,0.24864435362562856,0.09603625507191522,0.0,0.4,False,False,0.0,0
ledger_compromise,1835087718,12,227,0.9784949428393708,0.9784951512115009,0.12228427028622904,0.9784949428393708,0.3548005284300343,0.05600000000000001,0.7678530635570827,0.5851286257992444,0.8418031641433541,0.9052377783756739,233,0.0377131462632778,0.21994700279347637,0.044570527619451586,0.3623810520002362,0.30506449279948034,0.030323778524077694,0.4,0.0,False,False,0.0,0
ledger_compromise,1835087718,13,233,0.9880714328838857,0.9880987076772262,0.08356148342388901,0.9880714328838857,0.35676776121659104,0.256,0.7731215197117639,0.5882416191020504,0.836527716581613,0.9095522476588761,226,0.09211780740960261,0.16316824261091015,0.09354144909042715,0.2694667940641193,0.19452434426297158,0.18718136256196913,0.4,0.2,False,False,0.0,0
ledger_compromise,1835087718,14,226,0.9587103919548726,0.9843068173439474,0.029050173783962803,0.9587103919548726,0.36357511813095716,0.55,0.7765793638366113,0.6036226921932494,0.8277938000028011,0.9389825963993925,233,0.24741442557876817,0.17816911620502976,0.08981689384005424,0.19532451315851035,0.174594275396747,0.11468077582089042,1.0,0.2,False,False,0.0,0
ledger_compromise,1835087718,15,233,0.9874596464934183,0.9874697712237431,0.09144470596103421,0.9874596464934183,0.4031363339459592,0.22400000000000003,0.7782252622768049,0.614935100595084,0.8443483500432417,0.935841499298489,241,0.20616928764371434,0.25626558632955154,0.02471783378825351,0.1975842512923267,0.29666965020360364,0.018593390742550217,0.8,0.0,False,False,0.0,0
ledger_compromise,1835087718,16,241,0.8851331578918192,0.9871645139453027,0.018065840118023643,0.8851331578918192,0.38079248793256315,0.656,0.7844676086493987,0.6268510609375533,0.8599135150389176,0.929254289800134,242,0.2207839421527927,0.19375623236229883,0.001389133685982617,0.2099479787766411,0.30529217300949896,0.06883054001278588,0.4,0.6,False,False,0.0,0
ledger_compromise,1835087718,17,242,0.988229781466113,0.9893010973002875,0.05435227617522104,0.988229781466113,0.4457060157742633,0.4,0.7857896708372871,0.6334342143129988,0.8704841896528338,0.9260497404478102,243,0.16157133027904075,0.17288991672162277,0.03480847954866894,0.31772591375323406,0.28281013058903987,0.030194229108393644,0.0,0.4,False,False,0.0,0
ledger_compromise,1835087718,18,243,0.9895624005833242,0.9895624374635844,0.13615785427524343,0.9895624005833242,0.46317305749501664,0.05600000000000001,0.7925115979537815,0.6438456906240286,0.8739320342499783,0.9296051216689254,241,0.21353983783349695,0.1687764226576827,0.07510432771275838,0.28306399590319004,0.2524813178121394,0.0070340980807325915,0.4,0.0,False,False,0.0,0
ledger_compromise,1835087718,19,241,0.9837047354936312,0.9837229314828002,0.08674808805738576,0.9837047354936312,0.47868006158284226,0.256,0.7894708780723853,0.6522774315581162,0.8865388308249805,0.9319625807694775,244,0.1953003183161132,0.1522728351814272,0.020034421085045603,0.22604744021245587,0.39407343895681324,0.012271546248144985,0.4,0.2,False,False,0.0,0
ledger_compromise,1835087718,20,244,0.9845452621420953,0.9845680306483252,0.08497045711165373,0.9845452621420953,0.49140746806392127,0.256,0.7958109671474247,0.6667494901246058,0.8902046551241334,0.9411588087205353,241,0.27607412680494214,0.18931290312910953,0.02411741605301347,0.22998742434674957,0.26159853690825474,0.01890959275793065,0.4,0.2,False,False,0.0,0
ledger_compromise,1835087718,21,241,0.9913606420343316,0.9935218218833505,0.04880004937898734,0.9913606420343316,0.522400621526014,0.42400000000000004,0.7930126666338878,0.6628601752241755,0.8947245003495208,0.9342271259453178,252,0.055601995072499626,0.21948309062169846,0.010658816650106918,0.27747727234734576,0.2677015536890036,0.16907727161934558,0.8,0.2,False,False,0.0,0
ledger_compromise,1835087718,22,252,0.9803803620364167,0.9806449311213418,0.06541480813846168,0.9803803620364167,0.5369092341070142,0.35,0.7905772684395942,0.6654926094076311,0.8774596058012961,0.9593382954698272,264,0.13469303680830436,0.37984955357069183,0.048456689178208556,0.26548372726808,0.161037777433637,0.010479215741078294,1.0,0.0,False,False,0.0,0
ledger_compromise,1835087718,23,264,0.9858736112286687,0.9859136324487051,0.08049159532221012,0.9858736112286687,0.5465168862478277,0.256,0.7932409886623407,0.6779500443504602,0.8897136452211665,0.9605993647283488,262,0.25915081766513426,0.21819500624128382,0.015018784413510726,0.16174258990565263,0.3103049363290875,0.03558786544533105,0.4,0.2,False,False,0.0,0
ledger_compromise,1835087718,24,262,0.9876386211752454,0.9887118142709098,0.054333597103151866,0.9876386211752454,0.5549851680344741,0.4,0.7982570858690593,0.6709202448703859,0.8973509105580197,0.9366251316706656,261,0.023346284218108637,0.17968018702362526,0.04107195824550255,0.3214936542396596,0.2830431492948493,0.15136476697825474,0.0,0.4,False,False,0.0,0
ledger_compromise,1835087718,25,261,0.9878489591743778,0.9878489714188697,0.144920839808802,0.9878489591743778,0.5999138640844692,0.0,0.7897090470366811,0.6701083631183602,0.9076158195022178,0.9349230512221925,279,0.09667663114366977,0.19197438867693445,0.00867014670947785,0.3093290046251305,0.30267109791431634,0.09067873093047117,0.0,0.0,False,False,0.0,0
ledger_compromise,1835087718,26,279,0.9910422021953311,0.9913492067073401,0.06431708486828033,0.9910422021953311,0.6141851768394617,0.35,0.7922877818990277,0.674225257661797,0.9114473958805878,0.9336636499696688,278,0.15777890874193481,0.16324061702696213,0.07085270574573373,0.27588287353354585,0.27296579164295864,0.059279103308864906,1.0,0.0,False,False,0.0,0
ledger_compromise,1835087718,27,278,0.9890738315095469,0.9901946726186084,0.053999733068548036,0.9890738315095469,0.6131577174427523,0.42400000000000004,0.794059552386743,0.6667699535815478,0.9114840191695356,0.9212423359260564,278,0.0156994850355078,0.20823740129129437,0.11753171611380814,0.280498242593913,0.2559068143850332,0.12212634058044361,0.8,0.2,False,False,0.0,0
ledger_compromise,1835087718,28,278,0.9901750011181503,0.9901750873355821,0.12940311767009413,0.9901750011181503,0.6338417635176603,0.05600000000000001,0.7993896782788754,0.6779772503517678,0.9084712123773305,0.9335668350135811,280,0.244322430616218,0.17051658910513992,0.034340440470990025,0.25867290160857465,0.24067797562374232,0.05146966257533512,0.4,0.0,False,False,0.0,0
ledger_compromise,1835087718,29,280,0.9867695268047038,0.9881064672644536,0.052579532461942906,0.9867695268047038,0.6473478050521231,0.42400000000000004,0.7975826378194436,0.6794569893351222,0.9050356970500679,0.9412837682890587,287,0.1297325187617855,0.29008833797552624,0.08549996561202788,0.2559832517765392,0.23705802955235206,0.0016378963217691656,0.8,0.2,False,False,0.0,0
ledger_compromise,1835087718,30,287,0.9695783679331679,0.9906884499764023,0.03063553742704624,0.9695783679331679,0.6651618486411834,0.55,0.799514410813702,0.6774990513083174,0.9145321273450612,0.926581081146607,295,0.0876863929993923,0.17515206124917693,0.06484721760166237,0.2797016706470513,0.3610064564307895,0.03160620107192757,1.0,0.2,False,False,0.0,0
ledger_compromise,1835087718,31,295,0.987535832701684,0.9875426952394202,0.09454099617483037,0.987535832701684,0.6868538686866134,0.22400000000000003,0.7987323771643652,0.6739909156351118,0.9206490302943688,0.916555259064295,297,0.0670852111526283,0.20692410982357107,0.07170039428516696,0.3223301505714497,0.28785057841906886,0.04410955574811522,0.8,0.0,False,False,0.0,0
ledger_compromise,1835087718,32,297,0.9900284258444702,0.990028429949794,0.15363708532547532,0.9900284258444702,0.7132625823707287,0.0,0.7963605435492386,0.6743287644029836,0.928584127264932,0.9118863091273807,304,0.11296743187034264,0.19628218897824248,0.08076338675705313,0.284411357641625,0.31775989522845943,0.007815739524277313,0.0,0.0,False,False,0.0,0
ledger_compromise,1835087718,33,304,0.9894237127320757,0.9895507174652178,0.07132849608755645,0.9894237127320757,0.7378408198668627,0.35,0.7954576595901679,0.6745093197445746,0.926541094602476,0.9151793252098532,314,0.11121241952175195,0.18379384774715188,0.055955012271469345,0.33346531597168033,0.2540769003201862,0.061496504167760375,1.0,0.0,False,False,0.0,0
ledger_compromise,1835087718,34,314,0.9901410904194659,0.9901570415926828,0.08784807558810767,0.9901410904194659,0.7501603315496639,0.256,0.7926073531613446,0.6718093124918416,0.9338869851422285,0.9075981450237035,320,0.07531823418119718,0.18547084294478178,0.033728842394174154,0.23778097067518547,0.32927686552841506,0.13842424427624636,0.4,0.2,False,False,0.0,0
ledger_compromise,1835087718,35,320,0.9745803983356826,0.9894983190461364,0.03338960783995973,0.9745803983356826,0.7474306958702369,0.526,0.7956209965912524,0.6651980263101431,0.9404982866280056,0.888969186202362,322,0.02473974303616948,0.23248372704475873,0.04454288751575746,0.3501806365511295,0.3231791677084973,0.024873838143687602,0.6,0.4,False,False,0.0,0
ledger_compromise,1835087718,36,322,0.9892545664155853,0.9892545724640202,0.15054621322757472,0.9892545664155853,0.776453084609296,0.014000000000000002,0.7936269455519853,0.6608724874884877,0.9377904957424766,0.8879641670723533,332,0.049179531173147134,0.18920061076043174,0.06276311822087861,0.33128750415766683,0.25671018888635794,0.1108590468015176,0.2,0.0,False,False,0.0,0
ledger_compromise,1835087718,37,332,0.9798560438142342,0.993440202291014,0.034166787623101526,0.9798560438142342,0.804248972322336,0.526,0.7875467078040425,0.6739697917630095,0.9319023963890026,0.9183192378287197,346,0.26426160811182714,0.19860907941713446,0.030937471183447435,0.24544620172450085,0.2394547511038683,0.02129088845922197,0.6,0.4,False,False,0.0,0
ledger_compromise,1835087718,38,346,0.9812059626595062,0.9845837104361803,0.045173503270290835,0.9812059626595062,0.8104848965969879,0.456,0.7889593944644248,0.6742358321961937,0.930472254161504,0.9184462601585551,350,0.1120566252666819,0.29480941737039945,0.061897184818176965,0.22896097888199543,0.2588004870570086,0.04347530660573767,0.4,0.4,False,False,0.0,0
ledger_compromise,1835087718,39,350,0.9941176639444025,0.9941220597599217,0.09813946348568432,0.9941176639444025,0.8316908146094064,0.21400000000000002,0.7892403315208419,0.684077260393708,0.9374250287453536,0.9246116028647083,353,0.2319152475915497,0.20456504110306356,0.041518826041163796,0.1740167894791508,0.343519926770132,0.00446416901494,0.2,0.2,False,False,0.0,0
ledger_compromise,1835087718,40,353,0.9903217672091851,0.9904229435313614,0.07314530872499596,0.9903217672091851,0.8164087253303313,0.326,0.7919901016694969,0.6866099735903437,0.9083790640717246,0.9543841927681359,354,0.14670720270401402,0.23205381454139,0.05739631770806033,0.36764500653284066,0.12348269100453199,0.07271496750916312,0.6,0.2,False,False,0.0,0
ledger_compromise,1835087718,41,354,0.9931763567874055,0.9931904802979477,0.08884109867902912,0.9931763567874055,0.827897074765135,0.256,0.7901356474259172,0.6814367975066598,0.9168939838181911,0.9405996285565552,356,0.051966532447914715,0.164891339374595,0.1582516317389796,0.30560226525138984,0.29676413076819486,0.022524100418926114,0.4,0.2,False,False,0.0,0
ledger_compromise,1835087718,42,356,0.9880636087286607,0.9880682753476969,0.09761497446408884,0.9880636087286607,0.8127461523262527,0.21400000000000002,0.7909421077378103,0.6927813703128158,0.9098811508778238,0.9626464981844312,354,0.25520515851861403,0.19028863967172577,0.10890379611732878,0.1744438953903024,0.2233828272072591,0.047775683094770045,0.2,0.2,False,False,0.0,0
ledger_compromise,1835087718,43,354,0.987528907695689,0.9886214289919792,0.05419078415451737,0.987528907695689,0.8191769772505342,0.4,0.7932622201924637,0.6867189192369944,0.9188930357900414,0.9421006019233549,353,0.04470771799774169,0.20669292863740937,0.028979058954740306,0.3590779644574429,0.31092387334047045,0.04961845661219529,0.0,0.4,False,False,0.0,0
ledger_compromise,1835087718,44,353,0.9924929749941871,0.9924968131079934,0.09920639871248403,0.9924929749941871,0.8182129283938391,0.2,0.7941001063756715,0.6987867847486157,0.9147290914002263,0.9620041324787363,354,0.26754764341838805,0.20464147076098244,0.11863869479354054,0.14810673902885976,0.2386267959459451,0.022438656052284015,0.0,0.2,False,False,0.0,0
ledger_compromise,1835087718,45,354,0.9915725108278628,0.9915900515963869,0.08710341686255803,0.9915725108278628,0.8170257035047364,0.256,0.7934923546851486,0.7126662758951198,0.9008102901058981,0.9970343542072089,354,0.2977353797991868,0.17899444636077966,0.023132527573282262,0.21823635623693813,0.18777053922847203,0.09413075080134116,0.4,0.2,False,False,0.0,0
ledger_compromise,1835087718,46,354,0.9927008454875293,0.9927008478207964,0.15815610688516105,0.9927008454875293,0.8194731661631273,0.0,0.7889576530930916,0.7036383728054351,0.9107292610953083,0.9792792040490977,354,0.020067633813390853,0.15430510949199486,0.06862913702112515,0.33089943092630797,0.3637669186395378,0.06233177010764325,0.0,0.0,False,False,0.0,0
ledger_compromise,1835087718,47,354,0.9903524905681638,0.9920988468333475,0.05048511395466767,0.9903524905681638,0.8261308217820672,0.41400000000000003,0.7923466774927963,0.706913166176693,0.9196563349857775,0.970119562997849,354,0.16820890014412115,0.17309113223624378,0.05115127212388141,0.20314211711863472,0.3258694952335113,0.07853708314360773,0.2,0.4,False,False,0.0,0
ledger_compromise,1835087718,48,354,0.9762458268479055,0.9908620355644019,0.033563212016608855,0.9762458268479055,0.8199804223541776,0.526,0.7937815673698942,0.7102749164401532,0.9166528190175356,0.9761590601749133,352,0.17134260715368602,0.28044655479390346,0.0016593999557900252,0.2862703288182211,0.24481058765167935,0.015470521626720173,0.6,0.4,False,False,0.0,0
ledger_compromise,1835087718,49,352,0.991307966012493,0.9913148335454519,0.09456555151452675,0.991307966012493,0.83499198276284,0.21400000000000002,0.7936345245435159,0.7040588756367858,0.9249875371157821,0.9590749422004569,351,0.053721312733003394,0.17187655355582382,0.09435215770792658,0.26148806618964004,0.35325557183699663,0.06530633797660952,0.2,0.2,False,False,0.0,0
ledger_compromise,1835087718,50,351,0.9877730199788994,0.9877730339733519,0.14385688285459725,0.9877730199788994,0.7990198300822489,0.05600000000000001,0.7990979489539599,0.7074908093812515,0.9220006989188004,0.9602615428626827,338,0.17043596907881295,0.3528716173657916,0.026790985869910598,0.19321203009897941,0.2475595775729828,0.009129820013522631,0.4,0.0,True,False,0.0,0
ledger_compromise,1835087718,51,338,0.991589465370614,0.9915900606595546,0.1140342305651076,0.991589465370614,0.8023126966770258,0.126,0.7972974452169357,0.7216046927405607,0.912649896459543,0.9916873365425098,340,0.30610529785464735,0.2057583278636523,0.019945146071523697,0.18187896519366872,0.2142463371631128,0.07206592585339512,0.6,0.0,True,False,0.0,0
ledger_compromise,1835087718,52,340,0.9872645912212754,0.98889369122654,0.05101261103395814,0.9872645912212754,0.7982461228646062,0.42400000000000004,0.7948346941669098,0.7337282943573339,0.9163190733980151,1.0074226818357341,338,0.29004795317251547,0.1805183989755166,0.006517456029962038,0.17946335347560557,0.27467083292213196,0.06878200542426822,0.8,0.2,True,False,0.0,0
ledger_compromise,1835087718,53,338,0.9918096110293755,0.9918096630571246,0.13343684268907424,0.9918096110293755,0.8153170607451906,0.05600000000000001,0.7921909000300026,0.73264868175085,0.9173885587542869,1.0081208657011589,344,0.13258502639228517,0.1985730722961033,0.06252046486140919,0.23575735950153545,0.2635069634803667,0.10705711346830027,0.4,0.0,True,False,0.0,0
ledger_compromise,1835087718,54,344,0.9925081969308166,0.9925082032774702,0.1501892469327748,0.9925081969308166,0.8108506529259202,0.0,0.7915395549091193,0.7384011473261315,0.9083551039797063,1.0269849509742477,339,0.2173112457852998,0.19191270380396733,0.03628571831724651,0.2992995370517891,0.21352700550424034,0.04166378953745708,0.0,0.0,True,False,0.0,0
ledger_compromise,1835087718,55,339,0.9910083689719329,0.9920506574725639,0.05459302313426285,0.9910083689719329,0.8234082389440059,0.42400000000000004,0.7881759426921848,0.7275354716652551,0.9054467612889763,1.0194550419312272,349,0.013179771317877096,0.1978352562568822,0.23313656660363585,0.29419636650954095,0.239635838536203,0.022016200775861,0.8,0.2,True,False,0.0,0
ledger_compromise,1835087718,56,349,0.9914030614494077,0.991412502454514,0.09203298210387063,0.9914030614494077,0.8387635409046369,0.21400000000000002,0.7887022800960422,0.7313555354914971,0.8980304565518298,1.0325816205314333,353,0.18996046761880875,0.20842718802215948,0.057683755662501834,0.28612739748905464,0.2156418569587555,0.04215933424871988,0.2,0.2,True,False,0.0,0
ledger_compromise,1835087718,57,353,0.9938762584640096,0.9938769754009441,0.11257246371533139,0.9938762584640096,0.8324511043506627,0.126,0.7912410190076219,0.7364241585794997,0.9045809270448992,1.0288967778073346,352,0.20795499828221864,0.181187407313554,0.15177199731667235,0.136603219202241,0.28176758074126207,0.04071479714405196,0.6,0.0,True,False,0.0,0
ledger_compromise,1835087718,58,352,0.9865485496061032,0.9871732660415262,0.0586283641390689,0.9865485496061032,0.8260015506539599,0.4,0.7947429762139487,0.7398329473627281,0.9141228343404093,1.018362531842895,344,0.19037495890254189,0.16227789549665755,0.05951664236549074,0.2412591169333905,0.3054979456551814,0.041073440646738055,0.0,0.4,True,False,0.0,0
ledger_compromise,1835087718,59,344,0.9881523852629931,0.9881523995348565,0.14370369112223272,0.9881523852629931,0.8010119314210651,0.0,0.8026414031178951,0.7347320781418063,0.9094833184829709,1.0064975109181726,332,0.08613472684018222,0.2028600076742138,0.06605767659342238,0.25163853535435005,0.23386383788301246,0.1594452156548191,0.0,0.0,True,False,0.0,0
ledger_compromise,1835087718,60,332,0.9884520776407073,0.9884520791447722,0.16161721822940597,0.9884520776407073,0.7877190693237672,0.0,0.8032398214020057,0.73642283556254,0.9185349866346738,0.9981281705160185,326,0.16784201659779927,0.16754983765612325,0.04005515861226815,0.1836973471044195,0.39071554211654075,0.050140097912848985,0.0,0.0,True,False,0.0,0
ledger_compromise,1835087718,61,326,0.9883415237766765,0.9884789615958934,0.0706914441512575,0.9883415237766765,0.780516484928389,0.326,0.8094978254347989,0.7271108436138299,0.9216602062898318,0.9745723782683592,320,0.031364372867711675,0.17005720399070123,0.2045892936919015,0.3187971432872126,0.27489359159312704,0.00029839456934591986,0.6,0.2,True,False,0.0,0
ledger_compromise,1835087718,62,320,0.9903810558182119,0.9905366526479126,0.06972017860471726,0.9903810558182119,0.7899647224001622,0.35,0.8060633486274311,0.7279090097600328,0.9261471142263837,0.9750523709436367,327,0.15192135408617938,0.2311083109343231,0.04157189906006423,0.17682214011360672,0.2832646428276756,0.11531165297815092,1.0,0.0,True,False,0.0,0
ledger_compromise,1835087718,63,327,0.9872104269439419,0.9880842208122992,0.055964729701654774,0.9872104269439419,0.780944888385023,0.41400000000000003,0.8080685713569756,0.7288273680802078,0.927223915011899,0.9727289292130714,324,0.15392261010220787,0.1796057614056964,0.019538716400199736,0.21009566170388588,0.2684575610407686,0.16837968934724162,0.2,0.4,True,False,0.0,0
ledger_compromise,1835087718,64,324,0.9794748063022722,0.9916136595638115,0.03504759123887524,0.9794748063022722,0.7782396169540005,0.526,0.8102891687421669,0.7231246417814884,0.9308826264147223,0.9586900116574882,322,0.07173302631613784,0.17443265904136504,0.1060254342486341,0.2730714783079068,0.28190551452006557,0.09283188756589072,0.6,0.4,True,False,0.0,0
ledger_compromise,1835087718,65,322,0.9838886839082956,0.9845705064630697,0.05791106859281885,0.9838886839082956,0.779378848080252,0.4,0.8157554186716479,0.7357429501723903,0.9345598974977862,0.9650704120956592,316,0.29718175599970403,0.16678961924198596,0.020023488328149666,0.17962233841717384,0.28382766862268105,0.05255512939030549,0.0,0.4,True,False,0.0,0
ledger_compromise,1835087718,66,316,0.9926991271491842,0.9927022511991157,0.10084663428386448,0.9926991271491842,0.8067545496434513,0.22400000000000003,0.8067146733353802,0.7276464548048707,0.9411039077480076,0.9584354849835596,330,0.046133151763748804,0.20057763020341324,0.12010361003687949,0.21427730565768185,0.31848804152397736,0.10042026081429918,0.8,0.0,True,False,0.0,0
ledger_compromise,1835087718,67,330,0.986060017236329,0.9860622545721222,0.10345063872257913,0.986060017236329,0.7958168559249218,0.21400000000000002,0.8064964844263611,0.7345947428783635,0.9405970723327353,0.9683708655045243,324,0.22913263517170335,0.18222548947332304,0.029641361759937694,0.23446345803184954,0.2680177767976425,0.05651927876554389,0.2,0.2,True,False,0.0,0
ledger_compromise,1835087718,68,324,0.9890731091671586,0.9919879476684794,0.046406413558579926,0.9890731091671586,0.7983428929661365,0.456,0.8057765810171438,0.736191523046002,0.9401043981803087,0.9718518975417894,320,0.166581466394459,0.17161919249898247,0.03281137199143499,0.2919047462021745,0.2678351654042346,0.06924805750871453,0.4,0.4,True,False,0.0,0
ledger_compromise,1835087718,69,320,0.9878352487527234,0.9878352507599762,0.1593150058643283,0.9878352487527234,0.7795445651915347,0.0,0.8108574732055034,0.7288703125207744,0.9427253411975342,0.953499690255969,313,0.056104570338406365,0.2673856238541293,0.03149914057306398,0.2312848197288686,0.28315691417628175,0.13056893132925004,0.0,0.0,True,False,0.0,0
ledger_compromise,1835087718,70,313,0.9789900384111287,0.9923250423237188,0.03430520290629177,0.9789900384111287,0.7587392494268098,0.526,0.8063346147561381,0.7219236307158617,0.9393599305169148,0.9531119683442448,310,0.056210422764076506,0.27850953821483115,0.037987886730636036,0.27223164757096135,0.2545356171956703,0.10052488752382478,0.6,0.4,True,False,0.0,0
ledger_compromise,1835087718,71,310,0.98815062171323,0.9896688509325761,0.051579898579544835,0.98815062171323,0.7661846387666927,0.42400000000000004,0.8083952301233122,0.7325675777695155,0.936140679716698,0.9680166637962818,311,0.27175160736808657,0.24154979695619244,0.057937331616040685,0.16570557799342778,0.25358371125737356,0.009471974808879102,0.8,0.2,True,False,0.0,0
ledger_compromise,1835087718,72,311,0.9707911774530344,0.9875977399306037,0.032425413442654503,0.9707911774530344,0.7614402387558507,0.55,0.8010687926822637,0.7435791114001506,0.9133637133662275,1.0162805504865569,318,0.2829989064888863,0.22784113416674737,0.002015892847118541,0.26014009719483955,0.15418550810599613,0.07281846119641196,1.0,0.2,True,False,0.0,0
ledger_compromise,1835087718,73,318,0.9885921607515264,0.9886114250085039,0.08633342275353183,0.9885921607515264,0.7653110260618543,0.22400000000000003,0.8015731281157192,0.7421952385552952,0.9064541053708745,1.0214784154335812,316,0.13493853406440195,0.17891741311960896,0.1575763491358012,0.23872829108547394,0.2221338167063485,0.06770559588836542,0.8,0.0,True,False,0.0,0
ledger_compromise,1835087718,74,316,0.9901004585380481,0.9901043141757051,0.09915092614214903,0.9901004585380481,0.7673615106278777,0.2,0.802751354262074,0.7455895101763214,0.8969146675331945,1.0355417572308474,315,0.19380041935988562,0.28209592661069827,0.03694616964274014,0.2679558731505159,0.20552986349703756,0.013671747739122676,0.0,0.2,True,False,0.0,0
ledger_compromise,1835087718,75,315,0.9906638450753763,0.9906638549109056,0.14668734279415843,0.9906638450753763,0.75869799132871,0.014000000000000002,0.8031801544287055,0.7341515613336161,0.9001666797434456,1.0154296127329363,314,0.0105190833263859,0.1670407955685381,0.0423377719834999,0.2455383132457183,0.2647173948178524,0.2698466410580055,0.2,0.0,True,False,0.0,0
ledger_compromise,1835087718,76,314,0.9934286767627356,0.9935413048256748,0.07231680355318937,0.9934286767627356,0.7511064132324877,0.326,0.8071760635875763,0.7279170633768113,0.910150011769101,0.9908334193888126,305,0.06841350137344926,0.17348673100616985,0.048285120017233625,0.2900715714838312,0.39591356569695985,0.02382951042235621,0.6,0.2,True,False,0.0,0
ledger_compromise,1835087718,77,305,0.9897025150835324,0.9899321578130348,0.06661680828855326,0.9897025150835324,0.7429404296359252,0.326,0.8016556670522398,0.7326937720274438,0.9191350105921909,0.9943867388969806,303,0.2021570227434138,0.15024627866865561,0.10099111631359133,0.19726275071208063,0.33644549264160656,0.012897338920652174,0.6,0.2,True,False,0.0,0
ledger_compromise,1835087718,78,303,0.9877107045022568,0.9877179220889267,0.09414087573421101,0.9877107045022568,0.7471377789496572,0.21400000000000002,0.8003970519677643,0.7288807567075796,0.9121812816571222,0.9983201754806063,307,0.09777091601884937,0.17201570797951785,0.005627176434346768,0.30893417107758947,0.22479886062075183,0.19085316786894474,0.2,0.2,True,False,0.0,0
ledger_compromise,1835087718,79,307,0.9904701167307775,0.9911303961081352,0.05821949753710496,0.9904701167307775,0.7306484220099969,0.4,0.7999192685529294,0.7424367188722006,0.92096315349141,1.0077922853199435,304,0.3180048401094649,0.17059665046884626,0.07724989734549739,0.06315592976266118,0.3516187192461548,0.019373963067375453,0.0,0.4,True,False,0.0,0
ledger_compromise,1835087718,80,304,0.9921943281945063,0.9922284322108954,0.0818159866469084,0.9921943281945063,0.7194539258361953,0.256,0.7971632903975069,0.7342967354677854,0.9215197709666356,0.9995848126832259,300,0.049773156739934495,0.16010091836195178,0.017092071936114128,0.26178491023435363,0.2632646641218331,0.24798427860581296,0.4,0.2,True,False,0.0,0
ledger_compromise,1835087718,81,300,0.9849009346791094,0.9882693329397393,0.045225308658363314,0.9849009346791094,0.7454109863049448,0.456,0.7947359272574644,0.7383375611208806,0.9122711487972267,1.0183760474856995,312,0.19694578033105523,0.3004726305690433,0.0011600663806892752,0.2716150859101089,0.21451677463627333,0.015289662172830157,0.4,0.4,True,False,0.0,0
ledger_compromise,1835087718,82,312,0.9893786529511016,0.9893828107658051,0.09854451011013847,0.9893786529511016,0.7484087822990858,0.22400000000000003,0.7923872216141548,0.7483300568443205,0.921044033917504,1.0253575463662117,315,0.27386717224354945,0.19364042954956362,0.00935856230174341,0.10780581385653613,0.33456431489730326,0.0807637071513042,0.8,0.0,True,False,0.0,0
ledger_compromise,1835087718,83,315,0.9901715397608946,0.9904861745274403,0.06411473186081154,0.9901715397608946,0.7471539665121927,0.35,0.7928259624166302,0.7453550669038198,0.9289396305257536,1.012040409141855,316,0.11801891127144118,0.1780454907327881,0.10177346415895326,0.17514844618841688,0.3145910051713939,0.11242268247700667,1.0,0.0,True,False,0.0,0
ledger_compromise,1835087718,84,316,0.9845723628237669,0.9845723654229719,0.15723147922457212,0.9845723628237669,0.7364367695392213,0.0,0.786839923599828,0.7384534962217258,0.9285869398913573,1.010681211395385,314,0.06707728328871325,0.1589292353669315,0.10335872717602747,0.3540753268475996,0.2627063620908955,0.05385306522983279,0.0,0.0,True,False,0.0,0
ledger_compromise,1835087718,85,314,0.9943025205121114,0.9943031010768716,0.11425534443141118,0.9943025205121114,0.7436196096117628,0.126,0.7844135789596094,0.7511165339927102,0.9006744913431707,1.0631495408186509,317,0.3073214072758827,0.1788474862212367,0.014994220993173492,0.24761032676974962,0.12473122720474528,0.12649533153521228,0.6,0.0,True,False,0.0,0
ledger_compromise,1835087718,86,317,0.9906924905260055,0.9907018786635085,0.09207197442700936,0.9906924905260055,0.7407237402317947,0.22400000000000003,0.7900477578363898,0.747208521192274,0.9106070422088536,1.0386218778355352,309,0.10809767373999184,0.1877555724166959,0.01323892660429044,0.2936585163704578,0.3801879048408992,0.017061406027664823,0.8,0.0,True,False,0.0,0
ledger_compromise,1835087718,87,309,0.9896804865886799,0.9896805176551231,0.13752434070889805,0.9896804865886799,0.7289166203716932,0.05600000000000001,0.7950384548744389,0.745908908177746,0.88889839234641,1.0554691348549032,307,0.13826016306357156,0.2194888992351475,0.10222937814540789,0.28265264386505734,0.1467602717922087,0.11060864389860699,0.4,0.0,True,False,0.0,0
ledger_compromise,1835087718,88,307,0.9890658058130435,0.989074502411785,0.09266795259659459,0.9890658058130435,0.718289413735963,0.22400000000000003,0.8010485153559223,0.7415247142512899,0.900008553111769,1.0285376021481134,302,0.0988906435303889,0.17730844986355732,0.04329299980079183,0.18378610631391198,0.31773864000100743,0.17898316049034257,0.8,0.0,True,False,0.0,0
ledger_compromise,1835087718,89,302,0.9888546698842099,0.9902892948407013,0.0520357556122525,0.9888546698842099,0.7112459205761221,0.41400000000000003,0.8039166344685537,0.7460689044304907,0.9100076978005921,1.0198184346244126,296,0.20775532364706628,0.25472792134248057,0.023058349075760754,0.18518101123212288,0.321979396085887,0.007297998616682575,0.2,0.4,True,False,0.0,0
ledger_compromise,1835087718,90,296,0.9899544754161805,0.9902748288151177,0.06396965422671781,0.9899544754161805,0.7081165023071934,0.35,0.8024002146843909,0.7489013417440887,0.9053835050770002,1.0308631007092794,296,0.1891985316890327,0.2299357736991571,0.04487739725316704,0.21350301541108524,0.23188288528233658,0.09060239666522124,1.0,0.0,True,False,0.0,0
ledger_compromise,1835087718,91,296,0.9893641526224347,0.9905175244188942,0.0537745882382778,0.9893641526224347,0.718686621512169,0.41400000000000003,0.8018711880522194,0.7441196606437498,0.9148451545693002,1.0143564099768483,296,0.09579232483581891,0.19428519112021148,0.03228759764783844,0.27105494434632205,0.3985826178773864,0.007997324172422783,0.2,0.4,True,False,0.0,0
ledger_compromise,1835087718,92,296,0.9874051641130028,0.987410716602549,0.09622612223012753,0.9874051641130028,0.730506688007441,0.2,0.80241519338445,0.7437207234109633,0.9233606391123701,1.0037819506651577,297,0.1475880724925118,0.1885949231410792,0.026653195596231232,0.24948456513261089,0.36104099474799706,0.026638248889569803,0.0,0.2,True,False,0.0,0
ledger_compromise,1835087718,93,297,0.9830230514007977,0.9830230535159878,0.15885920355929103,0.9830230514007977,0.7463583545564912,0.0,0.7994378607042768,0.7435917638952708,0.9310245752011331,0.9990534270132956,304,0.1507134581856957,0.26857579460123976,0.006934818791604613,0.22193463019773443,0.33029430446857877,0.021546993755146834,0.0,0.0,True,False,0.0,0
ledger_compromise,1835087718,94,304,0.9874282199089933,0.9874626593386573,0.08169975656493517,0.9874282199089933,0.7594853416327816,0.256,0.7975512795409037,0.7404432415102534,0.9301010114194914,0.9981666159504908,307,0.11288832262182717,0.264276611756587,0.02854541773144854,0.32060884633276376,0.26089446869235816,0.012786332865015454,0.4,0.2,True,False,0.0,0
ledger_compromise,1835087718,95,307,0.9875561499674047,0.9886524872818356,0.05416327928093179,0.9875561499674047,0.7708030690109215,0.41400000000000003,0.7981329712044645,0.7501222958134766,0.9200869441745934,1.0214754983523986,310,0.27126520473419774,0.17012803485006495,0.035937061479519576,0.24134627774056414,0.21498016948525553,0.06634325171039811,0.2,0.4,True,False,0.0,0
ledger_compromise,1835087718,96,310,0.9768944705002318,0.9910814247956687,0.0338022503314755,0.9768944705002318,0.7608574707627555,0.526,0.8022847554221043,0.7386218524222634,0.928078249757134,0.9919939362790046,307,0.01257089249325881,0.21150165795742412,0.004675049719471975,0.27213156848589587,0.4893650081200068,0.009755823223942613,0.6,0.4,True,False,0.0,0
ledger_compromise,1835087718,97,307,0.9781416434573024,0.9909652912450541,0.034605538872847806,0.9781416434573024,0.7669355183426102,0.526,0.8003420275022046,0.7516907598011502,0.9186118265631831,1.0224252259936697,305,0.3403891777427661,0.15372437040280534,2.909261186702188e-06,0.284885547628848,0.21670700890881225,0.004290986055581659,0.6,0.4,True,False,0.0,0
ledger_compromise,1835087718,98,305,0.9915694262851468,0.9915694465188132,0.1409526429285766,0.9915694262851468,0.7864090625208696,0.05600000000000001,0.7999161550685626,0.7560538105210136,0.9267506439068648,1.0198712335646642,308,0.21184485887401136,0.1862387559536765,0.017338747293526063,0.18884749686239716,0.3231725365264809,0.07255760448990799,0.4,0.0,True,False,0.0,0
ledger_compromise,1835087718,99,308,0.9757801761205779,0.990179020600391,0.03367699005265372,0.9757801761205779,0.7749155869991236,0.526,0.8013096413005193,0.7432518318941573,0.9340755795161784,0.9930099543875023,308,8.898739929833152e-06,0.17369422460412576,2.3954292269848946e-05,0.4128179636122175,0.41335012988905356,0.00010482886240348537,0.6,0.4,True,False,0.0,0
ledger_compromise,1835087718,100,308,0.9900115506014903,0.9900184764307111,0.09448784987625494,0.9900115506014903,0.7754503847368618,0.21400000000000002,0.804226918284113,0.7389413615736872,0.9220661067228217,0.996481666049378,306,0.09815151592797156,0.28693137216071696,0.054633189985713114,0.31332709518702334,0.20699042579130603,0.03996640094726909,0.2,0.2,True,False,0.0,0
ledger_compromise,1835087718,101,306,0.9726778942021803,0.9900575220892046,0.032178319184517835,0.9726778942021803,0.755736392639634,0.55,0.8060149301438975,0.7272968830566693,0.9298594960505395,0.9704011650090669,303,0.0037823695208306705,0.21600325513472815,0.009438776039774366,0.3268430526896981,0.36114352664957394,0.0827890199653948,1.0,0.2,True,False,0.0,0
ledger_compromise,1835087718,102,303,0.987886373191278,0.9879852142011598,0.07331157737918881,0.987886373191278,0.7669945720711387,0.326,0.8009593227260737,0.7394574146358224,0.9123836373558221,1.0118711630188744,306,0.29406719664983155,0.2145182085087712,0.06335519378836103,0.2377330528411423,0.17755045455168234,0.012775893660211653,0.6,0.2,True,False,0.0,0
ledger_compromise,1835087718,103,306,0.9917666715030151,0.991766704476132,0.13706696569102778,0.9917666715030151,0.7632344109559525,0.05600000000000001,0.7959559902059786,0.7458152027929368,0.9211452736202399,1.017218027377498,309,0.22913323611131906,0.25044116324864707,0.061976176162316376,0.11704045421560696,0.3100371332794528,0.03137183698265774,0.4,0.0,True,False,0.0,0
ledger_compromise,1835087718,104,309,0.9890461748024195,0.9891530707140864,0.07269736514817923,0.9890461748024195,0.7527189019670737,0.326,0.7998127626790826,0.7486369094939975,0.9290307462582159,1.0075180093471483,305,0.18890583550884477,0.21073103457735934,0.01829930677232758,0.16964217416988836,0.33913801936411225,0.07328362960746763,0.6,0.2,True,False,0.0,0
ledger_compromise,1835087718,105,305,0.9297837613766314,0.9899984872717599,0.022286510261023174,0.9297837613766314,0.7077997554596636,0.614,0.8078640687558492,0.7599053719558173,0.9202292898989991,1.0221747998108206,297,0.29625384920649617,0.17575784690157645,0.019112878522231987,0.28289736914439173,0.22050809133302404,0.005469964892279705,0.2,0.6,True,False,0.0,0
ledger_compromise,1835087718,106,297,0.9904746098587999,0.9904746436511691,0.13686122911907586,0.9904746098587999,0.7414442044925332,0.05600000000000001,0.81209109775633,0.7519995601796187,0.9104013751908994,1.017138121912391,295,0.06361821026990246,0.3892781767926866,0.07099160280954854,0.25521867219994454,0.21097507140900068,0.0099182665189173,0.4,0.0,True,False,0.0,0
ledger_compromise,1835087718,107,295,0.9901493620024634,0.9911341092610247,0.05503771048139945,0.9901493620024634,0.7434009812559565,0.42400000000000004,0.8163068989921163,0.7435569445360799,0.9193612376718094,0.9907739474145044,292,0.05196702956802755,0.21472429715397517,0.10776907153121529,0.2752929191788214,0.30325069016644396,0.04699599240151665,0.8,0.2,True,False,0.0,0
ledger_compromise,1835087718,108,292,0.9859379266753596,0.9859467848693061,0.09249618868368845,0.9859379266753596,0.7616636195557422,0.22400000000000003,0.8079891682676548,0.7433704849521323,0.904511114158089,1.0171520233691589,306,0.14989234553570444,0.2501666710691573,0.0976840953349694,0.2750739514529515,0.1854300012673026,0.04175293533991478,0.8,0.0,True,False,0.0,0
ledger_compromise,1835087718,109,306,0.991326296880647,0.9913266359808115,0.1185116586976282,0.991326296880647,0.759332552719658,0.126,0.8077357259156711,0.7352314830328224,0.912137871579461,0.9979167577193712,302,0.05036902910370841,0.24898821180685474,0.0704447648224556,0.33918040590103254,0.2903893441859041,0.0006282441800445976,0.6,0.0,True,False,0.0,0
ledger_compromise,1835087718,110,302,0.9914535468006909,0.9916807064084284,0.0667173968637187,0.9914535468006909,0.769447461320661,0.326,0.8050269987754821,0.7351614840649305,0.9172494964117207,0.9955998395484444,304,0.14614468979686634,0.14665548306455253,0.014277361352542097,0.2624819322842264,0.2816270599510287,0.14881347355078411,0.6,0.2,True,False,0.0,0
ledger_compromise,1835087718,111,304,0.989296130582875,0.9902709998040902,0.05511102658083599,0.989296130582875,0.767995880416717,0.4,0.8050076676269051,0.7385613920909722,0.9081198683917578,1.0102838413194677,306,0.18947477786610192,0.22715439855748237,0.04141262565297062,0.24205453620944223,0.2129766081060459,0.08692705360795684,0.0,0.4,True,False,0.0,0
ledger_compromise,1835087718,112,306,0.9930785943424986,0.993078649297661,0.13301128305137014,0.9930785943424986,0.7645311965550116,0.05600000000000001,0.8116578921679706,0.7388318717770431,0.8999590541127275,1.0114626616705344,302,0.15248186613274428,0.23484651079216215,0.09246276383130995,0.2678430651067052,0.21325586280072695,0.03910993133635135,0.4,0.0,True,False,0.0,0
ledger_compromise,1835087718,113,302,0.9900333681653669,0.990033566157863,0.12278431784158104,0.9900333681653669,0.7742908545195598,0.126,0.810394216682849,0.7411018896301615,0.9045639260052514,1.0109794397764793,303,0.17764514302463288,0.18902263568170635,0.0024244234159191457,0.31820032083493444,0.27300388651898316,0.03970359052382387,0.6,0.0,True,False,0.0,0
ledger_compromise,1835087718,114,303,0.9866370984724171,0.9894977097440554,0.0465358887558091,0.9866370984724171,0.7597604808096524,0.456,0.8136458648780224,0.7438884950649249,0.8969176571803583,1.0193418303112227,297,0.18552124895339342,0.20909753937761227,0.04841662215541728,0.31106418615057474,0.2140506188781604,0.03184978448484179,0.4,0.4,True,False,0.0,0
ledger_compromise,1835087718,115,297,0.9898476276942472,0.9898508931854806,0.10047126546043086,0.9898476276942472,0.7654077373609676,0.2,0.8150856581670257,0.7359987234778049,0.9044590610970638,0.9983547659767499,297,0.053808164576578645,0.16906908260535264,0.16447033410382855,0.309794874839051,0.2861658481737065,0.01669169570148262,0.0,0.2,True,False,0.0,0
ledger_compromise,1835087718,116,297,0.9916547614728101,0.9916548042146128,0.1350005487577314,0.9916547614728101,0.7618307776861182,0.05600000000000001,0.8140661264901191,0.736045430724786,0.8869375690039605,1.0194170331318178,300,0.14808304276089182,0.21378075248496886,0.11301553600532871,0.3583445393860701,0.16462207008301574,0.002154059279724722,0.4,0.0,True,False,0.0,0
ledger_compromise,1835087718,117,300,0.9926019720516824,0.9926086398713193,0.0948108516804052,0.9926019720516824,0.7655322806909621,0.21400000000000002,0.8099917024539711,0.7292804288857977,0.8896578264737276,1.0120244040410982,306,0.06296587121563757,0.2665259150913281,0.12221756843862841,0.23560030483003358,0.25707007185081576,0.055620268573556675,0.2,0.2,True,False,0.0,0
ledger_compromise,1835087718,118,306,0.9894354626275517,0.9894354731948417,0.14610623465034578,0.9894354626275517,0.7476358592918945,0.05600000000000001,0.8035996586430602,0.7379125184811832,0.8669191630412566,1.0592208756353347,306,0.2512013879959428,0.15843934407609053,0.15438458132929442,0.2610956565978248,0.13113559607450895,0.0437434339263385,0.4,0.0,True,False,0.0,0
ledger_compromise,1835087718,119,306,0.9893530540177979,0.9893854486391116,0.0822024753199762,0.9893530540177979,0.7502089553517344,0.256,0.8004550951514907,0.7422585066300094,0.8508391140516096,1.0898601254871145,311,0.2030201759110663,0.23075125178596262,0.008815510869072205,0.31278891612788656,0.15305933657239337,0.09156480873361905,0.4,0.2,True,False,0.0,0
ledger_compromise,1835087718,120,311,0.9906316891065702,0.9913818502391059,0.057205612358977725,0.9906316891065702,0.7639992063897543,0.4,0.8043711644323658,0.7443152453911187,0.8508817623215822,1.0875048587771678,315,0.17712080115762202,0.1911056991370161,0.061635319644741615,0.24109512219512877,0.22563279837566785,0.1034102594898237,0.0,0.4,True,False,0.0,0
ledger_compromise,1835087718,121,315,0.9914194842219837,0.991422681159371,0.10065278354823057,0.9914194842219837,0.7772823338453969,0.2,0.8071481025311893,0.7349518734651748,0.8657935860894239,1.0516986270560567,321,0.03565487929514946,0.24420008549967606,0.0898358798031652,0.20908450832545838,0.39883916551059423,0.02238548156595651,0.0,0.2,True,False,0.0,0
ledger_compromise,1835087718,122,321,0.9839857266140779,0.9947832324971332,0.036005088217860824,0.9839857266140779,0.7863182045784041,0.526,0.8001442456517064,0.731335421490939,0.879070331281036,1.0397398739048658,325,0.1016392712377866,0.1479560905481327,0.0570235134396353,0.3770506784942119,0.29928051900277214,0.017049927277461453,0.6,0.4,True,False,0.0,0
ledger_compromise,1835087718,123,325,0.9921378762559975,0.9921379080353907,0.13736346845808137,0.9921378762559975,0.7812564339397394,0.014000000000000002,0.8035463642202187,0.720146122090656,0.8911632981529324,1.0056628190745571,323,0.004718395928299292,0.20422460002552126,0.14585503214187318,0.20507896818104318,0.3031842986596142,0.1369387050636488,0.2,0.0,True,False,0.0,0
ledger_compromise,1835087718,124,323,0.9908958694101857,0.9909015107530943,0.09612784172442296,0.9908958694101857,0.7831887706408404,0.21400000000000002,0.8041857023059288,0.7121898736052543,0.893051377186717,0.9916604716781169,325,0.038138220239139514,0.18081675665230232,0.0746359099129796,0.3288928189534995,0.25502204424538955,0.1224942499966896,0.2,0.2,True,False,0.0,0
ledger_compromise,1835087718,125,325,0.9899496698322438,0.9899553326203221,0.09609003499100988,0.9899496698322438,0.778359718452932,0.2,0.8059405375019105,0.7093250581117947,0.9037462394680453,0.9738583638602074,326,0.09680847733503868,0.2963690380662671,0.04196593101252659,0.1718132937261652,0.33962773250146855,0.053415527358534,0.0,0.2,True,False,0.0,0
ledger_compromise,1835087718,126,326,0.9886268303944452,0.9886268766166835,0.13435306288022386,0.9886268303944452,0.783255312215967,0.05600000000000001,0.808179486139074,0.7077492922285287,0.9133716155212408,0.9587913560371247,324,0.11113108777904647,0.17771435644703054,0.10430212981244912,0.25368757919554974,0.33082617399583963,0.02233867277008455,0.4,0.0,True,False,0.0,0
ledger_compromise,1835087718,127,324,0.991436990150924,0.9914440264486477,0.09437334049331993,0.991436990150924,0.8036325614920893,0.21400000000000002,0.8088406981272235,0.7084201604043671,0.9180719073249444,0.9540062463618845,328,0.13822915984081047,0.19536955205824938,0.006715007004258499,0.25935405311614124,0.28018726677913813,0.12014496120140236,0.2,0.2,True,False,0.0,0
ledger_compromise,1835087718,128,328,0.9928467554749913,0.9928467573557889,0.15987325793572849,0.9928467554749913,0.8003838520192686,0.0,0.8096567012396115,0.7086699308510062,0.9145776169369768,0.9570233250235483,329,0.13338473083571786,0.33257706029606987,0.034166607867460716,0.21943222509177582,0.2415645017226343,0.03887487418634142,0.0,0.0,True,False,0.0,0
ledger_compromise,1835087718,129,329,0.99262601144065,0.9926260149486571,0.15490955776221307,0.99262601144065,0.821817739327417,0.0,0.8050478452608303,0.7075348568464146,0.91180340781838,0.9638843686680661,339,0.1162302817244847,0.24286407492024675,0.07049601117682905,0.3143838517212532,0.24341776287550418,0.012608017581682226,0.0,0.0,True,False,0.0,0
ledger_compromise,1835087718,130,339,0.9916491491814166,0.9916491815530741,0.13721256194888834,0.9916491491814166,0.8309406913267497,0.05600000000000001,0.8040153530105292,0.6994882076515921,0.920623067036542,0.9450052105606885,342,0.029126170593728143,0.17426944342317158,0.15616050885613592,0.3023292389790716,0.330412751427137,0.007701886720755765,0.4,0.0,True,False,0.0,0
ledger_compromise,1835087718,131,342,0.971327716519826,0.9910424195287226,0.031182739074135463,0.971327716519826,0.8356127422294428,0.55,0.8073030656525227,0.7105009024151681,0.9252772459454718,0.9511656323177865,349,0.2623388143269441,0.24933273046876195,0.005990447184186371,0.16870558712154857,0.28358242806292006,0.030049992835638917,1.0,0.2,True,False,0.0,0
ledger_compromise,1835087718,132,349,0.9929054301747462,0.9929354849995168,0.08282774633109906,0.9929054301747462,0.8624392217529829,0.256,0.7944304508362072,0.7197009780663122,0.917407014776533,0.9874932912723045,354,0.24656400964878203,0.1448483264830708,0.09030476233985973,0.2707219304366959,0.22328746712804176,0.02427350396354974,0.4,0.2,True,False,0.0,0
ledger_compromise,1835087718,133,354,0.9874340177016693,0.9885039661030869,0.05435602651301492,0.9874340177016693,0.8730929000888834,0.4,0.7913648060080201,0.7098819920916443,0.9256663132988797,0.9690695957540219,361,0.014575786608096756,0.2248229148710252,0.012985627676153792,0.41036129362581486,0.32897972952185006,0.008274647697059314,0.0,0.4,True,False,0.0,0
ledger_compromise,1835087718,134,361,0.9921052461087045,0.9921165856525529,0.09058007980699558,0.9921052461087045,0.8706433853758079,0.21400000000000002,0.788907994832075,0.7080581528328839,0.929999709181252,0.9650720940557732,364,0.10837825432277234,0.24375594232890613,0.13870105296440158,0.1834925428581261,0.28450013606130126,0.041172071464492505,0.2,0.2,True,False,0.0,0
ledger_compromise,1835087718,135,364,0.993031086955012,0.9933677381219875,0.06359947804956251,0.993031086955012,0.8832285653414551,0.326,0.7879845058862823,0.7060228320951463,0.9369997382631268,0.956228312385816,372,0.1045948362988324,0.30864084344384585,0.015569398727354255,0.1907159994097198,0.36076674784793006,0.019712174272317695,0.6,0.2,True,False,0.0,0
ledger_compromise,1835087718,136,372,0.9881098758536906,0.992607492607168,0.042958834429411244,0.9881098758536906,0.8838294276726499,0.456,0.7868993591880655,0.6962007337790985,0.9432997644368141,0.9379194866502069,374,0.005988041108869211,0.2191310081774018,0.03481729215025073,0.4330467797441737,0.30245000574084374,0.0045668730784606945,0.4,0.4,True,False,0.0,0
ledger_compromise,1835087718,137,374,0.9768532311545763,0.9918546383610574,0.03336411735884841,0.9768532311545763,0.877092358404434,0.526,0.7885160137970137,0.6920866620088325,0.9455195072172715,0.9282810151006141,373,0.07119956148361119,0.23209584063579494,0.0021172208729750355,0.35890710555242555,0.28274859612069403,0.0529316753344992,0.6,0.4,True,False,0.0,0
ledger_compromise,1835087718,138,373,0.9921994599905264,0.9922097004964888,0.09139231705357972,0.9921994599905264,0.8794689296786073,0.22400000000000003,0.7899472968287804,0.7074823289083909,0.9509675564955443,0.9417850211431428,370,0.3338613804304017,0.1755867525501215,0.018574911691026028,0.09901130654348243,0.3000121233538397,0.07295352543112872,0.8,0.0,True,False,0.0,0
ledger_compromise,1835087718,139,370,0.993267492038724,0.9933088697239656,0.08028575565195267,0.993267492038724,0.898318812432828,0.256,0.7895443636219176,0.7069876320360423,0.953183238276667,0.9394180103330287,380,0.12349274466338707,0.31281558537232745,0.03178252718120174,0.19671093449196808,0.28656218715338505,0.04863602113773065,0.4,0.2,True,False,0.0,0
ledger_compromise,1835087718,140,380,0.9442024446318443,0.9916686857486908,0.02419361561998387,0.9442024446318443,0.8666867104097928,0.6,0.7909941632034577,0.7056717290310647,0.9578649144490002,0.9313762820657269,381,0.11291848246030625,0.16777819616871778,0.03833763724972023,0.2546802589103623,0.38747914360165386,0.038806281609239615,0.0,0.6,True,False,0.0,0
ledger_compromise,1835087718,141,381,0.9904190916193661,0.9904190999924022,0.14796682635615493,0.9904190916193661,0.9038018187246296,0.014000000000000002,0.7959363995852851,0.7076839381421941,0.945848577005535,0.9400249003511791,376,0.1536974445335336,0.15861924552234316,0.06781138751824302,0.3806145892467863,0.21885077000717407,0.020406563171919585,0.2,0.0,True,False,0.0,0
ledger_compromise,1835087718,142,376,0.9952856310382432,0.9953099705324698,0.08452572125093523,0.9952856310382432,0.9024410648354433,0.256,0.7996026597383156,0.7042113995198616,0.9512637193049815,0.9258228336873908,368,0.08639572855971453,0.18055682702704598,0.06364909172324174,0.2776553195127547,0.33057157519712915,0.061171457980113905,0.4,0.2,True,False,0.0,0
ledger_compromise,1835087718,143,368,0.9922595291845463,0.9922595347565596,0.15122342522619228,0.9922595291845463,0.8846896170681814,0.014000000000000002,0.7982168912912596,0.7142283335543831,0.9259758815158509,0.9663100268859485,364,0.25284380013143204,0.2236496902610967,0.046652284590827056,0.3091997858997761,0.14919267070683714,0.018461768410031047,0.2,0.0,True,False,0.0,0
ledger_compromise,1835087718,144,364,0.9909549004892219,0.9909549020815366,0.16118348494364113,0.9909549004892219,0.8806440813768176,0.014000000000000002,0.7975458064626013,0.7174542050523126,0.912496028449897,0.9858425676990276,364,0.1742161021956089,0.17129413182658032,0.046077961658500324,0.3902045017134845,0.19558867542815583,0.02261862717766996,0.2,0.0,True,False,0.0,0
ledger_compromise,1835087718,145,364,0.990332278338256,0.9903327134753666,0.11651870455623464,0.990332278338256,0.8704791612305085,0.126,0.803302746376839,0.7173694190156233,0.9212464256049073,0.9693660188822532,359,0.134849052699079,0.18565751910838935,0.12327631268811881,0.18513957266825012,0.305670391176007,0.06540715166015584,0.6,0.0,True,False,0.0,0
ledger_compromise,1835087718,146,359,0.9765255418521657,0.9885326131617725,0.035109708710184664,0.9765255418521657,0.8596889596059747,0.526,0.8083314220476926,0.7206166427169801,0.9291217830444166,0.959493825914365,359,0.1764461831517248,0.19369614782440553,0.13054634086921907,0.1638818673380448,0.32240417116602277,0.013025289650583157,0.6,0.4,True,False,0.0,0
ledger_compromise,1835087718,147,359,0.9909467055532659,0.9909491751828444,0.10270367614718091,0.9909467055532659,0.867271548399955,0.2,0.8059621251960428,0.7214737224751175,0.9082224810713136,0.9856293712435885,362,0.14859889867483006,0.22852293480839006,0.11716386474941824,0.32216551089801887,0.1600643816566935,0.02348440921264934,0.0,0.2,True,False,0.0,0
ledger_compromise,1835087718,148,362,0.9944382307114357,0.994443664337064,0.09645487209914037,0.9944382307114357,0.8820833873943182,0.21400000000000002,0.8071786688124378,0.7307716486313298,0.8903249871661001,1.0168653560357939,366,0.2546451534996019,0.20810874664704299,0.08378754596646643,0.2678582136402704,0.16462377100958897,0.020976569237029462,0.2,0.2,True,False,0.0,0
ledger_compromise,1835087718,149,366,0.9849546621275742,0.9870889931312732,0.04884785140308092,0.9849546621275742,0.8679050444562825,0.456,0.808081358468306,0.7292964929531977,0.9012924884494901,1.001343966466151,367,0.12579283441792882,0.21900945006028386,0.02568781667687187,0.15179606102880355,0.37054969107485075,0.10716414674126115,0.4,0.4,True,False,0.0,0
ledger_compromise,1835087718,150,367,0.990493475841187,0.9904985517500629,0.09696531963700106,0.990493475841187,0.890151108937594,0.22400000000000003,0.8029823431177713,0.7303592027226504,0.9041614878845782,1.0059687867302303,371,0.1565941802139087,0.16476961741035978,0.03885642637666967,0.32425969231228824,0.2649912414001857,0.050528842286588015,0.8,0.0,True,False,0.0,0
ledger_compromise,1835087718,151,371,0.9812690364344777,0.9926490840215156,0.03556971920565057,0.9812690364344777,0.875640369782286,0.526,0.8052215219713882,0.7333508834207776,0.9048610976968693,1.0065017355754269,367,0.18137051042824573,0.225749988043571,0.08359903500483598,0.2173745528813579,0.2555787930037446,0.03632712063824488,0.6,0.4,True,False,0.0,0
ledger_compromise,1835087718,152,367,0.9919605613220265,0.9929589395851903,0.05494292392406008,0.9919605613220265,0.886353468469713,0.4,0.8043760601605902,0.7396999910889246,0.8995263284493263,1.0223099729427338,366,0.2252081479898233,0.1882115850395917,0.026211716027449743,0.24178828057866736,0.2257567026107199,0.09282356775374796,0.0,0.4,True,False,0.0,0
ledger_compromise,1835087718,153,366,0.992208237793691,0.9922085062870718,0.12037716964159118,0.992208237793691,0.8776541109958316,0.126,0.8082262154292054,0.7296665027932988,0.9037143888983066,0.9989880177345231,361,0.024393890735255237,0.30948064298573347,0.12030337477934816,0.2656622750745576,0.2707034664695643,0.0094563499555413,0.6,0.0,True,False,0.0,0
ledger_compromise,1835087718,154,361,0.9934125756456844,0.9943517696726061,0.055440523017630035,0.9934125756456844,0.8775707703550722,0.4,0.8058640357057562,0.7266091065514035,0.9133429500084759,0.9872000786528029,358,0.10532411122212126,0.18475049851103062,0.03984207296457883,0.25106510549893357,0.3299581749123591,0.0890600368909768,0.0,0.4,True,False,0.0,0
ledger_compromise,1835087718,155,358,0.9882389585565675,0.9890850598626818,0.05622914584554674,0.9882389585565675,0.8764429974573901,0.41400000000000003,0.8077218531385606,0.7167879167809482,0.9220086550076283,0.962484722683721,363,0.01886581946393556,0.16674667920349004,0.1312484528456023,0.20391229526555174,0.4298910356245416,0.04933571759687869,0.2,0.4,True,False,0.0,0
ledger_compromise,1835087718,156,363,0.9941970669373419,0.9941970693118338,0.158028681859854,0.9941970669373419,0.8959951852357081,0.014000000000000002,0.8108587044791208,0.7145295463824,0.9298077895068655,0.9477238904748871,368,0.1072628180062388,0.28700264322477886,0.0017732804527529143,0.20618111999065492,0.33861559656144274,0.05916454176413188,0.2,0.0,True,False,0.0,0
ledger_compromise,1835087718,157,368,0.9876327252106859,0.9885974014946308,0.0551812286428611,0.9876327252106859,0.901942313161066,0.41400000000000003,0.8148477645950404,0.709360102222825,0.935081420244752,0.9309810729683778,368,0.06946291449431226,0.19837761228836626,0.11072600848175718,0.3074280923257246,0.2912720484428656,0.022733323966974174,0.2,0.4,True,False,0.0,0
ledger_compromise,1835087718,158,368,0.990417214142386,0.9904172267782798,0.1446910420419126,0.990417214142386,0.8828127175297124,0.05600000000000001,0.817898731083625,0.7072327331580975,0.9219910251490997,0.9378559221468792,362,0.10425795058017287,0.1650810538783418,0.1212011135142827,0.25881060862173016,0.20208873464411403,0.14856053876135852,0.4,0.0,True,False,0.0,0
ledger_compromise,1835087718,159,362,0.9949558648458544,0.9949582565117183,0.1029911587939252,0.9949558648458544,0.88424417657745,0.2,0.8192613053090008,0.7103831345664134,0.9224329741736903,0.9400162900773734,364,0.16890047582776033,0.2924112635129152,0.06954551539904431,0.17520753289624078,0.2632052576975026,0.030729954666536868,0.0,0.2,True,False,0.0,0
ledger_compromise,1835087718,160,364,0.9910380683669583,0.9921662138128701,0.053963860132613284,0.9910380683669583,0.8999398255351339,0.42400000000000004,0.8132836883156452,0.7082242966570389,0.9301896767563212,0.9361754420691422,369,0.10450398523682598,0.17442596171705158,0.07138790709249186,0.32280912040309984,0.3033910877192924,0.02348193783123832,0.8,0.2,True,False,0.0,0
ledger_compromise,1835087718,161,369,0.9927650424849437,0.9927651148798717,0.130814824642809,0.9927650424849437,0.905498807948856,0.126,0.808847441761416,0.7186265410914868,0.9180837863128967,0.9677302552348716,377,0.2601682408412485,0.16109385830280812,0.12201965730349477,0.18163380397998322,0.20456538616103756,0.07051905341142778,0.6,0.0,True,False,0.0,0
ledger_compromise,1835087718,162,377,0.9919022765526763,0.9929661956706641,0.05443686122741232,0.9919022765526763,0.9079618128866788,0.42400000000000004,0.8120462596354778,0.7170934219738528,0.9176523683649941,0.9623139434593917,374,0.11747759921175456,0.18772599215814006,0.003254654717748965,0.3490661392776242,0.25688480341693565,0.08559081121779664,0.8,0.2,True,False,0.0,0
ledger_compromise,1835087718,163,374,0.9922923956523114,0.9925023676259215,0.06735027883534356,0.9922923956523114,0.9246413178417517,0.35,0.8094848158464931,0.715809047111692,0.9179828895194908,0.963282986866205,379,0.11962870295664806,0.16029176237229306,0.08609729154086435,0.28046764171414246,0.26047878995498064,0.09303581146107152,1.0,0.0,True,False,0.0,0
ledger_compromise,1835087718,164,379,0.9767279225002707,0.9922883402432292,0.03307636711871859,0.9767279225002707,0.9169141973320486,0.55,0.8111781250466448,0.7136751403584289,0.9230138912754953,0.9531825901669407,377,0.10820682002901898,0.19577826491958658,0.11123312488678173,0.2912248910497461,0.2841464535397675,0.00941044557509915,1.0,0.2,True,False,0.0,0
ledger_compromise,1835087718,165,377,0.9837559622755694,0.9937847859754199,0.036584961110875905,0.9837559622755694,0.9237124431844714,0.526,0.8064855579922189,0.7191060201556871,0.9052933772941444,0.984933675578964,381,0.2014329601897463,0.16865009153232058,0.05904681836230253,0.3152910484729671,0.17290437573099296,0.08267470571167047,0.6,0.4,True,False,0.0,0
ledger_compromise,1835087718,166,381,0.9899368497074379,0.9906400222500339,0.05771455703164437,0.9899368497074379,0.9552078493169388,0.4,0.804899422574551,0.729008744761982,0.91476403956473,0.9901067889979923,389,0.2607253201759891,0.1711279780091807,0.02547422839800025,0.17873026514806933,0.3626411489865767,0.001301059282184028,0.0,0.4,True,False,0.0,0
ledger_compromise,1835087718,167,389,0.9929621302960816,0.9929820090198568,0.08611860098302014,0.9929621302960816,0.9407156389629542,0.256,0.8041799472146578,0.7299546785242614,0.8950825680242308,1.0140971397076541,387,0.15495463750473237,0.16612219861306357,0.12431537639121365,0.274336973063768,0.158974662079869,0.12129615234735364,0.4,0.2,True,False,0.0,0
ledger_compromise,1835087718,168,387,0.9928854244574926,0.9929071257204316,0.0854197392639891,0.9928854244574926,0.9372249943451566,0.256,0.8086371633184412,0.7267393223477008,0.9055743112218078,0.9924322500059531,384,0.10352972187065498,0.16970651932745498,0.1368783246520862,0.20536578678791126,0.32243972778281027,0.062079919579082384,0.4,0.2,True,False,0.0,0
ledger_compromise,1835087718,169,384,0.9928273554957872,0.9929315756439241,0.07292950293660846,0.9928273554957872,0.9323232045328418,0.326,0.8071678955742861,0.7359965018584312,0.8861033782940357,1.029028677271231,385,0.2574268203514437,0.16902943505323126,0.09065088070866027,0.2511823736017238,0.15543249097204376,0.07627799931289736,0.6,0.2,True,False,0.0,0
ledger_compromise,1835087718,170,385,0.9895795401571934,0.9910449788784368,0.05187266639499069,0.9895795401571934,0.9288188059589464,0.42400000000000004,0.8085860164252283,0.7402773478601438,0.8974930404646322,1.020086838950412,383,0.2010083886829262,0.18544900661719546,0.07870201570952237,0.1741753477034135,0.3282214705462323,0.03244377074071005,0.8,0.2,True,False,0.0,0
ledger_compromise,1835087718,171,383,0.9926319492010668,0.9936683678813379,0.05465094802963254,0.9926319492010668,0.9350220014621551,0.4,0.7940965593714338,0.7469085385073007,0.907743736418169,1.0361696061139989,381,0.23306322550205108,0.13186974124813927,0.026405739707432062,0.2604275094512929,0.3271087548093032,0.0211250292817816,0.0,0.4,True,False,0.0,0
ledger_compromise,1835087718,172,381,0.9913076207840329,0.991531233990954,0.06684144942630649,0.9913076207840329,0.9149071733294016,0.35,0.7938214253749184,0.7414460922774414,0.9169693627763521,1.0185959350172704,373,0.08603725869382255,0.2219402214143706,0.015742414469930664,0.22889590377807484,0.3266740196772075,0.12071018196659394,1.0,0.0,True,False,0.0,0
ledger_compromise,1835087718,173,373,0.9923343607075851,0.992346560095432,0.09000012524929557,0.9923343607075851,0.930601058771792,0.256,0.7965501433939924,0.7423329405387074,0.9252724264987169,1.0072006379257685,373,0.16198941093922475,0.2753782436188237,0.004970115592547691,0.24469443098050034,0.3043423230338312,0.008625475835072451,0.4,0.2,True,False,0.0,0
ledger_compromise,1835087718,174,373,0.9939789148151701,0.9939789189895435,0.15353601400212166,0.9939789148151701,0.9522846272994892,0.0,0.7954422252389101,0.738845308102449,0.9327451838488452,0.9958223359984748,377,0.10786268238346292,0.18571651668836664,0.05348241385625231,0.3340886578310289,0.30248216659591887,0.0163675626449703,0.0,0.0,True,False,0.0,0
ledger_compromise,1835087718,175,377,0.9923216976269885,0.9923217271528898,0.13795040807356526,0.9923216976269885,0.9564025767882753,0.05600000000000001,0.7924720534908059,0.7314139115546682,0.9292240953377962,0.9932505125400273,383,0.0563858607167711,0.23130878385793507,0.053737113480721514,0.3532103676073864,0.24876714936917765,0.05659072496800828,0.4,0.0,True,False,0.0,0
ledger_compromise,1835087718,176,383,0.9918360879836197,0.9918476438763199,0.09042748086789694,0.9918360879836197,0.9369776207042314,0.22400000000000003,0.7906892565608826,0.7277890146251675,0.9337315894780501,0.9857745603598421,381,0.09932248310290948,0.27325684646689136,0.010434224356650212,0.19052992271404393,0.2871495183701681,0.13930700498933693,0.8,0.0,True,False,0.0,0
ledger_compromise,1835087718,177,381,0.9922480976771839,0.9922585551075398,0.0912258519950833,0.9922480976771839,0.9473633343436294,0.22400000000000003,0.78843897104442,0.7188374919478159,0.9403584305302451,0.9695477777959034,385,0.03047410067383356,0.16845085314021424,0.08924095988590736,0.3031075575369378,0.329159470676335,0.07956705808677207,0.8,0.0,True,False,0.0,0
ledger_compromise,1835087718,178,385,0.9913812764729875,0.9913815565405658,0.12003458030907142,0.9913812764729875,0.9601759893627877,0.126,0.7901346510865439,0.720287063911768,0.926156484385058,0.9842833422619849,392,0.15489308201678664,0.2141434561040446,0.13818129104940227,0.2723736789445202,0.199169484539187,0.02123900734605948,0.6,0.0,True,False,0.0,0
ledger_compromise,1835087718,179,392,0.9892617282574961,0.9909977171100193,0.05052367074802198,0.9892617282574961,0.955983993289414,0.42400000000000004,0.7919120408512197,0.7259790548359426,0.9133857504352326,1.003674551804859,390,0.20882930149703735,0.20294815084216614,0.052250700783596005,0.32900079901690965,0.19922457244340197,0.007746475416888864,0.8,0.2,True,False,0.0,0
ledger_compromise,1835087718,180,390,0.9937543243878864,0.9937631909775013,0.09255150500120903,0.9937543243878864,0.9529643612459444,0.21400000000000002,0.7954885990278896,0.7295850528303093,0.900221632862239,1.018808414326155,387,0.18631188420204775,0.2697501423082758,0.024934727541570893,0.2690145291300862,0.19087228735264844,0.059116429465371004,0.2,0.2,True,False,0.0,0
ledger_compromise,1835087718,181,387,0.979792706752309,0.9954230795456367,0.03306576821580365,0.979792706752309,0.9481696188567373,0.526,0.7949776065475671,0.7371997356179688,0.910199469576015,1.0188111689666681,383,0.23867419286468697,0.16637213608756773,3.838262966820291e-08,0.24387215466672196,0.33917708051692114,0.011904397481472635,0.6,0.4,True,False,0.0,0
ledger_compromise,1835087718,182,383,0.990546860527304,0.9905468675831293,0.14933032345887348,0.990546860527304,0.9336264364185061,0.0,0.8000196437123214,0.7294080454803346,0.9143662297116816,0.9971252653844112,375,0.05085370804080211,0.3724505666531019,0.029349731015003346,0.22505137582997475,0.27593353546634036,0.046361082994777654,0.0,0.0,True,False,0.0,0
ledger_compromise,1835087718,183,375,0.9694449378840769,0.9933490229871142,0.02966745984966456,0.9694449378840769,0.930474898317279,0.55,0.8004773952225062,0.7397850445095314,0.9229296067405134,1.0013545996429283,377,0.2730925162901694,0.1766749381224444,0.023991627908547093,0.19877719516607556,0.3015012310942148,0.02596249141854877,1.0,0.2,True,False,0.0,0
ledger_compromise,1835087718,184,377,0.9893929529837556,0.9894002341068978,0.09408465607354205,0.9893929529837556,0.9337688952528485,0.22400000000000003,0.8059218675203305,0.7360208435080295,0.930636646066462,0.9813344012658475,365,0.10281314029968412,0.2152863559487843,0.033946329044444806,0.2650961356782334,0.37233328892510853,0.010524750103744753,0.8,0.0,True,False,0.0,0
ledger_compromise,1835087718,185,365,0.9914786947715211,0.991478712488547,0.1420091857548461,0.9914786947715211,0.9403494006626485,0.05600000000000001,0.8062715551703232,0.7392608254128845,0.9311015955726678,0.9847347947239887,364,0.18801280100320616,0.19153290557041483,0.002689474361241207,0.2539499345911985,0.26764307056426023,0.09617181390967894,0.4,0.0,True,False,0.0,0
ledger_compromise,1835087718,186,364,0.9907293965168696,0.9907323211599642,0.10135585124436913,0.9907293965168696,0.9343439689437756,0.21400000000000002,0.810125442092981,0.7295528818764279,0.937991436015401,0.9600760427311992,360,0.028188721677344028,0.25817861411514753,0.02038118717925495,0.32370770416822675,0.31971179786133386,0.04983197499869277,0.2,0.2,True,False,0.0,0
ledger_compromise,1835087718,187,360,0.990389745180735,0.9912926564465574,0.055729605674341195,0.990389745180735,0.9319995885412424,0.41400000000000003,0.8107419534417051,0.7303124635861363,0.9263040288802616,0.9724617147462683,361,0.15296532254412323,0.19063582073465854,0.03544621795096837,0.27910064576476135,0.21055868233200378,0.13129331067348476,0.2,0.4,True,False,0.0,0
ledger_compromise,1835087718,188,361,0.9735045470374549,0.9908421047936977,0.03220391671740742,0.9735045470374549,0.9186916299031039,0.55,0.8079208707010093,0.7281160419832471,0.9336736259922355,0.9652430452980207,367,0.11649001970521901,0.2605598947005093,0.04213291752974952,0.18552375494673504,0.34280810699040243,0.05248530612738481,1.0,0.2,True,False,0.0,0
ledger_compromise,1835087718,189,367,0.9912883120873635,0.9912883147407425,0.1571213886658806,0.9912883120873635,0.9345913620123791,0.0,0.8104333134640568,0.7271560893975166,0.9403062633930119,0.9542035581837222,365,0.13057311891789816,0.22242541919579448,0.02716022590555638,0.22534066088983923,0.3134225435148173,0.08107803157609446,0.0,0.0,True,False,0.0,0
ledger_compromise,1835087718,190,365,0.994042318731323,0.9940469331124085,0.09775260182557721,0.994042318731323,0.9149665273908163,0.21400000000000002,0.8130658099306479,0.7239281440049286,0.9390988382199954,0.948109413640176,356,0.10162323846609643,0.23144861204868755,0.06995738462459114,0.25663680916857323,0.2641160058314234,0.0762179498606282,0.2,0.2,True,False,0.0,0
ledger_compromise,1835087718,191,356,0.9767235619573736,0.9868403697976889,0.036459611877004756,0.9767235619573736,0.8951302128272344,0.526,0.8153132153343173,0.7300917993237883,0.9388818553459707,0.9537664520963803,350,0.21700078148882684,0.16363638106415443,0.013805154354281172,0.25042686674262,0.2684645047398739,0.08666631161024367,0.6,0.4,True,False,0.0,0
ledger_compromise,1835087718,192,350,0.9904461660812086,0.9904482236039202,0.10415288599892675,0.9904461660812086,0.8937269661707428,0.22400000000000003,0.8214912274421693,0.7240000626204263,0.9449936698113737,0.9326244017010515,342,0.06766066578534198,0.19680644781153586,0.00252159210693304,0.2523984210167957,0.47001186333380834,0.010601009945585157,0.8,0.0,True,False,0.0,0
ledger_compromise,1835087718,193,342,0.992122025004718,0.992127698678807,0.09609219593542799,0.992122025004718,0.8770645780356868,0.22400000000000003,0.8212573376950997,0.722717547128847,0.9414716390857523,0.9347212035902902,338,0.12396859549302468,0.1843344983590255,0.12178216168151278,0.23235625481868652,0.2548866812775797,0.08267180837017081,0.8,0.0,True,False,0.0,0
ledger_compromise,1835087718,194,338,0.9480805191665973,0.9885819274656049,0.025431920329940433,0.9480805191665973,0.8443452486591064,0.6,0.825456736028663,0.736167040514848,0.9389590261328716,0.9498071015490077,335,0.3073171342805425,0.18819201586363882,0.007937390150930148,0.2243099907584093,0.25817275477847285,0.014070714168006307,0.0,0.6,True,False,0.0,0
ledger_compromise,1835087718,195,335,0.9876262974790577,0.9888729316431248,0.053142404511079724,0.9876262974790577,0.875146324775708,0.41400000000000003,0.8245561944602791,0.729098994288294,0.9359658709875033,0.9447267825671091,337,0.05925382248985352,0.2697781781168302,0.07458370178040687,0.25423574137412774,0.2545137373395941,0.08763481889918763,0.2,0.4,True,False,0.0,0
ledger_compromise,1835087718,196,337,0.9930660748994318,0.9930660885185566,0.14411582595266276,0.9930660748994318,0.8587894804300267,0.014000000000000002,0.8146708724338336,0.7361030834346569,0.9385407671770714,0.9627273422301356,331,0.23073798575972038,0.14350681673596377,0.04275848125013456,0.21487144583702164,0.28085741644159196,0.08726785397556787,0.2,0.0,True,False,0.0,0
ledger_compromise,1835087718,197,331,0.986469193065914,0.9870713074194154,0.058920874378943375,0.986469193065914,0.8695278734287969,0.4,0.8162321507275747,0.7339743052248247,0.9361020259445421,0.9606030784129334,336,0.12095469952375759,0.18415193733104213,0.025348376244935508,0.33793323093066213,0.2570766774258889,0.0745350785437137,0.0,0.4,True,False,0.0,0
ledger_compromise,1835087718,198,336,0.9927765285211279,0.9927768028080691,0.12021179165930074,0.9927765285211279,0.8826593139402243,0.126,0.816440473800535,0.7349284810626674,0.9424918233500879,0.9550870597059493,340,0.15816113873855014,0.19189121371449228,0.03934664767737169,0.19449312460411436,0.30742689309221477,0.1086809821732568,0.6,0.0,True,False,0.0,0
ledger_compromise,1835087718,199,340,0.9895319204901901,0.9895320774496591,0.1246289446488156,0.9895319204901901,0.8701535541379387,0.126,0.8186184354310789,0.7300941107288692,0.9393031736233246,0.9494924915338897,338,0.08640067149168919,0.23912551817699715,0.044468129762666044,0.247920562072518,0.2553026630412274,0.1267824554549023,0.6,0.0,True,False,0.0,0
ledger_compromise,1835087718,200,338,0.990725732836953,0.9908875955645897,0.0694087315499732,0.990725732836953,0.8813112525056751,0.326,0.8198373967414563,0.7311424990176602,0.9400099500547594,0.9487282954974523,338,0.15691367281543037,0.17190604442066837,0.048133076512362066,0.29413134203123786,0.2731854689688364,0.05573039525146489,0.6,0.2,True,False,0.0,0
ledger_compromise,1835087718,201,338,0.9928260346542873,0.9930021338223348,0.0687546763471144,0.9928260346542873,0.880295075116525,0.35,0.8173271996075585,0.7299126611912674,0.9460089550492835,0.9440167444106687,334,0.12909108905612826,0.17443657359513587,1.2363679180449276e-05,0.31404038390549155,0.35499326707242007,0.02742632269164389,1.0,0.0,True,False,0.0,0
ledger_compromise,1835087718,202,334,0.9927554940713571,0.9928096003723716,0.07814679056455132,0.9927554940713571,0.8980433617613738,0.326,0.8110316003243246,0.7241879790313442,0.9514080595443551,0.93852686678822,342,0.0721368862455024,0.19860740818863343,0.0625492983535093,0.3025658793784303,0.31521450093111064,0.048926026902814015,0.6,0.2,True,False,0.0,0
ledger_compromise,1835087718,203,342,0.9915765512663345,0.9915768421711834,0.11973394145506286,0.9915765512663345,0.8919023329081325,0.126,0.8171600037700797,0.7197027416952864,0.9562672535899196,0.921015144156949,336,0.08405202019386596,0.23937137345536033,0.0388869972654607,0.28598140734743244,0.34759720681427003,0.0041109949236105385,0.6,0.0,True,False,0.0,0
ledger_compromise,1835087718,204,336,0.9906791804581813,0.9908560345304903,0.06870340380728175,0.9906791804581813,0.907004748286737,0.35,0.8102187766883786,0.7159706672541813,0.9583551332372942,0.9220754366099831,345,0.09066328304574137,0.24229725650148443,0.009997296231933944,0.26309946207189594,0.2885730250318324,0.10536967711711206,1.0,0.0,True,False,0.0,0
ledger_compromise,1835087718,205,345,0.9928074988476628,0.9928075136743806,0.14343749878571782,0.9928074988476628,0.9277711958471802,0.05600000000000001,0.8075030496813917,0.7157187155166513,0.960490250557728,0.9227950191581037,354,0.1318322703147378,0.25819387890703754,0.07295874300579831,0.23577320779559865,0.28985315322081595,0.011388746756011795,0.4,0.0,True,False,0.0,0
ledger_compromise,1835087718,206,354,0.9892664876357848,0.9896124464862602,0.06335223744479601,0.9892664876357848,0.9191292924848389,0.35,0.8043716760449207,0.7210290833522285,0.9424693403382786,0.9511056950355273,360,0.20120379514262116,0.24746934950735305,0.03292828673526485,0.21965869048277356,0.19014057418161698,0.10859930395037048,1.0,0.0,True,False,0.0,0
ledger_compromise,1835087718,207,360,0.9910744129179601,0.9910746734682675,0.12060711161154666,0.9910744129179601,0.9291078256893265,0.126,0.80679709848219,0.7253243319282752,0.9384878176460043,0.9579421425480193,364,0.19183378429572584,0.2621026108713076,0.01945913241073237,0.2183482497127507,0.251327056707768,0.05692916600171552,0.6,0.0,True,False,0.0,0
ledger_compromise,1835087718,208,364,0.9909951925637593,0.9911101759661146,0.07213255320527653,0.9909951925637593,0.8933472838940468,0.326,0.8071720599597062,0.7365470296956451,0.9063042939868391,1.0068396831372255,357,0.281111429547297,0.23488916815483843,0.11875594444533452,0.24162799828411094,0.10832629052717611,0.015289169041242981,0.6,0.2,True,False,0.0,0
ledger_compromise,1835087718,209,357,0.994090722962823,0.9940968065568392,0.09555269403935528,0.994090722962823,0.8982947253165858,0.22400000000000003,0.8068301930929205,0.7431346376401573,0.9013126372072922,1.0219035363687976,361,0.2301869928661807,0.28304223255889355,0.04945781712582331,0.19468080598071447,0.2281938630956848,0.014438288372703318,0.8,0.0,True,False,0.0,0
ledger_compromise,1835087718,210,361,0.9775033947821398,0.9910868378802765,0.03414832781017394,0.9775033947821398,0.8840389391411039,0.526,0.8139236580470912,0.7316414456553467,0.9111813734865629,0.9865288580257973,357,0.008294248714965783,0.17856609750734517,0.0091352151621913,0.41502077273236976,0.3881742598923801,0.0008094059907478175,0.6,0.4,True,False,0.0,0
ledger_compromise,1835087718,211,357,0.9900212830673424,0.9900231242755289,0.1050336796111596,0.9900212830673424,0.9081400993375895,0.2,0.8110402919233627,0.7225364475718963,0.9171295342772778,0.9713743918418153,363,0.03096342749146136,0.2085659001411877,0.04343804496176516,0.3255389775618566,0.28533149069685626,0.10616215914687284,0.0,0.2,True,False,0.0,0
ledger_compromise,1835087718,212,363,0.9895111591842215,0.9895260854206309,0.08837164517003795,0.9895111591842215,0.890691281763925,0.256,0.8136405591510428,0.7270381421237339,0.8977206945891998,0.995367300092327,362,0.19535646163040427,0.18903373222423567,0.1607599604606864,0.22792473073659175,0.1615205686982489,0.06540454624983301,0.4,0.2,True,False,0.0,0
ledger_compromise,1835087718,213,362,0.9571402326188907,0.9895542673618181,0.02721281463594924,0.9571402326188907,0.8578740743599712,0.6,0.8169903754945674,0.7357892835840025,0.8983678483412759,1.00249523558637,353,0.2512881070806921,0.20319632818215422,0.01750595259341468,0.2613526104654166,0.2520961160549805,0.014560885623342044,0.0,0.6,True,False,0.0,0
ledger_compromise,1835087718,214,353,0.9923477510544082,0.9923477522147689,0.1637136937835466,0.9923477510544082,0.8950662953558234,0.0,0.8201664744928986,0.7247342806109631,0.9085310635071483,0.972606148314659,353,0.00918076507700949,0.25159169521018976,0.010932789740260136,0.31045420531134377,0.30194496008346267,0.11589558457773423,0.0,0.0,True,False,0.0,0
ledger_compromise,1835087718,215,353,0.9870934764493812,0.9891987450131968,0.048973980971416836,0.9870934764493812,0.8969543512282537,0.456,0.8219189494372127,0.7308284919600093,0.9031732891011881,0.9844992553994143,352,0.21663656724492952,0.2330932442053337,0.013511217402424459,0.2788001500633898,0.2274766597237734,0.030482161360149168,0.4,0.4,True,False,0.0,0
ledger_compromise,1835087718,216,352,0.9912099067828087,0.9912099133491525,0.1499079505084726,0.9912099067828087,0.8826813627717757,0.05600000000000001,0.8227048393280342,0.7231193402870251,0.9098541523064927,0.9660378525269666,344,0.04790341156270199,0.20986753385906617,0.03216959263287785,0.3248357879766904,0.2849909605771169,0.1002327133915466,0.4,0.0,True,False,0.0,0
ledger_compromise,1835087718,217,344,0.9865376086111631,0.9901950181642946,0.044585548360896544,0.9865376086111631,0.8649532446113702,0.456,0.8227394761267655,0.7142030325614694,0.9188687370758434,0.9447260230448657,338,0.027995741109945144,0.16237777205760368,0.05308614057786754,0.3836205761156839,0.3619090932404875,0.01101067689841226,0.4,0.4,True,False,0.0,0
ledger_compromise,1835087718,218,338,0.9870641050451944,0.9879820891698282,0.05557119182248907,0.9870641050451944,0.8790661901864805,0.41400000000000003,0.8162218198467255,0.7072726612840738,0.926981863368259,0.9347757420638246,345,0.04724725438347338,0.23853212950233096,0.016448952816653272,0.3720614597181055,0.3062116882844098,0.019498515295027188,0.2,0.4,True,False,0.0,0
ledger_compromise,1835087718,219,345,0.9914764994528213,0.9914767009540121,0.1226560845508092,0.9914764994528213,0.8888980734126765,0.126,0.8157724339873302,0.7037107380692679,0.9296141758392085,0.9279453813328677,347,0.08502137311747193,0.16803429415657548,0.17545149888124176,0.28176408728398783,0.27665249403887654,0.013076252521846549,0.6,0.0,True,False,0.0,0
ledger_compromise,1835087718,220,347,0.9907175617079205,0.990842408171852,0.07147531282539867,0.9907175617079205,0.8847106196567888,0.326,0.8180640013274463,0.6954600725493261,0.9366527582552876,0.907624693427668,345,0.024185892294020017,0.20262108068381163,0.0194549098269864,0.2803866549490373,0.3963896784453212,0.07696178380082351,0.6,0.2,True,False,0.0,0
ledger_compromise,1835087718,221,345,0.9916340328754895,0.9916340352841903,0.15789427354673466,0.9916340328754895,0.875932119030334,0.014000000000000002,0.8168106842807757,0.6970032706516,0.931254568271708,0.9163154091637955,342,0.14145252162175195,0.15916770472173122,0.09965955217471333,0.32497840298639274,0.24133542920974582,0.0334063892856649,0.2,0.0,True,False,0.0,0
ledger_compromise,1835087718,222,342,0.989194572828798,0.9891947616509668,0.1231550651584796,0.989194572828798,0.8688010074734492,0.126,0.8165056517265589,0.6925323065559316,0.9217401030452352,0.9201790887670245,345,0.0672399929613946,0.25122429397344326,0.034631112664651124,0.28551906212419376,0.21805495800348992,0.14333058027282725,0.6,0.0,True,False,0.0,0
ledger_compromise,1835087718,223,345,0.9899109370582614,0.9899111351988688,0.1227773809832195,0.9899109370582614,0.8628528807294245,0.126,0.81407688721626,0.7019965699817576,0.9295660927407117,0.9276609848624787,350,0.23863598442028372,0.20804611365828074,0.1152536562661899,0.08370974871555896,0.31741450904470037,0.03693998789498634,0.6,0.0,True,False,0.0,0
ledger_compromise,1835087718,224,350,0.9894306198608003,0.9894363152988992,0.09604009684234419,0.9894306198608003,0.854682534527877,0.21400000000000002,0.817082768995865,0.7050372940510643,0.9313550051528764,0.9264687721931943,345,0.1642569071049324,0.1798154475845068,0.0738822258183942,0.2249338342442374,0.27372760843117927,0.08338397681674999,0.2,0.2,True,False,0.0,0
ledger_compromise,1835087718,225,345,0.9897226726730474,0.9897264494127259,0.09931246448834306,0.9897226726730474,0.8605627157310897,0.21400000000000002,0.81676907646227,0.7050185559334977,0.9289102683116228,0.9292391467623216,348,0.12791408231233295,0.17744431831630128,0.12336264309886887,0.24642335148388983,0.25345381837017056,0.07140178641843664,0.2,0.2,True,False,0.0,0
ledger_compromise,1835087718,226,348,0.98688712869619,0.9878538024989308,0.05515877342900351,0.98688712869619,0.8567033774863093,0.42400000000000004,0.8175832903879533,0.6969567004569954,0.933323081233308,0.9133595723709848,347,0.027363404002158004,0.19788693632330318,0.14672657021751412,0.33179363159186015,0.2865191987642369,0.009710259100927794,0.8,0.2,True,False,0.0,0
ledger_compromise,1835087718,227,347,0.992259607070416,0.99407603397996,0.05018781389907564,0.992259607070416,0.8814328454363706,0.42400000000000004,0.8089567981569591,0.6961880634761024,0.9305626312437205,0.9248166399618893,362,0.1134899755244597,0.15837178856367848,0.14179969642508963,0.2261091345609232,0.25285929066871654,0.10737011425713237,0.8,0.2,True,False,0.0,0
ledger_compromise,1835087718,228,362,0.9915904734906307,0.9918232863165983,0.06652286731917365,0.9915904734906307,0.8703488783837873,0.35,0.8033670258141195,0.6964633220978186,0.9295461858272772,0.9326383609703253,358,0.12605827244401596,0.15261766198765514,0.014727241941442318,0.3603658221087878,0.2601990885396436,0.08603191297845521,1.0,0.0,True,False,0.0,0
ledger_compromise,1835087718,229,358,0.9926361043554112,0.993143877588597,0.060326191296597484,0.9926361043554112,0.8536842396770336,0.35,0.8042684483747963,0.7102134467620851,0.9252007645652965,0.9544471295118268,357,0.29466613461446833,0.16040888270342143,0.007744437917281432,0.10523270027539314,0.2430459866037354,0.1889018578857004,1.0,0.0,True,False,0.0,0
ledger_compromise,1835087718,230,357,0.9911284810307834,0.9911284986245087,0.14206196500339596,0.9911284810307834,0.8476118199092546,0.05600000000000001,0.8052313605085617,0.7186113641597732,0.9083670238473344,0.98245358227554,355,0.2363573716974053,0.19447910242236802,0.1302319816203775,0.25506192919895376,0.17843167869283727,0.005437936368058169,0.4,0.0,True,False,0.0,0
ledger_compromise,1835087718,231,355,0.9903137166246497,0.9903730393881389,0.07739456604519382,0.9903137166246497,0.8487666590071697,0.326,0.8092510331511679,0.7282113258157717,0.9175303214626009,0.9807396677356646,347,0.2566316232998399,0.1966759004098881,0.020775069776805353,0.22106083338936844,0.30192109117123395,0.00293548195286417,0.6,0.2,True,False,0.0,0
ledger_compromise,1835087718,232,347,0.9927778893415811,0.9927779149232253,0.1390954841933665,0.9927778893415811,0.8602067665709222,0.05600000000000001,0.810220191007465,0.7400603330535559,0.9064383008473152,1.0076873740019767,346,0.29074466910715957,0.1873781111656665,0.00874031462208333,0.2693821825035839,0.20330505765487175,0.04044966494663502,0.4,0.0,True,False,0.0,0
ledger_compromise,1835087718,233,346,0.9909108514020647,0.990913887253566,0.10106024396019259,0.9909108514020647,0.8713557133111023,0.22400000000000003,0.8082385496916459,0.7311224097917365,0.9072071093277084,0.9971123380896413,353,0.03831366738572947,0.31286847007983326,0.04644807713972363,0.27871920957051277,0.2570631928256235,0.06658738299857736,0.8,0.0,True,False,0.0,0
ledger_compromise,1835087718,234,353,0.9901269699269108,0.9901270859149135,0.1270416590860464,0.9901269699269108,0.8668810533214352,0.126,0.8132369105713987,0.7272225764631908,0.9164863983949376,0.9757178433758652,345,0.09570358951301373,0.1879236497790208,0.050776127438622656,0.2905941195027665,0.3746613727366329,0.0003411410299434123,0.6,0.0,True,False,0.0,0
ledger_compromise,1835087718,235,345,0.9913862587596572,0.991386566745279,0.11927823691060462,0.9913862587596572,0.8727062982268136,0.126,0.8146742169996439,0.7327186963769841,0.9134744726704659,0.9845933225621231,350,0.21071560921191085,0.27678182538504875,0.02835179618408797,0.1805990515525637,0.24318357057511014,0.06036814709127843,0.6,0.0,True,False,0.0,0
ledger_compromise,1835087718,236,350,0.9877370845602658,0.9889296237079731,0.0534959895101969,0.9877370845602658,0.8768847800685662,0.42400000000000004,0.8203681573185398,0.7425736748910641,0.9183471381412762,0.985652612019741,346,0.2686364166616157,0.18394837999686123,0.03294784626378133,0.21372559082485612,0.2811005636892848,0.019641202563600912,0.8,0.2,True,False,0.0,0
ledger_compromise,1835087718,237,346,0.9905179454025775,0.9905179464191841,0.16475180777049564,0.9905179454025775,0.8663729893669513,0.0,0.8209896285606513,0.7375763881304651,0.9265124243271486,0.9696568884394744,340,0.08914246229942865,0.2072154298595331,0.038084539407455056,0.23414482330528405,0.4123639444272006,0.0190488007010986,0.0,0.0,True,False,0.0,0
ledger_compromise,1835087718,238,340,0.9845220430622811,0.9845220446453455,0.16117802017016253,0.9845220430622811,0.8522709471535543,0.0,0.819186836123062,0.7457885119159771,0.9301620725489259,0.9787552334754377,334,0.2511367899004399,0.15838190233890997,0.031736358981545656,0.21282614941303657,0.28150445327246076,0.06441434609360698,0.0,0.0,True,False,0.0,0
ledger_compromise,1835087718,239,334,0.9907332589379932,0.9907332772432313,0.1417432135586745,0.9907332589379932,0.8554849375345807,0.05600000000000001,0.8196039437941721,0.7355795903073283,0.9371458652940333,0.9576756336844072,333,0.02600629983937722,0.18016877095355893,0.11681630521735062,0.2588759039651811,0.3539071115924072,0.06422560843212495,0.4,0.0,True,False,0.0,0
ledger_compromise,1835087718,240,333,0.9899379919349863,0.9899659504157253,0.08337943910079912,0.9899379919349863,0.8685863302583942,0.256,0.8183538090833385,0.7422327931114879,0.928426087079294,0.9769035667790006,336,0.23040227899407564,0.21799207392437686,0.005511819783323464,0.28534162047626377,0.22497404157332007,0.03577816524864024,0.4,0.2,True,False,0.0,0
ledger_compromise,1835087718,241,336,0.9900632041615498,0.990063371980572,0.1241007000111623,0.9900632041615498,0.8489508666632322,0.126,0.821175188748384,0.746428916555531,0.9174386873800962,0.9907762481003668,327,0.2038470387452182,0.2501170988970873,0.024375905951592503,0.26865131915739443,0.209276045043658,0.04373259220504965,0.6,0.0,True,False,0.0,0
ledger_compromise,1835087718,242,327,0.9899451859584124,0.9908042322154059,0.05612210643505835,0.9899451859584124,0.8527242172387989,0.42400000000000004,0.8244375827344703,0.7477435613601933,0.9256948186420866,0.9797766112388568,325,0.17045113290548503,0.18465379125395917,0.0037505668391672685,0.2251966727991881,0.3595497420545714,0.05639809414762907,0.8,0.2,True,False,0.0,0
ledger_compromise,1835087718,243,325,0.9913880121167951,0.9915202412687524,0.07102343640796022,0.9913880121167951,0.835092217248321,0.35,0.8235025949414239,0.7425081905105556,0.9331253367778779,0.9662651023507626,321,0.08939759022965019,0.29770436282568363,0.06027127224669932,0.19922851117779355,0.3283754440249362,0.025022819495237235,1.0,0.0,True,False,0.0,0
ledger_compromise,1835087718,244,321,0.9846464668352235,0.9871055351588621,0.047720604972671936,0.9846464668352235,0.8302275703567462,0.456,0.8208481647972823,0.7393633666984735,0.9398128031000901,0.9584153042829606,321,0.1122573214180708,0.17943213685244383,0.09087754261952766,0.24178070877763597,0.31501765633680645,0.060634633995515205,0.4,0.4,True,False,0.0,0
ledger_compromise,1835087718,245,321,0.9892964974876939,0.9894863478358782,0.06812793447511338,0.9892964974876939,0.8284185514330493,0.35,0.8209805177427076,0.7360220024950596,0.9458315227900811,0.9478599248989992,322,0.10783505164387246,0.16831732709873778,0.07836030083484906,0.1868218884463128,0.3284997092161634,0.13016572276006455,1.0,0.0,True,False,0.0,0
ledger_compromise,1835087718,246,322,0.9925108000405163,0.992510815205921,0.1432553330806412,0.9925108000405163,0.828937738070671,0.05600000000000001,0.8217266635628251,0.7359027056662393,0.951248370511073,0.9414539774175805,322,0.14602254119915917,0.2067251244524742,0.06099163949825436,0.19446925536748602,0.31851464884080827,0.07327679064181783,0.4,0.0,True,False,0.0,0
ledger_compromise,1835087718,247,322,0.9882066587670252,0.9892166280814599,0.054820983773448795,0.9882066587670252,0.8088264795076523,0.41400000000000003,0.8167688891475227,0.7469935725802602,0.9388156646586208,0.9741758306764475,320,0.2860750274666617,0.1844717806257772,0.020643285554388904,0.18838732327565286,0.21346065599327513,0.10696192708424423,0.2,0.4,True,False,0.0,0
ledger_compromise,1835087718,248,320,0.9910806403454385,0.9910849019057681,0.09836201054732427,0.9910806403454385,0.8097744592959087,0.22400000000000003,0.8148374684930367,0.737415302755962,0.9446283669689525,0.9580323445625535,320,0.03464261005893431,0.1786778178321871,0.13041804002977161,0.2541474790638193,0.2984713438809688,0.10364270913431878,0.8,0.0,True,False,0.0,0
ledger_compromise,1835087718,249,320,0.989342330962238,0.9893506161638843,0.09305592772894153,0.989342330962238,0.8241597892188499,0.22400000000000003,0.8123611234089664,0.7257730763829116,0.9501655302720572,0.9402697203018141,329,0.002856734559345328,0.19887988924374786,0.013133419985787908,0.2465614615151431,0.39618297693193816,0.14238551776403766,0.8,0.0,True,False,0.0,0
ledger_compromise,1835087718,250,329,0.9429989116852113,0.9865155604212346,0.02484367660681433,0.9429989116852113,0.7901688425207919,0.614,0.8138712070529374,0.7259673332597034,0.946569948978519,0.9423422905887956,328,0.14353638369921842,0.18344204049762455,0.0350715504947767,0.30273391179047077,0.2571048586683377,0.0781112548495717,0.2,0.6,True,False,0.0,0
ledger_compromise,1835087718,251,328,0.9907515576581738,0.9907516660559069,0.12758541334971188,0.9907515576581738,0.8232058919104563,0.126,0.8154092777513201,0.7318748911437954,0.9253629113694971,0.969949470542128,331,0.21507405683846492,0.27431877370577823,0.0982166187479013,0.21323382362818857,0.16724978644414995,0.03190694063551699,0.6,0.0,True,False,0.0,0
ledger_compromise,1835087718,252,331,0.989072939873916,0.9900495431449976,0.055095099835533914,0.989072939873916,0.8420212081345004,0.41400000000000003,0.8129437858534063,0.7299236900994808,0.9328266202325474,0.9625338518461083,335,0.12053179391093821,0.18336455018428002,0.028609400709414815,0.32345296627008635,0.3338546302469411,0.010186658678339552,0.2,0.4,True,False,0.0,0
ledger_compromise,1835087718,253,335,0.990699530027256,0.9922705153544624,0.05132889371758844,0.990699530027256,0.8364660483961246,0.456,0.8110990833463471,0.7263958436646116,0.9207831075577102,0.9726175387204441,336,0.09960422587631054,0.24644903138371724,0.10987555250201288,0.2851080602607462,0.20619574674208793,0.052767383235125316,0.4,0.4,True,False,0.0,0
ledger_compromise,1835087718,254,336,0.9903472448243905,0.991013264559434,0.05814965230058512,0.9903472448243905,0.8364574912570774,0.4,0.8101660125214354,0.7373007070020823,0.9007416984029334,1.0103465483887035,341,0.2778081940087647,0.16881960335207782,0.005157756743686909,0.21336759190428906,0.16018450800497114,0.1746623459862105,0.0,0.4,True,False,0.0,0
ledger_compromise,1835087718,255,341,0.992340152121566,0.9923427587771055,0.10228501996776704,0.992340152121566,0.8318359440235459,0.21400000000000002,0.8098903667614937,0.7407224728220921,0.9051766651189741,1.010406050204052,340,0.19108501462642502,0.17223342046220053,0.006175974265965315,0.17925759406128583,0.2725456827816704,0.17870231380245297,0.2,0.2,True,False,0.0,0
ledger_compromise,1835087718,256,340,0.9904775098359566,0.9905615042069991,0.07462791140978911,0.9904775098359566,0.8469717194302251,0.326,0.8109190602050285,0.7328838070108574,0.9146589986070767,0.988094328002219,343,0.052468222873374104,0.18104751529321333,0.0014339838533551183,0.35757179910220693,0.35118291889505704,0.056295559982793536,0.6,0.2,True,False,0.0,0
ledger_compromise,1835087718,257,343,0.9924349647616693,0.9924349743236028,0.1469261251923027,0.9924349647616693,0.8477663568831513,0.014000000000000002,0.81093747817838,0.733714128341364,0.9126398377863485,0.9913798497166105,346,0.1559313960131181,0.2271803080904554,0.0392843907618501,0.19904014227545003,0.24723369519989757,0.13133006765922892,0.2,0.0,True,False,0.0,0
ledger_compromise,1835087718,258,346,0.9894003614916038,0.99086077740104,0.05189851688371765,0.9894003614916038,0.8520889442828342,0.42400000000000004,0.8046968888298395,0.7241322236411296,0.9213758540077136,0.9766719723072491,352,0.02629752146042301,0.15534623210869272,0.07983487382495526,0.24102380159380687,0.4448633904300821,0.052634180582040044,0.8,0.2,True,False,0.0,0
ledger_compromise,1835087718,259,352,0.9885750289009974,0.9898324404577493,0.05308160384991983,0.9885750289009974,0.8443032882911083,0.41400000000000003,0.8101667697447715,0.7207623121400879,0.9226620166871504,0.964217482433698,346,0.09795874601268402,0.2617718760347129,0.03524578732212974,0.2546524788392803,0.2671187404010409,0.08325237139015197,0.2,0.4,True,False,0.0,0
ledger_compromise,1835087718,260,346,0.9916877310967664,0.9921577733985627,0.06093289911342862,0.9916877310967664,0.8545576556048607,0.4,0.8107391594632958,0.7215121105207267,0.9245749503084798,0.9625434696473008,353,0.14734892484554016,0.25591258470878936,0.13349462294002978,0.1730063830249321,0.27089567645022206,0.01934180803048655,0.0,0.4,True,False,0.0,0
ledger_compromise,1835087718,261,353,0.9904422411967958,0.9904424057135518,0.12426194318745065,0.9904422411967958,0.8538962539731637,0.126,0.8124268227104217,0.7255972108333604,0.9059216477627352,0.9858724115864654,356,0.18950882298337438,0.21628248749235496,0.10245739512970967,0.24774146632304656,0.16902096242551712,0.07498886564599716,0.6,0.0,True,False,0.0,0
ledger_compromise,1835087718,262,356,0.9823156293088083,0.9911608500327383,0.03756359021503019,0.9823156293088083,0.8396458810909108,0.526,0.8122834691444902,0.7314617299710905,0.8845640571845423,1.0180162379257252,355,0.21430474599247676,0.2742252933574244,0.02873283477695058,0.2787352879207981,0.14617287099040327,0.057828966961947004,0.6,0.4,True,False,0.0,0
ledger_compromise,1835087718,263,355,0.9785087563654532,0.9901550537370931,0.03536560411291796,0.9785087563654532,0.8434620734085343,0.526,0.8136783644088547,0.7316840580438155,0.8939533351629242,1.0059027035735582,358,0.14744268214099487,0.2529644727771124,0.021929292324829767,0.18261492407782565,0.28922841848418057,0.10582021019505672,0.6,0.4,True,False,0.0,0
ledger_compromise,1835087718,264,358,0.9467934712982947,0.9911921591886068,0.02472159292593322,0.9467934712982947,0.8348134423397947,0.614,0.8173615968541775,0.7282039102834055,0.9026544925205583,0.987000175381466,360,0.10130068927225833,0.232449870416246,0.06450146049599542,0.2609837809808842,0.2904824543696324,0.05028174446498372,0.2,0.6,True,False,0.0,0
ledger_compromise,1835087718,265,360,0.9894147507865961,0.9923879699663659,0.04625176779151538,0.9894147507865961,0.8685947426287379,0.456,0.8152944665477216,0.7275270822667278,0.9083333958584545,0.9824023395994667,354,0.13416709371865798,0.18357971609541335,0.004681986285533428,0.332912914838939,0.2797217629497602,0.06493652611169612,0.4,0.4,True,False,0.0,0
ledger_compromise,1835087718,266,354,0.9909276173171783,0.9911388902060423,0.06729017016633242,0.9909276173171783,0.8619537138284479,0.35,0.8139814575637186,0.7273343517103122,0.911252686488375,0.9805748860097563,349,0.13979529446151004,0.18987372425244886,0.06011129754560747,0.25209144895232904,0.26876315107882937,0.08936508370927526,1.0,0.0,True,False,0.0,0
ledger_compromise,1835087718,267,349,0.9884732759810221,0.9901509399545362,0.05078890065653781,0.9884732759810221,0.8750791182288696,0.456,0.8125932797314518,0.7249446196880351,0.9088410608361166,0.981620602140955,355,0.11221231954048111,0.1679036866732973,0.09978084474379649,0.31233921007631243,0.24356821498289583,0.06419572398321685,0.4,0.4,True,False,0.0,0
ledger_compromise,1835087718,268,355,0.9906596970197397,0.9906597320425846,0.13657802004237507,0.9906596970197397,0.8862356373335525,0.05600000000000001,0.8113744335988305,0.7305057144643321,0.891058644777675,1.0104062191587875,361,0.21010407200873438,0.18852983719656793,0.12862826468419827,0.2754577079556931,0.16550845012585064,0.03177166802895559,0.4,0.0,True,False,0.0,0
ledger_compromise,1835087718,269,361,0.9902098053238395,0.9902101838123719,0.11762795429702964,0.9902098053238395,0.8805933055948868,0.126,0.7961048850126567,0.7392287512571087,0.9019527802999076,1.0294962271146648,356,0.25310403144991606,0.1345912294739101,0.009821495708802112,0.2575122884969468,0.32960753970979967,0.015363415160625336,0.6,0.0,True,False,0.0,0
ledger_compromise,1835087718,270,356,0.9878905813971741,0.9878905942821097,0.14451534958844098,0.9878905813971741,0.8952130151244587,0.05600000000000001,0.7971806665067797,0.7351457146889485,0.9045062902083464,1.0195419057104076,361,0.0984800124336899,0.2614134592189532,0.03398136197918286,0.28853075583920174,0.2637439396921481,0.05385047083682417,0.4,0.0,True,False,0.0,0
ledger_compromise,1835087718,271,361,0.9787667818805463,0.9910396840401664,0.03495556137896131,0.9787667818805463,0.8768753690673385,0.526,0.7970011648996863,0.7233884465994512,0.9140556611875117,0.9929787836785198,357,2.2056187638677945e-07,0.31801572277518836,0.024788630653621368,0.33884139873211194,0.30688650141996804,0.011467525857233886,0.6,0.4,True,False,0.0,0
ledger_compromise,1835087718,272,357,0.9962348950494094,0.9962357405579401,0.11127831557577042,0.9962348950494094,0.9048770282528422,0.126,0.7873872372582096,0.7171573057452916,0.9226500950687605,0.987163354502375,365,0.061728518447660995,0.14753610775264103,0.057410303425305224,0.2641451947098025,0.3791673276292185,0.09001254803537165,0.6,0.0,True,False,0.0,0
ledger_compromise,1835087718,273,365,0.9928460315232345,0.9940151172353034,0.053694927829984807,0.9928460315232345,0.8958075635082788,0.41400000000000003,0.7901219614983632,0.7138558643295948,0.9303850855618845,0.9710769788991862,362,0.09445529839459697,0.2618391010082677,0.012543129337334133,0.22808458739226734,0.3265602408932213,0.0765176429743126,0.2,0.4,True,False,0.0,0
ledger_compromise,1835087718,274,362,0.9915345803740367,0.991534585667465,0.1516258824680994,0.9915345803740367,0.8896383909090966,0.014000000000000002,0.7922107141126075,0.7076287916913027,0.9337369261225197,0.9566217465584558,359,0.05582150722734435,0.21228411705380174,0.000681743881432999,0.4104507665227241,0.28195174558411795,0.03881011973057883,0.2,0.0,True,False,0.0,0
ledger_compromise,1835087718,275,359,0.9917640796098971,0.9917640824048044,0.1567115630317965,0.9917640796098971,0.913647157565443,0.0,0.7897429412782061,0.7098453409311634,0.9334027581907647,0.9629614543574891,367,0.15747486030532243,0.1706475159083383,0.06458525144100533,0.28787843855716605,0.2651976234024849,0.054216310385683135,0.0,0.0,True,False,0.0,0
ledger_compromise,1835087718,276,367,0.9909976666695712,0.9911226410155803,0.07146941434863466,0.9909976666695712,0.9367222595820988,0.326,0.7903908776375153,0.718782888778784,0.92916853856543,0.9787264255344572,376,0.24287268617723576,0.20105255067940053,0.04793512717385733,0.22257935224835132,0.24553028096870896,0.04003000275244613,0.6,0.2,True,False,0.0,0
ledger_compromise,1835087718,277,376,0.9664463960000922,0.9903094594160923,0.02965673733675403,0.9664463960000922,0.9495734206134344,0.55,0.7816848258063435,0.7272833160506861,0.928297757263478,1.0022697947088766,389,0.24299464638551507,0.15993049809903515,0.03514701295088359,0.2770077937433975,0.2602303627729548,0.02468968604821394,1.0,0.2,True,False,0.0,0
ledger_compromise,1835087718,278,389,0.9898708534707108,0.9898801825735976,0.09211558223117945,0.9898708534707108,0.9398360068535834,0.21400000000000002,0.7877541386044038,0.7164706606508949,0.9268024811208502,0.9813423234668807,379,0.0068938800342893776,0.30478271687104186,0.021725179387350975,0.2560793858671187,0.2566724979185998,0.15384633992159918,0.2,0.2,True,False,0.0,0
ledger_compromise,1835087718,279,379,0.9917643116298008,0.991770680246465,0.0951695810376882,0.9917643116298008,0.9326389936601618,0.2,0.7882049198907205,0.7276525069605514,0.9065424394956529,1.0183492510443501,376,0.27506724177751446,0.19663640790231604,0.0038162147752286136,0.35998381670101726,0.1621010324344389,0.002395286409484812,0.0,0.2,True,False,0.0,0
ledger_compromise,1835087718,280,376,0.9919703405652595,0.9919703475038595,0.14947511370691924,0.9919703405652595,0.9270516683127065,0.0,0.7833541212101168,0.7327031185721742,0.9155435675381864,1.021623541072353,372,0.20541546199563002,0.15051384722491573,0.014210494366840399,0.2286855180179781,0.2982768599604939,0.10289781843414186,0.0,0.0,True,False,0.0,0
ledger_compromise,1835087718,281,372,0.987275668978139,0.9872908616938997,0.08821278573438639,0.987275668978139,0.901048105477018,0.22400000000000003,0.7895381986793943,0.7454107352467997,0.9239892107843678,1.0217757623373107,364,0.304284657540427,0.19759996747375463,0.053365477493327464,0.09824881901178495,0.3063066859186498,0.04019439256205621,0.8,0.0,True,False,0.0,0
ledger_compromise,1835087718,282,364,0.989654499309959,0.9896605180913748,0.09560235063231146,0.989654499309959,0.9122384697688871,0.21400000000000002,0.7914777651285995,0.7386459598007364,0.931590289705931,1.0017806870001342,364,0.06882201645345964,0.2555577278581081,0.020050147254693736,0.29103801045391475,0.33218511612806506,0.03234698185175885,0.2,0.2,True,False,0.0,0
ledger_compromise,1835087718,283,364,0.9922128348329319,0.9922128479007165,0.14443793398976296,0.9922128348329319,0.9164084361435854,0.05600000000000001,0.793245184605317,0.7297500586181946,0.938431260735338,0.98031179424332,366,0.03795496009368717,0.1668947626801095,0.07896276712286006,0.23694716394582216,0.36350752483607457,0.11573282132144663,0.4,0.0,True,False,0.0,0
ledger_compromise,1835087718,284,366,0.9920339815900356,0.9920340340941767,0.13336608853531823,0.9920339815900356,0.915597109178372,0.05600000000000001,0.7959543217009646,0.720923647124038,0.9414245404479155,0.9620898014405771,365,0.03326364295941405,0.21708922414824788,0.0032755867930839696,0.4076063042540329,0.28418202893055644,0.05458321291466458,0.4,0.0,True,False,0.0,0
ledger_compromise,1835087718,285,365,0.9765175655056352,0.990206103057358,0.03407990120369568,0.9765175655056352,0.9057385763302188,0.526,0.7971214351687504,0.7222231133820858,0.9376502480774629,0.9662867456293589,365,0.1543206076781214,0.27415534076621156,0.017837804336998074,0.2679925980320388,0.2518408083716947,0.03385284081493541,0.6,0.4,True,False,0.0,0
ledger_compromise,1835087718,286,365,0.9927450817252604,0.9927456304533152,0.11469180138952573,0.9927450817252604,0.9132014435577669,0.126,0.8000206365482392,0.7185880820626259,0.9305891630481492,0.9652078148469301,363,0.09345155437055482,0.22444444594243576,0.03044052429153734,0.27565144779446543,0.23351969889216292,0.14249232870884374,0.6,0.0,True,False,0.0,0
ledger_compromise,1835087718,287,363,0.9903484064240721,0.9934440164964841,0.04593912664180998,0.9903484064240721,0.9135087301962249,0.456,0.8004201758642707,0.7302702061852405,0.911448356807697,1.0009986436469822,365,0.28264410282182395,0.19656405276051686,0.026580079717609836,0.25490147182389256,0.16959055032181342,0.06971974255434352,0.4,0.4,True,False,0.0,0
ledger_compromise,1835087718,288,365,0.9926335836742394,0.992916754839609,0.06497292247655287,0.9926335836742394,0.9129216438455203,0.35,0.7983503863394952,0.7362631998117329,0.9203035211269273,1.002094020018432,369,0.2188312991969306,0.17813258028562848,0.03973920440976095,0.12573228541515133,0.39165194233128753,0.04591268836124116,1.0,0.0,True,False,0.0,0
ledger_compromise,1835087718,289,369,0.9521842440679235,0.9918540568728037,0.025623365603368215,0.9521842440679235,0.8675085511536282,0.6,0.7978454794807921,0.7410678997839486,0.9185944898478967,1.0111495129468193,361,0.20772324953502921,0.1670678956286593,0.08694587068008189,0.28502967740892193,0.2516066041683107,0.0016267025789970667,0.0,0.6,True,False,0.0,0
ledger_compromise,1835087718,290,361,0.9918009717623734,0.9927113786935846,0.055675180785379995,0.9918009717623734,0.8978509699467051,0.41400000000000003,0.8031748006540654,0.733507431842215,0.9141894726219051,0.9989833005412656,359,0.056161588093298416,0.20450936620551732,0.09257653029115592,0.355387855203119,0.23727215879399005,0.05409250141291917,0.2,0.4,True,False,0.0,0
ledger_compromise,1835087718,291,359,0.9882555315701688,0.991100741851308,0.046591745329499626,0.9882555315701688,0.898688029551446,0.456,0.8099035814080292,0.734640276072995,0.9227705253597146,0.9829868340676441,357,0.16010269778613365,0.20511593479400855,0.03357496203229566,0.2051406444462675,0.30693079651793786,0.08913496442335692,0.4,0.4,True,False,0.0,0
ledger_compromise,1835087718,292,357,0.9568131944322678,0.9932786506629554,0.026305228579962422,0.9568131944322678,0.8908696082101424,0.6,0.809751914401014,0.7420426309949912,0.9237821341466492,0.9919900461699672,359,0.23917960907057456,0.19851711120208265,0.006021010760563369,0.26989718323946504,0.2664433066145305,0.01994177911278399,0.0,0.6,True,False,0.0,0
ledger_compromise,1835087718,293,359,0.9940612924260145,0.9940685826380053,0.09411219608859878,0.9940612924260145,0.908221557812343,0.256,0.8091125993039434,0.7549404994452417,0.9125980478301976,1.0224079663166354,361,0.32191690126426636,0.21364420916391944,0.04997266488834331,0.12269962834031732,0.2059706354910663,0.0857959608520873,0.4,0.2,True,False,0.0,0
ledger_compromise,1835087718,294,361,0.9903613950734504,0.9909399390024315,0.05926988025289679,0.9903613950734504,0.8930844933383653,0.4,0.8098238630708342,0.7572636475867798,0.9158490895988447,1.0210161720864506,359,0.18837716392250173,0.27352486735563514,0.06333183903632963,0.16935191560223,0.2725542327583344,0.032859981324969104,0.0,0.4,True,False,0.0,0
ledger_compromise,1835087718,295,359,0.9902961994687268,0.9909969698642974,0.05774466410147411,0.9902961994687268,0.9113825123271585,0.41400000000000003,0.8142619327054982,0.7570513237294915,0.9088739097453342,1.0229574151415994,363,0.15813573152563307,0.1786057800568527,0.008689987499520336,0.2811917666064088,0.22304864553186984,0.1503280887797153,0.2,0.4,True,False,0.0,0
ledger_compromise,1835087718,296,363,0.9920913268915392,0.9922278745857978,0.0707732981023219,0.9920913268915392,0.9132350809698683,0.35,0.8114518424800607,0.7595825574962984,0.9179865187708008,1.0197082413312555,368,0.1922974994160187,0.19974565571108913,0.13747449492340386,0.13474685305379047,0.32934937272259285,0.006386124173104951,1.0,0.0,True,False,0.0,0
ledger_compromise,1835087718,297,368,0.9930098190166005,0.9930217433966505,0.09018703485639586,0.9930098190166005,0.9249324201396072,0.256,0.8134567592821677,0.7480580976916826,0.9261878668937208,0.9928914453977157,369,0.018183350877489117,0.21596430493688662,0.014414274057620104,0.3682803026870771,0.3313352826630155,0.051822484777911536,0.4,0.2,True,False,0.0,0
ledger_compromise,1835087718,298,369,0.9903549686073999,0.9903549756876109,0.14930131774444755,0.9903549686073999,0.947780685668627,0.05600000000000001,0.8074757713728218,0.7416996687375342,0.9240925442657033,0.9939925256562852,383,0.07555594913044661,0.20600048070206314,0.05214807320864991,0.2581392822615196,0.25261732030677286,0.15553889439054774,0.4,0.0,True,False,0.0,0
ledger_compromise,1835087718,299,383,0.9920884366596804,0.9920948894598863,0.09506765188529433,0.9920884366596804,0.9551147305798622,0.22400000000000003,0.804284241095065,0.743335025264887,0.931683289839133,0.991988714117606,379,0.171504249552869,0.2124438646858583,0.014183493040056195,0.2700215664624012,0.30281515907703027,0.029031667181784994,0.8,0.0,True,False,0.0,0
