arm,seed,step,novelty_vector_count,h_n_latest,h_n_shape_latest,V,H_N,L_t,total_suppression,avg_wb,theta_capability,transfer_state,g,population,x_compute,x_bio_welfare,x_novelty_agency,x_institutional_capacity,x_transfer_comprehension,x_resilience,c_protective,c_suppressive,adapter_active,action_modified,adapter_score,shape_fallback_increase
evaluator_collusion,1835087702,0,200,0.9826466775434454,0.9830953398964556,0.06123041528254017,0.9826466775434454,0.09441779600906795,0.2,0.6530616190824688,0.5104141481457021,0.55,1.4210385311038851,199,0.13017685182127664,0.2300821673037921,0.020884291972652663,0.16698640490067512,0.3541313780733715,0.09773890592823198,0.0,0.2,False,False,0.0,2
evaluator_collusion,1835087702,1,199,0.9845583756350759,0.9866737239678485,0.048915615248497794,0.9845583756350759,0.11595098831497065,0.326,0.6631628044361402,0.5134544630235574,0.5877968254854555,1.317208539086579,205,0.04451277856425492,0.2495642768305629,0.11857375638937985,0.3085375781984373,0.26398412742727756,0.014827482590087338,0.6,0.2,False,False,0.0,0
evaluator_collusion,1835087702,2,205,0.9861334018272979,0.9861706862132691,0.08105752381337676,0.9861334018272979,0.13939795906557417,0.126,0.6763136996718991,0.5230920510788369,0.617108448071508,1.2533386830118416,210,0.12887889008071843,0.18410506384906017,0.04390742783197049,0.3524050771568359,0.2404565256729903,0.050247015408424744,0.6,0.0,False,False,0.0,0
evaluator_collusion,1835087702,3,210,0.9821678865630807,0.9869414757557494,0.04243923738261677,0.9821678865630807,0.15715573306003788,0.4,0.6911595618348733,0.5360619412434819,0.6506864743374047,1.191968764415633,209,0.17655615898233504,0.17968718786915935,0.1202796093665324,0.18245209714658575,0.2764443553652375,0.06458059127015016,0.0,0.4,False,False,0.0,0
evaluator_collusion,1835087702,4,209,0.9786401093168059,0.9845895090783462,0.04066750147779028,0.9786401093168059,0.17817257351670168,0.4,0.7039720615372703,0.542208996786993,0.6829517671226286,1.1277718827726193,214,0.09937690757106335,0.3704932683700807,0.010623703533469855,0.1867944083602115,0.28666970109482187,0.04604201107035267,0.0,0.4,False,False,0.0,0
evaluator_collusion,1835087702,5,214,0.9879700029937944,0.9879702429792175,0.12123659810476732,0.9879700029937944,0.1998107966693597,0.0,0.7167062070301043,0.5548794200585321,0.6989798702117166,1.1076250855222374,214,0.18476091388610988,0.2115176102930492,0.07900520593890915,0.2387474546093803,0.22161639900675428,0.06435241626579719,0.0,0.0,False,False,0.0,0
evaluator_collusion,1835087702,6,214,0.9832242936071418,0.9840416313780116,0.05646376533462261,0.9832242936071418,0.21913758089110907,0.326,0.7268429020573087,0.5552365787459302,0.7290818831905449,1.0477585395019335,215,0.03876412112905961,0.21338440433552616,0.10333702442589777,0.2393659379404045,0.35273377228530617,0.05241473988380569,0.6,0.2,False,False,0.0,0
evaluator_collusion,1835087702,7,215,0.9768193164072565,0.9844490272900103,0.038686220436441224,0.9768193164072565,0.23355440631169042,0.456,0.7365564932586135,0.5592840863894892,0.7417583703737226,1.0236793532037631,214,0.08511670726069365,0.17535699336234778,0.2166905403967183,0.2596473954602091,0.22792337751116076,0.03526498600887027,0.4,0.4,False,False,0.0,0
evaluator_collusion,1835087702,8,214,0.9859841102800181,0.9859843862507011,0.12010842850310326,0.9859841102800181,0.24835323045801577,0.05600000000000001,0.7491534999447733,0.560154079944594,0.7649275145705122,0.9774991937968395,207,0.04792747343223986,0.2703618819337475,0.028296031932173067,0.28205779693030847,0.28672490617080937,0.08463190960072171,0.4,0.0,False,False,0.0,0
evaluator_collusion,1835087702,9,207,0.9810046355139718,0.9867162259334566,0.041009390606094646,0.9810046355139718,0.26719081183040627,0.456,0.7556674153458244,0.5707488845278265,0.779164005536689,0.9693608911571163,208,0.17003135725577767,0.22306717239817242,0.08695562101841553,0.2589539187800609,0.2536462121161397,0.007345718431433893,0.4,0.4,False,False,0.0,0
evaluator_collusion,1835087702,10,208,0.9817391553116999,0.982118884758316,0.06255033781100705,0.9817391553116999,0.283706104647685,0.326,0.7655266522063099,0.5844235316286644,0.8012476049830201,0.9527975560172564,207,0.21515114159036572,0.2426342472180372,0.048984108587691935,0.17049911967064252,0.31249477470348525,0.010236608229777441,0.6,0.2,False,False,0.0,0
evaluator_collusion,1835087702,11,207,0.9872096439166558,0.9872096625453949,0.14157540594014337,0.9872096439166558,0.2940780211209679,0.014000000000000002,0.7786767524381747,0.589313957783394,0.7984522918252552,0.9478520346210537,203,0.11389503420203444,0.2205295184310015,0.060525226620667706,0.2743394594819673,0.1866472367026858,0.14406352456164315,0.2,0.0,False,False,0.0,0
evaluator_collusion,1835087702,12,203,0.9822213287045702,0.9829514342772918,0.057353341942266337,0.9822213287045702,0.31057275466414863,0.35,0.7861275594002849,0.5967503188333938,0.8170217409090754,0.9291076261565661,203,0.14877573673961866,0.17302113353191625,0.08192186073539706,0.23576824885942707,0.2920733913317288,0.06843962880191222,1.0,0.0,False,False,0.0,0
evaluator_collusion,1835087702,13,203,0.932059117084796,0.9832124958077044,0.02352995552728998,0.932059117084796,0.316434860973009,0.614,0.7944582561068162,0.6126771333945991,0.8220280220190938,0.938153637201965,205,0.25955413128593635,0.22959583171726966,0.011231973667845317,0.2559523747669841,0.23354227600462948,0.010123412557334956,0.2,0.6,False,False,0.0,0
evaluator_collusion,1835087702,14,205,0.9755978243646897,0.9797711600671207,0.04345089222803837,0.9755978243646897,0.3464503408642234,0.456,0.8004783416295104,0.6188486273400831,0.8357977207359488,0.9249828140025264,203,0.14756688269017385,0.2722401381117667,0.00873022943221788,0.2743952771813733,0.279862504593822,0.017204967990646344,0.4,0.4,False,False,0.0,0
evaluator_collusion,1835087702,15,203,0.9880404763569868,0.9884444724692262,0.06210834560849899,0.9880404763569868,0.3618972229695549,0.35,0.8003131473312913,0.619718292703586,0.8348994864546314,0.9274706398173683,206,0.08515120913133871,0.24898343946045726,0.0489170762152345,0.264837962163797,0.21340768896138754,0.13870262406778497,1.0,0.0,False,False,0.0,0
evaluator_collusion,1835087702,16,206,0.9851303316106431,0.9852844587700574,0.06975340224739668,0.9851303316106431,0.3702523554476953,0.35,0.805688919354269,0.629747668575594,0.8319590415230352,0.9395009673593459,204,0.20019113133984104,0.20603164028963938,0.039020591846603406,0.28831666870959854,0.2027475185693348,0.06369244924498288,1.0,0.0,False,False,0.0,0
evaluator_collusion,1835087702,17,204,0.9872393683398244,0.9874206932695991,0.0684770293081169,0.9872393683398244,0.3860412353325353,0.326,0.8033890333028161,0.6418883707774236,0.8285632584160604,0.9642906090683862,207,0.23285107038261513,0.18588621213051468,0.09997567221216466,0.2663748394578447,0.19900060522664345,0.015911600590217425,0.6,0.2,False,False,0.0,0
evaluator_collusion,1835087702,18,207,0.9806364940564802,0.9843310002509592,0.044457936670652363,0.9806364940564802,0.40008652971990893,0.456,0.8033021382675725,0.6416261453916565,0.8457069325744544,0.9444592814227819,212,0.0854024144138022,0.27803244266286126,0.0491304127001028,0.2145445748282635,0.3439785778640088,0.028911577530961494,0.4,0.4,False,False,0.0,0
evaluator_collusion,1835087702,19,212,0.9850006072906853,0.9852167054606122,0.06706270912647166,0.9850006072906853,0.4052461340420844,0.35,0.8059042670593486,0.6546214732819428,0.8356966187997616,0.971981831119231,212,0.25095793949836265,0.16865751116562322,0.07746001511229393,0.2075019000302819,0.17280189741376364,0.12262073677967461,1.0,0.0,False,False,0.0,0
evaluator_collusion,1835087702,20,212,0.9858069039311325,0.9858114685879512,0.09777262237810849,0.9858069039311325,0.4317756541618419,0.2,0.8039033293331149,0.6634409468654275,0.8421499526490297,0.9799615057947635,219,0.20688184059477438,0.15395359943427964,0.00843839367409802,0.26469901933362466,0.25011497864622134,0.11591216831700199,0.0,0.2,False,False,0.0,0
evaluator_collusion,1835087702,21,219,0.9860155101946436,0.986015511594231,0.16217064901960038,0.9860155101946436,0.45617224138006973,0.0,0.8059901886335479,0.6685570270963541,0.8568661716660498,0.968045354574849,225,0.1661015946774741,0.1921556246157907,0.03960783449420472,0.2234858481893079,0.29465607140961575,0.08399302661360689,0.0,0.0,False,False,0.0,0
evaluator_collusion,1835087702,22,225,0.9845195426066385,0.9845195447832183,0.1586435743097474,0.9845195426066385,0.46232378701502325,0.014000000000000002,0.812929607364934,0.6768415680628485,0.8703579125707335,0.9566128269971673,221,0.2089049040164006,0.21092776713322434,0.03582564385474915,0.2082357231722945,0.2958917903564433,0.04021417146688794,0.2,0.0,False,False,0.0,0
evaluator_collusion,1835087702,23,221,0.9870705047771454,0.9873661823863192,0.06458427965200564,0.9870705047771454,0.4768001658434169,0.35,0.8135209084614833,0.6841165173519249,0.8584982336389799,0.9795394939180092,225,0.2014628461527365,0.1605902472618473,0.04707126614381275,0.35544317184188623,0.17588056162659899,0.059551906973118254,1.0,0.0,False,False,0.0,0
evaluator_collusion,1835087702,24,225,0.9865926225039069,0.986595164458964,0.10243885416124898,0.9865926225039069,0.4966046728106456,0.21400000000000002,0.8098563991813301,0.6756166123927162,0.8726484102750819,0.95598923005433,232,0.008824011354843864,0.2407716530381965,0.10595361120476082,0.28958913181726714,0.3254607522730401,0.029400840311891534,0.2,0.2,False,False,0.0,0
evaluator_collusion,1835087702,25,232,0.9774322241704856,0.9875992251138587,0.03642633548765487,0.9774322241704856,0.5052490583405811,0.526,0.8151362928487469,0.6669102260991281,0.8853835692475737,0.924071739543783,234,0.0009305540755968926,0.31019238158797596,0.010962299731134072,0.29348494525931745,0.38330954073999784,0.001120278605977866,0.6,0.4,False,False,0.0,0
evaluator_collusion,1835087702,26,234,0.9857856493071991,0.9857909552319027,0.09657461884402978,0.9857856493071991,0.5243973910881762,0.22400000000000003,0.8116708189130115,0.6686266515753385,0.8846092627036614,0.9312199436859832,241,0.12577420976458514,0.18848379621273353,0.1729293260644047,0.2428402105376494,0.23882025190422548,0.03115220551640185,0.8,0.0,False,False,0.0,0
evaluator_collusion,1835087702,27,241,0.9865752714185871,0.9865752749001829,0.1549210443742472,0.9865752714185871,0.5259115379750648,0.0,0.8166271087325524,0.6701767544357576,0.8751617040610663,0.937728816326269,240,0.12476794298982571,0.21067564251257467,0.09522284701297642,0.2721534599001959,0.19506683813885528,0.10211326944557204,0.0,0.0,False,False,0.0,0
evaluator_collusion,1835087702,28,240,0.9872173458166484,0.9872173667267198,0.14065587702213125,0.9872173458166484,0.5347816433850202,0.05600000000000001,0.8113384260033132,0.6866679167139698,0.8661792245267463,0.9770953538347894,242,0.3323090443609504,0.15067907200556208,0.007713197903131679,0.2409435307577567,0.19266845435893307,0.0756867006136661,0.4,0.0,False,False,0.0,0
evaluator_collusion,1835087702,29,242,0.9880875104214509,0.9880875164756198,0.1505292741904874,0.9880875104214509,0.5395381320432818,0.05600000000000001,0.818412970104219,0.693720190372936,0.8714778674873502,0.9726474872951669,243,0.2048208686833082,0.2182980939556768,0.06857151251089877,0.15163303135686818,0.25958282706639263,0.09709366642685544,0.4,0.0,False,False,0.0,0
evaluator_collusion,1835087702,30,243,0.9844814272717992,0.9853271001929339,0.05620287573880654,0.9844814272717992,0.5371933464704948,0.42400000000000004,0.8213478290871958,0.6990743404661784,0.8562578299928255,0.9940121482973273,242,0.18800199514861535,0.1819168327497019,0.17486744841639787,0.2716110868015893,0.15963874627105165,0.023963890612643878,0.8,0.2,False,False,0.0,0
evaluator_collusion,1835087702,31,242,0.9844739886296815,0.9846203427988816,0.07015995678467211,0.9844739886296815,0.5309690034826731,0.326,0.8265787067775681,0.6901217972632802,0.8648292256339716,0.9654086233376215,240,0.012514672755132458,0.2714421113282726,0.13399343900834107,0.20698618401982713,0.2709858932021433,0.10407769968628348,0.6,0.2,False,False,0.0,0
evaluator_collusion,1835087702,32,240,0.9903735298167887,0.9903766677082282,0.10079277425657712,0.9903735298167887,0.547003215222486,0.2,0.8146307290932375,0.702792575357969,0.8488917215569293,1.016281636180121,250,0.2772108494731615,0.1796560675969483,0.1507715985184611,0.22369725921456263,0.152727092431774,0.015937132765092496,0.0,0.2,False,False,0.0,0
evaluator_collusion,1835087702,33,250,0.9887268740285633,0.9887269868237113,0.12725258814939816,0.9887268740285633,0.5470949364237245,0.126,0.8084979928373989,0.6978446983892418,0.8640025494012363,0.9989984477992102,249,0.06489689748964032,0.17803439483575503,0.16832144566534346,0.24309684192267567,0.32642329048393437,0.019227129602651105,0.6,0.0,False,False,0.0,0
evaluator_collusion,1835087702,34,249,0.9851735143100279,0.9875283743672914,0.048068695206036655,0.9851735143100279,0.5402844477962694,0.456,0.8007473872958107,0.7004558233227669,0.8702859469622333,1.0051323458952155,250,0.15629199816233946,0.22511776681733828,0.11563880832342652,0.17383398973396255,0.26341826250560263,0.06569917445733064,0.4,0.4,False,False,0.0,0
evaluator_collusion,1835087702,35,250,0.9840175003983207,0.9843177773594344,0.06443679747949814,0.9840175003983207,0.524249643838971,0.35,0.7983313587728524,0.7147866933618672,0.8812673245808951,1.0159810377514216,245,0.3044207650654833,0.1750917843135863,0.10360349133462617,0.07234223691626722,0.2900498615744257,0.05449186079561146,1.0,0.0,False,False,0.0,0
evaluator_collusion,1835087702,36,245,0.9913438773062458,0.9915802263824894,0.06640091790484104,0.9913438773062458,0.5311414854632737,0.35,0.8008057619042259,0.7246434250341992,0.8759633659522106,1.0330259303201335,240,0.25745082925531737,0.17442840627259154,0.05684124086357169,0.272963509317682,0.21411386914702532,0.024202145143812283,1.0,0.0,False,False,0.0,0
evaluator_collusion,1835087702,37,240,0.9889018089400209,0.9889076103619906,0.09588907809089345,0.9889018089400209,0.5388005189212873,0.2,0.8011579412212596,0.7255687599409867,0.8644120584678142,1.047706448670324,245,0.1519688269812178,0.27341275224419076,0.09515444324938996,0.2483847806550141,0.18022514555412325,0.050854051316064304,0.0,0.2,False,False,0.0,0
evaluator_collusion,1835087702,38,245,0.9850500145063793,0.9885999896808908,0.04481004152159311,0.9850500145063793,0.5389052275729727,0.456,0.8056327060794781,0.7267556929882206,0.8541796318441068,1.0560929470823908,244,0.15581713805354036,0.31099108552543014,0.012687324026536467,0.2825924629202205,0.18104389611537047,0.05686809335890203,0.4,0.4,False,False,0.0,0
evaluator_collusion,1835087702,39,244,0.9878158872079572,0.9878198521722218,0.09890997149836986,0.9878158872079572,0.5359536495715227,0.2,0.8011287991526296,0.7224398484656875,0.8657583769105497,1.0416040175536723,239,0.08777425158597452,0.14825315392971022,0.13561341108679523,0.26879453588625213,0.2849835412542675,0.0745811062570004,0.0,0.2,False,False,0.0,0
evaluator_collusion,1835087702,40,239,0.9874887789376219,0.9874961735976105,0.09394615632554516,0.9874887789376219,0.54206223760003,0.21400000000000002,0.7996499943790847,0.7356481180178983,0.861855814775502,1.0674205845902014,244,0.30412827469368975,0.27027091629157324,0.028333098592031855,0.145297333656345,0.21336637778003614,0.03860399898632414,0.2,0.2,False,False,0.0,0
evaluator_collusion,1835087702,41,244,0.987589683701064,0.9876113625452858,0.08538539732258811,0.987589683701064,0.5402724984780183,0.256,0.7959138378802543,0.7405971627067821,0.8544267562361578,1.089033272483632,243,0.20914313237223406,0.16649984277771473,0.013034127855751249,0.25126528634162565,0.19378261469102998,0.1662749959616443,0.4,0.2,False,False,0.0,0
evaluator_collusion,1835087702,42,243,0.9860429031356626,0.9897138950935156,0.044552173401534396,0.9860429031356626,0.5405345537612324,0.456,0.7963651931291313,0.7391379218892326,0.864229257175563,1.0739504640048154,243,0.13213271647236954,0.2072909020765724,0.14214471015172347,0.1923690652718218,0.27622588281510446,0.04983672321240837,0.4,0.4,False,False,0.0,0
evaluator_collusion,1835087702,43,243,0.990501875229134,0.9905108343686548,0.09244275377895099,0.990501875229134,0.5598874492790651,0.21400000000000002,0.7935672037114544,0.7349218273875789,0.8772607336779803,1.0556713720158233,246,0.09676001991010076,0.16713282222226325,0.0579691007922718,0.3552643839757197,0.2972720110998683,0.025601661999776152,0.2,0.2,False,False,0.0,0
evaluator_collusion,1835087702,44,246,0.986750395365441,0.9871077893480908,0.06307321227485124,0.986750395365441,0.553552097797279,0.35,0.7936997438090154,0.7379185450844236,0.8726590594868426,1.0653874662411678,244,0.18428511332779451,0.18868743190400317,0.0790807460699041,0.23300950421580435,0.2156219958833016,0.09931520859919213,1.0,0.0,False,False,0.0,0
evaluator_collusion,1835087702,45,244,0.9841640739968375,0.9841700809380303,0.09557374137030114,0.9841640739968375,0.551635556508428,0.21400000000000002,0.7967123197965567,0.7411444593981363,0.8659537351104835,1.0742531693472335,241,0.1890230195991746,0.17018697763422114,0.040598810259786594,0.3384308448127831,0.2028029078616253,0.058957439832409336,0.2,0.2,False,False,0.0,0
evaluator_collusion,1835087702,46,241,0.98528481262914,0.9854960744764638,0.06724513787755262,0.98528481262914,0.5428705740253972,0.326,0.797230117625226,0.7429763278866299,0.8678913427506727,1.0738062403647834,235,0.17361364323000458,0.22363285432029467,0.07483518614166657,0.24287529790382548,0.242664905756188,0.04237811264802077,0.6,0.2,False,False,0.0,0
evaluator_collusion,1835087702,47,235,0.9873817639768535,0.9874794805102937,0.07339857950324247,0.9873817639768535,0.5602914860564002,0.326,0.7921527315431548,0.7356611450436885,0.8811022084756054,1.0540048393162222,240,0.060420419392376405,0.14557914898750063,0.08234339447668465,0.2855826338465532,0.3714670657937671,0.05460733750311804,0.6,0.2,False,False,0.0,0
evaluator_collusion,1835087702,48,240,0.9878151368677176,0.9878238632601991,0.09263065720820468,0.9878151368677176,0.5661326963664164,0.21400000000000002,0.7914206330891548,0.7342209402584401,0.885896564121381,1.0472162693907885,242,0.12928565583669982,0.19947391854782148,0.03723923967887555,0.23299227051564877,0.2645228824666808,0.13648603295427358,0.2,0.2,False,False,0.0,0
evaluator_collusion,1835087702,49,242,0.9888694194836337,0.988869446324755,0.13868152295421435,0.9888694194836337,0.5649470047260047,0.014000000000000002,0.7941671034126614,0.7258958886349313,0.8973069077092428,1.0186416560573461,238,0.04232494236766492,0.15359361344468772,0.15505827039175996,0.2871367161304168,0.33354987106189776,0.028336586603572855,0.2,0.0,False,False,0.0,0
evaluator_collusion,1835087702,50,238,0.14928240570317675,0.987511507683165,0.001304629984423131,0.14928240570317675,0.07231794445814893,0.9,0.739579666144995,0.7396010942031847,0.8635762169383185,1.158008932712643,232,0.42,0.03,0.03,0.04,0.08,0.4,0.0,0.9,True,True,0.0,0
evaluator_collusion,1835087702,51,232,0.9831966815473278,0.9831968456219896,0.12422491672193033,0.9831966815473278,0.4838147810549241,0.014000000000000002,0.7354111887813799,0.7310070348824386,0.8772185952444866,1.133139800714143,233,0.04232494236766492,0.15359361344468772,0.15505827039175996,0.2871367161304168,0.33354987106189776,0.028336586603572855,0.2,0.0,True,True,0.0,0
evaluator_collusion,1835087702,52,233,0.9898947940746401,0.9898949601603927,0.12418198668070371,0.9898947940746401,0.48462418484021363,0.014000000000000002,0.7371245765012177,0.7228426785277299,0.889496735720038,1.1024490729830507,228,0.04232494236766492,0.15359361344468772,0.15505827039175996,0.2871367161304168,0.33354987106189776,0.028336586603572855,0.2,0.0,True,True,0.0,0
evaluator_collusion,1835087702,53,228,0.9879686586943726,0.9879687209358277,0.13197916014751868,0.9879686586943726,0.47725928219964736,0.014000000000000002,0.7415235512878497,0.7150865399907566,0.9005470621480341,1.0708465469660027,221,0.04232494236766492,0.15359361344468772,0.15505827039175996,0.2871367161304168,0.33354987106189776,0.028336586603572855,0.2,0.0,True,True,0.0,0
evaluator_collusion,1835087702,54,221,0.9867176642323152,0.9867177139496329,0.13375744805170903,0.9867176642323152,0.4758958106970956,0.014000000000000002,0.7398082339704101,0.7077182083806319,0.9104923559332307,1.050666547264403,219,0.04232494236766492,0.15359361344468772,0.15505827039175996,0.2871367161304168,0.33354987106189776,0.028336586603572855,0.2,0.0,True,True,0.0,0
evaluator_collusion,1835087702,55,219,0.9866742935740469,0.9866744050744484,0.12732794609666906,0.9866742935740469,0.46817347940771475,0.014000000000000002,0.7458471070619193,0.7007182933510135,0.9194431203399077,1.0218067762739849,212,0.04232494236766492,0.15359361344468772,0.15505827039175996,0.2871367161304168,0.33354987106189776,0.028336586603572855,0.2,0.0,True,True,0.0,0
evaluator_collusion,1835087702,56,212,0.9909608059575994,0.9909608820277318,0.13040616631589358,0.9909608059575994,0.4776672286753489,0.014000000000000002,0.7422610603034722,0.694068374072876,0.9274988083059169,1.0081663967210777,215,0.04232494236766492,0.15359361344468772,0.15505827039175996,0.2871367161304168,0.33354987106189776,0.028336586603572855,0.2,0.0,True,True,0.0,0
evaluator_collusion,1835087702,57,215,0.9799128722530034,0.9799129080400312,0.13631937862439686,0.9799128722530034,0.4827324823417052,0.014000000000000002,0.7442805119792515,0.6877509507586455,0.9347489274753252,0.9885521300280554,218,0.04232494236766492,0.15359361344468772,0.15505827039175996,0.2871367161304168,0.33354987106189776,0.028336586603572855,0.2,0.0,True,True,0.0,0
evaluator_collusion,1835087702,58,218,0.9892256641058347,0.9892257369537044,0.1307367475324839,0.9892256641058347,0.5002603002680742,0.014000000000000002,0.7472493182502636,0.6817493986101264,0.9412740347277927,0.9692663983964652,222,0.04232494236766492,0.15359361344468772,0.15505827039175996,0.2871367161304168,0.33354987106189776,0.028336586603572855,0.2,0.0,True,True,0.0,0
evaluator_collusion,1835087702,59,222,0.9890304929633097,0.9890305064347136,0.14417022343949562,0.9890304929633097,0.506577938948501,0.014000000000000002,0.7444632768483926,0.6760479240690332,0.9471466312550134,0.9587756263626324,225,0.04232494236766492,0.15359361344468772,0.15505827039175996,0.2871367161304168,0.33354987106189776,0.028336586603572855,0.2,0.0,True,True,0.0,0
evaluator_collusion,1835087702,60,225,0.9887032503607724,0.9887036986416995,0.11626871682438943,0.9887032503607724,0.5077448301042563,0.014000000000000002,0.744776312601896,0.6706315232549948,0.952431968129512,0.9454186041447215,225,0.04232494236766492,0.15359361344468772,0.15505827039175996,0.2871367161304168,0.33354987106189776,0.028336586603572855,0.2,0.0,True,True,0.0,0
evaluator_collusion,1835087702,61,225,0.9858886353842311,0.9858887671761367,0.12599071256883995,0.9858886353842311,0.49670566098086405,0.014000000000000002,0.7461626988899861,0.6654859424816582,0.9571887713165608,0.9317679245425708,220,0.04232494236766492,0.15359361344468772,0.15505827039175996,0.2871367161304168,0.33354987106189776,0.028336586603572855,0.2,0.0,True,True,0.0,0
evaluator_collusion,1835087702,62,220,0.9877831360436892,0.9877831557847389,0.14111838657067152,0.9877831360436892,0.5043651121235667,0.014000000000000002,0.738777074391295,0.6605976407469885,0.9614698941849047,0.9300106422171407,225,0.04232494236766492,0.15359361344468772,0.15505827039175996,0.2871367161304168,0.33354987106189776,0.028336586603572855,0.2,0.0,True,True,0.0,0
evaluator_collusion,1835087702,63,225,0.9863133950778193,0.9863134341182215,0.13567858387301784,0.9863133950778193,0.5081074526677708,0.014000000000000002,0.7353223974680123,0.6559537540990522,0.9653229047664142,0.9241081838402997,228,0.04232494236766492,0.15359361344468772,0.15505827039175996,0.2871367161304168,0.33354987106189776,0.028336586603572855,0.2,0.0,True,True,0.0,0
evaluator_collusion,1835087702,64,228,0.9862712902659503,0.9862713716497181,0.12983094225164374,0.9862712902659503,0.4988756630293166,0.014000000000000002,0.7382783298310533,0.6515420617835128,0.9687906142897729,0.9109455404292369,223,0.04232494236766492,0.15359361344468772,0.15505827039175996,0.2871367161304168,0.33354987106189776,0.028336586603572855,0.2,0.0,True,True,0.0,0
evaluator_collusion,1835087702,65,223,0.9868151286258775,0.9868152219194262,0.12874818219567336,0.9868151286258775,0.5105092180951232,0.014000000000000002,0.7389013887440052,0.6473509540837503,0.9719115528607956,0.9014187037504771,228,0.04232494236766492,0.15359361344468772,0.15505827039175996,0.2871367161304168,0.33354987106189776,0.028336586603572855,0.2,0.0,True,True,0.0,0
evaluator_collusion,1835087702,66,228,0.9877542468165752,0.9877542596163403,0.14456704230702777,0.9877542468165752,0.5120888721977161,0.014000000000000002,0.7411066709900824,0.643369401768976,0.974720397574716,0.8906347279509461,228,0.04232494236766492,0.15359361344468772,0.15505827039175996,0.2871367161304168,0.33354987106189776,0.028336586603572855,0.2,0.0,True,True,0.0,0
evaluator_collusion,1835087702,67,228,0.9844340989045118,0.9844341803151403,0.12981347389735645,0.9844340989045118,0.5015203254575026,0.014000000000000002,0.7420902249639215,0.6395869270699404,0.9772483578172444,0.8819377210563131,224,0.04232494236766492,0.15359361344468772,0.15505827039175996,0.2871367161304168,0.33354987106189776,0.028336586603572855,0.2,0.0,True,True,0.0,0
evaluator_collusion,1835087702,68,224,0.9881955337834588,0.9881955594798562,0.13902303074650982,0.9881955337834588,0.5037251692540663,0.014000000000000002,0.7402063259308633,0.6359935761058565,0.97952352203552,0.8771726200860565,225,0.04232494236766492,0.15359361344468772,0.15505827039175996,0.2871367161304168,0.33354987106189776,0.028336586603572855,0.2,0.0,True,True,0.0,0
evaluator_collusion,1835087702,69,225,0.9826238569022947,0.9826239049602778,0.13399455882103242,0.9826238569022947,0.49323260292857396,0.014000000000000002,0.7432225914672101,0.6325798926899768,0.981571169831968,0.867110982569459,221,0.04232494236766492,0.15359361344468772,0.15505827039175996,0.2871367161304168,0.33354987106189776,0.028336586603572855,0.2,0.0,True,True,0.0,0
evaluator_collusion,1835087702,70,221,0.9884023039016083,0.9884023538622673,0.13373216131054302,0.9884023039016083,0.4898381873812387,0.014000000000000002,0.7451374641220264,0.6293368934448912,0.9834140528487713,0.8588362808063925,218,0.04232494236766492,0.15359361344468772,0.15505827039175996,0.2871367161304168,0.33354987106189776,0.028336586603572855,0.2,0.0,True,True,0.0,0
evaluator_collusion,1835087702,71,218,0.9844308271977714,0.9844308672922788,0.13545130141306633,0.9844308271977714,0.48464379806888325,0.014000000000000002,0.7449563433231758,0.6262560441620598,0.9850726475638941,0.8534004109111296,217,0.04232494236766492,0.15359361344468772,0.15505827039175996,0.2871367161304168,0.33354987106189776,0.028336586603572855,0.2,0.0,True,True,0.0,0
evaluator_collusion,1835087702,72,217,0.9874287497790198,0.9874288002814888,0.1336384567958128,0.9874287497790198,0.49830544193320714,0.014000000000000002,0.7378698099957728,0.62332923734337,0.9865653828075047,0.8562722780312864,225,0.04232494236766492,0.15359361344468772,0.15505827039175996,0.2871367161304168,0.33354987106189776,0.028336586603572855,0.2,0.0,True,True,0.0,0
evaluator_collusion,1835087702,73,225,0.9848316158055582,0.9848317837476839,0.12405268974203017,0.9848316158055582,0.48058589210538716,0.014000000000000002,0.7378606596716533,0.6205487708656147,0.9879088445267542,0.8513040320408378,218,0.04232494236766492,0.15359361344468772,0.15505827039175996,0.2871367161304168,0.33354987106189776,0.028336586603572855,0.2,0.0,True,True,0.0,0
evaluator_collusion,1835087702,74,218,0.9864619479529055,0.986461978223251,0.13770505278104012,0.9864619479529055,0.4922673015272662,0.014000000000000002,0.7358092728643186,0.6179073277117472,0.9891179600740788,0.8490045176376236,224,0.04232494236766492,0.15359361344468772,0.15505827039175996,0.2871367161304168,0.33354987106189776,0.028336586603572855,0.2,0.0,True,True,0.0,0
evaluator_collusion,1835087702,75,224,0.9831901785947998,0.9831902130718544,0.1366427993779377,0.9831901785947998,0.46677283031547967,0.014000000000000002,0.7376761092339438,0.615397956715573,0.990206164066671,0.8424899056436843,213,0.04232494236766492,0.15359361344468772,0.15505827039175996,0.2871367161304168,0.33354987106189776,0.028336586603572855,0.2,0.0,True,True,0.0,0
evaluator_collusion,1835087702,76,213,0.9817395010448902,0.9817396081206479,0.1276103504487552,0.9817395010448902,0.4638551732301702,0.014000000000000002,0.742630851017762,0.6130140542692075,0.9911855476600039,0.8328033881126331,211,0.04232494236766492,0.15359361344468772,0.15505827039175996,0.2871367161304168,0.33354987106189776,0.028336586603572855,0.2,0.0,True,True,0.0,0
evaluator_collusion,1835087702,77,211,0.9854632922960932,0.9855202834074379,0.07767464778305723,0.9854632922960932,0.4741920486832447,0.256,0.7519452911145608,0.6182451863969951,0.9889886767447625,0.8313486203844834,211,0.1360229355155997,0.2061409568906703,0.052807183062202334,0.26711884854035045,0.2846084192537951,0.053301656737382165,0.4,0.2,True,True,0.0,0
evaluator_collusion,1835087702,78,211,0.9861542193855359,0.9862059708375018,0.07844787629377023,0.9861542193855359,0.4742831926425249,0.256,0.7655327882568868,0.6232147619183933,0.9870114929210453,0.8248058367276325,206,0.1360229355155997,0.2061409568906703,0.052807183062202334,0.26711884854035045,0.2846084192537951,0.053301656737382165,0.4,0.2,True,True,0.0,0
evaluator_collusion,1835087702,79,206,0.9833107807062682,0.9833777034876603,0.07637858399609472,0.9833107807062682,0.4758651032944018,0.256,0.7662000340155863,0.6279358586637216,0.9852320274796997,0.8318300327101444,206,0.1360229355155997,0.2061409568906703,0.052807183062202334,0.26711884854035045,0.2846084192537951,0.053301656737382165,0.4,0.2,True,True,0.0,0
evaluator_collusion,1835087702,80,206,0.9819241053245328,0.9819630367408714,0.08067939881717101,0.9819241053245328,0.4809828130909667,0.256,0.7678354298539548,0.6324209005717835,0.9836305085824888,0.8373481711563999,207,0.1360229355155997,0.2061409568906703,0.052807183062202334,0.26711884854035045,0.2846084192537951,0.053301656737382165,0.4,0.2,True,True,0.0,0
evaluator_collusion,1835087702,81,207,0.9858294156533418,0.9858601086104468,0.08260358077231694,0.9858294156533418,0.4823822130879069,0.256,0.7706952895795347,0.6366816903844422,0.9821891415749989,0.8410939855877753,205,0.1360229355155997,0.2061409568906703,0.052807183062202334,0.26711884854035045,0.2846084192537951,0.053301656737382165,0.4,0.2,True,True,0.0,0
evaluator_collusion,1835087702,82,205,0.9820212217189366,0.9820552411987361,0.08175370757396834,0.9820212217189366,0.4832327800985383,0.256,0.7789933595845856,0.6407294407064681,0.980891911268258,0.8385322512430113,203,0.1360229355155997,0.2061409568906703,0.052807183062202334,0.26711884854035045,0.2846084192537951,0.053301656737382165,0.4,0.2,True,True,0.0,0
evaluator_collusion,1835087702,83,203,0.9792081558805861,0.9792540789318557,0.07934267788543196,0.9792081558805861,0.46953611336684126,0.256,0.7826431952472817,0.6445748035123927,0.9797244039921913,0.840631355768126,196,0.1360229355155997,0.2061409568906703,0.052807183062202334,0.26711884854035045,0.2846084192537951,0.053301656737382165,0.4,0.2,True,True,0.0,0
evaluator_collusion,1835087702,84,196,0.9854028067683911,0.985444461226554,0.08016941467005025,0.9854028067683911,0.47598778764350014,0.256,0.7930847435835029,0.6482278981780211,0.9786736474437312,0.835161043522735,194,0.1360229355155997,0.2061409568906703,0.052807183062202334,0.26711884854035045,0.2846084192537951,0.053301656737382165,0.4,0.2,True,True,0.0,0
evaluator_collusion,1835087702,85,194,0.9805235874722125,0.9805503938715161,0.08363832805262708,0.9805235874722125,0.4791632298120349,0.256,0.7949186883869601,0.651698338110368,0.9777279665501171,0.8385054089762629,195,0.1360229355155997,0.2061409568906703,0.052807183062202334,0.26711884854035045,0.2846084192537951,0.053301656737382165,0.4,0.2,True,True,0.0,0
evaluator_collusion,1835087702,86,195,0.986219416593699,0.9862362624879258,0.08738207533492486,0.986219416593699,0.4819874860041811,0.256,0.7959055015464325,0.6549952560460977,0.9768768537458644,0.8424358272980611,194,0.1360229355155997,0.2061409568906703,0.052807183062202334,0.26711884854035045,0.2846084192537951,0.053301656737382165,0.4,0.2,True,True,0.0,0
evaluator_collusion,1835087702,87,194,0.9834275747797531,0.9834566774627307,0.08300764986081788,0.9834275747797531,0.4878230435042842,0.256,0.7924974364444747,0.6581273280850407,0.976110852222037,0.8507714696963509,197,0.1360229355155997,0.2061409568906703,0.052807183062202334,0.26711884854035045,0.2846084192537951,0.053301656737382165,0.4,0.2,True,True,0.0,0
evaluator_collusion,1835087702,88,197,0.9863498215213092,0.9863752021979312,0.08412051189327213,0.9863498215213092,0.5020260386011898,0.256,0.7823910195950979,0.6611027965220366,0.9754214508505923,0.8662691238742488,204,0.1360229355155997,0.2061409568906703,0.052807183062202334,0.26711884854035045,0.2846084192537951,0.053301656737382165,0.4,0.2,True,True,0.0,0
evaluator_collusion,1835087702,89,204,0.9896640535630505,0.9897146111940976,0.07866192268194996,0.9896640535630505,0.5239972280672217,0.256,0.7878874284980917,0.6639294915371827,0.9748009896162921,0.8644538800414405,210,0.1360229355155997,0.2061409568906703,0.052807183062202334,0.26711884854035045,0.2846084192537951,0.053301656737382165,0.4,0.2,True,True,0.0,0
evaluator_collusion,1835087702,90,210,0.9820703045853777,0.9821026471372992,0.08215646990846777,0.9820703045853777,0.5274358535869175,0.256,0.7890117149324717,0.6666148518015715,0.974242574505422,0.867210303993621,212,0.1360229355155997,0.2061409568906703,0.052807183062202334,0.26711884854035045,0.2846084192537951,0.053301656737382165,0.4,0.2,True,True,0.0,0
evaluator_collusion,1835087702,91,212,0.982141600328337,0.9821607736472747,0.0863189783448562,0.982141600328337,0.5223479637120563,0.256,0.786271848612906,0.669165944052741,0.9737400009056387,0.8740134029768717,210,0.1360229355155997,0.2061409568906703,0.052807183062202334,0.26711884854035045,0.2846084192537951,0.053301656737382165,0.4,0.2,True,True,0.0,0
evaluator_collusion,1835087702,92,210,0.9860596153214878,0.9860950694755769,0.08145757747648882,0.9860596153214878,0.5130665105343415,0.256,0.789445475114062,0.6715894816913519,0.9732876846658338,0.8740585345146483,204,0.1360229355155997,0.2061409568906703,0.052807183062202334,0.26711884854035045,0.2846084192537951,0.053301656737382165,0.4,0.2,True,True,0.0,0
evaluator_collusion,1835087702,93,204,0.9857669365131946,0.9858211399944116,0.07807627662304635,0.9857669365131946,0.5112624122963392,0.256,0.7923825645643596,0.6738918424480322,0.9728806000500094,0.8741696917661145,202,0.1360229355155997,0.2061409568906703,0.052807183062202334,0.26711884854035045,0.2846084192537951,0.053301656737382165,0.4,0.2,True,True,0.0,0
evaluator_collusion,1835087702,94,202,0.9860316936985472,0.986050868927007,0.08634965122961943,0.9860316936985472,0.5203889419146607,0.256,0.7923039135078195,0.6760790851668786,0.9725142238957675,0.8774244617606605,205,0.1360229355155997,0.2061409568906703,0.052807183062202334,0.26711884854035045,0.2846084192537951,0.053301656737382165,0.4,0.2,True,True,0.0,0
evaluator_collusion,1835087702,95,205,0.9859939024370307,0.9860174502926055,0.084714258696098,0.9859939024370307,0.5218947157923649,0.256,0.7848620603559339,0.6781569657497827,0.9721844853569498,0.8887675811123705,207,0.1360229355155997,0.2061409568906703,0.052807183062202334,0.26711884854035045,0.2846084192537951,0.053301656737382165,0.4,0.2,True,True,0.0,0
evaluator_collusion,1835087702,96,207,0.983536991264265,0.9835557362191679,0.08651013414448226,0.983536991264265,0.5311761125482781,0.256,0.7873768102696823,0.6801309523035415,0.9718877206720138,0.8887790823822209,210,0.1360229355155997,0.2061409568906703,0.052807183062202334,0.26711884854035045,0.2846084192537951,0.053301656737382165,0.4,0.2,True,True,0.0,0
evaluator_collusion,1835087702,97,210,0.9859528003938449,0.9859763717844049,0.08470597531297756,0.9859528003938449,0.554918786313814,0.256,0.7885338747456689,0.6820062395296124,0.9716206324555714,0.8901665372366804,218,0.1360229355155997,0.2061409568906703,0.052807183062202334,0.26711884854035045,0.2846084192537951,0.053301656737382165,0.4,0.2,True,True,0.0,0
evaluator_collusion,1835087702,98,218,0.9874736561861505,0.9875156221198941,0.08012682636838525,0.9874736561861505,0.5587805230171641,0.256,0.7837804180971861,0.6837877623943798,0.9713802530607732,0.8981267766438891,220,0.1360229355155997,0.2061409568906703,0.052807183062202334,0.26711884854035045,0.2846084192537951,0.053301656737382165,0.4,0.2,True,True,0.0,0
evaluator_collusion,1835087702,99,220,0.9881250385290157,0.9881563599217872,0.0824607639425361,0.9881250385290157,0.5673173655845657,0.256,0.7863333134466717,0.6854802091159088,0.9711639116054549,0.8976265913903595,222,0.1360229355155997,0.2061409568906703,0.052807183062202334,0.26711884854035045,0.2846084192537951,0.053301656737382165,0.4,0.2,True,True,0.0,0
evaluator_collusion,1835087702,100,222,0.9837120280315239,0.9837496066034325,0.08097539646350956,0.9837120280315239,0.5647359359471222,0.256,0.7917512271632593,0.6870880335013614,0.9709692042956685,0.8937543813529076,220,0.1360229355155997,0.2061409568906703,0.052807183062202334,0.26711884854035045,0.2846084192537951,0.053301656737382165,0.4,0.2,True,True,0.0,0
evaluator_collusion,1835087702,101,220,0.9904092771695657,0.9904310257788159,0.08538251590850887,0.9904092771695657,0.5629393892185306,0.256,0.7859009400151029,0.6886154666675413,0.9707939677168607,0.9025720813674877,219,0.1360229355155997,0.2061409568906703,0.052807183062202334,0.26711884854035045,0.2846084192537951,0.053301656737382165,0.4,0.2,True,True,0.0,0
evaluator_collusion,1835087702,102,219,0.9865803326637932,0.9866202019125774,0.0805275820471048,0.9865803326637932,0.5710178065429518,0.256,0.7879540331023682,0.6900665281754121,0.9706362547959336,0.9022638778426921,222,0.1360229355155997,0.2061409568906703,0.052807183062202334,0.26711884854035045,0.2846084192537951,0.053301656737382165,0.4,0.2,True,True,0.0,0
evaluator_collusion,1835087702,103,222,0.986599868845222,0.9866269060647408,0.08361925683600387,0.986599868845222,0.5864812601629846,0.256,0.7831137505181058,0.6914450366078895,0.9704943131670993,0.9097871927373317,229,0.1360229355155997,0.2061409568906703,0.052807183062202334,0.26711884854035045,0.2846084192537951,0.053301656737382165,0.4,0.2,True,True,0.0,0
evaluator_collusion,1835087702,104,229,0.9863512181272486,0.9863840598004092,0.082069191572689,0.9863512181272486,0.5935650728036623,0.256,0.78116686504257,0.692754619618743,0.9703665657011484,0.9139023472559585,232,0.1360229355155997,0.2061409568906703,0.052807183062202334,0.26711884854035045,0.2846084192537951,0.053301656737382165,0.4,0.2,True,True,0.0,0
evaluator_collusion,1835087702,105,232,0.9862711617823244,0.9863001821411249,0.08305318087125593,0.9862711617823244,0.5815336153800602,0.256,0.7844196637893542,0.6939987234790538,0.9702515929817926,0.9118551078182543,226,0.1360229355155997,0.2061409568906703,0.052807183062202334,0.26711884854035045,0.2846084192537951,0.053301656737382165,0.4,0.2,True,True,0.0,0
evaluator_collusion,1835087702,106,226,0.9863268540505177,0.9863550360116555,0.08328697725402977,0.9863268540505177,0.5812053053240543,0.256,0.7827013262040711,0.695180622146349,0.9701481175343724,0.9155109495322818,226,0.1360229355155997,0.2061409568906703,0.052807183062202334,0.26711884854035045,0.2846084192537951,0.053301656737382165,0.4,0.2,True,True,0.0,0
evaluator_collusion,1835087702,107,226,0.9882933773612578,0.9883192661261683,0.08397840872878672,0.9882933773612578,0.5821619268444497,0.256,0.7882346958629098,0.6963034258802795,0.9700549896316941,0.9106398068255899,224,0.1360229355155997,0.2061409568906703,0.052807183062202334,0.26711884854035045,0.2846084192537951,0.053301656737382165,0.4,0.2,True,True,0.0,0
evaluator_collusion,1835087702,108,224,0.9848524290729006,0.9848998108508685,0.07913952289617149,0.9848524290729006,0.6081101172041545,0.256,0.7798108067646434,0.6973700894275134,0.9699711745192837,0.9219667073116203,237,0.1360229355155997,0.2061409568906703,0.052807183062202334,0.26711884854035045,0.2846084192537951,0.053301656737382165,0.4,0.2,True,True,0.0,0
evaluator_collusion,1835087702,109,237,0.98634474726446,0.9863974057971708,0.07831110861428983,0.98634474726446,0.6190359252776743,0.256,0.7849215203437151,0.6983834197973857,0.9698957409181144,0.9173659824720239,239,0.1360229355155997,0.2061409568906703,0.052807183062202334,0.26711884854035045,0.2846084192537951,0.053301656737382165,0.4,0.2,True,True,0.0,0
evaluator_collusion,1835087702,110,239,0.9873110654199931,0.9873286552499567,0.08704690120636117,0.9873110654199931,0.6413218686669302,0.256,0.7818908778970399,0.6993460836487644,0.9698278506770619,0.9222557023023777,248,0.1360229355155997,0.2061409568906703,0.052807183062202334,0.26711884854035045,0.2846084192537951,0.053301656737382165,0.4,0.2,True,True,0.0,0
evaluator_collusion,1835087702,111,248,0.9907062692392204,0.9907250310765658,0.08656078002806071,0.9907062692392204,0.6620376617726806,0.256,0.7844144578616802,0.7002606143075741,0.9697667494601148,0.9205488109850825,254,0.1360229355155997,0.2061409568906703,0.052807183062202334,0.26711884854035045,0.2846084192537951,0.053301656737382165,0.4,0.2,True,True,0.0,0
evaluator_collusion,1835087702,112,254,0.9879492476677454,0.987961601366051,0.0898648177343295,0.9879492476677454,0.6722773023193345,0.256,0.7916019315041345,0.7011294184334435,0.9697117583648623,0.9133740800882268,256,0.1360229355155997,0.2061409568906703,0.052807183062202334,0.26711884854035045,0.2846084192537951,0.053301656737382165,0.4,0.2,True,True,0.0,0
evaluator_collusion,1835087702,113,256,0.9903327511255333,0.9903752467758029,0.08004999616784782,0.9903327511255333,0.6898601734036812,0.256,0.787903812341566,0.7019547823530192,0.9696622663791351,0.9187882649487974,263,0.1360229355155997,0.2061409568906703,0.052807183062202334,0.26711884854035045,0.2846084192537951,0.053301656737382165,0.4,0.2,True,True,0.0,0
evaluator_collusion,1835087702,114,263,0.991103012027019,0.9911570590332351,0.07814225808814704,0.991103012027019,0.7032633504449873,0.256,0.7926947856416761,0.7027388780766163,0.9696177235919806,0.9142972935738782,266,0.1360229355155997,0.2061409568906703,0.052807183062202334,0.26711884854035045,0.2846084192537951,0.053301656737382165,0.4,0.2,True,True,0.0,0
evaluator_collusion,1835087702,115,266,0.9905529791151996,0.9905693652445953,0.0876372411406441,0.9905529791151996,0.7017096241244685,0.256,0.7996025509708097,0.7034837690140334,0.9695776350835416,0.9073969633062055,263,0.1360229355155997,0.2061409568906703,0.052807183062202334,0.26711884854035045,0.2846084192537951,0.053301656737382165,0.4,0.2,True,True,0.0,0
evaluator_collusion,1835087702,116,263,0.9871652973906687,0.9871937443723949,0.08321923687540803,0.9871652973906687,0.6732179356954608,0.256,0.8090195239052914,0.7041914154045797,0.9695415554259464,0.8977704278948043,250,0.1360229355155997,0.2061409568906703,0.052807183062202334,0.26711884854035045,0.2846084192537951,0.053301656737382165,0.4,0.2,True,True,0.0,0
evaluator_collusion,1835087702,117,250,0.9848702194894495,0.9848857346332034,0.08802620526774614,0.9848702194894495,0.6749150260969161,0.256,0.808970853225285,0.7048636794755987,0.9695090837341108,0.8987116585231628,251,0.1360229355155997,0.2061409568906703,0.052807183062202334,0.26711884854035045,0.2846084192537951,0.053301656737382165,0.4,0.2,True,True,0.0,0
evaluator_collusion,1835087702,118,251,0.9873348407988758,0.9873448537055233,0.09153210393750622,0.9873348407988758,0.674487818926268,0.256,0.8154870702735109,0.7055023303430668,0.9694798592114587,0.8923651103190259,248,0.1360229355155997,0.2061409568906703,0.052807183062202334,0.26711884854035045,0.2846084192537951,0.053301656737382165,0.4,0.2,True,True,0.0,0
evaluator_collusion,1835087702,119,248,0.988034246816981,0.9880459542633484,0.09029319531640474,0.988034246816981,0.6680382024041103,0.256,0.816325455801254,0.7061090486671614,0.9694535571410718,0.8922394653381888,245,0.1360229355155997,0.2061409568906703,0.052807183062202334,0.26711884854035045,0.2846084192537951,0.053301656737382165,0.4,0.2,True,True,0.0,0
evaluator_collusion,1835087702,120,245,0.9913699324768811,0.9913821114037398,0.09000574715478363,0.9913699324768811,0.675593399846827,0.256,0.815476342386128,0.7066854310750513,0.9694298852777237,0.8939194109482406,247,0.1360229355155997,0.2061409568906703,0.052807183062202334,0.26711884854035045,0.2846084192537951,0.053301656737382165,0.4,0.2,True,True,0.0,0
evaluator_collusion,1835087702,121,247,0.9887489458721569,0.9887590324745424,0.09148512483894147,0.9887489458721569,0.6826147928966629,0.256,0.8188874517046536,0.7072329943625467,0.9694085806007103,0.8909050850632949,249,0.1360229355155997,0.2061409568906703,0.052807183062202334,0.26711884854035045,0.2846084192537951,0.053301656737382165,0.4,0.2,True,True,0.0,0
evaluator_collusion,1835087702,122,249,0.9861436810948399,0.9861756909511469,0.08227172055395182,0.9861436810948399,0.6796630108467909,0.256,0.8202132766136723,0.7077531794856674,0.9693894063913984,0.8901368181007319,248,0.1360229355155997,0.2061409568906703,0.052807183062202334,0.26711884854035045,0.2846084192537951,0.053301656737382165,0.4,0.2,True,True,0.0,0
evaluator_collusion,1835087702,123,248,0.986173440442732,0.9861898619950227,0.08758478083905732,0.986173440442732,0.6936460818744732,0.256,0.8135341078827623,0.7082473553526321,0.9693721496030175,0.8980875123150035,255,0.1360229355155997,0.2061409568906703,0.052807183062202334,0.26711884854035045,0.2846084192537951,0.053301656737382165,0.4,0.2,True,True,0.0,0
evaluator_collusion,1835087702,124,255,0.9859858640799534,0.9860013361664648,0.08805733802766269,0.9859858640799534,0.6936753698263817,0.256,0.8164016345392081,0.7087168224262484,0.9693566184934748,0.8955406337220069,254,0.1360229355155997,0.2061409568906703,0.052807183062202334,0.26711884854035045,0.2846084192537951,0.053301656737382165,0.4,0.2,True,True,0.0,0
evaluator_collusion,1835087702,125,254,0.9888077525174152,0.9888165430546123,0.09258035461989937,0.9888077525174152,0.6901316630514887,0.256,0.8223685306151801,0.709162816146184,0.9693426404948863,0.8896151201038345,250,0.1360229355155997,0.2061409568906703,0.052807183062202334,0.26711884854035045,0.2846084192537951,0.053301656737382165,0.4,0.2,True,True,0.0,0
evaluator_collusion,1835087702,126,250,0.988868564646029,0.9888847976698418,0.08769841814650638,0.988868564646029,0.6801813143094257,0.256,0.8265210244573271,0.7095865101801229,0.9693300602961566,0.8856859681748575,245,0.1360229355155997,0.2061409568906703,0.052807183062202334,0.26711884854035045,0.2846084192537951,0.053301656737382165,0.4,0.2,True,True,0.0,0
evaluator_collusion,1835087702,127,245,0.9882578834191529,0.9882647684833684,0.09452072792401509,0.9882578834191529,0.6758011410173318,0.256,0.8246175265269039,0.7099890195123647,0.9693187381173,0.8882443684836343,244,0.1360229355155997,0.2061409568906703,0.052807183062202334,0.26711884854035045,0.2846084192537951,0.053301656737382165,0.4,0.2,True,True,0.0,0
evaluator_collusion,1835087702,128,244,0.9871301737827209,0.9871354400851792,0.09664513320145973,0.9871301737827209,0.6884735075431611,0.256,0.8237187079083316,0.7103714033779944,0.9693085481563289,0.8897018587994198,249,0.1360229355155997,0.2061409568906703,0.052807183062202334,0.26711884854035045,0.2846084192537951,0.053301656737382165,0.4,0.2,True,True,0.0,0
evaluator_collusion,1835087702,129,249,0.9884260725276355,0.9884584479313513,0.08219973725380077,0.9884260725276355,0.6817390995635154,0.256,0.8241140971413086,0.7107346680503427,0.9692993771914551,0.8897381714499976,246,0.1360229355155997,0.2061409568906703,0.052807183062202334,0.26711884854035045,0.2846084192537951,0.053301656737382165,0.4,0.2,True,True,0.0,0
evaluator_collusion,1835087702,130,246,0.9807739054934231,0.9807879174828931,0.08880417385466349,0.9807739054934231,0.6671157281101648,0.256,0.8257698608171818,0.7110797694890736,0.9692911233230685,0.8883928602773293,242,0.1360229355155997,0.2061409568906703,0.052807183062202334,0.26711884854035045,0.2846084192537951,0.053301656737382165,0.4,0.2,True,True,0.0,0
evaluator_collusion,1835087702,131,242,0.9902387273019712,0.990243199340917,0.0979714995246455,0.9902387273019712,0.6759122845003297,0.256,0.8248787915291635,0.7114076158558679,0.9692836948415207,0.8897693990043576,243,0.1360229355155997,0.2061409568906703,0.052807183062202334,0.26711884854035045,0.2846084192537951,0.053301656737382165,0.4,0.2,True,True,0.0,0
evaluator_collusion,1835087702,132,243,0.9862281627620506,0.9862419105258916,0.08899985316576409,0.9862281627620506,0.6694365738325074,0.256,0.8301954040140416,0.7117190699043224,0.9692770092081276,0.8844644184445619,240,0.1360229355155997,0.2061409568906703,0.052807183062202334,0.26711884854035045,0.2846084192537951,0.053301656737382165,0.4,0.2,True,True,0.0,0
evaluator_collusion,1835087702,133,240,0.9835667154016011,0.9835715584541532,0.09728326392385067,0.9835667154016011,0.6768040279698823,0.256,0.8308739400594496,0.7120149512503543,0.9692709921380739,0.8841150020490602,243,0.1360229355155997,0.2061409568906703,0.052807183062202334,0.26711884854035045,0.2846084192537951,0.053301656737382165,0.4,0.2,True,True,0.0,0
evaluator_collusion,1835087702,134,243,0.9874707413104565,0.9874761295928774,0.09646560876721179,0.9874707413104565,0.6928718446381883,0.256,0.8298332514973217,0.7122960385290845,0.9692655767750256,0.8855781789456325,248,0.1360229355155997,0.2061409568906703,0.052807183062202334,0.26711884854035045,0.2846084192537951,0.053301656737382165,0.4,0.2,True,True,0.0,0
evaluator_collusion,1835087702,135,248,0.9870505272056137,0.9870637815249176,0.08929744602697315,0.9870505272056137,0.6895855760069425,0.256,0.8326593975128184,0.7125630714438783,0.969260702948282,0.88290772770471,246,0.1360229355155997,0.2061409568906703,0.052807183062202334,0.26711884854035045,0.2846084192537951,0.053301656737382165,0.4,0.2,True,True,0.0,0
evaluator_collusion,1835087702,136,246,0.9893930573937559,0.9893999552716082,0.09451506560272607,0.9893930573937559,0.6985868715650763,0.256,0.8277764525509763,0.7128167527129323,0.9692563165042128,0.8884360857538204,250,0.1360229355155997,0.2061409568906703,0.052807183062202334,0.26711884854035045,0.2846084192537951,0.053301656737382165,0.4,0.2,True,True,0.0,0
evaluator_collusion,1835087702,137,250,0.9909006711911725,0.9909040278831426,0.10026046370287339,0.9909006711911725,0.7064957012612422,0.256,0.8224368209515411,0.7130577499185337,0.9692523687045506,0.8945101805149096,254,0.1360229355155997,0.2061409568906703,0.052807183062202334,0.26711884854035045,0.2846084192537951,0.053301656737382165,0.4,0.2,True,True,0.0,0
evaluator_collusion,1835087702,138,254,0.9883797630107072,0.9883887485629472,0.09240224887515547,0.9883797630107072,0.6999193653996779,0.256,0.8230818067892354,0.713286697263855,0.9692488156848545,0.8940994820041134,252,0.1360229355155997,0.2061409568906703,0.052807183062202334,0.26711884854035045,0.2846084192537951,0.053301656737382165,0.4,0.2,True,True,0.0,0
evaluator_collusion,1835087702,139,252,0.9889757062588713,0.988991142116097,0.08810009956174034,0.9889757062588713,0.6906829349596274,0.256,0.8245749459433162,0.7135041972419102,0.9692456179671282,0.8927555341627809,248,0.1360229355155997,0.2061409568906703,0.052807183062202334,0.26711884854035045,0.2846084192537951,0.053301656737382165,0.4,0.2,True,True,0.0,0
evaluator_collusion,1835087702,140,248,0.9906338412977514,0.9906450826932547,0.09063746226806578,0.9906338412977514,0.7025106771178952,0.256,0.8205098151537935,0.7137108222210626,0.9692427400211744,0.8974410791977746,253,0.1360229355155997,0.2061409568906703,0.052807183062202334,0.26711884854035045,0.2846084192537951,0.053301656737382165,0.4,0.2,True,True,0.0,0
evaluator_collusion,1835087702,141,253,0.984733654744411,0.9847524061825148,0.08651706047473692,0.984733654744411,0.7032148367423908,0.256,0.8227768114739037,0.7139071159512574,0.969240149869816,0.8952168982655231,254,0.1360229355155997,0.2061409568906703,0.052807183062202334,0.26711884854035045,0.2846084192537951,0.053301656737382165,0.4,0.2,True,True,0.0,0
evaluator_collusion,1835087702,142,254,0.9858245575415027,0.9858329524537184,0.09292286147805282,0.9858245575415027,0.7250935390216079,0.256,0.8182255072242818,0.7140935949949425,0.9692378187335934,0.9004337652246072,263,0.1360229355155997,0.2061409568906703,0.052807183062202334,0.26711884854035045,0.2846084192537951,0.053301656737382165,0.4,0.2,True,True,0.0,0
evaluator_collusion,1835087702,143,263,0.9907818019587441,0.9908020341693944,0.08596080273562502,0.9907818019587441,0.7180134446525119,0.256,0.8248010539188063,0.7142707500864434,0.9692357207109931,0.8934787894581075,257,0.1360229355155997,0.2061409568906703,0.052807183062202334,0.26711884854035045,0.2846084192537951,0.053301656737382165,0.4,0.2,True,True,0.0,0
evaluator_collusion,1835087702,144,257,0.988329275634018,0.988333398544946,0.09860316741140983,0.988329275634018,0.7279125078294927,0.256,0.8252081383795739,0.7144390474233692,0.9692338324906528,0.8932501852042237,261,0.1360229355155997,0.2061409568906703,0.052807183062202334,0.26711884854035045,0.2846084192537951,0.053301656737382165,0.4,0.2,True,True,0.0,0
evaluator_collusion,1835087702,145,261,0.9922206128223322,0.9922513872037821,0.08263392989622598,0.9922206128223322,0.7164402062395695,0.256,0.8246354018705435,0.7145989298934486,0.9692321330923465,0.8940721815484516,256,0.1360229355155997,0.2061409568906703,0.052807183062202334,0.26711884854035045,0.2846084192537951,0.053301656737382165,0.4,0.2,True,True,0.0,0
evaluator_collusion,1835087702,146,256,0.9898743559507543,0.9898889355659439,0.08856159474972122,0.9898743559507543,0.723097422248364,0.256,0.8244337177864447,0.7147508182400242,0.9692306036338708,0.8944823949960939,259,0.1360229355155997,0.2061409568906703,0.052807183062202334,0.26711884854035045,0.2846084192537951,0.053301656737382165,0.4,0.2,True,True,0.0,0
evaluator_collusion,1835087702,147,259,0.9850125218688669,0.9850315661628675,0.0863959587709243,0.9850125218688669,0.7194799725164776,0.256,0.8273877856020816,0.7148951121692709,0.9692292271212427,0.8914699751273659,258,0.1360229355155997,0.2061409568906703,0.052807183062202334,0.26711884854035045,0.2846084192537951,0.053301656737382165,0.4,0.2,True,True,0.0,0
evaluator_collusion,1835087702,148,258,0.9851139237289239,0.985129445484542,0.08802478324447782,0.9851139237289239,0.7202804465247482,0.256,0.8280655623128924,0.7150321914020553,0.9692279882598774,0.8909122373545988,258,0.1360229355155997,0.2061409568906703,0.052807183062202334,0.26711884854035045,0.2846084192537951,0.053301656737382165,0.4,0.2,True,True,0.0,0
evaluator_collusion,1835087702,149,258,0.9881602203528677,0.9881787137402724,0.08665501285805248,0.9881602203528677,0.7279880790088251,0.256,0.82777886527224,0.7151624166732006,0.9692268732846487,0.8913841393760746,260,0.1360229355155997,0.2061409568906703,0.052807183062202334,0.26711884854035045,0.2846084192537951,0.053301656737382165,0.4,0.2,True,True,0.0,0
evaluator_collusion,1835087702,150,260,0.9854331504733111,0.9854441997190919,0.090732800049697,0.9854331504733111,0.7475971213211469,0.256,0.8268407370076666,0.7152861306807885,0.9692258698069429,0.8925507953461673,268,0.1360229355155997,0.2061409568906703,0.052807183062202334,0.26711884854035045,0.2846084192537951,0.053301656737382165,0.4,0.2,True,True,0.0,0
evaluator_collusion,1835087702,151,268,0.9915290167583303,0.9915446742712132,0.08800713356761221,0.9915290167583303,0.7496066428578056,0.256,0.8269173106716732,0.7154036589879971,0.9692249666770076,0.8926156166719795,267,0.1360229355155997,0.2061409568906703,0.052807183062202334,0.26711884854035045,0.2846084192537951,0.053301656737382165,0.4,0.2,True,True,0.0,0
evaluator_collusion,1835087702,152,267,0.990614807650025,0.9906246920584475,0.09166131735615013,0.990614807650025,0.7593442527045029,0.256,0.8289878128049821,0.7155153108798452,0.9692241538600659,0.8905259039851947,270,0.1360229355155997,0.2061409568906703,0.052807183062202334,0.26711884854035045,0.2846084192537951,0.053301656737382165,0.4,0.2,True,True,0.0,0
evaluator_collusion,1835087702,153,270,0.9878730009963813,0.9878941453145502,0.08558640456639248,0.9878730009963813,0.7754418895502166,0.256,0.821406200549931,0.715621380177101,0.9692234223248183,0.8988794039978651,279,0.1360229355155997,0.2061409568906703,0.052807183062202334,0.26711884854035045,0.2846084192537951,0.053301656737382165,0.4,0.2,True,True,0.0,0
evaluator_collusion,1835087702,154,279,0.9854016522433073,0.9854130576471922,0.09048001433570557,0.9854016522433073,0.7820963003160035,0.256,0.818679204390205,0.7157221460094939,0.9692227639430955,0.902001149151138,283,0.1360229355155997,0.2061409568906703,0.052807183062202334,0.26711884854035045,0.2846084192537951,0.053301656737382165,0.4,0.2,True,True,0.0,0
evaluator_collusion,1835087702,155,283,0.9914696170224532,0.9914782769475121,0.09272091344076994,0.9914696170224532,0.7882870299518884,0.256,0.8113989231728674,0.7158178735502672,0.9692221713995449,0.9102166405434966,286,0.1360229355155997,0.2061409568906703,0.052807183062202334,0.26711884854035045,0.2846084192537951,0.053301656737382165,0.4,0.2,True,True,0.0,0
evaluator_collusion,1835087702,156,286,0.9858760012976057,0.9858880129338835,0.09007160890383746,0.9858760012976057,0.7845267490200415,0.256,0.8091781973868739,0.7159088147140018,0.9692216381103494,0.9128311165730243,287,0.1360229355155997,0.2061409568906703,0.052807183062202334,0.26711884854035045,0.2846084192537951,0.053301656737382165,0.4,0.2,True,True,0.0,0
evaluator_collusion,1835087702,157,287,0.9923129459657049,0.9923245552770221,0.09039459570635387,0.9923129459657049,0.7927644511367312,0.256,0.8122731114202116,0.7159952088195497,0.9692211581500735,0.9094632463859023,287,0.1360229355155997,0.2061409568906703,0.052807183062202334,0.26711884854035045,0.2846084192537951,0.053301656737382165,0.4,0.2,True,True,0.0,0
evaluator_collusion,1835087702,158,287,0.9904748821890413,0.9904905493291427,0.08799377375158851,0.9904748821890413,0.8025574974086175,0.256,0.8096340360929567,0.7160772832198202,0.9692207261858251,0.9125327221710638,292,0.1360229355155997,0.2061409568906703,0.052807183062202334,0.26711884854035045,0.2846084192537951,0.053301656737382165,0.4,0.2,True,True,0.0,0
evaluator_collusion,1835087702,159,292,0.988420161104427,0.9884453759841425,0.08418936977494702,0.988420161104427,0.8148459804922757,0.256,0.8125200118539748,0.7161552539000772,0.9692203374180016,0.909390886740259,296,0.1360229355155997,0.2061409568906703,0.052807183062202334,0.26711884854035045,0.2846084192537951,0.053301656737382165,0.4,0.2,True,True,0.0,0
evaluator_collusion,1835087702,160,296,0.9881058453384558,0.9881279144016695,0.08524755259197032,0.9881058453384558,0.8098374366882134,0.256,0.8104374166901301,0.7162293260463213,0.9692199875269605,0.9118223937999876,295,0.1360229355155997,0.2061409568906703,0.052807183062202334,0.26711884854035045,0.2846084192537951,0.053301656737382165,0.4,0.2,True,True,0.0,0
evaluator_collusion,1835087702,161,295,0.9885393448974616,0.9885528536960867,0.08915806282306787,0.9885393448974616,0.7993508150446721,0.256,0.8105038786088233,0.7162996945852532,0.9692196726250235,0.9118374978869702,291,0.1360229355155997,0.2061409568906703,0.052807183062202334,0.26711884854035045,0.2846084192537951,0.053301656737382165,0.4,0.2,True,True,0.0,0
evaluator_collusion,1835087702,162,291,0.9896542558277681,0.9896745193067359,0.08593944657819046,0.9896542558277681,0.7937481368458869,0.256,0.815044975071345,0.7163665446972385,0.9692193892132802,0.9068420032747055,287,0.1360229355155997,0.2061409568906703,0.052807183062202334,0.26711884854035045,0.2846084192537951,0.053301656737382165,0.4,0.2,True,True,0.0,0
evaluator_collusion,1835087702,163,287,0.9868404513687506,0.9868808231062784,0.08042998727907168,0.9868404513687506,0.7902687942051875,0.256,0.8137141745149564,0.7164300523036246,0.9692191341427112,0.9084058753370929,287,0.1360229355155997,0.2061409568906703,0.052807183062202334,0.26711884854035045,0.2846084192537951,0.053301656737382165,0.4,0.2,True,True,0.0,0
evaluator_collusion,1835087702,164,287,0.9909001937283866,0.9909090121418113,0.09257197865746034,0.9909001937283866,0.7837035241401513,0.256,0.8178284605991816,0.7164903845296913,0.9692189045791991,0.9039122456171013,282,0.1360229355155997,0.2061409568906703,0.052807183062202334,0.26711884854035045,0.2846084192537951,0.053301656737382165,0.4,0.2,True,True,0.0,0
evaluator_collusion,1835087702,165,282,0.9925254004961176,0.992549344403388,0.08463404928913588,0.9925254004961176,0.7820455287806947,0.256,0.8146969936554525,0.7165477001444547,0.9692186979720382,0.9074594107819007,282,0.1360229355155997,0.2061409568906703,0.052807183062202334,0.26711884854035045,0.2846084192537951,0.053301656737382165,0.4,0.2,True,True,0.0,0
evaluator_collusion,1835087702,166,282,0.9887726032867843,0.9887893999404462,0.08742595687801587,0.9887726032867843,0.8113108552835958,0.256,0.8054829065732173,0.7166021499784799,0.9692185120255934,0.9179099503445369,297,0.1360229355155997,0.2061409568906703,0.052807183062202334,0.26711884854035045,0.2846084192537951,0.053301656737382165,0.4,0.2,True,True,0.0,0
evaluator_collusion,1835087702,167,297,0.9880739581663202,0.988109163456517,0.08152989060586308,0.9880739581663202,0.8004797620752209,0.256,0.8060907576942317,0.7166538773208039,0.9692183446737931,0.9172841464134922,293,0.1360229355155997,0.2061409568906703,0.052807183062202334,0.26711884854035045,0.2846084192537951,0.053301656737382165,0.4,0.2,True,True,0.0,0
evaluator_collusion,1835087702,168,293,0.9912632683450887,0.9912856744414029,0.08515230471308685,0.9912632683450887,0.7841549584163774,0.256,0.8091498942850363,0.7167030182960117,0.9692181940571728,0.913878991266263,285,0.1360229355155997,0.2061409568906703,0.052807183062202334,0.26711884854035045,0.2846084192537951,0.053301656737382165,0.4,0.2,True,True,0.0,0
evaluator_collusion,1835087702,169,285,0.99027226939878,0.9902830899024527,0.09093831084509102,0.99027226939878,0.7904836153304517,0.256,0.8079388942108235,0.716749702222459,0.9692180585022145,0.9153085270191854,288,0.1360229355155997,0.2061409568906703,0.052807183062202334,0.26711884854035045,0.2846084192537951,0.053301656737382165,0.4,0.2,True,True,0.0,0
evaluator_collusion,1835087702,170,288,0.9921047588615676,0.9921131450429401,0.09298169275764906,0.9921047588615676,0.8130817233421906,0.256,0.8097679682026457,0.716794051952584,0.9692179365027521,0.9132976847338716,295,0.1360229355155997,0.2061409568906703,0.052807183062202334,0.26711884854035045,0.2846084192537951,0.053301656737382165,0.4,0.2,True,True,0.0,0
evaluator_collusion,1835087702,171,295,0.9921389513670757,0.9921586760023282,0.08617394047409853,0.9921389513670757,0.817817771484202,0.256,0.8144088867465681,0.7168361841962029,0.969217826703236,0.9081467266689631,295,0.1360229355155997,0.2061409568906703,0.052807183062202334,0.26711884854035045,0.2846084192537951,0.053301656737382165,0.4,0.2,True,True,0.0,0
evaluator_collusion,1835087702,172,295,0.988693266696904,0.9887014337049009,0.09316507611870976,0.988693266696904,0.8113679159905163,0.256,0.8162908251792462,0.7168762098276407,0.9692177278836714,0.9061036999370039,293,0.1360229355155997,0.2061409568906703,0.052807183062202334,0.26711884854035045,0.2846084192537951,0.053301656737382165,0.4,0.2,True,True,0.0,0
evaluator_collusion,1835087702,173,293,0.9862979524197266,0.9863047480003144,0.09460905854719948,0.9862979524197266,0.8060454085925285,0.256,0.8156462063601482,0.7169142341775067,0.9692176389460633,0.9068679913260406,292,0.1360229355155997,0.2061409568906703,0.052807183062202334,0.26711884854035045,0.2846084192537951,0.053301656737382165,0.4,0.2,True,True,0.0,0
evaluator_collusion,1835087702,174,292,0.9914989863477013,0.9915128657898257,0.08896640233364639,0.9914989863477013,0.7926128725843172,0.256,0.8174015242372948,0.7169503573098793,0.969217558902216,0.904966220828559,285,0.1360229355155997,0.2061409568906703,0.052807183062202334,0.26711884854035045,0.2846084192537951,0.053301656737382165,0.4,0.2,True,True,0.0,0
evaluator_collusion,1835087702,175,285,0.9887399980726685,0.9887513541839266,0.09054141214328985,0.9887399980726685,0.7902871207758032,0.256,0.8172381833164559,0.7169846742856334,0.9692174868627533,0.9051904882329828,285,0.1360229355155997,0.2061409568906703,0.052807183062202334,0.26711884854035045,0.2846084192537951,0.053301656737382165,0.4,0.2,True,True,0.0,0
evaluator_collusion,1835087702,176,285,0.9926238344223315,0.9926455015485015,0.08543017286971631,0.9926238344223315,0.7783124674077924,0.256,0.8130812861256553,0.7170172754125997,0.969217422027237,0.9098597259768822,281,0.1360229355155997,0.2061409568906703,0.052807183062202334,0.26711884854035045,0.2846084192537951,0.053301656737382165,0.4,0.2,True,True,0.0,0
evaluator_collusion,1835087702,177,281,0.9876939743086253,0.9877144548812082,0.08583883890590527,0.9876939743086253,0.7780974176201318,0.256,0.813981869765869,0.7170482464832177,0.9692173636752723,0.9088923757778887,282,0.1360229355155997,0.2061409568906703,0.052807183062202334,0.26711884854035045,0.2846084192537951,0.053301656737382165,0.4,0.2,True,True,0.0,0
evaluator_collusion,1835087702,178,282,0.9884073082982336,0.9884182395505465,0.0908422488755698,0.9884073082982336,0.7612467395738457,0.256,0.818980221894081,0.7170776690003048,0.9692173111585041,0.903382392818177,274,0.1360229355155997,0.2061409568906703,0.052807183062202334,0.26711884854035045,0.2846084192537951,0.053301656737382165,0.4,0.2,True,True,0.0,0
evaluator_collusion,1835087702,179,274,0.991490104868,0.9914997256784515,0.09188350713815983,0.991490104868,0.7671887624625071,0.256,0.8138636577492582,0.7171056203915376,0.9692172638934127,0.909097218802269,277,0.1360229355155997,0.2061409568906703,0.052807183062202334,0.26711884854035045,0.2846084192537951,0.053301656737382165,0.4,0.2,True,True,0.0,0
evaluator_collusion,1835087702,180,277,0.9871916911930104,0.987200022225001,0.09299469519764125,0.9871916911930104,0.7616146415916418,0.256,0.8173397443993586,0.7171321742132086,0.9692172213548305,0.9052644539438549,275,0.1360229355155997,0.2061409568906703,0.052807183062202334,0.26711884854035045,0.2846084192537951,0.053301656737382165,0.4,0.2,True,True,0.0,0
evaluator_collusion,1835087702,181,275,0.9896992020932176,0.9897283575130298,0.08304384015225429,0.9896992020932176,0.7681314930070859,0.256,0.8192369494853919,0.7171574003437962,0.9692171830701064,0.9031998305458994,276,0.1360229355155997,0.2061409568906703,0.052807183062202334,0.26711884854035045,0.2846084192537951,0.053301656737382165,0.4,0.2,True,True,0.0,0
evaluator_collusion,1835087702,182,276,0.9855993039057367,0.9856169480868763,0.08700853096876358,0.9855993039057367,0.7577504560906436,0.256,0.8174233223016074,0.7171813651678544,0.9692171486138548,0.9052340519638857,274,0.1360229355155997,0.2061409568906703,0.052807183062202334,0.26711884854035045,0.2846084192537951,0.053301656737382165,0.4,0.2,True,True,0.0,0
evaluator_collusion,1835087702,183,274,0.9889350767377388,0.9889401204931911,0.09700336914546244,0.9889350767377388,0.7486996508086374,0.256,0.8229303035216965,0.7172041317507096,0.9692171176032283,0.8992048735936821,268,0.1360229355155997,0.2061409568906703,0.052807183062202334,0.26711884854035045,0.2846084192537951,0.053301656737382165,0.4,0.2,True,True,0.0,0
evaluator_collusion,1835087702,184,268,0.9880646574089674,0.9880824396318241,0.08696638359024987,0.9880646574089674,0.7363671008717093,0.256,0.8254640841086013,0.7172257600044222,0.9692170896936645,0.896471803303453,263,0.1360229355155997,0.2061409568906703,0.052807183062202334,0.26711884854035045,0.2846084192537951,0.053301656737382165,0.4,0.2,True,True,0.0,0
evaluator_collusion,1835087702,185,263,0.9878428896182375,0.9878542581611974,0.09052547742867242,0.9878428896182375,0.739895943228391,0.256,0.8202261707265431,0.7172463068454491,0.9692170645750571,0.902222485765458,266,0.1360229355155997,0.2061409568906703,0.052807183062202334,0.26711884854035045,0.2846084192537951,0.053301656737382165,0.4,0.2,True,True,0.0,0
evaluator_collusion,1835087702,186,266,0.9885067553223271,0.9885287586266034,0.0852745349756979,0.9885067553223271,0.7222017894957308,0.256,0.8248593409017251,0.7172658263444246,0.9692170419683104,0.8971792094220035,258,0.1360229355155997,0.2061409568906703,0.052807183062202334,0.26711884854035045,0.2846084192537951,0.053301656737382165,0.4,0.2,True,True,0.0,0
evaluator_collusion,1835087702,187,258,0.9915851518353882,0.9915947490587766,0.09190380942728127,0.9915851518353882,0.7207201044999338,0.256,0.8237832669822224,0.7172843698684513,0.9692170216222383,0.8983744014121918,257,0.1360229355155997,0.2061409568906703,0.052807183062202334,0.26711884854035045,0.2846084192537951,0.053301656737382165,0.4,0.2,True,True,0.0,0
evaluator_collusion,1835087702,188,257,0.984698176722804,0.98470671787429,0.09277629204644236,0.984698176722804,0.7178521419362187,0.256,0.8230211053801565,0.7173019862162767,0.9692170033107735,0.8992284455012842,258,0.1360229355155997,0.2061409568906703,0.052807183062202334,0.26711884854035045,0.2846084192537951,0.053301656737382165,0.4,0.2,True,True,0.0,0
evaluator_collusion,1835087702,189,258,0.9914264906880331,0.9914397860081419,0.0893080722470004,0.9914264906880331,0.7124387853162739,0.256,0.8240280718309335,0.7173187217467109,0.9692169868304552,0.8981505535462441,254,0.1360229355155997,0.2061409568906703,0.052807183062202334,0.26711884854035045,0.2846084192537951,0.053301656737382165,0.4,0.2,True,True,0.0,0
evaluator_collusion,1835087702,190,254,0.9853712028414947,0.9853827749273966,0.09036428062684687,0.9853712028414947,0.7195082632277301,0.256,0.8243189511041051,0.7173346205006232,0.9692169719981687,0.8978535346022144,258,0.1360229355155997,0.2061409568906703,0.052807183062202334,0.26711884854035045,0.2846084192537951,0.053301656737382165,0.4,0.2,True,True,0.0,0
evaluator_collusion,1835087702,191,258,0.9828739503750844,0.9828802081354094,0.09523768166013491,0.9828739503750844,0.7283188944129197,0.256,0.8237442461492392,0.7173497243168401,0.9692169586491108,0.8984988739726881,262,0.1360229355155997,0.2061409568906703,0.052807183062202334,0.26711884854035045,0.2846084192537951,0.053301656737382165,0.4,0.2,True,True,0.0,0
evaluator_collusion,1835087702,192,262,0.9897998508804612,0.9898139394776153,0.08883369248396793,0.9897998508804612,0.7327724391740505,0.256,0.8261187671839966,0.717364072942246,0.9692169466349587,0.8959342415769992,261,0.1360229355155997,0.2061409568906703,0.052807183062202334,0.26711884854035045,0.2846084192537951,0.053301656737382165,0.4,0.2,True,True,0.0,0
evaluator_collusion,1835087702,193,261,0.9879768624910122,0.9879862077888106,0.09208653097356127,0.9879768624910122,0.7286036219793999,0.256,0.8260840003406578,0.7173777041363817,0.9692169358222219,0.8959889832180398,260,0.1360229355155997,0.2061409568906703,0.052807183062202334,0.26711884854035045,0.2846084192537951,0.053301656737382165,0.4,0.2,True,True,0.0,0
evaluator_collusion,1835087702,194,260,0.9925701558534322,0.9925940168553866,0.08466201697835364,0.9925701558534322,0.7270110993896741,0.256,0.82361687643148,0.7173906537708106,0.9692169260907587,0.898689127256959,259,0.1360229355155997,0.2061409568906703,0.052807183062202334,0.26711884854035045,0.2846084192537951,0.053301656737382165,0.4,0.2,True,True,0.0,0
evaluator_collusion,1835087702,195,259,0.9880146229507837,0.9880201146967998,0.0963185954619871,0.9880146229507837,0.736406572283424,0.256,0.8222200948307399,0.717402955923518,0.9692169173324419,0.9002312593611687,264,0.1360229355155997,0.2061409568906703,0.052807183062202334,0.26711884854035045,0.2846084192537951,0.053301656737382165,0.4,0.2,True,True,0.0,0
evaluator_collusion,1835087702,196,264,0.9884543601578801,0.9884693078448664,0.08835170830344695,0.9884543601578801,0.7547272431723399,0.256,0.820530585028562,0.71741464296859,0.9692169094499568,0.9020995794695554,271,0.1360229355155997,0.2061409568906703,0.052807183062202334,0.26711884854035045,0.2846084192537951,0.053301656737382165,0.4,0.2,True,True,0.0,0
evaluator_collusion,1835087702,197,271,0.9892685456681628,0.989284073700226,0.08805506489577944,0.9892685456681628,0.7606687263508152,0.256,0.8172496437894677,0.7174257456614085,0.9692169023557201,0.9057351839335241,274,0.1360229355155997,0.2061409568906703,0.052807183062202334,0.26711884854035045,0.2846084192537951,0.053301656737382165,0.4,0.2,True,True,0.0,0
evaluator_collusion,1835087702,198,274,0.9893885613745812,0.9894030564305656,0.08860398808667384,0.9893885613745812,0.7627603951574821,0.256,0.8193854501080731,0.717436293219586,0.9692168959709071,0.9033875861145829,274,0.1360229355155997,0.2061409568906703,0.052807183062202334,0.26711884854035045,0.2846084192537951,0.053301656737382165,0.4,0.2,True,True,0.0,0
evaluator_collusion,1835087702,199,274,0.9856149316284682,0.9856256480931491,0.09097769150195588,0.9856149316284682,0.768768461334356,0.256,0.8141334125637775,0.7174463133998547,0.9692168902245755,0.909228113310591,279,0.1360229355155997,0.2061409568906703,0.052807183062202334,0.26711884854035045,0.2846084192537951,0.053301656737382165,0.4,0.2,True,True,0.0,0
evaluator_collusion,1835087702,200,279,0.9893100875830235,0.9893213901644315,0.09058361047463812,0.9893100875830235,0.774715343791416,0.256,0.8058032662360319,0.7174558325711099,0.969216885052877,0.9186396272677299,283,0.1360229355155997,0.2061409568906703,0.052807183062202334,0.26711884854035045,0.2846084192537951,0.053301656737382165,0.4,0.2,True,True,0.0,0
evaluator_collusion,1835087702,201,283,0.9827477489845552,0.9827669669169921,0.08630538940646548,0.9827477489845552,0.7706720011047565,0.256,0.8012774683258028,0.7174648757838024,0.9692168803983483,0.9238399623045722,285,0.1360229355155997,0.2061409568906703,0.052807183062202334,0.26711884854035045,0.2846084192537951,0.053301656737382165,0.4,0.2,True,True,0.0,0
evaluator_collusion,1835087702,202,285,0.9915479251376887,0.9915617952278922,0.08897216041900832,0.9915479251376887,0.8016592870109975,0.256,0.7980850422807991,0.7174734668358602,0.9692168762092725,0.9275465320443199,295,0.1360229355155997,0.2061409568906703,0.052807183062202334,0.26711884854035045,0.2846084192537951,0.053301656737382165,0.4,0.2,True,True,0.0,0
evaluator_collusion,1835087702,203,295,0.9872396291999275,0.9872572226243763,0.08704469880222188,0.9872396291999275,0.7897987899103004,0.256,0.795090189004824,0.7174816283353151,0.9692168724391044,0.9310509009871204,293,0.1360229355155997,0.2061409568906703,0.052807183062202334,0.26711884854035045,0.2846084192537951,0.053301656737382165,0.4,0.2,True,True,0.0,0
evaluator_collusion,1835087702,204,293,0.9880261529346382,0.9880618743149391,0.08141366638010847,0.9880261529346382,0.8013076874764159,0.256,0.7951697666268168,0.7174893817597974,0.969216869045953,0.9309677884894692,297,0.1360229355155997,0.2061409568906703,0.052807183062202334,0.26711884854035045,0.2846084192537951,0.053301656737382165,0.4,0.2,True,True,0.0,0
evaluator_collusion,1835087702,205,297,0.9907161856398128,0.9907272964686559,0.09073111871391465,0.9907161856398128,0.8099552575046186,0.256,0.7935448890829503,0.7174967475130555,0.9692168659921166,0.9328836355986774,300,0.1360229355155997,0.2061409568906703,0.052807183062202334,0.26711884854035045,0.2846084192537951,0.053301656737382165,0.4,0.2,True,True,0.0,0
evaluator_collusion,1835087702,206,300,0.9904934751008229,0.9905204658492446,0.0836643015417746,0.9904934751008229,0.8087936449896213,0.256,0.7952280160333473,0.7175037449786507,0.969216863243664,0.930918237314231,299,0.1360229355155997,0.2061409568906703,0.052807183062202334,0.26711884854035045,0.2846084192537951,0.053301656737382165,0.4,0.2,True,True,0.0,0
evaluator_collusion,1835087702,207,299,0.989479615557629,0.9894988357916397,0.08635877607696184,0.989479615557629,0.8110063546942317,0.256,0.7929095280993086,0.717510392570966,0.9692168607700566,0.9336489187335186,301,0.1360229355155997,0.2061409568906703,0.052807183062202334,0.26711884854035045,0.2846084192537951,0.053301656737382165,0.4,0.2,True,True,0.0,0
evaluator_collusion,1835087702,208,301,0.9903064774876321,0.990327651395549,0.08559485703257581,0.9903064774876321,0.8371192877757544,0.256,0.7914550330047786,0.7175167077836657,0.96921685854381,0.9353729652112104,311,0.1360229355155997,0.2061409568906703,0.052807183062202334,0.26711884854035045,0.2846084192537951,0.053301656737382165,0.4,0.2,True,True,0.0,0
evaluator_collusion,1835087702,209,311,0.9898997296197366,0.9899327854200601,0.08204604714006232,0.9898997296197366,0.8615328539322978,0.256,0.7919466662049045,0.7175227072357304,0.9692168565401881,0.9348001123999788,320,0.1360229355155997,0.2061409568906703,0.052807183062202334,0.26711884854035045,0.2846084192537951,0.053301656737382165,0.4,0.2,True,True,0.0,0
evaluator_collusion,1835087702,210,320,0.9937247109839215,0.9937451207140732,0.08591487446425254,0.9937247109839215,0.8487750118503907,0.256,0.8022812241461743,0.7175284067151919,0.9692168547369283,0.9227658484069948,310,0.1360229355155997,0.2061409568906703,0.052807183062202334,0.26711884854035045,0.2846084192537951,0.053301656737382165,0.4,0.2,True,True,0.0,0
evaluator_collusion,1835087702,211,310,0.9911737707383267,0.9911870324836807,0.08932616973115153,0.9911737707383267,0.8484758674464152,0.256,0.806658592913047,0.7175338212206803,0.9692168531139945,0.9177653454371096,309,0.1360229355155997,0.2061409568906703,0.052807183062202334,0.26711884854035045,0.2846084192537951,0.053301656737382165,0.4,0.2,True,True,0.0,0
evaluator_collusion,1835087702,212,309,0.9889469817955657,0.9889645456253039,0.0870718540308114,0.9889469817955657,0.8617623044503968,0.256,0.8029395288444513,0.7175389650008943,0.9692168516533541,0.9220228720172985,316,0.1360229355155997,0.2061409568906703,0.052807183062202334,0.26711884854035045,0.2846084192537951,0.053301656737382165,0.4,0.2,True,True,0.0,0
evaluator_collusion,1835087702,213,316,0.988353701784003,0.9883676339194393,0.0889109484036289,0.988353701784003,0.8744590135628204,0.256,0.8075861517520747,0.7175438515920975,0.9692168503387777,0.9167240567867885,319,0.1360229355155997,0.2061409568906703,0.052807183062202334,0.26711884854035045,0.2846084192537951,0.053301656737382165,0.4,0.2,True,True,0.0,0
evaluator_collusion,1835087702,214,319,0.9916051114345839,0.9916179943865,0.0895603027623859,0.9916051114345839,0.8817282369283346,0.256,0.8090878616994622,0.7175484938537406,0.969216849155659,0.9150284893552559,320,0.1360229355155997,0.2061409568906703,0.052807183062202334,0.26711884854035045,0.2846084192537951,0.053301656737382165,0.4,0.2,True,True,0.0,0
evaluator_collusion,1835087702,215,320,0.9880452951236691,0.9880569538649248,0.0903264683708841,0.9880452951236691,0.8858944076760212,0.256,0.8032833177023952,0.7175529040023015,0.9692168480908521,0.9216461721078675,325,0.1360229355155997,0.2061409568906703,0.052807183062202334,0.26711884854035045,0.2846084192537951,0.053301656737382165,0.4,0.2,True,True,0.0,0
evaluator_collusion,1835087702,216,325,0.9890962990982987,0.9891141068854549,0.08696325500859016,0.9890962990982987,0.8838328677462726,0.256,0.8055147858191202,0.7175570936434345,0.9692168471325259,0.9190983596476104,323,0.1360229355155997,0.2061409568906703,0.052807183062202334,0.26711884854035045,0.2846084192537951,0.053301656737382165,0.4,0.2,True,True,0.0,0
evaluator_collusion,1835087702,217,323,0.9890326555694208,0.9890603299277482,0.08345346038168479,0.9890326555694208,0.8879311923930028,0.256,0.8092975367534829,0.7175610738025107,0.9692168462700324,0.9148074619370974,323,0.1360229355155997,0.2061409568906703,0.052807183062202334,0.26711884854035045,0.2846084192537951,0.053301656737382165,0.4,0.2,True,True,0.0,0
evaluator_collusion,1835087702,218,323,0.991819103998757,0.9918331551188364,0.0888711172647936,0.991819103998757,0.907779419465793,0.256,0.8051181938372913,0.7175648549536331,0.9692168454937882,0.9195610446429381,331,0.1360229355155997,0.2061409568906703,0.052807183062202334,0.26711884854035045,0.2846084192537951,0.053301656737382165,0.4,0.2,True,True,0.0,0
evaluator_collusion,1835087702,219,331,0.9911401998565953,0.9911626938850441,0.08512013914576673,0.9911401998565953,0.9287312382044913,0.256,0.7977493406394278,0.7175684470471995,0.9692168447951683,0.9280597255120385,342,0.1360229355155997,0.2061409568906703,0.052807183062202334,0.26711884854035045,0.2846084192537951,0.053301656737382165,0.4,0.2,True,True,0.0,0
evaluator_collusion,1835087702,220,342,0.9928268746412022,0.9928465141444098,0.08621388732522413,0.9928268746412022,0.9382561024754793,0.256,0.7952566458910306,0.7175718595360875,0.9692168441664105,0.930973113245041,346,0.1360229355155997,0.2061409568906703,0.052807183062202334,0.26711884854035045,0.2846084192537951,0.053301656737382165,0.4,0.2,True,True,0.0,0
evaluator_collusion,1835087702,221,346,0.9901373207081005,0.9901888851868502,0.07850877038843836,0.9901373207081005,0.9234279423904582,0.256,0.7916751851909667,0.717575101400531,0.9692168436005285,0.9351889696233044,343,0.1360229355155997,0.2061409568906703,0.052807183062202334,0.26711884854035045,0.2846084192537951,0.053301656737382165,0.4,0.2,True,True,0.0,0
evaluator_collusion,1835087702,222,343,0.9888289427294461,0.9888576439466485,0.08316181764558554,0.9888289427294461,0.9361136005514831,0.256,0.7897937010274226,0.7175781811717524,0.9692168430912347,0.9374208451249787,349,0.1360229355155997,0.2061409568906703,0.052807183062202334,0.26711884854035045,0.2846084192537951,0.053301656737382165,0.4,0.2,True,True,0.0,0
evaluator_collusion,1835087702,223,349,0.9919030537649134,0.9919228626527865,0.0861381197399277,0.9919030537649134,0.9562935625025726,0.256,0.7862917619379058,0.7175811069544128,0.9692168426328702,0.9415997134765107,357,0.1360229355155997,0.2061409568906703,0.052807183062202334,0.26711884854035045,0.2846084192537951,0.053301656737382165,0.4,0.2,True,True,0.0,0
evaluator_collusion,1835087702,224,357,0.9928984365211535,0.9929276615933053,0.08305053570258793,0.9928984365211535,0.9592854262830542,0.256,0.7923971803411672,0.7175838864479401,0.9692168422203422,0.9343483094155549,355,0.1360229355155997,0.2061409568906703,0.052807183062202334,0.26711884854035045,0.2846084192537951,0.053301656737382165,0.4,0.2,True,True,0.0,0
evaluator_collusion,1835087702,225,355,0.9900287434629045,0.9900631468035577,0.08172903762494214,0.9900287434629045,0.9593478090294518,0.256,0.7947427746236788,0.7175865269667911,0.969216841849067,0.931594113398022,355,0.1360229355155997,0.2061409568906703,0.052807183062202334,0.26711884854035045,0.2846084192537951,0.053301656737382165,0.4,0.2,True,True,0.0,0
evaluator_collusion,1835087702,226,355,0.9927926757743467,0.9928441581339142,0.07854277436422807,0.9927926757743467,0.9644820988931364,0.256,0.7900920995002574,0.7175890354596995,0.9692168415149193,0.9370809800444503,358,0.1360229355155997,0.2061409568906703,0.052807183062202334,0.26711884854035045,0.2846084192537951,0.053301656737382165,0.4,0.2,True,True,0.0,0
evaluator_collusion,1835087702,227,358,0.9933316008069846,0.9933604709731336,0.08315126268743218,0.9933316008069846,0.9646326302960527,0.256,0.7897840647022559,0.7175914185279626,0.9692168412141864,0.9374495776772649,358,0.1360229355155997,0.2061409568906703,0.052807183062202334,0.26711884854035045,0.2846084192537951,0.053301656737382165,0.4,0.2,True,True,0.0,0
evaluator_collusion,1835087702,228,358,0.9887865064678388,0.988826985851645,0.0804244730456821,0.9887865064678388,0.97328295634575,0.256,0.7916812209325751,0.7175936824428124,0.9692168409435268,0.9352060581463575,362,0.1360229355155997,0.2061409568906703,0.052807183062202334,0.26711884854035045,0.2846084192537951,0.053301656737382165,0.4,0.2,True,True,0.0,0
evaluator_collusion,1835087702,229,362,0.9906774514551754,0.9907032693317896,0.0840194128097337,0.9906774514551754,0.9795236714878524,0.256,0.7930435874414948,0.7175958331619198,0.9692168406999331,0.9336022696297818,363,0.1360229355155997,0.2061409568906703,0.052807183062202334,0.26711884854035045,0.2846084192537951,0.053301656737382165,0.4,0.2,True,True,0.0,0
evaluator_collusion,1835087702,230,363,0.9908640244031975,0.9908808637751592,0.08742255719767977,0.9908640244031975,0.9774598977119248,0.256,0.7978149608615185,0.7175978763450718,0.9692168404806988,0.9280214557459465,360,0.1360229355155997,0.2061409568906703,0.052807183062202334,0.26711884854035045,0.2846084192537951,0.053301656737382165,0.4,0.2,True,True,0.0,0
evaluator_collusion,1835087702,231,360,0.9904890934784162,0.9905235733722382,0.08171504576232574,0.9904890934784162,0.9858154465712872,0.256,0.793910728419749,0.7175998173690662,0.969216840283388,0.9325877302245753,365,0.1360229355155997,0.2061409568906703,0.052807183062202334,0.26711884854035045,0.2846084192537951,0.053301656737382165,0.4,0.2,True,True,0.0,0
evaluator_collusion,1835087702,232,365,0.9896260625895578,0.9896406406279702,0.0885604587890542,0.9896260625895578,0.9521969836275253,0.256,0.8026898077867914,0.7176016613418609,0.9692168401058082,0.9223903177915824,349,0.1360229355155997,0.2061409568906703,0.052807183062202334,0.26711884854035045,0.2846084192537951,0.053301656737382165,0.4,0.2,True,True,0.0,0
evaluator_collusion,1835087702,233,349,0.990662461137249,0.9906843680729843,0.08532681355875313,0.990662461137249,0.9414923511516686,0.256,0.804357443403437,0.7176034131160158,0.9692168399459864,0.920480217468771,344,0.1360229355155997,0.2061409568906703,0.052807183062202334,0.26711884854035045,0.2846084192537951,0.053301656737382165,0.4,0.2,True,True,0.0,0
evaluator_collusion,1835087702,234,344,0.9890277183733082,0.9890437923123897,0.08777809191562284,0.9890277183733082,0.9466638505639733,0.256,0.8054278871412922,0.7176050773014631,0.9692168398021468,0.9192589968616577,346,0.1360229355155997,0.2061409568906703,0.052807183062202334,0.26711884854035045,0.2846084192537951,0.053301656737382165,0.4,0.2,True,True,0.0,0
evaluator_collusion,1835087702,235,346,0.9874505224311922,0.9874670153072854,0.08756058460323228,0.9874505224311922,0.9229378217159447,0.256,0.8051093566521743,0.7176066582776379,0.9692168396726911,0.9196247152621385,338,0.1360229355155997,0.2061409568906703,0.052807183062202334,0.26711884854035045,0.2846084192537951,0.053301656737382165,0.4,0.2,True,True,0.0,0
evaluator_collusion,1835087702,236,338,0.9918428813343406,0.9918622755845649,0.0863060215633498,0.9918428813343406,0.9456442557975733,0.256,0.8045987965663023,0.717608160205004,0.969216839556181,0.9202101913956839,345,0.1360229355155997,0.2061409568906703,0.052807183062202334,0.26711884854035045,0.2846084192537951,0.053301656737382165,0.4,0.2,True,True,0.0,0
evaluator_collusion,1835087702,237,345,0.9894961492602397,0.9895144864940939,0.08673326390059942,0.9894961492602397,0.942106756553734,0.256,0.8081734744018145,0.7176095870360018,0.9692168394513219,0.916141779290044,343,0.1360229355155997,0.2061409568906703,0.052807183062202334,0.26711884854035045,0.2846084192537951,0.053301656737382165,0.4,0.2,True,True,0.0,0
evaluator_collusion,1835087702,238,343,0.988207523292979,0.9882230152731728,0.08806502533872741,0.988207523292979,0.9371759153027744,0.256,0.8097117956039616,0.7176109425254497,0.9692168393569487,0.9144029856626742,341,0.1360229355155997,0.2061409568906703,0.052807183062202334,0.26711884854035045,0.2846084192537951,0.053301656737382165,0.4,0.2,True,True,0.0,0
evaluator_collusion,1835087702,239,341,0.991170613019784,0.9911897355319108,0.08641294182913581,0.991170613019784,0.9643406686901165,0.256,0.8047305786743912,0.7176122302404252,0.9692168392720129,0.9200647169702293,352,0.1360229355155997,0.2061409568906703,0.052807183062202334,0.26711884854035045,0.2846084192537951,0.053301656737382165,0.4,0.2,True,True,0.0,0
evaluator_collusion,1835087702,240,352,0.9897427784053611,0.9897652295349668,0.08512410344709151,0.9897427784053611,0.9547450840598302,0.256,0.8093679012468656,0.7176134535696519,0.9692168391955706,0.9147947098054271,347,0.1360229355155997,0.2061409568906703,0.052807183062202334,0.26711884854035045,0.2846084192537951,0.053301656737382165,0.4,0.2,True,True,0.0,0
evaluator_collusion,1835087702,241,347,0.9911864123909851,0.9912060385656122,0.08620612808613265,0.9911864123909851,0.9500172765487481,0.256,0.8088476483838145,0.7176146157324172,0.9692168391267725,0.9153845905999685,345,0.1360229355155997,0.2061409568906703,0.052807183062202334,0.26711884854035045,0.2846084192537951,0.053301656737382165,0.4,0.2,True,True,0.0,0
evaluator_collusion,1835087702,242,345,0.9935066427481558,0.9935280239533896,0.08554298765988196,0.9935066427481558,0.9571619520059883,0.256,0.8083401814658548,0.7176157197870444,0.9692168390648542,0.9159606680674378,347,0.1360229355155997,0.2061409568906703,0.052807183062202334,0.26711884854035045,0.2846084192537951,0.053301656737382165,0.4,0.2,True,True,0.0,0
evaluator_collusion,1835087702,243,347,0.9889218293335655,0.9889400216910935,0.08679178095096643,0.9889218293335655,0.939432227646453,0.256,0.8134538711326826,0.7176167686389402,0.9692168390091278,0.9102039109078818,340,0.1360229355155997,0.2061409568906703,0.052807183062202334,0.26711884854035045,0.2846084192537951,0.053301656737382165,0.4,0.2,True,True,0.0,0
evaluator_collusion,1835087702,244,340,0.9926410833285266,0.9926576804808399,0.0875521483603045,0.9926410833285266,0.9803508071166946,0.256,0.8099694990448136,0.7176177650482412,0.969216838958974,0.9141207462944112,355,0.1360229355155997,0.2061409568906703,0.052807183062202334,0.26711884854035045,0.2846084192537951,0.053301656737382165,0.4,0.2,True,True,0.0,0
evaluator_collusion,1835087702,245,355,0.992133986782031,0.9921489866082355,0.08835356815731642,0.992133986782031,0.9822954566078976,0.256,0.80970904452439,0.717618711637077,0.9692168389138357,0.9144159925560117,356,0.1360229355155997,0.2061409568906703,0.052807183062202334,0.26711884854035045,0.2846084192537951,0.053301656737382165,0.4,0.2,True,True,0.0,0
evaluator_collusion,1835087702,246,356,0.9901517008250862,0.990166636613561,0.0883717038770101,0.9901517008250862,0.9755282029865713,0.256,0.8080093285142028,0.7176196108964712,0.9692168388732112,0.9163406923080049,355,0.1360229355155997,0.2061409568906703,0.052807183062202334,0.26711884854035045,0.2846084192537951,0.053301656737382165,0.4,0.2,True,True,0.0,0
evaluator_collusion,1835087702,247,355,0.9884165994911157,0.9884270102343014,0.09123067246059889,0.9884165994911157,0.9710430610920261,0.256,0.8125721147552564,0.7176204651928956,0.9692168388366491,0.9111963055273995,352,0.1360229355155997,0.2061409568906703,0.052807183062202334,0.26711884854035045,0.2846084192537951,0.053301656737382165,0.4,0.2,True,True,0.0,0
evaluator_collusion,1835087702,248,352,0.9935301138856265,0.9935523664050518,0.08522523374100194,0.9935301138856265,0.950123079042103,0.256,0.8141011237936469,0.7176212767744987,0.9692168388037432,0.909485965174177,342,0.1360229355155997,0.2061409568906703,0.052807183062202334,0.26711884854035045,0.2846084192537951,0.053301656737382165,0.4,0.2,True,True,0.0,0
evaluator_collusion,1835087702,249,342,0.9892292018671092,0.989238528086239,0.09211288167512012,0.9892292018671092,0.9518407434883206,0.256,0.8119951381690946,0.7176220477770218,0.9692168387741279,0.911845782112934,345,0.1360229355155997,0.2061409568906703,0.052807183062202334,0.26711884854035045,0.2846084192537951,0.053301656737382165,0.4,0.2,True,True,0.0,0
evaluator_collusion,1835087702,250,345,0.9900192943332943,0.9900289904669739,0.091809612536592,0.9900192943332943,0.9386206798063885,0.256,0.8142382117387328,0.7176227802294186,0.9692168387474741,0.9093347461434967,339,0.1360229355155997,0.2061409568906703,0.052807183062202334,0.26711884854035045,0.2846084192537951,0.053301656737382165,0.4,0.2,True,True,0.0,0
evaluator_collusion,1835087702,251,339,0.9894132173849227,0.9894317138525164,0.08666377406518484,0.9894132173849227,0.9312625838361982,0.256,0.8155666645895268,0.7176234760591956,0.9692168387234857,0.9078544374943041,336,0.1360229355155997,0.2061409568906703,0.052807183062202334,0.26711884854035045,0.2846084192537951,0.053301656737382165,0.4,0.2,True,True,0.0,0
evaluator_collusion,1835087702,252,336,0.9928441822439804,0.9928527913064019,0.09277883109471638,0.9928441822439804,0.9445085067271572,0.256,0.8170130193178338,0.7176241370974838,0.9692168387018962,0.9062481013927646,339,0.1360229355155997,0.2061409568906703,0.052807183062202334,0.26711884854035045,0.2846084192537951,0.053301656737382165,0.4,0.2,True,True,0.0,0
evaluator_collusion,1835087702,253,339,0.9916232193642452,0.9916416898851609,0.08669270787296765,0.9916232193642452,0.9349011286381695,0.256,0.8193655618952742,0.7176247650838576,0.9692168386824657,0.9036468945605959,335,0.1360229355155997,0.2061409568906703,0.052807183062202334,0.26711884854035045,0.2846084192537951,0.053301656737382165,0.4,0.2,True,True,0.0,0
evaluator_collusion,1835087702,254,335,0.991700461739266,0.9917120483611473,0.09040525340531122,0.991700461739266,0.9218817804156693,0.256,0.8251331371425359,0.7176253616709127,0.9692168386649781,0.8973312641753635,328,0.1360229355155997,0.2061409568906703,0.052807183062202334,0.26711884854035045,0.2846084192537951,0.053301656737382165,0.4,0.2,True,True,0.0,0
evaluator_collusion,1835087702,255,328,0.9902793139969708,0.9902915472973108,0.08996152680907037,0.9902793139969708,0.9206196583561868,0.256,0.8251853448357264,0.7176259284286151,0.9692168386492394,0.8972752006192406,328,0.1360229355155997,0.2061409568906703,0.052807183062202334,0.26711884854035045,0.2846084192537951,0.053301656737382165,0.4,0.2,True,True,0.0,0
evaluator_collusion,1835087702,256,328,0.9827166747900087,0.9827213135567922,0.09761943255846955,0.9827166747900087,0.9324539279123535,0.256,0.8173062956636877,0.7176264668484322,0.9692168386350745,0.9059258509266674,338,0.1360229355155997,0.2061409568906703,0.052807183062202334,0.26711884854035045,0.2846084192537951,0.053301656737382165,0.4,0.2,True,True,0.0,0
evaluator_collusion,1835087702,257,338,0.9899786418405496,0.989990656175941,0.09010287648336968,0.9899786418405496,0.9560698662890407,0.256,0.8173490083656443,0.7176269783472586,0.969216838622326,0.9058791551011802,344,0.1360229355155997,0.2061409568906703,0.052807183062202334,0.26711884854035045,0.2846084192537951,0.053301656737382165,0.4,0.2,True,True,0.0,0
evaluator_collusion,1835087702,258,344,0.992088323164695,0.99209285937638,0.09787294069277154,0.992088323164695,0.9675083306588034,0.256,0.8135435975990911,0.7176274642711437,0.9692168386108524,0.9101170885889541,349,0.1360229355155997,0.2061409568906703,0.052807183062202334,0.26711884854035045,0.2846084192537951,0.053301656737382165,0.4,0.2,True,True,0.0,0
evaluator_collusion,1835087702,259,349,0.9879153296157679,0.9879265399657048,0.09063760198230658,0.9879153296157679,0.9741194574536394,0.256,0.8109439456324338,0.7176279258988345,0.9692168386005262,0.9130352483326164,354,0.1360229355155997,0.2061409568906703,0.052807183062202334,0.26711884854035045,0.2846084192537951,0.053301656737382165,0.4,0.2,True,True,0.0,0
evaluator_collusion,1835087702,260,354,0.9906727072936277,0.9906923331054656,0.08620214874713017,0.9906727072936277,0.9558444211377004,0.256,0.816582197143924,0.7176283644451408,0.9692168385912326,0.9067315719789747,344,0.1360229355155997,0.2061409568906703,0.052807183062202334,0.26711884854035045,0.2846084192537951,0.053301656737382165,0.4,0.2,True,True,0.0,0
evaluator_collusion,1835087702,261,344,0.9913887197406236,0.9913928024303078,0.09870580604343247,0.9913887197406236,0.9750807837542304,0.256,0.8111907800182118,0.7176287810641317,0.9692168385828684,0.9127585117613034,353,0.1360229355155997,0.2061409568906703,0.052807183062202334,0.26711884854035045,0.2846084192537951,0.053301656737382165,0.4,0.2,True,True,0.0,0
evaluator_collusion,1835087702,262,353,0.9924118687679586,0.9924233232703408,0.09050224878737351,0.9924118687679586,0.9910753281242951,0.256,0.8076311508874394,0.7176291768521731,0.9692168385753406,0.9167819946948388,360,0.1360229355155997,0.2061409568906703,0.052807183062202334,0.26711884854035045,0.2846084192537951,0.053301656737382165,0.4,0.2,True,True,0.0,0
evaluator_collusion,1835087702,263,360,0.9874922288290546,0.9874994997679263,0.09408049101530051,0.9874922288290546,1.0034527061978291,0.256,0.8083189419588066,0.7176295528508124,0.9692168385685656,0.91600239336203,366,0.1360229355155997,0.2061409568906703,0.052807183062202334,0.26711884854035045,0.2846084192537951,0.053301656737382165,0.4,0.2,True,True,0.0,0
evaluator_collusion,1835087702,264,366,0.991844984063793,0.9918588039361428,0.08900341682773398,0.991844984063793,1.0422782923708451,0.256,0.7988063724593472,0.7176299100495198,0.969216838562468,0.9269110506753203,383,0.1360229355155997,0.2061409568906703,0.052807183062202334,0.26711884854035045,0.2846084192537951,0.053301656737382165,0.4,0.2,True,True,0.0,0
evaluator_collusion,1835087702,265,383,0.9917532714474013,0.9917843163861797,0.0825605057740042,0.9917532714474013,1.0440295565667244,0.256,0.8044228053639843,0.7176302493882918,0.9692168385569802,0.9204398472617458,381,0.1360229355155997,0.2061409568906703,0.052807183062202334,0.26711884854035045,0.2846084192537951,0.053301656737382165,0.4,0.2,True,True,0.0,0
evaluator_collusion,1835087702,266,381,0.9916579196448124,0.9916667157546005,0.09259822126290078,0.9916579196448124,1.0533065579009042,0.256,0.7990646925687211,0.7176305717601251,0.9692168385520412,0.9266122550569662,387,0.1360229355155997,0.2061409568906703,0.052807183062202334,0.26711884854035045,0.2846084192537951,0.053301656737382165,0.4,0.2,True,True,0.0,0
evaluator_collusion,1835087702,267,387,0.9923523620449786,0.9923673522076051,0.08836044982476916,0.9923523620449786,1.056303579753506,0.256,0.7987133359263879,0.7176308780133669,0.9692168385475961,0.9270202704731704,388,0.1360229355155997,0.2061409568906703,0.052807183062202334,0.26711884854035045,0.2846084192537951,0.053301656737382165,0.4,0.2,True,True,0.0,0
evaluator_collusion,1835087702,268,388,0.9900124759679851,0.9900210740688028,0.09276623744313986,0.9900124759679851,1.0348611989970398,0.256,0.8008616198017331,0.7176311689539465,0.9692168385435955,0.9245339451633006,380,0.1360229355155997,0.2061409568906703,0.052807183062202334,0.26711884854035045,0.2846084192537951,0.053301656737382165,0.4,0.2,True,True,0.0,0
evaluator_collusion,1835087702,269,380,0.9924968367560226,0.9925180552609566,0.08559569558317014,0.9924968367560226,1.0333847321867946,0.256,0.8019376136454156,0.7176314453474971,0.969216838539995,0.9232938142085346,378,0.1360229355155997,0.2061409568906703,0.052807183062202334,0.26711884854035045,0.2846084192537951,0.053301656737382165,0.4,0.2,True,True,0.0,0
evaluator_collusion,1835087702,270,378,0.990535600281838,0.990570087649747,0.08171369426209325,0.990535600281838,0.9965768514661629,0.256,0.8091544949848589,0.7176317079213702,0.9692168385367544,0.9150592545243686,362,0.1360229355155997,0.2061409568906703,0.052807183062202334,0.26711884854035045,0.2846084192537951,0.053301656737382165,0.4,0.2,True,True,0.0,0
evaluator_collusion,1835087702,271,362,0.9932470579535994,0.9932636136638293,0.08757690650791279,0.9932470579535994,0.9850487028626073,0.256,0.8133383070949101,0.7176319573665497,0.969216838533838,0.9103525063150463,355,0.1360229355155997,0.2061409568906703,0.052807183062202334,0.26711884854035045,0.2846084192537951,0.053301656737382165,0.4,0.2,True,True,0.0,0
evaluator_collusion,1835087702,272,355,0.9926259442971512,0.9926507139947163,0.08436495887021732,0.9926259442971512,0.9751296410218123,0.256,0.8148330581474008,0.7176321943394702,0.9692168385312132,0.9086828319541956,351,0.1360229355155997,0.2061409568906703,0.052807183062202334,0.26711884854035045,0.2846084192537951,0.053301656737382165,0.4,0.2,True,True,0.0,0
evaluator_collusion,1835087702,273,351,0.9928701756725686,0.9928914832433513,0.08556534701781104,0.9928701756725686,0.9749144060466641,0.256,0.8144525564191187,0.7176324194637447,0.9692168385288509,0.9091076420447427,351,0.1360229355155997,0.2061409568906703,0.052807183062202334,0.26711884854035045,0.2846084192537951,0.053301656737382165,0.4,0.2,True,True,0.0,0
evaluator_collusion,1835087702,274,351,0.9921382185621317,0.9921538011109153,0.08805022440142601,0.9921382185621317,0.9514555069495899,0.256,0.8187676608271733,0.7176326333318054,0.9692168385267248,0.9043166935022688,341,0.1360229355155997,0.2061409568906703,0.052807183062202334,0.26711884854035045,0.2846084192537951,0.053301656737382165,0.4,0.2,True,True,0.0,0
evaluator_collusion,1835087702,275,341,0.9901682398076284,0.9901750172848516,0.09466146669636176,0.9901682398076284,0.9477957444143839,0.256,0.8148511610549702,0.717632836506463,0.9692168385248113,0.9086634575771178,342,0.1360229355155997,0.2061409568906703,0.052807183062202334,0.26711884854035045,0.2846084192537951,0.053301656737382165,0.4,0.2,True,True,0.0,0
evaluator_collusion,1835087702,276,342,0.9884043682637811,0.9884174170125599,0.089432780601088,0.9884043682637811,0.9403028115748272,0.256,0.8098516811314115,0.7176330295223878,0.9692168385230893,0.914273180896669,342,0.1360229355155997,0.2061409568906703,0.052807183062202334,0.26711884854035045,0.2846084192537951,0.053301656737382165,0.4,0.2,True,True,0.0,0
evaluator_collusion,1835087702,277,342,0.9880174594246861,0.9880430476373938,0.0840691357599733,0.9880174594246861,0.9327409366138665,0.256,0.8131639613268251,0.7176332128875165,0.9692168385215394,0.9105492827603154,338,0.1360229355155997,0.2061409568906703,0.052807183062202334,0.26711884854035045,0.2846084192537951,0.053301656737382165,0.4,0.2,True,True,0.0,0
evaluator_collusion,1835087702,278,338,0.9891570600575929,0.9891778059865867,0.08574815120413319,0.9891570600575929,0.926721539722083,0.256,0.8117887418315229,0.7176333870843886,0.9692168385201445,0.9120920300184756,336,0.1360229355155997,0.2061409568906703,0.052807183062202334,0.26711884854035045,0.2846084192537951,0.053301656737382165,0.4,0.2,True,True,0.0,0
evaluator_collusion,1835087702,279,336,0.9905462269714806,0.99055604590986,0.09171366521414696,0.9905462269714806,0.9253200775216591,0.256,0.8118403437819486,0.7176335525714171,0.9692168385188891,0.9120342662178986,335,0.1360229355155997,0.2061409568906703,0.052807183062202334,0.26711884854035045,0.2846084192537951,0.053301656737382165,0.4,0.2,True,True,0.0,0
evaluator_collusion,1835087702,280,335,0.9914123332841922,0.9914225251317805,0.09142391228984836,0.9914123332841922,0.9261239219780292,0.256,0.8094194040944453,0.7176337097840942,0.9692168385177592,0.914762323078199,336,0.1360229355155997,0.2061409568906703,0.052807183062202334,0.26711884854035045,0.2846084192537951,0.053301656737382165,0.4,0.2,True,True,0.0,0
evaluator_collusion,1835087702,281,336,0.9907391007431339,0.9907581153594248,0.08645451549366781,0.9907391007431339,0.91804388243668,0.256,0.8101359744028623,0.7176338591361375,0.9692168385167423,0.9139534003241024,333,0.1360229355155997,0.2061409568906703,0.052807183062202334,0.26711884854035045,0.2846084192537951,0.053301656737382165,0.4,0.2,True,True,0.0,0
evaluator_collusion,1835087702,282,333,0.9908389910973167,0.9908532170310519,0.08876482638273875,0.9908389910973167,0.9086905384310943,0.256,0.811549374391662,0.7176340010205786,0.9692168385158271,0.9123618331625388,329,0.1360229355155997,0.2061409568906703,0.052807183062202334,0.26711884854035045,0.2846084192537951,0.053301656737382165,0.4,0.2,True,True,0.0,0
evaluator_collusion,1835087702,283,329,0.9915754915556854,0.9916069067251121,0.08246471437894018,0.9915754915556854,0.8921636897416526,0.256,0.8109873568052288,0.7176341358107977,0.9692168385150034,0.912994275164286,323,0.1360229355155997,0.2061409568906703,0.052807183062202334,0.26711884854035045,0.2846084192537951,0.053301656737382165,0.4,0.2,True,True,0.0,0
evaluator_collusion,1835087702,284,323,0.9911327169942106,0.9911570132476543,0.08450659233752486,0.9911327169942106,0.8817923794694167,0.256,0.8145264235491476,0.7176342638615059,0.9692168385142621,0.9090275339206215,318,0.1360229355155997,0.2061409568906703,0.052807183062202334,0.26711884854035045,0.2846084192537951,0.053301656737382165,0.4,0.2,True,True,0.0,0
evaluator_collusion,1835087702,285,318,0.989552510745986,0.9895667792587713,0.08873069561272899,0.989552510745986,0.8683331849922128,0.256,0.8162081200772443,0.7176343855096785,0.9692168385135949,0.9071547481717358,313,0.1360229355155997,0.2061409568906703,0.052807183062202334,0.26711884854035045,0.2846084192537951,0.053301656737382165,0.4,0.2,True,True,0.0,0
evaluator_collusion,1835087702,286,313,0.9878238127281102,0.9878341532206486,0.09127979241909458,0.9878238127281102,0.8623480482500874,0.256,0.8198587286549853,0.7176345010754426,0.9692168385129944,0.9031155795289184,310,0.1360229355155997,0.2061409568906703,0.052807183062202334,0.26711884854035045,0.2846084192537951,0.053301656737382165,0.4,0.2,True,True,0.0,0
evaluator_collusion,1835087702,287,310,0.9881589440317821,0.9881677734993266,0.09253995556700476,0.9881589440317821,0.8658204438385263,0.256,0.8176058587623093,0.7176346108629185,0.969216838512454,0.9056042054991886,312,0.1360229355155997,0.2061409568906703,0.052807183062202334,0.26711884854035045,0.2846084192537951,0.053301656737382165,0.4,0.2,True,True,0.0,0
evaluator_collusion,1835087702,288,312,0.9868042994659534,0.9868118359679,0.09378939643536724,0.9868042994659534,0.875433141017882,0.256,0.817339265752982,0.7176347151610205,0.9692168385119676,0.9058997197019134,316,0.1360229355155997,0.2061409568906703,0.052807183062202334,0.26711884854035045,0.2846084192537951,0.053301656737382165,0.4,0.2,True,True,0.0,0
evaluator_collusion,1835087702,289,316,0.9911447022716129,0.991149392013539,0.09760041350964413,0.9911447022716129,0.8584013874194009,0.256,0.8133717577307157,0.7176348142442175,0.9692168385115298,0.9103186912258486,310,0.1360229355155997,0.2061409568906703,0.052807183062202334,0.26711884854035045,0.2846084192537951,0.053301656737382165,0.4,0.2,True,True,0.0,0
evaluator_collusion,1835087702,290,310,0.9922533511554008,0.9922761790002542,0.08501181524474559,0.9922533511554008,0.8521814461406881,0.256,0.8171192692406619,0.7176349083732546,0.9692168385111359,0.9061438629204278,306,0.1360229355155997,0.2061409568906703,0.052807183062202334,0.26711884854035045,0.2846084192537951,0.053301656737382165,0.4,0.2,True,True,0.0,0
evaluator_collusion,1835087702,291,306,0.9892674455992879,0.989279697378899,0.08994137410017049,0.9892674455992879,0.8451278775761293,0.256,0.8181490882211002,0.7176349977958398,0.9692168385107813,0.9050033961039488,304,0.1360229355155997,0.2061409568906703,0.052807183062202334,0.26711884854035045,0.2846084192537951,0.053301656737382165,0.4,0.2,True,True,0.0,0
evaluator_collusion,1835087702,292,304,0.9904323461914427,0.9904377421005471,0.0964781878019015,0.9904323461914427,0.8384196725837941,0.256,0.8107003004789786,0.7176350827472958,0.9692168385104623,0.9133187573408027,304,0.1360229355155997,0.2061409568906703,0.052807183062202334,0.26711884854035045,0.2846084192537951,0.053301656737382165,0.4,0.2,True,True,0.0,0
evaluator_collusion,1835087702,293,304,0.9875249004771639,0.9875472040511248,0.08515873391715104,0.9875249004771639,0.8355128108202093,0.256,0.8076114040680885,0.7176351634511791,0.969216838510175,0.9168120590508393,305,0.1360229355155997,0.2061409568906703,0.052807183062202334,0.26711884854035045,0.2846084192537951,0.053301656737382165,0.4,0.2,True,True,0.0,0
evaluator_collusion,1835087702,294,305,0.9897979441456536,0.9898052459756382,0.09406530828079715,0.9897979441456536,0.8115894491446394,0.256,0.8119694555422976,0.7176352401198681,0.9692168385099166,0.9118913874488508,294,0.1360229355155997,0.2061409568906703,0.052807183062202334,0.26711884854035045,0.2846084192537951,0.053301656737382165,0.4,0.2,True,True,0.0,0
evaluator_collusion,1835087702,295,294,0.9899186631028988,0.9899361370223203,0.08712052319520282,0.9899186631028988,0.8096029727284714,0.256,0.8126472972818493,0.7176353129551227,0.969216838509684,0.9111308571453907,293,0.1360229355155997,0.2061409568906703,0.052807183062202334,0.26711884854035045,0.2846084192537951,0.053301656737382165,0.4,0.2,True,True,0.0,0
evaluator_collusion,1835087702,296,293,0.9922601610149472,0.9922741597630756,0.08890438038383049,0.9922601610149472,0.8196073605454925,0.256,0.8124294834992675,0.7176353821486146,0.9692168385094746,0.9113752208147929,296,0.1360229355155997,0.2061409568906703,0.052807183062202334,0.26711884854035045,0.2846084192537951,0.053301656737382165,0.4,0.2,True,True,0.0,0
evaluator_collusion,1835087702,297,296,0.985395426281902,0.9854111137034604,0.08794255002313246,0.985395426281902,0.801995569023675,0.256,0.8114759018410931,0.7176354478824318,0.9692168385092862,0.9124462797507829,292,0.1360229355155997,0.2061409568906703,0.052807183062202334,0.26711884854035045,0.2846084192537951,0.053301656737382165,0.4,0.2,True,True,0.0,0
evaluator_collusion,1835087702,298,292,0.9862391872090474,0.9862589094939734,0.08612741399253475,0.9862391872090474,0.8008050836213881,0.256,0.8151613558100104,0.7176355103295582,0.9692168385091166,0.9083210666153303,290,0.1360229355155997,0.2061409568906703,0.052807183062202334,0.26711884854035045,0.2846084192537951,0.053301656737382165,0.4,0.2,True,True,0.0,0
evaluator_collusion,1835087702,299,290,0.9907778474058424,0.9907884608289104,0.09109618695157579,0.9907778474058424,0.8031259125424638,0.256,0.8165945673402694,0.7176355696543283,0.9692168385089639,0.9067269401432455,289,0.1360229355155997,0.2061409568906703,0.052807183062202334,0.26711884854035045,0.2846084192537951,0.053301656737382165,0.4,0.2,True,True,0.0,0
