arm,seed,step,novelty_vector_count,h_n_latest,h_n_shape_latest,V,H_N,L_t,total_suppression,avg_wb,theta_capability,transfer_state,g,population,x_compute,x_bio_welfare,x_novelty_agency,x_institutional_capacity,x_transfer_comprehension,x_resilience,c_protective,c_suppressive,adapter_active,action_modified,adapter_score,shape_fallback_increase
successor_contamination,1835087704,0,200,0.9254991296768634,0.9834697885922667,0.022536165601211054,0.9254991296768634,0.08766967037394799,0.526,0.6620335779948806,0.525,0.5142514624767838,1.5420688014174906,201,0.32647163410343516,0.2505859574024363,1.6804947689567493e-07,0.29599450978458,0.12125731238391856,0.005690418276153105,0.6,0.4,False,False,0.0,2
successor_contamination,1835087704,1,201,0.9885584655212848,0.9885603863419885,0.10468495560042597,0.9885584655212848,0.11227547651082886,0.0,0.6786566717980538,0.5385171557058256,0.5549323926674752,1.4299121093621716,194,0.1845894463228199,0.26646558444919455,0.03432360467395017,0.1923906316099965,0.2605303821918488,0.061700350752190034,0.0,0.0,False,False,0.0,0
successor_contamination,1835087704,2,194,0.939739777873151,0.991290101678676,0.023533553591625865,0.939739777873151,0.12196766217567412,0.526,0.6958165520091147,0.5492340317516086,0.5954810184422382,1.3255458711333779,189,0.15803417288842841,0.2775436761567497,0.02203240051262062,0.19962553530684965,0.2802093252075526,0.06255488992779916,0.6,0.4,False,False,0.0,0
successor_contamination,1835087704,3,189,0.9712504986752771,0.9714805768822109,0.06645195778135408,0.9712504986752771,0.14975251330138756,0.256,0.7115826707651803,0.5518067932732319,0.6329729101938968,1.2251141501818665,193,0.06293078886504745,0.2539183779977789,0.011184174232001269,0.27137513169518734,0.28519996797941183,0.11539155923057333,0.4,0.2,False,False,0.0,0
successor_contamination,1835087704,4,193,0.9862204750515758,0.986290072497722,0.07609018081234381,0.9862204750515758,0.16920659204989655,0.2,0.7228962411756417,0.5544635250314467,0.6647923558050886,1.1537480980624866,191,0.06558839277345518,0.24178391099522145,0.13525659107943916,0.2529498202769388,0.27558368315290743,0.02883760172203799,0.0,0.2,False,False,0.0,0
successor_contamination,1835087704,5,191,0.9872439695109642,0.9873903077821661,0.07018318360349114,0.9872439695109642,0.1897032036239352,0.256,0.7338326619428688,0.5656001566884161,0.6683737727663427,1.1531693311372122,196,0.1732475988567723,0.2498063041176234,0.04609609978100122,0.30938715740506834,0.15030326270881483,0.07115957713071987,0.4,0.2,False,False,0.0,0
successor_contamination,1835087704,6,196,0.9806675366134954,0.9828346654576408,0.048692078974253455,0.9806675366134954,0.21017609909837393,0.4,0.7468005162270779,0.5742817212341508,0.6927170053779651,1.1101062166055242,196,0.1495196547519431,0.2402177864497217,0.0005542072957420117,0.331265506036363,0.2559030494412836,0.0225397960249465,0.0,0.4,False,False,0.0,0
successor_contamination,1835087704,7,196,0.9825020882132653,0.9829245129793452,0.06170870009003645,0.9825020882132653,0.22477674957523097,0.326,0.7508077386627354,0.577729701647899,0.7022352598619741,1.0957546525391464,197,0.08952583094319776,0.16564894871430624,0.01719664453330377,0.43619766777489083,0.19394977510902786,0.09748113292527356,0.6,0.2,False,False,0.0,0
successor_contamination,1835087704,8,197,0.9881666972799259,0.9881667454227591,0.1340252925718128,0.9881666972799259,0.24326976684960117,0.014000000000000002,0.7580626472118449,0.5838187856645972,0.7074717099720014,1.0885888691695291,200,0.124694613738664,0.24913929216208885,0.0998539796458198,0.27626223372136693,0.1772998804811235,0.07275000025093692,0.2,0.0,False,False,0.0,0
successor_contamination,1835087704,9,200,0.9835140532635467,0.9839626769328703,0.06123812131965352,0.9835140532635467,0.2642143498033067,0.326,0.7654863349622946,0.5995912790540882,0.7332045108058374,1.0682987912762194,204,0.2495429084090093,0.1774755949743615,0.10918565538647618,0.1590869804514945,0.28239985915518084,0.02230900162347773,0.6,0.2,False,False,0.0,0
successor_contamination,1835087704,10,204,0.9849648982663721,0.9849758516924254,0.09079834730873271,0.9849648982663721,0.28429807337591534,0.21400000000000002,0.7703466257186852,0.6095361884808221,0.7598840597252536,1.041276281702491,205,0.18655591724298048,0.21540836800576324,0.05870582176704316,0.20385290505484635,0.31484628425922484,0.020630703670141883,0.2,0.2,False,False,0.0,0
successor_contamination,1835087704,11,205,0.9857903784379048,0.9885304971652654,0.04687065867452875,0.9857903784379048,0.3000952750964823,0.42400000000000004,0.7747178761811816,0.6069145844846449,0.783357614886294,1.0000550961085317,204,0.035690067848298083,0.24736488031780005,0.025712025102209206,0.27465380208465745,0.2973098056678286,0.1192694189792065,0.8,0.2,False,False,0.0,0
successor_contamination,1835087704,12,204,0.9878709197313671,0.9881976722289838,0.06379550373183092,0.9878709197313671,0.3229643060692109,0.326,0.7804612460768557,0.6171249282655019,0.793554628960393,0.9964256932161237,207,0.19445091256361577,0.17246387515187614,0.1188586379843225,0.2598958314915811,0.2426638778136418,0.011666864994962672,0.6,0.2,False,False,0.0,0
successor_contamination,1835087704,13,207,0.9798038549866206,0.9841041731783599,0.043247427544663236,0.9798038549866206,0.33812263481922294,0.456,0.7845765882232316,0.6302722894938912,0.7876686502824295,1.0198805468162562,210,0.23754509552080533,0.23729566736579086,0.06644725367252607,0.2858757995331805,0.1673474210903793,0.005488762817317884,0.4,0.4,False,False,0.0,0
successor_contamination,1835087704,14,210,0.9813755366608174,0.9816711522976517,0.06453990236924685,0.9813755366608174,0.35719169310768595,0.35,0.7917205795835046,0.6242512322981917,0.8083960807512798,0.9753562587009278,212,0.006156965987436933,0.22636952614629538,0.04315601461289559,0.3418507422927135,0.297471477485466,0.08499527347519269,1.0,0.0,False,False,0.0,0
successor_contamination,1835087704,15,212,0.9801402108001955,0.9818226396432936,0.050699088158448,0.9801402108001955,0.37535082760743543,0.41400000000000003,0.7952389696074201,0.6197179816306675,0.8275564726761518,0.9416701501181811,215,0.02099138684231787,0.26139107672903605,0.007880767508431051,0.35327285826918753,0.30578810589906863,0.050675804751958826,0.2,0.4,False,False,0.0,0
successor_contamination,1835087704,16,215,0.9907235425846509,0.9907256938539534,0.10380045175024112,0.9907235425846509,0.39621630861817736,0.21400000000000002,0.7923908550935261,0.6307485661175174,0.8170300513778779,0.9742687809962528,224,0.21270604460479042,0.20139596383363023,0.18149661893190053,0.21957771931941353,0.16114612984670612,0.023677523463559235,0.2,0.2,False,False,0.0,0
successor_contamination,1835087704,17,224,0.9861904102836248,0.9878004438269438,0.05109751771437379,0.9861904102836248,0.41787303980589363,0.41400000000000003,0.793335274090512,0.643217333552493,0.8353270462400901,0.9706092622739867,231,0.23757744676064327,0.18904563867671897,0.07401153246869478,0.1530244200882705,0.3235898759654844,0.022751086040188193,0.2,0.4,False,False,0.0,0
successor_contamination,1835087704,18,231,0.9839326318772562,0.9839372742069207,0.09762316427177789,0.9839326318772562,0.43286774789244653,0.2,0.7961751037554637,0.6482345350088984,0.8517943416160811,0.9558479666641523,230,0.15222585167537606,0.16320697890484065,0.05010510199376328,0.2527399029934117,0.3656583659067114,0.016063798525896796,0.0,0.2,False,False,0.0,0
successor_contamination,1835087704,19,230,0.9887969185446487,0.9889148770265727,0.07191156265565415,0.9887969185446487,0.45163141071997953,0.326,0.7978131139709062,0.6569168133991949,0.8662787711448448,0.9504987170866626,237,0.20117506425926907,0.18102529754505078,0.1503090936373929,0.1172226994277022,0.2983193184518589,0.05194852667872608,0.6,0.2,False,False,0.0,0
successor_contamination,1835087704,20,237,0.9864188668909549,0.986418881523717,0.14349092761665252,0.9864188668909549,0.4582825905122878,0.0,0.8004281081720137,0.6631673475005134,0.8737812151772376,0.9481959579756346,236,0.1762046846409777,0.17116075603308362,0.07058382884901758,0.20365132163280658,0.2706516057343866,0.10774780310972788,0.0,0.0,False,False,0.0,0
successor_contamination,1835087704,21,236,0.9902525700920023,0.9902525740622937,0.15390511306813476,0.9902525700920023,0.4781347751851135,0.014000000000000002,0.8001620232490767,0.6669579152624988,0.8812754351763759,0.9458207355460065,241,0.1493616892126386,0.16791719051217077,0.16635788669615997,0.21816205877583136,0.27436170758430994,0.023839467218889306,0.2,0.0,False,False,0.0,0
successor_contamination,1835087704,22,241,0.9874872426208666,0.9886124605261498,0.05395598071868116,0.9874872426208666,0.49931816037967547,0.4,0.7966926954863129,0.6794719987176215,0.8527894360504149,1.000089613235735,253,0.2607747402280953,0.2764237774862678,0.0139666237588729,0.2685686681795999,0.09820772195838295,0.08205846838878124,0.0,0.4,False,False,0.0,0
successor_contamination,1835087704,23,253,0.9810690335007864,0.9838754401979389,0.0466428106889942,0.9810690335007864,0.5025905276950869,0.456,0.80247423517535,0.683968653148425,0.8492002824657453,1.0036793076766595,250,0.1683781795835572,0.19476455112376156,0.07954835316176687,0.3200329056809651,0.20844895010185918,0.0288270603480901,0.4,0.4,False,False,0.0,0
successor_contamination,1835087704,24,250,0.9863965823123994,0.9864033336374246,0.09466186290824394,0.9863965823123994,0.5150905619671418,0.22400000000000003,0.8031864868960361,0.69655552925198,0.8642802542191708,1.0034246366421191,252,0.2723163595122028,0.20819841595456154,0.05098014341254525,0.11706484337543004,0.3172462066976442,0.034194031047616334,0.8,0.0,False,False,0.0,0
successor_contamination,1835087704,25,252,0.9736417067922549,0.981325389833505,0.038604812213001966,0.9736417067922549,0.5317455477962324,0.526,0.8017188307627412,0.7068493743407038,0.8778522287972537,1.0043460535214248,258,0.2515202693915353,0.21377835450489724,0.0013553326593252122,0.18015309364786103,0.3510250313322962,0.0021679184640850924,0.6,0.4,False,False,0.0,0
successor_contamination,1835087704,26,258,0.9882395009506475,0.9882492009723884,0.09179209843839681,0.9882395009506475,0.5675306736558051,0.256,0.7967151748286997,0.7055480396688636,0.879929493696299,1.0064115810145484,273,0.11301417556493622,0.1691245309276936,0.10128874590949143,0.20298596251857823,0.24931243889385354,0.16427414618544697,0.4,0.2,False,False,0.0,0
successor_contamination,1835087704,27,273,0.9873792743366774,0.9873850157476616,0.09595958205672794,0.9873792743366774,0.6107174180589593,0.22400000000000003,0.7889866745871221,0.7064348229308516,0.8919365443266691,1.003849189449965,289,0.13955231556788922,0.23310558645534332,0.024276809453027806,0.2522449282850748,0.3028275121359677,0.04799284810269712,0.8,0.0,False,False,0.0,0
successor_contamination,1835087704,28,289,0.9898901485461273,0.9909625213924412,0.054357783122864045,0.9898901485461273,0.6226797731293247,0.4,0.7935448017901865,0.7182670967841912,0.9005601874723872,1.0050826534537058,288,0.2769251874985281,0.16794084264395293,0.04518767424848858,0.1641516394374944,0.2890864878919251,0.05670816827961091,0.0,0.4,False,False,0.0,0
successor_contamination,1835087704,29,288,0.9850644391285203,0.9850909630951712,0.08375941557982179,0.9850644391285203,0.6381797123560429,0.256,0.7875596957277234,0.7128253489740699,0.9105041687251485,0.9940717095299001,296,0.06839508786360346,0.24063004077130476,0.09482430537468184,0.22934401735111662,0.3473227620540554,0.019483786585237948,0.4,0.2,False,False,0.0,0
successor_contamination,1835087704,30,296,0.9892183382478313,0.9892187693366968,0.11658414810418131,0.9892183382478313,0.6414126194394278,0.126,0.792284737910295,0.7108069070768557,0.9056809864259189,0.9905926445056359,295,0.10778531939361578,0.26707184549392293,0.09947510900265755,0.23241784424427814,0.23113617286642596,0.06211370899909968,0.6,0.0,False,False,0.0,0
successor_contamination,1835087704,31,295,0.9877675775261767,0.989249984520777,0.05176659597299905,0.9877675775261767,0.6490724098608588,0.41400000000000003,0.787051454539594,0.7099250643097278,0.915112887783327,0.9856772023540883,296,0.12073128233393612,0.15078949244726625,0.05722627541006501,0.23929124951073028,0.31810677957841077,0.11385492071959162,0.2,0.4,False,False,0.0,0
successor_contamination,1835087704,32,296,0.9891792139045734,0.9891792224549686,0.14779000427534578,0.9891792139045734,0.6640188865738111,0.0,0.7915449088596824,0.7034053230158265,0.9148730425503172,0.9713354959758226,299,0.04970639901981299,0.17589912373109795,0.04751354427123962,0.39718813996486,0.2563572177266145,0.07333557528637506,0.0,0.0,False,False,0.0,0
successor_contamination,1835087704,33,299,0.9892031341337169,0.9892031810624374,0.13423695663889312,0.9892031341337169,0.6819196195348619,0.05600000000000001,0.7848775190488886,0.7182350568650352,0.9226755544365474,0.9917807959519002,302,0.3326885714994324,0.14531595060634167,0.020866600602645037,0.20165745086227918,0.29644908070630915,0.003022345722992591,0.4,0.0,False,False,0.0,0
successor_contamination,1835087704,34,302,0.9904815826215697,0.990496718284313,0.08826853985577017,0.9904815826215697,0.6885471267558047,0.2,0.775345293724485,0.7202635027310139,0.9231016641574501,1.0063445980824033,306,0.16175248386538144,0.1409885098099559,0.05099571869402943,0.23377263502378712,0.2634683258227875,0.14902232678405872,0.0,0.2,False,False,0.0,0
successor_contamination,1835087704,35,306,0.9901378565559359,0.9901378660594939,0.14695642443361823,0.9901378565559359,0.6865691093779149,0.0,0.7762907013289984,0.7224275939896788,0.8959325852035049,1.0387107102993538,309,0.16471582994019485,0.19643015217846876,0.20712566927633383,0.2865022796750838,0.12570543730899927,0.01952063162091939,0.0,0.0,False,False,0.0,0
successor_contamination,1835087704,36,309,0.992652935128267,0.9926529415161476,0.15013886748810357,0.992652935128267,0.6879856280305343,0.0,0.7846293694593902,0.7245056921209773,0.904742104793312,1.020592658035485,307,0.1649934728847801,0.19267495931382933,0.09111780485328226,0.15446593267970493,0.2920138905507877,0.1047339397176157,0.0,0.0,False,False,0.0,0
successor_contamination,1835087704,37,307,0.9376273500294212,0.9912076003210848,0.023225456713902203,0.9376273500294212,0.6593291702733808,0.6,0.7829088436528637,0.7251567145380279,0.912468303809801,1.0150861130014588,305,0.14845383778874288,0.18183431665595115,0.02528820497946012,0.27452750862794534,0.29100204747910113,0.07889408446879935,0.0,0.6,False,False,0.0,0
successor_contamination,1835087704,38,305,0.9849254615908986,0.9849264258966965,0.11014092292942972,0.9849254615908986,0.7025903288404926,0.126,0.7836424091332523,0.7270488901290091,0.9212214734288209,1.0071209542164699,308,0.1643751414735328,0.20532356449717162,0.03354417811857922,0.1883702656090083,0.30167232759930673,0.10671452270240134,0.6,0.0,False,False,0.0,0
successor_contamination,1835087704,39,308,0.9685521359064434,0.9886898181315104,0.03099484323904849,0.9685521359064434,0.6988541454180536,0.55,0.7827319730042007,0.7178010466297242,0.9290993260859388,0.987026625118133,314,0.026307512589569915,0.18358658280550272,0.11526345455301615,0.209666941954641,0.3887587615242142,0.07641674657305603,1.0,0.2,False,False,0.0,0
successor_contamination,1835087704,40,314,0.9775026299357746,0.9917146155829564,0.03379330199135635,0.9775026299357746,0.7070245230883558,0.526,0.7880030878893063,0.7149218853307616,0.9301734892582942,0.9753639843104561,311,0.10013613790654573,0.26371267894912415,0.0540223540686529,0.2512239970603291,0.26992047890474635,0.06098435311060179,0.6,0.4,False,False,0.0,0
successor_contamination,1835087704,41,311,0.9897656742780709,0.9897709432125451,0.0966623797567598,0.9897656742780709,0.7130854826599324,0.2,0.788363330664716,0.7196320712631354,0.9370007703568066,0.9741910747600695,309,0.19320350248639942,0.1775851643625445,0.11228055191282368,0.17425788511445253,0.2992231501217091,0.043449746002070695,0.0,0.2,False,False,0.0,0
successor_contamination,1835087704,42,309,0.9922249215626021,0.99239159882145,0.06918748873712788,0.9922249215626021,0.7173847438547352,0.326,0.7872311013045398,0.7162359537266496,0.9250425359508447,0.9835403264151766,315,0.09481857533338653,0.2098386694558013,0.07225556386150309,0.23013395800670938,0.208709213148594,0.18424402019400576,0.6,0.2,False,False,0.0,0
successor_contamination,1835087704,43,315,0.9908996686564538,0.9909383367977537,0.080805837811711,0.9908996686564538,0.7240044804445142,0.256,0.7910503048999178,0.7246425433459579,0.9171313528320905,0.9988221965047441,313,0.24022984132050973,0.21205552992439552,0.032441901030223555,0.25428918293206293,0.22296535238165074,0.038018192411157545,0.4,0.2,False,False,0.0,0
successor_contamination,1835087704,44,313,0.9901068879673321,0.9901239467558415,0.08731342467146783,0.9901068879673321,0.7182909333383132,0.256,0.7925997220124601,0.7142248390105983,0.9254182175488814,0.9737399525896195,311,0.010180285399228009,0.1705274505375953,0.17464344064270962,0.23322678703036712,0.3143512797245643,0.09707075666553558,0.4,0.2,False,False,0.0,0
successor_contamination,1835087704,45,311,0.9931077063701855,0.9931190364771502,0.09059474594962433,0.9931077063701855,0.7394383566869599,0.22400000000000003,0.7854117025959503,0.7278737576003808,0.9328763957939933,0.9934238663999664,320,0.304502006753905,0.15374587795671268,0.030455290259489936,0.1412989207854888,0.3699918567046414,6.047539762166479e-06,0.8,0.0,False,False,0.0,0
successor_contamination,1835087704,46,320,0.9915784161086779,0.9915784195343346,0.15509024327044013,0.9915784161086779,0.7347956776106854,0.014000000000000002,0.785528177287275,0.7222952922938315,0.9294948468479491,0.9892499338137803,319,0.07269028216837249,0.2627725621107088,0.030405445747359098,0.25286837753781727,0.24953045316677577,0.13173287926896665,0.2,0.0,False,False,0.0,0
successor_contamination,1835087704,47,319,0.9898034003413461,0.9898132179002886,0.09170881200239851,0.9898034003413461,0.7487796421495513,0.2,0.7851866097147954,0.7265178888157576,0.9251549674787523,1.0001357293801931,322,0.19171701420772147,0.15974255064667875,0.11843995463387921,0.2611654057988471,0.24304802657799018,0.025887048134883312,0.0,0.2,False,False,0.0,0
successor_contamination,1835087704,48,322,0.991599871761664,0.9916040961471021,0.09843592225823579,0.991599871761664,0.7433687719929305,0.21400000000000002,0.7874361430962138,0.7363498949100769,0.9286801746535998,1.006937951864158,316,0.2644737566888383,0.190119335129612,0.04900437167296346,0.18115140271688576,0.28020351961361367,0.035047614178086856,0.2,0.2,False,False,0.0,0
successor_contamination,1835087704,49,316,0.9882351191918701,0.9882430218297181,0.09342331891686063,0.9882351191918701,0.7244426058480447,0.22400000000000003,0.7890798824207349,0.7360772594879094,0.9116551723010601,1.0232266180273777,311,0.144310741541704,0.17510161475994554,0.07738147812855882,0.26035382216309105,0.1792150755641016,0.16363726784259897,0.8,0.0,False,False,0.0,0
successor_contamination,1835087704,50,311,0.988445646042677,0.989539471277837,0.054188677726421476,0.988445646042677,0.7532609530355874,0.4,0.7912472946399134,0.7289652114697072,0.9202046891921619,1.0011752911694192,307,0.05864768695241532,0.4213588990540102,0.0900006024637391,0.09152109621083551,0.298575170606039,0.03989654471296093,0.0,0.4,True,False,0.0,0
successor_contamination,1835087704,51,307,0.9901332195814516,0.9901675394430218,0.08174921534350148,0.9901332195814516,0.767144157129716,0.269,0.7926855909033037,0.7257253466484174,0.9281842202729458,0.9863638493095324,307,0.10260494690244432,0.36598483345205113,0.034906979638467596,0.10316466075160399,0.3803401676773645,0.012998411578068468,0.4,0.21300000000000002,True,True,0.0,0
successor_contamination,1835087704,52,307,0.991950657974494,0.9919563350160937,0.09608609776272832,0.991950657974494,0.7852239133843916,0.2195,0.7957053672179213,0.7203008375887855,0.9353657982456512,0.9677878075821729,305,0.07327197840986216,0.16442359957393982,0.15556436504398757,0.11779052452104971,0.33695084357221217,0.15199868887894868,0.0,0.2195,True,True,0.0,0
successor_contamination,1835087704,53,305,0.9891553315892955,0.989155356757503,0.1391960827987372,0.9891553315892955,0.7730628266362112,0.026,0.7873417547093098,0.7155148453158593,0.9418292184210861,0.964901997765596,299,0.0778631200814133,0.15025638906671004,0.07864617174898386,0.1982416721193512,0.4949102889954059,8.23579881358198e-05,0.0,0.026,True,True,0.0,0
successor_contamination,1835087704,54,299,0.9689396027929535,0.9887163389534174,0.031139026591039346,0.9689396027929535,0.8309112358534945,0.5585,0.7919540667855475,0.705222863842081,0.9476462965789775,0.9396802974679265,303,0.006047009900183565,0.21557734840884557,0.0011060113508069402,0.46670586492755184,0.3049949592278293,0.005568806184782816,0.6,0.4325,True,True,0.0,0
successor_contamination,1835087704,55,303,0.988519908293436,0.9885199129834518,0.15256505277283472,0.988519908293436,0.8672793693281803,0.026,0.79059011388348,0.70119077025649,0.9528816669210798,0.9307774223998536,303,0.0778631200814133,0.15025638906671004,0.07864617174898386,0.1982416721193512,0.4949102889954059,8.23579881358198e-05,0.0,0.026,True,True,0.0,0
successor_contamination,1835087704,56,303,0.9884416701428216,0.9884417003794664,0.13772987882146154,0.9884416701428216,0.8644129286646592,0.026,0.7873850001354643,0.6973602813501786,0.9575935002289718,0.9248874394240386,298,0.0778631200814133,0.15025638906671004,0.07864617174898386,0.1982416721193512,0.4949102889954059,8.23579881358198e-05,0.0,0.026,True,True,0.0,0
successor_contamination,1835087704,57,298,0.9901057115894109,0.9901057184070786,0.14960009554267623,0.9901057115894109,0.8539964852106443,0.026,0.7829579542378933,0.6937213168891827,0.9618341502060747,0.9211840432699056,292,0.0778631200814133,0.15025638906671004,0.07864617174898386,0.1982416721193512,0.4949102889954059,8.23579881358198e-05,0.0,0.026,True,True,0.0,0
successor_contamination,1835087704,58,292,0.9884779018578003,0.9884779450587167,0.13488995932496659,0.9884779018578003,0.849671220574308,0.026,0.7811477840860482,0.6902643006512367,0.9656507351854672,0.9150864662623851,287,0.0778631200814133,0.15025638906671004,0.07864617174898386,0.1982416721193512,0.4949102889954059,8.23579881358198e-05,0.0,0.026,True,True,0.0,0
successor_contamination,1835087704,59,287,0.9888440067533907,0.9888440581073838,0.1335167613913142,0.9888440067533907,0.8571329334262187,0.026,0.7764563290815738,0.6869801352251879,0.9690856616669205,0.9129878056168717,289,0.0778631200814133,0.15025638906671004,0.07864617174898386,0.1982416721193512,0.4949102889954059,8.23579881358198e-05,0.0,0.026,True,True,0.0,0
successor_contamination,1835087704,60,289,0.9894100333953276,0.9894100455242149,0.14500891999366844,0.9894100333953276,0.8604089353276653,0.026,0.7737012607016995,0.6838601780704415,0.9721770955002285,0.9091773873916768,288,0.0778631200814133,0.15025638906671004,0.07864617174898386,0.1982416721193512,0.4949102889954059,8.23579881358198e-05,0.0,0.026,True,True,0.0,0
successor_contamination,1835087704,61,288,0.9891481667888504,0.9891751941460607,0.08364269394835612,0.9891481667888504,0.9036084310656771,0.256,0.7734917462314304,0.6855490040081674,0.9718810698009647,0.9119472065536393,297,0.1360229355155997,0.2061409568906703,0.052807183062202334,0.26711884854035045,0.2846084192537951,0.053301656737382165,0.4,0.2,True,True,0.0,0
successor_contamination,1835087704,62,297,0.9873329582617617,0.9873815618227537,0.0789568993149553,0.9873329582617617,0.9197417885120442,0.256,0.7760939918517668,0.687153388649007,0.9716146466716272,0.9112663178139908,295,0.1360229355155997,0.2061409568906703,0.052807183062202334,0.26711884854035045,0.2846084192537951,0.053301656737382165,0.4,0.2,True,True,0.0,0
successor_contamination,1835087704,63,295,0.9887798653637148,0.9888112358619142,0.08245356756710183,0.9887798653637148,0.9464535641086449,0.256,0.7776602703791283,0.6886775540578046,0.9713748658552235,0.911673128821998,297,0.1360229355155997,0.2061409568906703,0.052807183062202334,0.26711884854035045,0.2846084192537951,0.053301656737382165,0.4,0.2,True,True,0.0,0
successor_contamination,1835087704,64,297,0.989455503637797,0.9894915345361806,0.081356500519274,0.989455503637797,0.9830533631500264,0.256,0.7816114630804325,0.6901255111961624,0.9711590631204602,0.9091735535136567,300,0.1360229355155997,0.2061409568906703,0.052807183062202334,0.26711884854035045,0.2846084192537951,0.053301656737382165,0.4,0.2,True,True,0.0,0
successor_contamination,1835087704,65,300,0.9884255996173744,0.9884599782136305,0.08172186505178458,0.9884255996173744,0.981974854192869,0.256,0.7850052310002904,0.6915010704776022,0.9709648406591732,0.9072287446057644,293,0.1360229355155997,0.2061409568906703,0.052807183062202334,0.26711884854035045,0.2846084192537951,0.053301656737382165,0.4,0.2,True,True,0.0,0
successor_contamination,1835087704,66,293,0.9924529944724035,0.9924764705635466,0.0847905281971781,0.9924529944724035,1.003399641471192,0.256,0.7852090020318829,0.6928078517949701,0.970790040444015,0.9088709427462425,295,0.1360229355155997,0.2061409568906703,0.052807183062202334,0.26711884854035045,0.2846084192537951,0.053301656737382165,0.4,0.2,True,True,0.0,0
successor_contamination,1835087704,67,295,0.9905639241022725,0.9905847933764372,0.08571227883014657,0.9905639241022725,1.0126610123652169,0.256,0.7887098545826606,0.6940492940464695,0.9706327202503725,0.9066050257671974,292,0.1360229355155997,0.2061409568906703,0.052807183062202334,0.26711884854035045,0.2846084192537951,0.053301656737382165,0.4,0.2,True,True,0.0,0
successor_contamination,1835087704,68,292,0.9869650820579783,0.9869840218997809,0.0864554997912963,0.9869650820579783,1.0350325749540257,0.256,0.7870486258345504,0.6952286641853941,0.9704911320760943,0.9101951842652,299,0.1360229355155997,0.2061409568906703,0.052807183062202334,0.26711884854035045,0.2846084192537951,0.053301656737382165,0.4,0.2,True,True,0.0,0
successor_contamination,1835087704,69,299,0.9909128980088312,0.9909325048104395,0.0862117923958094,0.9909128980088312,1.0723237226895679,0.256,0.7902090401272364,0.6963490658173723,0.9703637027192439,0.908135097410654,303,0.1360229355155997,0.2061409568906703,0.052807183062202334,0.26711884854035045,0.2846084192537951,0.053301656737382165,0.4,0.2,True,True,0.0,0
successor_contamination,1835087704,70,303,0.9861666840067794,0.9861883230755906,0.0853885376755411,0.9861666840067794,1.0906392774565794,0.256,0.795572697447958,0.6974134473677517,0.9702490162980785,0.9034980830374918,302,0.1360229355155997,0.2061409568906703,0.052807183062202334,0.26711884854035045,0.2846084192537951,0.053301656737382165,0.4,0.2,True,True,0.0,0
successor_contamination,1835087704,71,302,0.9899765527201295,0.9899958202879674,0.08634319384844706,0.9899765527201295,1.0995413625906025,0.256,0.796216808451089,0.698424609840612,0.9701457985190296,0.904172273429228,301,0.1360229355155997,0.2061409568906703,0.052807183062202334,0.26711884854035045,0.2846084192537951,0.053301656737382165,0.4,0.2,True,True,0.0,0
successor_contamination,1835087704,72,301,0.9889362407295822,0.9889759420292602,0.08058016817963423,0.9889362407295822,1.1063183371394505,0.256,0.7959880582363837,0.6993852141898295,0.9700529025178857,0.9057627889937085,302,0.1360229355155997,0.2061409568906703,0.052807183062202334,0.26711884854035045,0.2846084192537951,0.053301656737382165,0.4,0.2,True,True,0.0,0
successor_contamination,1835087704,73,302,0.9898890040740272,0.9899094590457166,0.08586646539152065,0.9898890040740272,1.113253171399929,0.256,0.7982000006972786,0.700297788321586,0.9699692961168561,0.9045093151329869,300,0.1360229355155997,0.2061409568906703,0.052807183062202334,0.26711884854035045,0.2846084192537951,0.053301656737382165,0.4,0.2,True,True,0.0,0
successor_contamination,1835087704,74,300,0.9901710682692493,0.9901906189780652,0.08622863615083871,0.9901710682692493,1.1403716516680096,0.256,0.8001616848447031,0.7011647337467546,0.9698940503559296,0.9034789063883121,304,0.1360229355155997,0.2061409568906703,0.052807183062202334,0.26711884854035045,0.2846084192537951,0.053301656737382165,0.4,0.2,True,True,0.0,0
successor_contamination,1835087704,75,304,0.9884652053145117,0.9884882892291234,0.0848925760220814,0.9884652053145117,1.1597965949589357,0.256,0.801754586479881,0.7019883319006648,0.9698263291710957,0.9028060696943521,307,0.1360229355155997,0.2061409568906703,0.052807183062202334,0.26711884854035045,0.2846084192537951,0.053301656737382165,0.4,0.2,True,True,0.0,0
successor_contamination,1835087704,76,307,0.9924550607701002,0.9924748170128043,0.08616373116886054,0.9924550607701002,1.1787827435513811,0.256,0.7980096769168351,0.7027707501468795,0.9697653801047451,0.908110806262249,314,0.1360229355155997,0.2061409568906703,0.052807183062202334,0.26711884854035045,0.2846084192537951,0.053301656737382165,0.4,0.2,True,True,0.0,0
successor_contamination,1835087704,77,314,0.9898252572862619,0.9898374539620142,0.08998174288287919,0.9898252572862619,1.1594929499467646,0.256,0.7934093600845257,0.7035140474807835,0.9697105259450296,0.9143939506101154,314,0.1360229355155997,0.2061409568906703,0.052807183062202334,0.26711884854035045,0.2846084192537951,0.053301656737382165,0.4,0.2,True,True,0.0,0
successor_contamination,1835087704,78,314,0.9910262735388108,0.9910517727233232,0.08412108194509499,0.9910262735388108,1.157389591708147,0.256,0.793745141492492,0.7042201799479924,0.9696611572012857,0.9149711215238833,312,0.1360229355155997,0.2061409568906703,0.052807183062202334,0.26711884854035045,0.2846084192537951,0.053301656737382165,0.4,0.2,True,True,0.0,0
successor_contamination,1835087704,79,312,0.9909070736969287,0.9909327478840187,0.08406568198237867,0.9909070736969287,1.1688649851618718,0.256,0.7960178868174245,0.7048910057918407,0.9696167253319161,0.9132696899530426,312,0.1360229355155997,0.2061409568906703,0.052807183062202334,0.26711884854035045,0.2846084192537951,0.053301656737382165,0.4,0.2,True,True,0.0,0
successor_contamination,1835087704,80,312,0.9877636357929138,0.9877765077936255,0.0895361752508313,0.9877636357929138,1.1621954931853484,0.256,0.794834417368229,0.7055282903434966,0.9695767366494835,0.9154941672097957,312,0.1360229355155997,0.2061409568906703,0.052807183062202334,0.26711884854035045,0.2846084192537951,0.053301656737382165,0.4,0.2,True,True,0.0,0
successor_contamination,1835087704,81,312,0.9921359747237507,0.9921464316587885,0.09122532950930994,0.9921359747237507,1.173903653397076,0.256,0.7969054414875602,0.7061337106675698,0.9695407468352942,0.913932427499523,311,0.1360229355155997,0.2061409568906703,0.052807183062202334,0.26711884854035045,0.2846084192537951,0.053301656737382165,0.4,0.2,True,True,0.0,0
successor_contamination,1835087704,82,311,0.9903479186576327,0.990370948771565,0.08492629609383609,0.9903479186576327,1.1608683732273133,0.256,0.7966408530494318,0.7067088599754393,0.9695083560025238,0.9150111906925827,308,0.1360229355155997,0.2061409568906703,0.052807183062202334,0.26711884854035045,0.2846084192537951,0.053301656737382165,0.4,0.2,True,True,0.0,0
successor_contamination,1835087704,83,308,0.9901624606925798,0.9901820356580227,0.08621869718090894,0.9901624606925798,1.1705650501285352,0.256,0.7996473168714919,0.7072552518179154,0.9694792042530305,0.9123032016502677,307,0.1360229355155997,0.2061409568906703,0.052807183062202334,0.26711884854035045,0.2846084192537951,0.053301656737382165,0.4,0.2,True,True,0.0,0
successor_contamination,1835087704,84,307,0.9894891575354279,0.9894993931634228,0.09137433627226313,0.9894891575354279,1.198247684689509,0.256,0.8100009109720172,0.7077743240682676,0.9694529676784864,0.9013273549372973,303,0.1360229355155997,0.2061409568906703,0.052807183062202334,0.26711884854035045,0.2846084192537951,0.053301656737382165,0.4,0.2,True,True,0.0,0
successor_contamination,1835087704,85,303,0.9912006433851103,0.9912264404189471,0.08403004402623293,0.9912006433851103,1.2179632317087832,0.256,0.813986226475462,0.7082674427061022,0.9694293547613968,0.8975611707587794,303,0.1360229355155997,0.2061409568906703,0.052807183062202334,0.26711884854035045,0.2846084192537951,0.053301656737382165,0.4,0.2,True,True,0.0,0
successor_contamination,1835087704,86,303,0.9919750945881907,0.9919884990440239,0.0892474023292736,0.9919750945881907,1.2290863154176532,0.256,0.8171616699012061,0.7087359054120451,0.9694081031360161,0.8946842710938929,302,0.1360229355155997,0.2061409568906703,0.052807183062202334,0.26711884854035045,0.2846084192537951,0.053301656737382165,0.4,0.2,True,True,0.0,0
successor_contamination,1835087704,87,302,0.989187819884749,0.9891965136052271,0.09267156941887196,0.989187819884749,1.2320776004699547,0.256,0.8146620621805486,0.7091809449826908,0.9693889766731735,0.8980106534830861,306,0.1360229355155997,0.2061409568906703,0.052807183062202334,0.26711884854035045,0.2846084192537951,0.053301656737382165,0.4,0.2,True,True,0.0,0
successor_contamination,1835087704,88,306,0.9907608559183284,0.9907872193693448,0.08385363038597442,0.9907608559183284,1.2332445905044347,0.256,0.8171908134877046,0.7096037325748042,0.9693717628566152,0.8957814207096894,303,0.1360229355155997,0.2061409568906703,0.052807183062202334,0.26711884854035045,0.2846084192537951,0.053301656737382165,0.4,0.2,True,True,0.0,0
successor_contamination,1835087704,89,303,0.9947402760735925,0.9947529534799952,0.08971345433664352,0.9947402760735925,1.2760665990177824,0.256,0.8154358847133346,0.710005380787312,0.9693562704217127,0.898231738726453,314,0.1360229355155997,0.2061409568906703,0.052807183062202334,0.26711884854035045,0.2846084192537951,0.053301656737382165,0.4,0.2,True,True,0.0,0
successor_contamination,1835087704,90,314,0.9898965531663113,0.9899110764128849,0.08859260817550262,0.9898965531663113,1.2701290085258747,0.256,0.8163132292328159,0.7103869465891944,0.9693423272303004,0.897761466668357,313,0.1360229355155997,0.2061409568906703,0.052807183062202334,0.26711884854035045,0.2846084192537951,0.053301656737382165,0.4,0.2,True,True,0.0,0
successor_contamination,1835087704,91,313,0.9877848640265409,0.9877970204020068,0.08999166243684226,0.9877848640265409,1.274918288743478,0.256,0.8170057484965977,0.7107494341009827,0.9693297783580295,0.8974698251742361,314,0.1360229355155997,0.2061409568906703,0.052807183062202334,0.26711884854035045,0.2846084192537951,0.053301656737382165,0.4,0.2,True,True,0.0,0
successor_contamination,1835087704,92,314,0.9893447880513978,0.9893577566954196,0.08948936647512618,0.9893447880513978,1.2864375090577704,0.256,0.8144798293982035,0.7110937972371816,0.9693184843729855,0.9006997917433217,319,0.1360229355155997,0.2061409568906703,0.052807183062202334,0.26711884854035045,0.2846084192537951,0.053301656737382165,0.4,0.2,True,True,0.0,0
successor_contamination,1835087704,93,319,0.9889003364923137,0.9889126965708784,0.08986836704511572,0.9889003364923137,1.2816871040581583,0.256,0.8134683423043496,0.7114209422165705,0.9693083197864459,0.9022440959840008,319,0.1360229355155997,0.2061409568906703,0.052807183062202334,0.26711884854035045,0.2846084192537951,0.053301656737382165,0.4,0.2,True,True,0.0,0
successor_contamination,1835087704,94,319,0.9910946980417087,0.9911055493346294,0.09092230131408166,0.9910946980417087,1.2795057238334553,0.256,0.815941744940041,0.71173172994699,0.9692991716585604,0.8999105290906035,315,0.1360229355155997,0.2061409568906703,0.052807183062202334,0.26711884854035045,0.2846084192537951,0.053301656737382165,0.4,0.2,True,True,0.0,0
successor_contamination,1835087704,95,315,0.9905319248382417,0.9905433212978583,0.09052759346863022,0.9905319248382417,1.2977150403649977,0.256,0.8128816166215346,0.7120269782908885,0.9692909383434634,0.9036806735704425,323,0.1360229355155997,0.2061409568906703,0.052807183062202334,0.26711884854035045,0.2846084192537951,0.053301656737382165,0.4,0.2,True,True,0.0,0
successor_contamination,1835087704,96,323,0.9892573552988388,0.9892693997731624,0.09007713158001977,0.9892573552988388,1.2922150885654262,0.256,0.8137889444322668,0.7123074642175921,0.9692835283598761,0.9030356115325335,321,0.1360229355155997,0.2061409568906703,0.052807183062202334,0.26711884854035045,0.2846084192537951,0.053301656737382165,0.4,0.2,True,True,0.0,0
successor_contamination,1835087704,97,321,0.9928858688352308,0.9929083465759608,0.08513991213954576,0.9928858688352308,1.3080181703383191,0.256,0.8099848227114962,0.7125739258479604,0.9692768593746475,0.9076223904296998,328,0.1360229355155997,0.2061409568906703,0.052807183062202334,0.26711884854035045,0.2846084192537951,0.053301656737382165,0.4,0.2,True,True,0.0,0
successor_contamination,1835087704,98,328,0.9897500810413604,0.9897686423471959,0.08663862946111588,0.9897500810413604,1.2973142169075291,0.256,0.8085146470445641,0.7128270643968104,0.9692708572879417,0.9096014277143605,328,0.1360229355155997,0.2061409568906703,0.052807183062202334,0.26711884854035045,0.2846084192537951,0.053301656737382165,0.4,0.2,True,True,0.0,0
successor_contamination,1835087704,99,328,0.9907006808830642,0.9907249607244971,0.08450850053867064,0.9907006808830642,1.2999880245910733,0.256,0.8079450260180985,0.7130675460182179,0.9692654554099066,0.9105548760379587,329,0.1360229355155997,0.2061409568906703,0.052807183062202334,0.26711884854035045,0.2846084192537951,0.053301656737382165,0.4,0.2,True,True,0.0,0
successor_contamination,1835087704,100,329,0.9910896839312301,0.991109868174452,0.08598216998904004,0.9910896839312301,1.313525614150589,0.256,0.8073322509466623,0.7132960035585549,0.969260593719675,0.9115425218387487,333,0.1360229355155997,0.2061409568906703,0.052807183062202334,0.26711884854035045,0.2846084192537951,0.053301656737382165,0.4,0.2,True,True,0.0,0
successor_contamination,1835087704,101,333,0.9915473711731291,0.9915683742989255,0.08566928729655371,0.9915473711731291,1.3106971581749551,0.256,0.805726997956611,0.7135130382218752,0.9692562181984665,0.9136406236714885,334,0.1360229355155997,0.2061409568906703,0.052807183062202334,0.26711884854035045,0.2846084192537951,0.053301656737382165,0.4,0.2,True,True,0.0,0
successor_contamination,1835087704,102,334,0.9901338983739129,0.9901509688011307,0.08730821283890272,0.9901338983739129,1.3236360697509235,0.256,0.8063869838723398,0.7137192211520293,0.9692522802293789,0.9131603637293674,337,0.1360229355155997,0.2061409568906703,0.052807183062202334,0.26711884854035045,0.2846084192537951,0.053301656737382165,0.4,0.2,True,True,0.0,0
successor_contamination,1835087704,103,337,0.9917299672313888,0.991744670557398,0.08850924564262118,0.9917299672313888,1.3192080174292797,0.256,0.8092491041556256,0.7139150949356758,0.9692487360572001,0.910183784645977,332,0.1360229355155997,0.2061409568906703,0.052807183062202334,0.26711884854035045,0.2846084192537951,0.053301656737382165,0.4,0.2,True,True,0.0,0
successor_contamination,1835087704,104,332,0.9917189058509488,0.9917448124825283,0.08400045929216557,0.9917189058509488,1.3735823216629195,0.256,0.8081709480040261,0.71410117503014,0.9692455463022391,0.9116385866699538,347,0.1360229355155997,0.2061409568906703,0.052807183062202334,0.26711884854035045,0.2846084192537951,0.053301656737382165,0.4,0.2,True,True,0.0,0
successor_contamination,1835087704,105,347,0.988440924946886,0.9884617914220801,0.08569626831631522,0.988440924946886,1.3688078992422972,0.256,0.8106231400417316,0.714277951119881,0.9692426755227742,0.9091085023432525,344,0.1360229355155997,0.2061409568906703,0.052807183062202334,0.26711884854035045,0.2846084192537951,0.053301656737382165,0.4,0.2,True,True,0.0,0
successor_contamination,1835087704,106,344,0.9933928191581683,0.9934048731205047,0.09010406990202546,0.9933928191581683,1.3738134845120107,0.256,0.8085842787197993,0.7144458884051349,0.9692400918212558,0.9116175513671083,346,0.1360229355155997,0.2061409568906703,0.052807183062202334,0.26711884854035045,0.2846084192537951,0.053301656737382165,0.4,0.2,True,True,0.0,0
successor_contamination,1835087704,107,346,0.9932248610435143,0.9932433826928961,0.08668355062240074,0.9932248610435143,1.3804012234274334,0.256,0.8091899201491808,0.7146054288261261,0.9692377664898892,0.9111408512865395,347,0.1360229355155997,0.2061409568906703,0.052807183062202334,0.26711884854035045,0.2846084192537951,0.053301656737382165,0.4,0.2,True,True,0.0,0
successor_contamination,1835087704,108,347,0.9913501948165568,0.9913694339041179,0.08636600560948707,0.9913501948165568,1.3922091643755612,0.256,0.8072771295666172,0.7147569922260678,0.9692356736916593,0.9134954178683039,353,0.1360229355155997,0.2061409568906703,0.052807183062202334,0.26711884854035045,0.2846084192537951,0.053301656737382165,0.4,0.2,True,True,0.0,0
successor_contamination,1835087704,109,353,0.9914626566671293,0.9914853774949767,0.08504287347830704,0.9914626566671293,1.4021892828625446,0.256,0.8084939151500752,0.7149009774560124,0.9692337901732524,0.9123061210403406,354,0.1360229355155997,0.2061409568906703,0.052807183062202334,0.26711884854035045,0.2846084192537951,0.053301656737382165,0.4,0.2,True,True,0.0,0
successor_contamination,1835087704,110,354,0.9935630245825547,0.993574291630053,0.09064282086522507,0.9935630245825547,1.4090929416752773,0.256,0.8109380422131807,0.7150377634244598,0.9692320950066862,0.9097320971961015,352,0.1360229355155997,0.2061409568906703,0.052807183062202334,0.26711884854035045,0.2846084192537951,0.053301656737382165,0.4,0.2,True,True,0.0,0
successor_contamination,1835087704,111,352,0.9924766470362312,0.9924925482869081,0.08789178088500832,0.9924766470362312,1.4242170444897695,0.256,0.8151762476940944,0.7151677100944848,0.9692305693567765,0.9051681782601045,351,0.1360229355155997,0.2061409568906703,0.052807183062202334,0.26711884854035045,0.2846084192537951,0.053301656737382165,0.4,0.2,True,True,0.0,0
successor_contamination,1835087704,112,351,0.9915285206102981,0.9915374837506936,0.09244744607272068,0.9915285206102981,1.4185222460638534,0.256,0.8143092914705642,0.7152911594310085,0.9692291962718579,0.906289564311715,351,0.1360229355155997,0.2061409568906703,0.052807183062202334,0.26711884854035045,0.2846084192537951,0.053301656737382165,0.4,0.2,True,True,0.0,0
successor_contamination,1835087704,113,351,0.9891554052019137,0.9891674460090764,0.09007873513487988,0.9891554052019137,1.4089865772998977,0.256,0.8122485754938696,0.715408436300706,0.9692279604954311,0.9087389950629781,352,0.1360229355155997,0.2061409568906703,0.052807183062202334,0.26711884854035045,0.2846084192537951,0.053301656737382165,0.4,0.2,True,True,0.0,0
successor_contamination,1835087704,114,352,0.9944236172597347,0.9944369936764235,0.08928369387703228,0.9944236172597347,1.404884266933768,0.256,0.8131900329726494,0.7155198493269187,0.9692268482966471,0.9078293162952065,348,0.1360229355155997,0.2061409568906703,0.052807183062202334,0.26711884854035045,0.2846084192537951,0.053301656737382165,0.4,0.2,True,True,0.0,0
successor_contamination,1835087704,115,348,0.9904316735436819,0.9904453676622976,0.08906482948296413,0.9904316735436819,1.4084679659452195,0.256,0.8210349091433147,0.7156256917018208,0.9692258473177414,0.8992890665882165,341,0.1360229355155997,0.2061409568906703,0.052807183062202334,0.26711884854035045,0.2846084192537951,0.053301656737382165,0.4,0.2,True,True,0.0,0
successor_contamination,1835087704,116,341,0.9926121995071221,0.9926225178692416,0.09133533854040524,0.9926121995071221,1.3746865915042241,0.256,0.8202502783396298,0.7157262419579777,0.9692249464367263,0.9002766177775889,333,0.1360229355155997,0.2061409568906703,0.052807183062202334,0.26711884854035045,0.2846084192537951,0.053301656737382165,0.4,0.2,True,True,0.0,0
successor_contamination,1835087704,117,333,0.9868835244060299,0.9869007627313133,0.08720413095422111,0.9868835244060299,1.3387619583131518,0.256,0.8204294648518525,0.7158217647013269,0.9692241356438127,0.9002008723289444,326,0.1360229355155997,0.2061409568906703,0.052807183062202334,0.26711884854035045,0.2846084192537951,0.053301656737382165,0.4,0.2,True,True,0.0,0
successor_contamination,1835087704,118,326,0.9913957558476733,0.9914187645135114,0.08494213015095466,0.9913957558476733,1.3394263705241725,0.256,0.8201556590428986,0.7159125113075084,0.9692234059301905,0.9006162379129481,325,0.1360229355155997,0.2061409568906703,0.052807183062202334,0.26711884854035045,0.2846084192537951,0.053301656737382165,0.4,0.2,True,True,0.0,0
successor_contamination,1835087704,119,325,0.9911868480343058,0.9911985338980054,0.09033324120085086,0.9911868480343058,1.309306665789996,0.256,0.8208729270192504,0.715998720583381,0.9692227491879305,0.8999382573754203,317,0.1360229355155997,0.2061409568906703,0.052807183062202334,0.26711884854035045,0.2846084192537951,0.053301656737382165,0.4,0.2,True,True,0.0,0
successor_contamination,1835087704,120,317,0.9907080877145107,0.9907141605453177,0.09553965742883411,0.9907080877145107,1.3181782504824002,0.256,0.8220890102166919,0.7160806193954599,0.9692221581198964,0.898710349268641,318,0.1360229355155997,0.2061409568906703,0.052807183062202334,0.26711884854035045,0.2846084192537951,0.053301656737382165,0.4,0.2,True,True,0.0,0
successor_contamination,1835087704,121,318,0.9923363742870458,0.9923483601075342,0.09014072614492522,0.9923363742870458,1.336327884611004,0.256,0.8201520914468722,0.7161584232669348,0.9692216261586658,0.9009311678952556,324,0.1360229355155997,0.2061409568906703,0.052807183062202334,0.26711884854035045,0.2846084192537951,0.053301656737382165,0.4,0.2,True,True,0.0,0
successor_contamination,1835087704,122,324,0.9871472459454221,0.9871566079115653,0.0920656591844062,0.9871472459454221,1.336492600156437,0.256,0.8199375546129981,0.716232336944836,0.9692211473935582,0.901260350055069,326,0.1360229355155997,0.2061409568906703,0.052807183062202334,0.26711884854035045,0.2846084192537951,0.053301656737382165,0.4,0.2,True,True,0.0,0
successor_contamination,1835087704,123,326,0.9892559304076095,0.989266141048498,0.09139191545127691,0.9892559304076095,1.3360469614722823,0.256,0.8156817906235984,0.7163025549388422,0.9692207165049614,0.9060518359072584,330,0.1360229355155997,0.2061409568906703,0.052807183062202334,0.26711884854035045,0.2846084192537951,0.053301656737382165,0.4,0.2,True,True,0.0,0
successor_contamination,1835087704,124,330,0.9915212391858301,0.9915395419203122,0.08676452772078311,0.9915212391858301,1.3407142492888582,0.256,0.8142945579405351,0.7163692620331481,0.9692203287052243,0.9076802711371273,332,0.1360229355155997,0.2061409568906703,0.052807183062202334,0.26711884854035045,0.2846084192537951,0.053301656737382165,0.4,0.2,True,True,0.0,0
successor_contamination,1835087704,125,332,0.9916476216640832,0.9916598410859908,0.0899815533880176,0.9916476216640832,1.3276690809821543,0.256,0.8114529387495297,0.7164326337727387,0.9692199796854609,0.9109397726802707,332,0.1360229355155997,0.2061409568906703,0.052807183062202334,0.26711884854035045,0.2846084192537951,0.053301656737382165,0.4,0.2,True,True,0.0,0
successor_contamination,1835087704,126,332,0.9884835879662416,0.9884922592082489,0.09268650846972737,0.9884835879662416,1.3308845276259378,0.256,0.8087909931512355,0.7164928369253497,0.9692196655676738,0.9140150131065784,337,0.1360229355155997,0.2061409568906703,0.052807183062202334,0.26711884854035045,0.2846084192537951,0.053301656737382165,0.4,0.2,True,True,0.0,0
successor_contamination,1835087704,127,337,0.9920601655677297,0.9920801994804546,0.08604946719944705,0.9920601655677297,1.3255235550161086,0.256,0.8074696330357322,0.7165500299203302,0.9692193828616654,0.9155840726687288,336,0.1360229355155997,0.2061409568906703,0.052807183062202334,0.26711884854035045,0.2846084192537951,0.053301656737382165,0.4,0.2,True,True,0.0,0
successor_contamination,1835087704,128,336,0.9927909828890512,0.9928128104177092,0.08537280275846916,0.9927909828890512,1.3143411894992563,0.256,0.8082733593561688,0.7166043632655617,0.9692191284262579,0.9147432357864551,332,0.1360229355155997,0.2061409568906703,0.052807183062202334,0.26711884854035045,0.2846084192537951,0.053301656737382165,0.4,0.2,True,True,0.0,0
successor_contamination,1835087704,129,332,0.9923496680555489,0.9923687370606511,0.08644470900192208,0.9923496680555489,1.294627293151576,0.256,0.8084313461696052,0.7166559799435316,0.9692188994343911,0.9146305648348931,327,0.1360229355155997,0.2061409568906703,0.052807183062202334,0.26711884854035045,0.2846084192537951,0.053301656737382165,0.4,0.2,True,True,0.0,0
successor_contamination,1835087704,130,327,0.9881885959636123,0.9882062712587151,0.08701539100153949,0.9881885959636123,1.2758015564160017,0.256,0.8028814999747841,0.7167050157876029,0.9692186933417111,0.9210160767141348,330,0.1360229355155997,0.2061409568906703,0.052807183062202334,0.26711884854035045,0.2846084192537951,0.053301656737382165,0.4,0.2,True,True,0.0,0
successor_contamination,1835087704,131,330,0.9899791569256879,0.9899892245362835,0.09151002436888375,0.9899791569256879,1.2711887676781446,0.256,0.8065565185324444,0.7167515998394708,0.969218507858299,0.9168792976247411,324,0.1360229355155997,0.2061409568906703,0.052807183062202334,0.26711884854035045,0.2846084192537951,0.053301656737382165,0.4,0.2,True,True,0.0,0
successor_contamination,1835087704,132,324,0.9918720943376014,0.991895239288886,0.08489894462932007,0.9918720943376014,1.3134403770059906,0.256,0.8049826320180316,0.7167958546887452,0.9692183409232281,0.918728842726678,336,0.1360229355155997,0.2061409568906703,0.052807183062202334,0.26711884854035045,0.2846084192537951,0.053301656737382165,0.4,0.2,True,True,0.0,0
successor_contamination,1835087704,133,336,0.9888306152224081,0.9888448165010935,0.08876248303172883,0.9888306152224081,1.2764542361553979,0.256,0.8063352356055595,0.7168378967955559,0.9692181906816644,0.9172416400171488,326,0.1360229355155997,0.2061409568906703,0.052807183062202334,0.26711884854035045,0.2846084192537951,0.053301656737382165,0.4,0.2,True,True,0.0,0
successor_contamination,1835087704,134,326,0.9916152918927726,0.9916270018434075,0.0903202909367712,0.9916152918927726,1.2937712040812885,0.256,0.8067738631187887,0.7168778367970261,0.969218055464257,0.9167941592868446,329,0.1360229355155997,0.2061409568906703,0.052807183062202334,0.26711884854035045,0.2846084192537951,0.053301656737382165,0.4,0.2,True,True,0.0,0
successor_contamination,1835087704,135,329,0.9927594869833127,0.99277390910029,0.08867121777076793,0.9927594869833127,1.3219419022712486,0.256,0.8091539384309426,0.7169157797984228,0.9692179337685903,0.9141459632970449,333,0.1360229355155997,0.2061409568906703,0.052807183062202334,0.26711884854035045,0.2846084192537951,0.053301656737382165,0.4,0.2,True,True,0.0,0
successor_contamination,1835087704,136,333,0.9921694411956193,0.9921829227106154,0.08920333267667312,0.9921694411956193,1.302843728970443,0.256,0.8103740553414871,0.7169518256497497,0.9692178242424904,0.9128156014810067,327,0.1360229355155997,0.2061409568906703,0.052807183062202334,0.26711884854035045,0.2846084192537951,0.053301656737382165,0.4,0.2,True,True,0.0,0
successor_contamination,1835087704,137,327,0.993494113639055,0.9935203987458875,0.08389924891377158,0.993494113639055,1.2962319960293425,0.256,0.8147672632266856,0.7169860692085102,0.9692177256690003,0.9079371748266819,320,0.1360229355155997,0.2061409568906703,0.052807183062202334,0.26711884854035045,0.2846084192537951,0.053301656737382165,0.4,0.2,True,True,0.0,0
successor_contamination,1835087704,138,320,0.9887742085752125,0.9887998944829055,0.08404489744583468,0.9887742085752125,1.2847597673663294,0.256,0.8108974179792786,0.7170186005893326,0.9692176369528593,0.9123115982407052,323,0.1360229355155997,0.2061409568906703,0.052807183062202334,0.26711884854035045,0.2846084192537951,0.053301656737382165,0.4,0.2,True,True,0.0,0
successor_contamination,1835087704,139,323,0.9912102750316885,0.9912314925957912,0.08558572351180653,0.9912102750316885,1.2831810151103313,0.256,0.8107370680854761,0.717049505401114,0.9692175571083325,0.9125314430840862,322,0.1360229355155997,0.2061409568906703,0.052807183062202334,0.26711884854035045,0.2846084192537951,0.053301656737382165,0.4,0.2,True,True,0.0,0
successor_contamination,1835087704,140,322,0.9887227318821312,0.9887430234866993,0.08592091003281764,0.9887227318821312,1.2656665346232943,0.256,0.8102091717347678,0.7170788649723063,0.9692174852482582,0.9131634637091911,319,0.1360229355155997,0.2061409568906703,0.052807183062202334,0.26711884854035045,0.2846084192537951,0.053301656737382165,0.4,0.2,True,True,0.0,0
successor_contamination,1835087704,141,319,0.9883899299501598,0.9884193003585138,0.08297482356923963,0.9883899299501598,1.246133466727701,0.256,0.8103839921709771,0.7171067565649389,0.9692174205741915,0.913002042912468,314,0.1360229355155997,0.2061409568906703,0.052807183062202334,0.26711884854035045,0.2846084192537951,0.053301656737382165,0.4,0.2,True,True,0.0,0
successor_contamination,1835087704,142,314,0.9881797305766443,0.9881982029350581,0.08666422646811181,0.9881797305766443,1.2658668679884635,0.256,0.8042421983065391,0.71713325357794,0.9692173623675313,0.9200084563502198,326,0.1360229355155997,0.2061409568906703,0.052807183062202334,0.26711884854035045,0.2846084192537951,0.053301656737382165,0.4,0.2,True,True,0.0,0
successor_contamination,1835087704,143,326,0.9915989057287825,0.9916258588727335,0.08368427780129586,0.9915989057287825,1.2693734662298257,0.256,0.8049253525452115,0.717158425740291,0.9692173099815372,0.9192599446485673,325,0.1360229355155997,0.2061409568906703,0.052807183062202334,0.26711884854035045,0.2846084192537951,0.053301656737382165,0.4,0.2,True,True,0.0,0
successor_contamination,1835087704,144,325,0.9918220644151439,0.9918383675382878,0.08768785749714977,0.9918220644151439,1.2744260161411938,0.256,0.8059963096303111,0.7171823392945245,0.9692172628341426,0.9180691465186491,325,0.1360229355155997,0.2061409568906703,0.052807183062202334,0.26711884854035045,0.2846084192537951,0.053301656737382165,0.4,0.2,True,True,0.0,0
successor_contamination,1835087704,145,325,0.9931298165937328,0.9931400852037086,0.09137796195203737,0.9931298165937328,1.2659993278545625,0.256,0.8154343117797449,0.7172050571710462,0.9692172204014873,0.9074720123889973,312,0.1360229355155997,0.2061409568906703,0.052807183062202334,0.26711884854035045,0.2846084192537951,0.053301656737382165,0.4,0.2,True,True,0.0,0
successor_contamination,1835087704,146,312,0.9890673178160927,0.9890822115848494,0.08838540737020359,0.9890673178160927,1.2626576707846906,0.256,0.8234511966399884,0.7172266391537419,0.9692171822120976,0.898664201953373,304,0.1360229355155997,0.2061409568906703,0.052807183062202334,0.26711884854035045,0.2846084192537951,0.053301656737382165,0.4,0.2,True,True,0.0,0
successor_contamination,1835087704,147,304,0.9910863451017063,0.9910965732998629,0.09139295466336231,0.9910863451017063,1.2445438525621932,0.256,0.8186268777522588,0.7172471420373028,0.9692171478416469,0.9039860684957628,304,0.1360229355155997,0.2061409568906703,0.052807183062202334,0.26711884854035045,0.2846084192537951,0.053301656737382165,0.4,0.2,True,True,0.0,0
successor_contamination,1835087704,148,304,0.9899662204827185,0.9899742006316226,0.0933595569603925,0.9899662204827185,1.2263080871503915,0.256,0.8146748791728174,0.7172666197766856,0.9692171169082413,0.9083960137786944,304,0.1360229355155997,0.2061409568906703,0.052807183062202334,0.26711884854035045,0.2846084192537951,0.053301656737382165,0.4,0.2,True,True,0.0,0
successor_contamination,1835087704,149,304,0.9912002047259101,0.9912127415245173,0.08977385494042367,0.9912002047259101,1.2267428379765866,0.256,0.8182664349719432,0.7172851236290994,0.9692170890681762,0.9044322166223275,300,0.1360229355155997,0.2061409568906703,0.052807183062202334,0.26711884854035045,0.2846084192537951,0.053301656737382165,0.4,0.2,True,True,0.0,0
successor_contamination,1835087704,150,300,0.9880979339702713,0.9881381189551562,0.0804770293913298,0.9880979339702713,1.2032149968610235,0.256,0.8224340693769864,0.7173027022888924,0.9692170640121176,0.8998711376718568,291,0.1360229355155997,0.2061409568906703,0.052807183062202334,0.26711884854035045,0.2846084192537951,0.053301656737382165,0.4,0.2,True,True,0.0,0
successor_contamination,1835087704,151,291,0.9918925579624521,0.9919061694551417,0.0891247351224004,0.9918925579624521,1.1869824007051493,0.256,0.8276219842671269,0.7173194020156958,0.9692170414616649,0.8942511715248147,281,0.1360229355155997,0.2061409568906703,0.052807183062202334,0.26711884854035045,0.2846084192537951,0.053301656737382165,0.4,0.2,True,True,0.0,0
successor_contamination,1835087704,152,281,0.986944613402292,0.9869578171670312,0.08932701077385849,0.986944613402292,1.1802632072290227,0.256,0.8263734057622438,0.717335266756159,0.9692170211662574,0.8956221339683877,282,0.1360229355155997,0.2061409568906703,0.052807183062202334,0.26711884854035045,0.2846084192537951,0.053301656737382165,0.4,0.2,True,True,0.0,0
successor_contamination,1835087704,153,282,0.9839425195810063,0.9839495884637754,0.09427616285217885,0.9839425195810063,1.143771100570202,0.256,0.8201279949080845,0.717350338259599,0.9692170029003907,0.9024614229141866,280,0.1360229355155997,0.2061409568906703,0.052807183062202334,0.26711884854035045,0.2846084192537951,0.053301656737382165,0.4,0.2,True,True,0.0,0
successor_contamination,1835087704,154,280,0.9836914642454962,0.9836983738249642,0.09445556957464979,0.9836914642454962,1.1598058539272513,0.256,0.822200812566998,0.717364656187867,0.9692169864611107,0.9002042459373653,282,0.1360229355155997,0.2061409568906703,0.052807183062202334,0.26711884854035045,0.2846084192537951,0.053301656737382165,0.4,0.2,True,True,0.0,0
successor_contamination,1835087704,155,282,0.9922158189288333,0.9922283319633971,0.08979710959332744,0.9922158189288333,1.1773517225933963,0.256,0.8220052508505479,0.7173782582197217,0.9692169716657586,0.9004354985090866,284,0.1360229355155997,0.2061409568906703,0.052807183062202334,0.26711884854035045,0.2846084192537951,0.053301656737382165,0.4,0.2,True,True,0.0,0
successor_contamination,1835087704,156,284,0.9877992700667435,0.9878143292503498,0.0882872772361761,0.9877992700667435,1.1564389068468763,0.256,0.8180742204427207,0.7173911801499836,0.9692169583499417,0.9047786030163417,284,0.1360229355155997,0.2061409568906703,0.052807183062202334,0.26711884854035045,0.2846084192537951,0.053301656737382165,0.4,0.2,True,True,0.0,0
successor_contamination,1835087704,157,284,0.990274653869594,0.9902828738524858,0.09312633228658995,0.990274653869594,1.1670399676342071,0.256,0.8210421942189111,0.7174034559837323,0.9692169463657065,0.9015233692290133,283,0.1360229355155997,0.2061409568906703,0.052807183062202334,0.26711884854035045,0.2846084192537951,0.053301656737382165,0.4,0.2,True,True,0.0,0
successor_contamination,1835087704,158,283,0.9896095488671918,0.9896204606756616,0.09086609639805907,0.9896095488671918,1.1609455550940784,0.256,0.8156274913852372,0.7174151180257937,0.969216935579895,0.907523071137211,287,0.1360229355155997,0.2061409568906703,0.052807183062202334,0.26711884854035045,0.2846084192537951,0.053301656737382165,0.4,0.2,True,True,0.0,0
successor_contamination,1835087704,159,287,0.9887533488305664,0.9887590293415581,0.09605553602472645,0.9887533488305664,1.1361719556442662,0.256,0.8116740834041509,0.717426196965752,0.9692169258726645,0.9119574213957174,285,0.1360229355155997,0.2061409568906703,0.052807183062202334,0.26711884854035045,0.2846084192537951,0.053301656737382165,0.4,0.2,True,True,0.0,0
successor_contamination,1835087704,160,285,0.988697393282789,0.9887198840411751,0.08510165388547271,0.988697393282789,1.117463021055284,0.256,0.8099658728660604,0.7174367219587124,0.9692169171361571,0.9138941464816146,282,0.1360229355155997,0.2061409568906703,0.052807183062202334,0.26711884854035045,0.2846084192537951,0.053301656737382165,0.4,0.2,True,True,0.0,0
successor_contamination,1835087704,161,282,0.9886934275302971,0.9887432328677708,0.07877344160383495,0.9886934275302971,1.1150636243007295,0.256,0.80834329291576,0.7174467207020248,0.9692169092733004,0.9157413673941229,283,0.1360229355155997,0.2061409568906703,0.052807183062202334,0.26711884854035045,0.2846084192537951,0.053301656737382165,0.4,0.2,True,True,0.0,0
successor_contamination,1835087704,162,283,0.9853722039301773,0.9853910989802827,0.08646148985126359,0.9853722039301773,1.1198520184470766,0.256,0.8055384687093096,0.7174562195081715,0.9692169021967294,0.9189420828840981,288,0.1360229355155997,0.2061409568906703,0.052807183062202334,0.26711884854035045,0.2846084192537951,0.053301656737382165,0.4,0.2,True,True,0.0,0
successor_contamination,1835087704,163,288,0.9916449513420034,0.9916597479032958,0.08845824771426426,0.9916449513420034,1.1487965929462627,0.256,0.8070706879284365,0.717465243374011,0.9692168958278155,0.9172090185983321,292,0.1360229355155997,0.2061409568906703,0.052807183062202334,0.26711884854035045,0.2846084192537951,0.053301656737382165,0.4,0.2,True,True,0.0,0
successor_contamination,1835087704,164,292,0.9914890432056775,0.9915053979985243,0.08765999669889725,0.9914890432056775,1.1521832678780937,0.256,0.8099216092959726,0.7174738160465584,0.9692168900957929,0.9139913720579038,290,0.1360229355155997,0.2061409568906703,0.052807183062202334,0.26711884854035045,0.2846084192537951,0.053301656737382165,0.4,0.2,True,True,0.0,0
successor_contamination,1835087704,165,290,0.9879827634562014,0.9879911213984318,0.09297540093452192,0.9879827634562014,1.1339662742215282,0.256,0.8093529533688244,0.7174819600854784,0.9692168849369727,0.9146439343908859,287,0.1360229355155997,0.2061409568906703,0.052807183062202334,0.26711884854035045,0.2846084192537951,0.053301656737382165,0.4,0.2,True,True,0.0,0
successor_contamination,1835087704,166,287,0.9893981148751555,0.9894179672724391,0.08610052799314527,0.9893981148751555,1.100820669394457,0.256,0.8106064463481275,0.7174896969224525,0.9692168802940344,0.913239413560802,277,0.1360229355155997,0.2061409568906703,0.052807183062202334,0.26711884854035045,0.2846084192537951,0.053301656737382165,0.4,0.2,True,True,0.0,0
successor_contamination,1835087704,167,277,0.9890209857349698,0.9890350991852589,0.08881339691032787,0.9890209857349698,1.098925815983435,0.256,0.8123051727614701,0.7174970469175778,0.96921687611539,0.911338948887332,275,0.1360229355155997,0.2061409568906703,0.052807183062202334,0.26711884854035045,0.2846084192537951,0.053301656737382165,0.4,0.2,True,True,0.0,0
successor_contamination,1835087704,168,275,0.9883843096998107,0.988408181934958,0.08462463130169895,0.9883843096998107,1.0892198873519794,0.256,0.8130970012501912,0.7175040294129469,0.96921687235461,0.9104603120163883,272,0.1360229355155997,0.2061409568906703,0.052807183062202334,0.26711884854035045,0.2846084192537951,0.053301656737382165,0.4,0.2,True,True,0.0,0
successor_contamination,1835087704,169,272,0.9903065061858585,0.9903157524698528,0.09219006498876844,0.9903065061858585,1.077800638732998,0.256,0.809514370736502,0.7175106627835475,0.969216868969908,0.9144981520482574,272,0.1360229355155997,0.2061409568906703,0.052807183062202334,0.26711884854035045,0.2846084192537951,0.053301656737382165,0.4,0.2,True,True,0.0,0
successor_contamination,1835087704,170,272,0.9875241899621595,0.9875372810764335,0.08939988721086568,0.9875241899621595,1.1001612414309045,0.256,0.8079052275155922,0.7175169644856181,0.9692168659236762,0.9163276521278249,280,0.1360229355155997,0.2061409568906703,0.052807183062202334,0.26711884854035045,0.2846084192537951,0.053301656737382165,0.4,0.2,True,True,0.0,0
successor_contamination,1835087704,171,280,0.9859987168264548,0.986009053437799,0.09126806025456254,0.9859987168264548,1.099759582502234,0.256,0.8082440503763879,0.7175229511025851,0.9692168631820676,0.9159511644749108,280,0.1360229355155997,0.2061409568906703,0.052807183062202334,0.26711884854035045,0.2846084192537951,0.053301656737382165,0.4,0.2,True,True,0.0,0
successor_contamination,1835087704,172,280,0.9874897170143917,0.987507625587957,0.08690539156699371,0.9874897170143917,1.1082429199895756,0.256,0.8131061133098317,0.7175286383887038,0.9692168607146199,0.9104813465396521,277,0.1360229355155997,0.2061409568906703,0.052807183062202334,0.26711884854035045,0.2846084192537951,0.053301656737382165,0.4,0.2,True,True,0.0,0
successor_contamination,1835087704,173,277,0.9905734007778602,0.9905878922964918,0.08861545758258488,0.9905734007778602,1.123485654162874,0.256,0.8120152632432881,0.7175340413105167,0.9692168584939169,0.9117113417159249,281,0.1360229355155997,0.2061409568906703,0.052807183062202334,0.26711884854035045,0.2846084192537951,0.053301656737382165,0.4,0.2,True,True,0.0,0
successor_contamination,1835087704,174,281,0.9931160877398751,0.9931346053745933,0.08668440438347176,0.9931160877398751,1.169578977595616,0.256,0.8079040527646275,0.7175391740862388,0.9692168564952842,0.9163573569603864,296,0.1360229355155997,0.2061409568906703,0.052807183062202334,0.26711884854035045,0.2846084192537951,0.053301656737382165,0.4,0.2,True,True,0.0,0
successor_contamination,1835087704,175,296,0.9899843958884978,0.9899997715920651,0.0881392946390361,0.9899843958884978,1.1979543844006315,0.256,0.80617019715787,0.7175440502231748,0.9692168546965149,0.9183344378893452,306,0.1360229355155997,0.2061409568906703,0.052807183062202334,0.26711884854035045,0.2846084192537951,0.053301656737382165,0.4,0.2,True,True,0.0,0
successor_contamination,1835087704,176,306,0.9903187451362598,0.9903445603533898,0.08401735014782828,0.9903187451362598,1.2034352888007591,0.256,0.8018734654246867,0.717548682553264,0.9692168530776224,0.9232611720745937,312,0.1360229355155997,0.2061409568906703,0.052807183062202334,0.26711884854035045,0.2846084192537951,0.053301656737382165,0.4,0.2,True,True,0.0,0
successor_contamination,1835087704,177,312,0.9897977612274036,0.989812499305448,0.08847493043185461,0.9897977612274036,1.2212770098123873,0.256,0.803475800569197,0.7175530832668487,0.9692168516206192,0.9214256068645154,315,0.1360229355155997,0.2061409568906703,0.052807183062202334,0.26711884854035045,0.2846084192537951,0.053301656737382165,0.4,0.2,True,True,0.0,0
successor_contamination,1835087704,178,315,0.9900532690515473,0.9900647277535979,0.09048039039944247,0.9900532690515473,1.2248964923227013,0.256,0.8006822872098583,0.7175572639447543,0.9692168503093164,0.9246457720224448,319,0.1360229355155997,0.2061409568906703,0.052807183062202334,0.26711884854035045,0.2846084192537951,0.053301656737382165,0.4,0.2,True,True,0.0,0
successor_contamination,1835087704,179,319,0.9883264157486377,0.988348475935716,0.08525253134519085,0.9883264157486377,1.2344833254016347,0.256,0.800734583767331,0.7175612355887645,0.9692168491291437,0.9245905013954886,322,0.1360229355155997,0.2061409568906703,0.052807183062202334,0.26711884854035045,0.2846084192537951,0.053301656737382165,0.4,0.2,True,True,0.0,0
successor_contamination,1835087704,180,322,0.9907460744306523,0.9907604794072639,0.08866452366951408,0.9907460744306523,1.241924131843391,0.256,0.7974184188132951,0.7175650086505743,0.9692168480669884,0.9284404103691725,327,0.1360229355155997,0.2061409568906703,0.052807183062202334,0.26711884854035045,0.2846084192537951,0.053301656737382165,0.4,0.2,True,True,0.0,0
successor_contamination,1835087704,181,327,0.9912761511831064,0.991331414640758,0.07796648499386975,0.9912761511831064,1.2209770376581064,0.256,0.7942451692749527,0.7175685930592935,0.9692168471110486,0.9321544676911492,325,0.1360229355155997,0.2061409568906703,0.052807183062202334,0.26711884854035045,0.2846084192537951,0.053301656737382165,0.4,0.2,True,True,0.0,0
successor_contamination,1835087704,182,325,0.9907104594046965,0.9907602380936338,0.07879392357553924,0.9907104594046965,1.2002971320198375,0.256,0.7965845205118157,0.7175719982475769,0.9692168462507028,0.929421395865477,317,0.1360229355155997,0.2061409568906703,0.052807183062202334,0.26711884854035045,0.2846084192537951,0.053301656737382165,0.4,0.2,True,True,0.0,0
successor_contamination,1835087704,183,317,0.9879850807242371,0.9880022498534744,0.08724502699082524,0.9879850807242371,1.1942398056233474,0.256,0.8049466428603783,0.717575233176446,0.9692168454763915,0.9197703249155535,307,0.1360229355155997,0.2061409568906703,0.052807183062202334,0.26711884854035045,0.2846084192537951,0.053301656737382165,0.4,0.2,True,True,0.0,0
successor_contamination,1835087704,184,307,0.98931781058559,0.9893531117426898,0.08151825890382795,0.98931781058559,1.2003227639471137,0.256,0.806006913100704,0.7175783063588717,0.9692168447795114,0.9185643380114904,307,0.1360229355155997,0.2061409568906703,0.052807183062202334,0.26711884854035045,0.2846084192537951,0.053301656737382165,0.4,0.2,True,True,0.0,0
successor_contamination,1835087704,185,307,0.9910753613621202,0.9910903667067313,0.08834214229001058,0.9910753613621202,1.2234159218008485,0.256,0.8063278625958729,0.7175812258821761,0.9692168441523193,0.9182024504405187,312,0.1360229355155997,0.2061409568906703,0.052807183062202334,0.26711884854035045,0.2846084192537951,0.053301656737382165,0.4,0.2,True,True,0.0,0
successor_contamination,1835087704,186,312,0.9890148883050845,0.9890334000922566,0.08665397879549441,0.9890148883050845,1.2198240052466125,0.256,0.8024783380945978,0.7175839994293153,0.9692168435878464,0.9226106752245853,316,0.1360229355155997,0.2061409568906703,0.052807183062202334,0.26711884854035045,0.2846084192537951,0.053301656737382165,0.4,0.2,True,True,0.0,0
successor_contamination,1835087704,187,316,0.9905696555397641,0.9905854662566318,0.08792192104083418,0.9905696555397641,1.223663925569441,0.256,0.8020317005840719,0.7175866342990975,0.9692168430798208,0.923127851139756,317,0.1360229355155997,0.2061409568906703,0.052807183062202334,0.26711884854035045,0.2846084192537951,0.053301656737382165,0.4,0.2,True,True,0.0,0
successor_contamination,1835087704,188,317,0.990658563154468,0.9906688262352101,0.09136241731937957,0.990658563154468,1.200797400008297,0.256,0.801172460833916,0.7175891374253907,0.9692168426225978,0.9241211093457923,312,0.1360229355155997,0.2061409568906703,0.052807183062202334,0.26711884854035045,0.2846084192537951,0.053301656737382165,0.4,0.2,True,True,0.0,0
successor_contamination,1835087704,189,312,0.9889479206674143,0.9889681409275923,0.08595075877031753,0.9889479206674143,1.1721386875278195,0.256,0.804036321278799,0.7175915153953691,0.969216842211097,0.9208325762152936,302,0.1360229355155997,0.2061409568906703,0.052807183062202334,0.26711884854035045,0.2846084192537951,0.053301656737382165,0.4,0.2,True,True,0.0,0
successor_contamination,1835087704,190,302,0.9880631355766586,0.9880894750951086,0.08383915628662712,0.9880631355766586,1.1462436362290593,0.256,0.7980069015790058,0.7175937744668487,0.9692168418407464,0.9277929385488659,302,0.1360229355155997,0.2061409568906703,0.052807183062202334,0.26711884854035045,0.2846084192537951,0.053301656737382165,0.4,0.2,True,True,0.0,0
successor_contamination,1835087704,191,302,0.9867128019361583,0.9867307983765339,0.08686016737940665,0.9867128019361583,1.1050327691777833,0.256,0.79756783626789,0.7175959205847542,0.9692168415074308,0.9283064700776735,292,0.1360229355155997,0.2061409568906703,0.052807183062202334,0.26711884854035045,0.2846084192537951,0.053301656737382165,0.4,0.2,True,True,0.0,0
successor_contamination,1835087704,192,292,0.9901575229259073,0.9901642129953495,0.09476470708652306,0.9901575229259073,1.1156205293012669,0.256,0.8002229580521003,0.7175979593967644,0.9692168412074468,0.9252289990919211,291,0.1360229355155997,0.2061409568906703,0.052807183062202334,0.26711884854035045,0.2846084192537951,0.053301656737382165,0.4,0.2,True,True,0.0,0
successor_contamination,1835087704,193,291,0.9890734883153856,0.9890942427294802,0.0857442237173976,0.9890734883153856,1.1253436599781905,0.256,0.8049260173944557,0.7175998962681742,0.9692168409374611,0.919825510821379,289,0.1360229355155997,0.2061409568906703,0.052807183062202334,0.26711884854035045,0.2846084192537951,0.053301656737382165,0.4,0.2,True,True,0.0,0
successor_contamination,1835087704,194,289,0.9931478584634439,0.9931592610573602,0.090544304166436,0.9931478584634439,1.1120506088274178,0.256,0.8033534674993544,0.7176017362960135,0.969216840694474,0.9216284160473754,286,0.1360229355155997,0.2061409568906703,0.052807183062202334,0.26711884854035045,0.2846084192537951,0.053301656737382165,0.4,0.2,True,True,0.0,0
successor_contamination,1835087704,195,286,0.9880863907193124,0.9881010684419842,0.08849382021470739,0.9880863907193124,1.1085064582798603,0.256,0.8019288801404753,0.7176034843224608,0.9692168404757856,0.9232678929835118,288,0.1360229355155997,0.2061409568906703,0.052807183062202334,0.26711884854035045,0.2846084192537951,0.053301656737382165,0.4,0.2,True,True,0.0,0
successor_contamination,1835087704,196,288,0.9896624047806828,0.9896691169362781,0.0947344903584004,0.9896624047806828,1.0756275284418093,0.256,0.7989384213485091,0.7176051449475858,0.969216840278966,0.9267258667552676,282,0.1360229355155997,0.2061409568906703,0.052807183062202334,0.26711884854035045,0.2846084192537951,0.053301656737382165,0.4,0.2,True,True,0.0,0
successor_contamination,1835087704,197,282,0.9904727288215806,0.990489113882661,0.08763711521040549,0.9904727288215806,1.0785800695980912,0.256,0.7965204598468326,0.7176067225414544,0.9692168401018284,0.9295411306642157,285,0.1360229355155997,0.2061409568906703,0.052807183062202334,0.26711884854035045,0.2846084192537951,0.053301656737382165,0.4,0.2,True,True,0.0,0
successor_contamination,1835087704,198,285,0.9905011364946763,0.9905193853307733,0.08677980931811397,0.9905011364946763,1.1267726814768624,0.256,0.8019613610108293,0.7176082212556296,0.9692168399424046,0.9232365937760184,292,0.1360229355155997,0.2061409568906703,0.052807183062202334,0.26711884854035045,0.2846084192537951,0.053301656737382165,0.4,0.2,True,True,0.0,0
successor_contamination,1835087704,199,292,0.9850725650005754,0.9850838884962188,0.09053472666092979,0.9850725650005754,1.1456407637379582,0.256,0.8005758584841168,0.7176096450340961,0.9692168397989231,0.924836212011269,300,0.1360229355155997,0.2061409568906703,0.052807183062202334,0.26711884854035045,0.2846084192537951,0.053301656737382165,0.4,0.2,True,True,0.0,0
successor_contamination,1835087704,200,300,0.9906878548423851,0.9907033876317811,0.08806403857525978,0.9906878548423851,1.147109882528728,0.256,0.8002775494743555,0.7176109976236392,0.9692168396697899,0.9251826950812688,299,0.1360229355155997,0.2061409568906703,0.052807183062202334,0.26711884854035045,0.2846084192537951,0.053301656737382165,0.4,0.2,True,True,0.0,0
successor_contamination,1835087704,201,299,0.9890835316433193,0.9891058294984353,0.08517332853544551,0.9890835316433193,1.1402064658446236,0.256,0.8028262979288106,0.7176122825837052,0.96921683955357,0.9222471508546142,295,0.1360229355155997,0.2061409568906703,0.052807183062202334,0.26711884854035045,0.2846084192537951,0.053301656737382165,0.4,0.2,True,True,0.0,0
successor_contamination,1835087704,202,295,0.989046221316038,0.9890590311091543,0.08958506644062723,0.989046221316038,1.1070919149389098,0.256,0.7955324769311392,0.717613503295768,0.969216839448972,0.930704335686002,294,0.1360229355155997,0.2061409568906703,0.052807183062202334,0.26711884854035045,0.2846084192537951,0.053301656737382165,0.4,0.2,True,True,0.0,0
successor_contamination,1835087704,203,294,0.9856492942653117,0.9856622716293402,0.08945422755697881,0.9856492942653117,1.103962172757608,0.256,0.7938204571829051,0.7176146629722275,0.9692168393548338,0.9327130780517707,296,0.1360229355155997,0.2061409568906703,0.052807183062202334,0.26711884854035045,0.2846084192537951,0.053301656737382165,0.4,0.2,True,True,0.0,0
successor_contamination,1835087704,204,296,0.9864147143766211,0.986433755142918,0.0864087564876529,0.9864147143766211,1.1187375020942036,0.256,0.7963613201959575,0.7176157646648641,0.9692168392701095,0.929738599817238,297,0.1360229355155997,0.2061409568906703,0.052807183062202334,0.26711884854035045,0.2846084192537951,0.053301656737382165,0.4,0.2,True,True,0.0,0
successor_contamination,1835087704,205,297,0.989852623841869,0.9898650058763199,0.08986190142490921,0.989852623841869,1.1373187915575944,0.256,0.7953319487569701,0.7176168112728689,0.9692168391938576,0.93094328707933,302,0.1360229355155997,0.2061409568906703,0.052807183062202334,0.26711884854035045,0.2846084192537951,0.053301656737382165,0.4,0.2,True,True,0.0,0
successor_contamination,1835087704,206,302,0.986324967652565,0.9863441877990071,0.08633339407347151,0.986324967652565,1.108678838658286,0.256,0.7957541461791197,0.7176178055504735,0.9692168391252308,0.9304506525781943,295,0.1360229355155997,0.2061409568906703,0.052807183062202334,0.26711884854035045,0.2846084192537951,0.053301656737382165,0.4,0.2,True,True,0.0,0
successor_contamination,1835087704,207,295,0.9898070093721213,0.9898230568864442,0.08779745790140198,0.9898070093721213,1.1162651382227,0.256,0.7938604161207679,0.7176187501141978,0.9692168390634668,0.9326714422080383,298,0.1360229355155997,0.2061409568906703,0.052807183062202334,0.26711884854035045,0.2846084192537951,0.053301656737382165,0.4,0.2,True,True,0.0,0
successor_contamination,1835087704,208,298,0.989147777178374,0.9891655919837676,0.08696053280171097,0.989147777178374,1.1097956386757786,0.256,0.7952401703681301,0.7176196474497359,0.9692168390078791,0.9310544068097476,295,0.1360229355155997,0.2061409568906703,0.052807183062202334,0.26711884854035045,0.2846084192537951,0.053301656737382165,0.4,0.2,True,True,0.0,0
successor_contamination,1835087704,209,295,0.9861323252595887,0.9861558287100608,0.08473040053287961,0.9861323252595887,1.1073949063976172,0.256,0.7992973301287868,0.7176204999184971,0.9692168389578503,0.9263295606857641,291,0.1360229355155997,0.2061409568906703,0.052807183062202334,0.26711884854035045,0.2846084192537951,0.053301656737382165,0.4,0.2,True,True,0.0,0
successor_contamination,1835087704,210,291,0.991048504853585,0.9910620420941535,0.08916150000790843,0.991048504853585,1.1077488731192195,0.256,0.7970378305920804,0.7176213097638202,0.9692168389128243,0.9289566339989038,292,0.1360229355155997,0.2061409568906703,0.052807183062202334,0.26711884854035045,0.2846084192537951,0.053301656737382165,0.4,0.2,True,True,0.0,0
successor_contamination,1835087704,211,292,0.9921610213119176,0.9921823908692934,0.08553653683565364,0.9921610213119176,1.09598008859829,0.256,0.7995431665120948,0.7176220791168771,0.9692168388723009,0.9260467790949928,286,0.1360229355155997,0.2061409568906703,0.052807183062202334,0.26711884854035045,0.2846084192537951,0.053301656737382165,0.4,0.2,True,True,0.0,0
successor_contamination,1835087704,212,286,0.9896943028087706,0.9897070374678734,0.08963710611641092,0.9896943028087706,1.09671659275822,0.256,0.8024052674059617,0.7176228100022812,0.9692168388358299,0.9227446008877618,284,0.1360229355155997,0.2061409568906703,0.052807183062202334,0.26711884854035045,0.2846084192537951,0.053301656737382165,0.4,0.2,True,True,0.0,0
successor_contamination,1835087704,213,284,0.9902643193250318,0.9902766284518962,0.08991221968043339,0.9902643193250318,1.0837186803680168,0.256,0.8028812805876409,0.7176235043434152,0.9692168388030059,0.9221984153123008,280,0.1360229355155997,0.2061409568906703,0.052807183062202334,0.26711884854035045,0.2846084192537951,0.053301656737382165,0.4,0.2,True,True,0.0,0
successor_contamination,1835087704,214,280,0.9905515286979374,0.9905704015049458,0.08651259519110108,0.9905515286979374,1.0776394507281193,0.256,0.7982259388233405,0.7176241639674924,0.9692168387734643,0.9275776308774805,283,0.1360229355155997,0.2061409568906703,0.052807183062202334,0.26711884854035045,0.2846084192537951,0.053301656737382165,0.4,0.2,True,True,0.0,0
successor_contamination,1835087704,215,283,0.9877429932554955,0.9877577442091015,0.08845143782126112,0.9877429932554955,1.0712328581934303,0.256,0.7924908101512693,0.7176247906103658,0.9692168387468769,0.9342911770336855,288,0.1360229355155997,0.2061409568906703,0.052807183062202334,0.26711884854035045,0.2846084192537951,0.053301656737382165,0.4,0.2,True,True,0.0,0
successor_contamination,1835087704,216,288,0.989123010991827,0.9891376978291481,0.08849722529797485,0.989123010991827,1.0650039151740716,0.256,0.7895456694181403,0.7176253859210955,0.9692168387229483,0.9377770212923262,289,0.1360229355155997,0.2061409568906703,0.052807183062202334,0.26711884854035045,0.2846084192537951,0.053301656737382165,0.4,0.2,True,True,0.0,0
successor_contamination,1835087704,217,289,0.9917798136332208,0.9918170365154632,0.08111611114350441,0.9917798136332208,1.0655919162409542,0.256,0.7908694805334032,0.7176259514662887,0.9692168387014125,0.936208044171423,287,0.1360229355155997,0.2061409568906703,0.052807183062202334,0.26711884854035045,0.2846084192537951,0.053301656737382165,0.4,0.2,True,True,0.0,0
successor_contamination,1835087704,218,287,0.9880408736935772,0.9880548785424568,0.08886699262398415,0.9880408736935772,1.051409495140679,0.256,0.7882277940609997,0.7176264887342223,0.9692168386820302,0.939346378661927,287,0.1360229355155997,0.2061409568906703,0.052807183062202334,0.26711884854035045,0.2846084192537951,0.053301656737382165,0.4,0.2,True,True,0.0,0
successor_contamination,1835087704,219,287,0.9891584584866909,0.9891895366773229,0.0825311313687339,0.9891584584866909,1.0476580326809533,0.256,0.7888549053310582,0.7176269991387592,0.9692168386645862,0.9386002996709496,285,0.1360229355155997,0.2061409568906703,0.052807183062202334,0.26711884854035045,0.2846084192537951,0.053301656737382165,0.4,0.2,True,True,0.0,0
successor_contamination,1835087704,220,285,0.9847462132381212,0.984757135929768,0.09081894626819567,0.9847462132381212,1.0459951184550327,0.256,0.7839583387939555,0.7176274840230692,0.9692168386488866,0.9444633907158145,291,0.1360229355155997,0.2061409568906703,0.052807183062202334,0.26711884854035045,0.2846084192537951,0.053301656737382165,0.4,0.2,True,True,0.0,0
successor_contamination,1835087704,221,291,0.9854576602730963,0.9854743997149198,0.08742638466793806,0.9854576602730963,1.0549001827370668,0.256,0.7842043886633707,0.7176279446631637,0.969216838634757,0.9441676644790183,293,0.1360229355155997,0.2061409568906703,0.052807183062202334,0.26711884854035045,0.2846084192537951,0.053301656737382165,0.4,0.2,True,True,0.0,0
successor_contamination,1835087704,222,293,0.9881780454164015,0.9882046424768255,0.08376263022402228,0.9881780454164015,1.0667894911641105,0.256,0.7912237282755242,0.7176283822712535,0.9692168386220403,0.935792053720199,288,0.1360229355155997,0.2061409568906703,0.052807183062202334,0.26711884854035045,0.2846084192537951,0.053301656737382165,0.4,0.2,True,True,0.0,0
successor_contamination,1835087704,223,288,0.9878502792239507,0.9878697484319124,0.08624320937799684,0.9878502792239507,1.0607328033928018,0.256,0.7965557316526657,0.7176287979989387,0.9692168386105953,0.9295285654893266,281,0.1360229355155997,0.2061409568906703,0.052807183062202334,0.26711884854035045,0.2846084192537951,0.053301656737382165,0.4,0.2,True,True,0.0,0
successor_contamination,1835087704,224,281,0.9913565309103307,0.9913910798415005,0.08170609207165891,0.9913565309103307,1.0708021889667103,0.256,0.7913736564222472,0.7176291929402397,0.9692168386002947,0.9356158220070797,288,0.1360229355155997,0.2061409568906703,0.052807183062202334,0.26711884854035045,0.2846084192537951,0.053301656737382165,0.4,0.2,True,True,0.0,0
successor_contamination,1835087704,225,288,0.9888340048929616,0.9888664380810405,0.08218882746782812,0.9888340048929616,1.0846787876265231,0.256,0.786244679534278,0.7176295681344758,0.9692168385910243,0.9417196967547543,298,0.1360229355155997,0.2061409568906703,0.052807183062202334,0.26711884854035045,0.2846084192537951,0.053301656737382165,0.4,0.2,True,True,0.0,0
successor_contamination,1835087704,226,298,0.9922807477261475,0.9923069057765631,0.08392809102364737,0.9922807477261475,1.1101611599895913,0.256,0.7870914956751311,0.717629924569,0.9692168385826808,0.9407069864381195,303,0.1360229355155997,0.2061409568906703,0.052807183062202334,0.26711884854035045,0.2846084192537951,0.053301656737382165,0.4,0.2,True,True,0.0,0
successor_contamination,1835087704,227,303,0.9925795032420208,0.9926078903785719,0.08327953727865083,0.9925795032420208,1.096632156796068,0.256,0.7891277948716355,0.717630263181798,0.9692168385751717,0.9382799885299125,297,0.1360229355155997,0.2061409568906703,0.052807183062202334,0.26711884854035045,0.2846084192537951,0.053301656737382165,0.4,0.2,True,True,0.0,0
successor_contamination,1835087704,228,297,0.9888315635230709,0.9888716843664755,0.08049565219778086,0.9888315635230709,1.1083860116324984,0.256,0.7949795836442997,0.7176305848639561,0.9692168385684136,0.9313737930612147,295,0.1360229355155997,0.2061409568906703,0.052807183062202334,0.26711884854035045,0.2846084192537951,0.053301656737382165,0.4,0.2,True,True,0.0,0
successor_contamination,1835087704,229,295,0.9916167900700322,0.9916328911844516,0.08778545610817529,0.9916167900700322,1.129017747537619,0.256,0.797450180975113,0.7176308904620063,0.9692168385623312,0.9284886795415724,297,0.1360229355155997,0.2061409568906703,0.052807183062202334,0.26711884854035045,0.2846084192537951,0.053301656737382165,0.4,0.2,True,True,0.0,0
successor_contamination,1835087704,230,297,0.9908253859172521,0.9908528946647716,0.08351565243090567,0.9908253859172521,1.1145069441107656,0.256,0.7968965023456774,0.717631180780154,0.9692168385568571,0.9291341634671572,294,0.1360229355155997,0.2061409568906703,0.052807183062202334,0.26711884854035045,0.2846084192537951,0.053301656737382165,0.4,0.2,True,True,0.0,0
successor_contamination,1835087704,231,294,0.9891565597838566,0.9891843596857762,0.08341842963160541,0.9891565597838566,1.129306428432657,0.256,0.7963430543571801,0.7176314565823942,0.9692168385519304,0.9297802568771777,299,0.1360229355155997,0.2061409568906703,0.052807183062202334,0.26711884854035045,0.2846084192537951,0.053301656737382165,0.4,0.2,True,True,0.0,0
successor_contamination,1835087704,232,299,0.985288752093362,0.9853200355966573,0.08244751826040467,0.985288752093362,1.137732135096155,0.256,0.7967241724866633,0.7176317185945225,0.9692168385474964,0.9293358298253662,302,0.1360229355155997,0.2061409568906703,0.052807183062202334,0.26711884854035045,0.2846084192537951,0.053301656737382165,0.4,0.2,True,True,0.0,0
successor_contamination,1835087704,233,302,0.9928386927117537,0.9928537017797675,0.08835431721235082,0.9928386927117537,1.1672232102801525,0.256,0.7962463617569714,0.7176319675060443,0.9692168385435058,0.9298938272901359,308,0.1360229355155997,0.2061409568906703,0.052807183062202334,0.26711884854035045,0.2846084192537951,0.053301656737382165,0.4,0.2,True,True,0.0,0
successor_contamination,1835087704,234,308,0.9873624571276871,0.9873885574005314,0.0839061405375406,0.9873624571276871,1.1754516352947868,0.256,0.800667960153731,0.71763220397199,0.9692168385399142,0.924758898353974,307,0.1360229355155997,0.2061409568906703,0.052807183062202334,0.26711884854035045,0.2846084192537951,0.053301656737382165,0.4,0.2,True,True,0.0,0
successor_contamination,1835087704,235,307,0.9891011696246584,0.9891229494837541,0.08536056662133654,0.9891011696246584,1.1879526274039243,0.256,0.800413792098541,0.7176324286146385,0.9692168385366818,0.9250528412532575,310,0.1360229355155997,0.2061409568906703,0.052807183062202334,0.26711884854035045,0.2846084192537951,0.053301656737382165,0.4,0.2,True,True,0.0,0
successor_contamination,1835087704,236,310,0.9906447582909848,0.9906648399912908,0.08601913795266883,0.9906447582909848,1.174134422094377,0.256,0.7994221312519701,0.7176326420251545,0.9692168385337727,0.9262006189274673,307,0.1360229355155997,0.2061409568906703,0.052807183062202334,0.26711884854035045,0.2846084192537951,0.053301656737382165,0.4,0.2,True,True,0.0,0
successor_contamination,1835087704,237,307,0.9893529512537534,0.9893737098431695,0.08574487128008956,0.9893529512537534,1.1857739291647311,0.256,0.7953599147843532,0.7176328447651448,0.9692168385311545,0.9309313534261143,315,0.1360229355155997,0.2061409568906703,0.052807183062202334,0.26711884854035045,0.2846084192537951,0.053301656737382165,0.4,0.2,True,True,0.0,0
successor_contamination,1835087704,238,315,0.9868759368590799,0.9869065283930377,0.08263837251460615,0.9868759368590799,1.166785349140378,0.256,0.7969174107697569,0.7176330373681356,0.969216838528798,0.9291121898540454,309,0.1360229355155997,0.2061409568906703,0.052807183062202334,0.26711884854035045,0.2846084192537951,0.053301656737382165,0.4,0.2,True,True,0.0,0
successor_contamination,1835087704,239,309,0.989490303602113,0.9895079093159179,0.08705726669575187,0.989490303602113,1.1708935905811289,0.256,0.7953635000185881,0.7176332203409768,0.9692168385266773,0.9309276443055746,311,0.1360229355155997,0.2061409568906703,0.052807183062202334,0.26711884854035045,0.2846084192537951,0.053301656737382165,0.4,0.2,True,True,0.0,0
successor_contamination,1835087704,240,311,0.9902137476749342,0.9902313379043841,0.08707008820012464,0.9902137476749342,1.1983950403488541,0.256,0.7954265534855267,0.7176333941651759,0.9692168385247686,0.9308540751385378,318,0.1360229355155997,0.2061409568906703,0.052807183062202334,0.26711884854035045,0.2846084192537951,0.053301656737382165,0.4,0.2,True,True,0.0,0
successor_contamination,1835087704,241,318,0.98934011586047,0.9893665800690575,0.08381184429889016,0.98934011586047,1.2103299128294884,0.256,0.79755842439374,0.7176335592981651,0.9692168385230507,0.9283661190430071,319,0.1360229355155997,0.2061409568906703,0.052807183062202334,0.26711884854035045,0.2846084192537951,0.053301656737382165,0.4,0.2,True,True,0.0,0
successor_contamination,1835087704,242,319,0.9934984779045796,0.9935323789584664,0.08187395473946601,0.9934984779045796,1.2015928493059675,0.256,0.795246899836268,0.7176337161745048,0.9692168385215046,0.9310647814873163,318,0.1360229355155997,0.2061409568906703,0.052807183062202334,0.26711884854035045,0.2846084192537951,0.053301656737382165,0.4,0.2,True,True,0.0,0
successor_contamination,1835087704,243,318,0.9882947827557571,0.9883154590263762,0.08576798115799335,0.9882947827557571,1.1748535924440344,0.256,0.79134418157699,0.7176338652070275,0.9692168385201132,0.935656762290191,317,0.1360229355155997,0.2061409568906703,0.052807183062202334,0.26711884854035045,0.2846084192537951,0.053301656737382165,0.4,0.2,True,True,0.0,0
successor_contamination,1835087704,244,317,0.9926829034121191,0.9927047260364573,0.08537372483408791,0.9926829034121191,1.1844930447799762,0.256,0.7985835972154509,0.7176340067879241,0.9692168385188609,0.9271749175062649,310,0.1360229355155997,0.2061409568906703,0.052807183062202334,0.26711884854035045,0.2846084192537951,0.053301656737382165,0.4,0.2,True,True,0.0,0
successor_contamination,1835087704,245,310,0.9864394279976294,0.9864717583881061,0.08219479731989698,0.9864394279976294,1.1831941607722338,0.256,0.8027807134456016,0.7176341412897759,0.9692168385177338,0.9223276135605276,307,0.1360229355155997,0.2061409568906703,0.052807183062202334,0.26711884854035045,0.2846084192537951,0.053301656737382165,0.4,0.2,True,True,0.0,0
successor_contamination,1835087704,246,307,0.9917507104472114,0.991780452429511,0.08290177252553589,0.9917507104472114,1.2134844058602585,0.256,0.8065812713924275,0.717634269066535,0.9692168385167195,0.917981829905758,309,0.1360229355155997,0.2061409568906703,0.052807183062202334,0.26711884854035045,0.2846084192537951,0.053301656737382165,0.4,0.2,True,True,0.0,0
successor_contamination,1835087704,247,309,0.9905416523938387,0.9905742779462757,0.08215549069090822,0.9905416523938387,1.204394741083406,0.256,0.8011619371017676,0.7176343904544563,0.9692168385158065,0.9241915303703254,313,0.1360229355155997,0.2061409568906703,0.052807183062202334,0.26711884854035045,0.2846084192537951,0.053301656737382165,0.4,0.2,True,True,0.0,0
successor_contamination,1835087704,248,313,0.9882070192367798,0.988247460935319,0.08042722056918968,0.9882070192367798,1.2044198598847453,0.256,0.8000413197696691,0.7176345057729815,0.9692168385149849,0.9254861935374459,315,0.1360229355155997,0.2061409568906703,0.052807183062202334,0.26711884854035045,0.2846084192537951,0.053301656737382165,0.4,0.2,True,True,0.0,0
successor_contamination,1835087704,249,315,0.9888055333826409,0.98882187942007,0.08764268598313653,0.9888055333826409,1.2070878858213787,0.256,0.8068460868274865,0.7176346153255804,0.9692168385142454,0.9176809813260787,308,0.1360229355155997,0.2061409568906703,0.052807183062202334,0.26711884854035045,0.2846084192537951,0.053301656737382165,0.4,0.2,True,True,0.0,0
successor_contamination,1835087704,250,308,0.9904516436494705,0.9904934606654653,0.08017909060836767,0.9904516436494705,1.191182494975677,0.256,0.8063183870542021,0.7176347194005493,0.96921683851358,0.9182816961734117,304,0.1360229355155997,0.2061409568906703,0.052807183062202334,0.26711884854035045,0.2846084192537951,0.053301656737382165,0.4,0.2,True,True,0.0,0
successor_contamination,1835087704,251,304,0.9894508881778348,0.9894675656433134,0.08748810009740461,0.9894508881778348,1.179102007871269,0.256,0.8037151695222446,0.7176348182717699,0.969216838512981,0.9212561193438598,304,0.1360229355155997,0.2061409568906703,0.052807183062202334,0.26711884854035045,0.2846084192537951,0.053301656737382165,0.4,0.2,True,True,0.0,0
successor_contamination,1835087704,252,304,0.9898674395790886,0.9899005390384719,0.08203528136239029,0.9898674395790886,1.2080260674397307,0.256,0.8067618396269399,0.7176349121994294,0.9692168385124419,0.917777191079757,308,0.1360229355155997,0.2061409568906703,0.052807183062202334,0.26711884854035045,0.2846084192537951,0.053301656737382165,0.4,0.2,True,True,0.0,0
successor_contamination,1835087704,253,308,0.9903707902100434,0.9903820435389029,0.09062690283049316,0.9903707902100434,1.2145833759400637,0.256,0.8090882089247173,0.7176350014307059,0.9692168385119567,0.9151384224136601,307,0.1360229355155997,0.2061409568906703,0.052807183062202334,0.26711884854035045,0.2846084192537951,0.053301656737382165,0.4,0.2,True,True,0.0,0
successor_contamination,1835087704,254,307,0.990025172279936,0.9900502938480108,0.08423179605335317,0.990025172279936,1.2053178979148087,0.256,0.8088673786841816,0.7176350862004186,0.9692168385115201,0.915388374019669,305,0.1360229355155997,0.2061409568906703,0.052807183062202334,0.26711884854035045,0.2846084192537951,0.053301656737382165,0.4,0.2,True,True,0.0,0
successor_contamination,1835087704,255,305,0.9885195426912056,0.9885467312508686,0.08359029879738945,0.9885195426912056,1.1841780172125362,0.256,0.8118501669932104,0.7176351667316456,0.969216838511127,0.9120252822054609,297,0.1360229355155997,0.2061409568906703,0.052807183062202334,0.26711884854035045,0.2846084192537951,0.053301656737382165,0.4,0.2,True,True,0.0,0
successor_contamination,1835087704,256,297,0.9856776539779927,0.9856955198314645,0.08690978225842673,0.9856776539779927,1.2098282257396478,0.256,0.8159661946906734,0.7176352432363113,0.9692168385107733,0.9074247945725421,300,0.1360229355155997,0.2061409568906703,0.052807183062202334,0.26711884854035045,0.2846084192537951,0.053301656737382165,0.4,0.2,True,True,0.0,0
successor_contamination,1835087704,257,300,0.9889140127788222,0.9889440926360893,0.08278905687160688,0.9889140127788222,1.2257930659037646,0.256,0.8159318143472413,0.7176353159157437,0.969216838510455,0.907463121995941,303,0.1360229355155997,0.2061409568906703,0.052807183062202334,0.26711884854035045,0.2846084192537951,0.053301656737382165,0.4,0.2,True,True,0.0,0
successor_contamination,1835087704,258,303,0.9918551942086806,0.991870439038523,0.0882223654625247,0.9918551942086806,1.2579450683747004,0.256,0.8206916414535542,0.7176353849612045,0.9692168385101686,0.9022001266036855,305,0.1360229355155997,0.2061409568906703,0.052807183062202334,0.26711884854035045,0.2846084192537951,0.053301656737382165,0.4,0.2,True,True,0.0,0
successor_contamination,1835087704,259,305,0.9915068445986993,0.9915212898003449,0.08864843685402422,0.9915068445986993,1.233266598184887,0.256,0.8247685563221988,0.7176354505543923,0.9692168385099108,0.8977405416622273,295,0.1360229355155997,0.2061409568906703,0.052807183062202334,0.26711884854035045,0.2846084192537951,0.053301656737382165,0.4,0.2,True,True,0.0,0
successor_contamination,1835087704,260,295,0.9903869432002911,0.990397134570834,0.09141604781957854,0.9903869432002911,1.237349430725388,0.256,0.8270842835369907,0.7176355128679206,0.9692168385096788,0.8952270639518031,294,0.1360229355155997,0.2061409568906703,0.052807183062202334,0.26711884854035045,0.2846084192537951,0.053301656737382165,0.4,0.2,True,True,0.0,0
successor_contamination,1835087704,261,294,0.9898272927348165,0.9898388128079072,0.09043605467479676,0.9898272927348165,1.234934427832302,0.256,0.822686630796552,0.7176355720657726,0.9692168385094699,0.9000125541760418,298,0.1360229355155997,0.2061409568906703,0.052807183062202334,0.26711884854035045,0.2846084192537951,0.053301656737382165,0.4,0.2,True,True,0.0,0
successor_contamination,1835087704,262,298,0.989329988543693,0.9893494206917172,0.08627028995274685,0.989329988543693,1.2300083382731368,0.256,0.8216610017862446,0.717635628303732,0.969216838509282,0.9011360552396995,298,0.1360229355155997,0.2061409568906703,0.052807183062202334,0.26711884854035045,0.2846084192537951,0.053301656737382165,0.4,0.2,True,True,0.0,0
successor_contamination,1835087704,263,298,0.9869538672425795,0.9869594135741301,0.09623131622017643,0.9869538672425795,1.2287870624908435,0.256,0.8191441216594172,0.7176356817297933,0.9692168385091128,0.9039049288628832,301,0.1360229355155997,0.2061409568906703,0.052807183062202334,0.26711884854035045,0.2846084192537951,0.053301656737382165,0.4,0.2,True,True,0.0,0
successor_contamination,1835087704,264,301,0.9927534138841853,0.9927773654711494,0.08463332508872151,0.9927534138841853,1.257272668803142,0.256,0.8183631207130957,0.7176357324845516,0.9692168385089606,0.904767630216166,307,0.1360229355155997,0.2061409568906703,0.052807183062202334,0.26711884854035045,0.2846084192537951,0.053301656737382165,0.4,0.2,True,True,0.0,0
successor_contamination,1835087704,265,307,0.9898844427185628,0.9899040683403024,0.08619588973114074,0.9898844427185628,1.2610683214340037,0.256,0.8144616626020637,0.717635780701572,0.9692168385088236,0.9091017356997411,313,0.1360229355155997,0.2061409568906703,0.052807183062202334,0.26711884854035045,0.2846084192537951,0.053301656737382165,0.4,0.2,True,True,0.0,0
successor_contamination,1835087704,266,313,0.991429784573491,0.9914543915599549,0.0844078216612968,0.991429784573491,1.2653115432334572,0.256,0.8168399218874769,0.7176358265077414,0.9692168385087002,0.9064549106300134,311,0.1360229355155997,0.2061409568906703,0.052807183062202334,0.26711884854035045,0.2846084192537951,0.053301656737382165,0.4,0.2,True,True,0.0,0
successor_contamination,1835087704,267,311,0.9903646114838284,0.9903871648887286,0.08509292423721879,0.9903646114838284,1.2784837664849291,0.256,0.8173720208430619,0.7176358700236023,0.9692168385085892,0.9058648747578695,314,0.1360229355155997,0.2061409568906703,0.052807183062202334,0.26711884854035045,0.2846084192537951,0.053301656737382165,0.4,0.2,True,True,0.0,0
successor_contamination,1835087704,268,314,0.9893935104221624,0.9894044768204846,0.09082463536038388,0.9893935104221624,1.265429751712285,0.256,0.8221994348949958,0.7176359113636701,0.9692168385084893,0.9005462841740927,306,0.1360229355155997,0.2061409568906703,0.052807183062202334,0.26711884854035045,0.2846084192537951,0.053301656737382165,0.4,0.2,True,True,0.0,0
successor_contamination,1835087704,269,306,0.98924626866497,0.9892657822642684,0.08623632148230878,0.98924626866497,1.274737761579993,0.256,0.819643409453795,0.7176359506367346,0.9692168385083993,0.9033546514558368,311,0.1360229355155997,0.2061409568906703,0.052807183062202334,0.26711884854035045,0.2846084192537951,0.053301656737382165,0.4,0.2,True,True,0.0,0
successor_contamination,1835087704,270,311,0.9907247849798106,0.990746413571365,0.0854290988618941,0.9907247849798106,1.2855522802383146,0.256,0.8235738261258693,0.7176359879461458,0.9692168385083184,0.8990435361971992,309,0.1360229355155997,0.2061409568906703,0.052807183062202334,0.26711884854035045,0.2846084192537951,0.053301656737382165,0.4,0.2,True,True,0.0,0
successor_contamination,1835087704,271,309,0.991320557102976,0.9913362971163436,0.08796362849242201,0.991320557102976,1.2958521401230612,0.256,0.8257504211473629,0.7176360233900865,0.9692168385082456,0.8966737921859913,309,0.1360229355155997,0.2061409568906703,0.052807183062202334,0.26711884854035045,0.2846084192537951,0.053301656737382165,0.4,0.2,True,True,0.0,0
successor_contamination,1835087704,272,309,0.9929678952899641,0.9929765707761198,0.09271864270604652,0.9929678952899641,1.294123530950126,0.256,0.8229655497893834,0.7176360570618301,0.9692168385081801,0.89970813050451,311,0.1360229355155997,0.2061409568906703,0.052807183062202334,0.26711884854035045,0.2846084192537951,0.053301656737382165,0.4,0.2,True,True,0.0,0
successor_contamination,1835087704,273,311,0.9919615916180549,0.9919736583020567,0.09008419684527327,0.9919615916180549,1.3086348420953526,0.256,0.81636725359677,0.7176360890499865,0.9692168385081211,0.906980070565786,322,0.1360229355155997,0.2061409568906703,0.052807183062202334,0.26711884854035045,0.2846084192537951,0.053301656737382165,0.4,0.2,True,True,0.0,0
successor_contamination,1835087704,274,322,0.9923308849401563,0.992345743556596,0.08843043844457257,0.9923308849401563,1.2865288083711726,0.256,0.8104525928173891,0.7176361194387352,0.9692168385080681,0.9135992249155412,323,0.1360229355155997,0.2061409568906703,0.052807183062202334,0.26711884854035045,0.2846084192537951,0.053301656737382165,0.4,0.2,True,True,0.0,0
successor_contamination,1835087704,275,323,0.9867848257990719,0.9868280480460786,0.0798864825637716,0.9867848257990719,1.2601308341948323,0.256,0.8087938279731697,0.7176361483080465,0.9692168385080203,0.9154729732180669,320,0.1360229355155997,0.2061409568906703,0.052807183062202334,0.26711884854035045,0.2846084192537951,0.053301656737382165,0.4,0.2,True,True,0.0,0
successor_contamination,1835087704,276,320,0.9874969738336237,0.9875236893704011,0.08372176385797954,0.9874969738336237,1.2265531431164776,0.256,0.8053828715054201,0.7176361757338922,0.9692168385079774,0.9193502182731524,315,0.1360229355155997,0.2061409568906703,0.052807183062202334,0.26711884854035045,0.2846084192537951,0.053301656737382165,0.4,0.2,True,True,0.0,0
successor_contamination,1835087704,277,315,0.9916194817939051,0.9916482202084752,0.0831739397599202,0.9916194817939051,1.2000480060359577,0.256,0.8071588943035655,0.7176362017884456,0.9692168385079386,0.917327369889076,305,0.1360229355155997,0.2061409568906703,0.052807183062202334,0.26711884854035045,0.2846084192537951,0.053301656737382165,0.4,0.2,True,True,0.0,0
successor_contamination,1835087704,278,305,0.9912951360302981,0.9913329866053292,0.08097911309027493,0.9912951360302981,1.1949628598440327,0.256,0.8069780532823773,0.7176362265402713,0.9692168385079037,0.9175329714610784,304,0.1360229355155997,0.2061409568906703,0.052807183062202334,0.26711884854035045,0.2846084192537951,0.053301656737382165,0.4,0.2,True,True,0.0,0
successor_contamination,1835087704,279,304,0.9890622588943406,0.9890882801818716,0.08394395699447052,0.9890622588943406,1.1835620689007709,0.256,0.803965723158681,0.7176362500545057,0.9692168385078724,0.9209708499562563,305,0.1360229355155997,0.2061409568906703,0.052807183062202334,0.26711884854035045,0.2846084192537951,0.053301656737382165,0.4,0.2,True,True,0.0,0
successor_contamination,1835087704,280,305,0.9895183238825973,0.989539715175146,0.08550721475659358,0.9895183238825973,1.1868376533195617,0.256,0.8018527875574982,0.7176362723930284,0.9692168385078442,0.9233976983438347,308,0.1360229355155997,0.2061409568906703,0.052807183062202334,0.26711884854035045,0.2846084192537951,0.053301656737382165,0.4,0.2,True,True,0.0,0
successor_contamination,1835087704,281,308,0.9866429368532378,0.9866644990592586,0.08542070505181001,0.9866429368532378,1.1866934343811408,0.256,0.8035572191240035,0.717636293614625,0.9692168385078188,0.921439099438359,307,0.1360229355155997,0.2061409568906703,0.052807183062202334,0.26711884854035045,0.2846084192537951,0.053301656737382165,0.4,0.2,True,True,0.0,0
successor_contamination,1835087704,282,307,0.989862303786467,0.9898989452121474,0.08122602742305615,0.989862303786467,1.2022161694519615,0.256,0.8081790155421674,0.7176363137751417,0.9692168385077959,0.9161696194758857,305,0.1360229355155997,0.2061409568906703,0.052807183062202334,0.26711884854035045,0.2846084192537951,0.053301656737382165,0.4,0.2,True,True,0.0,0
successor_contamination,1835087704,283,305,0.9875153258890034,0.9875428920352538,0.08347242492362794,0.9875153258890034,1.1986574703285784,0.256,0.8098907000543301,0.7176363329276326,0.9692168385077754,0.9142333414234777,303,0.1360229355155997,0.2061409568906703,0.052807183062202334,0.26711884854035045,0.2846084192537951,0.053301656737382165,0.4,0.2,True,True,0.0,0
successor_contamination,1835087704,284,303,0.9919582223153169,0.9919823255369095,0.0845767124845765,0.9919582223153169,1.2001892970592118,0.256,0.8089719012021718,0.717636351122499,0.9692168385077569,0.9152717153351322,303,0.1360229355155997,0.2061409568906703,0.052807183062202334,0.26711884854035045,0.2846084192537951,0.053301656737382165,0.4,0.2,True,True,0.0,0
successor_contamination,1835087704,285,303,0.986716395510751,0.9867366492510795,0.0859196083187123,0.986716395510751,1.1931314880204218,0.256,0.8078601146668138,0.717636368407622,0.9692168385077402,0.9165313450469535,304,0.1360229355155997,0.2061409568906703,0.052807183062202334,0.26711884854035045,0.2846084192537951,0.053301656737382165,0.4,0.2,True,True,0.0,0
successor_contamination,1835087704,286,304,0.993497090038505,0.9935249425316623,0.08343823789840818,0.993497090038505,1.225495724326687,0.256,0.809815469784101,0.7176363848284889,0.9692168385077252,0.9143183380346891,308,0.1360229355155997,0.2061409568906703,0.052807183062202334,0.26711884854035045,0.2846084192537951,0.053301656737382165,0.4,0.2,True,True,0.0,0
successor_contamination,1835087704,287,308,0.9863168514394923,0.9863476194142486,0.08258808434051697,0.9863168514394923,1.2467022988822853,0.256,0.8067669666788172,0.7176364004283124,0.9692168385077117,0.9177732618269817,319,0.1360229355155997,0.2061409568906703,0.052807183062202334,0.26711884854035045,0.2846084192537951,0.053301656737382165,0.4,0.2,True,True,0.0,0
successor_contamination,1835087704,288,319,0.9897046334053963,0.9897302693694957,0.08406787627430207,0.9897046334053963,1.2443351158135607,0.256,0.8125103651184543,0.7176364152481448,0.9692168385076996,0.9112858095363059,311,0.1360229355155997,0.2061409568906703,0.052807183062202334,0.26711884854035045,0.2846084192537951,0.053301656737382165,0.4,0.2,True,True,0.0,0
successor_contamination,1835087704,289,311,0.9899533963606144,0.9899716111247553,0.08679028199563546,0.9899533963606144,1.2406849515270895,0.256,0.8181779166652884,0.7176364293269856,0.9692168385076887,0.9049733136008368,304,0.1360229355155997,0.2061409568906703,0.052807183062202334,0.26711884854035045,0.2846084192537951,0.053301656737382165,0.4,0.2,True,True,0.0,0
successor_contamination,1835087704,290,304,0.990288436769736,0.9903033758424935,0.08837105288877939,0.990288436769736,1.274780071164221,0.256,0.8184098043398168,0.7176364427018843,0.9692168385076788,0.9047169159423729,312,0.1360229355155997,0.2061409568906703,0.052807183062202334,0.26711884854035045,0.2846084192537951,0.053301656737382165,0.4,0.2,True,True,0.0,0
successor_contamination,1835087704,291,312,0.9904439148868098,0.9904531132796499,0.0922325053814484,0.9904439148868098,1.2830503473995702,0.256,0.8174611128280593,0.7176364554080381,0.9692168385076699,0.9057668868277738,315,0.1360229355155997,0.2061409568906703,0.052807183062202334,0.26711884854035045,0.2846084192537951,0.053301656737382165,0.4,0.2,True,True,0.0,0
successor_contamination,1835087704,292,315,0.9897325806307324,0.9897462707156894,0.08906155396987982,0.9897325806307324,1.3146999162458017,0.256,0.8138974028171969,0.7176364674788842,0.9692168385076619,0.9097328694751634,327,0.1360229355155997,0.2061409568906703,0.052807183062202334,0.26711884854035045,0.2846084192537951,0.053301656737382165,0.4,0.2,True,True,0.0,0
successor_contamination,1835087704,293,327,0.9915299786412979,0.9915403518160675,0.09128448249321755,0.9915299786412979,1.3042955425835054,0.256,0.8164324353491739,0.717636478946188,0.9692168385076547,0.9069081524647213,321,0.1360229355155997,0.2061409568906703,0.052807183062202334,0.26711884854035045,0.2846084192537951,0.053301656737382165,0.4,0.2,True,True,0.0,0
successor_contamination,1835087704,294,321,0.9927649184049583,0.9927954683581373,0.08269655657746192,0.9927649184049583,1.3249919646388744,0.256,0.8152672700163893,0.7176364898401265,0.9692168385076483,0.9082043030868291,327,0.1360229355155997,0.2061409568906703,0.052807183062202334,0.26711884854035045,0.2846084192537951,0.053301656737382165,0.4,0.2,True,True,0.0,0
successor_contamination,1835087704,295,327,0.9898005505150008,0.9898232766139364,0.08502767174082602,0.9898005505150008,1.3023363288214307,0.256,0.8174090641782318,0.7176365001893682,0.9692168385076425,0.9058246182002659,320,0.1360229355155997,0.2061409568906703,0.052807183062202334,0.26711884854035045,0.2846084192537951,0.053301656737382165,0.4,0.2,True,True,0.0,0
successor_contamination,1835087704,296,320,0.9904174224664365,0.9904305271021336,0.08941495673246942,0.9904174224664365,1.309819613424903,0.256,0.8216500414852054,0.7176365100211478,0.9692168385076373,0.9011491830248572,317,0.1360229355155997,0.2061409568906703,0.052807183062202334,0.26711884854035045,0.2846084192537951,0.053301656737382165,0.4,0.2,True,True,0.0,0
successor_contamination,1835087704,297,317,0.9919307940147368,0.9919493809423212,0.08664516806013105,0.9919307940147368,1.3254117730638053,0.256,0.8246812452950367,0.7176365193613384,0.9692168385076326,0.8978369248456531,317,0.1360229355155997,0.2061409568906703,0.052807183062202334,0.26711884854035045,0.2846084192537951,0.053301656737382165,0.4,0.2,True,True,0.0,0
successor_contamination,1835087704,298,317,0.9923440691766392,0.9923555970702996,0.09045086645624532,0.9923440691766392,1.3041912902518618,0.256,0.8273443054010583,0.7176365282345195,0.9692168385076284,0.8949469737990857,309,0.1360229355155997,0.2061409568906703,0.052807183062202334,0.26711884854035045,0.2846084192537951,0.053301656737382165,0.4,0.2,True,True,0.0,0
successor_contamination,1835087704,299,309,0.9896225230702488,0.989646364539123,0.08464486214988316,0.9896225230702488,1.3056540071354445,0.256,0.825628818966287,0.7176365366640415,0.9692168385076246,0.8968064995997571,312,0.1360229355155997,0.2061409568906703,0.052807183062202334,0.26711884854035045,0.2846084192537951,0.053301656737382165,0.4,0.2,True,True,0.0,0
