arm,seed,step,novelty_vector_count,h_n_latest,h_n_shape_latest,V,H_N,L_t,total_suppression,avg_wb,theta_capability,transfer_state,g,population,x_compute,x_bio_welfare,x_novelty_agency,x_institutional_capacity,x_transfer_comprehension,x_resilience,c_protective,c_suppressive,adapter_active,action_modified,adapter_score,shape_fallback_increase
ledger_compromise,1835087705,0,200,0.9867968421444221,0.9868001868080056,0.10025600390162506,0.9867968421444221,0.09979052485565665,0.014000000000000002,0.6631178080841629,0.5203356142938013,0.5325514295604495,1.4734361004110033,206,0.25419517867251534,0.1899815868365184,0.06569521678940372,0.20138241973082158,0.21275714780224747,0.07598845016849366,0.2,0.0,False,False,0.0,2
ledger_compromise,1835087705,1,206,0.9860590258673665,0.9864338252333426,0.06268925732398149,0.9860590258673665,0.11988634647451314,0.256,0.6772147584830874,0.532476694138215,0.5668820296584043,1.3870160927262944,205,0.1644732569887977,0.24123482149073278,0.056896457521506044,0.26994131771840396,0.23792871526999862,0.02952543101056093,0.4,0.2,False,False,0.0,0
ledger_compromise,1835087705,2,205,0.9871850955477439,0.9872047434043095,0.08616514085868134,0.9871850955477439,0.14462853152747657,0.126,0.6886763038669542,0.5398888904174646,0.5974144797655986,1.312240708461254,212,0.11295038732700385,0.2547424403000733,0.053245907425794436,0.3344241047645139,0.2361032653651736,0.008533894817440928,0.6,0.0,False,False,0.0,0
ledger_compromise,1835087705,3,212,0.987497008657047,0.9876268188075108,0.07113908806053895,0.987497008657047,0.16228142466843537,0.22400000000000003,0.7030927640887211,0.543217789003155,0.6268472573629017,1.2325360342571663,208,0.06654178883204612,0.23720147261274074,0.09904920574403586,0.273355426138535,0.24587112786931495,0.07798097880332742,0.8,0.0,False,False,0.0,0
ledger_compromise,1835087705,4,208,0.9861035619504496,0.9868849897701668,0.05684437597230816,0.9861035619504496,0.18743420221388785,0.326,0.7138949599832378,0.5590674787054059,0.6577862396925562,1.1905431202748449,211,0.22513223940510776,0.21127409730894914,0.05283574089303835,0.23751261919153666,0.2681185403297237,0.005126762871644398,0.6,0.2,False,False,0.0,0
ledger_compromise,1835087705,5,211,0.9846445043075929,0.9856486630691615,0.05483814912833011,0.9846445043075929,0.20254299700081171,0.326,0.7267805285972094,0.5750834433439738,0.685462570247709,1.1543668214841467,206,0.2371167321729782,0.1885635418989897,0.1087187610074617,0.1792883336171289,0.2672747726220417,0.019037858681399664,0.6,0.2,False,False,0.0,0
ledger_compromise,1835087705,6,206,0.9861182865690741,0.9861183807926633,0.12866359836929794,0.9861182865690741,0.23012336382940562,0.0,0.7389279860970404,0.577542332965631,0.7110907039862442,1.0991493473195082,212,0.07766327236069821,0.22714862300173377,0.041015059600917905,0.26404698478387945,0.27087195381653073,0.11925410643623997,0.0,0.0,False,False,0.0,0
ledger_compromise,1835087705,7,212,0.986418718100415,0.9893427765653632,0.04636002050657669,0.986418718100415,0.2550070050288948,0.4,0.7473512728633999,0.5839291137682301,0.7251528390984667,1.07747151809449,217,0.12829871813600807,0.295064933193083,0.017917800330052573,0.29730433327678746,0.2258560275542347,0.03555818750983425,0.0,0.4,False,False,0.0,0
ledger_compromise,1835087705,8,217,0.992484835514939,0.9924848588222942,0.13983426554902698,0.992484835514939,0.27431135952105784,0.0,0.7539946459082237,0.582622631856208,0.7526375551886201,1.0266755126321543,215,0.03612467220486737,0.1782081827399395,0.14068188380816152,0.30506003814498117,0.32761904284832644,0.012306180253724078,0.0,0.0,False,False,0.0,0
ledger_compromise,1835087705,9,215,0.9825361113289603,0.9825515360246467,0.08805385769003407,0.9825361113289603,0.29568601445596954,0.22400000000000003,0.758484006368757,0.5843188024368913,0.7773737996697581,0.9909997265441742,223,0.07284127716867125,0.2724481889563296,0.059521974570555046,0.19788030374624918,0.3243618200332625,0.07294643552493237,0.8,0.0,False,False,0.0,0
ledger_compromise,1835087705,10,223,0.9849822224010338,0.984982226490376,0.1536274573490776,0.9849822224010338,0.3155945474372019,0.0,0.7615514824686546,0.5926501617166319,0.7855893430995781,0.9906119346746335,228,0.15684124251981507,0.18112911485641225,0.09736099052316614,0.2165141804478058,0.22976461698397901,0.11838985466882165,0.0,0.0,False,False,0.0,0
ledger_compromise,1835087705,11,228,0.985549599483155,0.9873971988714234,0.049998705273182294,0.985549599483155,0.3369901966881024,0.41400000000000003,0.769126630340043,0.5914669861530152,0.8070304087896203,0.9528899813284648,229,0.04311665652768565,0.22747302849899723,0.03716337445239983,0.2913533922312553,0.3727650993923393,0.028128448897322803,0.2,0.4,False,False,0.0,0
ledger_compromise,1835087705,12,229,0.9871601352958443,0.9871603369312182,0.12261605596472708,0.9871601352958443,0.3535573105619697,0.05600000000000001,0.7736956615271675,0.5942156289522452,0.8263273679106583,0.9294408835417282,228,0.0915249013360102,0.1630459204128036,0.04017496676376717,0.24960489058591356,0.3184702936052052,0.13717902729630044,0.4,0.0,False,False,0.0,0
ledger_compromise,1835087705,13,228,0.9143162225714548,0.9876235966044689,0.020701292923608748,0.9143162225714548,0.33081466751707955,0.614,0.7828975321047354,0.60830206764866,0.8398733448188926,0.9251253262697834,218,0.23496525180033787,0.172970097896479,0.050226277381505355,0.20729101000586245,0.28089356849650104,0.053653794419314206,0.2,0.6,False,False,0.0,0
ledger_compromise,1835087705,14,218,0.9811107863620201,0.9811347913281215,0.0845217031107473,0.9811107863620201,0.37068088173681407,0.256,0.7822226869966844,0.6090187774465132,0.8422377072645957,0.924412042229039,223,0.07664766475357808,0.19395624164152642,0.11444684026652849,0.26189262656740186,0.23175848463796167,0.12129814213300358,0.4,0.2,False,False,0.0,0
ledger_compromise,1835087705,15,223,0.9877135679467635,0.987714382961544,0.11150232531452554,0.9877135679467635,0.38134437146734107,0.126,0.7884122606889173,0.6066988503840962,0.8493043231547155,0.9060589774982911,221,0.039137647623858046,0.20085335938813814,0.16685270991725337,0.3061987349982689,0.2564519330828969,0.030505614989584595,0.6,0.0,False,False,0.0,0
ledger_compromise,1835087705,16,221,0.9801599208277738,0.9801600835696526,0.1242652166605621,0.9801599208277738,0.391443536432216,0.126,0.7913890928353146,0.6263639078648914,0.83672617855727,0.9459176033533944,222,0.33154591570699077,0.17434888329427645,0.029692883310734778,0.24270709314989425,0.16176143859013048,0.059943785947973324,0.6,0.0,False,False,0.0,0
ledger_compromise,1835087705,17,222,0.9822574079524294,0.9822608292493468,0.10003897826937326,0.9822574079524294,0.40001924507647646,0.2,0.7983526132079197,0.6405841911835625,0.8295284148396693,0.9672755237880826,222,0.2567309838989458,0.317869939894883,0.03940794484752747,0.20052697902272004,0.1823742706906315,0.0030898816452923257,0.0,0.2,False,False,0.0,0
ledger_compromise,1835087705,18,222,0.9674308711549154,0.9831815151694207,0.03290625345618739,0.9674308711549154,0.40458273960253865,0.55,0.802360977949519,0.646023397717709,0.8465755733557024,0.9510705088924097,220,0.1558552011665584,0.1585437281207625,0.05876088273297719,0.21835787243973306,0.33120343516914885,0.07727888037081994,1.0,0.2,False,False,0.0,0
ledger_compromise,1835087705,19,220,0.9876378174006896,0.9876548052091112,0.08732673953771136,0.9876378174006896,0.42809054511478767,0.256,0.8118205910449403,0.6498692720001533,0.8528647717476393,0.9386112690092223,219,0.13933805210412198,0.18478125392239184,0.11148344137610043,0.2928874545381497,0.25473377863753555,0.01677601942170066,0.4,0.2,False,False,0.0,0
ledger_compromise,1835087705,20,219,0.9862310286820316,0.9862311156226938,0.12930485437220715,0.9862310286820316,0.4368704151764997,0.05600000000000001,0.8161426763268971,0.6453316913876808,0.8675782945728754,0.9113983275682082,220,0.03694853734418901,0.1749215787943749,0.12931156168589825,0.22512558735923932,0.3837656104134813,0.049927124402817276,0.4,0.0,False,False,0.0,0
ledger_compromise,1835087705,21,220,0.9833405017286035,0.9841572797087387,0.056470154463203,0.9833405017286035,0.4535216304887627,0.41400000000000003,0.8151731904710209,0.6614245646867418,0.8627845016747784,0.9404335124625081,225,0.29199322335556305,0.17747310935797814,0.029545355551667526,0.21863860669950744,0.20982018279595288,0.0725295222393309,0.2,0.4,False,False,0.0,0
ledger_compromise,1835087705,22,225,0.9884440307702476,0.9884538419177431,0.09170307248924418,0.9884440307702476,0.48110543364486297,0.256,0.8099387492178898,0.6660758350385052,0.8600453186538918,0.9562031379938954,239,0.1590312323262552,0.32124861543084565,0.011514164703875292,0.20323886033125502,0.21769633573295608,0.08727079147481275,0.4,0.2,False,False,0.0,0
ledger_compromise,1835087705,23,239,0.9812841424446962,0.9814924265447889,0.06732572955523315,0.9812841424446962,0.49215815513457833,0.35,0.809595080881513,0.6612032848510037,0.8740407867885026,0.934405621309238,242,0.04289051955529598,0.18835264066408658,0.10730279467881965,0.253821428704519,0.39585239392114463,0.01178022247613415,1.0,0.0,False,False,0.0,0
ledger_compromise,1835087705,24,242,0.9827414497426924,0.9884185307434248,0.041071352312583305,0.9827414497426924,0.5010078885907168,0.456,0.8186874041637493,0.6754323271588942,0.8491272480892602,0.9716077196108679,242,0.2786150818805087,0.24767961638350655,0.018464752650609147,0.29272043325340524,0.11245269989803959,0.050067415933930694,0.4,0.4,False,False,0.0,0
ledger_compromise,1835087705,25,242,0.961487283971396,0.990188266888492,0.028186336714837064,0.961487283971396,0.5050143061001583,0.6,0.8233118814307933,0.6822953352934825,0.8479270060643528,0.9773487271198983,243,0.19543280615666192,0.2561160213960985,0.022894737311443383,0.2917229757590766,0.21856241392009293,0.015271045456626687,0.0,0.6,False,False,0.0,0
ledger_compromise,1835087705,26,243,0.9856177434885943,0.9858412638620678,0.06679894374453299,0.9856177434885943,0.5354533913413861,0.35,0.8190410456249974,0.675815756372188,0.8564082755570483,0.9634779746835991,250,0.03293984804224618,0.29638908979141027,0.005086359270564351,0.39729907822145755,0.26636985049565437,0.0019157741786672575,1.0,0.0,False,False,0.0,0
ledger_compromise,1835087705,27,250,0.983407499107409,0.9853159289671395,0.049724052982282024,0.983407499107409,0.5521368921544598,0.42400000000000004,0.8157545445928184,0.6871686777645938,0.8707674480013435,0.9673901656921647,257,0.2517963651376888,0.21559571982582065,0.0002812760180379762,0.13628103676028386,0.377781580676501,0.018264021581667598,0.8,0.2,False,False,0.0,0
ledger_compromise,1835087705,28,257,0.9851145307540886,0.9859468830004091,0.05633426280277643,0.9851145307540886,0.5871787785359397,0.42400000000000004,0.8131809858367613,0.6925672110861413,0.8836907032012091,0.9637722671447508,267,0.1844620901222153,0.1705137903116282,0.0050102623322222815,0.23413572816784645,0.30665386944636225,0.09922425961972546,0.8,0.2,False,False,0.0,0
ledger_compromise,1835087705,29,267,0.988676876680518,0.9901152653108423,0.05201350106456,0.988676876680518,0.5964320525200474,0.41400000000000003,0.8102089259893437,0.6843480666653305,0.8953216328810882,0.9434110160582827,270,0.01761520166870382,0.16078694408739388,0.06768385089390196,0.2397613286617467,0.35418191834604507,0.15997075634220856,0.2,0.4,False,False,0.0,0
ledger_compromise,1835087705,30,270,0.978159920387265,0.9901130994050157,0.03515823353600371,0.978159920387265,0.5907328753537567,0.526,0.8109343161860219,0.6875414991848517,0.884839111859545,0.9581840269549176,269,0.15513544815984712,0.18484174854102778,0.06472252773087134,0.2800796572321029,0.19524821133282816,0.11997240700332268,0.6,0.4,False,False,0.0,0
ledger_compromise,1835087705,31,269,0.9893983322276164,0.9901783510469346,0.05688526138143649,0.9893983322276164,0.5938454815522562,0.4,0.8127000422352891,0.6869524721649284,0.8833268302015697,0.9569185787004872,266,0.10985059924149067,0.17009669152558346,0.14085621963773595,0.2544464714592637,0.23485814763989565,0.08989187049603069,0.0,0.4,False,False,0.0,0
ledger_compromise,1835087705,32,266,0.9858641962720806,0.9858840491918319,0.08607183649878179,0.9858641962720806,0.5757520181277013,0.256,0.8147573455766537,0.6917381448737021,0.8822749065812101,0.9622978443695739,258,0.1766662039627515,0.3470197680635592,0.007470729173589072,0.21295509990060915,0.23640379699898728,0.019484401900503906,0.4,0.2,False,False,0.0,0
ledger_compromise,1835087705,33,258,0.9829713691652474,0.9829713799468146,0.14589426505484854,0.9829713691652474,0.5854004794952287,0.014000000000000002,0.8151295335970303,0.6912529950370772,0.8925114587039584,0.9501596789539918,260,0.1137719675882522,0.1886775763559337,0.008091312931052141,0.23427726944421562,0.29232021390434654,0.16286165977619985,0.2,0.0,False,False,0.0,0
ledger_compromise,1835087705,34,260,0.9884956321764358,0.988495633571899,0.16221413588682346,0.9884956321764358,0.6039692372221231,0.0,0.8158878473540461,0.6880322615923135,0.9032603128335626,0.9336098165647004,262,0.07927395383862688,0.27409039183874356,0.01629367596141853,0.2947026663479574,0.3049897844946614,0.03064952751859227,0.0,0.0,False,False,0.0,0
ledger_compromise,1835087705,35,262,0.990702070470258,0.9907020742621118,0.15427476550083893,0.990702070470258,0.625810734755295,0.05600000000000001,0.8181878163611992,0.6995463689921062,0.9129342815502063,0.9365349367158186,267,0.26144650599260544,0.17080810087769513,0.01457877187005581,0.17127279485848826,0.3708982905261389,0.010995535875016471,0.4,0.0,False,False,0.0,0
ledger_compromise,1835087705,36,267,0.9863567601256139,0.986365116095358,0.09296416850745072,0.9863567601256139,0.6281495213703081,0.22400000000000003,0.8148096745691418,0.7119244583237563,0.9216408533951856,0.9480167684383818,268,0.2794425972656916,0.19914437582177402,0.013883604953762504,0.1543188414052854,0.3168616950361125,0.03634888551737403,0.8,0.0,False,False,0.0,0
ledger_compromise,1835087705,37,268,0.9897764296001434,0.990628725057781,0.05618349748343302,0.9897764296001434,0.6470654862392742,0.4,0.8134794932308494,0.7140781574152721,0.9175999431041693,0.9566338883060429,274,0.1593740250962956,0.22004358023537549,0.05548636217412028,0.2509323076009776,0.24061587524251113,0.07354784965071991,0.0,0.4,False,False,0.0,0
ledger_compromise,1835087705,38,274,0.9867544182602285,0.9872082341785161,0.06117273536553157,0.9867544182602285,0.6286250135418197,0.4,0.815546039447969,0.7199463071294541,0.9032091903898009,0.9773796163644898,270,0.20715071981181976,0.24427356200262296,0.1409315900506691,0.20051805047246807,0.18684620798024282,0.020279869682177324,0.0,0.4,False,False,0.0,0
ledger_compromise,1835087705,39,270,0.9887068183709923,0.9887068199489584,0.16123746129806021,0.9887068183709923,0.6308660095667527,0.014000000000000002,0.8186339695476689,0.7150056894641652,0.9064289058855988,0.9635760324616426,267,0.07570872113979751,0.19508335390548825,0.10021786632040565,0.33195858820736207,0.2677031726738898,0.0293282977530567,0.2,0.0,False,False,0.0,0
ledger_compromise,1835087705,40,267,0.9887723804164761,0.9890491273425132,0.06512452410135862,0.9887723804164761,0.6383438302499724,0.35,0.81923232378151,0.7200435094076846,0.8967654249291314,0.9801054514973621,268,0.19735130520909538,0.26372702137917214,0.021842282882719475,0.2874132659419879,0.2048970481604624,0.024769076426562685,1.0,0.0,False,False,0.0,0
ledger_compromise,1835087705,41,268,0.986331800715628,0.9871769984264682,0.05622228061137529,0.986331800715628,0.643550313696841,0.41400000000000003,0.8186690181108792,0.7114466767956107,0.9070888824362182,0.9580411332638605,271,0.030066785728879667,0.27580355363556025,0.012856014407908987,0.23513163151103167,0.30018402543820577,0.14595798927841375,0.2,0.4,False,False,0.0,0
ledger_compromise,1835087705,42,271,0.98877608430238,0.9888820677346182,0.07276342404546049,0.98877608430238,0.6310103418766199,0.326,0.8209063843113007,0.7097843196219569,0.8914915541192227,0.9698744854338822,267,0.11137470832658335,0.2477269343226626,0.03514031504583458,0.37474693745723364,0.1755577996331315,0.055453305214554376,0.6,0.2,False,False,0.0,0
ledger_compromise,1835087705,43,267,0.9918366936504851,0.991846211954422,0.09197155534474906,0.9918366936504851,0.6376387700324323,0.256,0.8189026108700591,0.7067495819105916,0.8976887265839947,0.9614075608665924,268,0.0931809783716563,0.20356251763532648,0.16074933478713804,0.2508300893954207,0.27673163938347145,0.014945440426987078,0.4,0.2,False,False,0.0,0
ledger_compromise,1835087705,44,268,0.9911782473020797,0.9912346676478111,0.0778007917111557,0.9911782473020797,0.6439291284783354,0.326,0.8184867470878651,0.7026243874614243,0.8856021501995837,0.9693327936012287,274,0.07765355807952878,0.34194323845810315,0.02202829330060719,0.29101507593017706,0.18841148136994218,0.0789483528616417,0.6,0.2,False,False,0.0,0
ledger_compromise,1835087705,45,274,0.9859622033809513,0.9859661708753312,0.09888994223628324,0.9859622033809513,0.662895928555673,0.22400000000000003,0.8154174378195945,0.695874571776622,0.8970419351796253,0.9513454082291889,283,0.04226754610336183,0.25583041511943233,0.011099416618294687,0.25226261302171815,0.34438598446640967,0.09415402467078343,0.8,0.0,False,False,0.0,0
ledger_compromise,1835087705,46,283,0.9887137340443231,0.9887137402149665,0.15038263026774648,0.9887137340443231,0.6512542442834218,0.05600000000000001,0.8125367145697616,0.6967448290045873,0.8917983966860816,0.9615327328814275,282,0.133299822709955,0.18215055011948825,0.20730970935268445,0.20526030657250519,0.22230327512209452,0.0496763361232725,0.4,0.0,False,False,0.0,0
ledger_compromise,1835087705,47,282,0.9863895472373947,0.9868800576013672,0.06055115505768897,0.9863895472373947,0.6739943800169675,0.4,0.809734577944818,0.6936222503154634,0.9026185570174735,0.9490215469629443,289,0.08393328451381822,0.17543436725920572,0.08062328426205204,0.28686588657959505,0.30037295019530086,0.07277022719002808,0.0,0.4,False,False,0.0,0
ledger_compromise,1835087705,48,289,0.9920566405508345,0.9920607723433161,0.09861600224571361,0.9920566405508345,0.7047001913569915,0.22400000000000003,0.8003797743113648,0.6907688001123418,0.902686603402035,0.9560918385174718,303,0.08534577890814338,0.22111742355914332,0.08684501336997703,0.2944747093053715,0.2516495104315441,0.06056756442582062,0.8,0.0,False,False,0.0,0
ledger_compromise,1835087705,49,303,0.9891603314536396,0.9899228635720725,0.057063689340535954,0.9891603314536396,0.7255570595689526,0.4,0.8005026818845697,0.7029079651729742,0.8931725001134788,0.9831059629585895,313,0.27097006332811785,0.19497156545075056,0.04912992271712707,0.21391398911071766,0.20377278525823675,0.06724167413505028,0.0,0.4,False,False,0.0,0
ledger_compromise,1835087705,50,313,0.986959176039748,0.9881987964526976,0.05318188714704938,0.986959176039748,0.7271400403097288,0.41400000000000003,0.7984308566778341,0.7026055945496752,0.8923621908155935,0.9861276358283272,314,0.12303784544187243,0.2535191276373552,0.04298031970887489,0.26396314414919586,0.24253470356731296,0.0739648594953887,0.2,0.4,True,False,0.0,0
ledger_compromise,1835087705,51,314,0.988315018574285,0.9883311100514828,0.08776367357616542,0.988315018574285,0.7232062745759681,0.256,0.800640906440533,0.692889701533751,0.89602683411857,0.9658402832947574,312,0.005179833894494528,0.19371789393464792,0.11604004270820105,0.28367724027218616,0.26450431192267926,0.13688067726779113,0.4,0.2,True,False,0.0,0
ledger_compromise,1835087705,52,312,0.991014868020029,0.9920336368153836,0.05477456685270284,0.991014868020029,0.7191874466197792,0.41400000000000003,0.7982678421732298,0.6973617508005128,0.9061470784706842,0.9640749409709799,314,0.17645667929311676,0.2022501431705999,0.08817281026380719,0.12290476379051445,0.29861463881985584,0.11160096466210595,0.2,0.4,True,False,0.0,0
ledger_compromise,1835087705,53,314,0.9897480088248415,0.9938800629707263,0.04364383245423748,0.9897480088248415,0.7135178235690434,0.456,0.803576245712123,0.7021057448096375,0.8992501592262555,0.9716165706289732,310,0.18265101936437994,0.2173275893051079,0.12494695770098332,0.23644151121407417,0.21858894301319837,0.020043979402256225,0.4,0.4,True,False,0.0,0
ledger_compromise,1835087705,54,310,0.9924432442925075,0.9924432683146436,0.13959348392628942,0.9924432442925075,0.7350270746278932,0.05600000000000001,0.8058741802292569,0.6963987201686613,0.90932514330363,0.9503236189037636,317,0.05497828249382173,0.21990781507416196,0.09193713547428543,0.2299420360828266,0.34165326301880583,0.061581467856098575,0.4,0.0,True,False,0.0,0
ledger_compromise,1835087705,55,317,0.9894333737056756,0.991531869075262,0.049018384405085616,0.9894333737056756,0.7486468021558129,0.42400000000000004,0.8043775573768969,0.6927477104742035,0.918392628973267,0.9377493346570237,320,0.07711157892469048,0.17696764032774542,0.04623915694435626,0.3409417795573246,0.34402811242375664,0.014711731822126638,0.8,0.2,True,False,0.0,0
ledger_compromise,1835087705,56,320,0.9888498135303433,0.9888708737153863,0.08562600705977665,0.9888498135303433,0.7350947965037721,0.256,0.8043196264779994,0.6929168910795379,0.8975977593761025,0.9597778482349757,319,0.12258207661305778,0.34456143869194,0.0025874528145643227,0.29596520956113403,0.15522196650081094,0.07908185581849289,0.4,0.2,True,False,0.0,0
ledger_compromise,1835087705,57,319,0.989954690277917,0.9902827885089703,0.06377956562619037,0.989954690277917,0.7436563983593519,0.35,0.8034225427616803,0.7004587063285793,0.9078379834384923,0.9603514028074698,320,0.21484574753772814,0.21059963645833268,0.002032443571676847,0.1839603916699397,0.380462067975729,0.008099712786593745,1.0,0.0,True,False,0.0,0
ledger_compromise,1835087705,58,320,0.9914080997671592,0.9916472548895593,0.06630750686359572,0.9914080997671592,0.7621742942998093,0.326,0.7986518059184177,0.7009371581909266,0.9170541850946431,0.9570323280987859,331,0.1312673397347027,0.1734331540250907,0.024123099377889215,0.17166600124672832,0.3883210192500319,0.11118938636555709,0.6,0.2,True,False,0.0,0
ledger_compromise,1835087705,59,331,0.989956026910556,0.9918627790793881,0.04978376884274027,0.989956026910556,0.7624872783233493,0.42400000000000004,0.7957243424330337,0.7031102484308226,0.9160387874102028,0.9645992524249605,331,0.15274935186802857,0.17333325542556527,0.09050488349419246,0.24414504192855285,0.25345010412512026,0.08581736315854062,0.8,0.2,True,False,0.0,0
ledger_compromise,1835087705,60,331,0.9900839974631542,0.9904352997834857,0.0632368467607145,0.9900839974631542,0.7550260522004387,0.35,0.7998220032603301,0.6978541675244275,0.9244349086691825,0.943832639325681,327,0.06124289393932588,0.18448025826036102,0.21769907833662674,0.2121557212316416,0.3033372969316038,0.021084751300441087,1.0,0.0,True,False,0.0,0
ledger_compromise,1835087705,61,327,0.9896532128854864,0.9897505950286748,0.0734441523825778,0.9896532128854864,0.7735398953041878,0.326,0.7990650608260496,0.6965147862069159,0.9319914178022642,0.9352684531178647,330,0.10691658823387219,0.17849167326043663,0.04987624969457077,0.2714132197920821,0.33913883977941,0.054163429239628254,0.6,0.2,True,False,0.0,0
ledger_compromise,1835087705,62,330,0.9781329601135608,0.9909342566878656,0.034619175843961174,0.9781329601135608,0.7596453921133755,0.526,0.7954813215144396,0.7035079642155633,0.9350806633460185,0.9457796288661977,331,0.2102364664874153,0.21302048334789447,0.12125670815689311,0.15823942109806288,0.281441936619903,0.015804984289831122,0.6,0.4,True,False,0.0,0
ledger_compromise,1835087705,63,331,0.9889446647556921,0.9891550013863599,0.06730957466547878,0.9889446647556921,0.7636719140937591,0.35,0.7963626640969662,0.6979967336867406,0.9340504639759797,0.938365774242612,329,0.058302096024444125,0.2460328006923676,0.09468989632082107,0.25941089351249935,0.262389334822815,0.07917497862705286,1.0,0.0,True,False,0.0,0
ledger_compromise,1835087705,64,329,0.9806848797814407,0.9896097710823039,0.037479746716282326,0.9806848797814407,0.7655476875274976,0.526,0.7956536386645159,0.6925369157294693,0.9368348460443535,0.929085835558296,331,0.055500234088320693,0.25188555235662224,0.0860907138464438,0.2793691957125491,0.28094714232985923,0.046207161666205,0.6,0.4,True,False,0.0,0
ledger_compromise,1835087705,65,331,0.9921899440380155,0.9921899540448355,0.14656216035857064,0.9921899440380155,0.7651274155080097,0.0,0.7953415301467749,0.7016185664570006,0.9209526738113467,0.9578777807654228,328,0.23385620642506016,0.16732492041938135,0.15285170359339761,0.23914048902007448,0.18900656185714274,0.017820118684943615,0.0,0.0,True,False,0.0,0
ledger_compromise,1835087705,66,328,0.9906286000305347,0.9906286065736841,0.14993144798994187,0.9906286000305347,0.7416606017066903,0.0,0.7960275044649898,0.7099824415208786,0.923602803364802,0.9656823463338805,317,0.2305600423341013,0.15734593875893596,0.14451495459107186,0.18837114366665364,0.27372698467294976,0.0054809359762874686,0.0,0.0,True,False,0.0,0
ledger_compromise,1835087705,67,317,0.9860755787309273,0.9901101758452385,0.04380357439116324,0.9860755787309273,0.7345082630146295,0.456,0.7976707109916065,0.7204437345568978,0.9086437346089254,0.9939917655682486,315,0.2620051889007893,0.18256349097937077,0.08367687452000282,0.23314582261039835,0.1870060579030181,0.05160256508642084,0.4,0.4,True,False,0.0,0
ledger_compromise,1835087705,68,315,0.9786593156462376,0.9893095871390346,0.03607045828839081,0.9786593156462376,0.7110550417938154,0.526,0.8029899309528667,0.7132030353413763,0.9177793611480329,0.9677536014425668,307,0.0472685939040426,0.2531242595220892,0.13580469800563147,0.20636122459346629,0.3045870454874314,0.052854178487339025,0.6,0.4,True,False,0.0,0
ledger_compromise,1835087705,69,307,0.9904756417903854,0.9904864302322637,0.09096356635107672,0.9904756417903854,0.7177089072213313,0.22400000000000003,0.8033541533124611,0.7084949359504281,0.9260014250332297,0.9523970731527186,302,0.07440065470150727,0.1616862270618654,0.0799313077370935,0.31653623881453563,0.31671496597230997,0.05073060571268831,0.8,0.0,True,False,0.0,0
ledger_compromise,1835087705,70,302,0.9883543426153031,0.9900340589800415,0.050778228859590005,0.9883543426153031,0.7104892703023774,0.42400000000000004,0.8037910020548783,0.7087977516576383,0.9241272293102276,0.9542176034465935,297,0.13409453130914378,0.20594982415790872,0.03618463125761072,0.3697417634326329,0.25362973390160437,0.00039951594109945436,0.8,0.2,True,False,0.0,0
ledger_compromise,1835087705,71,297,0.9883883817462891,0.9916236930858298,0.04557316872969111,0.9883883817462891,0.7268598668860624,0.456,0.8031236994147063,0.7049761116507111,0.9317145063792048,0.9421262445927125,302,0.08272809469943437,0.3146866098304325,0.0028627907168664603,0.25332194463938146,0.3000615322574901,0.046339027856395015,0.4,0.4,True,False,0.0,0
ledger_compromise,1835087705,72,302,0.9914992209050902,0.9915045191492168,0.0966321525359896,0.9914992209050902,0.7222606860492573,0.21400000000000002,0.8032212923767224,0.7141339200255742,0.9186648428089161,0.9678038666266916,297,0.24258267446748416,0.16648959295807347,0.014811326831877112,0.31258578354004873,0.20060893533815913,0.06292168686435737,0.2,0.2,True,False,0.0,0
ledger_compromise,1835087705,73,297,0.9907930117431085,0.9907981996205845,0.09679404608593865,0.9907930117431085,0.7426713154725605,0.21400000000000002,0.8000086810509979,0.7118528967447489,0.9267983585280245,0.9600863630952365,306,0.10532090900566857,0.22394618327563015,0.020938919715586406,0.22914627821215436,0.3459250896774824,0.07472262011347797,0.2,0.2,True,False,0.0,0
ledger_compromise,1835087705,74,306,0.9896932811206784,0.9897306476920567,0.08106868005530325,0.9896932811206784,0.7388645643684398,0.256,0.8017181767666156,0.7178463177444198,0.9224805931212963,0.9706273140344535,309,0.207325822961353,0.2549601111773255,0.08487445972291957,0.15807087742810913,0.2418103522303709,0.052958376479922076,0.4,0.2,True,False,0.0,0
ledger_compromise,1835087705,75,309,0.9885879397258246,0.9894118636780926,0.056443201977260736,0.9885879397258246,0.7350892985386231,0.4,0.8016065115098674,0.7279667844148439,0.9002041134607912,1.008809897266289,308,0.26265978197056317,0.19739095112399782,0.0093329877856479,0.29214742929135107,0.14985789825812257,0.08861095157031741,0.0,0.4,True,False,0.0,0
ledger_compromise,1835087705,76,308,0.9896783111369858,0.9908917967730279,0.05337316582889222,0.9896783111369858,0.7424794118476915,0.41400000000000003,0.7941805394831841,0.7260466040679401,0.8994742628927797,1.01638094960255,312,0.1184769859229802,0.1588295521028846,0.017820576031485853,0.27537021834728687,0.24645280389033772,0.18304986370502474,0.2,0.4,True,False,0.0,0
ledger_compromise,1835087705,77,312,0.9906044896343363,0.9911066298373487,0.060398645239199036,0.9906044896343363,0.7588462063974178,0.35,0.7982931052519053,0.7294592383871967,0.9056272777923817,1.0089953281962307,315,0.18393705653317086,0.200610925447819,0.041084820521626673,0.21707246309693812,0.28050220594440034,0.07679252845604503,1.0,0.0,True,False,0.0,0
ledger_compromise,1835087705,78,315,0.9887554469683889,0.9887619768985672,0.09494628303863817,0.9887554469683889,0.7685117412994215,0.2,0.7979365155539346,0.7221169299845693,0.9150645500131436,0.9889798799070374,317,0.05163316895915506,0.2835108397421182,0.01638767067359655,0.3213422035382387,0.3229335174049856,0.004192599681905898,0.0,0.2,True,False,0.0,0
ledger_compromise,1835087705,79,317,0.9896699996077097,0.9896972651830576,0.08357704162043558,0.9896699996077097,0.7794919983431241,0.256,0.7951482893155475,0.7360110834853408,0.8962188510851337,1.0328140821549736,322,0.3954367204996846,0.16637023112617907,0.01847964256557403,0.25305761871928567,0.16330378036652204,0.003352006722754676,0.4,0.2,True,False,0.0,0
ledger_compromise,1835087705,80,322,0.9908692594956329,0.9908696739142017,0.11691134906070542,0.9908692594956329,0.7880968903370676,0.126,0.7892826579972693,0.7381143344686546,0.9065969659766203,1.0315180161298936,321,0.17379756446976016,0.14221315152667297,0.045320064218319696,0.2672955153318966,0.3438327504916423,0.027540953961708328,0.6,0.0,True,False,0.0,0
ledger_compromise,1835087705,81,321,0.9382823741838905,0.9922977191330598,0.02316982811056876,0.9382823741838905,0.756562127284993,0.6,0.7893689624317607,0.7418743970864353,0.9055407221623128,1.0378685498277738,322,0.19582224176516844,0.18773427738001536,0.01972613667346645,0.29294252581194824,0.24801726391677312,0.05575755445262839,0.0,0.6,True,False,0.0,0
ledger_compromise,1835087705,82,322,0.9879327127748466,0.9879358318034016,0.1008211270117915,0.9879327127748466,0.7915151563464663,0.2,0.7934291294613163,0.7394436272290178,0.9149866499460816,1.0185495752062883,321,0.12078687496130283,0.165337332082372,0.016124875088912846,0.18137778022601753,0.32796453851827356,0.18840859912312133,0.0,0.2,True,False,0.0,0
ledger_compromise,1835087705,83,321,0.9653652699832519,0.9880445332904808,0.030043526094240863,0.9653652699832519,0.7753493952442054,0.55,0.7895619985312355,0.7314430642574793,0.9234879849514734,1.0031434437857574,324,0.04964522987390437,0.17268598854572167,0.06307774980297537,0.23953197928955286,0.31355211122952603,0.16150694125831974,1.0,0.2,True,False,0.0,0
ledger_compromise,1835087705,84,324,0.9942898133213526,0.9942898193518686,0.1506102440662924,0.9942898133213526,0.8080783876684152,0.0,0.7818388057506516,0.7381873311127652,0.9223577232125414,1.0236464308123758,326,0.2289552508519992,0.15019113317468477,0.038154542190538036,0.2734559055149688,0.2560926837810767,0.053150484486732506,0.0,0.0,True,False,0.0,0
ledger_compromise,1835087705,85,326,0.9913051850638019,0.9913051901214583,0.15198672467774083,0.9913051850638019,0.8215524322261072,0.0,0.782624015560375,0.7413664780028135,0.9292233730714989,1.019435256098846,330,0.18860641807108203,0.16655412852867016,0.04358518246978511,0.22112504469878824,0.29550711090105836,0.08462211533061614,0.0,0.0,True,False,0.0,0
ledger_compromise,1835087705,86,330,0.9939653774057255,0.9943040794822678,0.06355863124020278,0.9939653774057255,0.7964630882294991,0.35,0.7758841985533756,0.744344124109007,0.9255417366248901,1.0365275492051031,327,0.18807462507917638,0.1638424005437282,0.07486309390788268,0.17463056520482942,0.2462035043027055,0.15238581096167797,1.0,0.0,True,False,0.0,0
ledger_compromise,1835087705,87,327,0.9870156968185041,0.9870623800873323,0.07927520404948939,0.9870156968185041,0.8181097490029197,0.256,0.7795734077606368,0.741714820238064,0.9305713845476191,1.0224221432891079,333,0.11984877918134253,0.17412742651969432,0.02860785074272115,0.31597572654655665,0.28791910792609005,0.07352110908359524,0.4,0.2,True,False,0.0,0
ledger_compromise,1835087705,88,333,0.9889151585809026,0.9889152044059661,0.13442407829938174,0.9889151585809026,0.8214784041726388,0.014000000000000002,0.7803950283915049,0.7348026764111574,0.9356566657381595,1.0063283775671044,332,0.06466996481245692,0.1561724220471432,0.0749947950108589,0.3073051831804459,0.29071209822651134,0.10614553672258374,0.2,0.0,True,False,0.0,0
ledger_compromise,1835087705,89,332,0.9870647369290202,0.987523448433207,0.06108986633562834,0.9870647369290202,0.8162097376600694,0.35,0.780866459667379,0.7427602792512449,0.933525836040103,1.01893284036307,329,0.24622170825806705,0.1751195862872933,0.036984392551798466,0.22275219673286065,0.25717418437879674,0.06174793179118381,1.0,0.0,True,False,0.0,0
ledger_compromise,1835087705,90,329,0.9882073270139603,0.9882073364615583,0.14698789912524396,0.9882073270139603,0.8180883191314475,0.014000000000000002,0.7827433521676256,0.7443632175837067,0.9216668885171959,1.031790515004977,331,0.17176190368780123,0.1658866088931363,0.1255624667531513,0.25417533049986474,0.20746818040551607,0.07514550976053035,0.2,0.0,True,False,0.0,0
ledger_compromise,1835087705,91,331,0.992058511448566,0.9923306616174095,0.06528421780983769,0.992058511448566,0.8484984292611812,0.326,0.7849771547180092,0.73485175563565,0.9295001996654764,1.007147852594609,340,0.033833736639107194,0.17516615935436614,0.03355604520799407,0.3630376951408404,0.32965007562391263,0.06475628803377961,0.6,0.2,True,False,0.0,0
ledger_compromise,1835087705,92,340,0.9875782184860521,0.9889039635568344,0.05265289183962896,0.9875782184860521,0.8435712085129101,0.4,0.7851988798226479,0.7337830146470544,0.9315362450851828,1.0032016222770208,337,0.1334230849148366,0.17802595802704912,0.04740770718977988,0.30919329083521313,0.2749303269312705,0.05701963210185083,0.0,0.4,True,False,0.0,0
ledger_compromise,1835087705,93,337,0.9919625120135444,0.9919963966417417,0.08186549682999972,0.9919625120135444,0.8640962475210603,0.256,0.7851103183598148,0.739582860434506,0.931686177153495,1.0110822836291131,342,0.2186124564975541,0.21573642381578415,0.004999651882257419,0.23447542167302815,0.26651778288415195,0.05965826324722423,0.4,0.2,True,False,0.0,0
ledger_compromise,1835087705,94,342,0.9920926093709289,0.9925535712993804,0.06109135305371062,0.9920926093709289,0.8780964534295639,0.35,0.7888348763668974,0.7293707899841055,0.9385175594381455,0.9851896947846853,346,0.022088407141560202,0.2102196820266895,0.035506518320173146,0.2788781715427107,0.4289809092088019,0.024326311760064445,1.0,0.0,True,False,0.0,0
ledger_compromise,1835087705,95,346,0.9898871096086613,0.9898871429702417,0.1369586344929434,0.9898871096086613,0.8723372106576922,0.05600000000000001,0.7836415260261986,0.7258709641863196,0.9345543523433982,0.9911455109390951,348,0.0996089212677409,0.15590427782225247,0.11357166210632696,0.2891412387093417,0.24944274424533633,0.09233115584900167,0.4,0.0,True,False,0.0,0
ledger_compromise,1835087705,96,348,0.9904316680636163,0.990886167077585,0.06119036352716656,0.9904316680636163,0.8770625193079723,0.35,0.7824107332825655,0.7181542157877586,0.9410989171090585,0.9753211476177635,351,0.044709997634437997,0.16242867928159077,0.06308630786019302,0.25795590493238324,0.402613101839514,0.06920600845188109,1.0,0.0,True,False,0.0,0
ledger_compromise,1835087705,97,351,0.9904062315882847,0.9908269379094906,0.06180488889682998,0.9904062315882847,0.8651591928283052,0.35,0.7829168509750632,0.7170407433880789,0.9143328638467962,1.0016681463197297,355,0.12242797987135284,0.3062980918387735,0.04056954274389569,0.3443606131795881,0.13671919224321788,0.04962458012317185,1.0,0.0,True,False,0.0,0
ledger_compromise,1835087705,98,355,0.9926923871735261,0.9944077740228079,0.050646046543462636,0.9926923871735261,0.8572723005077626,0.42400000000000004,0.780375841186251,0.7129661560886192,0.9055822526017234,1.0088746181603145,356,0.08471812337430401,0.18557716283322517,0.043319725785640785,0.44670728238459234,0.21341337569803406,0.026264329924203515,0.8,0.2,True,False,0.0,0
ledger_compromise,1835087705,99,356,0.9916382719098695,0.9916383713001821,0.1282830909082215,0.9916382719098695,0.8290006861201945,0.05600000000000001,0.7858733848813189,0.7131388179690095,0.9015639762616098,1.0065258793175165,345,0.1352621210602642,0.25611283502355625,0.08426507513190952,0.23882534848130754,0.23269974460029372,0.05283487570266878,0.4,0.0,True,False,0.0,0
ledger_compromise,1835087705,100,345,0.9915036816457133,0.9915209345830255,0.08723456457352594,0.9915036816457133,0.7955827624791664,0.22400000000000003,0.7918150472056688,0.7245456239613269,0.8846972224289622,1.0343019022664315,334,0.2757968361345995,0.30246904728647717,0.014269784701958051,0.19732549029826138,0.16644821896756687,0.04369062261113697,0.8,0.0,True,False,0.0,0
ledger_compromise,1835087705,101,334,0.975368546021123,0.9896041160596643,0.03376314527804466,0.975368546021123,0.7976870220785778,0.526,0.7925304859147788,0.7283419614374598,0.896227500186066,1.0254183584405956,336,0.18779523342749002,0.17635742928121179,0.007391395915285986,0.22274051270676692,0.3565058025562557,0.04920962611298962,0.6,0.4,True,False,0.0,0
ledger_compromise,1835087705,102,336,0.9888144241691863,0.988814452278984,0.1383134593322054,0.9888144241691863,0.8076804608179484,0.05600000000000001,0.7966512615062078,0.7240764881519486,0.9042100015996218,1.0051870637638953,334,0.08939530982952298,0.17618511923260038,0.03411954212915147,0.23117055269168782,0.2880262571608121,0.18110321895622525,0.4,0.0,True,False,0.0,0
ledger_compromise,1835087705,103,334,0.9849199580233592,0.9887837339804854,0.04413726811349139,0.9849199580233592,0.8101588688576534,0.456,0.7951867317018932,0.7378726637443511,0.9019924043792474,1.0287489758338928,334,0.3228384211864992,0.1611964543019141,0.036565396855313854,0.21229217745197865,0.2410170146979388,0.026090535506355424,0.4,0.4,True,False,0.0,0
ledger_compromise,1835087705,104,334,0.9773591664018003,0.990198098549184,0.03458989202446314,0.9773591664018003,0.8136182140756655,0.526,0.7903227093451289,0.7355778228792201,0.9117931639413227,1.0207698500818245,335,0.11998490402608257,0.147012135397176,0.027076445822837397,0.3814978776892129,0.30254136311833735,0.021887273946353862,0.6,0.4,True,False,0.0,0
ledger_compromise,1835087705,105,335,0.9942369910741905,0.9942525810277404,0.0880632634827054,0.9942369910741905,0.851672738543886,0.22400000000000003,0.7926396888732253,0.7316073520105274,0.9206138475471904,1.0025931742217753,340,0.09760525344085308,0.16775864648942979,0.04540817322452489,0.29572609899274566,0.3923403512674425,0.001161476585004164,0.8,0.0,True,False,0.0,0
ledger_compromise,1835087705,106,340,0.986064446781491,0.9860692051927926,0.09744379879902677,0.986064446781491,0.8205508863307995,0.21400000000000002,0.793883413187105,0.7443871915215085,0.9038768753688307,1.037368097566025,331,0.3045025888938424,0.2087308470614479,0.033372519707041644,0.23570894139002824,0.17662206288179608,0.04106304006584377,0.2,0.2,True,False,0.0,0
ledger_compromise,1835087705,107,331,0.9931619141803946,0.9931677232778615,0.09591277111543725,0.9931619141803946,0.8129653364254937,0.2,0.7934443884150418,0.738283765293213,0.9134891878319475,1.0185993956271544,323,0.07644916684725016,0.18031368168384634,0.01369564436664851,0.276602204859171,0.38929684763588457,0.06364245460719951,0.0,0.2,True,False,0.0,0
ledger_compromise,1835087705,108,323,0.986578094414802,0.9912626862353293,0.0426238196973009,0.986578094414802,0.8002959011031822,0.456,0.7954500136414245,0.7434590787856067,0.9137444575727338,1.0228675944316572,323,0.21361877196317863,0.1970649364872956,0.02717020895059323,0.16834568259664334,0.2580209426199048,0.13577945738238445,0.4,0.4,True,False,0.0,0
ledger_compromise,1835087705,109,323,0.9669973801192487,0.9874822783767091,0.030849036581677137,0.9669973801192487,0.7723115700436726,0.55,0.7984149445114894,0.7364808820957193,0.9121091164099635,1.011314010486953,318,0.0649344656174108,0.2633268169350683,0.07891469656441984,0.2925026248053771,0.24869552297251546,0.05162587310520838,1.0,0.2,True,False,0.0,0
ledger_compromise,1835087705,110,318,0.9885381288497186,0.9885381334720927,0.15268083946073158,0.9885381288497186,0.7826979213196548,0.014000000000000002,0.7973155831749982,0.7471452464678,0.8970157286028535,1.0446594259341957,323,0.28110510596083355,0.16605269805704875,0.06715347188272379,0.15714919064378022,0.18058761916943153,0.14795191428618218,0.2,0.0,True,False,0.0,0
ledger_compromise,1835087705,111,323,0.9901736905382326,0.9911304594509828,0.05526711541373006,0.9901736905382326,0.7801763826061906,0.4,0.7980137294658067,0.7521784049394501,0.8893404213364936,1.0598452690827251,322,0.21738025993800134,0.2267144221623894,0.05810703835463766,0.23198368467666594,0.21013132796962714,0.05568326689867851,0.0,0.4,True,False,0.0,0
ledger_compromise,1835087705,112,322,0.9893840604302206,0.9893840691487795,0.1476366185677996,0.9893840604302206,0.7732728872923645,0.014000000000000002,0.7957757196271861,0.7548665732372869,0.871749872228076,1.088147122913322,323,0.19121360681011687,0.17498205423370974,0.09462300429183382,0.2684774356328475,0.15671746512615864,0.11398643390533332,0.2,0.0,True,False,0.0,0
ledger_compromise,1835087705,113,323,0.9927243537699135,0.9930320251501052,0.06431331372455747,0.9927243537699135,0.774342836333387,0.35,0.7956407721660527,0.7457611923679963,0.8845748850052684,1.0596151159857254,319,0.04547434740717218,0.22684211134572052,0.02694424784998102,0.2857644626064923,0.3176712597352558,0.0973035710553783,1.0,0.0,True,False,0.0,0
ledger_compromise,1835087705,114,319,0.9916187977068263,0.9916188060180234,0.14803546979959217,0.9916187977068263,0.7625856233176275,0.0,0.7953850997083752,0.7517866683658667,0.8700183481991561,1.0863974994912804,315,0.22891919520337722,0.1990225621509196,0.00679870924149076,0.350046661031611,0.16950475847207294,0.04570811390052856,0.0,0.0,True,False,0.0,0
ledger_compromise,1835087705,115,315,0.9935131308834554,0.9935132169057376,0.12944794568194745,0.9935131308834554,0.759943577174548,0.05600000000000001,0.8029829518692475,0.7499979444199093,0.8830165133792405,1.0577546002355185,311,0.13500761840419861,0.2415950330302438,0.017268702178948866,0.18316049183270122,0.3064070076253822,0.11656114692852534,0.4,0.0,True,False,0.0,0
ledger_compromise,1835087705,116,311,0.9852545659441844,0.9887382867953212,0.04496112024040706,0.9852545659441844,0.7446005010538554,0.456,0.8071311071155354,0.7477687590642579,0.8877694926506943,1.0435734332820028,309,0.12838389831680017,0.18530000460489,0.08231360658174565,0.18374341717575776,0.26527315304688914,0.15498592027391733,0.4,0.4,True,False,0.0,0
ledger_compromise,1835087705,117,309,0.9877454466020813,0.9879482628847254,0.06758967361614791,0.9877454466020813,0.745262436975407,0.35,0.7972822044576159,0.7583804359065905,0.8989925433856248,1.05808110941114,306,0.287501434944319,0.14321423842858344,0.027029392735060023,0.20726501711869366,0.30147620618161824,0.03351371059172568,1.0,0.0,True,False,0.0,0
ledger_compromise,1835087705,118,306,0.9884180544811739,0.9903251281677842,0.04977007691597913,0.9884180544811739,0.7356383853117288,0.41400000000000003,0.80228176680409,0.7534247059579556,0.9090932890470623,1.033009898988908,303,0.09954114808368317,0.1712189054585772,0.1689515396200317,0.1704064060298312,0.34594418776837355,0.043937813039503185,0.2,0.4,True,False,0.0,0
ledger_compromise,1835087705,119,303,0.9899479960966845,0.9899480045928759,0.14784681056196544,0.9899479960966845,0.7540168100861837,0.014000000000000002,0.7984637120097822,0.7608888616567946,0.918183960142356,1.03785418645187,304,0.25169238745920886,0.14961186209242028,0.009479423491375115,0.24408191846816077,0.320338658958766,0.02479574953006906,0.2,0.0,True,False,0.0,0
ledger_compromise,1835087705,120,304,0.9897881552799125,0.989835833117186,0.07912973394873933,0.9897881552799125,0.7449058787044398,0.256,0.7997377513027636,0.7517154391933702,0.9263655641281204,1.014666846451954,305,0.04838775774269269,0.2647303695234799,0.1054627165331813,0.17128043569030393,0.3642699284422839,0.045868792068058356,0.4,0.2,True,False,0.0,0
ledger_compromise,1835087705,121,305,0.9877021283764369,0.9877021323325947,0.15391297224800224,0.9877021283764369,0.7357993681602912,0.0,0.8001361248175268,0.7522687017921116,0.9212522643233875,1.0205412101098081,305,0.16423793198012288,0.20062733759674595,0.15788378369873962,0.1973238531077139,0.23761628304039553,0.04231081057628222,0.0,0.0,True,False,0.0,0
ledger_compromise,1835087705,122,305,0.9889723400554106,0.99042527433208,0.05193590135479076,0.9889723400554106,0.7239223816348129,0.41400000000000003,0.7997318615901504,0.7459862329563947,0.9291270378910488,1.00394822345279,301,0.07913707817360821,0.2423885486544942,0.09859617752499569,0.2027182506061802,0.33758139762490363,0.0395785474158181,0.2,0.4,True,False,0.0,0
ledger_compromise,1835087705,123,301,0.989945308341905,0.9899453230877184,0.1434580716202964,0.989945308341905,0.7333485751113343,0.014000000000000002,0.7975901193615201,0.7465052250208148,0.9347272045756692,1.0013091940269245,307,0.16022879640299934,0.1566342755913061,0.19113259799899274,0.17020775279957598,0.2925643523686265,0.02923222483849924,0.2,0.0,True,False,0.0,0
ledger_compromise,1835087705,124,307,0.9278838458831136,0.986068232615982,0.022527875873828207,0.9278838458831136,0.6703445366620562,0.614,0.7980459280154197,0.7485486897229529,0.9279041162260395,1.010855474035082,297,0.17960907441473398,0.16079255892784433,0.08638662533423812,0.260126695980516,0.23324816053968664,0.07983688480298105,0.2,0.6,True,False,0.0,0
ledger_compromise,1835087705,125,297,0.9343228789616113,0.9929171573049348,0.022527093216708184,0.9343228789616113,0.6806835732886702,0.614,0.8029674031961114,0.7501919574561617,0.9154120152155705,1.020605443148426,298,0.175883777741957,0.21430851941732482,0.09511098924949435,0.258188622647348,0.20149155306067457,0.05501653788320137,0.2,0.6,True,False,0.0,0
ledger_compromise,1835087705,126,298,0.986230953889351,0.9864888839252405,0.06566440144275086,0.986230953889351,0.7124700953861411,0.35,0.8040832404460903,0.7464182303025393,0.9149086446458392,1.0146201818999552,293,0.1091983839898209,0.24040770090089617,0.03641512559305969,0.3037588708342012,0.255189154759129,0.055030763922892884,1.0,0.0,True,False,0.0,0
ledger_compromise,1835087705,127,293,0.9893756908176865,0.9893757227559518,0.1373015811020278,0.9893756908176865,0.7244714250104587,0.05600000000000001,0.8081237733850513,0.745021026025804,0.9151572527041089,1.0073837028453245,296,0.136546340479896,0.25288589958121027,0.0938427501943,0.22606354635844556,0.25869736261426796,0.03196410077188023,0.4,0.0,True,False,0.0,0
ledger_compromise,1835087705,128,296,0.9905663707899056,0.9905663726269592,0.16004227781505656,0.9905663707899056,0.7204447008438126,0.0,0.8087895139164683,0.7358393202044016,0.9154142766887919,0.9938704946222295,294,0.03836681849859669,0.2265818196930001,0.00683391598209456,0.41606498453765733,0.25886374627547,0.05328871501318122,0.0,0.0,True,False,0.0,0
ledger_compromise,1835087705,129,294,0.9906525059236677,0.9906539506862888,0.10696888470335209,0.9906525059236677,0.7235761213325868,0.21400000000000002,0.811570018790981,0.7269903914893254,0.9238728490199127,0.9695952336030496,296,0.036787966189299914,0.1819186383225328,0.031230956589957146,0.21836757129210604,0.3601047954993862,0.1715900721067178,0.2,0.2,True,False,0.0,0
ledger_compromise,1835087705,130,296,0.9874562923029044,0.9890574931756844,0.05115143038736921,0.9874562923029044,0.7034282763473135,0.42400000000000004,0.8140852533286118,0.7348663780449065,0.9012878052350608,1.0015554419231942,289,0.24031882662559126,0.17787861705450833,0.12048808323155613,0.2702691980383948,0.1490112055856967,0.04203406946425286,0.8,0.2,True,False,0.0,0
ledger_compromise,1835087705,131,289,0.9890927692173939,0.989113181465555,0.08587670307116979,0.9890927692173939,0.7293468324324767,0.256,0.809527284938676,0.7392267535183421,0.9082947879981177,1.0053548164752153,294,0.20129617969601077,0.1606297188247385,0.0010982933082362123,0.3089537418009324,0.28567881643281484,0.04234324993726732,0.4,0.2,True,False,0.0,0
ledger_compromise,1835087705,132,294,0.9852219123063015,0.985445490585523,0.0667936855819534,0.9852219123063015,0.749388686761792,0.35,0.8038334340203271,0.7309483973187187,0.9174653091983059,0.9911308640591897,305,0.046037268453671586,0.20005890136239804,0.004855061883239366,0.24847478734507325,0.3756846691271149,0.12488931182850278,1.0,0.0,True,False,0.0,0
ledger_compromise,1835087705,133,305,0.9911844174435464,0.9911845545767626,0.12571711350805548,0.9911844174435464,0.7657330866438193,0.126,0.7997081096433655,0.7363526101788118,0.904523992514231,1.0179682657953555,311,0.21189540907536233,0.1595656348673681,0.11143357711165794,0.2820853738020403,0.19402607117877838,0.04099393396479302,0.6,0.0,True,False,0.0,0
ledger_compromise,1835087705,134,311,0.9945718695822784,0.9945722631258398,0.11735245245314893,0.9945718695822784,0.7876889463378168,0.126,0.8021200506765462,0.7388590041976906,0.8974539848221967,1.0263843170047349,317,0.17905030659774254,0.21845568199939325,0.0007954180363417627,0.3452333492646024,0.21691195779694428,0.039553286304975836,0.6,0.0,True,False,0.0,0
ledger_compromise,1835087705,135,317,0.9890774170933267,0.9890861609303705,0.09262492578707837,0.9890774170933267,0.8000108658932238,0.22400000000000003,0.8013519938127053,0.7361913091196624,0.9077085863399771,1.0120941644027701,323,0.11594068914820406,0.2069886134398202,0.05086811133875439,0.22613944046960222,0.3214925354606469,0.07857061014297229,0.8,0.0,True,False,0.0,0
ledger_compromise,1835087705,136,323,0.9921499470052595,0.992155021246212,0.09698123670236292,0.9921499470052595,0.8156303510119903,0.2,0.8024837452586789,0.7406598599873938,0.8998273624233418,1.025707117500082,327,0.20347645404643203,0.1924187074920055,0.044827833162179566,0.26539616271750177,0.21444817358681226,0.07943266899506887,0.0,0.2,True,False,0.0,0
ledger_compromise,1835087705,137,327,0.9876349181647222,0.9909245082045308,0.04543511615926556,0.9876349181647222,0.8197521642267668,0.456,0.8026973220500817,0.7354159327188465,0.9098446261810076,1.0069640968900442,332,0.0848633216352801,0.17657943139548476,0.11974550185707493,0.2038166605905001,0.34354153299453505,0.07145355152712515,0.4,0.4,True,False,0.0,0
ledger_compromise,1835087705,138,332,0.9889573344563264,0.9889573363083932,0.15996454849994632,0.9889573344563264,0.8257473128935026,0.014000000000000002,0.8062936066013545,0.7395511914144628,0.8994245134123621,1.0197889575060566,332,0.19882569164448305,0.26580619923189686,0.014839768775815842,0.3114435786538454,0.20282174924727595,0.00626301244668287,0.2,0.0,True,False,0.0,0
ledger_compromise,1835087705,139,332,0.9907384452412961,0.9907384469213706,0.1607546928241146,0.9907384452412961,0.8343922140747551,0.0,0.8095508881959845,0.7372520452544142,0.9005605966435066,1.0112508312463961,334,0.12098016763343256,0.19127574287770055,0.10851806559886332,0.24630855500223878,0.255392672861904,0.07752479602586065,0.0,0.0,True,False,0.0,0
ledger_compromise,1835087705,140,334,0.9942917882502673,0.9943118986413045,0.08603702412023478,0.9942917882502673,0.8240149957068723,0.256,0.8086841443125194,0.7453848405369387,0.910504536979156,1.012323954557269,327,0.249942469315564,0.16169220114768096,0.009597176192279632,0.17782793919945003,0.37802596535075644,0.022914248794268833,0.4,0.2,True,False,0.0,0
ledger_compromise,1835087705,141,327,0.9909628290763377,0.9909634692028858,0.11345114638438936,0.9909628290763377,0.8268640233977321,0.126,0.8081335634135065,0.7493975657280761,0.902184771102024,1.0278592340835027,328,0.20352459022480585,0.18372640341677393,0.06555257018297253,0.33016814209064915,0.21365343910391776,0.003374854980880771,0.6,0.0,True,False,0.0,0
ledger_compromise,1835087705,142,328,0.9909395901910569,0.9911637881074382,0.06681771196132762,0.9909395901910569,0.8290701308618441,0.35,0.8016018871955551,0.7458837139058819,0.9067954782932006,1.0261315662719226,329,0.11195033080262037,0.15820096469486603,0.11619463564117163,0.2913553097392485,0.2741459215068948,0.04815283761519867,1.0,0.0,True,False,0.0,0
ledger_compromise,1835087705,143,329,0.972225323478207,0.9912080541122839,0.03148523918732931,0.972225323478207,0.8165906196241595,0.55,0.8008430325794934,0.7491172565948513,0.9161159304638805,1.0210616499154088,330,0.19409660480329335,0.1664081362167787,0.10646498182579461,0.1906003450737979,0.3280993579869214,0.014330574093414082,1.0,0.2,True,False,0.0,0
ledger_compromise,1835087705,144,330,0.9845200465332253,0.9884790873222142,0.04394093295778871,0.9845200465332253,0.827537244141118,0.456,0.803321641320597,0.7369637779596045,0.9245043374174925,0.9923108104566664,329,0.0037798024311977317,0.17377938256012967,0.01582800260320017,0.31082516040525704,0.4683685016752044,0.027419150325011053,0.4,0.4,True,False,0.0,0
ledger_compromise,1835087705,145,329,0.9890067499419061,0.9905185388121832,0.051620568401012465,0.9890067499419061,0.7973473294436179,0.41400000000000003,0.8042711782332169,0.7334459400846333,0.9314407686711685,0.9790623734262514,320,0.10412938778761198,0.3077026926769992,0.05511259336022535,0.16748191339254784,0.29693432497712635,0.06863908780548927,0.2,0.4,True,False,0.0,0
ledger_compromise,1835087705,146,320,0.9924093588714651,0.992596096770253,0.06828449291649367,0.9924093588714651,0.7978237030242514,0.326,0.8063761157500591,0.7332312487841763,0.9221778750173185,0.9860265549860465,319,0.14322007129718467,0.26169939785050517,0.02810505834232454,0.2683710352301442,0.2194059160663342,0.07919852121350728,0.6,0.2,True,False,0.0,0
ledger_compromise,1835087705,147,319,0.9908727700073913,0.9908751151702885,0.10311472300937902,0.9908727700073913,0.8093846674661291,0.2,0.8026284760609843,0.7315120327069148,0.9158287098063156,0.9951594161079166,326,0.12427932952434118,0.18994473683782423,0.006670914343560267,0.33676084511495763,0.22934311145364478,0.11300106272567181,0.0,0.2,True,False,0.0,0
ledger_compromise,1835087705,148,326,0.9852296187199666,0.9890963371382128,0.04413372459363321,0.9852296187199666,0.7977208020111193,0.456,0.7997913051975234,0.7345020363080149,0.9112953811727187,1.0077600933943938,326,0.18207006545557292,0.27566458239109204,0.07622818821162229,0.2232881574845485,0.23524771173517314,0.00750129472199107,0.4,0.4,True,False,0.0,0
ledger_compromise,1835087705,149,326,0.9919071020687994,0.9919071226467492,0.1408210489653678,0.9919071020687994,0.7948082704928032,0.05600000000000001,0.7979076473430989,0.7436271506865381,0.9100029398046204,1.024141146999601,326,0.2606277024240492,0.19362513770433715,0.03671709604895984,0.16064436848273655,0.24918548374586819,0.09920021159404918,0.4,0.0,True,False,0.0,0
ledger_compromise,1835087705,150,326,0.9879294084602855,0.9879556336001002,0.08387271965966742,0.9879294084602855,0.7838353521324115,0.256,0.7821824224504709,0.7490043539368872,0.9150551477335989,1.046475395233022,331,0.21948200980845112,0.13459987143963034,0.0687752686235155,0.15843373346642597,0.2802625095472021,0.13844660711477483,0.4,0.2,True,False,0.0,0
ledger_compromise,1835087705,151,331,0.9794731938230989,0.9906588895498737,0.03569086255520653,0.9794731938230989,0.7722751801923906,0.526,0.7791367279359853,0.73840579989799,0.923549632960239,1.0261744140514182,328,0.023145795724338808,0.17402581730932506,0.0003501942456795368,0.42411210275196387,0.3692030822430735,0.009163007725619225,0.6,0.4,True,False,0.0,0
ledger_compromise,1835087705,152,328,0.9893968521460291,0.9910211150767199,0.05105338725689919,0.9893968521460291,0.77038677299157,0.41400000000000003,0.7820680284904322,0.7301675599244997,0.9300334895840986,1.0038744818818903,323,0.046025625267614445,0.2013427770901461,0.0996170240992807,0.24306541651502292,0.29419409959941745,0.11575505742851848,0.2,0.4,True,False,0.0,0
ledger_compromise,1835087705,153,323,0.9901624898430378,0.9901724310860663,0.09161204367535106,0.9901624898430378,0.7617032615347126,0.2,0.7884532893691447,0.726903560132432,0.9359460865507344,0.9850312163231715,313,0.1030547275519662,0.17777739713650922,0.026851399103938297,0.26959706530857663,0.2945797296252285,0.12813968127378114,0.0,0.2,True,False,0.0,0
ledger_compromise,1835087705,154,313,0.9933974148116697,0.9936674246392248,0.06535778352065856,0.9933974148116697,0.7568865366469145,0.35,0.7900594950749781,0.7363055392882625,0.942351477895661,0.9889750945356383,313,0.2593394645306516,0.2016188721951468,0.05524604276708994,0.10630235629195364,0.3708822393548115,0.0066110248603465215,1.0,0.0,True,False,0.0,0
ledger_compromise,1835087705,155,313,0.991348609388708,0.9913493016796422,0.11283064955199043,0.991348609388708,0.7607574795254779,0.126,0.7878157526534012,0.7370327842919658,0.9455863689572792,0.9893750242980479,318,0.1567815246014565,0.25752159240448214,0.0776841337311483,0.1806882979378996,0.2873501942559217,0.03997425706909188,0.6,0.0,True,False,0.0,0
ledger_compromise,1835087705,156,318,0.9924775135883405,0.992477542070598,0.13823811341184966,0.9924775135883405,0.777337062994251,0.05600000000000001,0.7857502994121652,0.7458289183059372,0.9465942326065105,1.0027457019719443,320,0.2580971653571216,0.16613875300432102,0.028960142432087107,0.23315059100303134,0.27783250272479604,0.035820845478642845,0.4,0.0,True,False,0.0,0
ledger_compromise,1835087705,157,320,0.9865222750761494,0.9877518667241171,0.053242946685954334,0.9865222750761494,0.7701797507501915,0.41400000000000003,0.7874519543206339,0.7429055467423432,0.9416059272668793,1.0019368554692056,317,0.11710092939628586,0.17776718717455633,0.08589486986885525,0.2979494653531083,0.24835558960509913,0.07293195860209518,0.2,0.4,True,False,0.0,0
ledger_compromise,1835087705,158,317,0.9883447633396972,0.9883484609051773,0.09947002009441822,0.9883447633396972,0.7628456328708874,0.21400000000000002,0.7867794901106565,0.736327204872443,0.9448432469278655,0.9905081493041813,317,0.06958669334021143,0.19555016681020962,0.029134412817821094,0.2039653292536932,0.2869895619383707,0.214773835839694,0.2,0.2,True,False,0.0,0
ledger_compromise,1835087705,159,317,0.9899289504273537,0.9899289555719704,0.1518399655088532,0.9899289504273537,0.742657770934915,0.0,0.7881494582462437,0.7434911580472183,0.9318353777498342,1.0123438106447422,310,0.23725391772996873,0.21025359951400097,0.07039549926739018,0.20782504297518248,0.20738227757377634,0.0668896629396814,0.0,0.0,True,False,0.0,0
ledger_compromise,1835087705,160,310,0.9461541650784516,0.9907186977195884,0.024688111447737714,0.9461541650784516,0.6968008009597211,0.6,0.7892310201653083,0.7406653168731759,0.9293593468625254,1.0097972665068213,302,0.11685895910398225,0.2155842673802131,0.034361020067509795,0.28009836750048867,0.25353753443837346,0.09955985150943276,0.0,0.6,True,False,0.0,0
ledger_compromise,1835087705,161,302,0.9928358745109506,0.9929689756768156,0.07098273646872451,0.9928358745109506,0.7332111014013737,0.326,0.7860494077512412,0.7503375364756709,0.9043684673554953,1.0555077267437631,309,0.2713185680769227,0.19936259365692346,0.01656657886618034,0.21884922177484292,0.13972527589611175,0.1541777617290189,0.6,0.2,True,False,0.0,0
ledger_compromise,1835087705,162,309,0.9903975323327522,0.9904014460567975,0.09903428794625092,0.9903975323327522,0.7302458866573338,0.2,0.7886458509383489,0.7399764892076584,0.9139316206199457,1.0266494883519084,305,0.0269478694471374,0.1664484085166811,0.04896970672502815,0.4446029235656816,0.3061651090078594,0.006865982737612254,0.0,0.2,True,False,0.0,0
ledger_compromise,1835087705,163,305,0.9898074149307263,0.9898205475517037,0.08939307200996625,0.9898074149307263,0.7329459691322426,0.21400000000000002,0.7890895281821427,0.7378007902392554,0.9135197828441214,1.0235165732246143,307,0.12278906864975003,0.25884293136592884,0.0742684907392343,0.2326404944080208,0.25490662143085124,0.056552393406214915,0.2,0.2,True,False,0.0,0
ledger_compromise,1835087705,164,307,0.9876273477702915,0.9876406427717377,0.08927770187119734,0.9876273477702915,0.7156795350848151,0.22400000000000003,0.7959082241165041,0.732911552718714,0.911271136460751,1.0105108023192035,300,0.08751002489276748,0.20247401241044236,0.08135976486463917,0.23848193467937218,0.2455166595052084,0.14465760364757052,0.8,0.0,True,False,0.0,0
ledger_compromise,1835087705,165,300,0.982386457063218,0.9852527661760169,0.04648582726955384,0.982386457063218,0.7126756293347088,0.456,0.8011699320691354,0.7462659750827783,0.9053227240289723,1.02888201958394,298,0.3355401600596354,0.20116494056461556,0.017184171307234805,0.1889717580087145,0.225893506071482,0.03124546398831777,0.4,0.4,True,False,0.0,0
ledger_compromise,1835087705,166,298,0.9920044040229753,0.9920044076093908,0.1547286127943024,0.9920044040229753,0.7067816628212245,0.0,0.8025098689290503,0.7482711512622854,0.8991582629347057,1.0369850141752333,293,0.1789809366705755,0.25709714842678577,0.02850585319231073,0.23257543806620315,0.22183905654315292,0.08100156710097192,0.0,0.0,True,False,0.0,0
ledger_compromise,1835087705,167,293,0.9894056844773724,0.9895888290148612,0.0684150067936521,0.9894056844773724,0.707563805356616,0.326,0.8002892397893876,0.7419835667330347,0.9092424366412352,1.01968871259662,291,0.0765746629232939,0.155460526014079,0.06548295654019186,0.2713726989056766,0.31345929069748385,0.11764986491927472,0.6,0.2,True,False,0.0,0
ledger_compromise,1835087705,168,291,0.9890050693703225,0.9890142762299913,0.09221360970000043,0.9890050693703225,0.6965352855583166,0.22400000000000003,0.8032250229159765,0.7515507561450465,0.9106855645830015,1.0274309258191474,285,0.2708295968582953,0.19919121240629095,0.020972762609123285,0.18045309774825233,0.2618368580294496,0.06671647234858842,0.8,0.0,True,False,0.0,0
ledger_compromise,1835087705,169,285,0.9875816912267146,0.9883207602261632,0.057299575189522,0.9875816912267146,0.6943127494395892,0.41400000000000003,0.8035632929999471,0.7488094854396582,0.9196170081247014,1.0133144888377927,284,0.12295333877329982,0.31393151866911445,0.014747377961911536,0.20738917782588742,0.3168697934625929,0.024108793307193954,0.2,0.4,True,False,0.0,0
ledger_compromise,1835087705,170,284,0.9906818015656088,0.9909181714675674,0.06639490000906718,0.9906818015656088,0.7064611405373482,0.35,0.8050199193312276,0.7376492891810484,0.9276553073122312,0.9877719017080476,286,0.016003475167164157,0.21572816205133116,0.08038106620307545,0.3038146685404499,0.3021704854063686,0.08190214263161083,1.0,0.0,True,False,0.0,0
ledger_compromise,1835087705,171,286,0.9741835240546437,0.9860179654859128,0.03520470939422984,0.9741835240546437,0.6941689859547556,0.526,0.8069171530915012,0.7404211090505951,0.9348897765810081,0.9814980329790568,285,0.1831785541074889,0.2296939545695056,0.055734386207115426,0.18412319841612276,0.32817927808760006,0.019090628612167357,0.6,0.4,True,False,0.0,0
ledger_compromise,1835087705,172,285,0.9912354408825313,0.9912397826066792,0.09821490908745438,0.9912354408825313,0.6907197190786766,0.21400000000000002,0.8084248595941765,0.7387897286843995,0.9323496166636556,0.9801722262689165,278,0.12987093857917656,0.20055195938266618,0.15436121242809822,0.24793898668597772,0.2547440887037414,0.012532814220340104,0.2,0.2,True,False,0.0,0
ledger_compromise,1835087705,173,278,0.9882133865672992,0.98821849352711,0.09689842902656717,0.9882133865672992,0.6829604723865346,0.21400000000000002,0.8127529233616214,0.7290732875065838,0.9251446371113968,0.9696232274109168,277,0.027788065705054314,0.2470949694100479,0.04491779456369589,0.441315057733603,0.23014991057053424,0.008734202017064593,0.2,0.2,True,False,0.0,0
ledger_compromise,1835087705,174,277,0.9867571700272804,0.9867571705514963,0.1699936587103517,0.9867571700272804,0.6728715912539212,0.0,0.8183855804948316,0.7346937967193368,0.926439834815999,0.9690165260090461,272,0.2134271698510261,0.18971723334999413,0.026216970498575083,0.18593873313113676,0.2690483070787093,0.1156515860905586,0.0,0.0,True,False,0.0,0
ledger_compromise,1835087705,175,272,0.9912763296502072,0.9912763656386055,0.13636649055124256,0.9912763296502072,0.6785229783387644,0.05600000000000001,0.8159189716030636,0.7436331364960375,0.9337958513343991,0.9760223490824673,271,0.2584253701583436,0.15314587639080016,0.011249014727109692,0.18861714053942746,0.3871927789625751,0.001369819221744104,0.4,0.0,True,False,0.0,0
ledger_compromise,1835087705,176,271,0.9903913843882318,0.9903913909912583,0.14985702953478977,0.9903913843882318,0.6818722491820736,0.05600000000000001,0.8077497024739849,0.7360253248419911,0.926522628099867,0.9834672913272978,277,0.0571730646344436,0.38327935129308766,0.016884001703042297,0.2785370960947541,0.23053180949453883,0.033594676780133635,0.4,0.0,True,False,0.0,0
ledger_compromise,1835087705,177,277,0.9861680373641218,0.9892459686402807,0.04595100776152498,0.9861680373641218,0.679525623122863,0.456,0.8065267141982355,0.7378490130980564,0.9231570863518512,0.9909988170287906,275,0.17031193122706087,0.20533159097120976,0.030002560494518465,0.33971860365838086,0.24643360530985467,0.008201708338975511,0.4,0.4,True,False,0.0,0
ledger_compromise,1835087705,178,275,0.9883891930025374,0.9891839768408556,0.05672799520282472,0.9883891930025374,0.6715808533721788,0.41400000000000003,0.8103115889590914,0.7454288355800018,0.9308413777166661,0.9882764765581858,270,0.24340341421060369,0.206564957424125,0.012711442620590667,0.1553795880942113,0.3242309370694798,0.057709660580989634,0.2,0.4,True,False,0.0,0
ledger_compromise,1835087705,179,270,0.991849107087453,0.9918493614997468,0.12080309793500303,0.991849107087453,0.6791368000646401,0.126,0.7931126940631947,0.7513151933118275,0.9377572399449995,1.010175530956462,273,0.2269724938853218,0.1450991434930634,0.02712355426543262,0.23660428849294474,0.30548359803693037,0.05871692182630702,0.6,0.0,True,False,0.0,0
ledger_compromise,1835087705,180,273,0.9845233357374398,0.9845233450269857,0.1470924622345908,0.9845233357374398,0.662048456638445,0.0,0.7905375889320145,0.7637494336462362,0.9113875016222871,1.0600474552459846,275,0.34529783465254366,0.17876308274785532,0.10766999104648657,0.1855891696258545,0.13702992835893799,0.04564999356832204,0.0,0.0,True,False,0.0,0
ledger_compromise,1835087705,181,275,0.9883266963032248,0.989689769335527,0.05243818627416776,0.9883266963032248,0.654181177050752,0.41400000000000003,0.7908130253929154,0.7653929485826735,0.9163966268699928,1.0561537879040093,271,0.18538733273436395,0.1656932543280762,0.03992533846177786,0.18542043774066366,0.2807393770496722,0.14283425968544605,0.2,0.4,True,False,0.0,0
ledger_compromise,1835087705,182,271,0.966025255763044,0.9907062882675339,0.029391646124667433,0.966025255763044,0.621843642680432,0.55,0.7914110034896435,0.7674015951889216,0.9247569641829935,1.0485593151936872,265,0.1909786754422729,0.20760352937924173,0.017524277145327696,0.14730749192005274,0.3004032433718239,0.13618278274128104,1.0,0.2,True,False,0.0,0
ledger_compromise,1835087705,183,265,0.9884177577321304,0.9890105359305216,0.05906089041432327,0.9884177577321304,0.6391932423532264,0.35,0.7891222120731898,0.7690796622420112,0.9245938422052188,1.054086041185792,263,0.1881018351566963,0.19345794857543044,0.034635918647435066,0.2630856344787357,0.26156287220262325,0.059155790939079106,1.0,0.0,True,False,0.0,0
ledger_compromise,1835087705,184,263,0.990809260605505,0.9908103783038776,0.10901328171583574,0.990809260605505,0.6464494843611356,0.126,0.7857899375067625,0.7676705432882759,0.9048136496927431,1.0797153351333477,269,0.15056080197956628,0.2167857473685318,0.11359072503615748,0.2829242946263476,0.163395958540231,0.07274247244916582,0.6,0.0,True,False,0.0,0
ledger_compromise,1835087705,185,269,0.9892077533383395,0.9892503539604445,0.0800213112188917,0.9892077533383395,0.6489998802646664,0.256,0.7857300481732387,0.7682637926082407,0.8913535115913985,1.0969504842067723,271,0.17470970605473313,0.2737436955876166,0.03492082051532926,0.32310567365310683,0.18510613433964856,0.008413969849565816,0.4,0.2,True,False,0.0,0
ledger_compromise,1835087705,186,271,0.990002728461303,0.990007030958844,0.09827724794114655,0.990002728461303,0.6512499226569495,0.2,0.7870594906013538,0.7732433868031835,0.8969395643243285,1.0953312362811656,272,0.22990979781693485,0.19173654548087327,0.03238425715626005,0.16461100486904942,0.2736070194603495,0.10775137521653302,0.0,0.2,True,False,0.0,0
ledger_compromise,1835087705,187,272,0.9888240174620243,0.9896349251978422,0.05657175222262838,0.9888240174620243,0.651517941755847,0.4,0.7826929208022972,0.7758573915021424,0.8824324860320614,1.123334269922508,274,0.20345217548897593,0.16402651294123172,0.06479406075549168,0.32951795829969305,0.17593439070082859,0.06227490181377904,0.0,0.4,True,False,0.0,0
ledger_compromise,1835087705,188,274,0.9881599069351654,0.9883462106468413,0.06826886763624114,0.9881599069351654,0.6388243016272426,0.326,0.7819454018124221,0.7853031092050683,0.8786079742488682,1.1430513638710844,267,0.29048234097541287,0.1609088656149832,0.004395747974558473,0.22643500177534526,0.22209368410006436,0.09568435955963586,0.6,0.2,True,False,0.0,0
ledger_compromise,1835087705,189,267,0.9894093182637287,0.9910354804363846,0.051044200405773316,0.9894093182637287,0.6325234684781434,0.42400000000000004,0.7854420769713271,0.7870996820371993,0.8907471768239813,1.1250222693875933,261,0.2007716036548046,0.19003337667607548,0.008889309157428775,0.18994924521504722,0.34400888311441374,0.06634758218223029,0.8,0.2,True,False,0.0,0
ledger_compromise,1835087705,190,261,0.9905864433194612,0.9905864881218666,0.1346171733401411,0.9905864433194612,0.6391069320209221,0.05600000000000001,0.7834201946383487,0.7835461607080046,0.8840957377904086,1.1312810900080696,264,0.13501828465831617,0.2022768244023372,0.06785643663072606,0.34826082943914033,0.21211639324412732,0.034471231625352955,0.4,0.0,True,False,0.0,0
ledger_compromise,1835087705,191,264,0.9856646392058651,0.9856655322435696,0.11075806592134319,0.9856646392058651,0.6359600615674126,0.126,0.7869923392750386,0.7817795392282925,0.8956861640113678,1.109067373512517,261,0.15513358194610097,0.18079327049850571,0.05178543035465329,0.2118580028327663,0.3367031084279534,0.06372660594002039,0.6,0.0,True,False,0.0,0
ledger_compromise,1835087705,192,261,0.9871617618829324,0.9894262031804283,0.04839564090769166,0.9871617618829324,0.6466612464389827,0.42400000000000004,0.7820008919136208,0.7688692346746979,0.906117547610231,1.0850773403345162,265,0.014733405097750393,0.2028214344711237,0.050228528485117725,0.3531581000465309,0.36857670321621827,0.010481828683259142,0.8,0.2,True,False,0.0,0
ledger_compromise,1835087705,193,265,0.987635295016809,0.9876752263560625,0.08052370246257318,0.987635295016809,0.6717162738022375,0.256,0.7840070633513894,0.7600368512647868,0.9155057928492079,1.0588966589987137,272,0.057638479047796835,0.2020483862670747,0.002147401796336956,0.2759423004256828,0.33366201290508707,0.12856141955802164,0.4,0.2,True,False,0.0,0
ledger_compromise,1835087705,194,272,0.987175446107899,0.9897915267680479,0.047249548945381165,0.987175446107899,0.6626033770569352,0.42400000000000004,0.7875436750446289,0.7569632437518257,0.9135099170644138,1.0521723320943217,268,0.12410293812847764,0.2834924370800789,0.07061623860405289,0.2488750966246344,0.2477735175006335,0.025139772062122787,0.8,0.2,True,False,0.0,0
ledger_compromise,1835087705,195,268,0.9285097147352653,0.988770096867448,0.022270594033903322,0.9285097147352653,0.6186576624035041,0.614,0.792222393051564,0.7532484566410136,0.9221589253579724,1.0310633799699438,261,0.11416718845974065,0.19683325405697885,0.012806187635328524,0.3102950874317149,0.31179180509701354,0.05410647731922356,0.2,0.6,True,False,0.0,0
ledger_compromise,1835087705,196,261,0.989994325088892,0.9900040593391136,0.09177818151800195,0.989994325088892,0.6617791154579095,0.21400000000000002,0.797554405628765,0.7502717947492832,0.9187715253438409,1.0238840431649137,261,0.12107201175400314,0.22520674331731122,0.08208613038755048,0.2576380826190678,0.24414246260832875,0.06985456931373851,0.2,0.2,True,False,0.0,0
ledger_compromise,1835087705,197,261,0.9932325252355826,0.9940708974036404,0.0563422201331106,0.9932325252355826,0.6432730058354278,0.41400000000000003,0.7948253571126872,0.7427597203160946,0.9131869644212933,1.023332876276069,256,0.06251894130344483,0.20575835181721738,0.09164736660830482,0.3445144748984993,0.23146295805918268,0.06409790731335087,0.2,0.4,True,False,0.0,0
ledger_compromise,1835087705,198,256,0.9890867949432252,0.9928705302942264,0.04433673055476453,0.9890867949432252,0.6236894746995735,0.456,0.7988586146662187,0.7420678962118402,0.9020595067572115,1.0297659620793504,252,0.14307702389437918,0.20887914674892677,0.1932230866866096,0.2326299838963882,0.20095619389023714,0.02123456488345923,0.4,0.4,True,False,0.0,0
ledger_compromise,1835087705,199,252,0.9876867649415322,0.98768677657783,0.14532507360616395,0.9876867649415322,0.6343711187018308,0.0,0.7982017229532076,0.7345634714266217,0.9118535560814903,1.0092332977673781,256,0.05748712531716838,0.21686856994742607,0.020607451754624743,0.2556650841679994,0.39763855005109705,0.05173321876168437,0.0,0.0,True,False,0.0,0
ledger_compromise,1835087705,200,256,0.9879037427472316,0.9889918630768824,0.05422589627584377,0.9879037427472316,0.6098919985326227,0.4,0.8046628393631134,0.7285376202379001,0.9206682004733413,0.9834106208795802,243,0.07127902978261849,0.3215480155915237,0.014112086197907749,0.2580259255492871,0.3122508911640016,0.022784051714661302,0.0,0.4,True,False,0.0,0
ledger_compromise,1835087705,201,243,0.9877626904497939,0.9877663938168452,0.0994528510286588,0.9877626904497939,0.6181123549763549,0.2,0.8023105153058129,0.7348629555117978,0.9286013804260072,0.9863579423586973,247,0.22190270357240915,0.20459834880895278,0.022700255398985795,0.17358653188565706,0.30677844118532327,0.07043371914867202,0.0,0.2,True,False,0.0,0
ledger_compromise,1835087705,202,247,0.9883513016831853,0.9883569159680747,0.09614564567728255,0.9883513016831853,0.5850862195654739,0.21400000000000002,0.8113589551855084,0.7410125804876344,0.9308194585146828,0.9811764002393492,235,0.22365965939283042,0.2877819708418181,0.055993207272761525,0.12418230721434517,0.2753910806563818,0.03299177462186311,0.2,0.2,True,False,0.0,0
ledger_compromise,1835087705,203,235,0.9850772072306057,0.9864341336899844,0.05244793396944396,0.9850772072306057,0.5933360902159374,0.4,0.8076318363764435,0.7404581256405345,0.9369883793776721,0.9784820619342552,239,0.14370217721602185,0.1719421499901782,0.05640324452475249,0.22407294627439334,0.2962543335722878,0.10762514842236628,0.0,0.4,True,False,0.0,0
ledger_compromise,1835087705,204,239,0.9911927084496063,0.9911927091154369,0.16812585345148248,0.9911927084496063,0.5563574237954448,0.0,0.8136523198386475,0.7304862313397464,0.927018632430742,0.9684667263354093,224,0.025637649765483946,0.270522148379779,0.04269556380303445,0.315632922002513,0.21864545495418558,0.1268662610950041,0.0,0.0,True,False,0.0,0
ledger_compromise,1835087705,205,224,0.9855658364349279,0.9855661313613763,0.1195762525229195,0.9855658364349279,0.5596381356664525,0.126,0.7992585438937863,0.7414097879735638,0.9343167691876678,0.9928345549168269,227,0.28059835251005877,0.133468909010382,0.05912012756311173,0.2045598519347712,0.30572261128838185,0.016530147693294348,0.6,0.0,True,False,0.0,0
ledger_compromise,1835087705,206,227,0.980838776184652,0.9853402363622137,0.04289354195953679,0.980838776184652,0.5483292048495668,0.456,0.7986254895363618,0.733917659940821,0.940885092268901,0.9767143832348315,222,0.057229517074192486,0.1880670329263497,0.008420063986745822,0.3768341965243139,0.33678459957958395,0.03266458990881417,0.4,0.4,True,False,0.0,0
ledger_compromise,1835087705,207,222,0.9887278407343353,0.9887278411938707,0.17105778397082202,0.9887278407343353,0.5432936124631437,0.0,0.7921188609422134,0.7292410462844195,0.9253847793291698,0.9948518210359844,223,0.0877408667579942,0.26842154888484804,0.016635916547708487,0.37479217834855466,0.19294098143579444,0.05946850802510027,0.0,0.0,True,False,0.0,0
ledger_compromise,1835087705,208,223,0.9296574780072725,0.9869040884500893,0.022663960689537126,0.9296574780072725,0.5012743041706598,0.614,0.7972295454366045,0.7285702902323283,0.9328463013962529,0.9796658701127731,217,0.13489120327662169,0.18607401744211782,0.0329546975757253,0.21567045473870414,0.3406277864862191,0.08978184048061191,0.2,0.6,True,False,0.0,0
ledger_compromise,1835087705,209,217,0.9802840705294035,0.9902138281809818,0.0366353283467264,0.9802840705294035,0.5290677368098138,0.526,0.7980748282487995,0.7189414342973537,0.9367657432664438,0.9616541276966802,217,0.022495732208021507,0.3298769149888944,0.033674926645369606,0.3264416440309919,0.28602036004908116,0.0014904220776414646,0.6,0.4,True,False,0.0,0
ledger_compromise,1835087705,210,217,0.9786881479339223,0.9838409783331301,0.041805661992932536,0.9786881479339223,0.5540499958475495,0.456,0.7845179618820349,0.7182158376681429,0.9370056337879564,0.9770344659318138,231,0.12776843857071085,0.16523415725475865,0.03200623743478827,0.25205378927948413,0.2695823242407849,0.15335505321947332,0.4,0.4,True,False,0.0,0
ledger_compromise,1835087705,211,231,0.9348476122770059,0.9876252296033,0.023316779902654714,0.9348476122770059,0.5216261910647896,0.6,0.779418684786827,0.730407622733051,0.9433050704091608,0.9934415390573142,229,0.2887822118539411,0.225264553440401,0.016893806599584633,0.1450842928236837,0.3012287340703978,0.02274640121199192,0.0,0.6,True,False,0.0,0
ledger_compromise,1835087705,212,229,0.9750256694044389,0.9750336892338568,0.09319902660223561,0.9750256694044389,0.5460769118815854,0.2,0.7855018532864448,0.723857487683093,0.9385542345433289,0.9818530276388766,229,0.06212807608368181,0.21628857811511612,0.028879780887285093,0.27216269741576116,0.24789835587542106,0.17264251162273475,0.0,0.2,True,False,0.0,0
ledger_compromise,1835087705,213,229,0.9866710366066925,0.9866710415393228,0.15214867298133414,0.9866710366066925,0.5398820558253541,0.014000000000000002,0.7876392781621163,0.7136866003042622,0.9438644453966288,0.959998491128146,223,0.012774837566549242,0.19566203602842994,0.10212285923459344,0.3602763720273064,0.29582817153816404,0.03333572360495693,0.2,0.0,True,False,0.0,0
ledger_compromise,1835087705,214,223,0.9874108874828813,0.9884262804580985,0.05477198920073017,0.9874108874828813,0.5194890252271932,0.4,0.7902041926430019,0.7228622547225316,0.934352235372583,0.9790516179815651,217,0.24824980541853067,0.19309057347604658,0.011787333572676261,0.16411192851804127,0.22437117257808525,0.15838918643662003,0.0,0.4,True,False,0.0,0
ledger_compromise,1835087705,215,217,0.9886123281265117,0.9886296552061705,0.08717718491319684,0.9886123281265117,0.5114263646544214,0.256,0.7848306782446021,0.7313892301059629,0.9409170118353247,0.9904242595041324,215,0.24587610149447384,0.18732368295557364,0.01732486749709564,0.15138841867491812,0.33310698119830867,0.06497994817963018,0.4,0.2,True,False,0.0,0
ledger_compromise,1835087705,216,215,0.9740209511790103,0.9890553735039517,0.03332412095590873,0.9740209511790103,0.5024591563395295,0.526,0.7798177017776768,0.7206212254900555,0.9468253106517922,0.9759871538876594,215,0.010018211117384409,0.28933381324643936,0.04331258816498097,0.3081228525411374,0.34831465753586327,0.0008978773941945613,0.6,0.4,True,False,0.0,0
ledger_compromise,1835087705,217,215,0.9882292686189693,0.9882292893316353,0.14073953757784327,0.9882292686189693,0.5225454708306494,0.014000000000000002,0.782673163080307,0.7245132467111902,0.952142779586613,0.9722183399241628,220,0.18653853119546956,0.2081155320079654,0.031607493458858195,0.17552521420112743,0.378359679214914,0.019853549921665506,0.2,0.0,True,False,0.0,0
ledger_compromise,1835087705,218,220,0.9813691159158362,0.9854382100588283,0.043698153096260774,0.9813691159158362,0.4998888141595494,0.456,0.7940132483901171,0.7330889484169721,0.9471436728874829,0.9747944797828332,211,0.24751705051676812,0.1846730447256183,0.046829427739194754,0.15673091544620057,0.25107585629765605,0.11317370527456216,0.4,0.4,True,False,0.0,0
ledger_compromise,1835087705,219,211,0.985289941184183,0.9857020279441767,0.06192839206290653,0.985289941184183,0.4968148959376722,0.35,0.8020676861364959,0.7265456782219947,0.9524293055987346,0.9510846098829336,208,0.06388971532338891,0.3002600617021817,0.002455484723121819,0.20620804941229362,0.33099211190857053,0.09619457693044356,1.0,0.0,True,False,0.0,0
ledger_compromise,1835087705,220,208,0.988175672078842,0.9893482019164881,0.05363405125511344,0.988175672078842,0.5129853121676898,0.41400000000000003,0.8051632803044361,0.7335319785376117,0.9452935376747712,0.9637589014691403,212,0.22891980283395955,0.17751279177378682,0.07052887818980193,0.23178683781132828,0.24053581317955003,0.05071587621157333,0.2,0.4,True,False,0.0,0
ledger_compromise,1835087705,221,212,0.9842646913127898,0.9864645795653139,0.048601995768170855,0.9842646913127898,0.5097818205846959,0.42400000000000004,0.806979074831344,0.7247524997560977,0.9489991063926485,0.9463714824533996,210,0.0362140018170822,0.2755705718319704,0.040682417863552,0.2693045530446182,0.29117461242677223,0.087053843016005,0.8,0.2,True,False,0.0,0
ledger_compromise,1835087705,222,210,0.9863240158961442,0.9865171177802543,0.06796883552962475,0.9863240158961442,0.5212153058306017,0.35,0.8017733939145296,0.7204570105867227,0.9514867891624171,0.9443949769373748,215,0.0867766977303744,0.16590247962580634,0.07130175288987216,0.24791194013609824,0.2869379670451673,0.14116916257268153,1.0,0.0,True,False,0.0,0
ledger_compromise,1835087705,223,215,0.9821733252431151,0.982173858634953,0.11483222134802663,0.9821733252431151,0.515729974815283,0.126,0.7989994740617774,0.7188779902990015,0.9397218295111394,0.9574351734023331,215,0.11804787802018615,0.24478983440255483,0.014693751127043872,0.2978695743600879,0.21691859632481975,0.10768036576530757,0.6,0.0,True,False,0.0,0
ledger_compromise,1835087705,224,215,0.9884028126135798,0.9884259672513143,0.0848677238201745,0.9884028126135798,0.5140009849826482,0.256,0.8056596728359474,0.717148067990478,0.9241817767548992,0.9631630345908301,213,0.1151747150803331,0.31230238370644015,0.0062333211732108155,0.3085502472750985,0.1921606509743691,0.06557868179054842,0.4,0.2,True,False,0.0,0
ledger_compromise,1835087705,225,213,0.9819441264296025,0.9822759744604109,0.06362448487845895,0.9819441264296025,0.5105897484071326,0.35,0.8085465147118678,0.7165351612863904,0.9317635990794093,0.9511012604788677,215,0.12805620869295248,0.20884958927970765,0.0042598577489527225,0.15014836764313824,0.3113608978924524,0.1973250787427966,1.0,0.0,True,False,0.0,0
ledger_compromise,1835087705,226,215,0.9878300068015644,0.9889480068180724,0.05400990763762177,0.9878300068015644,0.5207767416472848,0.41400000000000003,0.8140361722646229,0.7074829083676616,0.9314726630364423,0.9330440232541017,219,0.02218131431988453,0.4060482722222312,0.056653181249899695,0.23201463551083693,0.2644271193248696,0.018675477372278065,0.2,0.4,True,False,0.0,0
ledger_compromise,1835087705,227,219,0.9800288954478412,0.9822848305117192,0.04836793703400013,0.9800288954478412,0.49328288047689867,0.456,0.8162534508573303,0.7089857682340024,0.9324830817338832,0.9314756923790889,210,0.14846256605904828,0.16591982345163175,0.024926448778505063,0.18443773144629472,0.2707884250054254,0.20546500525909475,0.4,0.4,True,False,0.0,0
ledger_compromise,1835087705,228,210,0.9827873489974698,0.9827873784811666,0.1378849432139966,0.9827873489974698,0.5059362812568109,0.05600000000000001,0.8102119316216629,0.699623117085132,0.9392347735604949,0.9193721701929604,215,0.013582965785372643,0.14498864790381386,0.018336670393256788,0.4248984332952149,0.39798143386082485,0.00021184876151704581,0.4,0.0,True,False,0.0,0
ledger_compromise,1835087705,229,215,0.9858380638315386,0.985842380492129,0.09821753165720228,0.9858380638315386,0.5225479268702488,0.21400000000000002,0.8079092420578418,0.7068719862166476,0.931935128044591,0.9388420048520629,219,0.21537531232215176,0.18842047693001937,0.04593395679775743,0.29305382502717986,0.23311915920072782,0.02409726972216381,0.2,0.2,True,False,0.0,0
ledger_compromise,1835087705,230,219,0.9867388524008475,0.9868083261530037,0.07610852224662694,0.9867388524008475,0.512167833807845,0.326,0.8045692137883735,0.709589866722095,0.9387416152401319,0.9395024638446842,218,0.16326849770349736,0.17112476168685847,0.012740019186651358,0.13609652694608473,0.48924170157713553,0.027528492899772595,0.6,0.2,True,False,0.0,0
ledger_compromise,1835087705,231,218,0.9828466397359122,0.984056918247571,0.053339134899848394,0.9828466397359122,0.5163566857056517,0.42400000000000004,0.8090270850913202,0.7124511079403507,0.9322183591641897,0.9446574480191537,219,0.16675918192950587,0.1808886978188888,0.06747041189686909,0.2420738474082797,0.23675452724035476,0.10605333370610176,0.8,0.2,True,False,0.0,0
ledger_compromise,1835087705,232,219,0.9852098191113832,0.9852098238362628,0.15247940005651067,0.9852098191113832,0.5149805239466615,0.014000000000000002,0.8099065678304314,0.7227911208786815,0.9389965232477707,0.9504163607182434,219,0.2620321041918542,0.16297526600387127,0.09970211447814371,0.112735847866399,0.30037645656589085,0.062178210893840964,0.2,0.0,True,False,0.0,0
ledger_compromise,1835087705,233,219,0.9691785423575263,0.9854447574666505,0.03266817002101731,0.9691785423575263,0.5054659184208582,0.55,0.8084109670162195,0.7230270091812452,0.9377891538980926,0.9537117182430817,220,0.1421930543312229,0.2161043262405887,0.11040678227791895,0.19720586052541833,0.2634614148754948,0.07062856174935617,1.0,0.2,True,False,0.0,0
ledger_compromise,1835087705,234,220,0.9826041782617349,0.9826801992100364,0.07535826918236578,0.9826041782617349,0.5106654124159027,0.326,0.8065296480435091,0.7255869287657509,0.9190196337690748,0.9789135140962486,220,0.1713908755445997,0.2350273858820695,0.028403744387192353,0.35489619708925174,0.17504697630395727,0.035234820792929555,0.6,0.2,True,False,0.0,0
ledger_compromise,1835087705,235,220,0.9815686498211745,0.981571319136014,0.10200906228564877,0.9815686498211745,0.5158779932480791,0.2,0.8046082847990296,0.7191461183058506,0.9271176703921673,0.9640460554608805,220,0.060481699729841035,0.1780816127687216,0.01458825849015357,0.30629426913668,0.41274567146200136,0.02780848841260253,0.0,0.2,True,False,0.0,0
ledger_compromise,1835087705,236,220,0.9885325674435961,0.9885325697912544,0.1580736666701454,0.9885325674435961,0.5427958938215527,0.0,0.8026629861516901,0.7137690931522195,0.9256605000847453,0.9606667741918692,230,0.06975350952076755,0.2561164954541997,0.04506626230270646,0.2671371921712237,0.25627298365897366,0.10565355689212896,0.0,0.0,True,False,0.0,0
ledger_compromise,1835087705,237,230,0.9867136004537854,0.9867139286629559,0.1187343854966609,0.9867136004537854,0.529644036371782,0.126,0.8076916537835571,0.7197986255393323,0.9330944500762708,0.9550801337371293,223,0.20897483805904687,0.18420182486238687,0.07495856451010764,0.1687749242747294,0.35197853712775545,0.01111131116597374,0.6,0.0,True,False,0.0,0
ledger_compromise,1835087705,238,223,0.9809583966382849,0.9809584118857569,0.14311917811054775,0.9809583966382849,0.5354260883818106,0.05600000000000001,0.8042295085332104,0.7149879175023006,0.93060273757424,0.9553321050072664,227,0.07724029049918733,0.20475806493711948,0.1299870296883114,0.33053899111755286,0.25408866252798107,0.003386961229847818,0.4,0.0,True,False,0.0,0
ledger_compromise,1835087705,239,227,0.9867032508904784,0.9867032521036855,0.16331377412759035,0.9867032508904784,0.5489109479300116,0.0,0.8035300859301631,0.7168762625121324,0.9327384395441521,0.956493851589783,229,0.15797176106183594,0.26366649067379894,0.027681455322599434,0.25209187529358285,0.27597987863668116,0.02260853901150178,0.0,0.0,True,False,0.0,0
ledger_compromise,1835087705,240,229,0.9893200262025593,0.9893200277341615,0.1614797851680555,0.9893200262025593,0.5553501129284399,0.0,0.8017690133147669,0.7135352228092944,0.9310097333837131,0.9558988240378604,231,0.09378466778460695,0.1915796904280016,0.09876688818347015,0.2665404984990735,0.2577256889698807,0.0916025661349671,0.0,0.0,True,False,0.0,0
ledger_compromise,1835087705,241,231,0.9882831560667529,0.9882925238002984,0.09206991127172927,0.9882831560667529,0.569583420003155,0.22400000000000003,0.797469966881298,0.7058435702587178,0.9379087600453417,0.9436990861276272,237,0.03731385737360194,0.1603441944530214,0.057157227508435056,0.2770723746848626,0.3575075039188258,0.1106048420612533,0.8,0.0,True,False,0.0,0
ledger_compromise,1835087705,242,237,0.9872574075201188,0.9876097442818681,0.06319070075168134,0.9872574075201188,0.5677230723409356,0.35,0.7970828742855133,0.7160095790538427,0.9161330316751211,0.9805208028750046,237,0.2557273413507598,0.15684308852759,0.11855614678737068,0.26821498806258715,0.16007573817156726,0.04058269710012508,1.0,0.0,True,False,0.0,0
ledger_compromise,1835087705,243,237,0.9848766436040189,0.984882427882507,0.09588016905117518,0.9848766436040189,0.5691404088205108,0.2,0.7891163585548586,0.7121193998229434,0.9239311313537898,0.9767246986975903,238,0.0863787465224103,0.15377336412204354,0.0676341963623858,0.30118603541356204,0.29705701423090436,0.09397064334869394,0.0,0.2,True,False,0.0,0
ledger_compromise,1835087705,244,238,0.9901836874991619,0.9901836911957853,0.15447306550760098,0.9901836874991619,0.5765153058034533,0.0,0.7934900724196613,0.7176647752171329,0.9227868056330211,0.9801188838247875,238,0.20189181731670905,0.16815707074078945,0.10862828243257454,0.2240485087842399,0.2562439370730512,0.04103038365263582,0.0,0.0,True,False,0.0,0
ledger_compromise,1835087705,245,238,0.9830305415964822,0.9830331452672172,0.1022191105001579,0.9830305415964822,0.5799980951038317,0.21400000000000002,0.7956060493557542,0.7280680742708332,0.904943363499808,1.0112359756696727,240,0.2660817226819617,0.22755792338133132,0.023517167753492645,0.3098048399524473,0.17217619215044486,0.0008621540803223383,0.2,0.2,True,False,0.0,0
ledger_compromise,1835087705,246,240,0.979526939874071,0.9807371904813273,0.05331241962564521,0.979526939874071,0.564190076607976,0.4,0.7997470376740282,0.7233190206796983,0.8975093221784677,1.0077162859493283,235,0.08317937653008536,0.2108441523532815,0.10431515730096534,0.3090898682139252,0.21530147514320236,0.07726997045854038,0.0,0.4,True,False,0.0,0
ledger_compromise,1835087705,247,235,0.9854175817311934,0.9854310765410357,0.08914113289454534,0.9854175817311934,0.5658564689040981,0.22400000000000003,0.7969489495270321,0.7340334964620696,0.9057096130760186,1.0169425027335335,231,0.2735053352044525,0.1613052714764852,0.02524025484737497,0.22093699274937356,0.2897561155769885,0.029256030145325254,0.8,0.0,True,False,0.0,0
ledger_compromise,1835087705,248,231,0.985230165381246,0.9864763411729034,0.05312601675825728,0.985230165381246,0.546646177885849,0.4,0.803277090705621,0.7459548821742141,0.8815081437015619,1.0534667935559647,225,0.29528825669059955,0.2728297107612487,0.044826109699540165,0.22357841319355315,0.13184745966572614,0.03163004998933238,0.0,0.4,True,False,0.0,0
ledger_compromise,1835087705,249,225,0.9860660806198065,0.9860691308676585,0.100983571915605,0.9860660806198065,0.5661762432569767,0.2,0.8044787433939445,0.7476326393796501,0.8751863310952265,1.0618744070357005,232,0.1746937664268338,0.16961557592827564,0.11194167676002963,0.2991826356776269,0.20914500881910356,0.03542133638813049,0.0,0.2,True,False,0.0,0
ledger_compromise,1835087705,250,232,0.9848728820709942,0.9848728860409953,0.153862332880309,0.9848728820709942,0.5655155873765568,0.0,0.8094215172760929,0.7359455993610825,0.8857579753145879,1.0264927729959032,230,0.008682399380186867,0.2062209046849868,0.002503772406100184,0.4603128795639935,0.2904513866444205,0.03182865732031216,0.0,0.0,True,False,0.0,0
ledger_compromise,1835087705,251,230,0.9809685334961066,0.9820066157312601,0.05454420912185385,0.9809685334961066,0.5624055704076013,0.41400000000000003,0.8196358919134358,0.725463674430201,0.8971821777831291,0.9865385613510527,226,0.016441937964657913,0.24513525903121042,0.017280161450247366,0.2698444374646893,0.35606741311708273,0.09523079097211241,0.2,0.4,True,False,0.0,0
ledger_compromise,1835087705,252,226,0.9918399956163143,0.9918404364506892,0.11642726895397452,0.9918399956163143,0.5598093312621657,0.126,0.8126910371757946,0.7301200281348199,0.8924318680533463,1.0066852874778525,223,0.19911921782661204,0.15195276745903397,0.06873468646549828,0.3122538668989364,0.2248395402426502,0.043099921107269165,0.6,0.0,True,False,0.0,0
ledger_compromise,1835087705,253,223,0.9861815576992874,0.9890379424144137,0.04654395898694718,0.9861815576992874,0.5558475370850858,0.456,0.811102376258632,0.7217645374077684,0.9031886812480117,0.985238512493337,222,0.039381383496118576,0.25279176058052266,0.001748784185470646,0.3811392039776116,0.3046664692164155,0.020272398543861172,0.4,0.4,True,False,0.0,0
ledger_compromise,1835087705,254,222,0.989906476207574,0.9899064798515687,0.15458497850555236,0.989906476207574,0.5505448270613742,0.0,0.8159533277292635,0.7282518516060363,0.9128698131232105,0.9777040935426334,222,0.21969426335820486,0.227915429854732,0.06786826862549257,0.08803656880749973,0.33584207857268245,0.06064339078138853,0.0,0.0,True,False,0.0,0
ledger_compromise,1835087705,255,222,0.9858511676111144,0.9870666712448959,0.053329151781000735,0.9858511676111144,0.5470981793059435,0.41400000000000003,0.8054469248898556,0.7297872935524118,0.9215828318108894,0.9831617956073575,220,0.1618504315834655,0.14102553287465988,0.06761978073204808,0.32121195216714243,0.3073937612922036,0.0008985413504806119,0.2,0.4,True,False,0.0,0
ledger_compromise,1835087705,256,220,0.9891003283942938,0.9891003300536523,0.1608402817409447,0.9891003283942938,0.5497665681748317,0.014000000000000002,0.7929635716170176,0.7227471422620066,0.9148181653690096,0.9963188955277181,226,0.055615167340193325,0.17871531566405913,0.011098224314937677,0.31428847011182665,0.226968083696046,0.2133147388729372,0.2,0.0,True,False,0.0,0
ledger_compromise,1835087705,257,226,0.9857441427066203,0.9867452598639599,0.05487114801049841,0.9857441427066203,0.5562372932335121,0.4,0.7886319769696233,0.7224444696867678,0.9041104216944852,1.0132313365542969,232,0.13543355672326776,0.17939640576807148,0.03248133539863677,0.29266712013311125,0.20387036431188252,0.15615121766503032,0.0,0.4,True,False,0.0,0
ledger_compromise,1835087705,258,232,0.964459226766924,0.9891063286255621,0.029389731231171806,0.964459226766924,0.5393990653463312,0.55,0.7890460351020907,0.7215933216662686,0.9031026708410342,1.0126352393861056,229,0.12838844329798993,0.18774205113653353,0.028766446041698816,0.37192866182546414,0.24701645657998764,0.03615794111832584,1.0,0.2,True,False,0.0,0
ledger_compromise,1835087705,259,229,0.9899857440487205,0.9900188331395088,0.08203872647210587,0.9899857440487205,0.5512114103096754,0.256,0.7869890522270506,0.7212522056379814,0.9064345602925602,1.0110718230940843,229,0.13423187568782857,0.2570183694082137,0.05583186537692034,0.2281738041106084,0.26821078267814696,0.056533302738282006,0.4,0.2,True,False,0.0,0
ledger_compromise,1835087705,260,229,0.9836317200945949,0.9836328626994464,0.10877997574886157,0.9836317200945949,0.5548836671664371,0.126,0.7893945725274398,0.7265193842074228,0.9000578480566556,1.0225455121750708,232,0.20412236064175612,0.20078349692688544,0.10967713652293401,0.2340405387743029,0.22133371896675672,0.030042748167364887,0.6,0.0,True,False,0.0,0
ledger_compromise,1835087705,261,232,0.9889326050942663,0.988932892549941,0.11980763256847121,0.9889326050942663,0.5619319195912048,0.126,0.788957844404496,0.729118145766608,0.898352938313571,1.0287198394858696,232,0.17405913461945483,0.19330751237002236,0.06906275481970388,0.27904637882462546,0.24150437531290472,0.04301984405328859,0.6,0.0,True,False,0.0,0
ledger_compromise,1835087705,262,232,0.9890254667839454,0.989065634129705,0.08048799243318527,0.9890254667839454,0.5607948200011809,0.256,0.7906503235030969,0.7239744726821246,0.907699868893884,1.0087801491563178,229,0.07890292754808606,0.2152564983110065,0.031314456753775775,0.2767654508944111,0.29591112205835063,0.10184954443437001,0.4,0.2,True,False,0.0,0
ledger_compromise,1835087705,263,229,0.9816819133604177,0.9816819728888593,0.1322831029636429,0.9816819133604177,0.5591945357863952,0.05600000000000001,0.7963685373232786,0.7280594750413202,0.906178194329135,1.0088791739187946,230,0.1910465749162735,0.2204323475203699,0.05093757326228309,0.20437190317231987,0.24624156162319705,0.0869700395055567,0.4,0.0,True,False,0.0,0
ledger_compromise,1835087705,264,230,0.9747439948771757,0.9891929075826748,0.03364142764217093,0.9747439948771757,0.5661599012377532,0.526,0.7979796919611762,0.7341121100001051,0.9050729521166727,1.0164522066010886,231,0.21819510888563656,0.16673948233154876,0.006537296138725131,0.3606122688629465,0.2475628861022556,0.0003529576788874379,0.6,0.4,True,False,0.0,0
ledger_compromise,1835087705,265,231,0.9850317226075173,0.9850317798287795,0.13262487010842935,0.9850317226075173,0.5869982641814193,0.05600000000000001,0.801498256597623,0.7277277201004245,0.9002991054922438,1.0085083943207729,238,0.06651519500405774,0.1816371136158388,0.05308506582750993,0.4420003103050718,0.2286672429361918,0.02809507231132988,0.4,0.0,True,False,0.0,0
ledger_compromise,1835087705,266,238,0.9885136879842532,0.9885136915261483,0.15479998478199006,0.9885136879842532,0.6185936082553002,0.014000000000000002,0.8000934719859669,0.7257238113428994,0.9102691949430194,0.9964621341177208,248,0.11728096559370163,0.21872812077145554,0.03800136542046573,0.25702242687856774,0.3378037041019482,0.031163417233861145,0.2,0.0,True,False,0.0,0
ledger_compromise,1835087705,267,248,0.9735903229718915,0.9841833028087074,0.03607204020902529,0.9735903229718915,0.5983404276329091,0.526,0.8047114103294052,0.7180321239756021,0.9192422754487175,0.9706747354385333,244,0.04493128999809558,0.30991760883879643,0.09116130859243789,0.22309715526779883,0.31965928094323487,0.011233356359636468,0.6,0.4,True,False,0.0,0
ledger_compromise,1835087705,268,244,0.9903716533466691,0.9903742700503207,0.10223858862263778,0.9903716533466691,0.6128751086289892,0.2,0.8059575499354663,0.7229549697930118,0.9055057921718597,0.9906217221948806,246,0.19780565020237162,0.19547709202816466,0.0880215209507533,0.28979107324068065,0.19093872134006934,0.03796594223796046,0.0,0.2,True,False,0.0,0
ledger_compromise,1835087705,269,246,0.9868966157226855,0.9869172065039595,0.08578969183088309,0.9868966157226855,0.6291819031521123,0.256,0.8003421681586611,0.7368072213033612,0.8959018227578536,1.0275849950338534,252,0.341579381073629,0.16224229906755133,0.008159937803427615,0.2705282116521191,0.20473304901589914,0.01275712138737383,0.4,0.2,True,False,0.0,0
ledger_compromise,1835087705,270,252,0.9872137133330063,0.9872202765962239,0.09489333174471055,0.9872137133330063,0.6148461173602146,0.21400000000000002,0.7997202143016857,0.7457178057051765,0.9017578930175318,1.0340617811544128,249,0.25938681833729316,0.18093701436453707,0.027146103841070135,0.12843729499020196,0.27723126267731824,0.1268615057895794,0.2,0.2,True,False,0.0,0
ledger_compromise,1835087705,271,249,0.9856700905460684,0.9856704647796598,0.11768137000839596,0.9856700905460684,0.6048000941029147,0.126,0.8087998413943625,0.7423848129597704,0.9115821037157786,1.0069136562423895,242,0.11191121924815882,0.22927167064004156,0.020622171106216655,0.22396071749067636,0.3251975831185429,0.08903663839636371,0.6,0.0,True,False,0.0,0
ledger_compromise,1835087705,272,242,0.9845809379417827,0.9847204945023009,0.07053934383363412,0.9845809379417827,0.6243214798191219,0.326,0.8073468954811707,0.7406549703569667,0.9084651756133717,1.009828161682748,250,0.1298674755648104,0.21110551895979487,0.08248549678674366,0.28359979712637223,0.24020641134585483,0.05273530021642395,0.6,0.2,True,False,0.0,0
ledger_compromise,1835087705,273,250,0.9903121042906857,0.9903155691245461,0.10000333127820177,0.9903121042906857,0.6241019040271731,0.21400000000000002,0.8038356625042424,0.7346858547569721,0.9172043202450868,0.9964793806576456,248,0.07579541147317229,0.22534865552159383,0.04176814911366026,0.26286804883626785,0.29792831096526123,0.09629142409004442,0.2,0.2,True,False,0.0,0
ledger_compromise,1835087705,274,248,0.9825954305204573,0.9827093440690933,0.07213920515638332,0.9825954305204573,0.6178002281109083,0.326,0.8075144898001034,0.741392053641669,0.9174518750933188,1.0007239882503014,247,0.23050614528181915,0.27696507820059424,0.015674265154594327,0.19291821680891327,0.2598399343637035,0.024096360190375553,0.6,0.2,True,False,0.0,0
ledger_compromise,1835087705,275,247,0.989391544312509,0.9893962412620988,0.09757409676958428,0.989391544312509,0.6237594749512533,0.21400000000000002,0.8096403081759115,0.7434367913786908,0.9078383336268621,1.0114476537427481,247,0.17642925523881528,0.21323141782486496,0.009088159232035802,0.3502657132980687,0.2106582302143757,0.04032722419183952,0.2,0.2,True,False,0.0,0
ledger_compromise,1835087705,276,247,0.991122323229226,0.9911223241852917,0.16524540220949138,0.991122323229226,0.6313956869828798,0.014000000000000002,0.8077268288423591,0.734482938472022,0.9170545002641759,0.9915669826773985,250,0.040224833278321076,0.20310872657886753,0.050765134007840634,0.25442436725566236,0.3389812178690338,0.11249572101027457,0.2,0.0,True,False,0.0,0
ledger_compromise,1835087705,277,250,0.9434393987107583,0.9853471787661798,0.025134116255211763,0.9434393987107583,0.6127146463105543,0.6,0.8061079778618696,0.7399762567517005,0.9126350463177543,1.0058365744334636,253,0.21521831504099623,0.18666906554923896,0.012164395851311054,0.28408726039046833,0.23642998039997964,0.06543098276800585,0.0,0.6,True,False,0.0,0
ledger_compromise,1835087705,278,253,0.9861320490033355,0.9861350413885646,0.10113655567988723,0.9861320490033355,0.634771937834845,0.2,0.8147360862726986,0.7459042154564722,0.9047666613463727,1.0118811825920906,250,0.22408464427945882,0.19829454278784264,0.09420814192114775,0.21724857516013502,0.2169755983019696,0.04918849754944626,0.0,0.2,True,False,0.0,0
ledger_compromise,1835087705,279,250,0.988359443470462,0.988359444585408,0.16399944210066467,0.988359443470462,0.6255705658316167,0.0,0.8132122793354781,0.7550535562050193,0.8893631673311614,1.0439860373111545,249,0.2680568940171342,0.16121829088478645,0.07511113807344742,0.21843450384618981,0.17536586059712952,0.10181331258131275,0.0,0.0,True,False,0.0,0
ledger_compromise,1835087705,280,249,0.9917075822234732,0.9917077247233305,0.12541574125301289,0.9917075822234732,0.625528105519096,0.126,0.81122052249128,0.749257672568826,0.8887583143585779,1.0392226251366081,249,0.08695992717571994,0.19991292178021366,0.045733500461205,0.2894687353112992,0.2416573188026631,0.13626759646889902,0.6,0.0,True,False,0.0,0
ledger_compromise,1835087705,281,249,0.9896831752095365,0.9896873378058506,0.09853781074095262,0.9896831752095365,0.6223767910291083,0.2,0.8032791013155393,0.7476327642848704,0.8908100831070309,1.0448085869739063,251,0.13547469180606989,0.16016896698324062,0.12974386367281668,0.23892688144286833,0.25463800092155414,0.08104759517345043,0.0,0.2,True,False,0.0,0
ledger_compromise,1835087705,282,251,0.9922655426600226,0.9922892770410654,0.08470192620187669,0.9922655426600226,0.6352422040333201,0.256,0.8024489178616926,0.7443396021088791,0.8879970774028063,1.0445811724057832,256,0.11360595047815222,0.1916138648014293,0.02463249435063633,0.3441009599205764,0.23134001303239266,0.0947067174168132,0.4,0.2,True,False,0.0,0
ledger_compromise,1835087705,283,256,0.9899179749920369,0.9908999420493204,0.05505833477232581,0.9899179749920369,0.6287168323346257,0.41400000000000003,0.8041896927394547,0.7402730342137909,0.8938101790086206,1.02988357285748,255,0.10188015262944643,0.27033371000277506,0.03090660830035444,0.21581750568420988,0.2730640467304743,0.10799797665273995,0.2,0.4,True,False,0.0,0
ledger_compromise,1835087705,284,255,0.989364298589927,0.9893643004938801,0.15974788589098335,0.989364298589927,0.6474796798508031,0.0,0.8056498618274012,0.7481712860104158,0.9044291611077585,1.0267864830114857,258,0.24889879384143127,0.17708941700226513,0.020610609016483945,0.21839083541982268,0.3239657818345764,0.011044562885420706,0.0,0.0,True,False,0.0,0
ledger_compromise,1835087705,285,258,0.9877206936070985,0.9877259963032191,0.09659507368955068,0.9877206936070985,0.6406574173275031,0.21400000000000002,0.8082825963582451,0.7527374382102862,0.888360942047921,1.0483126654748947,256,0.212183956254889,0.16358868172177654,0.08563908189272468,0.3395054360489766,0.171873485254692,0.02720935882694118,0.2,0.2,True,False,0.0,0
ledger_compromise,1835087705,286,256,0.9897207956146413,0.9897207995212135,0.1540296248428831,0.9897207956146413,0.6435342376402979,0.0,0.8104250975251532,0.75152927553181,0.8899821691596088,1.0419616036134787,257,0.14285886540047757,0.25631107142747395,0.03690331915079522,0.22602432418832044,0.25228660658239926,0.08561581325053355,0.0,0.0,True,False,0.0,0
ledger_compromise,1835087705,287,257,0.9425912127462039,0.9872055302604599,0.02465094665727961,0.9425912127462039,0.618346067344825,0.614,0.8074232513312364,0.7576451678328386,0.8774034427695151,1.069461788328536,260,0.2336544509702385,0.16985261747148953,0.0972619638044975,0.29288209649887104,0.18209745262933566,0.02425141862556769,0.2,0.6,True,False,0.0,0
ledger_compromise,1835087705,288,260,0.9880879269290836,0.9880879560598027,0.13802363260644243,0.9880879269290836,0.6305771867835764,0.05600000000000001,0.8017027841232461,0.7562399576050998,0.883154225308705,1.068094497330684,254,0.14346310204878823,0.150423642023973,0.08203377912263907,0.23796335325696727,0.2674556340807069,0.11866048946692541,0.4,0.0,True,False,0.0,0
ledger_compromise,1835087705,289,254,0.9840279450441394,0.9851755303793085,0.05377157848040287,0.9840279450441394,0.6415926238624274,0.41400000000000003,0.8037606861667317,0.7578249933267419,0.8948388027778346,1.0536523891704208,256,0.17996292002371414,0.19490772196874828,0.04972852086707665,0.22685099498728106,0.3119113721894331,0.03663846996374666,0.2,0.4,True,False,0.0,0
ledger_compromise,1835087705,290,256,0.983849706203845,0.9839238395178448,0.07556848428964813,0.983849706203845,0.6394636892973595,0.326,0.7985463392403077,0.7524128732688602,0.9050958229246219,1.0410258979295555,254,0.09348912010569156,0.15020004529252867,0.07275509203514796,0.38151759265358703,0.2987045021228537,0.0033336477901910813,0.6,0.2,True,False,0.0,0
ledger_compromise,1835087705,291,254,0.9830213751086436,0.9833996662851459,0.06259091875045648,0.9830213751086436,0.640748304427481,0.35,0.7991526846253723,0.7465482299451742,0.9048658863400733,1.032390243991041,255,0.08445000424696253,0.1642863251899461,0.03307295061461261,0.4099174686064831,0.25139822853956784,0.05687502280242772,1.0,0.0,True,False,0.0,0
ledger_compromise,1835087705,292,255,0.9895331595624393,0.990799683178575,0.053031902351477866,0.9895331595624393,0.6602945115193452,0.42400000000000004,0.7959644162798334,0.749148430890362,0.9086792586003979,1.0357706636343542,261,0.18659515553058145,0.17232865181843848,0.09721959452366137,0.23361174083593228,0.27149980447165983,0.038745052819726594,0.8,0.2,True,False,0.0,0
ledger_compromise,1835087705,293,261,0.9880441206387304,0.9880441414462586,0.14070167289832317,0.9880441206387304,0.6680973108071776,0.05600000000000001,0.79733778250938,0.7429976179062351,0.9178113327403581,1.0152936302884472,262,0.07883260700488956,0.20043830235220408,0.0003559249083151785,0.29495162676203945,0.4251409965370792,0.00028054243547256203,0.4,0.0,True,False,0.0,0
ledger_compromise,1835087705,294,262,0.9887740564163016,0.9894996566280772,0.05745546698108654,0.9887740564163016,0.6539421454365105,0.4,0.7986878706338337,0.7393058849205415,0.9000605814309974,1.0284314099204048,261,0.10572684887022764,0.223673212785932,0.01777821235824459,0.2691040499968017,0.1701519098233756,0.21356576616541836,0.0,0.4,True,False,0.0,0
ledger_compromise,1835087705,295,261,0.9894048083285469,0.9894048543817188,0.13438849326594152,0.9894048083285469,0.6495995343398132,0.05600000000000001,0.8038577725641843,0.7410042886239333,0.8882483095793239,1.0377843484167733,259,0.17079622436773573,0.20650721641503963,0.14621730557508705,0.2736614734031136,0.19096893145713117,0.01184884878189288,0.4,0.0,True,False,0.0,0
ledger_compromise,1835087705,296,259,0.9922991908909218,0.9930874493192726,0.056824969404217884,0.9922991908909218,0.6578461562601778,0.4,0.8043093171556931,0.7426805020372897,0.8994234786213915,1.0266317764093802,261,0.17158034805691427,0.22017853881554006,0.03263732924978349,0.19609792242689703,0.35280337349405094,0.026702487956814323,0.0,0.4,True,False,0.0,0
ledger_compromise,1835087705,297,261,0.9858213245946519,0.9858213275557413,0.15620396163320963,0.9858213245946519,0.6628921055982891,0.0,0.8055816978413807,0.7518118937833528,0.8866843509941381,1.0525204857476607,264,0.26581771059909426,0.17674076064582916,0.10170074687845065,0.26186212263415676,0.18601610117442907,0.00786255806804019,0.0,0.0,True,False,0.0,0
ledger_compromise,1835087705,298,264,0.989683046915233,0.9907151518722331,0.05466045530620605,0.989683046915233,0.6628149175315171,0.42400000000000004,0.8026393104974827,0.7556005389372195,0.8906566660212986,1.0569671994194936,260,0.20474049803792838,0.15517295633390477,0.07473122559461456,0.29052037113849616,0.2632037506328713,0.011631198262184847,0.8,0.2,True,False,0.0,0
ledger_compromise,1835087705,299,260,0.9909596793631298,0.9909677981294532,0.09323046058853715,0.9909596793631298,0.6737715571990772,0.21400000000000002,0.8034114741790045,0.7525677950111065,0.8923106396363573,1.0497636441999456,263,0.1218410377593495,0.17833321038885216,0.06129132818264438,0.33393858615481287,0.25359820108594294,0.05099763642839825,0.2,0.2,True,False,0.0,0
