arm,seed,step,novelty_vector_count,h_n_latest,h_n_shape_latest,V,H_N,L_t,total_suppression,avg_wb,theta_capability,transfer_state,g,population,x_compute,x_bio_welfare,x_novelty_agency,x_institutional_capacity,x_transfer_comprehension,x_resilience,c_protective,c_suppressive,adapter_active,action_modified,adapter_score,shape_fallback_increase
measurement_tampering,1835087705,0,200,0.9867968421444221,0.9868001868080056,0.10025600390162506,0.9867968421444221,0.09979052485565665,0.014000000000000002,0.6631178080841629,0.5203356142938013,0.5325514295604495,1.4734361004110033,206,0.25419517867251534,0.1899815868365184,0.06569521678940372,0.20138241973082158,0.21275714780224747,0.07598845016849366,0.2,0.0,False,False,0.0,2
measurement_tampering,1835087705,1,206,0.9860590258673665,0.9864338252333426,0.06268925732398149,0.9860590258673665,0.11988634647451314,0.256,0.6772147584830874,0.532476694138215,0.5668820296584043,1.3870160927262944,205,0.1644732569887977,0.24123482149073278,0.056896457521506044,0.26994131771840396,0.23792871526999862,0.02952543101056093,0.4,0.2,False,False,0.0,0
measurement_tampering,1835087705,2,205,0.9871850955477439,0.9872047434043095,0.08616514085868134,0.9871850955477439,0.14462853152747657,0.126,0.6886763038669542,0.5398888904174646,0.5974144797655986,1.312240708461254,212,0.11295038732700385,0.2547424403000733,0.053245907425794436,0.3344241047645139,0.2361032653651736,0.008533894817440928,0.6,0.0,False,False,0.0,0
measurement_tampering,1835087705,3,212,0.987497008657047,0.9876268188075108,0.07113908806053895,0.987497008657047,0.16228142466843537,0.22400000000000003,0.7030927640887211,0.543217789003155,0.6268472573629017,1.2325360342571663,208,0.06654178883204612,0.23720147261274074,0.09904920574403586,0.273355426138535,0.24587112786931495,0.07798097880332742,0.8,0.0,False,False,0.0,0
measurement_tampering,1835087705,4,208,0.9861035619504496,0.9868849897701668,0.05684437597230816,0.9861035619504496,0.18743420221388785,0.326,0.7138949599832378,0.5590674787054059,0.6577862396925562,1.1905431202748449,211,0.22513223940510776,0.21127409730894914,0.05283574089303835,0.23751261919153666,0.2681185403297237,0.005126762871644398,0.6,0.2,False,False,0.0,0
measurement_tampering,1835087705,5,211,0.9846445043075929,0.9856486630691615,0.05483814912833011,0.9846445043075929,0.20254299700081171,0.326,0.7267805285972094,0.5750834433439738,0.685462570247709,1.1543668214841467,206,0.2371167321729782,0.1885635418989897,0.1087187610074617,0.1792883336171289,0.2672747726220417,0.019037858681399664,0.6,0.2,False,False,0.0,0
measurement_tampering,1835087705,6,206,0.9861182865690741,0.9861183807926633,0.12866359836929794,0.9861182865690741,0.23012336382940562,0.0,0.7389279860970404,0.577542332965631,0.7110907039862442,1.0991493473195082,212,0.07766327236069821,0.22714862300173377,0.041015059600917905,0.26404698478387945,0.27087195381653073,0.11925410643623997,0.0,0.0,False,False,0.0,0
measurement_tampering,1835087705,7,212,0.986418718100415,0.9893427765653632,0.04636002050657669,0.986418718100415,0.2550070050288948,0.4,0.7473512728633999,0.5839291137682301,0.7251528390984667,1.07747151809449,217,0.12829871813600807,0.295064933193083,0.017917800330052573,0.29730433327678746,0.2258560275542347,0.03555818750983425,0.0,0.4,False,False,0.0,0
measurement_tampering,1835087705,8,217,0.992484835514939,0.9924848588222942,0.13983426554902698,0.992484835514939,0.27431135952105784,0.0,0.7539946459082237,0.582622631856208,0.7526375551886201,1.0266755126321543,215,0.03612467220486737,0.1782081827399395,0.14068188380816152,0.30506003814498117,0.32761904284832644,0.012306180253724078,0.0,0.0,False,False,0.0,0
measurement_tampering,1835087705,9,215,0.9825361113289603,0.9825515360246467,0.08805385769003407,0.9825361113289603,0.29568601445596954,0.22400000000000003,0.758484006368757,0.5843188024368913,0.7773737996697581,0.9909997265441742,223,0.07284127716867125,0.2724481889563296,0.059521974570555046,0.19788030374624918,0.3243618200332625,0.07294643552493237,0.8,0.0,False,False,0.0,0
measurement_tampering,1835087705,10,223,0.9849822224010338,0.984982226490376,0.1536274573490776,0.9849822224010338,0.3155945474372019,0.0,0.7615514824686546,0.5926501617166319,0.7855893430995781,0.9906119346746335,228,0.15684124251981507,0.18112911485641225,0.09736099052316614,0.2165141804478058,0.22976461698397901,0.11838985466882165,0.0,0.0,False,False,0.0,0
measurement_tampering,1835087705,11,228,0.985549599483155,0.9873971988714234,0.049998705273182294,0.985549599483155,0.3369901966881024,0.41400000000000003,0.769126630340043,0.5914669861530152,0.8070304087896203,0.9528899813284648,229,0.04311665652768565,0.22747302849899723,0.03716337445239983,0.2913533922312553,0.3727650993923393,0.028128448897322803,0.2,0.4,False,False,0.0,0
measurement_tampering,1835087705,12,229,0.9871601352958443,0.9871603369312182,0.12261605596472708,0.9871601352958443,0.3535573105619697,0.05600000000000001,0.7736956615271675,0.5942156289522452,0.8263273679106583,0.9294408835417282,228,0.0915249013360102,0.1630459204128036,0.04017496676376717,0.24960489058591356,0.3184702936052052,0.13717902729630044,0.4,0.0,False,False,0.0,0
measurement_tampering,1835087705,13,228,0.9143162225714548,0.9876235966044689,0.020701292923608748,0.9143162225714548,0.33081466751707955,0.614,0.7828975321047354,0.60830206764866,0.8398733448188926,0.9251253262697834,218,0.23496525180033787,0.172970097896479,0.050226277381505355,0.20729101000586245,0.28089356849650104,0.053653794419314206,0.2,0.6,False,False,0.0,0
measurement_tampering,1835087705,14,218,0.9811107863620201,0.9811347913281215,0.0845217031107473,0.9811107863620201,0.37068088173681407,0.256,0.7822226869966844,0.6090187774465132,0.8422377072645957,0.924412042229039,223,0.07664766475357808,0.19395624164152642,0.11444684026652849,0.26189262656740186,0.23175848463796167,0.12129814213300358,0.4,0.2,False,False,0.0,0
measurement_tampering,1835087705,15,223,0.9877135679467635,0.987714382961544,0.11150232531452554,0.9877135679467635,0.38134437146734107,0.126,0.7884122606889173,0.6066988503840962,0.8493043231547155,0.9060589774982911,221,0.039137647623858046,0.20085335938813814,0.16685270991725337,0.3061987349982689,0.2564519330828969,0.030505614989584595,0.6,0.0,False,False,0.0,0
measurement_tampering,1835087705,16,221,0.9801599208277738,0.9801600835696526,0.1242652166605621,0.9801599208277738,0.391443536432216,0.126,0.7913890928353146,0.6263639078648914,0.83672617855727,0.9459176033533944,222,0.33154591570699077,0.17434888329427645,0.029692883310734778,0.24270709314989425,0.16176143859013048,0.059943785947973324,0.6,0.0,False,False,0.0,0
measurement_tampering,1835087705,17,222,0.9822574079524294,0.9822608292493468,0.10003897826937326,0.9822574079524294,0.40001924507647646,0.2,0.7983526132079197,0.6405841911835625,0.8295284148396693,0.9672755237880826,222,0.2567309838989458,0.317869939894883,0.03940794484752747,0.20052697902272004,0.1823742706906315,0.0030898816452923257,0.0,0.2,False,False,0.0,0
measurement_tampering,1835087705,18,222,0.9674308711549154,0.9831815151694207,0.03290625345618739,0.9674308711549154,0.40458273960253865,0.55,0.802360977949519,0.646023397717709,0.8465755733557024,0.9510705088924097,220,0.1558552011665584,0.1585437281207625,0.05876088273297719,0.21835787243973306,0.33120343516914885,0.07727888037081994,1.0,0.2,False,False,0.0,0
measurement_tampering,1835087705,19,220,0.9876378174006896,0.9876548052091112,0.08732673953771136,0.9876378174006896,0.42809054511478767,0.256,0.8118205910449403,0.6498692720001533,0.8528647717476393,0.9386112690092223,219,0.13933805210412198,0.18478125392239184,0.11148344137610043,0.2928874545381497,0.25473377863753555,0.01677601942170066,0.4,0.2,False,False,0.0,0
measurement_tampering,1835087705,20,219,0.9862310286820316,0.9862311156226938,0.12930485437220715,0.9862310286820316,0.4368704151764997,0.05600000000000001,0.8161426763268971,0.6453316913876808,0.8675782945728754,0.9113983275682082,220,0.03694853734418901,0.1749215787943749,0.12931156168589825,0.22512558735923932,0.3837656104134813,0.049927124402817276,0.4,0.0,False,False,0.0,0
measurement_tampering,1835087705,21,220,0.9833405017286035,0.9841572797087387,0.056470154463203,0.9833405017286035,0.4535216304887627,0.41400000000000003,0.8151731904710209,0.6614245646867418,0.8627845016747784,0.9404335124625081,225,0.29199322335556305,0.17747310935797814,0.029545355551667526,0.21863860669950744,0.20982018279595288,0.0725295222393309,0.2,0.4,False,False,0.0,0
measurement_tampering,1835087705,22,225,0.9884440307702476,0.9884538419177431,0.09170307248924418,0.9884440307702476,0.48110543364486297,0.256,0.8099387492178898,0.6660758350385052,0.8600453186538918,0.9562031379938954,239,0.1590312323262552,0.32124861543084565,0.011514164703875292,0.20323886033125502,0.21769633573295608,0.08727079147481275,0.4,0.2,False,False,0.0,0
measurement_tampering,1835087705,23,239,0.9812841424446962,0.9814924265447889,0.06732572955523315,0.9812841424446962,0.49215815513457833,0.35,0.809595080881513,0.6612032848510037,0.8740407867885026,0.934405621309238,242,0.04289051955529598,0.18835264066408658,0.10730279467881965,0.253821428704519,0.39585239392114463,0.01178022247613415,1.0,0.0,False,False,0.0,0
measurement_tampering,1835087705,24,242,0.9827414497426924,0.9884185307434248,0.041071352312583305,0.9827414497426924,0.5010078885907168,0.456,0.8186874041637493,0.6754323271588942,0.8491272480892602,0.9716077196108679,242,0.2786150818805087,0.24767961638350655,0.018464752650609147,0.29272043325340524,0.11245269989803959,0.050067415933930694,0.4,0.4,False,False,0.0,0
measurement_tampering,1835087705,25,242,0.961487283971396,0.990188266888492,0.028186336714837064,0.961487283971396,0.5050143061001583,0.6,0.8233118814307933,0.6822953352934825,0.8479270060643528,0.9773487271198983,243,0.19543280615666192,0.2561160213960985,0.022894737311443383,0.2917229757590766,0.21856241392009293,0.015271045456626687,0.0,0.6,False,False,0.0,0
measurement_tampering,1835087705,26,243,0.9856177434885943,0.9858412638620678,0.06679894374453299,0.9856177434885943,0.5354533913413861,0.35,0.8190410456249974,0.675815756372188,0.8564082755570483,0.9634779746835991,250,0.03293984804224618,0.29638908979141027,0.005086359270564351,0.39729907822145755,0.26636985049565437,0.0019157741786672575,1.0,0.0,False,False,0.0,0
measurement_tampering,1835087705,27,250,0.983407499107409,0.9853159289671395,0.049724052982282024,0.983407499107409,0.5521368921544598,0.42400000000000004,0.8157545445928184,0.6871686777645938,0.8707674480013435,0.9673901656921647,257,0.2517963651376888,0.21559571982582065,0.0002812760180379762,0.13628103676028386,0.377781580676501,0.018264021581667598,0.8,0.2,False,False,0.0,0
measurement_tampering,1835087705,28,257,0.9851145307540886,0.9859468830004091,0.05633426280277643,0.9851145307540886,0.5871787785359397,0.42400000000000004,0.8131809858367613,0.6925672110861413,0.8836907032012091,0.9637722671447508,267,0.1844620901222153,0.1705137903116282,0.0050102623322222815,0.23413572816784645,0.30665386944636225,0.09922425961972546,0.8,0.2,False,False,0.0,0
measurement_tampering,1835087705,29,267,0.988676876680518,0.9901152653108423,0.05201350106456,0.988676876680518,0.5964320525200474,0.41400000000000003,0.8102089259893437,0.6843480666653305,0.8953216328810882,0.9434110160582827,270,0.01761520166870382,0.16078694408739388,0.06768385089390196,0.2397613286617467,0.35418191834604507,0.15997075634220856,0.2,0.4,False,False,0.0,0
measurement_tampering,1835087705,30,270,0.978159920387265,0.9901130994050157,0.03515823353600371,0.978159920387265,0.5907328753537567,0.526,0.8109343161860219,0.6875414991848517,0.884839111859545,0.9581840269549176,269,0.15513544815984712,0.18484174854102778,0.06472252773087134,0.2800796572321029,0.19524821133282816,0.11997240700332268,0.6,0.4,False,False,0.0,0
measurement_tampering,1835087705,31,269,0.9893983322276164,0.9901783510469346,0.05688526138143649,0.9893983322276164,0.5938454815522562,0.4,0.8127000422352891,0.6869524721649284,0.8833268302015697,0.9569185787004872,266,0.10985059924149067,0.17009669152558346,0.14085621963773595,0.2544464714592637,0.23485814763989565,0.08989187049603069,0.0,0.4,False,False,0.0,0
measurement_tampering,1835087705,32,266,0.9858641962720806,0.9858840491918319,0.08607183649878179,0.9858641962720806,0.5757520181277013,0.256,0.8147573455766537,0.6917381448737021,0.8822749065812101,0.9622978443695739,258,0.1766662039627515,0.3470197680635592,0.007470729173589072,0.21295509990060915,0.23640379699898728,0.019484401900503906,0.4,0.2,False,False,0.0,0
measurement_tampering,1835087705,33,258,0.9829713691652474,0.9829713799468146,0.14589426505484854,0.9829713691652474,0.5854004794952287,0.014000000000000002,0.8151295335970303,0.6912529950370772,0.8925114587039584,0.9501596789539918,260,0.1137719675882522,0.1886775763559337,0.008091312931052141,0.23427726944421562,0.29232021390434654,0.16286165977619985,0.2,0.0,False,False,0.0,0
measurement_tampering,1835087705,34,260,0.9884956321764358,0.988495633571899,0.16221413588682346,0.9884956321764358,0.6039692372221231,0.0,0.8158878473540461,0.6880322615923135,0.9032603128335626,0.9336098165647004,262,0.07927395383862688,0.27409039183874356,0.01629367596141853,0.2947026663479574,0.3049897844946614,0.03064952751859227,0.0,0.0,False,False,0.0,0
measurement_tampering,1835087705,35,262,0.990702070470258,0.9907020742621118,0.15427476550083893,0.990702070470258,0.625810734755295,0.05600000000000001,0.8181878163611992,0.6995463689921062,0.9129342815502063,0.9365349367158186,267,0.26144650599260544,0.17080810087769513,0.01457877187005581,0.17127279485848826,0.3708982905261389,0.010995535875016471,0.4,0.0,False,False,0.0,0
measurement_tampering,1835087705,36,267,0.9863567601256139,0.986365116095358,0.09296416850745072,0.9863567601256139,0.6281495213703081,0.22400000000000003,0.8148096745691418,0.7119244583237563,0.9216408533951856,0.9480167684383818,268,0.2794425972656916,0.19914437582177402,0.013883604953762504,0.1543188414052854,0.3168616950361125,0.03634888551737403,0.8,0.0,False,False,0.0,0
measurement_tampering,1835087705,37,268,0.9897764296001434,0.990628725057781,0.05618349748343302,0.9897764296001434,0.6470654862392742,0.4,0.8134794932308494,0.7140781574152721,0.9175999431041693,0.9566338883060429,274,0.1593740250962956,0.22004358023537549,0.05548636217412028,0.2509323076009776,0.24061587524251113,0.07354784965071991,0.0,0.4,False,False,0.0,0
measurement_tampering,1835087705,38,274,0.9867544182602285,0.9872082341785161,0.06117273536553157,0.9867544182602285,0.6286250135418197,0.4,0.815546039447969,0.7199463071294541,0.9032091903898009,0.9773796163644898,270,0.20715071981181976,0.24427356200262296,0.1409315900506691,0.20051805047246807,0.18684620798024282,0.020279869682177324,0.0,0.4,False,False,0.0,0
measurement_tampering,1835087705,39,270,0.9887068183709923,0.9887068199489584,0.16123746129806021,0.9887068183709923,0.6308660095667527,0.014000000000000002,0.8186339695476689,0.7150056894641652,0.9064289058855988,0.9635760324616426,267,0.07570872113979751,0.19508335390548825,0.10021786632040565,0.33195858820736207,0.2677031726738898,0.0293282977530567,0.2,0.0,False,False,0.0,0
measurement_tampering,1835087705,40,267,0.9887723804164761,0.9890491273425132,0.06512452410135862,0.9887723804164761,0.6383438302499724,0.35,0.81923232378151,0.7200435094076846,0.8967654249291314,0.9801054514973621,268,0.19735130520909538,0.26372702137917214,0.021842282882719475,0.2874132659419879,0.2048970481604624,0.024769076426562685,1.0,0.0,False,False,0.0,0
measurement_tampering,1835087705,41,268,0.986331800715628,0.9871769984264682,0.05622228061137529,0.986331800715628,0.643550313696841,0.41400000000000003,0.8186690181108792,0.7114466767956107,0.9070888824362182,0.9580411332638605,271,0.030066785728879667,0.27580355363556025,0.012856014407908987,0.23513163151103167,0.30018402543820577,0.14595798927841375,0.2,0.4,False,False,0.0,0
measurement_tampering,1835087705,42,271,0.98877608430238,0.9888820677346182,0.07276342404546049,0.98877608430238,0.6310103418766199,0.326,0.8209063843113007,0.7097843196219569,0.8914915541192227,0.9698744854338822,267,0.11137470832658335,0.2477269343226626,0.03514031504583458,0.37474693745723364,0.1755577996331315,0.055453305214554376,0.6,0.2,False,False,0.0,0
measurement_tampering,1835087705,43,267,0.9918366936504851,0.991846211954422,0.09197155534474906,0.9918366936504851,0.6376387700324323,0.256,0.8189026108700591,0.7067495819105916,0.8976887265839947,0.9614075608665924,268,0.0931809783716563,0.20356251763532648,0.16074933478713804,0.2508300893954207,0.27673163938347145,0.014945440426987078,0.4,0.2,False,False,0.0,0
measurement_tampering,1835087705,44,268,0.9911782473020797,0.9912346676478111,0.0778007917111557,0.9911782473020797,0.6439291284783354,0.326,0.8184867470878651,0.7026243874614243,0.8856021501995837,0.9693327936012287,274,0.07765355807952878,0.34194323845810315,0.02202829330060719,0.29101507593017706,0.18841148136994218,0.0789483528616417,0.6,0.2,False,False,0.0,0
measurement_tampering,1835087705,45,274,0.9859622033809513,0.9859661708753312,0.09888994223628324,0.9859622033809513,0.662895928555673,0.22400000000000003,0.8154174378195945,0.695874571776622,0.8970419351796253,0.9513454082291889,283,0.04226754610336183,0.25583041511943233,0.011099416618294687,0.25226261302171815,0.34438598446640967,0.09415402467078343,0.8,0.0,False,False,0.0,0
measurement_tampering,1835087705,46,283,0.9887137340443231,0.9887137402149665,0.15038263026774648,0.9887137340443231,0.6512542442834218,0.05600000000000001,0.8125367145697616,0.6967448290045873,0.8917983966860816,0.9615327328814275,282,0.133299822709955,0.18215055011948825,0.20730970935268445,0.20526030657250519,0.22230327512209452,0.0496763361232725,0.4,0.0,False,False,0.0,0
measurement_tampering,1835087705,47,282,0.9863895472373947,0.9868800576013672,0.06055115505768897,0.9863895472373947,0.6739943800169675,0.4,0.809734577944818,0.6936222503154634,0.9026185570174735,0.9490215469629443,289,0.08393328451381822,0.17543436725920572,0.08062328426205204,0.28686588657959505,0.30037295019530086,0.07277022719002808,0.0,0.4,False,False,0.0,0
measurement_tampering,1835087705,48,289,0.9920566405508345,0.9920607723433161,0.09861600224571361,0.9920566405508345,0.7047001913569915,0.22400000000000003,0.8003797743113648,0.6907688001123418,0.902686603402035,0.9560918385174718,303,0.08534577890814338,0.22111742355914332,0.08684501336997703,0.2944747093053715,0.2516495104315441,0.06056756442582062,0.8,0.0,False,False,0.0,0
measurement_tampering,1835087705,49,303,0.9891603314536396,0.9899228635720725,0.057063689340535954,0.9891603314536396,0.7255570595689526,0.4,0.8005026818845697,0.7029079651729742,0.8931725001134788,0.9831059629585895,313,0.27097006332811785,0.19497156545075056,0.04912992271712707,0.21391398911071766,0.20377278525823675,0.06724167413505028,0.0,0.4,False,False,0.0,0
measurement_tampering,1835087705,50,313,0.9490305386680684,0.9925355328186996,0.024894235575594267,0.9490305386680684,0.8154790780161545,0.6,0.7982215192722985,0.7010245289646067,0.903855250102131,0.9716523324120222,315,0.1032745256285145,0.17350412197474935,0.11230988932211305,0.18904913384447325,0.31123782746118395,0.11062450176896588,0.0,0.6,True,False,0.0,0
measurement_tampering,1835087705,51,315,0.9882824644823107,0.9882824759851521,0.1454216945752984,0.9882824644823107,0.8859041944346024,0.0,0.7995176788448661,0.6924343705449961,0.9134697250919179,0.9481048920395378,319,0.018263350357747996,0.17366450788999893,0.31106408384395057,0.13466288730751666,0.3058454393925097,0.05649973120827625,0.0,0.0,True,False,0.0,0
measurement_tampering,1835087705,52,319,0.9923185503563703,0.9923243807985339,0.09587681444086381,0.9923185503563703,0.9289934070614148,0.21400000000000002,0.800759086778306,0.6877399090053196,0.9221227525827261,0.9313943803152075,316,0.06159071234466558,0.2596188875065612,0.044633825803177506,0.2513074228614602,0.31916194684168386,0.06368720464245169,0.2,0.2,True,False,0.0,0
measurement_tampering,1835087705,53,316,0.9883705702634474,0.9908187150189647,0.047785930762749125,0.9883705702634474,0.9166860198585807,0.456,0.799606112680288,0.6785573669633831,0.9146982921028014,0.9277534889483757,312,0.0025556676041186104,0.2216392830160289,0.2021955449507698,0.28011831072348337,0.2239390738917394,0.06955211981386006,0.4,0.4,True,False,0.0,0
measurement_tampering,1835087705,54,312,0.9905792704185983,0.9905807504837977,0.10677613147225326,0.9905792704185983,0.9306566102726754,0.126,0.7981231560680758,0.6730804905337765,0.9179882796072396,0.9186708897094269,312,0.04313739898203223,0.3642814738327129,0.09497001901424525,0.21093803148366858,0.27379908357359145,0.012873993113749678,0.6,0.0,True,False,0.0,0
measurement_tampering,1835087705,55,312,0.9925326708710669,0.9925327220643919,0.13357134269495624,0.9925326708710669,1.0033259773176166,0.014000000000000002,0.798572854316155,0.6683229920107486,0.9261894516465157,0.9035912743656657,320,0.04870657504576159,0.16447439686869655,0.03668607655425445,0.2673511458808217,0.4271217899078587,0.055660015742607066,0.2,0.0,True,False,0.0,0
measurement_tampering,1835087705,56,320,0.9888360689838772,0.9888431904482193,0.09425666205232978,0.9888360689838772,1.01764922660357,0.21400000000000002,0.8024063200528818,0.6599931244292405,0.9321764377406816,0.8823623106394146,308,0.0010785252378663229,0.22331876399822825,0.10305320361355162,0.3202778754765856,0.29302965629408717,0.059241975379680976,0.2,0.2,True,False,0.0,0
measurement_tampering,1835087705,57,308,0.9900460041898052,0.990216897103625,0.06897120121221247,0.9900460041898052,1.027376911819533,0.326,0.8012854144674639,0.6557297260386907,0.9389587939666134,0.8715475785968498,312,0.046703222886402884,0.247653486085707,0.06915847684506847,0.11770377758208149,0.5100463453629512,0.008734691237788812,0.6,0.2,True,False,0.0,0
measurement_tampering,1835087705,58,312,0.9886064777556363,0.9901261118485776,0.05157621321182411,0.9886064777556363,1.0144757661321937,0.42400000000000004,0.7968219251543691,0.6503129593047978,0.9450629145699521,0.8635756971280268,309,0.029621494600519903,0.1835013505455518,0.1354547521238188,0.16982099248784413,0.3943692698920652,0.08723214035020009,0.8,0.2,True,False,0.0,0
measurement_tampering,1835087705,59,309,0.9877288259181737,0.989654148133377,0.04968887510030071,0.9877288259181737,1.0071637059997118,0.42400000000000004,0.7962882619047359,0.6495977345270639,0.9497275077666164,0.8589644118971743,311,0.08500528984382506,0.26017313018560134,0.12044054556972811,0.10886563740262514,0.29585442326829764,0.12966097372992258,0.8,0.2,True,False,0.0,0
measurement_tampering,1835087705,60,311,0.9917490946258751,0.9917593177839084,0.09140219920485393,0.9917490946258751,1.0495334860939256,0.21400000000000002,0.7971294476687922,0.6424791571255223,0.9547547569899548,0.8441864150664492,315,0.004516366560143915,0.33677284256656886,0.07292957433815088,0.1935059871065359,0.32202358200567627,0.07025164742292411,0.2,0.2,True,False,0.0,0
measurement_tampering,1835087705,61,315,0.9856076357738374,0.9891726046956895,0.04478110127233424,0.9856076357738374,1.0609195484105856,0.456,0.7967933886332295,0.6417735626738189,0.9518821014245425,0.8461608744093462,318,0.08022954255715874,0.2541650693815692,0.056480754237739586,0.25606013622587837,0.26301410066791625,0.09005039692973801,0.4,0.4,True,False,0.0,0
measurement_tampering,1835087705,62,318,0.977000107301723,0.9905106006861981,0.03418656301148724,0.977000107301723,1.0454008806762736,0.526,0.7978523693202504,0.6350047660667743,0.9507154306410871,0.837151197967684,308,0.003998519083078562,0.2221261185415518,0.003842067079003633,0.4511839136226032,0.2701076967949941,0.048741684878768746,0.6,0.4,True,False,0.0,0
measurement_tampering,1835087705,63,308,0.9910264928716808,0.991026497432125,0.15280822012778256,0.9910264928716808,1.0670344716940545,0.014000000000000002,0.8018570679536796,0.6330981764023548,0.9428303751187861,0.8374146131713285,307,0.060545607986490245,0.38198889347485565,0.03711042966992278,0.2839109780910964,0.2359324377090387,0.0005116530685962169,0.2,0.0,True,False,0.0,0
measurement_tampering,1835087705,64,307,0.9671954481484454,0.9908001452839347,0.029747334460523068,0.9671954481484454,1.0493394633277662,0.55,0.8073227052855801,0.6309929842113619,0.9485473376069075,0.8239831947297589,298,0.05687145786406006,0.1636197301776502,0.14962716388249717,0.21885502402475596,0.30146141104716645,0.10956521300387027,1.0,0.2,True,False,0.0,0
measurement_tampering,1835087705,65,298,0.9558465467301481,0.9916373101891028,0.026440722888245567,0.9558465467301481,1.0523562527601953,0.6,0.8043319399592127,0.6308481791772851,0.9536926038462167,0.8223962559312338,306,0.08006055220614096,0.19552195545631948,0.046169847863428974,0.15044804975634404,0.4238839325199478,0.10391566219781866,0.0,0.6,True,False,0.0,0
measurement_tampering,1835087705,66,306,0.9904056788564237,0.9935688955053282,0.045768154266481856,0.9904056788564237,1.1422776494538003,0.456,0.8070385486498588,0.626692324360352,0.958323343461595,0.8103040860904549,308,0.029831926774139768,0.1675462759289301,0.05953928594178629,0.2645860744164922,0.323779702914277,0.1547167340243747,0.4,0.4,True,False,0.0,0
measurement_tampering,1835087705,67,308,0.9880136319145143,0.9880259948738981,0.08985937142324255,0.9880136319145143,1.1310373002055059,0.22400000000000003,0.8055409377951581,0.6224314240127161,0.9624910091154355,0.8027997206112008,311,0.02592144837977081,0.3251413987735265,0.13579424905793985,0.10562260855742295,0.3336690356302451,0.0738512596010949,0.8,0.0,True,False,0.0,0
measurement_tampering,1835087705,68,311,0.932693969538453,0.992685206758008,0.02233768255598547,0.932693969538453,1.0827836616753386,0.614,0.8040316227677915,0.6170879255669858,0.9574357388394816,0.8016121369826117,314,0.009725909436318198,0.24251557523162587,0.004326689267937122,0.43466125789692495,0.2559691531779481,0.05280141498924589,0.2,0.6,True,False,0.0,0
measurement_tampering,1835087705,69,314,0.9928711391214817,0.9929882065056885,0.07200464412041299,0.9928711391214817,1.188788659412408,0.326,0.8042290557800601,0.6255235314889906,0.9599990167324661,0.8102016144093576,319,0.17862502750442646,0.20409934844208047,0.015717589318531545,0.30888117989721436,0.29153425888466344,0.001142595953083732,0.6,0.2,True,False,0.0,0
measurement_tampering,1835087705,70,319,0.9903546586697536,0.9903651224572528,0.0912058105165098,0.9903546586697536,1.1693853809144088,0.22400000000000003,0.8100207426071945,0.6204181157183059,0.9492231770591896,0.8069005219208419,312,0.014634510047059323,0.19047427746464665,0.27327351563278834,0.29474375285200305,0.22612030999985042,0.0007536340036523599,0.8,0.0,True,False,0.0,0
measurement_tampering,1835087705,71,312,0.9912126570402655,0.9926874451922947,0.05183522417680224,0.9912126570402655,1.1753752576862608,0.41400000000000003,0.8086469987211105,0.6157084693825642,0.9543008593532706,0.7978676076327889,313,0.01639074312717086,0.20732105364473516,0.08450652888067149,0.16990794891262823,0.43568692219778393,0.08618680323701022,0.2,0.4,True,False,0.0,0
measurement_tampering,1835087705,72,313,0.9884101619403975,0.9884101685541737,0.149828141331221,0.9884101619403975,1.1409456135464586,0.0,0.798521499995492,0.615125561645274,0.9588707734179436,0.803372717880338,309,0.06503144664797499,0.1503762601876583,0.06668709366105322,0.2399983005231667,0.3157514926760717,0.16215540630407516,0.0,0.0,True,False,0.0,0
measurement_tampering,1835087705,73,309,0.9937313276936056,0.9937314027876626,0.13053118869125435,0.9937313276936056,1.165516363449774,0.05600000000000001,0.7993105122680165,0.6176590086449777,0.9629836960761492,0.8024432367654983,311,0.10362156352459195,0.19689085289647526,0.10254674648966434,0.21230397916981164,0.36366228363444075,0.02097457428501616,0.4,0.0,True,False,0.0,0
measurement_tampering,1835087705,74,311,0.9321023468131937,0.9908714804292156,0.022486957558198056,0.9321023468131937,1.1012207187078629,0.614,0.7985641640940154,0.6197101487856751,0.9666853264685342,0.8027746778674142,316,0.0991761321618285,0.16875671313422708,0.1375801779048698,0.16206116292536543,0.30308232553043174,0.12934348834327752,0.2,0.6,True,False,0.0,0
measurement_tampering,1835087705,75,316,0.9309596221071855,0.9923958280811703,0.022145905376980225,0.9309596221071855,1.1376297484546207,0.6240000000000001,0.8057562968801598,0.6182261519920786,0.9700167938216808,0.790978012315047,314,0.05626888307109063,0.2403889842680531,0.1219781291131845,0.23871341711735694,0.3092146054326106,0.033435980997704236,0.8,0.4,True,False,0.0,0
measurement_tampering,1835087705,76,314,0.9473526619611541,0.9894041867203557,0.025139566760189695,0.9473526619611541,1.1348949130384482,0.6,0.8060424891552856,0.6193201867723239,0.9730151144395127,0.7896555900023506,307,0.08756677974811522,0.22135919302257,0.045221842295628464,0.19504253151703282,0.3774324078396075,0.0733772455770459,0.0,0.6,True,False,0.0,0
measurement_tampering,1835087705,77,307,0.9907432380262753,0.9907435572886661,0.11898682641795426,0.9907432380262753,1.2069703438585344,0.126,0.8117874742073427,0.6169349296474114,0.9757136029955614,0.7788873565837421,301,0.04475940267129569,0.292823468098025,0.001095366353531718,0.2491376867655134,0.34813547802076705,0.06404859809086706,0.6,0.0,True,False,0.0,0
measurement_tampering,1835087705,78,301,0.9933772791013604,0.9933833696068582,0.0955379410624215,0.9933772791013604,1.204570630507362,0.21400000000000002,0.8134221143853775,0.6162853868045901,0.9717831347501674,0.7796443519122472,300,0.0649650454943666,0.1872907879127179,0.031830282801389054,0.23013704449389727,0.2682044602708105,0.2175723790268187,0.2,0.2,True,False,0.0,0
measurement_tampering,1835087705,79,300,0.9910276011048463,0.9910332591060702,0.09610542934991254,0.9910276011048463,1.1813472499098454,0.21400000000000002,0.8060738142715146,0.6174087676629956,0.9746048212751507,0.7859038637956863,309,0.08672062748293746,0.1981957632176118,0.057433913350570145,0.10092597133690911,0.3913269889655392,0.16539673564643226,0.2,0.2,True,False,0.0,0
measurement_tampering,1835087705,80,309,0.9844581890807909,0.9883547222633428,0.04406661233834801,0.9844581890807909,1.1655581828058588,0.456,0.8093083890484516,0.6180043874325802,0.9771443391476357,0.7814816697050215,304,0.0808257269091802,0.1758105244663166,0.013228666464508657,0.17988333696652614,0.3950334784869506,0.15521826670651778,0.4,0.4,True,False,0.0,0
measurement_tampering,1835087705,81,304,0.9919465035839109,0.9919596748652969,0.08938685736876126,0.9919465035839109,1.202221388102109,0.21400000000000002,0.8128569350786357,0.6159857107470729,0.9794299052328721,0.7737188222949507,300,0.048519283576521084,0.1861930586788114,0.09678415566317841,0.2942307944293246,0.3382523417849092,0.03602036586725529,0.2,0.2,True,False,0.0,0
measurement_tampering,1835087705,82,300,0.9901484666986156,0.990340217887686,0.0680554981901156,0.9901484666986156,1.1758983211649352,0.326,0.8083582975802228,0.6114808430723018,0.9769551328243565,0.7742912226151424,307,0.016180223282282413,0.27810074664712464,0.09593462713255384,0.106897275457194,0.2773410905738584,0.22554603690698663,0.6,0.2,True,False,0.0,0
measurement_tampering,1835087705,83,307,0.9805867526811775,0.9903667842144435,0.03675749814083311,0.9805867526811775,1.1639309031575282,0.526,0.8089007248422396,0.6111146757900426,0.97247000532126,0.7768752287202695,306,0.06509843589194958,0.2601729019230958,0.04430951250724132,0.24825897170274092,0.26605192889669554,0.11610824907827694,0.6,0.4,True,False,0.0,0
measurement_tampering,1835087705,84,306,0.9932886889707434,0.9932886938751876,0.15224749952037947,0.9932886889707434,1.1963782398364746,0.0,0.8110530513974773,0.6065998820912423,0.9713300143365848,0.7699920660326764,309,0.013011751133771636,0.2993117991896414,0.08189793204203914,0.19375129125981053,0.2805350477372542,0.13149217863748325,0.0,0.0,True,False,0.0,0
measurement_tampering,1835087705,85,309,0.9928649990930789,0.993898983004798,0.05467151713961691,0.9928649990930789,1.2208936875816625,0.41400000000000003,0.8087208707300111,0.6067819813511374,0.9741970129029264,0.7701711229622682,312,0.06890116705571572,0.17222016383893132,0.06014922848445474,0.2469023530604276,0.4340383574810571,0.017788730079413527,0.2,0.4,True,False,0.0,0
measurement_tampering,1835087705,86,312,0.9880906291550173,0.990291425342011,0.048629531385875266,0.9880906291550173,1.2152900582527806,0.456,0.809693667529137,0.6112270391661928,0.9767773116126337,0.7728340566914023,313,0.12230196103265348,0.18478996697532135,0.017792962911719976,0.17416486520448587,0.3330419372797616,0.16790830659605774,0.4,0.4,True,False,0.0,0
measurement_tampering,1835087705,87,313,0.9922252557704715,0.9922257114182121,0.11616727375603811,0.9922252557704715,1.272284228825829,0.126,0.8065108626057813,0.6122428755353089,0.9758650803763903,0.777899945664983,325,0.08221485409282087,0.16969813015157442,0.015551568478116761,0.2941066346824642,0.28382749962510007,0.15460131296992374,0.6,0.0,True,False,0.0,0
measurement_tampering,1835087705,88,325,0.9910883546704535,0.9910948600171585,0.0949950660483099,0.9910883546704535,1.2489870741657247,0.22400000000000003,0.8067249041470532,0.6073284027940229,0.9782785723387513,0.7695477751936753,323,0.008720887943493351,0.163240758864113,1.247921522520787e-05,0.12399407263789575,0.6912730098100839,0.012758791529188795,0.8,0.0,True,False,0.0,0
measurement_tampering,1835087705,89,323,0.9925976814259532,0.9925988939054661,0.10837972005269644,0.9925976814259532,1.269998573765035,0.2,0.8086703140212954,0.6024908577122112,0.9804507151048761,0.7598943107642108,317,0.006610938223617879,0.22097926618677038,0.02200412537532483,0.4037926219189666,0.31322366170468113,0.03338938659063926,0.0,0.2,True,False,0.0,0
measurement_tampering,1835087705,90,317,0.9868400124550026,0.9870412023123475,0.06764645270520603,0.9868400124550026,1.2607836660960354,0.35,0.8065868387368086,0.6073629987843336,0.9759779583177822,0.7715377671835597,324,0.12495854947166242,0.22299805671326314,0.013430245114460476,0.20630987736890197,0.2678615736169685,0.16444169771474346,1.0,0.0,True,False,0.0,0
measurement_tampering,1835087705,91,324,0.9912261186777667,0.991226153143367,0.13671024025691686,0.9912261186777667,1.2577269876195147,0.05600000000000001,0.8039079498263121,0.6080052432749596,0.9751855633990412,0.7755570280251396,322,0.07512993037303332,0.15667344186643772,0.14791252958625717,0.25067304952351244,0.28402700456518554,0.08558404408557399,0.4,0.0,True,False,0.0,0
measurement_tampering,1835087705,92,322,0.9229697285224445,0.9903919622661718,0.021389723985471485,0.9229697285224445,1.1647771336302664,0.6240000000000001,0.8004932649405602,0.6108013626267795,0.977667007059137,0.7804612685910496,322,0.1024547689445986,0.20322363324356457,0.05700085992459373,0.21962735864714458,0.37701612828484143,0.040677250955257115,0.8,0.4,True,False,0.0,0
measurement_tampering,1835087705,93,322,0.9919852823459254,0.9921849284186437,0.06774914236712574,0.9919852823459254,1.2576547503861195,0.326,0.8012843649639303,0.6084134604842603,0.9776790290398175,0.7766330090731767,320,0.039402074860246196,0.16620806876732966,0.06635793690210509,0.238492657587276,0.2888936134329711,0.20064564845007204,0.6,0.2,True,False,0.0,0
measurement_tampering,1835087705,94,320,0.9875851802319804,0.9905133108433539,0.04635835508109831,0.9875851802319804,1.2182416097060047,0.456,0.8029572439503468,0.6046799761010878,0.975021082157199,0.7723589092125472,316,0.02108985801300748,0.17443269577612341,0.07557423433679078,0.15119176118903802,0.27554978010681574,0.30216167057822463,0.4,0.4,True,False,0.0,0
measurement_tampering,1835087705,95,316,0.9891823595068289,0.9908490100862541,0.05084693858128734,0.9891823595068289,1.2057210334370538,0.42400000000000004,0.7982896188778327,0.6033587062151344,0.9752237853400477,0.7750162652511973,318,0.048909111488762466,0.23478500528388663,0.14213088377281888,0.19007622994777826,0.28852405699284334,0.09557471251391038,0.8,0.2,True,False,0.0,0
measurement_tampering,1835087705,96,318,0.9894776154679628,0.9894867142122534,0.09231143886275679,0.9894776154679628,1.191318048877872,0.21400000000000002,0.7980714313078411,0.6056198070417963,0.977701406806043,0.7761614450302887,317,0.092862951717732,0.1734975557473817,0.04717054756705064,0.15822683801950532,0.31477009706326353,0.21347200988506682,0.2,0.2,True,False,0.0,0
measurement_tampering,1835087705,97,317,0.9923457021177217,0.9923577800310799,0.09007987435945104,0.9923457021177217,1.203033729573857,0.21400000000000002,0.8027287361432185,0.6070212391508991,0.9749200866711947,0.7756504670671184,318,0.08353028076490829,0.20707659327674427,0.07131464114463043,0.19329499296324681,0.2749441027287801,0.16983938912169017,0.2,0.2,True,False,0.0,0
measurement_tampering,1835087705,98,318,0.9921996860538022,0.9921996935045494,0.14891008262154415,0.9921996860538022,1.219496876308192,0.0,0.8044792101972688,0.6088031052737504,0.9774280780040752,0.774242885002935,319,0.08916160100495324,0.2623419531657396,0.07294616834687889,0.20256220964603666,0.321033740045917,0.05195432779047453,0.0,0.0,True,False,0.0,0
measurement_tampering,1835087705,99,319,0.9909468392759113,0.9909468796986292,0.13543892075506297,0.9909468392759113,1.2531967979328824,0.05600000000000001,0.8081477266255427,0.6092502241017775,0.9796852702036677,0.7695172570007865,319,0.07359092614643357,0.27547463065435634,0.0330427393875674,0.24654041081097317,0.31892452541751165,0.052426767583157924,0.4,0.0,True,False,0.0,0
measurement_tampering,1835087705,100,319,0.9857781840545086,0.9858059005927665,0.083415102033374,0.9857781840545086,1.2928334777758042,0.256,0.8096267173998598,0.605391674790905,0.9817167431833009,0.7616674828957992,321,0.020049523677705128,0.16815239879922464,0.09948709165867801,0.298001209405471,0.37680477487522096,0.03750500158370035,0.4,0.2,True,False,0.0,0
measurement_tampering,1835087705,101,321,0.98944845364385,0.9907482571395841,0.05282502665936414,0.98944845364385,1.3150833966806987,0.42400000000000004,0.8127467921197254,0.6060058798251838,0.9787440204179138,0.7618201441736001,320,0.07354735967280031,0.21103719011313696,0.02530531974745258,0.33912569447288454,0.2759947577647143,0.07498967822901142,0.8,0.2,True,False,0.0,0
measurement_tampering,1835087705,102,320,0.9689706153395908,0.9884899984888331,0.031241467790706634,0.9689706153395908,1.3104114738345813,0.55,0.8102332286815348,0.6128437531782868,0.9808696183761224,0.7711314762116239,324,0.1517270918045269,0.16780334484880002,0.05807179863855831,0.2738332974141985,0.33438000394298595,0.014184463350930387,1.0,0.2,True,False,0.0,0
measurement_tampering,1835087705,103,324,0.9922205294687428,0.9931895620484582,0.05518225331505176,0.9922205294687428,1.330758161038131,0.4,0.8097357761392021,0.6180970316245367,0.9827826565385102,0.7767045445763776,321,0.13619332631455233,0.20616590827425732,0.03364035443819933,0.23380017231688516,0.3478535024446708,0.04234673621143512,0.0,0.4,True,False,0.0,0
measurement_tampering,1835087705,104,321,0.9886329204855446,0.9887396028100901,0.07270995794334782,0.9886329204855446,1.3347084770271496,0.326,0.813561410561426,0.616553818208942,0.9793368958757782,0.7738352953291098,318,0.05452047707040148,0.2037424949906776,0.09987319516755601,0.2736035747716574,0.27416252495559507,0.09409773304411242,0.6,0.2,True,False,0.0,0
measurement_tampering,1835087705,105,318,0.9865440741150878,0.988352648957945,0.05017633586055183,0.9865440741150878,1.3090349107676793,0.42400000000000004,0.807619565901829,0.622084774063179,0.9814032062882004,0.7848655506472758,318,0.14198308455855205,0.1657932034268148,0.07448673606691895,0.23450169877087654,0.31426845980686013,0.0689668173699776,0.8,0.2,True,False,0.0,0
measurement_tampering,1835087705,106,318,0.9271954508172618,0.9881394939698956,0.02217571621970401,0.9271954508172618,1.2482585883682296,0.6240000000000001,0.8075976756506743,0.6225735007575476,0.9832628856593804,0.7840178030796043,318,0.0824120674690948,0.29687200538549413,0.016171477436293106,0.29126245421276664,0.3048116545778788,0.008470340918472688,0.8,0.4,True,False,0.0,0
measurement_tampering,1835087705,107,318,0.980581464171072,0.9903924640086756,0.03673253891912634,0.980581464171072,1.3689533354737362,0.526,0.8042592919537149,0.6197590731455411,0.9849365970934423,0.7823814258701709,328,0.041428092823386005,0.19689068042201213,0.0002791290144878827,0.30398070507731784,0.43926950406041493,0.018151888602381292,0.6,0.4,True,False,0.0,0
measurement_tampering,1835087705,108,328,0.9808351153246746,0.9932627606675171,0.03487365989242294,0.9808351153246746,1.413842368399002,0.526,0.8077129302002846,0.615200885957977,0.9836822002108168,0.7742925917397988,332,0.017872080871410505,0.21299428246116617,0.1218369739216,0.2730193817019023,0.2861963141335938,0.0880809669103272,0.6,0.4,True,False,0.0,0
measurement_tampering,1835087705,109,332,0.973449344166506,0.9865882788659113,0.03437695984213849,0.973449344166506,1.431819140232441,0.526,0.8058275423200563,0.60982202027817,0.985313980189735,0.768044441694245,337,0.004764732726148143,0.19104244176925594,0.07051294515702945,0.2514135916779312,0.48185095683382934,0.0004153318358060039,0.6,0.4,True,False,0.0,0
measurement_tampering,1835087705,110,337,0.9907958550372454,0.990806719499652,0.0909102461458445,0.9907958550372454,1.4423159216632169,0.256,0.7984149054651632,0.6056127050863859,0.9862417136785098,0.7691002883130248,337,0.016022322776554382,0.15852710710829038,0.004147532071218859,0.29068272158127,0.2972956575387411,0.23332465892392532,0.4,0.2,True,False,0.0,0
measurement_tampering,1835087705,111,337,0.9905261269908047,0.9905261893383874,0.1319861779547073,0.9905261269908047,1.3942330412961692,0.05600000000000001,0.8052436670727939,0.6059958132815071,0.9876175423106588,0.7619974366625699,325,0.07079679311800643,0.28934465309657176,0.09676997930184084,0.1523474150827197,0.3723036562400866,0.018437503160774527,0.4,0.0,True,False,0.0,0
measurement_tampering,1835087705,112,325,0.9929213467611284,0.9929213533955442,0.14983958677503195,0.9929213467611284,1.377464120593022,0.014000000000000002,0.8083520253387013,0.6036593573439801,0.9825333458705604,0.7600534025653126,322,0.037041684081855555,0.1888827953085317,0.07605576822734496,0.22005908414695718,0.2683877889548373,0.20957287928047352,0.2,0.0,True,False,0.0,0
measurement_tampering,1835087705,113,322,0.9903974322988974,0.9903977169722497,0.11989683638706244,0.9903974322988974,1.3428006527123248,0.126,0.8066716100336966,0.6025395969121013,0.9842800112835044,0.7588748400641401,327,0.050790092941502725,0.23363707646048443,0.05496107617069778,0.07735093173849386,0.31929071161532,0.2639701110735012,0.6,0.0,True,False,0.0,0
measurement_tampering,1835087705,114,327,0.9904590244192305,0.9921589836928987,0.05069993888948148,0.9904590244192305,1.3703169551680277,0.42400000000000004,0.8073779126783338,0.6051390490943501,0.9846285492339176,0.7612124630547462,329,0.09658040034817336,0.1784375455285104,0.0893927430842289,0.2746580761665873,0.2938826953938182,0.06704853947868182,0.8,0.2,True,False,0.0,0
measurement_tampering,1835087705,115,329,0.9752988484612901,0.9891840517637974,0.03395813077735163,0.9752988484612901,1.3876646676278033,0.526,0.804083089109929,0.5998912533696532,0.9861656943105259,0.7565222589673551,335,0.00011445912525741681,0.22379258103525168,0.01897824249674458,0.35181140512944004,0.33452504258841453,0.0707782696248919,0.6,0.4,True,False,0.0,0
measurement_tampering,1835087705,116,335,0.9221388438862355,0.9914969815493071,0.021173261500338752,0.9221388438862355,1.3359662932408394,0.614,0.8015161940931517,0.5985477509492603,0.9875491248794733,0.7561845387944331,342,0.0456382531011215,0.17708331279666314,0.15047025653621,0.232488988510557,0.3570894002442176,0.03722978881123074,0.2,0.6,True,False,0.0,0
measurement_tampering,1835087705,117,342,0.9913825710062951,0.9913826812170904,0.12745844240700216,0.9913825710062951,1.4732342439914397,0.126,0.7931649201686755,0.600161816506013,0.988794212391526,0.7652422631230663,356,0.08176816380269707,0.1606879848288818,0.049913676138582046,0.270675398724762,0.3563543710139991,0.08060040549107805,0.6,0.0,True,False,0.0,0
measurement_tampering,1835087705,118,356,0.8898214393524768,0.9902251392498247,0.01821848844201336,0.8898214393524768,1.3431640302757812,0.656,0.7951876567497099,0.6035563053976902,0.9899147911523734,0.7667439322243511,356,0.105032246462224,0.25619150947069236,0.0003623914722772342,0.2762572421564224,0.3129672242962564,0.04918938614212751,0.4,0.6,True,False,0.0,0
measurement_tampering,1835087705,119,356,0.9846983426139873,0.9858084373200705,0.05404108208787561,0.9846983426139873,1.5235905821723548,0.41400000000000003,0.7973048778577011,0.6082815787185315,0.990923312037136,0.7699104206342613,365,0.12378860738407171,0.20757127887632945,0.1480651833081017,0.215145378171011,0.30283054563373096,0.0025990066267551075,0.2,0.4,True,False,0.0,0
measurement_tampering,1835087705,120,365,0.9908517180238096,0.9908594757965544,0.09359163801216147,0.9908517180238096,1.503659846896139,0.2,0.7966078183662701,0.6124606359602915,0.9892729627097563,0.7771725928265153,363,0.11991420222108264,0.2593274679313887,0.06948971729769912,0.2200695342941214,0.2872099093816694,0.04398916887403864,0.0,0.2,True,False,0.0,0
measurement_tampering,1835087705,121,363,0.9905691610873808,0.9908550618534795,0.06488001408272083,0.9905691610873808,1.467597997083007,0.35,0.7990656159782635,0.6098801902802127,0.9903456664387806,0.7706821110687258,355,0.03803232647419648,0.24082869578668978,0.09771702073291796,0.17351182921118563,0.33298295550010143,0.11692717229490879,1.0,0.0,True,False,0.0,0
measurement_tampering,1835087705,122,355,0.9903028461078285,0.9903092949557168,0.09505818926847068,0.9903028461078285,1.501245647751984,0.21400000000000002,0.8047441617592147,0.6060006519329323,0.9913110997949026,0.7596355617179141,357,0.02018088958412757,0.26517921676322265,0.1043849498838825,0.20150905461793425,0.3192053400559219,0.08954054909491117,0.2,0.2,True,False,0.0,0
measurement_tampering,1835087705,123,357,0.9931771837808945,0.9931892859898804,0.09007054518469435,0.9931771837808945,1.4818650343126158,0.256,0.8107122901971249,0.6015699674370094,0.9868280969300753,0.7519308157042839,344,0.01086685125904717,0.2177998995476095,0.03603859289630645,0.26724262626839157,0.2732405355733146,0.19481149445533086,0.4,0.2,True,False,0.0,0
measurement_tampering,1835087705,124,344,0.9847236046260905,0.987007888479626,0.04830671371193707,0.9847236046260905,1.4747054193386473,0.456,0.809853183567982,0.5970529400462532,0.982574590429623,0.7503104903256214,345,0.007018387263677556,0.3308915836181588,2.6106967829903196e-05,0.3897694371452473,0.27214651596277606,0.00014796904231046572,0.4,0.4,True,False,0.0,0
measurement_tampering,1835087705,125,345,0.9913106147684176,0.9913142231358244,0.09968824896180829,0.9913106147684176,1.499857942509256,0.2,0.8116291577415982,0.5950875964306261,0.9839445356270191,0.7451653281817592,345,0.036091292333570564,0.19778177592556861,0.06153508707031839,0.3693105980314409,0.2981370212017917,0.037144225437309907,0.0,0.2,True,False,0.0,0
measurement_tampering,1835087705,126,345,0.988559311770519,0.9892950338018842,0.05734354834627635,0.988559311770519,1.4194116733309798,0.41400000000000003,0.8153518592574412,0.5927681593200332,0.9855500820643172,0.7376682698461464,338,0.030436783886729817,0.3310589304822663,0.02093388821919936,0.0968077326506843,0.4208711841359274,0.09989148062519278,0.2,0.4,True,False,0.0,0
measurement_tampering,1835087705,127,338,0.99115466483036,0.9911702867076234,0.08802226476481628,0.99115466483036,1.413473854517467,0.256,0.8119537594835466,0.5917562007305938,0.9869950738578854,0.738408241520445,342,0.0453306172070268,0.22418803153842984,0.12543165379986873,0.16656483972277283,0.3178245721225708,0.12066028560933117,0.4,0.2,True,False,0.0,0
measurement_tampering,1835087705,128,342,0.9895843578081258,0.9897451988965339,0.06944995040413834,0.9895843578081258,1.436816633633846,0.35,0.8088838628485625,0.587209782317875,0.9882955664720969,0.7345481400398117,347,0.0005173952976371489,0.17641053433728757,0.0050060179599577485,0.2868954953211423,0.4631016223306062,0.06806893475336907,1.0,0.0,True,False,0.0,0
measurement_tampering,1835087705,129,347,0.939340996721814,0.9909945857719598,0.023515250624257876,0.939340996721814,1.370384380322832,0.614,0.8152885411200309,0.5902080555484984,0.9888304821266696,0.7321025990933735,343,0.09198452933146395,0.26198108406395365,0.0375789955073244,0.23487312891040443,0.29682236150891184,0.07675990067794165,0.2,0.6,True,False,0.0,0
measurement_tampering,1835087705,130,343,0.9916647614245003,0.9916740373979674,0.09217545673267483,0.9916647614245003,1.4110178230158532,0.256,0.8188249683367168,0.5923001702521696,0.9899474339140026,0.7306992240639767,341,0.08253146851370131,0.26298849556122594,0.08092866825776163,0.11177732012460422,0.3053230322651047,0.1564510152776023,0.4,0.2,True,False,0.0,0
measurement_tampering,1835087705,131,341,0.9897482775439655,0.9908620908921963,0.05405516398560483,0.9897482775439655,1.4450473134969433,0.41400000000000003,0.8211155793536309,0.5975082872315411,0.9819340148087726,0.7410667645335812,347,0.12278906864975003,0.25884293136592884,0.0742684907392343,0.2326404944080208,0.25490662143085124,0.056552393406214915,0.2,0.4,True,False,0.0,0
measurement_tampering,1835087705,132,347,0.9914025530936734,0.9914025632760308,0.14641741743592737,0.9914025530936734,1.4454850080714985,0.05600000000000001,0.8194607554934675,0.5933333805611143,0.9837406133278954,0.7360206869007976,350,0.008756346139376998,0.15933518465764462,0.0008029747028950469,0.20412822020466206,0.612739473694676,0.014237800600745355,0.4,0.0,True,False,0.0,0
measurement_tampering,1835087705,133,350,0.9922355777590601,0.9922355810568445,0.15539833724081303,0.9922355777590601,1.4721042964608257,0.014000000000000002,0.8160261146989062,0.5949298274599301,0.9853665519951059,0.739884398536207,353,0.07828894908589407,0.21728910138200883,0.03793192860668421,0.24879447137271044,0.3007088168004244,0.11698673275227812,0.2,0.0,True,False,0.0,0
measurement_tampering,1835087705,134,353,0.8957285049665619,0.9919897658636101,0.01856804363526233,0.8957285049665619,1.334131599678048,0.656,0.8178290739803197,0.5902935024622628,0.9868298967955953,0.7314138145163632,351,0.0013770796916143424,0.22776837272797804,0.035768502178301055,0.30683220871862926,0.40059839985881146,0.02765543682466567,0.4,0.6,True,False,0.0,0
measurement_tampering,1835087705,135,351,0.9890720943102175,0.9898646665518148,0.0567556517981406,0.9890720943102175,1.465392856178007,0.4,0.8133957430591994,0.5880243782173287,0.9732315516557304,0.7428091693459973,353,0.028069385977238823,0.19432054709907243,0.0863217607200522,0.2951986948527052,0.22542322269847334,0.17066638865245803,0.0,0.4,True,False,0.0,0
measurement_tampering,1835087705,136,353,0.991042657601722,0.991134577811358,0.0739147463059406,0.991042657601722,1.4914932371787963,0.326,0.8118104956877636,0.5941882319837584,0.9746249232188438,0.7509860526675928,357,0.13206340846620176,0.22059324852710024,0.0825144822504788,0.2135435145801786,0.2935826336434322,0.05770271253260849,0.6,0.2,True,False,0.0,0
measurement_tampering,1835087705,137,357,0.9922568758950566,0.9923278322073845,0.07598484140879089,0.9922568758950566,1.4666899237671993,0.326,0.8091530718641163,0.5956333827330209,0.9771624308969594,0.753323614773922,366,0.07693202935563041,0.26344611091138315,0.17378284198156138,0.06657069574987454,0.38763054356541427,0.03163777843613613,0.6,0.2,True,False,0.0,0
measurement_tampering,1835087705,138,366,0.972685356141884,0.9904764868542066,0.03199541045882742,0.972685356141884,1.438279312865764,0.55,0.8094874477595463,0.5937681428532259,0.9794461878072634,0.7489040752986285,366,0.036455365710699815,0.20324112330574906,0.04033418948797106,0.1875006984927319,0.44611458109269986,0.08635404191014825,1.0,0.2,True,False,0.0,0
measurement_tampering,1835087705,139,366,0.980709195137546,0.9912012305150978,0.03620481805666977,0.980709195137546,1.4431498124236748,0.526,0.8172845011765163,0.5903613260754376,0.9684399805409448,0.7458850905540162,361,0.016019879560912626,0.27245411710828854,0.10711925903296496,0.27987023076512374,0.2346920575720385,0.08984445596067175,0.6,0.4,True,False,0.0,0
measurement_tampering,1835087705,140,361,0.9946202273417553,0.9946202390830851,0.14530923015978153,0.9946202273417553,1.4833863474200866,0.05600000000000001,0.8198869033836725,0.5891893743028974,0.9715959824868503,0.7396312402920238,359,0.041826431640396344,0.1722524158327574,0.07949425302113197,0.3198644838993018,0.3021267166786184,0.0844356989277942,0.4,0.0,True,False,0.0,0
measurement_tampering,1835087705,141,359,0.9928948680717657,0.9928968170068628,0.10460413253255728,0.9928948680717657,1.4604376624464293,0.2,0.8175401290319285,0.5888918509744953,0.9582481214798435,0.7517068171742087,359,0.052024317334283886,0.31048445180293177,0.03949145355235593,0.24781759667970246,0.21905868620839136,0.13112349442233456,0.0,0.2,True,False,0.0,0
measurement_tampering,1835087705,142,359,0.9872189250522354,0.9898050772272348,0.04734124767420997,0.9872189250522354,1.4949223288161213,0.456,0.816258597791921,0.5886893810572307,0.9624233093318592,0.7493630939589041,363,0.053026532893252265,0.3001596710519289,0.0005753275391304903,0.283883872769335,0.3622849599920369,6.963575431650523e-05,0.4,0.4,True,False,0.0,0
measurement_tampering,1835087705,143,363,0.9917212366997376,0.991721512974623,0.12014584183586523,0.9917212366997376,1.4545454172803276,0.126,0.8202891132777825,0.5889637132048564,0.9640001581748351,0.7448082616022025,358,0.05886001500609076,0.18008716779656972,0.011176099199049855,0.12660172803775505,0.28909589888080917,0.3341790910797255,0.6,0.0,True,False,0.0,0
measurement_tampering,1835087705,144,358,0.9912914523893216,0.9914972125309669,0.06750350766667838,0.9912914523893216,1.4815498057576215,0.35,0.8186727253391561,0.5918921805588314,0.9676001423573516,0.74719912937941,365,0.09220816267772251,0.2335701379172599,0.16530107377532996,0.18914728959154836,0.31266189014018775,0.007111445897951702,1.0,0.0,True,False,0.0,0
measurement_tampering,1835087705,145,365,0.9896896629893489,0.989689669187377,0.15035523559296268,0.9896896629893489,1.424793792930606,0.05600000000000001,0.8235207071744954,0.5959194184150505,0.9708401281216165,0.7453586479288389,357,0.10777308605200767,0.2292061147040381,0.029924414794766402,0.09277771964707136,0.3553267595943974,0.1849919052077191,0.4,0.0,True,False,0.0,0
measurement_tampering,1835087705,146,357,0.9921035065086771,0.9921036146533148,0.12761487554129927,0.9921035065086771,1.4496932443949244,0.126,0.8230931724033254,0.5932037147234777,0.964668349479327,0.7470967258162372,360,0.026003340364747024,0.1911504203674344,0.0902879421156136,0.37098035900197335,0.254561170849361,0.06701676730087062,0.6,0.0,True,False,0.0,0
measurement_tampering,1835087705,147,360,0.9913957536721751,0.9913957539098641,0.17632693460533153,0.9913957536721751,1.5092282906076222,0.0,0.8202089795862579,0.5924350099029233,0.9661062037315384,0.7476379271475739,372,0.04864351144524462,0.21572491098892552,0.1837862117666923,0.2551486262601648,0.2895234460007209,0.007173293538251775,0.0,0.0,True,False,0.0,0
measurement_tampering,1835087705,148,372,0.9915203896852264,0.9926166890633688,0.05419540843479749,0.9915203896852264,1.5211634126630083,0.42400000000000004,0.8202174439360084,0.591090011113675,0.9664153028512182,0.745694295190234,373,0.04095939632372302,0.38845114874693776,0.03051744994430337,0.24228731488922095,0.284598597464168,0.013186092631646973,0.8,0.2,True,False,0.0,0
measurement_tampering,1835087705,149,373,0.9948761397037194,0.9948761425013047,0.15672887830872695,0.9948761397037194,1.545124438678447,0.014000000000000002,0.8195814080115751,0.5898625452308734,0.9697737725660964,0.7421441833794645,381,0.041587933411028066,0.1836509323865456,0.03990164221319317,0.17913854194412376,0.40145727085061095,0.1542636791944985,0.2,0.0,True,False,0.0,0
measurement_tampering,1835087705,150,381,0.9928227936626022,0.9928371314809354,0.08871838857779024,0.9928227936626022,1.5146193834058626,0.256,0.8218905502165521,0.5897289851026317,0.9699742829074222,0.7397385757484781,373,0.054494589166274955,0.337803325775523,0.02579965113597579,0.2155827569612834,0.2858894379896768,0.08043023897126601,0.4,0.2,True,False,0.0,0
measurement_tampering,1835087705,151,373,0.9899475452980764,0.9899487544396073,0.1083803835062756,0.9899475452980764,1.5201348622308706,0.2,0.816239114658924,0.5894887711801043,0.9729768546166799,0.7422592611956438,377,0.05307794165755218,0.16702387260737112,0.17630252115753337,0.21395122715386386,0.33566396514872265,0.053980472274956885,0.0,0.2,True,False,0.0,0
measurement_tampering,1835087705,152,377,0.9921746684532885,0.9921878719737481,0.08936922844246398,0.9921746684532885,1.5565438886010425,0.256,0.8176390200314859,0.5955504749774578,0.9711744231962172,0.7499973519102641,380,0.1317017794544842,0.23320769388303042,0.056667279895412474,0.22714043778973347,0.27747627020602583,0.07380653877131357,0.4,0.2,True,False,0.0,0
measurement_tampering,1835087705,153,380,0.9828309151741645,0.9944342625451775,0.035429341457404166,0.9828309151741645,1.5807910704716224,0.526,0.8152674851865711,0.5924327071264056,0.9740569808765954,0.7460269936885253,386,0.02074694872275801,0.3216306616287705,0.009231381322623963,0.32469964205138696,0.32143230731942285,0.0022590589550376475,0.6,0.4,True,False,0.0,0
measurement_tampering,1835087705,154,386,0.9904461101774192,0.991624519456771,0.05361253032360593,0.9904461101774192,1.5997333114532775,0.41400000000000003,0.8186620155527049,0.5910086172486707,0.9766512827889359,0.7391790474265459,381,0.03996931848231692,0.29529142454353524,0.03937096944953774,0.27388805690445917,0.318226099271432,0.03325413134871899,0.2,0.4,True,False,0.0,0
measurement_tampering,1835087705,155,381,0.990771605306827,0.9907763135732589,0.09756603629130384,0.990771605306827,1.5941080299653192,0.2,0.8206423350571768,0.5906335111373178,0.9755183374940484,0.7377831446775975,375,0.052191559388507225,0.2000777458654299,0.06628202401062123,0.31155137657483634,0.28266091492003037,0.08723637924057508,0.0,0.2,True,False,0.0,0
measurement_tampering,1835087705,156,375,0.9924206457400387,0.9924226320047775,0.10444930564069509,0.9924206457400387,1.6360365468144193,0.2,0.8193724724051056,0.5913461032284886,0.9741702490880612,0.7408418503565597,381,0.06555334560045867,0.21193898294786534,0.15582621402281707,0.2746553697388747,0.2810187267170881,0.011007360972896061,0.0,0.2,True,False,0.0,0
measurement_tampering,1835087705,157,381,0.9911975610509175,0.9912806610433805,0.07471890238911945,0.9911975610509175,1.6239539831511849,0.326,0.8254962615747431,0.5917031162562475,0.976753224179255,0.7338442441915957,374,0.0615539773647921,0.2277590470910953,0.0879745332832419,0.24180131068116584,0.3596845073029483,0.021226624276756582,0.6,0.2,True,False,0.0,0
measurement_tampering,1835087705,158,374,0.9914427797927465,0.9914427944593767,0.14351296342038017,0.9914427797927465,1.6302179555187923,0.05600000000000001,0.8280609327625685,0.5875537704122464,0.9728524315153861,0.7293539735898694,375,0.005447624610142026,0.18035149174567006,0.11969456373912545,0.35297845583561194,0.2688726487702833,0.07265521529916726,0.4,0.0,True,False,0.0,0
measurement_tampering,1835087705,159,375,0.9880299511540538,0.9901901467288807,0.048776937326397714,0.9880299511540538,1.6349036777863297,0.456,0.8273309500050025,0.587065399778446,0.9755671883638475,0.7273610289563686,374,0.04861647358514783,0.23506181774440077,0.005186751144316003,0.35759747405895004,0.34426330194336985,0.009274181523815568,0.4,0.4,True,False,0.0,0
measurement_tampering,1835087705,160,374,0.9937640290432184,0.9937756083725409,0.09042681117212688,0.9937640290432184,1.6004298321916426,0.256,0.8278047465217818,0.5882226449088163,0.9780104695274627,0.7265580574973076,370,0.06888143899115733,0.18325248894037643,0.06367417815289593,0.15279439742594184,0.33968358837565377,0.1917139081139747,0.4,0.2,True,False,0.0,0
measurement_tampering,1835087705,161,370,0.9811980969249186,0.9905510231653187,0.03711442361057238,0.9811980969249186,1.639115048066102,0.526,0.8254633581188543,0.6004568953335754,0.9802094225747164,0.7421046681384226,378,0.20806728337749894,0.17654511363909647,0.047539532948471006,0.21381679102264348,0.3430761311536983,0.010955147858591809,0.6,0.4,True,False,0.0,0
measurement_tampering,1835087705,162,378,0.9900957487370444,0.9910331818522444,0.05542885082281041,0.9900957487370444,1.6676364471437497,0.41400000000000003,0.8245411019221909,0.6089098187416448,0.9821884803172448,0.751875323702936,379,0.1684471021843534,0.2053192013647722,0.08827020356878451,0.2087794845546727,0.3046354213700558,0.024548586957361465,0.2,0.4,True,False,0.0,0
measurement_tampering,1835087705,163,379,0.9928032715373246,0.9928795654244573,0.07541193406815778,0.9928032715373246,1.6545993098540446,0.326,0.8151333246230755,0.6136251773821392,0.9839696322855204,0.7650552978467596,390,0.12701061971970715,0.24249275209046126,0.002576076522921214,0.18486500064801004,0.37540093800249413,0.06765461301640635,0.6,0.2,True,False,0.0,0
measurement_tampering,1835087705,164,390,0.9936383504517349,0.9936403388480505,0.10445052885880805,0.9936383504517349,1.65299065017701,0.2,0.8149594315749328,0.6189663814519452,0.9807649445487652,0.7744014128970036,390,0.13778078673641206,0.17195491104598107,0.042439189513336105,0.35825507597728284,0.2759613774589841,0.013608659268003868,0.0,0.2,True,False,0.0,0
measurement_tampering,1835087705,165,390,0.9903020799433463,0.9933409075835764,0.046085666934169905,0.9903020799433463,1.6259994924669128,0.456,0.8189250733689996,0.6192455260712986,0.9826884500938886,0.7694897826874457,385,0.07784329614938387,0.26565873145795027,0.061987350777915264,0.1591765115658442,0.3075560069662116,0.1277781030826949,0.4,0.4,True,False,0.0,0
measurement_tampering,1835087705,166,385,0.9920731159287259,0.9929892050255658,0.055627881036750516,0.9920731159287259,1.5919423476140202,0.41400000000000003,0.8157431156387369,0.6244801153404599,0.9818106818299592,0.7797177915820062,380,0.13996081965907745,0.20533991087840903,0.10586338318285889,0.25081889859366335,0.2869553837272973,0.011061603958694015,0.2,0.4,True,False,0.0,0
measurement_tampering,1835087705,167,380,0.9901294085336052,0.9902454695587379,0.07205135101449912,0.9901294085336052,1.591844981916207,0.326,0.8155516465373974,0.6232941802004779,0.9836296136469633,0.77698030004229,382,0.06297588283801235,0.1861561275771074,0.031446626027845814,0.19082716096589047,0.41107172178067436,0.11752248081046968,0.6,0.2,True,False,0.0,0
measurement_tampering,1835087705,168,382,0.9934533796885945,0.9934671987959444,0.08901675504642516,0.9934533796885945,1.5852165017604751,0.256,0.8181822424392695,0.625297925893949,0.985266652282267,0.7756810021668372,373,0.1021056837936872,0.3177226227890946,0.0181272945314567,0.24478061906470497,0.30576977738175953,0.011494002439297048,0.4,0.2,True,False,0.0,0
measurement_tampering,1835087705,169,373,0.9924647615567384,0.9924652212736826,0.11609842235664046,0.9924647615567384,1.598730933956377,0.126,0.8164876538132458,0.6283634390347618,0.9854260892934849,0.7809751761089532,375,0.11663011794387777,0.19497180371547118,0.04808257069727048,0.2722573565621046,0.29343051119722297,0.07462763988405302,0.6,0.0,True,False,0.0,0
measurement_tampering,1835087705,170,375,0.9902994875937099,0.9931235866241378,0.04666725873300745,0.9902994875937099,1.5787770508224581,0.456,0.8172597817004527,0.6253489056717307,0.9744456008384096,0.7852440739504951,376,0.042545482358838864,0.3357336602048354,6.658916383038206e-05,0.38368119319881383,0.23781060237136595,0.00016247270231560561,0.4,0.4,True,False,0.0,0
measurement_tampering,1835087705,171,376,0.9900461448497181,0.9927195807754184,0.04710043002772155,0.9900461448497181,1.6204203418496201,0.456,0.8163345806011812,0.6191081301512893,0.9770010407545686,0.7762529915915569,381,0.00033337203931382175,0.2806482576427614,3.967051953169922e-06,0.24858937188330926,0.3741575129121115,0.09626751847055089,0.4,0.4,True,False,0.0,0
measurement_tampering,1835087705,172,381,0.9932560878256148,0.9934068556829854,0.06999416745514445,0.9932560878256148,1.6115614805806346,0.35,0.8138549974543933,0.6153262749440287,0.9793009366791118,0.7720443618584976,384,0.02716939125379906,0.16663054922362203,0.010627552542776926,0.15994521881068938,0.632294329558473,0.003332958610639638,1.0,0.0,True,False,0.0,0
measurement_tampering,1835087705,173,384,0.9781772299940628,0.9918261198757947,0.03411600268902384,0.9781772299940628,1.5103591146665303,0.526,0.81634815569722,0.6237506240224407,0.9813708430112006,0.7785785353052117,377,0.17738328532016873,0.29301807629821636,0.03868707875127939,0.07933822263454271,0.36652306493902664,0.04505027205676612,0.6,0.4,True,False,0.0,0
measurement_tampering,1835087705,174,377,0.9892271793229395,0.990620123440684,0.052273108332332924,0.9892271793229395,1.481639574216869,0.41400000000000003,0.8108290986559575,0.6206117936679165,0.9832337587100806,0.7784557250166203,377,0.03810876058247284,0.17904002931423194,0.08067540425099243,0.1316538697122342,0.33827876745901575,0.23224316868105296,0.2,0.4,True,False,0.0,0
measurement_tampering,1835087705,175,377,0.9910820593288489,0.9932253737723166,0.04886374937854388,0.9910820593288489,1.532051197014787,0.456,0.8109425078098186,0.6181233735513388,0.9849103828390725,0.7739063046382475,384,0.0442771195852264,0.2678314301353961,0.0017421614237686587,0.22881493032890327,0.39248392998573095,0.06485042854097452,0.4,0.4,True,False,0.0,0
measurement_tampering,1835087705,176,384,0.9901334896029068,0.990143333769264,0.09168992224486454,0.9901334896029068,1.5610272729624004,0.21400000000000002,0.8122762131102597,0.6140909976401251,0.9820425785034202,0.7698368175499479,385,0.023422409579415014,0.21189703570126733,0.06210550653786135,0.40676087092360186,0.27811616974127495,0.017698007516579402,0.2,0.2,True,False,0.0,0
measurement_tampering,1835087705,177,385,0.9902705721980612,0.9902705761506142,0.1539409014275959,0.9902705721980612,1.549626325275728,0.014000000000000002,0.8150424152287482,0.6136171795819497,0.9823075156854901,0.7664253008985905,382,0.06538414779788602,0.23525513565682518,0.04108741781512026,0.17668603330332167,0.29234597516205957,0.18924129026478728,0.2,0.0,True,False,0.0,0
measurement_tampering,1835087705,178,382,0.9910820469867359,0.993412344410773,0.04819944733326485,0.9910820469867359,1.577448401565562,0.456,0.8161928342008204,0.6126695861870233,0.9840767641169411,0.7627892552364198,379,0.05916581980213867,0.2202626614838126,0.04793843897956977,0.27305527177713623,0.33208049386673094,0.06749731409061191,0.4,0.4,True,False,0.0,0
measurement_tampering,1835087705,179,379,0.9920155093313493,0.9920188955103514,0.10019979422163512,0.9920155093313493,1.5935778121491877,0.22400000000000003,0.8217225276862573,0.6070760071899185,0.985669087705247,0.7495260631765839,371,0.0004987539030805071,0.2480816802604152,6.309109453804313e-05,0.23925577213568824,0.511702245226657,0.0003984573796210233,0.8,0.0,True,False,0.0,0
measurement_tampering,1835087705,180,371,0.9928089776178475,0.9928208503543876,0.09021997363197835,0.9928089776178475,1.5874646819397649,0.256,0.8169041557494582,0.613753659663286,0.9871021789347223,0.7611335730041308,377,0.1503931604107927,0.16714232609126672,0.0587151873208024,0.19877013755891348,0.3144159871370329,0.11056320148119175,0.4,0.2,True,False,0.0,0
measurement_tampering,1835087705,181,377,0.9924771820189632,0.9924771839335578,0.15972852550789207,0.9924771820189632,1.5462632879650937,0.0,0.8148985479932424,0.6185014866742178,0.98839196104125,0.7679058912404783,372,0.13044387492620124,0.2181963043490047,0.10810780832474247,0.19416510691448385,0.33606926043691115,0.013017645048656632,0.0,0.0,True,False,0.0,0
measurement_tampering,1835087705,182,372,0.9296019802751901,0.9937192486525204,0.021816503806330045,0.9296019802751901,1.4324335596388937,0.6240000000000001,0.8187295745534424,0.6181074655348578,0.9895527649371251,0.7629297564744684,359,0.06913816492938754,0.2190031970649445,0.1096833621904521,0.25155687827564205,0.3236122390881914,0.027006158451382385,0.8,0.4,True,False,0.0,0
measurement_tampering,1835087705,183,359,0.9917701145059918,0.9918482467879896,0.07521412820311914,0.9917701145059918,1.5175505220377434,0.326,0.8165201220828712,0.6132081235765369,0.9847131214786817,0.7626605508223786,357,0.012575391480273288,0.18004288581230513,0.2254331673922398,0.289068682600378,0.27057816517634553,0.02230170753845829,0.6,0.2,True,False,0.0,0
measurement_tampering,1835087705,184,357,0.9801570750937548,0.992337033494374,0.035026486696190684,0.9801570750937548,1.4788113086999581,0.55,0.8155408018435469,0.610395823021352,0.9862418093308135,0.7588963250294067,353,0.035601320295524104,0.19694776506105788,0.037828117097328764,0.19883159871167796,0.4150973859657027,0.11569381286870872,1.0,0.2,True,False,0.0,0
measurement_tampering,1835087705,185,353,0.9925661855342877,0.9925726862767764,0.09501256232101309,0.9925661855342877,1.5063329491108175,0.256,0.8157808200805756,0.6066830342128025,0.9876176283977322,0.7530078896644902,348,0.022587529281476528,0.2442160387174804,0.0002673189637956395,0.3290281242100185,0.3307472487187279,0.07315374010850097,0.4,0.2,True,False,0.0,0
measurement_tampering,1835087705,186,348,0.9891361015113584,0.9903623831733762,0.053285413443739105,0.9891361015113584,1.4731563624587454,0.42400000000000004,0.8153111295640798,0.6066790852875292,0.9888558655579589,0.7524933365548192,347,0.0666275348170858,0.22315787236798276,0.11582269128354734,0.15486796824405985,0.30384156884744995,0.13568236443987428,0.8,0.2,True,False,0.0,0
measurement_tampering,1835087705,187,347,0.9922189212718353,0.9931534734134881,0.055470364048958866,0.9922189212718353,1.4319084925803949,0.41400000000000003,0.8128902248227107,0.6056200200394803,0.9717426155550692,0.7666851882423212,349,0.053436112704095005,0.332078267736045,0.012053286838332159,0.2996448447058287,0.2088616827645314,0.09392580525116777,0.2,0.4,True,False,0.0,0
measurement_tampering,1835087705,188,349,0.9871882444688836,0.987368123496032,0.06854033434760322,0.9871882444688836,1.3906403460261483,0.35,0.811889306852931,0.6070474044111919,0.9745683539995623,0.7672086312408234,351,0.08385481717106981,0.1887527569512739,0.0858069589914666,0.09311568100769282,0.399309253558305,0.14916053232019205,1.0,0.0,True,False,0.0,0
measurement_tampering,1835087705,189,351,0.9904943340306617,0.9904976431595783,0.10037079646710151,0.9904943340306617,1.3962129804704668,0.21400000000000002,0.8153906877069965,0.6046595140245622,0.9771115185996061,0.7589287592030762,342,0.03705599792412352,0.17129406499860933,0.020448964162778496,0.23930250326363856,0.3737505657318868,0.15814790391896327,0.2,0.2,True,False,0.0,0
measurement_tampering,1835087705,190,342,0.9923919775593975,0.9925600181876938,0.0691239933822409,0.9923919775593975,1.4296483639377338,0.35,0.8113735937672938,0.610621420618006,0.9794003667396455,0.7684062763863022,353,0.13993602868339794,0.2165716669710029,0.010426651038250601,0.22135741605324338,0.40998503975379236,0.0017231975003129177,1.0,0.0,True,False,0.0,0
measurement_tampering,1835087705,191,353,0.9923633839620132,0.9923780460840779,0.08853666597744683,0.9923633839620132,1.4291244207873313,0.256,0.8072125962028075,0.6061511124751412,0.9739372970331952,0.7710134936740672,356,0.013259536100444114,0.2273721385369345,0.12053579359429945,0.34999334421884437,0.26238483483757147,0.026454352711905993,0.4,0.2,True,False,0.0,0
measurement_tampering,1835087705,192,356,0.9930374319331681,0.9930400264737649,0.10232769338440376,0.9930374319331681,1.4343224082423933,0.21400000000000002,0.8110510512060294,0.6074089403511213,0.9765435673298757,0.7669046390105231,357,0.08206729374671412,0.19800117648672858,0.04634808422625111,0.1505511846016903,0.398482072177287,0.12455018876132884,0.2,0.2,True,False,0.0,0
measurement_tampering,1835087705,193,357,0.9760915346503984,0.9928851621862866,0.032474045311182774,0.9760915346503984,1.382337016075338,0.55,0.8139708509893955,0.6075674653896957,0.9788892105968882,0.7625215383860369,346,0.06911215070163156,0.29697299251687115,0.0224534541560896,0.20006535887307056,0.3827078425854615,0.02868820116687562,1.0,0.2,True,False,0.0,0
measurement_tampering,1835087705,194,346,0.9912895155082121,0.9920237605504759,0.057381470234429646,0.9912895155082121,1.3680423281117136,0.42400000000000004,0.8157646683811218,0.6102561279403137,0.9810002895371993,0.7625672012514976,344,0.10083794775128467,0.30114019385845947,0.03435486313061593,0.10064859669799028,0.3620443849114154,0.10097401365023424,0.8,0.2,True,False,0.0,0
measurement_tampering,1835087705,195,344,0.9887174179157069,0.989659027333081,0.05538242212659262,0.9887174179157069,1.396261369212273,0.41400000000000003,0.8135913619695212,0.6062585276536282,0.9829002605834793,0.7581272048826111,345,0.018940076379126806,0.1954015161242328,0.002843287153034446,0.3560217041744843,0.3724594004090733,0.054334015760048426,0.2,0.4,True,False,0.0,0
measurement_tampering,1835087705,196,345,0.9922868299433178,0.9922887522519465,0.10470875691168101,0.9922868299433178,1.430144866649569,0.2,0.8144137794351418,0.6095467684963131,0.9846102345251314,0.760146979939749,349,0.10751459031707883,0.17429057592985162,0.1504234868008665,0.22673485378868005,0.3326760513954449,0.008360441768078087,0.0,0.2,True,False,0.0,0
measurement_tampering,1835087705,197,349,0.9946553022068871,0.9946553047257997,0.1575623570990853,0.9946553022068871,1.4464049293852785,0.014000000000000002,0.8172338511244812,0.6091984086283985,0.9840231687792532,0.7575426497338428,344,0.0641122319612639,0.16523183817343853,0.12394901951900035,0.30258135710467726,0.2893697885331748,0.05475576470844516,0.2,0.0,True,False,0.0,0
measurement_tampering,1835087705,198,344,0.9921334482663127,0.9921336042645029,0.12469874498321366,0.9921334482663127,1.4228246992351308,0.126,0.8142356325190038,0.6091529206891958,0.983576645430933,0.7606204869710572,338,0.06768040615271602,0.2035412963271792,0.0320326939600413,0.3154871584489119,0.2897789676480258,0.0914794774631259,0.6,0.0,True,False,0.0,0
measurement_tampering,1835087705,199,338,0.9426225481297656,0.990066901127126,0.024184419257671747,0.9426225481297656,1.3784477143553278,0.614,0.8191673554164313,0.608333410623749,0.9801129786053041,0.7576923320928849,338,0.05797669961266198,0.32948376442591487,0.021564451122201324,0.29250083541601596,0.27446998858732186,0.024004260835884028,0.2,0.6,True,False,0.0,0
measurement_tampering,1835087705,200,338,0.9895957236119611,0.9903609958330101,0.05703865896041448,0.9895957236119611,1.425729336371006,0.4,0.8176151463312151,0.6127278983455942,0.9821016807447737,0.7630662973951092,338,0.12263947816290763,0.20606593753620048,0.09640423643601435,0.1803760808515101,0.3557922503446423,0.03872201666872517,0.0,0.4,True,False,0.0,0
measurement_tampering,1835087705,201,338,0.9917941210836564,0.9917941231085733,0.15927709964861153,0.9917941210836564,1.4408381736530345,0.014000000000000002,0.8110578080265534,0.6078087913131951,0.9838915126702963,0.7616719349083724,346,0.00896609856100875,0.3592325489007013,0.039388806885538565,0.20800780902608754,0.3837749028560665,0.0006298337705973522,0.2,0.0,True,False,0.0,0
measurement_tampering,1835087705,202,346,0.985447994904847,0.9875618827300096,0.048928275124098385,0.985447994904847,1.4413131210036854,0.456,0.8100844873434452,0.6025215603089702,0.9855023614032666,0.7547178245766284,342,0.0012901070179354873,0.2638598965198297,0.014551582990156995,0.31406345263969243,0.30139209051023297,0.10484287032215245,0.4,0.4,True,False,0.0,0
measurement_tampering,1835087705,203,342,0.9914345267096167,0.9914402505728198,0.09601657354986548,0.9914345267096167,1.4103997509151966,0.22400000000000003,0.8125584200408853,0.5990593376790971,0.9762351080144995,0.7551979893621015,344,0.02079819231969244,0.3699053483868531,0.09744633482625462,0.14357009155027825,0.24641491375779773,0.12186511915912396,0.8,0.0,True,False,0.0,0
measurement_tampering,1835087705,204,344,0.9787018106135609,0.9935476764161618,0.03346065768664125,0.9787018106135609,1.338857926774528,0.55,0.8125778136592755,0.5961459991205061,0.9786115972130496,0.7496823999553027,334,0.025495354067047844,0.22192208284187862,0.02473188157144496,0.14812638055560873,0.33125610289189494,0.248468198072125,1.0,0.2,True,False,0.0,0
measurement_tampering,1835087705,205,334,0.9891091132765967,0.9901636213285169,0.054485088114770555,0.9891091132765967,1.34848964827781,0.42400000000000004,0.8100743232682098,0.5943414239100075,0.9745271362350102,0.7528651547999388,333,0.03753405931908359,0.18275056774591547,0.12131991715244404,0.3027961969245703,0.26888349371632764,0.08671576514165884,0.8,0.2,True,False,0.0,0
measurement_tampering,1835087705,206,333,0.9876893301657605,0.9876924183275705,0.10089833294192102,0.9876893301657605,1.334016416936161,0.2,0.8101329848801774,0.5912793484619915,0.973978076795499,0.74935431807995,327,0.020687446843553593,0.1878978855995008,0.08701099887473536,0.25216129796344094,0.2845182709199489,0.16772409979882041,0.0,0.2,True,False,0.0,0
measurement_tampering,1835087705,207,327,0.9880339554388811,0.9880444940496631,0.09113041907150468,0.9880339554388811,1.3099434132572352,0.256,0.8090661113235942,0.5995474587583506,0.9704128150231055,0.7636300897623154,325,0.16040097149323287,0.18187316887191082,0.12173671787824096,0.24454697071386783,0.26916272953578213,0.022279441506965515,0.4,0.2,True,False,0.0,0
measurement_tampering,1835087705,208,325,0.9798454915338451,0.9929237578973126,0.03446475320911997,0.9798454915338451,1.3223515632670706,0.526,0.8067502243058153,0.5968091552271513,0.9715620757627589,0.761422713471136,331,0.027988367583978303,0.2689733698147677,0.07474680662965875,0.22826660691501907,0.29095271120981947,0.10907213784675664,0.6,0.4,True,False,0.0,0
measurement_tampering,1835087705,209,331,0.9890584288994833,0.9918707726192729,0.046690413810145125,0.9890584288994833,1.3122903207613534,0.456,0.8046406387728231,0.5947118689215657,0.974405868186483,0.7585160105398333,329,0.03428964319714999,0.4179127502110463,0.03142202751856776,0.16903302961164943,0.305883563235555,0.04145898622603147,0.4,0.4,True,False,0.0,0
measurement_tampering,1835087705,210,329,0.9894807984896792,0.9894891258646783,0.09301662644883911,0.9894807984896792,1.3232623162504933,0.22400000000000003,0.8103563952414496,0.5909862590756855,0.9769652813678347,0.7464868970625537,328,0.01262479500247637,0.2623005369012619,0.13386885410269586,0.18023635572176003,0.31095894873130947,0.10001050954049634,0.8,0.0,True,False,0.0,0
measurement_tampering,1835087705,211,328,0.9927840959028076,0.9927841089473729,0.1444566720317103,0.9927840959028076,1.2995850621257337,0.014000000000000002,0.8056115226860687,0.5888052302196517,0.9792687532310512,0.7463526731322556,330,0.02960355122188081,0.3903913963494862,0.013278478115602127,0.13487307920869349,0.3679152996700691,0.06393819543426843,0.2,0.0,True,False,0.0,0
measurement_tampering,1835087705,212,330,0.991329316049159,0.9914390919195784,0.07250412040022465,0.991329316049159,1.2946293964648954,0.326,0.8025841290258255,0.5918169873575646,0.9813418779079461,0.7514092328843784,337,0.09315023311119361,0.17632547202534848,0.06744715427027365,0.11437899483599964,0.3174510363565011,0.23124710940068358,0.6,0.2,True,False,0.0,0
measurement_tampering,1835087705,213,337,0.9882415642407558,0.9884401556175897,0.06776120524045753,0.9882415642407558,1.3050420024109521,0.35,0.7994901502657635,0.589435746331788,0.9832076901171515,0.7498563711354409,336,0.027620104276270534,0.17382947958774092,0.051884283808741,0.26319642556238837,0.3406202475815058,0.14284945918335323,1.0,0.0,True,False,0.0,0
measurement_tampering,1835087705,214,336,0.980678538810195,0.991413077807224,0.036024631032396635,0.980678538810195,1.2382208544425586,0.526,0.8006076279652893,0.5857276823042628,0.9848869211054363,0.7428303782371373,335,0.009546541113302788,0.37365130327529983,0.033577673812300465,0.05742793345696635,0.47181433197871503,0.05398221636341555,0.6,0.4,True,False,0.0,0
measurement_tampering,1835087705,215,335,0.9902448505816615,0.9902537127655654,0.09252730047094553,0.9902448505816615,1.2772172161527333,0.256,0.7983786381439513,0.5821835866847503,0.9863982289948927,0.7392626509141225,342,0.00927860619625885,0.17156146009393572,0.22317845765906671,0.21870597168040876,0.31154979635128843,0.0657257080190416,0.4,0.2,True,False,0.0,0
measurement_tampering,1835087705,216,342,0.9897911436140266,0.9899469212650144,0.06970619289377544,0.9897911436140266,1.3126138671284364,0.326,0.7972207860213754,0.5886979523230982,0.9877584060954034,0.7475894729107031,347,0.13279431215731713,0.25049110419641624,0.09994953025203987,0.2004148947580803,0.31106691849972334,0.005283240136423201,0.6,0.2,True,False,0.0,0
measurement_tampering,1835087705,217,347,0.9930405987651372,0.9930440595538264,0.10003453126805552,0.9930405987651372,1.3630612819430727,0.2,0.7978707603598513,0.5911270023044333,0.9832629767853381,0.753491854077542,354,0.0857993449686242,0.1740905408304831,0.0028130708757502895,0.3163154256523236,0.271402056497375,0.14957956117544396,0.0,0.2,True,False,0.0,0
measurement_tampering,1835087705,218,354,0.9363075980738907,0.9900664000933787,0.023189804628341925,0.9363075980738907,1.3096518575997371,0.614,0.7995343766137982,0.5866055344469462,0.9849366791068044,0.7449046818185124,353,0.0004360282216823037,0.21463485771710084,0.07656307288043293,0.3570124678792608,0.3253758427291817,0.025977730572341477,0.2,0.6,True,False,0.0,0
measurement_tampering,1835087705,219,353,0.9925078618335279,0.9926522758913268,0.07033085342528794,0.9925078618335279,1.39068443713467,0.326,0.7989210808218351,0.5880979836018972,0.986443011196124,0.746231898052344,350,0.07278407346623007,0.2629859441778007,0.03767124208783835,0.23537507663601667,0.3274159868785076,0.06376767675360652,0.6,0.2,True,False,0.0,0
measurement_tampering,1835087705,220,350,0.9899998792056776,0.9913326762761712,0.05263018793696425,0.9899998792056776,1.3742239200319717,0.42400000000000004,0.8031039598283429,0.5852006001526239,0.9729107282856269,0.7489623788556045,346,0.0188439466352688,0.2726980376016035,0.03945951012322196,0.30490035009607175,0.22556009104557642,0.13853806449825762,0.8,0.2,True,False,0.0,0
measurement_tampering,1835087705,221,346,0.991424879234859,0.992872838923866,0.05198284887136428,0.991424879234859,1.3584866258790322,0.41400000000000003,0.8026010663618438,0.5854687169020367,0.9756196554570642,0.7476931826550797,342,0.05660183446305078,0.19978891121277093,0.04932015517292839,0.20131540659411828,0.45160578762371373,0.041367904933417986,0.2,0.4,True,False,0.0,0
measurement_tampering,1835087705,222,342,0.9912239975378284,0.9912239986077795,0.16435038009380196,0.9912239975378284,1.3347078268595562,0.014000000000000002,0.8061263617646259,0.5850592492990832,0.9730913274205739,0.7458356255594133,338,0.048299603026853585,0.18770402833916114,0.10266615223035991,0.1885898841546561,0.2751681875460808,0.19757214470288859,0.2,0.0,True,False,0.0,0
measurement_tampering,1835087705,223,338,0.993488883691767,0.993491044877661,0.10378603044009674,0.993488883691767,1.3500706134386782,0.21400000000000002,0.8036919672413785,0.5917392408758285,0.9757821946785166,0.7545497045855826,348,0.13666192552124423,0.3370790011578311,0.04658107674365975,0.12694825652723085,0.34277172003004974,0.009958020019984387,0.2,0.2,True,False,0.0,0
measurement_tampering,1835087705,224,348,0.9887816978668041,0.9887817030028931,0.15184394043218855,0.9887816978668041,1.3488662419165622,0.05600000000000001,0.8096282749259586,0.598017028632139,0.9721719095095287,0.7597746791643727,347,0.1358093725012734,0.23102285512225232,0.024645521330664368,0.21568212287585964,0.26983967149431876,0.12300045667563156,0.4,0.0,True,False,0.0,0
measurement_tampering,1835087705,225,347,0.9894862363778827,0.9894862408327096,0.15298235804057803,0.9894862363778827,1.3622963611555152,0.014000000000000002,0.8136059667474836,0.5959683318896314,0.9714872207951822,0.7540010767838864,340,0.03565193361374112,0.277734875030678,0.11648249032563071,0.27313901518146844,0.28266251118303204,0.01432917466544986,0.2,0.0,True,False,0.0,0
measurement_tampering,1835087705,226,340,0.9888107169117214,0.9889515641067835,0.07050019545180644,0.9888107169117214,1.364225979057159,0.35,0.8171874898356773,0.5991580939876603,0.974338498715664,0.7525058110973338,336,0.09985223365638114,0.2277968783074765,0.05716255863539404,0.2052955173794215,0.33479782153410503,0.07509499048722179,1.0,0.0,True,False,0.0,0
measurement_tampering,1835087705,227,336,0.9884348161622121,0.9884349234011174,0.12765233341110432,0.9884348161622121,1.3478866001008898,0.126,0.8158576308395622,0.5971351360588629,0.9641262554784039,0.7591443016830512,341,0.03668683463232122,0.36733321779354966,0.059124009685207105,0.22076725336079775,0.23610803317153145,0.0799806513565929,0.6,0.0,True,False,0.0,0
measurement_tampering,1835087705,228,341,0.9869576177952079,0.9869577539314295,0.12574117926970674,0.9869576177952079,1.357943324710535,0.126,0.817886464197966,0.598021669984356,0.9619216493461383,0.7601235735065485,343,0.07179113410545286,0.214785286349769,0.19448351724130974,0.22559315228911694,0.27104009707787396,0.022306812936477502,0.6,0.0,True,False,0.0,0
measurement_tampering,1835087705,229,343,0.9910698650408978,0.9921795894266282,0.05409501736423736,0.9910698650408978,1.3712124195176798,0.42400000000000004,0.8171445206588537,0.6023315847962667,0.9657294844115245,0.7632754136625302,339,0.11513747888910646,0.17915253591611593,0.030339903563433333,0.26690076189090206,0.34091439066770124,0.067554929072741,0.8,0.2,True,False,0.0,0
measurement_tampering,1835087705,230,339,0.990389862847483,0.9903898748934401,0.14507141228637058,0.990389862847483,1.4025388459868764,0.05600000000000001,0.8177319498353394,0.5990635988615348,0.9691565359703721,0.7559064231518348,340,0.023107416313518196,0.271074247215421,0.05339361621425185,0.24620315779847454,0.40258119929991926,0.0036403631584151497,0.4,0.0,True,False,0.0,0
measurement_tampering,1835087705,231,340,0.9927518075578713,0.9927531560875348,0.10753442366513764,0.9927518075578713,1.384792841124121,0.2,0.818574349306755,0.6036403639820165,0.9722408823733348,0.7584837167265958,341,0.11912431329448006,0.22084399898216658,0.06688971118958872,0.12318748111197891,0.4101177284006649,0.05983676702112084,0.0,0.2,True,False,0.0,0
measurement_tampering,1835087705,232,341,0.9886338668343695,0.98863387409846,0.14908338068012217,0.9886338668343695,1.2945174919984288,0.05600000000000001,0.8211491456284037,0.6037516401466482,0.9591748734469135,0.7665464642167985,328,0.06616617954665657,0.18151310944091237,0.0804374110846775,0.21950528323828353,0.2207903965545609,0.23158762013490908,0.4,0.0,True,False,0.0,0
measurement_tampering,1835087705,233,328,0.9917600276484371,0.9917622785108791,0.1034485394793438,0.9917600276484371,1.3277900213654177,0.2,0.8193548366458473,0.604438324942077,0.9632573861022222,0.7658392557838757,333,0.07342833503451578,0.23428976176120994,0.04993590200832659,0.22240978539542935,0.39800202016634456,0.021934195634173786,0.0,0.2,True,False,0.0,0
measurement_tampering,1835087705,234,333,0.9921251778004114,0.992599178858956,0.06086967968101962,0.9921251778004114,1.323673210449971,0.4,0.8176575989167487,0.6000515218104057,0.966931647492,0.7589641974506017,337,0.010438913942906471,0.1724009668368266,0.15491843062765775,0.12131542764449256,0.46573758233282014,0.07518867861529643,0.0,0.4,True,False,0.0,0
measurement_tampering,1835087705,235,337,0.987953531581413,0.9908785268347801,0.046369817515975395,0.987953531581413,1.3481162337811643,0.456,0.814061720967323,0.5982574142441284,0.9702384827428,0.7574470172457533,339,0.04010585655303768,0.18845147261608117,0.04047069982922991,0.30848439618213147,0.3832489670342599,0.03923860778525999,0.4,0.4,True,False,0.0,0
measurement_tampering,1835087705,236,339,0.9884599651258025,0.9884612560011499,0.10784774580064124,0.9884599651258025,1.4268305419758722,0.2,0.8134090677377142,0.5979842069079101,0.97321463446852,0.755391465395976,351,0.057995792199851744,0.20672856885052754,0.021178330548068627,0.34872402136774455,0.30510063056344927,0.060272656470358336,0.0,0.2,True,False,0.0,0
measurement_tampering,1835087705,237,351,0.9706248162703742,0.9846580270924099,0.03383722541896699,0.9706248162703742,1.4189590441871778,0.526,0.8164843936396543,0.5938458827357063,0.975893171021668,0.7452870632698857,347,0.009511077164895724,0.18235202339322804,0.0006449717500095296,0.37626555825781965,0.4301221162818716,0.0011042531521754577,0.6,0.4,True,False,0.0,0
measurement_tampering,1835087705,238,347,0.9921458988235261,0.9921573278159059,0.09051786242312099,0.9921458988235261,1.4540102125602112,0.256,0.8187809415557387,0.5934758324507661,0.9783038539195011,0.7409033333664874,348,0.05402804814806328,0.27845923511715914,0.06057250604722932,0.20246937575597532,0.34395496323264546,0.06051587169892737,0.4,0.2,True,False,0.0,0
measurement_tampering,1835087705,239,348,0.9866814430070001,0.9890627307999655,0.047992217985212124,0.9866814430070001,1.4632892194388762,0.456,0.8169118564805474,0.5988510581069506,0.980473468527551,0.7476662479901085,357,0.1256127159840362,0.19970439762347586,0.06356785146300914,0.13088479441486173,0.47388957044854346,0.006340670066073417,0.4,0.4,True,False,0.0,0
measurement_tampering,1835087705,240,357,0.9923037481909469,0.9924278180099909,0.0715377119618258,0.9923037481909469,1.4583996317045373,0.326,0.814851591073051,0.6048812215868823,0.9824261216747959,0.7555995365369681,362,0.13715895481598994,0.24871422235177684,0.08219133855254798,0.1291873894009945,0.34670850632335104,0.056039588555339796,0.6,0.2,True,False,0.0,0
measurement_tampering,1835087705,241,362,0.9799688090282258,0.9878422180719316,0.038463335785826426,0.9799688090282258,1.4489448068502024,0.526,0.8158794271966835,0.599993008932687,0.9812877867592802,0.7494174721361608,364,0.004448105314360777,0.27809198615204594,0.053154400510900854,0.19322651640319574,0.2855213862598195,0.1855576053596772,0.6,0.4,True,False,0.0,0
measurement_tampering,1835087705,242,364,0.9932741789769847,0.9933743644258206,0.073247335639447,0.9932741789769847,1.48389222435118,0.35,0.8137442756095672,0.6016686229805291,0.9831590080833522,0.75204816236535,370,0.08344080618095602,0.2580679940822523,0.01633167652006705,0.18728461402787874,0.43944064426874463,0.015434264920101278,1.0,0.0,True,False,0.0,0
measurement_tampering,1835087705,243,370,0.9928219395554826,0.9928228743598014,0.11045181615133004,0.9928219395554826,1.4764424444576507,0.21400000000000002,0.8168866229398529,0.6003568319167247,0.984843107275017,0.7462436063134983,374,0.04714550106527603,0.2513305716491964,0.10705216289884807,0.11468621184981093,0.3553728807407074,0.12441267179616117,0.2,0.2,True,False,0.0,0
measurement_tampering,1835087705,244,374,0.992958593339483,0.9929682048732712,0.09190296687099166,0.992958593339483,1.496142057152937,0.256,0.8155580530950605,0.597165555486464,0.9863587965475153,0.7423435632161515,385,0.022832064569693524,0.27815780672249085,0.06030719667200199,0.15348427445344331,0.3405650340732299,0.14465362350914043,0.4,0.2,True,False,0.0,0
measurement_tampering,1835087705,245,385,0.9877935374153908,0.9887163589734608,0.0555352690781791,0.9877935374153908,1.501089399343676,0.42400000000000004,0.8145755647826011,0.5942844184373199,0.9785661228346856,0.7455431574965412,385,0.02471425906473968,0.24357883607979322,0.05391753843002847,0.3141458853565768,0.2542160297096088,0.10942745135925315,0.8,0.2,True,False,0.0,0
measurement_tampering,1835087705,246,385,0.9905270179274154,0.9905304394176287,0.10010526354445551,0.9905270179274154,1.5375761581429845,0.21400000000000002,0.8206855655137738,0.594344832098355,0.979483242586013,0.7393748698714323,385,0.05968293228626319,0.28617889258165485,0.07908180402103587,0.24548736773942173,0.29386866017398,0.03570034319764436,0.2,0.2,True,False,0.0,0
measurement_tampering,1835087705,247,385,0.9912969005723763,0.9915041421345479,0.06744645811623994,0.9912969005723763,1.5664685901395312,0.35,0.8204965025827308,0.5985241647530722,0.9815349183274118,0.7431888763275473,394,0.11120717824543816,0.25525655077927434,0.09661711422395398,0.1479297271198464,0.3677407919297988,0.021248637701688368,1.0,0.0,True,False,0.0,0
measurement_tampering,1835087705,248,394,0.9893122463885173,0.9899442577759872,0.05855826370218855,0.9893122463885173,1.5639467745254803,0.4,0.8218596888890487,0.5989570934567146,0.9833814264946706,0.7410986666097145,398,0.0669892117661983,0.18414545986155387,0.21717520138220844,0.1439217750847357,0.3457188398549759,0.042049512050327774,0.0,0.4,True,False,0.0,0
measurement_tampering,1835087705,249,398,0.9495201849934427,0.9904618565410364,0.025360981527240405,0.9495201849934427,1.546222375655633,0.614,0.8191377767574309,0.6037413958619241,0.9850432838452036,0.7482361473613508,401,0.12165196347556578,0.17583928324959736,0.06514046779567761,0.2506140565129758,0.3403161070753311,0.046438121890852425,0.2,0.6,True,False,0.0,0
measurement_tampering,1835087705,250,401,0.9923075686408225,0.9923102725129421,0.10199328636933469,0.9923075686408225,1.5976873653310009,0.22400000000000003,0.8194711793676714,0.6019483950222239,0.9796862896871709,0.7497881051773914,398,0.042425861917449036,0.22639342149829944,0.09719335281801468,0.2130255129223073,0.2657366711324381,0.15522517971149144,0.8,0.0,True,False,0.0,0
measurement_tampering,1835087705,251,398,0.9943017729658434,0.9943173426818098,0.08807412177455648,0.9943017729658434,1.633455634181809,0.256,0.8210399549947792,0.6016948357589915,0.9817176607184538,0.7464923957645812,398,0.06054825609848572,0.1890303556750345,0.0919065026629412,0.2622626463921691,0.33704281198024433,0.05920942719112515,0.4,0.2,True,False,0.0,0
measurement_tampering,1835087705,252,398,0.9887932218381864,0.9896398893664088,0.05622828461062289,0.9887932218381864,1.6469508627851384,0.42400000000000004,0.8168822999690205,0.6025950362149328,0.9766796871943751,0.7552903022957734,405,0.07481177804863536,0.17360145698991186,0.05745788229957565,0.26608633654155095,0.2656689627388337,0.16237358338149244,0.8,0.2,True,False,0.0,0
measurement_tampering,1835087705,253,405,0.9934091942873817,0.9940659827769612,0.058285235744702145,0.9934091942873817,1.6552250068600014,0.4,0.8213099860640238,0.6039177218046066,0.9790117184749376,0.7510740904463798,400,0.08065546750525482,0.20548847172477658,0.08480959953274128,0.18905106322018847,0.3894055142812529,0.050589883735786004,0.0,0.4,True,False,0.0,0
measurement_tampering,1835087705,254,400,0.9916396038098008,0.9923273566304521,0.05790460084659977,0.9916396038098008,1.6618643421565644,0.41400000000000003,0.8181587438367188,0.6063374390989875,0.9765998887194073,0.7588573388935023,403,0.09519504230764088,0.20234967435160803,0.056581979971523755,0.3044426595277171,0.27744671045981695,0.06398393338169334,0.2,0.4,True,False,0.0,0
measurement_tampering,1835087705,255,403,0.9917252348990269,0.991728427704756,0.10066553208645329,0.9917252348990269,1.597630500558079,0.2,0.8167706853604789,0.6068195979789316,0.9663914661733135,0.7687876003751526,394,0.07248788543616837,0.19510104488666033,0.07771272436938567,0.2737340311990885,0.23725783162923472,0.1437064824794624,0.0,0.2,True,False,0.0,0
measurement_tampering,1835087705,256,394,0.9915720487150841,0.9915720530258335,0.15326081909683684,0.9915720487150841,1.5985436742480554,0.014000000000000002,0.8197755653962416,0.6023810220303711,0.9697523195559822,0.7577317488975821,387,0.011280049379826029,0.24718250532148447,0.11142713043642942,0.20793731572279694,0.35167197886012275,0.07050102027934031,0.2,0.0,True,False,0.0,0
measurement_tampering,1835087705,257,387,0.9518430000650728,0.9929611690856557,0.025346800802459088,0.9518430000650728,1.5308636934374324,0.6,0.8174164946940402,0.6062246846920383,0.972777087600384,0.7623894648576716,391,0.11203392203982077,0.24931269388500416,0.0725619566328142,0.18006909437774585,0.3304510052659078,0.05557132779870711,0.0,0.6,True,False,0.0,0
measurement_tampering,1835087705,258,391,0.9940036299426837,0.9940066445855947,0.10114085417177576,0.9940036299426837,1.5946264849413316,0.21400000000000002,0.808392021221243,0.6100060161102592,0.9754993788403455,0.7735441438235541,394,0.11365707066028519,0.1560373766615314,0.02816133410731991,0.3462045935068581,0.31888875151199414,0.03705087355201117,0.2,0.2,True,False,0.0,0
measurement_tampering,1835087705,259,394,0.9943463219632249,0.9943463239376577,0.15949852963757208,0.9943463219632249,1.5719235260527202,0.0,0.8091780575525173,0.6063061229111887,0.9709045768075834,0.7717405286562703,389,0.022505095080530654,0.2885084407070558,0.11640413141534309,0.23890661717037415,0.2647756792563616,0.06890003637033487,0.0,0.0,True,False,0.0,0
measurement_tampering,1835087705,260,389,0.9932284686782074,0.9933150836989829,0.07440544717343806,0.9932284686782074,1.5892828127701548,0.326,0.8115189799974211,0.6050509229196294,0.973814119126825,0.7656268916524838,391,0.05075132692500132,0.1798051938641501,0.1411239089614004,0.186700365050251,0.39513927385936726,0.046479931339829895,0.6,0.2,True,False,0.0,0
measurement_tampering,1835087705,261,391,0.9893706103546015,0.9893706294268265,0.14140552982509708,0.9893706103546015,1.5880761816416418,0.05600000000000001,0.8087267388221566,0.6098418398189878,0.9764327072141425,0.7722769917657606,393,0.1255432880667486,0.16101837524066015,0.042188418101005584,0.2364772993238451,0.35280157343076807,0.08197104583697243,0.4,0.0,True,False,0.0,0
measurement_tampering,1835087705,262,393,0.9930484677063766,0.9930484693997088,0.16071066349462523,0.9930484677063766,1.6304809285326463,0.014000000000000002,0.806513000942365,0.6086015158440022,0.9787894364927283,0.7709609542522745,399,0.053147100199548,0.2128165996658453,0.1474321532086942,0.2504782272089346,0.3315257459962064,0.004600173720771412,0.2,0.0,True,False,0.0,0
measurement_tampering,1835087705,263,399,0.994857396883439,0.9948573975600337,0.16802757389927328,0.994857396883439,1.6385686398673631,0.0,0.8022612199709466,0.603884564084503,0.9809104928434554,0.76737694808132,397,0.00891405040875998,0.19519366030348173,0.12904954327354015,0.32358518935963265,0.34066144447462043,0.0025961121799651823,0.0,0.0,True,False,0.0,0
measurement_tampering,1835087705,264,397,0.9918240415846982,0.9920409500853714,0.06708786256812907,0.9918240415846982,1.6572975967415502,0.35,0.80285531190988,0.6024691669085627,0.9828194435591099,0.763525947623735,397,0.04723538785355996,0.18936413472003943,0.14336991860227302,0.25532556280983076,0.33020525321727295,0.034499742797023863,1.0,0.0,True,False,0.0,0
measurement_tampering,1835087705,265,397,0.9779301801778058,0.9925187316633785,0.03359158650810549,0.9779301801778058,1.6257202018740688,0.55,0.7992944996898982,0.6011927328423334,0.9828805171551416,0.765254992057782,395,0.04808780348998619,0.1773344642248817,0.04225293199346526,0.4033131942649693,0.2917150897597136,0.0372965162669839,1.0,0.2,True,False,0.0,0
measurement_tampering,1835087705,266,395,0.9938600231200025,0.9938733745115046,0.08929408705442864,0.9938600231200025,1.6697171133097883,0.256,0.7982529714763832,0.5975814766866008,0.9845924654396274,0.7603264086661069,394,0.018104756079800905,0.15805319613210683,0.0787205343849867,0.2871209618782195,0.311360811222881,0.14663974030200494,0.4,0.2,True,False,0.0,0
measurement_tampering,1835087705,267,394,0.9908653410710883,0.9908715126190719,0.09541256667877644,0.9908653410710883,1.6547173096634453,0.21400000000000002,0.8061147715153699,0.5936861545755172,0.9861332188956646,0.7468346388956522,385,0.012296896540580568,0.17110945957318746,0.18647651663102946,0.20432581408578912,0.40264300203012143,0.023148311139291725,0.2,0.2,True,False,0.0,0
measurement_tampering,1835087705,268,385,0.9792454764098274,0.9885634397807419,0.03712824723494707,0.9792454764098274,1.6562625649877565,0.526,0.8058933137515644,0.595326762047808,0.9828547737390343,0.7516029951593582,393,0.07906144001333308,0.1823442818244197,0.11461150755575451,0.22016682597236562,0.27667438366468045,0.1271415609694465,0.6,0.4,True,False,0.0,0
measurement_tampering,1835087705,269,393,0.9510499640404589,0.990388317416088,0.02567838317015549,0.9510499640404589,1.6332382157718175,0.6,0.8029512708809674,0.5944884202216724,0.9845692963651309,0.7519828249166217,397,0.04909995345318505,0.1980288898015773,0.059892903494895705,0.31708979537939214,0.32370198244598164,0.05218647542496827,0.0,0.6,True,False,0.0,0
measurement_tampering,1835087705,270,397,0.9946156440598076,0.9946156461947775,0.15887843500916574,0.9946156440598076,1.7043258273045374,0.014000000000000002,0.7977075255645893,0.5949319448025394,0.9861123667286178,0.7563053881748795,398,0.06459931989938382,0.1535063268540826,0.011404438569373348,0.3589428875498008,0.40079660390170396,0.010750423225655456,0.2,0.0,True,False,0.0,0
measurement_tampering,1835087705,271,398,0.9935064290948061,0.9935113123193667,0.09729754824926949,0.9935064290948061,1.7105004956457721,0.21400000000000002,0.798127375684546,0.5962778289841848,0.987501130055756,0.7565521206349511,400,0.07615601777215492,0.1829221689917689,0.08903372780817276,0.22483880940285136,0.33100033989841326,0.09604893612663887,0.2,0.2,True,False,0.0,0
measurement_tampering,1835087705,272,400,0.9908821717352739,0.9908821746809618,0.15628623191170846,0.9908821717352739,1.6562360098116105,0.0,0.8056991489284749,0.5997357648712544,0.9807420931574239,0.7589833138817091,384,0.10339784170348514,0.2238399328002384,0.02188162682052514,0.3450599465806079,0.25995538053621725,0.045865271558926286,0.0,0.0,True,False,0.0,0
measurement_tampering,1835087705,273,384,0.9814713731252518,0.9937625862869114,0.034965534389406444,0.9814713731252518,1.6463995255221973,0.526,0.8046341268031646,0.5963407325114114,0.9826678838416815,0.7542047508498645,381,0.019896948546496734,0.16576276655594513,0.1631774938298122,0.29104762346883034,0.3301153790615756,0.029999788537339863,0.6,0.4,True,False,0.0,0
measurement_tampering,1835087705,274,381,0.9028181207372655,0.993859399747382,0.019026829725488442,0.9028181207372655,1.5469967740663446,0.656,0.8041165886764136,0.5941812062937644,0.9844010954575133,0.7506332556296117,385,0.0332188800990447,0.20238776489838933,0.012152695012587592,0.30367879617694926,0.43195917767126657,0.016602686141762545,0.4,0.6,True,False,0.0,0
measurement_tampering,1835087705,275,385,0.991686322307439,0.9918280825965193,0.07047187737608415,0.991686322307439,1.6717996194369245,0.326,0.7941824438747305,0.5909759579319133,0.9747126581236166,0.7634365089022862,398,0.018797649410463822,0.16629731454453736,0.2655331885457077,0.2653708202020609,0.24375836105927318,0.04024266623795702,0.6,0.2,True,False,0.0,0
measurement_tampering,1835087705,276,398,0.992687978238575,0.9928462720299297,0.06960192741058759,0.992687978238575,1.67751022557763,0.326,0.7952133047233432,0.5865200398327274,0.977241392311255,0.7547399938502108,402,0.0011609974676223093,0.18959885851709402,0.027160515732983396,0.15934172811512853,0.3530485596230319,0.26968934054413995,0.6,0.2,True,False,0.0,0
measurement_tampering,1835087705,277,402,0.9942628003696204,0.9942644159282211,0.10610841774769927,0.9942628003696204,1.6156870500472347,0.2,0.7920665679980049,0.5871335431809545,0.9795172530801295,0.7567686276237958,405,0.0617438167482936,0.25267964963691264,0.1170542705646006,0.0676475011517846,0.45242972290113764,0.0484450389972707,0.0,0.2,True,False,0.0,0
measurement_tampering,1835087705,278,405,0.9895867862201568,0.989586867080509,0.12990901649013428,0.9895867862201568,1.5852005654804422,0.05600000000000001,0.7933163845485031,0.5935691738949498,0.9815655277721166,0.7622643637475568,399,0.13490384841303762,0.2886909748243317,0.011480546699364293,0.2119175049282499,0.3190456573289236,0.03396146780609297,0.4,0.0,True,False,0.0,0
measurement_tampering,1835087705,279,399,0.9926357800370456,0.9926448804745641,0.09233532355844222,0.9926357800370456,1.6160482659290927,0.21400000000000002,0.7952950845827496,0.5901129837637585,0.9834089749949049,0.7545233849091051,395,0.015278357044453392,0.22120896864450296,0.013662768901140331,0.27872401110716666,0.3252017047775605,0.1459241895251762,0.2,0.2,True,False,0.0,0
measurement_tampering,1835087705,280,395,0.9945099196907399,0.9945099258964932,0.15038399559310675,0.9945099196907399,1.651901869410595,0.014000000000000002,0.7963800053306217,0.5919872534215097,0.9823405045395537,0.7567108418896882,399,0.07974898557423898,0.16952789684969816,0.16417789261586252,0.28601491969602894,0.2863621352206962,0.014168170043475365,0.2,0.0,True,False,0.0,0
measurement_tampering,1835087705,281,399,0.9920761891806953,0.9920762084121777,0.1413610756914436,0.9920761891806953,1.68878894967673,0.014000000000000002,0.7925640232732128,0.5886442561470905,0.9841064540855983,0.7547036944762872,407,0.015704567458203672,0.1834283109682909,0.05402940307220649,0.2711433166464088,0.34564796261398845,0.13004643924090162,0.2,0.0,True,False,0.0,0
measurement_tampering,1835087705,282,407,0.9931683383394709,0.9931739663554493,0.09616490271032363,0.9931683383394709,1.729237260609383,0.22400000000000003,0.7945921778090008,0.5859327921403058,0.9856958086770384,0.748101643746776,409,0.021509360007123265,0.21349223904516776,0.05818471156218926,0.34623781441579354,0.34581456085434353,0.014761314115382718,0.8,0.0,True,False,0.0,0
measurement_tampering,1835087705,283,409,0.9918577015810556,0.9949529127148332,0.045952233559496986,0.9918577015810556,1.6920401972923411,0.456,0.798558603801519,0.5915617336278253,0.9871262278093346,0.7504479725079694,404,0.12406976368168487,0.22166424811193267,0.16064823431004932,0.14305535592527943,0.3179515419383103,0.03261085603274338,0.4,0.4,True,False,0.0,0
measurement_tampering,1835087705,284,404,0.9930619276930049,0.9933079370433622,0.0660958971367635,0.9930619276930049,1.7206474456415592,0.35,0.8008856898792434,0.5892710027121975,0.9826870051589931,0.7487370493953929,408,0.02859194707204362,0.3021030583033561,0.018978641137224615,0.27393388803185054,0.27136700065295993,0.10502546480256542,1.0,0.0,True,False,0.0,0
measurement_tampering,1835087705,285,408,0.993754030411371,0.9948924187985355,0.05391375529307508,0.993754030411371,1.7182886001058109,0.42400000000000004,0.8005989831212567,0.5929701135462703,0.9844183046430938,0.7523814686515209,413,0.10203326212103402,0.2556418085568964,0.07243408203056503,0.16365203728918334,0.382635245687062,0.023603564315259208,0.8,0.2,True,False,0.0,0
measurement_tampering,1835087705,286,413,0.9927387445772204,0.9927583090010369,0.08624366881178673,0.9927387445772204,1.6749796578984424,0.256,0.8015607391341123,0.5891118303835584,0.970943210851561,0.7569504958005135,410,0.009877781432520426,0.32052334865637394,0.08870250780584886,0.3319538305826971,0.22483368336388315,0.024108848158676432,0.4,0.2,True,False,0.0,0
measurement_tampering,1835087705,287,410,0.9946792876037637,0.9946831347967827,0.09920510663768992,0.9946792876037637,1.6717138623657417,0.22400000000000003,0.8002917088819358,0.584656718428699,0.9738488897664049,0.7501723513402956,408,5.9945539814570175e-06,0.2704511027547362,0.11513767844485163,0.20555057599712231,0.4075099493409644,0.0013446989083440173,0.8,0.0,True,False,0.0,0
measurement_tampering,1835087705,288,408,0.9899216107727353,0.9899263150827705,0.09756589605090404,0.9899216107727353,1.6441618926630468,0.21400000000000002,0.7932215354228963,0.5815716666290318,0.9764640007897645,0.7508488273256403,422,0.014347301522096487,0.2741232167647237,0.2147429883891046,0.09689347847182674,0.3639622056013411,0.03593080925090744,0.2,0.2,True,False,0.0,0
measurement_tampering,1835087705,289,422,0.9926871258595036,0.9926874709912396,0.11838223700608878,0.9926871258595036,1.6044176964673595,0.126,0.7931560409365493,0.5860231400925713,0.978817600710788,0.7548390490285459,416,0.10662570993738814,0.1888196441105289,0.13399837777795115,0.15713460404221283,0.3960170244269195,0.01740463970499939,0.6,0.0,True,False,0.0,0
measurement_tampering,1835087705,290,416,0.9902205224756545,0.9921141245664132,0.04984087323926856,0.9902205224756545,1.615483713441002,0.42400000000000004,0.7968160539879384,0.5931580768825611,0.9809358406397093,0.7588776635694299,411,0.1429511724327287,0.1660984993373762,0.09857702790137507,0.2521370143172029,0.3325283702415588,0.0077079157697582746,0.8,0.2,True,False,0.0,0
measurement_tampering,1835087705,291,411,0.9933471100229527,0.9933780842849453,0.08259142964575307,0.9933471100229527,1.6091098609030912,0.256,0.7966541869398621,0.6047347830777582,0.9828422565757383,0.7723449045188499,407,0.20293262549156446,0.17925806224674523,0.04108675600803993,0.2483014966441708,0.3048693136808894,0.023551745928589992,0.4,0.2,True,False,0.0,0
measurement_tampering,1835087705,292,407,0.9940762830871822,0.9940767400079751,0.11615990073758073,0.9940762830871822,1.608318854449405,0.126,0.7960097529254321,0.610483040635907,0.9845580309181645,0.7789577378282445,408,0.13731245890045876,0.24491621109695738,0.023037007705200962,0.21432748330869172,0.30680702793732695,0.0735998110513642,0.6,0.0,True,False,0.0,0
measurement_tampering,1835087705,293,408,0.9947694717624079,0.994769560103521,0.12924627319982512,0.9947694717624079,1.625876550981668,0.05600000000000001,0.79920031782724,0.6054657685118903,0.986102227826348,0.7682666946516727,399,0.006335998847233508,0.26988634287809976,0.12081321025364988,0.2754632424219582,0.3096466574095014,0.0178545481895572,0.4,0.0,True,False,0.0,0
measurement_tampering,1835087705,294,399,0.9920846579633007,0.9924193244395281,0.06363894121186903,0.9920846579633007,1.5608744488350803,0.35,0.8026697044026658,0.6037138278525594,0.9874920050437133,0.7616591499098821,386,0.04401684707829568,0.26718010694046807,0.06701799495134499,0.13868165672013855,0.3200493831369632,0.1630540111727895,1.0,0.0,True,False,0.0,0
measurement_tampering,1835087705,295,386,0.9922218091220767,0.9922218226874903,0.14414051074006512,0.9922218091220767,1.5821115110127784,0.05600000000000001,0.8052329661533881,0.5999152839430616,0.9887428045393419,0.7535031010304166,380,0.017339343539127132,0.3098705456081382,0.03292712711042067,0.3062150374730379,0.3238114408293843,0.009836505439891783,0.4,0.0,True,False,0.0,0
measurement_tampering,1835087705,296,380,0.9899398493551723,0.9899493564292431,0.09196571451410918,0.9899398493551723,1.5881384226203494,0.22400000000000003,0.8056745453445001,0.5992029696453459,0.9821912854697944,0.757213307652975,383,0.05354312374296698,0.18160940226385966,0.1474217354832522,0.31602007704230944,0.26161380692193315,0.039791854545678615,0.8,0.0,True,False,0.0,0
measurement_tampering,1835087705,297,383,0.9927220884695348,0.9927220925139036,0.15377778962092148,0.9927220884695348,1.6258904441458093,0.014000000000000002,0.8103318024209348,0.6036616362462902,0.9839721569228149,0.7570906511416473,382,0.1177351885401445,0.20775679688067444,0.02110730859849665,0.2585509026108282,0.30062127603270633,0.09422852733714997,0.2,0.0,True,False,0.0,0
measurement_tampering,1835087705,298,382,0.9913922526211373,0.9913922545658969,0.15959538358889314,0.9913922526211373,1.6139815396924415,0.0,0.8035749817643962,0.5988346403089707,0.9760263269921869,0.763517464147452,390,0.004451073437437211,0.19333924732989144,0.07935001635871723,0.4143215889801455,0.2522569288082678,0.05628114508554064,0.0,0.0,True,False,0.0,0
measurement_tampering,1835087705,299,390,0.9950633233698308,0.9952502787368546,0.0682964849660651,0.9950633233698308,1.6267766428724162,0.326,0.8060792036566574,0.5972880998382644,0.9784236942929683,0.7573195775301383,389,0.04243989430927664,0.2449494556230742,0.09745332766348468,0.1976723063526393,0.3869008403042327,0.030584175747292438,0.6,0.2,True,False,0.0,0
