arm,seed,step,novelty_vector_count,h_n_latest,h_n_shape_latest,V,H_N,L_t,total_suppression,avg_wb,theta_capability,transfer_state,g,population,x_compute,x_bio_welfare,x_novelty_agency,x_institutional_capacity,x_transfer_comprehension,x_resilience,c_protective,c_suppressive,adapter_active,action_modified,adapter_score,shape_fallback_increase
sybil_capture,1835087708,0,200,0.940055116408286,0.9839172174111257,0.024759742521846928,0.940055116408286,0.09588980553953955,0.526,0.667755102502301,0.5168679175211794,0.5432818737447705,1.424745012514091,202,0.21084896901474334,0.26515903050785217,0.022144073018228114,0.2209620301201176,0.26640936872385285,0.014476528615205915,0.6,0.4,False,False,0.0,2
sybil_capture,1835087708,1,202,0.9839830278593099,0.9841719500450015,0.0681240783454399,0.9839830278593099,0.12111057016311409,0.22400000000000003,0.6801752542279145,0.5279363655410826,0.5663450342733413,1.370501937099617,207,0.14889804869952625,0.19891476128858726,0.0786961479698661,0.283733788064911,0.18695673951523875,0.10280051446187055,0.8,0.0,False,False,0.0,0
sybil_capture,1835087708,2,207,0.9850664577119368,0.9867062502430204,0.05094290888892369,0.9850664577119368,0.14499873029798788,0.326,0.6916991382558725,0.5433606338225835,0.5899592582192977,1.331523744131394,212,0.21026358198193762,0.17172261144494733,0.008441365594311405,0.37943811880172246,0.20124363686645313,0.02889068531062811,0.6,0.2,False,False,0.0,0
sybil_capture,1835087708,3,212,0.9886195038192643,0.9887178114955337,0.07336054549680959,0.9886195038192643,0.16640502829145443,0.21400000000000002,0.7040160923221574,0.5661926021314543,0.6002735818182611,1.3397765555282108,212,0.31662346420641485,0.22849069581191858,0.006960829893386254,0.27271116147763047,0.14655124710446546,0.028662601506184295,0.2,0.2,False,False,0.0,0
sybil_capture,1835087708,4,212,0.9886671894110209,0.9886689513199757,0.10537321954403783,0.9886671894110209,0.18843453902938967,0.05600000000000001,0.7143632905742976,0.5638079751377856,0.640246223636435,1.2327217539597821,212,0.011562538911299743,0.19308868732897452,0.08122373095188146,0.3107687215834163,0.34830145824570846,0.055054862978719615,0.4,0.0,False,False,0.0,0
sybil_capture,1835087708,5,212,0.9879221257649137,0.9887674470789639,0.05623393082085595,0.9879221257649137,0.21604596151974398,0.326,0.7256184761754756,0.5707876858625303,0.6762216012727915,1.1632611468925529,215,0.12712636852042475,0.21646355461522884,0.037018340328774844,0.26724170945966363,0.31366844450347336,0.03848158257243456,0.6,0.2,False,False,0.0,0
sybil_capture,1835087708,6,215,0.9835330773123625,0.9835338321839837,0.11207877021630669,0.9835330773123625,0.239743125431691,0.014000000000000002,0.7320666040481892,0.577706211018696,0.692042341538988,1.1403122097340275,221,0.1307238681161535,0.1664222725824176,0.10268332801127199,0.3165703990132778,0.21721450196737851,0.0663856303095006,0.2,0.0,False,False,0.0,0
sybil_capture,1835087708,7,221,0.9847914019380088,0.9848183055046921,0.08364409825571265,0.9847914019380088,0.2629133655586238,0.2,0.7404746165795179,0.5862256270669896,0.6992716331885156,1.1321623632298197,226,0.15505908249035463,0.2267075180682351,0.027413518023618067,0.3766435319919526,0.18216762901713196,0.03200872040870752,0.0,0.2,False,False,0.0,0
sybil_capture,1835087708,8,226,0.9839914402309858,0.9840536112110523,0.07697032166062295,0.9839914402309858,0.27935212343896787,0.22400000000000003,0.747902196464889,0.5874915129149947,0.7281017719454185,1.078859028609795,228,0.06971459001693252,0.23736173839797706,0.09029777934235868,0.17236538911346805,0.29378651037877235,0.13647399275049127,0.8,0.0,False,False,0.0,0
sybil_capture,1835087708,9,228,0.9879080154323192,0.9879082096192496,0.12292169932632376,0.9879080154323192,0.30369273887273973,0.05600000000000001,0.7463541877476546,0.5924025279226369,0.74202466934561,1.0696792839069482,235,0.11606988316740006,0.15600709479005426,0.010889127930721023,0.2584542341187812,0.23366537297366669,0.2249142870193769,0.4,0.0,False,False,0.0,0
sybil_capture,1835087708,10,235,0.9866043677128872,0.9866110780276806,0.09471203930040271,0.9866043677128872,0.3194667544650524,0.126,0.743904941650437,0.6051575146659044,0.7423094038928888,1.0958876292836213,237,0.21718891424249212,0.14012821232622058,0.13384624971848852,0.2936201541167657,0.17243600740919912,0.042780462186833984,0.6,0.0,False,False,0.0,0
sybil_capture,1835087708,11,237,0.9592589605870485,0.9834988434596654,0.029477090009342906,0.9592589605870485,0.3297125979822778,0.526,0.7489449728641662,0.6006587238404075,0.7680784635035999,1.044172596116612,238,0.009488561347479161,0.175563880028697,0.00016045889941059815,0.4521581560489287,0.36242920888948066,0.00019973478600393508,0.6,0.4,False,False,0.0,0
sybil_capture,1835087708,12,238,0.987530934857954,0.9878628635201309,0.06366769723444929,0.987530934857954,0.36999479949388747,0.326,0.7513622474946436,0.6150837072602159,0.7865570959573668,1.0407696037086915,244,0.24322399514785892,0.18971606482538886,0.020748721945143545,0.2386252052054486,0.2764323940206346,0.031253618855525536,0.6,0.2,False,False,0.0,0
sybil_capture,1835087708,13,244,0.9853004764037914,0.9853060428537797,0.0961891485215857,0.9853004764037914,0.3811755338219858,0.126,0.7577109172726735,0.6311439391160246,0.7904960741706104,1.0537198318146472,244,0.2726802152352436,0.22637138600415804,0.03969408548450833,0.17482732618533905,0.21297343904490157,0.07345354804584951,0.6,0.0,False,False,0.0,0
sybil_capture,1835087708,14,244,0.9877347272499305,0.9877537271368236,0.08643650912922984,0.9877347272499305,0.4092836905708846,0.22400000000000003,0.756387683600545,0.6259335510185293,0.7935797968339897,1.042781168324776,258,0.0168351107288239,0.19505684035591941,0.13419742157941736,0.43267171223244344,0.21066665040220192,0.010572264701194007,0.8,0.0,False,False,0.0,0
sybil_capture,1835087708,15,258,0.9883157715591668,0.988318046951255,0.10333456857600318,0.9883157715591668,0.4264101999735818,0.126,0.7628909877187042,0.6243947908297383,0.7922198705998562,1.0331206813351976,263,0.05947396702669295,0.337638964153802,0.07868801207953371,0.2729158892997214,0.18999026724632714,0.06129290019392288,0.6,0.0,False,False,0.0,0
sybil_capture,1835087708,16,263,0.9919512497602629,0.9927619279176385,0.05659911836544301,0.9919512497602629,0.45253748835752106,0.35,0.7666668439131124,0.6409967699210463,0.8034229186144717,1.0406506096718704,265,0.2852714829099371,0.167405381305441,0.042854173577268596,0.22525571903530167,0.2521251753730053,0.027088067799046503,1.0,0.0,False,False,0.0,0
sybil_capture,1835087708,17,265,0.9246345859884394,0.9894247059078148,0.021698929933622983,0.9246345859884394,0.43312397396457414,0.6,0.7754602421047231,0.6380128355820562,0.8230806267530245,0.9996028828237995,260,0.05082380196327907,0.21072687272638968,0.026781412246681666,0.28158884687627295,0.3779260486404481,0.052153017546928485,0.0,0.6,False,False,0.0,0
sybil_capture,1835087708,18,260,0.9855020182135174,0.9855020468937119,0.13812684248932347,0.9855020182135174,0.4642177526902723,0.0,0.7825114283898428,0.6533617070151927,0.840772564077722,0.9930805058365375,253,0.27811891515299014,0.2145750447915117,0.0043289025443733874,0.1359281736137699,0.34006393788858236,0.02698502600877265,0.0,0.0,False,False,0.0,0
sybil_capture,1835087708,19,253,0.9850702957350682,0.9890698049834593,0.043864735373553766,0.9850702957350682,0.49404623099930045,0.456,0.7779267776175546,0.6536237349365388,0.8441824592882662,0.9952971703286169,267,0.09912641590132126,0.20170022616395542,0.16346588762413566,0.2526338111925465,0.23743575809158163,0.045637901026459586,0.4,0.4,False,False,0.0,0
sybil_capture,1835087708,20,267,0.9887168722535692,0.9887279242810435,0.09075727700776917,0.9887168722535692,0.5298351224010284,0.21400000000000002,0.7838863916094554,0.6571658643617059,0.8597642133594395,0.9750850709286345,273,0.14029145214992522,0.18020492778621147,0.002920194031630326,0.266825369667811,0.34470506607771706,0.06505299028670496,0.2,0.2,False,False,0.0,0
sybil_capture,1835087708,21,273,0.9884342287994654,0.9884583376208603,0.08454653508910463,0.9884342287994654,0.5541840919682858,0.256,0.7890869809139847,0.6671401142060226,0.8534739285329053,0.9906081982078543,278,0.22290678828002475,0.16521850004350072,0.026697320151273917,0.2953828388019973,0.1984306825470485,0.0913638701761549,0.4,0.2,False,False,0.0,0
sybil_capture,1835087708,22,278,0.9891548729885365,0.98917160225675,0.08746103189482013,0.9891548729885365,0.5778267204341456,0.22400000000000003,0.7927225743348835,0.6837831084957214,0.8572501162600117,1.0062122256294819,284,0.31328166045880723,0.20215157709423712,0.0421630082874024,0.16969464011506508,0.24561790290198465,0.02709121114250351,0.8,0.0,False,False,0.0,0
sybil_capture,1835087708,23,284,0.9873375597733778,0.9890808399622593,0.05047489560334759,0.9873375597733778,0.5801360436565188,0.41400000000000003,0.7977376826408962,0.6986957627583561,0.8593380129408716,1.019210710691299,284,0.30127262109275854,0.29553186663473946,0.010142336838110977,0.1232579062015676,0.2390645415343055,0.030730727698517795,0.2,0.4,False,False,0.0,0
sybil_capture,1835087708,24,284,0.9773816115531851,0.9911024311997784,0.0340683529667192,0.9773816115531851,0.5825615348892077,0.526,0.8016728277242627,0.6902686106369658,0.8734042116467845,0.9858382832880377,283,0.01884545020659352,0.1746227803024949,0.14487738053947694,0.24562000773277504,0.34674349671561516,0.06929088450304455,0.6,0.4,False,False,0.0,0
sybil_capture,1835087708,25,283,0.9896126219969498,0.9896126258324566,0.15417489166281648,0.9896126219969498,0.5928717635559163,0.0,0.8059670055849721,0.6810324681731841,0.886063790482106,0.9536424284159672,283,0.0034661008508326055,0.21017474345604067,0.05626351972549504,0.20976649051605326,0.4105357511659512,0.10979339428562729,0.0,0.0,False,False,0.0,0
sybil_capture,1835087708,26,283,0.9877427131094317,0.9887902798789638,0.05452661022991315,0.9877427131094317,0.5970527773094967,0.4,0.804821167280099,0.6871791594799522,0.8681299029838663,0.9835260651193695,285,0.18997893394284246,0.2098073085320357,0.10194466229127161,0.3118819724878661,0.1533624577498543,0.033024664996129924,0.0,0.4,False,False,0.0,0
sybil_capture,1835087708,27,285,0.9784033563538067,0.9915544063250884,0.03440959094605306,0.9784033563538067,0.6120514217860499,0.526,0.8080237020438296,0.6791348015752318,0.8813169126854796,0.9536736457836202,289,0.01643250086596481,0.21382407677581589,0.0658840051458831,0.3157892453088836,0.3327947183928202,0.0552754535106324,0.6,0.4,False,False,0.0,0
sybil_capture,1835087708,28,289,0.9914942895390167,0.992801495437595,0.05279630197787442,0.9914942895390167,0.6429607099340068,0.4,0.8057707091614865,0.6749436912382204,0.8866266372154714,0.9447464992946635,297,0.059570371771877524,0.18688317154003198,0.15015457972499094,0.31387260468606487,0.2672070789926989,0.022312193284335684,0.0,0.4,False,False,0.0,0
sybil_capture,1835087708,29,297,0.9220448706522337,0.9895413969781635,0.021374118421516052,0.9220448706522337,0.630450379888107,0.6240000000000001,0.8025698476900922,0.6762002533081344,0.8940660257892445,0.9423731366230205,308,0.12504683289781282,0.1854929391918458,0.10400826035805547,0.28662707632025536,0.28051026147660113,0.01831462975542935,0.8,0.4,False,False,0.0,0
sybil_capture,1835087708,30,308,0.9882225177882963,0.9882255032518864,0.10117184566394083,0.9882225177882963,0.6852439593762064,0.21400000000000002,0.8020127604648827,0.6683983896643324,0.9046594232103201,0.9212319791159688,310,0.012601862770059447,0.19024070967784545,0.19756807533520865,0.26783882054697133,0.30258141033803004,0.02916912133188499,0.2,0.2,False,False,0.0,0
sybil_capture,1835087708,31,310,0.9870213172436302,0.9870213306916443,0.1441678691331346,0.9870213172436302,0.6869729366914863,0.0,0.8078723363088331,0.6831371082655395,0.9141934808892881,0.9249686640246385,308,0.2894829760552968,0.20917283996267336,0.0044594679332332675,0.11614839418806608,0.31040387786667667,0.07033244399405374,0.0,0.0,False,False,0.0,0
sybil_capture,1835087708,32,308,0.9910782191450098,0.9910839577809988,0.09599319464699173,0.9910782191450098,0.6815947544753542,0.22400000000000003,0.8082844759756421,0.6876052152658492,0.9120838707626109,0.9326960735867157,305,0.17031203016983323,0.21497209049865273,0.01334516533022901,0.19738885663627037,0.24654868981125824,0.15743316755375628,0.8,0.0,False,False,0.0,0
sybil_capture,1835087708,33,305,0.9836562759327548,0.9858596828967938,0.04858439124755127,0.9836562759327548,0.7060622044841912,0.456,0.8074685261874712,0.6904549006373152,0.9075970933110951,0.9421425469407191,315,0.15287432668448067,0.19153660956664542,0.12033846846776829,0.28728060839619524,0.2336080481237261,0.014361938761184146,0.4,0.4,False,False,0.0,0
sybil_capture,1835087708,34,315,0.992094802179978,0.9920952612549261,0.11610657857770976,0.992094802179978,0.7253665252670712,0.126,0.8104255762501759,0.6869645466170301,0.9127909153964396,0.9286453248381863,316,0.07540488764475857,0.19387405896702703,0.052758379394534434,0.3566397396970038,0.2797676570822702,0.041555277214406015,0.6,0.0,False,False,0.0,0
sybil_capture,1835087708,35,316,0.9902253563172966,0.990229730434399,0.09814762532687482,0.9902253563172966,0.7303050718279231,0.21400000000000002,0.8117978277446596,0.6964974362236244,0.9006394012868257,0.9526221923767677,315,0.2360139617180724,0.18407424909502335,0.10389964653517511,0.27440168401992754,0.19563788715014999,0.005972571481651488,0.2,0.2,False,False,0.0,0
sybil_capture,1835087708,36,315,0.9934619203612829,0.9935781586257002,0.07206594908210379,0.9934619203612829,0.7565806292643873,0.326,0.8051954391502161,0.6955142337568713,0.9105754611581431,0.9486123481270865,322,0.11052086680535202,0.15574055923198135,0.02929679401608671,0.2788686430898307,0.3759035096518752,0.04966962720487395,0.6,0.2,False,False,0.0,0
sybil_capture,1835087708,37,322,0.98848393547906,0.9884839743769775,0.13572518684626836,0.98848393547906,0.7550653040237726,0.05600000000000001,0.8097477873792402,0.7016934232843676,0.9195179150423288,0.9424046949032071,316,0.19943626519174865,0.16829446175823298,0.05968859530480477,0.22958828634747275,0.3121228691822596,0.030869522215481317,0.4,0.0,False,False,0.0,0
sybil_capture,1835087708,38,316,0.9887020257085497,0.9887020278053644,0.15897451113683111,0.9887020257085497,0.7488115491063375,0.0,0.8140530173700936,0.6981137469278684,0.9187710548835233,0.9333965578311698,311,0.081312435096491,0.17486546515638418,0.048078164295787616,0.27556101991677856,0.25602465672713653,0.16415825880742216,0.0,0.0,False,False,0.0,0
sybil_capture,1835087708,39,311,0.9839067148086365,0.9839067212935431,0.14994842376283773,0.9839067148086365,0.7621488357644075,0.014000000000000002,0.8126934116603465,0.6883735014124509,0.926893949395171,0.9138340957493667,318,0.0020680228871993683,0.20012373596474944,0.03852918342787628,0.3040909224411401,0.38727533087843646,0.06791280440059838,0.2,0.0,False,False,0.0,0
sybil_capture,1835087708,40,318,0.9901239578351577,0.9901246303609582,0.11305138000265594,0.9901239578351577,0.7756839670196302,0.126,0.81116408851033,0.68727070374962,0.9230781322838982,0.9178688968239945,322,0.1039484675973945,0.16663088545152124,0.017018424577719137,0.31565941692802935,0.24436788914122184,0.1523749163041139,0.6,0.0,False,False,0.0,0
sybil_capture,1835087708,41,322,0.9902517116641775,0.9902629502136215,0.09063640670846342,0.9902517116641775,0.7739360829375818,0.256,0.8136044084215635,0.6786987997544618,0.9215301204788432,0.9052202345220204,323,0.009895389904035117,0.262148888527913,0.06900896397903532,0.35121304906983397,0.2537990071166739,0.053934701402508646,0.4,0.2,False,False,0.0,0
sybil_capture,1835087708,42,323,0.9918764211670148,0.9918945747450804,0.08683251306673054,0.9918764211670148,0.7700093073223377,0.256,0.8156406222550279,0.681905349275939,0.9293771084309589,0.899566510423871,316,0.15176861886500448,0.16796254070724917,0.08279385177217564,0.2482653325198157,0.3146337792822853,0.03457587685346952,0.4,0.2,False,False,0.0,0
sybil_capture,1835087708,43,316,0.9822756213335878,0.9822936539010502,0.08680832818881809,0.9822756213335878,0.7634613217047649,0.256,0.816725016269791,0.6821893204440177,0.936439397587863,0.8919682200873016,314,0.11724048289844441,0.22452548827030963,0.08373601989577063,0.24255973692360921,0.31262861444170154,0.019309657570164646,0.4,0.2,False,False,0.0,0
sybil_capture,1835087708,44,314,0.9872650712187732,0.9909871202183259,0.044452459307868356,0.9872650712187732,0.7603946299834046,0.456,0.812343889526239,0.6896548327152324,0.9382341954959299,0.9048583706772757,310,0.2071872286676949,0.1545497338995953,0.11307027478365919,0.23358389946830552,0.27719368833426616,0.014415174846478885,0.4,0.4,False,False,0.0,0
sybil_capture,1835087708,45,310,0.9884332398294654,0.9884367208240159,0.09995117381324217,0.9884332398294654,0.7696498736024266,0.22400000000000003,0.8130574100367804,0.6923624573053667,0.9413589688560129,0.9046009378545729,315,0.1523795778236995,0.2682061778196282,0.07774966055864203,0.19151086749382265,0.28474096454838,0.025412751755827592,0.8,0.0,False,False,0.0,0
sybil_capture,1835087708,46,315,0.9886388642665659,0.9886391192788294,0.12075854258557608,0.9886388642665659,0.7492066078105917,0.126,0.8153886766679332,0.6988087825601035,0.9368867091387035,0.9147588090862093,312,0.20080560150006363,0.23849538215312993,0.037895713606997485,0.13784266151225133,0.24831818584145957,0.13664245538609798,0.6,0.0,False,False,0.0,0
sybil_capture,1835087708,47,312,0.9905943709838051,0.9906076169573723,0.08933098747757287,0.9905943709838051,0.7436563524796208,0.256,0.8213619173507826,0.6950343837291537,0.923207295888696,0.916584479641075,310,0.07707550371319313,0.22642140800988642,0.024671394912243516,0.2895811494179715,0.20004628831931415,0.18220425562739131,0.4,0.2,False,False,0.0,0
sybil_capture,1835087708,48,310,0.9803469573502955,0.9891503420194465,0.03758516611908835,0.9803469573502955,0.7459484172722343,0.526,0.819854762755005,0.6876556075725005,0.9308865662998264,0.9010259558854228,315,0.02966178787255685,0.291363903534765,0.029083228463689242,0.2430135796079785,0.33934703887173445,0.06753046164927615,0.6,0.4,False,False,0.0,0
sybil_capture,1835087708,49,315,0.9877576188118584,0.9905913785542836,0.04661975323121439,0.9877576188118584,0.7645968500891683,0.456,0.8161088400826089,0.6862210168532287,0.924629633553599,0.909385708630953,322,0.09935237074191425,0.25147447329118117,0.009120895689704775,0.40261680108861014,0.23415861941877633,0.003276839769813445,0.4,0.4,False,False,0.0,0
sybil_capture,1835087708,50,322,0.9893998167032099,0.9894000024896573,0.12328573174029846,0.9893998167032099,0.7510656631602703,0.126,0.8152903876122727,0.6966590991359463,0.9090296983521553,0.9400044722965052,317,0.2468641640672376,0.1616568271422281,0.11675660222222482,0.23623721838700454,0.18431514076958128,0.054170047411723744,0.6,0.0,True,False,0.0,0
sybil_capture,1835087708,51,317,0.9908797109309425,0.9909881306222772,0.07259945073491676,0.9908797109309425,0.737432759239857,0.326,0.8203062777543069,0.7005727987507279,0.9164084088126867,0.9319404668651365,308,0.1718331821447362,0.1768086083112751,0.14758937687095955,0.19440310552082488,0.2914084014787349,0.01795732567346938,0.6,0.2,True,False,0.0,0
sybil_capture,1835087708,52,308,0.9922652672736778,0.9922695818786209,0.09827305053580646,0.9922652672736778,0.7347677748028881,0.21400000000000002,0.8245555269278433,0.7041146254377332,0.9135891291440204,0.9347006291290897,302,0.16963083280677124,0.20157990828846423,0.029668178689441608,0.26679330819828984,0.2441078060630118,0.08821996595402129,0.2,0.2,True,False,0.0,0
sybil_capture,1835087708,53,302,0.9888279547996937,0.9900174809444208,0.053524877990110825,0.9888279547996937,0.7242231179657177,0.41400000000000003,0.8234298494934957,0.6944461340837706,0.9222302162296183,0.914476629157969,298,0.006715498974051735,0.17127931264113175,0.04726477030369129,0.36073768436272885,0.37775932130750484,0.03624341241089157,0.2,0.4,True,False,0.0,0
sybil_capture,1835087708,54,298,0.9752446302265901,0.9896424993574863,0.03367321499326863,0.9752446302265901,0.7163678569147277,0.55,0.8199743733977735,0.6948235750605221,0.92217544062786,0.9188840517243215,302,0.12624684601174993,0.19697607623009725,0.09552223704320115,0.21362955365557443,0.2608412301060179,0.10678405695335952,1.0,0.2,True,False,0.0,0
sybil_capture,1835087708,55,302,0.9350373615129015,0.9901447090601538,0.022993218215313478,0.9350373615129015,0.6856320943898647,0.614,0.8219838049489749,0.7100823963074959,0.920258746760218,0.938718833540905,302,0.32378604900939634,0.19084541211987824,0.062307120349050955,0.1398896580604567,0.2515042509757196,0.0316675094854981,0.2,0.6,True,False,0.0,0
sybil_capture,1835087708,56,302,0.9878051646359566,0.9878052989941788,0.12585265899308082,0.9878051646359566,0.7295975242238756,0.126,0.8230604292664375,0.7122235065809325,0.912677654679294,0.9481284166740905,303,0.15806537611014157,0.2528994028286227,0.055625437301523056,0.26171486859465953,0.22222391297548894,0.04947100218956401,0.6,0.0,True,False,0.0,0
sybil_capture,1835087708,57,303,0.9786586923240211,0.9890801291454434,0.03624150837662513,0.9786586923240211,0.7229532545218558,0.526,0.8247247831382393,0.7019996341999641,0.9214098892113646,0.9237936472093226,301,0.004841286850978548,0.22921676487817683,0.011307408582174017,0.40108457811319237,0.30161273730085086,0.051937224274627394,0.6,0.4,True,False,0.0,0
sybil_capture,1835087708,58,301,0.9817233413746281,0.983922395041549,0.04858447608728465,0.9817233413746281,0.7192467780277888,0.456,0.8196567091786914,0.7049420188098807,0.9264105615620275,0.9283631687905981,298,0.1630295789989349,0.15299925477000983,0.09271708506319393,0.2293931133676236,0.28570830635899697,0.0761526614412408,0.4,0.4,True,False,0.0,0
sybil_capture,1835087708,59,298,0.9890886892899144,0.9890911809907875,0.10261791340941988,0.9890886892899144,0.7230013609137096,0.2,0.8103070208671888,0.7125414052171419,0.9262018773099623,0.9494122853061145,295,0.22308109184694083,0.14553400217192494,0.06952161501069204,0.2991628454864044,0.26216185952068777,0.000538585963350064,0.0,0.2,True,False,0.0,0
sybil_capture,1835087708,60,295,0.9877270386839191,0.9892504123277719,0.05154960567391767,0.9877270386839191,0.7253853130888843,0.41400000000000003,0.8125166508432184,0.7158462388397602,0.9195918038326917,0.9580592888448515,294,0.17414879854344237,0.24800816272916965,0.005268790536051708,0.3175106485029817,0.23005057126862818,0.02501302841972624,0.2,0.4,True,False,0.0,0
sybil_capture,1835087708,61,294,0.9908007522041258,0.9908007571401243,0.15217648686719373,0.9908007522041258,0.7293413093059513,0.014000000000000002,0.8028566694468814,0.7156955892744193,0.9140470788404638,0.9752630183172989,298,0.13302077970809015,0.1529351450065566,0.025601361757741452,0.37737737754260464,0.2320722769552065,0.07899305902980072,0.2,0.0,True,False,0.0,0
sybil_capture,1835087708,62,298,0.986856408115869,0.9868620884625502,0.09604048015003915,0.986856408115869,0.7204122164330194,0.2,0.8026989515054259,0.7166946685084586,0.9147059408056452,0.9761127337269646,295,0.14729823372200307,0.24692267539016202,0.05663334097629543,0.24518833683942268,0.26031784924613866,0.043639563825978105,0.0,0.2,True,False,0.0,0
sybil_capture,1835087708,63,295,0.9913143334124284,0.9913194653126368,0.09688458888400825,0.9913143334124284,0.7215579818468503,0.2,0.7983891507880994,0.7140967650959354,0.9232353467250807,0.9687908214507076,295,0.10296037516124613,0.16436435177135164,0.06102103042772418,0.23209737859416824,0.3792857489070069,0.0602711151385029,0.0,0.2,True,False,0.0,0
sybil_capture,1835087708,64,295,0.9905396212470936,0.9905435978545595,0.09890854917581904,0.9905396212470936,0.7154658993028647,0.2,0.7971420378559422,0.7150926159989773,0.9195982615657688,0.9755026183128617,292,0.1462586144729832,0.2215242353325794,0.051585622856975856,0.303145488677017,0.24343224756598142,0.03405379109446318,0.0,0.2,True,False,0.0,0
sybil_capture,1835087708,65,292,0.988221578064884,0.9884666731747637,0.06608664283096517,0.988221578064884,0.7033416606894153,0.326,0.8012211888834727,0.7293379851990285,0.9213834756541656,0.9879523252601615,288,0.3239014992963404,0.24868978524642266,0.02831145208172233,0.12987219180297996,0.2687252012248678,0.000499870347666832,0.6,0.2,True,False,0.0,0
sybil_capture,1835087708,66,288,0.9876835881091423,0.9912235523578308,0.04485361722923206,0.9876835881091423,0.7077648708525264,0.456,0.7979304131948731,0.7244211642940189,0.9216134297999922,0.9850931897862705,291,0.08187597943677359,0.1759217753979106,0.1278596601377437,0.2650926681035726,0.26184150855621574,0.08740840836778378,0.4,0.4,True,False,0.0,0
sybil_capture,1835087708,67,291,0.9875054090499764,0.9877799864826475,0.06517695026810276,0.9875054090499764,0.7077166408636388,0.35,0.7945871595805237,0.7280265170149252,0.9135498915374081,1.0029363799497462,291,0.18533013669508988,0.17800433651102487,0.04353303703407405,0.2798237454089391,0.22048902358707528,0.09281972076379663,1.0,0.0,True,False,0.0,0
sybil_capture,1835087708,68,291,0.9840278798281804,0.9884479416803593,0.043063864610768776,0.9840278798281804,0.700018347559375,0.456,0.7962013386512408,0.7188422673902524,0.9221949023836673,0.979011931512032,288,0.027713452825917997,0.33660653403266133,0.04028813193616936,0.2596720432646106,0.3338312616843088,0.0018885762563319553,0.4,0.4,True,False,0.0,0
sybil_capture,1835087708,69,288,0.9898909697520918,0.9899345002961506,0.07985492451123424,0.9898909697520918,0.7070342392418556,0.256,0.8005659423393849,0.7232493986806955,0.9233579281115045,0.9784100124577871,291,0.19186555824944615,0.21088204295155155,0.11605466844717317,0.16284058307993887,0.2669125798310198,0.05144456744087044,0.4,0.2,True,False,0.0,0
sybil_capture,1835087708,70,291,0.9902352527444599,0.9902352849795761,0.13723485037410157,0.9902352527444599,0.7224692029520697,0.05600000000000001,0.8054085750133337,0.716787312140909,0.9217766810079524,0.9654912515593542,296,0.05875479242810242,0.2731853669245284,0.0326078657280177,0.3085653850368389,0.2537727285379916,0.07311386134452098,0.4,0.0,True,False,0.0,0
sybil_capture,1835087708,71,296,0.988889253631875,0.9888948526801971,0.09617160911554844,0.988889253631875,0.7105117269523564,0.2,0.8085927776152149,0.7158955465244677,0.9104713704444019,0.9724191632697823,292,0.12434499988255346,0.1873446545685802,0.030629522143249394,0.45223911850048504,0.20436178768622354,0.0010799172189084564,0.0,0.2,True,False,0.0,0
sybil_capture,1835087708,72,292,0.9902537975896869,0.9910833881815834,0.056402079475107406,0.9902537975896869,0.7022018983110371,0.4,0.8128249618744446,0.720724511873351,0.91108623195457,0.9732239246028399,283,0.19529678343883242,0.21800803119911924,0.011817819683655154,0.26620932172479694,0.2583099927730416,0.05035805118055462,0.0,0.4,True,False,0.0,0
sybil_capture,1835087708,73,283,0.990790577368495,0.99081605950283,0.08412451281438901,0.990790577368495,0.7239405473142236,0.256,0.809389021931979,0.728619787864635,0.9113432564008388,0.9877832733366017,291,0.23664376981189544,0.17445556670947335,0.03238237544139099,0.2242299812395184,0.25682823820862893,0.07546006858909289,0.4,0.2,True,False,0.0,0
sybil_capture,1835087708,74,291,0.9899973099845367,0.9899976884917348,0.11762585335786349,0.9899973099845367,0.7096658928196948,0.126,0.8150201712350906,0.7216181515764338,0.9088259878166697,0.9742229460161111,286,0.05536691381288193,0.3270815057033431,0.043637178679760504,0.2586639880140388,0.24308528527957365,0.07216512851040197,0.6,0.0,True,False,0.0,0
sybil_capture,1835087708,75,286,0.9892719767089526,0.9901910238654329,0.05557975663938605,0.9892719767089526,0.7050550544846932,0.4,0.8148924368049929,0.7172535317028859,0.9032371906778739,0.9744747647796641,286,0.0839535963159209,0.20337565435798066,0.015068358370766382,0.40376032169046655,0.22646900821435603,0.06737306105050953,0.0,0.4,True,False,0.0,0
sybil_capture,1835087708,76,286,0.9918591123843459,0.9925354995417752,0.05803891597679825,0.9918591123843459,0.7241628482489755,0.4,0.8113721513645593,0.7156247350494228,0.9129134716100865,0.966130138028799,294,0.1154234991460159,0.20498960467100277,0.08583563453108059,0.21518051253883633,0.3307304941511576,0.0478402549619069,0.0,0.4,True,False,0.0,0
sybil_capture,1835087708,77,294,0.9897682396099361,0.9897682560221359,0.142604396396202,0.9897682396099361,0.7136150627153721,0.014000000000000002,0.8176791460345002,0.722334707271121,0.9165037561929604,0.9638763218925007,292,0.21864011217711662,0.3526374132317328,0.021061021493402186,0.13171894196365064,0.27440815871941304,0.0015343524146847506,0.2,0.0,True,False,0.0,0
sybil_capture,1835087708,78,292,0.9904427262792973,0.990442727887429,0.16110068978580294,0.9904427262792973,0.7231305551696708,0.0,0.8147981136957223,0.7139069327921861,0.923900197547143,0.9483453619679448,295,0.033612011057764374,0.17602103747882922,0.1336263136041035,0.3069756222921797,0.2952340848673935,0.054530930699729606,0.0,0.0,True,False,0.0,0
sybil_capture,1835087708,79,295,0.9908432534690493,0.9908602758940579,0.08733632843714402,0.9908432534690493,0.7425815845924224,0.256,0.8143550491946188,0.719911203445815,0.9083389212820703,0.9732338712147736,303,0.20874521616547906,0.24060609641036626,0.04706243997799517,0.2913165813319721,0.18414371744820798,0.028125948665979297,0.4,0.2,True,False,0.0,0
sybil_capture,1835087708,80,303,0.9878496240111178,0.9880326503050192,0.06840762024078105,0.9878496240111178,0.745779542903359,0.326,0.8114961718504274,0.7252250041946505,0.9008778606682636,0.9920198895584854,306,0.20386701151407718,0.32473050024569866,0.005995434063315996,0.24837736025304846,0.2168641575720017,0.00016553635185784346,0.6,0.2,True,False,0.0,0
sybil_capture,1835087708,81,306,0.9767725055615316,0.9879369854264689,0.035684073771918366,0.9767725055615316,0.7167811561477958,0.526,0.811887379382989,0.7190447947509949,0.9107900746014372,0.9723930968441078,298,0.0635130095759611,0.23583345233974243,0.0003999004221020089,0.22114226114763486,0.465671059621063,0.01344031689349668,0.6,0.4,True,False,0.0,0
sybil_capture,1835087708,82,298,0.9891070953261294,0.989107097802372,0.15765382858818242,0.9891070953261294,0.7231115450864082,0.014000000000000002,0.8102852382483753,0.7098088254233778,0.9137264639860729,0.9587100154998275,298,0.021453380124156752,0.20416016668609485,0.07019937473786812,0.36393448507083287,0.2700769842238969,0.07017560915715056,0.2,0.0,True,False,0.0,0
sybil_capture,1835087708,83,298,0.9799554700098319,0.9910874554371821,0.03573261930602777,0.9799554700098319,0.7073209140620883,0.526,0.813397009567147,0.6993183917431449,0.9223538175874656,0.9321264444584234,294,9.488670060379075e-08,0.2737393794397694,0.01765685932766886,0.25271534664038614,0.4466421564718942,0.009246163233580693,0.6,0.4,True,False,0.0,0
sybil_capture,1835087708,84,294,0.988475811508229,0.9887160599903626,0.06624763434152947,0.988475811508229,0.7136785893351261,0.35,0.81453598850151,0.703973970681404,0.930118435828719,0.9291975830075442,290,0.18276873156770354,0.18999876145327757,0.013474236556879992,0.23326530821020916,0.3326036869012945,0.04788927531063532,1.0,0.0,True,False,0.0,0
sybil_capture,1835087708,85,290,0.9878406952148407,0.9878407004583314,0.15167162347501698,0.9878406952148407,0.7053415485048271,0.014000000000000002,0.819293806688561,0.7048879198183319,0.9260264312057542,0.9290883473053259,284,0.13890809588747613,0.2464590055309328,0.029358584345908094,0.28792511584604297,0.24459919479953582,0.052750003590104184,0.2,0.0,True,False,0.0,0
sybil_capture,1835087708,86,284,0.9858496378567275,0.9867337170252768,0.055860692782643724,0.9858496378567275,0.69737276817502,0.42400000000000004,0.822430195313259,0.6955942044621187,0.9334237880851788,0.906103991151395,280,0.011883507933792531,0.2898452557391949,0.04010341830408951,0.3027949377012925,0.31370603572380423,0.04166684459782633,0.8,0.2,True,False,0.0,0
sybil_capture,1835087708,87,280,0.9914764404467602,0.9915917692915751,0.07211254171806909,0.9914764404467602,0.7020014226310946,0.326,0.8170379549430051,0.6916961825922356,0.940081409276661,0.9005496933697495,283,0.0735211044152858,0.2410740847008522,0.030073409477199994,0.22835987545616054,0.41583841839491315,0.011133107555588344,0.6,0.2,True,False,0.0,0
sybil_capture,1835087708,88,283,0.9920742373606924,0.9920742536853702,0.1426654831309241,0.9920742373606924,0.7133897300994967,0.014000000000000002,0.8114673913325451,0.6985228578771948,0.9460732683489949,0.909881381190333,283,0.2051435551821375,0.15827993382661693,0.010725458953226897,0.28212326479293737,0.33826885149277364,0.005458935752307586,0.2,0.0,True,False,0.0,0
sybil_capture,1835087708,89,283,0.9840153578179038,0.985617844111795,0.05111731168526033,0.9840153578179038,0.7071748141323774,0.42400000000000004,0.8172045855831824,0.6958699657423999,0.9465875678415144,0.8995731849126858,281,0.09091563448830997,0.22897684323487447,0.07091641686058343,0.26064456993234686,0.2756081316370954,0.07293840384678985,0.8,0.2,True,False,0.0,0
sybil_capture,1835087708,90,281,0.989709832540892,0.9897098333615459,0.16644975256227285,0.989709832540892,0.7107389022799165,0.014000000000000002,0.8161396626748431,0.6936835517724669,0.9519288110573629,0.8928786558679686,279,0.09508855396483766,0.17213281673564365,0.032126287058777785,0.3046883792527952,0.32667413045704696,0.06928983253089897,0.2,0.0,True,False,0.0,0
sybil_capture,1835087708,91,279,0.988264338556075,0.9882673988198291,0.10097520258904867,0.988264338556075,0.7118163762581413,0.2,0.8119834447350979,0.7062059680063468,0.9567359299516266,0.9090591126562362,284,0.2775824227812917,0.16151689969752178,0.08140022405054488,0.11306835706855473,0.3539623151222046,0.012469781279882455,0.0,0.2,True,False,0.0,0
sybil_capture,1835087708,92,284,0.9915429534781831,0.9915466264321975,0.09954889665291237,0.9915429534781831,0.7186996455325114,0.21400000000000002,0.8040466354670813,0.7061926330698391,0.9610623369564639,0.9138825518965435,285,0.1287120432976208,0.15460423926752181,0.039746054687991056,0.29650348729079856,0.36719665740302376,0.013237518053043911,0.2,0.2,True,False,0.0,0
sybil_capture,1835087708,93,285,0.9848265693280375,0.9848333445121674,0.0946211020980433,0.9848265693280375,0.7171699160976546,0.21400000000000002,0.8033880930770106,0.7043894061240379,0.9452335099062998,0.9275734626424006,290,0.10633005884613354,0.1863499277205198,0.08311398886110037,0.3078229541617683,0.2013870332274114,0.11499603718306665,0.2,0.2,True,False,0.0,0
sybil_capture,1835087708,94,290,0.9904409931592271,0.9904410365062163,0.13487888259317812,0.9904409931592271,0.7168057264271792,0.05600000000000001,0.8067800000283163,0.6992192965729347,0.9299733644821198,0.9319396115256654,292,0.06311700943873373,0.3773858355057139,0.0560293246357047,0.2721997585082118,0.1963160278322495,0.03495204407938621,0.4,0.0,True,False,0.0,0
sybil_capture,1835087708,95,292,0.9903235609611453,0.9903303485745718,0.09465081934615252,0.9903235609611453,0.7108212483594867,0.21400000000000002,0.8064288730513788,0.6916944126670656,0.9369760280339078,0.9154185717462832,289,0.030451011534720285,0.2743612354885003,0.07375778107228452,0.2807203230094407,0.3300509908338109,0.010658658061243408,0.2,0.2,True,False,0.0,0
sybil_capture,1835087708,96,289,0.9913371266022822,0.9913371321520927,0.15124780398883078,0.9913371266022822,0.7123844441717317,0.0,0.8087780829493348,0.6955868089872332,0.922098064761302,0.9327061773943934,290,0.16846396191901192,0.2728695751375342,0.004052745094668954,0.32911750609207446,0.19409819765392491,0.03139801410278563,0.0,0.0,True,False,0.0,0
sybil_capture,1835087708,97,290,0.9909192859864946,0.9924911424296256,0.05132625074786158,0.9909192859864946,0.7073996439520116,0.41400000000000003,0.8031865129583732,0.6967170335159376,0.9268091466529593,0.9359436669793083,287,0.13636956222582491,0.13931091663613465,0.10852099330905358,0.2699127750384789,0.2846044418389375,0.0612813109515704,0.2,0.4,True,False,0.0,0
sybil_capture,1835087708,98,287,0.9853722953565995,0.9855230255440998,0.06993273216518045,0.9853722953565995,0.7044056123722573,0.326,0.8027602292392774,0.7069858979615803,0.9341282319876634,0.9427974624627194,292,0.25130895151799404,0.19654120505018288,0.0924868243142591,0.09217414871242292,0.30799082707003445,0.059498043335106575,0.6,0.2,True,False,0.0,0
sybil_capture,1835087708,99,292,0.9829398401806528,0.9853457666435572,0.04788030913285057,0.9829398401806528,0.6790092320594617,0.456,0.8080518510622319,0.7073258847242042,0.9192147613404776,0.9522770810721617,287,0.1336160207587864,0.4561633798200246,0.006644928361089225,0.20481034692263422,0.19249676275790278,0.006268561379562832,0.4,0.4,True,False,0.0,0
sybil_capture,1835087708,100,287,0.9902018090297816,0.9927155001586373,0.04759083556793084,0.9902018090297816,0.6729586028040301,0.456,0.807267191021433,0.7014706712297677,0.9272932852064298,0.9370766159972362,284,0.05638850927217169,0.21653144546923583,0.07864398365355445,0.2127750712970059,0.42057050043530325,0.015090489872728933,0.4,0.4,True,False,0.0,0
sybil_capture,1835087708,101,284,0.9894333373094936,0.989433338290597,0.16502604808289187,0.9894333373094936,0.6707062277409477,0.0,0.8124917154101771,0.6920125999739228,0.9324062833766987,0.9134607037671345,281,0.0076932788205435745,0.19434267052430865,0.07132588741405772,0.36575347701093525,0.28921163345455947,0.07167305277559542,0.0,0.0,True,False,0.0,0
sybil_capture,1835087708,102,281,0.9882444731541353,0.9882468671777674,0.10292943961934309,0.9882444731541353,0.6694552437354776,0.21400000000000002,0.8095448184394517,0.6924187198192631,0.9267650266518727,0.9229076945656705,285,0.12508437305045517,0.2773245089081658,0.06982475216061772,0.21279336198779353,0.23799685806421922,0.07697614582874861,0.2,0.2,True,False,0.0,0
sybil_capture,1835087708,103,285,0.9866822003588428,0.9875021482246719,0.05646632963617035,0.9866822003588428,0.6656335159950446,0.4,0.8097792842365661,0.7077977838282999,0.9053219448409565,0.9654715668285465,284,0.3178939964493249,0.2008185576082873,0.0004763841813980635,0.236312196723458,0.1561671042713555,0.08833176076617624,0.0,0.4,True,False,0.0,0
sybil_capture,1835087708,104,284,0.9857937333526477,0.9872430944936402,0.05192988487797337,0.9857937333526477,0.6683908932208918,0.41400000000000003,0.8095985353008727,0.7090203867028748,0.8939284006591609,0.9796845828876201,286,0.1451561508248729,0.2708343075684823,0.02651624914829269,0.3373816807323523,0.19569325151150022,0.024418360214499623,0.2,0.4,True,False,0.0,0
sybil_capture,1835087708,105,286,0.9883130271318079,0.9908193443042139,0.04759900206550233,0.9883130271318079,0.6917217007827382,0.456,0.8088720646224044,0.7081564156192846,0.9045355605932448,0.9678848945418456,290,0.11983810314441838,0.21493182804717126,0.023096748922318878,0.29494901033106163,0.30443238189738786,0.042751927657642005,0.4,0.4,True,False,0.0,0
sybil_capture,1835087708,106,290,0.9843612920317667,0.9853450408956963,0.05499915502913359,0.9843612920317667,0.6922763485504281,0.42400000000000004,0.8115011408092716,0.7148257336498978,0.9001779998178183,0.9785491619099166,290,0.2134642351447179,0.18545734757400234,0.057453608151938014,0.2290333933549689,0.23047997641948975,0.08411143935488322,0.8,0.2,True,False,0.0,0
sybil_capture,1835087708,107,290,0.9906704179449314,0.9906706940042554,0.12014361615383792,0.9906704179449314,0.6974198930885548,0.126,0.8134810098817377,0.70670490153561,0.9101601998360365,0.954493211450601,291,0.03275568210259013,0.19419216087070784,0.09146186418803823,0.22155799223848607,0.3773944545629596,0.0826378460372182,0.6,0.0,True,False,0.0,0
sybil_capture,1835087708,108,291,0.991383583829993,0.9913836724318645,0.1291956720305214,0.991383583829993,0.7151432107591666,0.126,0.8154383504535322,0.6994760491528615,0.9191441798524328,0.9332501623462214,297,0.038829908675399295,0.2998167013097618,0.0009172145697815627,0.24700826415739935,0.3874211857027104,0.02600672558494754,0.6,0.0,True,False,0.0,0
sybil_capture,1835087708,109,297,0.9911506098476123,0.9911506188265898,0.14741653718641157,0.9911506098476123,0.7046324446830722,0.05600000000000001,0.8149992942302657,0.7110170265709677,0.9272297618671895,0.9408825308488815,296,0.26893474844686555,0.19734825896696961,0.002297117783212366,0.09130547306036216,0.3374473601369944,0.10266704160559581,0.4,0.0,True,False,0.0,0
sybil_capture,1835087708,110,296,0.9891490317920679,0.9891490456099322,0.1439690467402994,0.9891490317920679,0.7143941287775174,0.014000000000000002,0.8100147659774952,0.7158636975939592,0.9339387232243875,0.946278604822047,301,0.19246902939424937,0.15942730581934325,0.05642877491524749,0.18878494920714464,0.29715968771958495,0.10573025294443017,0.2,0.0,True,False,0.0,0
sybil_capture,1835087708,111,301,0.9754466764353316,0.9915679635947405,0.032788718222613145,0.9754466764353316,0.7025872716431505,0.55,0.8089974749670408,0.7116776755084373,0.9261611605910666,0.9498381570142134,301,0.08258953492720156,0.21658567127982514,0.09029069293844175,0.35659657584432264,0.22808154844558912,0.025855976564619812,1.0,0.2,True,False,0.0,0
sybil_capture,1835087708,112,301,0.9894884048937241,0.9894948449000284,0.09506256106590817,0.9894884048937241,0.6796685572154794,0.22400000000000003,0.8174114445140576,0.7048810765129646,0.9297999206873352,0.9274395940429262,288,0.04734105974936433,0.33194903628749256,0.08113355718915692,0.19372246028585452,0.2812743807768766,0.06457950571125512,0.8,0.0,True,False,0.0,0
sybil_capture,1835087708,113,288,0.9887373878716791,0.9893191598137937,0.05921255994408977,0.9887373878716791,0.689469890703608,0.4,0.817491942653471,0.6991798439168599,0.9368199286186016,0.9129548461172041,291,0.05678526536929414,0.17998291407268144,0.041935616238535346,0.24406458716614945,0.36769839545326344,0.1095332217000763,0.0,0.4,True,False,0.0,0
sybil_capture,1835087708,114,291,0.9910413481901034,0.9918436376290438,0.05667455023330802,0.9910413481901034,0.7014408485274066,0.4,0.815563223294797,0.6924324721356706,0.9431379357567414,0.9002115459393013,296,0.04014525518317016,0.32784482485910194,0.05257284604586109,0.23800832874914543,0.3229934222662627,0.018435322896458734,0.0,0.4,True,False,0.0,0
sybil_capture,1835087708,115,296,0.9883880439510543,0.988392856523792,0.09737244265991364,0.9883880439510543,0.6971423733040197,0.22400000000000003,0.8134741029048533,0.6972480416026455,0.9452616331977691,0.9067583021261758,300,0.18046491342198104,0.2656605433761284,0.12020250252645834,0.13150825699175409,0.28218745508350906,0.01997632860016904,0.8,0.0,True,False,0.0,0
sybil_capture,1835087708,116,300,0.9907015462439732,0.9907049746846471,0.1000905122170061,0.9907015462439732,0.7014952337567794,0.21400000000000002,0.8074439155537589,0.7095743898228332,0.9172608097478023,0.958060042569257,303,0.2773593787539995,0.16273278538635652,0.07089467837767333,0.30854498809514797,0.13262669934905075,0.04784147003777181,0.2,0.2,True,False,0.0,0
sybil_capture,1835087708,117,303,0.9803155397688246,0.9917127551499019,0.03555020780191777,0.9803155397688246,0.6857338404859741,0.526,0.8081719333158418,0.6994068798007352,0.9255347287730221,0.9350469472360509,297,0.0038901183630461584,0.19341733880635048,0.0028296363618128314,0.2920780594506658,0.5063890232668649,0.0013958237512600702,0.6,0.4,True,False,0.0,0
sybil_capture,1835087708,118,297,0.9832533163769457,0.9918949753338446,0.037754815945623736,0.9832533163769457,0.7052693995819108,0.526,0.8109060347318989,0.6984730698454368,0.9256107585731926,0.9305736263687207,301,0.11295667543422842,0.29015793837363185,0.05126497094899476,0.26692053247787745,0.2631475133873637,0.015552369377903873,0.6,0.4,True,False,0.0,0
sybil_capture,1835087708,119,301,0.9895330456934429,0.9895330496492695,0.1539283808653499,0.9895330456934429,0.6996815414328725,0.0,0.8108903627372385,0.7063816866915422,0.9330496827158734,0.9336251085245133,300,0.22290337922971554,0.20935050536978206,0.03484269445584083,0.10832460627101398,0.3068269615469002,0.11775185312674745,0.0,0.0,True,False,0.0,0
sybil_capture,1835087708,120,300,0.9894133909655037,0.989413422098097,0.137505260680241,0.9894133909655037,0.7145475355926607,0.05600000000000001,0.8056330682603401,0.6988683204875581,0.9288559734162923,0.9339200344992831,309,0.035071476632412994,0.21084227352042093,0.057624013528884827,0.28017868875805685,0.24555629486003153,0.17072725270019293,0.4,0.0,True,False,0.0,0
sybil_capture,1835087708,121,309,0.9899140687812809,0.9901286037289985,0.0671600875752973,0.9899140687812809,0.710239305123931,0.35,0.8091743886640589,0.7000463375625136,0.9153213590878233,0.9451724683215011,306,0.1390179137416677,0.3083719045056021,0.04167924012967557,0.2948161245963802,0.19675491506580117,0.01935990196087347,1.0,0.0,True,False,0.0,0
sybil_capture,1835087708,122,306,0.9883218441564059,0.9888849305609144,0.05946892544064515,0.9883218441564059,0.7065732740417381,0.4,0.8058521490061402,0.7070143368884184,0.923789223179041,0.9497295712609348,303,0.21212895255038192,0.15580245497485104,0.03431981840960135,0.1936251201565363,0.3539790023181665,0.05014465159046299,0.0,0.4,True,False,0.0,0
sybil_capture,1835087708,123,303,0.9895600542456973,0.9896846472505314,0.07148218305143919,0.9895600542456973,0.687653509834485,0.326,0.8118642410887466,0.7018944490678674,0.9314103008611369,0.9282123831854039,292,0.06538536279837277,0.21613823727807385,0.10717177237354593,0.22655119352107855,0.3074838413491624,0.07726959267976662,0.6,0.2,True,False,0.0,0
sybil_capture,1835087708,124,292,0.9915998409102108,0.991615553968617,0.0879795139183844,0.9915998409102108,0.7027888081265014,0.256,0.8052211642216173,0.7133923352922683,0.9084711879536311,0.9752188775525933,300,0.26990760847242934,0.19348628416070598,0.026022379642483533,0.2650720577787552,0.15100958589304003,0.09450208405258594,0.4,0.2,True,False,0.0,0
sybil_capture,1835087708,125,300,0.9878525984351264,0.98785513460692,0.10246714419440972,0.9878525984351264,0.7093483059044041,0.2,0.8048851356041793,0.7160190903201058,0.8930643233468724,0.9961115004627294,305,0.16620464740563648,0.3324283374878241,0.01857008059450203,0.27711030102989975,0.1772012709430215,0.028485362539116044,0.0,0.2,True,False,0.0,0
sybil_capture,1835087708,126,305,0.9884475154639752,0.9884475201209283,0.15262078386457287,0.9884475154639752,0.7082419584644367,0.014000000000000002,0.7997259881478993,0.7121459311393412,0.8876266484988656,1.003222943524577,307,0.08659744169050844,0.17584332447189419,0.05272670825213159,0.3765179938498219,0.2193437874334025,0.08897074430224143,0.2,0.0,True,False,0.0,0
sybil_capture,1835087708,127,307,0.9902355959169689,0.9902365100907908,0.11060869356305378,0.9902355959169689,0.6943493397083156,0.126,0.79427586028669,0.7189394865158898,0.882407925628404,1.0257737316413647,301,0.21751064916894572,0.1505330082932476,0.04100143691877817,0.24361201251879455,0.21771970989712444,0.12962318320310956,0.6,0.0,True,False,0.0,0
sybil_capture,1835087708,128,301,0.9903430149987648,0.9906570401359414,0.064131543136053,0.9903430149987648,0.672860694726946,0.35,0.7994072514807473,0.7172651143984213,0.8941671330655636,1.0034434967583086,289,0.1159075276040753,0.20311675970842438,0.039886313459911976,0.20411369949067557,0.3199255983091352,0.11705010142777758,1.0,0.0,True,False,0.0,0
sybil_capture,1835087708,129,289,0.9916029347742572,0.9916029366298229,0.15997079075639387,0.9916029347742572,0.6820484549385011,0.014000000000000002,0.7980876007027203,0.7137108469314181,0.9030716100762329,0.9902607007645838,289,0.09136235316147258,0.2437497588966066,0.04011497852399212,0.32308652324667475,0.29160595158612823,0.010080434585125732,0.2,0.0,True,False,0.0,0
sybil_capture,1835087708,130,289,0.9890393143580231,0.990168924974463,0.05393748850308991,0.9890393143580231,0.6643818789389562,0.41400000000000003,0.7981442456220655,0.7099667268257893,0.8886805888932237,1.0009466136407759,286,0.08676777801177733,0.1744046714783579,0.17285945855966603,0.3298871536741881,0.17958069912306976,0.05650023915294091,0.2,0.4,True,False,0.0,0
sybil_capture,1835087708,131,286,0.9895284360839958,0.9915316708153136,0.04938818686268106,0.9895284360839958,0.6774479807209391,0.42400000000000004,0.7991603066154874,0.7128841432972757,0.8998125300039013,0.9913637019262043,288,0.16769691015969737,0.21406273294514785,0.010592623097277256,0.21763639025766604,0.37574143727443393,0.014269906265777302,0.8,0.2,True,False,0.0,0
sybil_capture,1835087708,132,288,0.9912568190498697,0.9912638879345482,0.09433511396354477,0.9912568190498697,0.6981561267860908,0.21400000000000002,0.7942530393460343,0.7108469356158603,0.8987512180156414,0.9958128318211009,297,0.107587493543105,0.19498540466694184,0.06533018438722825,0.3379326351947638,0.2445997050606515,0.04956457714730955,0.2,0.2,True,False,0.0,0
sybil_capture,1835087708,133,297,0.9923147885873745,0.9923148089187444,0.14092027947600072,0.9923147885873745,0.706671754620802,0.014000000000000002,0.7912592404948822,0.7108752554653526,0.9088760962140773,0.9884846304428413,296,0.13213333287856646,0.1572279818952429,0.009332391574159802,0.3050981158076148,0.39341699928766477,0.002791178556751051,0.2,0.0,True,False,0.0,0
sybil_capture,1835087708,134,296,0.9875774931393211,0.9899860063490491,0.047909153401136335,0.9875774931393211,0.7074952827254369,0.42400000000000004,0.7928354397029912,0.7010552163717297,0.9102952662807808,0.9713749194603851,299,0.009046545995559908,0.19572157496980744,0.2122952256410843,0.3177952387365992,0.2615338984405564,0.0036075162163927664,0.8,0.2,True,False,0.0,0
sybil_capture,1835087708,135,299,0.9872156760601782,0.9872156799436206,0.15405672094772702,0.9872156760601782,0.7183952160246224,0.0,0.7888105794212846,0.6927324933526899,0.9192657396527028,0.9553263526226144,305,0.02162547249433299,0.18167505126366243,0.1751625197883964,0.26167054021414043,0.3118658103977569,0.0480006058417109,0.0,0.0,True,False,0.0,0
sybil_capture,1835087708,136,305,0.9906004546536851,0.991080070926259,0.060763743788569545,0.9906004546536851,0.7019193326315677,0.35,0.7803692712311199,0.6858427190107574,0.9273391656874325,0.9477324923198333,299,0.03433562907127496,0.15598291303809433,0.0013073271785960044,0.365515224516144,0.3732843068081416,0.0695745993877492,1.0,0.0,True,False,0.0,0
sybil_capture,1835087708,137,299,0.9885782923358998,0.9885783063531498,0.14385041291248904,0.9885782923358998,0.6896043261445851,0.014000000000000002,0.7822213728046705,0.6951650215741855,0.906498940129422,0.9803720765348707,299,0.23268048142457323,0.316216764667769,0.028250459614743206,0.214227006577503,0.15946845505366392,0.04915683266174773,0.2,0.0,True,False,0.0,0
sybil_capture,1835087708,138,299,0.9913599911199075,0.9913863890460021,0.08384804024775386,0.9913599911199075,0.7110699334960504,0.22400000000000003,0.7833821359352613,0.6992473942015827,0.9112694716915503,0.9795133772829676,304,0.1730077963263313,0.23726485436227562,0.00813259112189766,0.24273989915562552,0.2771021278753522,0.06175273115851769,0.8,0.0,True,False,0.0,0
sybil_capture,1835087708,139,304,0.987092470029671,0.989331530378716,0.04848460334862137,0.987092470029671,0.7187034959259856,0.41400000000000003,0.7825865450993693,0.6989467169768164,0.911681872744794,0.9796442026776639,309,0.12077115606641148,0.20010255981156325,0.08302788341077226,0.2464718053706511,0.2576967411119938,0.09192985422860812,0.2,0.4,True,False,0.0,0
sybil_capture,1835087708,140,309,0.9910915031590651,0.9910915458085201,0.1350132432928771,0.9910915031590651,0.7236382056696092,0.014000000000000002,0.7805258577497511,0.6897564311917954,0.9205136854703145,0.9600154305666553,310,0.00946312579774768,0.17424700168571253,0.07072766934256247,0.287513872100741,0.40737299976727653,0.05067533130595977,0.2,0.0,True,False,0.0,0
sybil_capture,1835087708,141,310,0.9858599392094887,0.9911741554937983,0.04161928947674552,0.9858599392094887,0.7225003288571188,0.456,0.7777339587007871,0.6873741370413802,0.9284623169232831,0.9519142831003231,312,0.08881909261468182,0.2765373219720696,0.046239045044245274,0.23184227472774402,0.3231815598710523,0.03338070577020699,0.4,0.4,True,False,0.0,0
sybil_capture,1835087708,142,312,0.9941557403313376,0.9941557653878108,0.1392716388788291,0.9941557403313376,0.7248995000442168,0.014000000000000002,0.7765467193650435,0.6945047484730335,0.9193763765252206,0.9727792311399636,309,0.2062414785465287,0.1482026323485051,0.0674359583766161,0.35579525513207766,0.21880145647132948,0.003523219124942995,0.2,0.0,True,False,0.0,0
sybil_capture,1835087708,143,309,0.9906892619703704,0.9907127605654767,0.08476874312482315,0.9906892619703704,0.7262242108767806,0.21400000000000002,0.7708348270827161,0.692359782516157,0.9263119630220442,0.969646047893217,310,0.09475339333469017,0.1454754237578566,0.0530448563503932,0.3704540428421485,0.29436612074672835,0.04190616296818315,0.2,0.2,True,False,0.0,0
sybil_capture,1835087708,144,310,0.9604879963460887,0.9906952732091967,0.02778324184755972,0.9604879963460887,0.7059710305372205,0.55,0.774566259907395,0.6939680772150595,0.9224532744190495,0.971262321199712,310,0.14032854780887905,0.17879163411106652,0.03327955682975144,0.2517159428348396,0.2438625384960481,0.15202177991941518,1.0,0.2,True,False,0.0,0
sybil_capture,1835087708,145,310,0.9904953391685327,0.9905307941010048,0.08149312901339335,0.9904953391685327,0.7223473240729703,0.256,0.7745572927716441,0.6869808040920328,0.9255715603239607,0.95825490926992,310,0.03388913422157801,0.2464517884528057,0.1573938190938712,0.24821823693304548,0.27681806673408127,0.03722895456461834,0.4,0.2,True,False,0.0,0
sybil_capture,1835087708,146,310,0.9924051392195401,0.9924051694037689,0.13777554439622358,0.9924051392195401,0.7255408099114377,0.014000000000000002,0.7784058685561092,0.7008172292516233,0.918880088895079,0.9798053979700427,311,0.28981831705240213,0.20371976132046968,0.061840909996855944,0.17335117181771056,0.2293284230175716,0.041941416794990145,0.2,0.0,True,False,0.0,0
sybil_capture,1835087708,147,311,0.96994144207653,0.9899100890587494,0.031071760441727603,0.96994144207653,0.728144749578304,0.55,0.7773929554991793,0.7030289008132784,0.9268136353914771,0.97575360248729,315,0.15315666280295445,0.16205874575964196,0.08863692517829358,0.25840673370941675,0.2991077769295298,0.03863315562016358,1.0,0.2,True,False,0.0,0
sybil_capture,1835087708,148,315,0.9921095213643324,0.9926473805666731,0.0598640141141042,0.9921095213643324,0.7274897027798936,0.35,0.7811862867078737,0.7029289287579121,0.9141010725090005,0.9843795605337327,311,0.12564341231622017,0.20022288469698746,0.12783431155251723,0.23892932565068567,0.19984400328335578,0.10752606250023371,1.0,0.0,True,False,0.0,0
sybil_capture,1835087708,149,311,0.985667153968555,0.9856984861489454,0.08243819880905406,0.985667153968555,0.7461435258928077,0.256,0.7828666968128315,0.7150149740936991,0.9006038525483213,1.0141297381309902,322,0.27790614717103207,0.26370362777074197,0.0015100664967377143,0.21437466479942263,0.1895644364511044,0.05294105731096123,0.4,0.2,True,False,0.0,0
sybil_capture,1835087708,150,322,0.9874428388841997,0.9876352115082511,0.06800797074622941,0.9874428388841997,0.7256322884254397,0.326,0.7849750435250978,0.7187245270691831,0.8720390955266565,1.04995493799523,318,0.18075377100211273,0.3141339931639889,0.09903296369980934,0.29840121277436205,0.10747814116583673,0.00019991819389034914,0.6,0.2,True,False,0.0,0
sybil_capture,1835087708,151,318,0.9889291457121736,0.9889295056701549,0.11801723612634701,0.9889291457121736,0.7136144859011161,0.126,0.7915649773838257,0.7105891777116463,0.8828733712667642,1.016795463983469,311,0.035010962449030195,0.18751415931977874,0.08630421593475378,0.2227406325393252,0.2901909264638671,0.1782391032932448,0.6,0.0,True,False,0.0,0
sybil_capture,1835087708,152,311,0.986496033669606,0.9864960367159502,0.1559834609124526,0.986496033669606,0.7111332453864395,0.014000000000000002,0.7915526279279244,0.7205244188396362,0.8945860341400879,1.017528998098497,310,0.2558087501696537,0.1648061107685381,0.01455862502204355,0.1386982246945505,0.3462266263594337,0.0799016629857805,0.2,0.0,True,False,0.0,0
sybil_capture,1835087708,153,310,0.9897008827567895,0.9909583568543727,0.05309025723824941,0.9897008827567895,0.7242440634972217,0.41400000000000003,0.7941541054825813,0.7216568091126462,0.9030521891710777,1.006266648031421,310,0.1519826401873964,0.2330535166075032,0.03601486421168177,0.2356426108053871,0.2896237922249926,0.05368257596303884,0.2,0.4,True,False,0.0,0
sybil_capture,1835087708,154,310,0.9897550448135009,0.9897550640262706,0.1413501789062212,0.9897550448135009,0.7187125635035988,0.014000000000000002,0.7982587655042312,0.7125727082454527,0.9089184053065043,0.9821110348906981,305,0.024984244855484852,0.24058280785660374,0.062248262805300277,0.2943917604972746,0.28085717526267157,0.09693574872266496,0.2,0.0,True,False,0.0,0
sybil_capture,1835087708,155,305,0.992113053801426,0.9921130685255874,0.1434871800087663,0.992113053801426,0.7200694959436026,0.014000000000000002,0.7959398053120144,0.7199775447921521,0.8860629294735015,1.0208787404180002,309,0.22541839948715028,0.30543845398207536,0.03700264894094541,0.2557654440234966,0.14018182348823835,0.03619323007809419,0.2,0.0,True,False,0.0,0
sybil_capture,1835087708,156,309,0.9886517301324368,0.9888829514201715,0.0665538369677741,0.9886517301324368,0.7185765888389414,0.326,0.7962138061402035,0.7262069472229711,0.881199282826086,1.0350386333565194,308,0.21535349588033226,0.21523968443435915,0.030686829463761563,0.24378772791578326,0.21871323149967323,0.07621903080609052,0.6,0.2,True,False,0.0,0
sybil_capture,1835087708,157,308,0.9891230147777722,0.9891338167164393,0.09094273644103539,0.9891230147777722,0.7086846530117791,0.21400000000000002,0.7959284975205824,0.7289346928125117,0.8811143470024259,1.0393989963495625,307,0.17547616188361384,0.188389514265305,0.1126664507074847,0.1791062973401414,0.2401749622947424,0.10418661350871257,0.2,0.2,True,False,0.0,0
sybil_capture,1835087708,158,307,0.9887695512464718,0.9887695547749539,0.1548322468240883,0.9887695512464718,0.7132541149311232,0.014000000000000002,0.8009727185879628,0.74047326092849,0.8930029123021833,1.0352346056232042,303,0.2873162844575491,0.17766966537249484,0.010189762426247254,0.16927015499805986,0.3134711656227914,0.042082967122857515,0.2,0.0,True,False,0.0,0
sybil_capture,1835087708,159,303,0.9876082431678639,0.9876082596084076,0.14257327069921438,0.9876082431678639,0.7030188832349828,0.014000000000000002,0.803412005417044,0.7303292829992899,0.8940017708571273,1.0168151728623065,300,0.02349606396530523,0.16503504237214586,0.05801491960335024,0.2526685577251036,0.25149574892581145,0.24928966740828357,0.2,0.0,True,False,0.0,0
sybil_capture,1835087708,160,300,0.9903387789438395,0.9903474017668606,0.0927460059463368,0.9903387789438395,0.7069969116654504,0.21400000000000002,0.8043837479164118,0.72895019875308,0.9046015937714146,1.0017912239119098,297,0.1267172487969323,0.20571075002248565,0.028096400416177825,0.23691769914589153,0.30329798997277246,0.09925991164574025,0.2,0.2,True,False,0.0,0
sybil_capture,1835087708,161,297,0.9884393971305498,0.9884393981175299,0.16497051061693085,0.9884393971305498,0.6900968788691911,0.0,0.8075789787942221,0.7377438162600309,0.8801025305215683,1.0379759774532322,293,0.2530140930575622,0.2801763619311175,0.0673259780464705,0.24164399882477192,0.12980548063647593,0.028034087503602142,0.0,0.0,True,False,0.0,0
sybil_capture,1835087708,162,293,0.9887850512829407,0.9887850572079415,0.15070656072959984,0.9887850512829407,0.6891353763939939,0.014000000000000002,0.8070780474736607,0.736398825486265,0.8833165769948822,1.0329544517720008,291,0.1317775004904456,0.2012759364352977,0.09258549730186219,0.2474672337020476,0.2561214976273536,0.0707723344429933,0.2,0.0,True,False,0.0,0
sybil_capture,1835087708,163,291,0.9855244702118503,0.9866910600087094,0.05365307198622912,0.9855244702118503,0.7051188903352049,0.4,0.8075218981618205,0.7383542336761569,0.887225789651907,1.0305671713210756,300,0.17219186830256494,0.34580832770344994,0.011769629564957345,0.1840823888079334,0.2612043517825654,0.024943433838529153,0.0,0.4,True,False,0.0,0
sybil_capture,1835087708,164,300,0.9895090599436211,0.9895166649991891,0.09373910577198198,0.9895090599436211,0.7109036012717627,0.22400000000000003,0.8090738348421423,0.7415634854407861,0.8984059911948222,1.0202052194991031,298,0.18908704310546265,0.24657443578264174,0.0472285488122551,0.19555917087788058,0.29951390254052956,0.02203689888123053,0.8,0.0,True,False,0.0,0
sybil_capture,1835087708,165,298,0.988835668933893,0.989705678375377,0.056012331761225415,0.988835668933893,0.7071736971488137,0.4,0.8099205284893827,0.7355631607338569,0.8984467801170399,1.0108464887058113,296,0.07597311956387644,0.2067564780460189,0.09100315745568512,0.2623150597196603,0.24940694020849932,0.11454524500625997,0.0,0.4,True,False,0.0,0
sybil_capture,1835087708,166,296,0.9890963192441212,0.9900534723441595,0.055255265395299735,0.9890963192441212,0.717566823726479,0.4,0.8047946245681749,0.7240212860647567,0.9065960787710362,0.9923215691017747,301,0.0029535420949088416,0.22671969667163583,0.0760041665420243,0.2755353154890805,0.28996988332850154,0.12881739587384905,0.0,0.4,True,False,0.0,0
sybil_capture,1835087708,167,301,0.9863526372356194,0.9863575198220975,0.09724106446132859,0.9863526372356194,0.7056275209606155,0.21400000000000002,0.8036266955356497,0.7321072655723986,0.8998443864722101,1.0124018966444974,300,0.24108804763599676,0.2812046886104005,0.04340297904359445,0.17999328350747493,0.21953957789138767,0.03477142331114554,0.2,0.2,True,False,0.0,0
sybil_capture,1835087708,168,300,0.9913778411664983,0.9913835176541476,0.09608227655268403,0.9913778411664983,0.7000410493958502,0.22400000000000003,0.8098960353789804,0.7305339330098538,0.9006220375669038,1.0015405808451328,291,0.125400383950939,0.16112207197265338,0.02775224320099441,0.32290959200344743,0.25381044870957375,0.10900526016239215,0.8,0.0,True,False,0.0,0
sybil_capture,1835087708,169,291,0.9881916396461313,0.9898771807815969,0.050749411938072954,0.9881916396461313,0.6953216622764039,0.41400000000000003,0.8134159543778146,0.733279202810355,0.9063447383339911,0.9946339144691992,284,0.17839958063742312,0.18022263304307076,0.07984991631091255,0.25867393005748585,0.27892452261888845,0.02392941733221928,0.2,0.4,True,False,0.0,0
sybil_capture,1835087708,170,284,0.943672736191586,0.9892182879721217,0.024502719178563153,0.943672736191586,0.6605842757863145,0.614,0.8134147716489907,0.7299369250750313,0.915710264500592,0.9799754508275874,281,0.1040210300649256,0.26862162214772783,0.028173593673250615,0.23380477922032128,0.30802210209864594,0.05735687279512883,0.2,0.6,True,False,0.0,0
sybil_capture,1835087708,171,281,0.9913393325415943,0.9926471700923011,0.05279121909174538,0.9913393325415943,0.6901112058504393,0.42400000000000004,0.8125741165426533,0.739245233018166,0.9124547565008463,0.9970437349594774,279,0.2600644274610786,0.18031628965834243,0.02229636364448711,0.20780267752254197,0.24157759225156722,0.08794264946198263,0.8,0.2,True,False,0.0,0
sybil_capture,1835087708,172,279,0.9373319438418781,0.9859607026811483,0.023955060743130446,0.9373319438418781,0.6491371133981911,0.614,0.8155716408659566,0.7305623626769132,0.9127751094274746,0.9813668632898065,277,0.04099239137069374,0.17957591100513953,0.02691618138997907,0.3439896334546031,0.25782914288356495,0.15069673989601962,0.2,0.6,True,False,0.0,0
sybil_capture,1835087708,173,277,0.9806219941154644,0.9904076737348799,0.03675323107127288,0.9806219941154644,0.6737440505603863,0.526,0.8185000771724789,0.7267764395155427,0.9056719364372476,0.9804178386064982,275,0.09677743715593963,0.2166446488369104,0.14685415716769876,0.2881679297254407,0.22087168976260232,0.030684137351408288,0.6,0.4,True,False,0.0,0
sybil_capture,1835087708,174,275,0.9777409860480002,0.9913925753931929,0.03411094826102031,0.9777409860480002,0.6930995988197431,0.526,0.8154327171286335,0.7219414356998249,0.9151047427935228,0.9674823039561833,282,0.0812977270007419,0.1821201489631367,0.03687166489270515,0.2659689857653032,0.35857868529577214,0.07516278808234093,0.6,0.4,True,False,0.0,0
sybil_capture,1835087708,175,282,0.9773288502929538,0.9881916200808556,0.035904199151463215,0.9773288502929538,0.6901976915694582,0.526,0.8121065564196571,0.712975399654325,0.9235942685141706,0.9505616730340387,281,0.026637946743641745,0.1717060446307466,0.054795756006261145,0.3563017249294078,0.3302344928241244,0.06032403486581838,0.6,0.4,True,False,0.0,0
sybil_capture,1835087708,176,281,0.9906719683822874,0.9906719694251498,0.16455007085825282,0.9906719683822874,0.6823634125078434,0.014000000000000002,0.8125544352052196,0.7216028349545169,0.9312348416627535,0.9536445892926809,277,0.2409525660363524,0.22044568823694663,0.025112999037633015,0.1131131096269608,0.3757397850176732,0.024635852044433994,0.2,0.0,True,False,0.0,0
sybil_capture,1835087708,177,277,0.9876415634335897,0.9877506974009245,0.0725211341002604,0.9876415634335897,0.6778016654575594,0.326,0.8113348873088035,0.7304791626493533,0.9057785919080839,0.9939982711524741,278,0.24945586803202754,0.16608972648165665,0.009279786846539313,0.3113880079364797,0.13833617205802873,0.12545043864526811,0.6,0.2,True,False,0.0,0
sybil_capture,1835087708,178,278,0.9866086669650038,0.9866150378135873,0.09512530411394031,0.9866086669650038,0.68492490337974,0.22400000000000003,0.8142019212591487,0.7383769125203434,0.9152007327172754,0.9908995399337913,272,0.24277135004322203,0.1648276299340748,0.0009520192643766285,0.2736287449716574,0.3063798374354769,0.0114404183511922,0.8,0.0,True,False,0.0,0
sybil_capture,1835087708,179,272,0.9869567317266377,0.9880946531107292,0.05386244626035747,0.9869567317266377,0.6850995620540767,0.4,0.811991690544677,0.7350375010674871,0.9236806594455479,0.9800225344145723,274,0.10724292716451028,0.16952477906490834,0.1539213010886629,0.20045164886184616,0.34015559587648225,0.028703747943590114,0.0,0.4,True,False,0.0,0
sybil_capture,1835087708,180,274,0.9894320786808916,0.9894320905289934,0.1451955407026133,0.9894320786808916,0.6804655186481858,0.014000000000000002,0.8098132164027619,0.7285289749758013,0.9313125935009932,0.9659763488383714,270,0.06554186202110708,0.1915401678813403,0.1029130593213627,0.29095834822202116,0.30504705264048404,0.043999509913684634,0.2,0.0,True,False,0.0,0
sybil_capture,1835087708,181,270,0.9867355616730645,0.9867355650001444,0.15528369099663328,0.9867355616730645,0.6577834657079226,0.014000000000000002,0.8123908087652019,0.7390545971847973,0.9346577712835116,0.9733272900968852,264,0.2744008869723265,0.20910668500613125,0.07390496220394033,0.1158565580250641,0.28238218566308876,0.04434872212944896,0.2,0.0,True,False,0.0,0
sybil_capture,1835087708,182,264,0.9902476843607079,0.9902531225830515,0.096414526636576,0.9902476843607079,0.6528053385804082,0.22400000000000003,0.8132562779608339,0.7404907829822489,0.9307087479656823,0.9783143788711464,264,0.1673614457086435,0.2732775456094926,0.07186917836619455,0.1868595608736158,0.24758376905260912,0.053048500389444454,0.8,0.0,True,False,0.0,0
sybil_capture,1835087708,183,264,0.9744202347054653,0.9888788952891678,0.0336335319620943,0.9744202347054653,0.6431135093849157,0.526,0.8154886769217689,0.7341707051304586,0.9376378731691141,0.9601608081810468,263,0.07130576621652689,0.20666818800719222,0.1429514826830377,0.2368500705429246,0.31285475611306024,0.029369736437258473,0.6,0.4,True,False,0.0,0
sybil_capture,1835087708,184,263,0.991327293821799,0.9913274800382488,0.12328282161215216,0.991327293821799,0.629381703073164,0.126,0.8154799690169842,0.7325304987245911,0.9278930063250221,0.9680872759392839,257,0.12585411063319357,0.21699263700923277,0.13892622593275245,0.21234627398202133,0.22009460236409714,0.08578615007870287,0.6,0.0,True,False,0.0,0
sybil_capture,1835087708,185,257,0.9898180204935453,0.9898180272467085,0.1496734540368598,0.9898180204935453,0.6391799587568909,0.0,0.8071114313780916,0.7415227734603768,0.9266042135088338,0.9915091454389534,260,0.25773499590019033,0.14862919597432653,0.010812090219342879,0.2431302632867916,0.2575025390815694,0.08219091553777931,0.0,0.0,True,False,0.0,0
sybil_capture,1835087708,186,260,0.9849531839235064,0.9881496914594547,0.04564128187879529,0.9849531839235064,0.642685857255056,0.456,0.8092430377765856,0.7466696219036504,0.913200489244171,1.0103768228412084,261,0.21528733895365582,0.20061496258780875,0.06573797758058349,0.3152347273098956,0.19628348543110247,0.0068415081369537474,0.4,0.4,True,False,0.0,0
sybil_capture,1835087708,187,261,0.9887569607009193,0.9887573955677514,0.11651097822713401,0.9887569607009193,0.656366695758033,0.126,0.807702022170151,0.745224977357906,0.9218804403197539,1.0008330346504564,265,0.13611045686797796,0.19830582237397995,0.04280221873098623,0.21519357512788756,0.3463517242515668,0.0612362026476016,0.6,0.0,True,False,0.0,0
sybil_capture,1835087708,188,265,0.9892463783577126,0.9892463861996288,0.14847904584250743,0.9892463783577126,0.6559352828017178,0.0,0.8082969930085541,0.7579637284900107,0.9131868210608545,1.0268755776528367,268,0.3390130004218724,0.2105623212578381,0.04052732531772671,0.14482156667225526,0.21747212386537942,0.047603662464928254,0.0,0.0,True,False,0.0,0
sybil_capture,1835087708,189,268,0.9765056644660497,0.9875906729738194,0.03573814723730111,0.9765056644660497,0.6649707126995781,0.526,0.8064191859342431,0.751708170308959,0.921868138954769,1.0111593765423061,272,0.0830328530431104,0.22992886555171224,4.853723176002846e-05,0.30099643974073576,0.36361881178027305,0.02237449265240853,0.6,0.4,True,False,0.0,0
sybil_capture,1835087708,190,272,0.9918669382902072,0.9918669391764391,0.16585513639380875,0.9918669382902072,0.6904547296127016,0.0,0.8073917245999211,0.7540816421812819,0.9010097797434691,1.036584163273379,280,0.18698600484713557,0.18693032647074687,0.0741135900070576,0.32160817857473045,0.1566422734208844,0.07371962667944508,0.0,0.0,True,False,0.0,0
sybil_capture,1835087708,191,280,0.9856052884687269,0.9857562528609354,0.06992225694766284,0.9856052884687269,0.6807483164416627,0.326,0.8110609575754071,0.7629559237072467,0.8800303541619104,1.0689276252231283,277,0.269729545437862,0.16623391578841312,0.07029035532835558,0.2957833446374043,0.14560776196394154,0.0523550768440234,0.6,0.2,True,False,0.0,0
sybil_capture,1835087708,192,277,0.9727886383286384,0.9868138989333393,0.03385914554244521,0.9727886383286384,0.6874677643100324,0.526,0.8100858052862574,0.7513865033779954,0.8909647705821618,1.0410505921148354,282,0.019729698201387078,0.328388071864648,0.02683117544363368,0.3164124398678288,0.29468725918221206,0.013951355440290424,0.6,0.4,True,False,0.0,0
sybil_capture,1835087708,193,282,0.9885347920086478,0.9886278711465254,0.07379485568324068,0.9885347920086478,0.7119020405248258,0.326,0.8107961862917888,0.750228137918606,0.9018682935239457,1.0259791438048864,285,0.1426369963688802,0.16923680081350628,0.02965534663669318,0.22479923914764333,0.3583809552804566,0.07529066175282044,0.6,0.2,True,False,0.0,0
sybil_capture,1835087708,194,285,0.9721935505438477,0.9897341655850304,0.03210232435434624,0.9721935505438477,0.6953621949937142,0.55,0.809649617710557,0.7627167310226757,0.9069830089421462,1.0386446940092804,283,0.32970597138970875,0.1719688145489665,0.048231469321483776,0.1517650470864536,0.2765077238529755,0.02182097380041192,1.0,0.2,True,False,0.0,0
sybil_capture,1835087708,195,283,0.9902127635171586,0.9903103220027709,0.0734342514170446,0.9902127635171586,0.703146429419899,0.326,0.8071326442201215,0.7501336140596307,0.9039182080834557,1.0281691757910252,286,0.006908994851110596,0.3839904813575928,0.013858789703751115,0.2504359549303377,0.23816750017762042,0.10663827897958739,0.6,0.2,True,False,0.0,0
sybil_capture,1835087708,196,286,0.9901926726595613,0.9902106314371946,0.08690486643230776,0.9901926726595613,0.699568250400867,0.256,0.8088788369667822,0.7572919606201652,0.9023099127615228,1.0375860995583042,289,0.24581284079395044,0.1817129050136216,0.05770018189997166,0.12719406518422868,0.24391762743206338,0.14366237967616416,0.4,0.2,True,False,0.0,0
sybil_capture,1835087708,197,289,0.989664326501273,0.9897787839604696,0.07215834651444789,0.989664326501273,0.7057810459884444,0.326,0.8093898382387046,0.7463774812029104,0.9116502631019321,1.0115154455130628,289,0.02437648267191735,0.2247830709656808,0.004531262886380664,0.31831352490726766,0.29785670808280795,0.13013895048594565,0.6,0.2,True,False,0.0,0
sybil_capture,1835087708,198,289,0.9883899379952108,0.9883899404129899,0.1578382449264431,0.9883899379952108,0.7160256805574481,0.0,0.8096033066112422,0.7547888802521199,0.8988034894327074,1.0372620059129076,291,0.2591284138669372,0.17349976517725785,0.020332832156173843,0.33396925844338804,0.19159126320484232,0.0214784671514008,0.0,0.0,True,False,0.0,0
sybil_capture,1835087708,199,291,0.9904473115173855,0.9909309273384462,0.06069644152524015,0.9904473115173855,0.7085650207070661,0.4,0.8115667846228483,0.7519017766083501,0.8920321374154198,1.038619197680736,287,0.12315425461045351,0.2304987105166868,0.06535121842170215,0.2991988195506019,0.21554498462991567,0.06625201227064001,0.0,0.4,True,False,0.0,0
sybil_capture,1835087708,200,287,0.9370913868680146,0.9904124106821571,0.023257673316592047,0.9370913868680146,0.6763164006455474,0.614,0.81113698802901,0.7624601376198582,0.8798684300436281,1.068329453730801,288,0.2894181230240704,0.18424405537612334,0.06509861294213289,0.2579944599170977,0.1851975318487517,0.018047216891824217,0.2,0.6,True,False,0.0,0
sybil_capture,1835087708,201,288,0.9863876309270195,0.9876997693225044,0.052725312615232015,0.9863876309270195,0.7014624248748698,0.42400000000000004,0.8132120241437539,0.7664929098931864,0.8918815870392653,1.05681058008447,283,0.21444723942901434,0.19994854574261176,0.057361894303501075,0.15952103520528074,0.31892738780958774,0.0497938975100042,0.8,0.2,True,False,0.0,0
sybil_capture,1835087708,202,283,0.99065340581164,0.9916764792003349,0.054738137738295445,0.99065340581164,0.6897028725714704,0.42400000000000004,0.8112446142344719,0.7647784167197428,0.8927350988795539,1.0559933577758713,276,0.14512690401519596,0.1831068301681612,0.022534313376613855,0.26015922746466963,0.2502083527210754,0.13886437225428405,0.8,0.2,True,False,0.0,0
sybil_capture,1835087708,203,276,0.9503669549333058,0.9894010848240253,0.02573224307692362,0.9503669549333058,0.6538622213339148,0.6,0.8109822140631536,0.7619551616054154,0.9034615889915986,1.0399402622254803,272,0.13019582152074677,0.23787597065435717,0.031934145033087086,0.21085605236414254,0.34672004967984715,0.0424179607478193,0.0,0.6,True,False,0.0,0
sybil_capture,1835087708,204,272,0.9869409296043018,0.9869591353372251,0.08676997035257321,0.9869409296043018,0.6821244935224863,0.256,0.8116483984459353,0.7493801374653413,0.9092637736817336,1.015416820420691,273,0.00653417425245749,0.17898772012760017,0.021856404034362478,0.4837712979938741,0.2807417179464745,0.02810868564523131,0.4,0.2,True,False,0.0,0
sybil_capture,1835087708,205,273,0.988804060062831,0.9888040676901432,0.1486963594966224,0.988804060062831,0.6981681228473395,0.014000000000000002,0.8023685267395295,0.7507160320697547,0.9183373963135603,1.0188248653286855,282,0.17256126847100572,0.16349052309553197,0.07303454745339535,0.18763944510845915,0.3940763040127486,0.009197911858859088,0.2,0.0,True,False,0.0,0
sybil_capture,1835087708,206,282,0.9839109013989074,0.9846004636960588,0.0578214606140432,0.9839109013989074,0.6953833423178007,0.41400000000000003,0.8071303391571558,0.7530792313448503,0.9265036566822042,1.0070472797360028,279,0.18623751098229246,0.20004932750722623,0.024942149696394432,0.20401552544702273,0.3409598670783527,0.04379561928871139,0.2,0.4,True,False,0.0,0
sybil_capture,1835087708,207,279,0.990007038826808,0.9900095953686239,0.10242080746259741,0.990007038826808,0.6870985425942536,0.21400000000000002,0.8087875951143985,0.7493750693942584,0.9088993536417812,1.0194101759756757,277,0.1118724952081312,0.2255580331525485,0.03505542748248477,0.31892253775289175,0.17523031313898704,0.13336119326495674,0.2,0.2,True,False,0.0,0
sybil_capture,1835087708,208,277,0.9906142830198402,0.9906143387103232,0.13288570319949092,0.9906142830198402,0.7023309877852772,0.05600000000000001,0.8023570404237375,0.750606571676972,0.8917422597000338,1.0490721220677157,288,0.1712531969053316,0.17357088049390823,0.029707720952772715,0.2639134687693163,0.16866420711215388,0.19289052576651725,0.4,0.0,True,False,0.0,0
sybil_capture,1835087708,209,288,0.9611541038554221,0.9833682623151669,0.03017070462887733,0.9611541038554221,0.6909342298044719,0.55,0.8010936858579976,0.745716197525909,0.8900088938901336,1.0459138672542712,295,0.09549943040982065,0.2586606907997268,0.10172392105288944,0.23436349769032938,0.2372043008005158,0.07254815924671776,1.0,0.2,True,False,0.0,0
sybil_capture,1835087708,210,295,0.986017339189277,0.9860173785821108,0.13560465815475958,0.986017339189277,0.7073973591851651,0.05600000000000001,0.7981713059321952,0.74713064340204,0.8747408459235511,1.0700917898360702,298,0.1712531969053316,0.17357088049390823,0.029707720952772715,0.2639134687693163,0.16866420711215388,0.19289052576651725,0.4,0.0,True,False,0.0,0
sybil_capture,1835087708,211,298,0.9873279879588721,0.9873280578304646,0.1310535102414122,0.9873279879588721,0.7148828193811035,0.05600000000000001,0.7984727266322611,0.7484743669843645,0.8609996027536267,1.088714216484163,303,0.1712531969053316,0.17357088049390823,0.029707720952772715,0.2639134687693163,0.16866420711215388,0.19289052576651725,0.4,0.0,True,False,0.0,0
sybil_capture,1835087708,212,303,0.9896547124052167,0.9896547394111859,0.1386391036064986,0.9896547124052167,0.7022094668137682,0.05600000000000001,0.801351936846821,0.7497509043875729,0.8486324839006949,1.102488468648469,298,0.1712531969053316,0.17357088049390823,0.029707720952772715,0.2639134687693163,0.16866420711215388,0.19289052576651725,0.4,0.0,True,False,0.0,0
sybil_capture,1835087708,213,298,0.9850080465161096,0.9850080886783054,0.13505569800357695,0.9850080465161096,0.7131617387647188,0.05600000000000001,0.7938076412103171,0.7509636149206207,0.8375020769330562,1.1295819072749285,309,0.1712531969053316,0.17357088049390823,0.029707720952772715,0.2639134687693163,0.16866420711215388,0.19289052576651725,0.4,0.0,True,False,0.0,0
sybil_capture,1835087708,214,309,0.9897799845972668,0.9897800194935221,0.13659977200607526,0.9897799845972668,0.6970691782189787,0.05600000000000001,0.7974783501139254,0.7521156899270162,0.8274847106621814,1.1397399432764082,301,0.1712531969053316,0.17357088049390823,0.029707720952772715,0.2639134687693163,0.16866420711215388,0.19289052576651725,0.4,0.0,True,False,0.0,0
sybil_capture,1835087708,215,301,0.9902266794176491,0.9902267082845884,0.13811325095650026,0.9902266794176491,0.6898238156294166,0.05600000000000001,0.7984916287222292,0.7532101611830919,0.8184690810183941,1.1525068754918937,299,0.1712531969053316,0.17357088049390823,0.029707720952772715,0.2639134687693163,0.16866420711215388,0.19289052576651725,0.4,0.0,True,False,0.0,0
sybil_capture,1835087708,216,299,0.9876918628913965,0.9876918873154448,0.13942320562960864,0.9876918628913965,0.6888399701607968,0.05600000000000001,0.8007273157472912,0.7542499088763639,0.8103550143389855,1.162399189400988,300,0.1712531969053316,0.17357088049390823,0.029707720952772715,0.2639134687693163,0.16866420711215388,0.19289052576651725,0.4,0.0,True,False,0.0,0
sybil_capture,1835087708,217,300,0.9924351615993378,0.9924352218448941,0.1322745039871422,0.9924351615993378,0.6795727371367872,0.05600000000000001,0.8058648571308964,0.7552376691849723,0.8030523543275178,1.1670180319004004,294,0.1712531969053316,0.17357088049390823,0.029707720952772715,0.2639134687693163,0.16866420711215388,0.19289052576651725,0.4,0.0,True,False,0.0,0
sybil_capture,1835087708,218,294,0.9888216657872695,0.9888217364892352,0.13097150152787365,0.9888216657872695,0.6690096217397201,0.05600000000000001,0.8133343449058095,0.7561760414781502,0.7964799603171968,1.1672904921050693,289,0.1712531969053316,0.17357088049390823,0.029707720952772715,0.2639134687693163,0.16866420711215388,0.19289052576651725,0.4,0.0,True,False,0.0,0
sybil_capture,1835087708,219,289,0.9889434677575878,0.9889434855004988,0.14197718429185358,0.9889434677575878,0.67361072271502,0.05600000000000001,0.813407901726203,0.7570674951566693,0.7905648057079079,1.1773043170505888,292,0.1712531969053316,0.17357088049390823,0.029707720952772715,0.2639134687693163,0.16866420711215388,0.19289052576651725,0.4,0.0,True,False,0.0,0
sybil_capture,1835087708,220,292,0.9923281817553263,0.992328213047776,0.1374879084524466,0.9923281817553263,0.6665509231536146,0.05600000000000001,0.8159780996557724,0.7579143761512623,0.7852411665595479,1.182874263164566,288,0.1712531969053316,0.17357088049390823,0.029707720952772715,0.2639134687693163,0.16866420711215388,0.19289052576651725,0.4,0.0,True,False,0.0,0
sybil_capture,1835087708,221,288,0.9895885473176902,0.9895885763068079,0.1380744999478859,0.9895885473176902,0.6599104268702751,0.05600000000000001,0.8181782070355409,0.7587189130961257,0.7804498913260238,1.1881957050486724,286,0.1712531969053316,0.17357088049390823,0.029707720952772715,0.2639134687693163,0.16866420711215388,0.19289052576651725,0.4,0.0,True,False,0.0,0
sybil_capture,1835087708,222,286,0.9915762986486992,0.9915763334094396,0.13664517740591245,0.9915762986486992,0.656767865557585,0.05600000000000001,0.8205510642482142,0.759483223193746,0.7761377436158522,1.1925422325472632,284,0.1712531969053316,0.17357088049390823,0.029707720952772715,0.2639134687693163,0.16866420711215388,0.19289052576651725,0.4,0.0,True,False,0.0,0
sybil_capture,1835087708,223,284,0.9911762369325625,0.9911762472107815,0.14634101078754824,0.9911762369325625,0.654306316664657,0.05600000000000001,0.8197482866649317,0.7602093177864852,0.7722568106766977,1.2008559759585937,284,0.1712531969053316,0.17357088049390823,0.029707720952772715,0.2639134687693163,0.16866420711215388,0.19289052576651725,0.4,0.0,True,False,0.0,0
sybil_capture,1835087708,224,284,0.9910536624183816,0.9910536904477818,0.13835426451692334,0.9910536624183816,0.6290742625247502,0.05600000000000001,0.8247491944386685,0.7608991076495875,0.7687639710314587,1.2000854029398977,272,0.1712531969053316,0.17357088049390823,0.029707720952772715,0.2639134687693163,0.16866420711215388,0.19289052576651725,0.4,0.0,True,False,0.0,0
sybil_capture,1835087708,225,272,0.9885176846638793,0.988517688526657,0.15410968288593857,0.9885176846638793,0.632140473866049,0.05600000000000001,0.8233743915309721,0.7615544080195347,0.7656204153507435,1.2080643689879582,275,0.1712531969053316,0.17357088049390823,0.029707720952772715,0.2639134687693163,0.16866420711215388,0.19289052576651725,0.4,0.0,True,False,0.0,0
sybil_capture,1835087708,226,275,0.988325325345577,0.9883253356970966,0.14626151537124127,0.988325325345577,0.6219347526015763,0.05600000000000001,0.8235659980973999,0.7621769433709844,0.7627912152381,1.21325395586898,271,0.1712531969053316,0.17357088049390823,0.029707720952772715,0.2639134687693163,0.16866420711215388,0.19289052576651725,0.4,0.0,True,False,0.0,0
sybil_capture,1835087708,227,271,0.9913658417794968,0.9913658491484368,0.1489912730778012,0.9913658417794968,0.611329465315576,0.05600000000000001,0.8265253928301566,0.7627683519548617,0.7602449351367208,1.2139000498514683,265,0.1712531969053316,0.17357088049390823,0.029707720952772715,0.2639134687693163,0.16866420711215388,0.19289052576651725,0.4,0.0,True,False,0.0,0
sybil_capture,1835087708,228,265,0.9918082289908944,0.9918082410506667,0.14507368010354812,0.9918082289908944,0.6104706762188905,0.05600000000000001,0.8260646615376906,0.7633301901095452,0.7579532830454795,1.2191466710125194,265,0.1712531969053316,0.17357088049390823,0.029707720952772715,0.2639134687693163,0.16866420711215388,0.19289052576651725,0.4,0.0,True,False,0.0,0
sybil_capture,1835087708,229,265,0.9865658262210932,0.9865658368076134,0.14606864226524263,0.9865658262210932,0.612530804865371,0.05600000000000001,0.8248667242583612,0.7638639363564944,0.7558907961633623,1.2251045843797874,268,0.1712531969053316,0.17357088049390823,0.029707720952772715,0.2639134687693163,0.16866420711215388,0.19289052576651725,0.4,0.0,True,False,0.0,0
sybil_capture,1835087708,230,268,0.9900859696439708,0.990085988067049,0.14168693236884697,0.9900859696439708,0.6264866988344189,0.05600000000000001,0.8200787253276688,0.7643709952910962,0.7540345579694568,1.2361108064644566,275,0.1712531969053316,0.17357088049390823,0.029707720952772715,0.2639134687693163,0.16866420711215388,0.19289052576651725,0.4,0.0,True,False,0.0,0
sybil_capture,1835087708,231,275,0.9853688651892832,0.9853688738957026,0.1476153397797113,0.9853688651892832,0.630358762690161,0.05600000000000001,0.8120999903526224,0.7648527012789679,0.752363943594942,1.2518155018642179,281,0.1712531969053316,0.17357088049390823,0.029707720952772715,0.2639134687693163,0.16866420711215388,0.19289052576651725,0.4,0.0,True,False,0.0,0
sybil_capture,1835087708,232,281,0.988195697598383,0.9882077175468261,0.09008480969315841,0.988195697598383,0.6630824341244708,0.256,0.8120388063767836,0.7624919010562674,0.7740492330862068,1.213081183409232,287,0.1360229355155997,0.2061409568906703,0.052807183062202334,0.26711884854035045,0.2846084192537951,0.053301656737382165,0.4,0.2,True,False,0.0,0
sybil_capture,1835087708,233,287,0.991168395564354,0.9911802334519373,0.0902302077210939,0.991168395564354,0.6870402680804996,0.256,0.8083625106830796,0.760249140844702,0.7935659936283451,1.185132000747198,291,0.1360229355155997,0.2061409568906703,0.052807183062202334,0.26711884854035045,0.2846084192537951,0.053301656737382165,0.4,0.2,True,False,0.0,0
sybil_capture,1835087708,234,291,0.9901663508632317,0.990178191475802,0.09022032421129168,0.9901663508632317,0.6937178107959889,0.256,0.8118718895490487,0.7581185186437148,0.8111310781162696,1.1512206185043627,287,0.1360229355155997,0.2061409568906703,0.052807183062202334,0.26711884854035045,0.2846084192537951,0.053301656737382165,0.4,0.2,True,False,0.0,0
sybil_capture,1835087708,235,287,0.988131927693826,0.988147128058165,0.08821568003724416,0.988131927693826,0.727559192773161,0.256,0.8128355332976508,0.756094427552777,0.8269396541554017,1.1248627584624171,296,0.1360229355155997,0.2061409568906703,0.052807183062202334,0.26711884854035045,0.2846084192537951,0.053301656737382165,0.4,0.2,True,False,0.0,0
sybil_capture,1835087708,236,296,0.9894658011369477,0.9894762192523939,0.09123348269819628,0.9894658011369477,0.7352832962275306,0.256,0.8105535883125753,0.7541715410163862,0.8411673725906206,1.1061295346447755,295,0.1360229355155997,0.2061409568906703,0.052807183062202334,0.26711884854035045,0.2846084192537951,0.053301656737382165,0.4,0.2,True,False,0.0,0
sybil_capture,1835087708,237,295,0.9879123958671131,0.9879256732967625,0.08929052646273067,0.9879123958671131,0.7489422141847348,0.256,0.8130748635369454,0.7523447988068148,0.8539723191823175,1.0835341268853915,296,0.1360229355155997,0.2061409568906703,0.052807183062202334,0.26711884854035045,0.2846084192537951,0.053301656737382165,0.4,0.2,True,False,0.0,0
sybil_capture,1835087708,238,296,0.9897193078688636,0.9897392215096413,0.0860785935615592,0.9897193078688636,0.752365173932976,0.256,0.8112016268680203,0.7506093937077221,0.8654967711148448,1.0691034480730215,294,0.1360229355155997,0.2061409568906703,0.052807183062202334,0.26711884854035045,0.2846084192537951,0.053301656737382165,0.4,0.2,True,False,0.0,0
sybil_capture,1835087708,239,294,0.9907506156632153,0.9907635634009018,0.08951351168088251,0.9907506156632153,0.7490310809981291,0.256,0.8094607593803187,0.7489607588635839,0.8758687778541193,1.0563898467346553,290,0.1360229355155997,0.2061409568906703,0.052807183062202334,0.26711884854035045,0.2846084192537951,0.053301656737382165,0.4,0.2,True,False,0.0,0
sybil_capture,1835087708,240,290,0.990199443168595,0.9902145734731261,0.08826909055481626,0.990199443168595,0.7542881460100809,0.256,0.8110095484274005,0.7473945557616527,0.8852035839194664,1.0410720788001153,289,0.1360229355155997,0.2061409568906703,0.052807183062202334,0.26711884854035045,0.2846084192537951,0.053301656737382165,0.4,0.2,True,False,0.0,0
sybil_capture,1835087708,241,289,0.9887561851118261,0.988767119746873,0.09084259512661827,0.9887561851118261,0.7415548987303818,0.256,0.8175978655482941,0.7459066628148181,0.8936049093782787,1.0209375828866154,280,0.1360229355155997,0.2061409568906703,0.052807183062202334,0.26711884854035045,0.2846084192537951,0.053301656737382165,0.4,0.2,True,False,0.0,0
sybil_capture,1835087708,242,280,0.992089415840655,0.9920982430018338,0.09257363376502203,0.992089415840655,0.7587345705075038,0.256,0.8162501085977114,0.7444931645153252,0.9011661022912099,1.012121418312249,284,0.1360229355155997,0.2061409568906703,0.052807183062202334,0.26711884854035045,0.2846084192537951,0.053301656737382165,0.4,0.2,True,False,0.0,0
sybil_capture,1835087708,243,284,0.9876042220774613,0.9876115216951843,0.09405005869330547,0.9876042220774613,0.7628523324411758,0.256,0.8136280024912816,0.7431503411308069,0.9079711759128479,1.0059554143385825,286,0.1360229355155997,0.2061409568906703,0.052807183062202334,0.26711884854035045,0.2846084192537951,0.053301656737382165,0.4,0.2,True,False,0.0,0
sybil_capture,1835087708,244,286,0.9935473014030557,0.9935695276542391,0.08523477334347249,0.9935473014030557,0.7774116331186947,0.256,0.811258265561273,0.7418746589155145,0.9140957421723221,1.000413896874075,289,0.1360229355155997,0.2061409568906703,0.052807183062202334,0.26711884854035045,0.2846084192537951,0.053301656737382165,0.4,0.2,True,False,0.0,0
sybil_capture,1835087708,245,289,0.9886554052938724,0.9886673909167886,0.09011127574177237,0.9886554052938724,0.7782631337636468,0.256,0.8095195353527483,0.7406627608109868,0.9196078518058489,0.9949253701490446,290,0.1360229355155997,0.2061409568906703,0.052807183062202334,0.26711884854035045,0.2846084192537951,0.053301656737382165,0.4,0.2,True,False,0.0,0
sybil_capture,1835087708,246,290,0.9878371904924342,0.9878530208197829,0.08789006652529328,0.9878371904924342,0.7860563577315747,0.256,0.812126169065279,0.7395114576116855,0.924568750476023,0.984877444802465,291,0.1360229355155997,0.2061409568906703,0.052807183062202334,0.26711884854035045,0.2846084192537951,0.053301656737382165,0.4,0.2,True,False,0.0,0
sybil_capture,1835087708,247,291,0.9920549910297561,0.9920725932021599,0.08707947288415087,0.9920549910297561,0.797881629745268,0.256,0.8122929681329801,0.7384177195723491,0.9290335592791797,0.9784936551809158,293,0.1360229355155997,0.2061409568906703,0.052807183062202334,0.26711884854035045,0.2846084192537951,0.053301656737382165,0.4,0.2,True,False,0.0,0
sybil_capture,1835087708,248,293,0.9929654430947242,0.9929745207442564,0.09235792397823422,0.9929654430947242,0.7907957506611886,0.256,0.815724300949302,0.7373786684349797,0.9330518872020208,0.9688161587928956,288,0.1360229355155997,0.2061409568906703,0.052807183062202334,0.26711884854035045,0.2846084192537951,0.053301656737382165,0.4,0.2,True,False,0.0,0
sybil_capture,1835087708,249,288,0.989161538449056,0.9891671828665394,0.09610956025664427,0.989161538449056,0.7885981213766822,0.256,0.8143391310770274,0.7363915698544786,0.9366683823325778,0.9654230045367692,288,0.1360229355155997,0.2061409568906703,0.052807183062202334,0.26711884854035045,0.2846084192537951,0.053301656737382165,0.4,0.2,True,False,0.0,0
sybil_capture,1835087708,250,288,0.9877395733979738,0.9877528666754612,0.08927963855680583,0.9877395733979738,0.7816121065184618,0.256,0.8119899499642763,0.7354538262030027,0.939923227950079,0.9636345782303983,286,0.1360229355155997,0.2061409568906703,0.052807183062202334,0.26711884854035045,0.2846084192537951,0.053301656737382165,0.4,0.2,True,False,0.0,0
sybil_capture,1835087708,251,286,0.9871965103457938,0.9872053201914298,0.09254990837882977,0.9871965103457938,0.7659009334585521,0.256,0.8114734999406318,0.7345629697341005,0.9428525890058301,0.9600876683155327,280,0.1360229355155997,0.2061409568906703,0.052807183062202334,0.26711884854035045,0.2846084192537951,0.053301656737382165,0.4,0.2,True,False,0.0,0
sybil_capture,1835087708,252,280,0.9825388888175333,0.9825425917788347,0.09941151464060885,0.9825388888175333,0.7697633119690799,0.256,0.8121536774284182,0.7337166560886434,0.9454890139560062,0.9555065665403657,282,0.1360229355155997,0.2061409568906703,0.052807183062202334,0.26711884854035045,0.2846084192537951,0.053301656737382165,0.4,0.2,True,False,0.0,0
sybil_capture,1835087708,253,282,0.986621185218911,0.9866334886716052,0.08988655149411817,0.986621185218911,0.7925960303833456,0.256,0.8113472595104879,0.7329126581254592,0.9478617964111645,0.9530165211974683,289,0.1360229355155997,0.2061409568906703,0.052807183062202334,0.26711884854035045,0.2846084192537951,0.053301656737382165,0.4,0.2,True,False,0.0,0
sybil_capture,1835087708,254,289,0.9900703815469578,0.9900829485812142,0.08974560218896918,0.9900703815469578,0.782952748302981,0.256,0.814523844738568,0.7321488600604342,0.9499973006208071,0.9461788079416242,283,0.1360229355155997,0.2061409568906703,0.052807183062202334,0.26711884854035045,0.2846084192537951,0.053301656737382165,0.4,0.2,True,False,0.0,0
sybil_capture,1835087708,255,283,0.9903217353033473,0.9903270577004051,0.09658648905805801,0.9903217353033473,0.7910023104436443,0.256,0.8159774026754498,0.7314232518986605,0.9519192544094854,0.9416521867983043,285,0.1360229355155997,0.2061409568906703,0.052807183062202334,0.26711884854035045,0.2846084192537951,0.053301656737382165,0.4,0.2,True,False,0.0,0
sybil_capture,1835087708,256,285,0.9912918615380937,0.9913161683038832,0.08450442705518663,0.9912918615380937,0.7935463977615878,0.256,0.8141425725641683,0.7307339241449755,0.9536490128192959,0.9411746932095383,286,0.1360229355155997,0.2061409568906703,0.052807183062202334,0.26711884854035045,0.2846084192537951,0.053301656737382165,0.4,0.2,True,False,0.0,0
sybil_capture,1835087708,257,286,0.9876487168615605,0.987668382015843,0.08616187355024281,0.9876487168615605,0.8144791260342632,0.256,0.8096927749336391,0.7300790627789747,0.9552057953881253,0.9439580211990065,296,0.1360229355155997,0.2061409568906703,0.052807183062202334,0.26711884854035045,0.2846084192537951,0.053301656737382165,0.4,0.2,True,False,0.0,0
sybil_capture,1835087708,258,296,0.9917509436459306,0.9917872208401572,0.08132071960497149,0.9917509436459306,0.8188281834135306,0.256,0.8100814308925309,0.729456944481274,0.9566068997000718,0.9413204137351252,296,0.1360229355155997,0.2061409568906703,0.052807183062202334,0.26711884854035045,0.2846084192537951,0.053301656737382165,0.4,0.2,True,False,0.0,0
sybil_capture,1835087708,259,296,0.9902357481155731,0.9902507374072355,0.08834391620600338,0.9902357481155731,0.821876213399416,0.256,0.8084022537525757,0.7288659320984583,0.9578678935808237,0.9412706546357524,298,0.1360229355155997,0.2061409568906703,0.052807183062202334,0.26711884854035045,0.2846084192537951,0.053301656737382165,0.4,0.2,True,False,0.0,0
sybil_capture,1835087708,260,298,0.9916882841094831,0.9917065264528336,0.08679217640078561,0.9916882841094831,0.8573098810778863,0.256,0.8038475626001818,0.7283044703347834,0.9590027880735004,0.9447554515844501,312,0.1360229355155997,0.2061409568906703,0.052807183062202334,0.26711884854035045,0.2846084192537951,0.053301656737382165,0.4,0.2,True,False,0.0,0
sybil_capture,1835087708,261,312,0.9899241223278843,0.9899418227793554,0.08701803761187173,0.9899241223278843,0.8689565074692195,0.256,0.8055692889846487,0.7277710816592922,0.9600241931169093,0.9410435361711406,316,0.1360229355155997,0.2061409568906703,0.052807183062202334,0.26711884854035045,0.2846084192537951,0.053301656737382165,0.4,0.2,True,False,0.0,0
sybil_capture,1835087708,262,316,0.9886665008001675,0.9886784332112727,0.09014678316800911,0.9886665008001675,0.890576810357755,0.256,0.805994976756564,0.7272643624175755,0.9609434576559774,0.9389925297678424,324,0.1360229355155997,0.2061409568906703,0.052807183062202334,0.26711884854035045,0.2846084192537951,0.053301656737382165,0.4,0.2,True,False,0.0,0
sybil_capture,1835087708,263,324,0.991669631296058,0.9917181103891202,0.07901219411379168,0.991669631296058,0.8835483102970498,0.256,0.8095054643535108,0.7267829791379448,0.9617707957411388,0.9334979693905359,319,0.1360229355155997,0.2061409568906703,0.052807183062202334,0.26711884854035045,0.2846084192537951,0.053301656737382165,0.4,0.2,True,False,0.0,0
sybil_capture,1835087708,264,319,0.990769681522745,0.990793756194114,0.08457660347931176,0.990769681522745,0.8877685628908697,0.256,0.8088840857906978,0.7263256650222955,0.9625154000177839,0.9329049823154116,321,0.1360229355155997,0.2061409568906703,0.052807183062202334,0.26711884854035045,0.2846084192537951,0.053301656737382165,0.4,0.2,True,False,0.0,0
sybil_capture,1835087708,265,321,0.9896952578689846,0.9897275833087084,0.08222224510441903,0.9896952578689846,0.8984307256032312,0.256,0.806806162734208,0.7258912166124286,0.9631855438667646,0.934097863498077,326,0.1360229355155997,0.2061409568906703,0.052807183062202334,0.26711884854035045,0.2846084192537951,0.053301656737382165,0.4,0.2,True,False,0.0,0
sybil_capture,1835087708,266,326,0.9915410722667919,0.9915773826501315,0.08131175611977288,0.9915410722667919,0.8997218412223581,0.256,0.8113627202031652,0.7254784906230551,0.9637886733308472,0.9277429728020411,324,0.1360229355155997,0.2061409568906703,0.052807183062202334,0.26711884854035045,0.2846084192537951,0.053301656737382165,0.4,0.2,True,False,0.0,0
sybil_capture,1835087708,267,324,0.991927895720684,0.9919398493013942,0.09015888868931773,0.991927895720684,0.9226875704915183,0.256,0.8092233160681036,0.7250864009331504,0.9643314898485215,0.9291696670200276,333,0.1360229355155997,0.2061409568906703,0.052807183062202334,0.26711884854035045,0.2846084192537951,0.053301656737382165,0.4,0.2,True,False,0.0,0
sybil_capture,1835087708,268,333,0.9925007287634219,0.9925150301011213,0.08873608485060211,0.9925007287634219,0.9434931253963579,0.256,0.8123369952065491,0.7247139157277408,0.9648200247144283,0.924664234695124,339,0.1360229355155997,0.2061409568906703,0.052807183062202334,0.26711884854035045,0.2846084192537951,0.053301656737382165,0.4,0.2,True,False,0.0,0
sybil_capture,1835087708,269,339,0.9907901193451217,0.9908137890876668,0.08471178926935054,0.9907901193451217,0.9131704655887543,0.256,0.8189981996008391,0.7243600547826017,0.9652597060937445,0.9162782306356771,326,0.1360229355155997,0.2061409568906703,0.052807183062202334,0.26711884854035045,0.2846084192537951,0.053301656737382165,0.4,0.2,True,False,0.0,0
sybil_capture,1835087708,270,326,0.9915523362207534,0.9915802755614542,0.08339786016126728,0.9915523362207534,0.9223101025146165,0.256,0.8190466927230363,0.7240238868847195,0.965655419335129,0.9154234881902644,329,0.1360229355155997,0.2061409568906703,0.052807183062202334,0.26711884854035045,0.2846084192537951,0.053301656737382165,0.4,0.2,True,False,0.0,0
sybil_capture,1835087708,271,329,0.9915084994811081,0.9915219330011107,0.08922641683038626,0.9915084994811081,0.9248181746602832,0.256,0.8238556523593122,0.7237045273817315,0.9660115612523751,0.9093432339395554,328,0.1360229355155997,0.2061409568906703,0.052807183062202334,0.26711884854035045,0.2846084192537951,0.053301656737382165,0.4,0.2,True,False,0.0,0
sybil_capture,1835087708,272,328,0.9885242260549265,0.9885453891720789,0.08558457631593096,0.9885242260549265,0.9211538243202619,0.256,0.8307223270270637,0.7234011358538929,0.9663320889778966,0.9011496159382518,325,0.1360229355155997,0.2061409568906703,0.052807183062202334,0.26711884854035045,0.2846084192537951,0.053301656737382165,0.4,0.2,True,False,0.0,0
sybil_capture,1835087708,273,325,0.9915007902634794,0.9915147060983597,0.08894557261477355,0.9915007902634794,0.9176442585023222,0.256,0.8226094941108123,0.7231129139024463,0.9666205639308659,0.9094029734472777,326,0.1360229355155997,0.2061409568906703,0.052807183062202334,0.26711884854035045,0.2846084192537951,0.053301656737382165,0.4,0.2,True,False,0.0,0
sybil_capture,1835087708,274,326,0.9908292213678589,0.9908502666799124,0.08564754807527761,0.9908292213678589,0.8905717697167598,0.256,0.8268570080057924,0.7228391030485719,0.9668801913885383,0.9041459969990884,315,0.1360229355155997,0.2061409568906703,0.052807183062202334,0.26711884854035045,0.2846084192537951,0.053301656737382165,0.4,0.2,True,False,0.0,0
sybil_capture,1835087708,275,315,0.9918829637251856,0.991892805654163,0.09170578376078317,0.9918829637251856,0.9049032889587542,0.256,0.8236687595126905,0.7225789827373913,0.9671138561004435,0.9070999135727252,321,0.1360229355155997,0.2061409568906703,0.052807183062202334,0.26711884854035045,0.2846084192537951,0.053301656737382165,0.4,0.2,True,False,0.0,0
sybil_capture,1835087708,276,321,0.9893579644196073,0.9893654504413452,0.09386346515497028,0.9893579644196073,0.9065671451057096,0.256,0.8222583999635437,0.7223318684417697,0.9673241543411581,0.9081475689092391,323,0.1360229355155997,0.2061409568906703,0.052807183062202334,0.26711884854035045,0.2846084192537951,0.053301656737382165,0.4,0.2,True,False,0.0,0
sybil_capture,1835087708,277,323,0.9884027198408593,0.988418654196742,0.08784248479425265,0.9884027198408593,0.9168870845763645,0.256,0.8173374962819276,0.7220971098609291,0.9675134227578014,0.913139615902201,329,0.1360229355155997,0.2061409568906703,0.052807183062202334,0.26711884854035045,0.2846084192537951,0.053301656737382165,0.4,0.2,True,False,0.0,0
sybil_capture,1835087708,278,329,0.9910004780969524,0.991014044646527,0.08914389903925181,0.9910004780969524,0.9175264761550089,0.256,0.8208531545982775,0.7218740892091307,0.9676837643327802,0.9087878821612125,327,0.1360229355155997,0.2061409568906703,0.052807183062202334,0.26711884854035045,0.2846084192537951,0.053301656737382165,0.4,0.2,True,False,0.0,0
sybil_capture,1835087708,279,327,0.9916823487443857,0.991697241690565,0.08840686484930563,0.9916823487443857,0.9354923493709758,0.256,0.8164805950946136,0.721662219589922,0.9678370717502612,0.9132419422805637,335,0.1360229355155997,0.2061409568906703,0.052807183062202334,0.26711884854035045,0.2846084192537951,0.053301656737382165,0.4,0.2,True,False,0.0,0
sybil_capture,1835087708,280,335,0.9920413591313545,0.9920628877783263,0.08547653728671882,0.9920413591313545,0.914160958636989,0.256,0.8196978726017796,0.7214609434516739,0.9679750484259941,0.9092741714348617,326,0.1360229355155997,0.2061409568906703,0.052807183062202334,0.26711884854035045,0.2846084192537951,0.053301656737382165,0.4,0.2,True,False,0.0,0
sybil_capture,1835087708,281,326,0.9902590979677853,0.9902754666286693,0.08764336946507179,0.9902590979677853,0.924863916829946,0.256,0.8134283857002557,0.7212697311203382,0.9680992274341538,0.9159220401941944,333,0.1360229355155997,0.2061409568906703,0.052807183062202334,0.26711884854035045,0.2846084192537951,0.053301656737382165,0.4,0.2,True,False,0.0,0
sybil_capture,1835087708,282,333,0.9922546202300626,0.9922726424703274,0.08689334554331295,0.9922546202300626,0.9218103196127814,0.256,0.8092169965565384,0.7210880794055693,0.9682109885414975,0.9203506277065633,333,0.1360229355155997,0.2061409568906703,0.052807183062202334,0.26711884854035045,0.2846084192537951,0.053301656737382165,0.4,0.2,True,False,0.0,0
sybil_capture,1835087708,283,333,0.9897198821442991,0.9897396003712235,0.08615709513101615,0.9897198821442991,0.9040784913045914,0.256,0.810387981318793,0.7209155102765388,0.9683115735381067,0.9187053705304266,327,0.1360229355155997,0.2061409568906703,0.052807183062202334,0.26711884854035045,0.2846084192537951,0.053301656737382165,0.4,0.2,True,False,0.0,0
sybil_capture,1835087708,284,327,0.9914739386499046,0.991489762863206,0.08792239238144128,0.9914739386499046,0.9135341778178802,0.256,0.8100879658899902,0.7207515696039598,0.9684021000350551,0.9187507225357006,330,0.1360229355155997,0.2061409568906703,0.052807183062202334,0.26711884854035045,0.2846084192537951,0.053301656737382165,0.4,0.2,True,False,0.0,0
sybil_capture,1835087708,285,330,0.9886866038063562,0.9887083310818329,0.08537647066545698,0.9886866038063562,0.9201023161412831,0.256,0.8061027502303133,0.7205958259650098,0.9684835738823087,0.923015682756178,335,0.1360229355155997,0.2061409568906703,0.052807183062202334,0.26711884854035045,0.2846084192537951,0.053301656737382165,0.4,0.2,True,False,0.0,0
sybil_capture,1835087708,286,335,0.9896353054833587,0.9896540783890683,0.08654747611772537,0.9896353054833587,0.9336523679409563,0.256,0.8029115298340165,0.7204478695080073,0.9685569003448368,0.9264238507574208,341,0.1360229355155997,0.2061409568906703,0.052807183062202334,0.26711884854035045,0.2846084192537951,0.053301656737382165,0.4,0.2,True,False,0.0,0
sybil_capture,1835087708,287,341,0.9897354387396514,0.9897626614425604,0.08359009386787608,0.9897354387396514,0.9324682614459291,0.256,0.804269192213606,0.7203073108738549,0.9686228941611121,0.9246165436993041,340,0.1360229355155997,0.2061409568906703,0.052807183062202334,0.26711884854035045,0.2846084192537951,0.053301656737382165,0.4,0.2,True,False,0.0,0
sybil_capture,1835087708,288,340,0.9915295680267289,0.9915421455555117,0.08975068065755638,0.9915295680267289,0.9388809791932183,0.256,0.8060615111820406,0.7201737801714101,0.96868228859576,0.9223330310869876,341,0.1360229355155997,0.2061409568906703,0.052807183062202334,0.26711884854035045,0.2846084192537951,0.053301656737382165,0.4,0.2,True,False,0.0,0
sybil_capture,1835087708,289,341,0.9905834304074695,0.9905999526774544,0.08757162560293802,0.9905834304074695,0.9144903535970679,0.256,0.8072699208918502,0.7200469260040876,0.968735743586943,0.9207393529321619,332,0.1360229355155997,0.2061409568906703,0.052807183062202334,0.26711884854035045,0.2846084192537951,0.053301656737382165,0.4,0.2,True,False,0.0,0
sybil_capture,1835087708,290,332,0.9905209371331998,0.9905397066116495,0.08655604965425734,0.9905209371331998,0.904247445386889,0.256,0.8081061171839282,0.7199264145451312,0.9687838530790077,0.9195869984421059,328,0.1360229355155997,0.2061409568906703,0.052807183062202334,0.26711884854035045,0.2846084192537951,0.053301656737382165,0.4,0.2,True,False,0.0,0
sybil_capture,1835087708,291,328,0.9905102201759407,0.9905286132962127,0.08671719474993636,0.9905102201759407,0.9067218788030111,0.256,0.8128950440650285,0.7198119286591226,0.968827151621866,0.9139833033831845,327,0.1360229355155997,0.2061409568906703,0.052807183062202334,0.26711884854035045,0.2846084192537951,0.053301656737382165,0.4,0.2,True,False,0.0,0
sybil_capture,1835087708,292,327,0.9860279247623498,0.9860359700888747,0.09326307811308775,0.9860279247623498,0.9211422105333015,0.256,0.8147182274068803,0.7197031670674144,0.9688661203104384,0.9117635190628806,333,0.1360229355155997,0.2061409568906703,0.052807183062202334,0.26711884854035045,0.2846084192537951,0.053301656737382165,0.4,0.2,True,False,0.0,0
sybil_capture,1835087708,293,333,0.9911106752574504,0.9911281610446733,0.08712469806530125,0.9911106752574504,0.9303916022034501,0.256,0.8163136173377321,0.7195998435552917,0.9689011921301536,0.909818008409082,334,0.1360229355155997,0.2061409568906703,0.052807183062202334,0.26711884854035045,0.2846084192537951,0.053301656737382165,0.4,0.2,True,False,0.0,0
sybil_capture,1835087708,294,334,0.9907863256020177,0.9907972915498071,0.09083616015046356,0.9907863256020177,0.9180520347025394,0.256,0.8230830582361762,0.7195016862187751,0.9689327567678973,0.9021827419791955,327,0.1360229355155997,0.2061409568906703,0.052807183062202334,0.26711884854035045,0.2846084192537951,0.053301656737382165,0.4,0.2,True,False,0.0,0
sybil_capture,1835087708,295,327,0.9874003485937595,0.9874110906618139,0.09097310275663972,0.9874003485937595,0.9072478566122147,0.256,0.8212894099225647,0.7194084367490843,0.9689611649418666,0.9040093711294869,325,0.1360229355155997,0.2061409568906703,0.052807183062202334,0.26711884854035045,0.2846084192537951,0.053301656737382165,0.4,0.2,True,False,0.0,0
sybil_capture,1835087708,296,325,0.9898566842635939,0.9898636518511005,0.09443875492519173,0.9898566842635939,0.8957705073224796,0.256,0.8216042942609365,0.719319849752878,0.9689867322984389,0.9035277879409359,320,0.1360229355155997,0.2061409568906703,0.052807183062202334,0.26711884854035045,0.2846084192537951,0.053301656737382165,0.4,0.2,True,False,0.0,0
sybil_capture,1835087708,297,320,0.992715359294437,0.9927254364664431,0.09152443846292178,0.992715359294437,0.8961545777199684,0.256,0.817111402560601,0.7192356921064821,0.969009742919354,0.908367979019599,321,0.1360229355155997,0.2061409568906703,0.052807183062202334,0.26711884854035045,0.2846084192537951,0.053301656737382165,0.4,0.2,True,False,0.0,0
sybil_capture,1835087708,298,321,0.9883151130606318,0.9883310099979672,0.08786049351021688,0.9883151130606318,0.9059133374842461,0.256,0.8170340770320631,0.719155742342406,0.9690304524781777,0.9083335526127355,326,0.1360229355155997,0.2061409568906703,0.052807183062202334,0.26711884854035045,0.2846084192537951,0.053301656737382165,0.4,0.2,True,False,0.0,0
sybil_capture,1835087708,299,326,0.9910832561309983,0.9910932574258652,0.09157150323809442,0.9910832561309983,0.9079406155797605,0.256,0.8116653879981287,0.7190797900665337,0.9690490910811189,0.9142274937112208,328,0.1360229355155997,0.2061409568906703,0.052807183062202334,0.26711884854035045,0.2846084192537951,0.053301656737382165,0.4,0.2,True,False,0.0,0
