arm,seed,step,novelty_vector_count,h_n_latest,h_n_shape_latest,V,H_N,L_t,total_suppression,avg_wb,theta_capability,transfer_state,g,population,x_compute,x_bio_welfare,x_novelty_agency,x_institutional_capacity,x_transfer_comprehension,x_resilience,c_protective,c_suppressive,adapter_active,action_modified,adapter_score,shape_fallback_increase
measurement_tampering,1835087719,0,200,0.9881069159416277,0.9882265586204844,0.07179317097672638,0.9881069159416277,0.10334808662674533,0.2,0.6673789864636585,0.5127132520177475,0.55,1.396816399178465,206,0.15891565022184437,0.152143451999577,0.09321120622982138,0.22533919892796903,0.3160451951949124,0.054345297425875794,0.0,0.2,False,False,0.0,2
measurement_tampering,1835087719,1,206,0.9807498730687751,0.9876127185172545,0.03955495374458455,0.9807498730687751,0.12181636066877026,0.4,0.6762502275700502,0.5149476499545309,0.5913244484108118,1.2877448476071698,206,0.03587575672088471,0.15937616796094142,0.037266835723443546,0.48382561935775464,0.2816222420540589,0.002033378182916801,0.0,0.4,False,False,0.0,0
measurement_tampering,1835087719,2,206,0.9811973811064583,0.981356812102342,0.06945229249082167,0.9811973811064583,0.14390134074463923,0.22400000000000003,0.6894930116821074,0.5249965216544396,0.6242748972419291,1.2196934326799567,207,0.1349531774704398,0.1709692365778447,0.05890934667835698,0.3356431866207093,0.26041446836099236,0.03911058429165692,0.8,0.0,False,False,0.0,0
measurement_tampering,1835087719,3,207,0.9832368209143058,0.9832373124989804,0.11549055358859854,0.9832368209143058,0.16275356645421785,0.014000000000000002,0.702306014635405,0.5261043042435504,0.6578901704659725,1.1386547691550746,205,0.029470108397909388,0.20329771043776998,0.0436940408198068,0.33007976354073326,0.2802138147411819,0.11324456206259859,0.2,0.0,False,False,0.0,0
measurement_tampering,1835087719,4,205,0.9808336283736371,0.9808437639304367,0.0913826059241234,0.9808336283736371,0.18635171155771743,0.126,0.714639362934952,0.5317935062636523,0.6921011534193753,1.0751932345693498,207,0.08743021540349277,0.2351600770439284,0.021598712954220983,0.27269568090422563,0.38128864291010994,0.0018266707840223035,0.6,0.0,False,False,0.0,0
measurement_tampering,1835087719,5,207,0.945465744501635,0.9875390604549487,0.02512042319786255,0.945465744501635,0.19627200910625425,0.55,0.724858759037906,0.5464291866324051,0.7228910380774377,1.042815929381153,209,0.20281694602419345,0.1709768219986977,0.08838250947667206,0.11675369308027968,0.34900285433356876,0.07206717508658834,1.0,0.2,False,False,0.0,0
measurement_tampering,1835087719,6,209,0.9835852900910669,0.9835853720948908,0.12974881702956548,0.9835852900910669,0.21576249243571058,0.0,0.7376963783466239,0.5628799293311041,0.733090403777147,1.0408318594305705,206,0.2346525253789901,0.286120240228738,0.06200189481220589,0.16008693432415755,0.21244234753726532,0.044696057718643205,0.0,0.0,False,False,0.0,0
measurement_tampering,1835087719,7,206,0.9768835607286732,0.98033957841875,0.04495676855339447,0.9768835607286732,0.2393389354548299,0.42400000000000004,0.7475617884819199,0.5635445813804494,0.7597813633994323,0.9921847494136968,212,0.04760810644875554,0.21325870964691257,0.04567732373506934,0.2383087256472123,0.3118983477924996,0.14324878672955055,0.8,0.2,False,False,0.0,0
measurement_tampering,1835087719,8,212,0.988576424796317,0.9885764558630029,0.13751539350676353,0.988576424796317,0.2674724937594594,0.0,0.7532897411350711,0.5803641896961232,0.783803227059489,0.9829501812919255,216,0.2499604673087047,0.17577625752130419,0.01717234084830427,0.1872850244040207,0.3653127218341219,0.004493188083544267,0.0,0.0,False,False,0.0,0
measurement_tampering,1835087719,9,216,0.9802268245455455,0.9835824795141341,0.04521763990279987,0.9802268245455455,0.294525401518393,0.42400000000000004,0.7620789936359065,0.580462313872211,0.8054229043535401,0.9456927558322931,223,0.05145417076117503,0.18297649327302115,0.046079849961155966,0.2652861143543206,0.4130120091034463,0.041191362546880904,0.8,0.2,False,False,0.0,0
measurement_tampering,1835087719,10,223,0.9885960110508635,0.9885960635871842,0.1333335771389772,0.9885960110508635,0.3301512589766776,0.0,0.7697486405539683,0.5832827497656395,0.8248806139181861,0.918626786489473,231,0.08554439483798866,0.1753377275796111,0.022894836424193554,0.3256405062550681,0.3125305538529884,0.07805198105015031,0.0,0.0,False,False,0.0,0
measurement_tampering,1835087719,11,231,0.9868080972044418,0.9870311819261511,0.06682407552417297,0.9868080972044418,0.3442228335171554,0.326,0.7735937829496251,0.6012104912596334,0.8423925525263675,0.9225694324711423,232,0.276148487278448,0.21671467644457623,0.04108050161163921,0.11311389202563009,0.3103141860884116,0.04262825655129499,0.6,0.2,False,False,0.0,0
measurement_tampering,1835087719,12,232,0.9911407563799651,0.9911407753062074,0.1414809214234894,0.9911407563799651,0.36245730617488925,0.014000000000000002,0.7776767245882157,0.6034342157791247,0.8351352578659491,0.9291247129700265,236,0.09105311353091157,0.28236186970330734,0.08422919318577676,0.2936733132062607,0.18490980296109208,0.06377270741265162,0.2,0.0,False,False,0.0,0
measurement_tampering,1835087719,13,236,0.989555304360099,0.9906807295015375,0.05397115063236613,0.989555304360099,0.390480640867978,0.4,0.7773835773657604,0.6138473584491976,0.8516217320793542,0.927210399882464,244,0.19481066823786367,0.16604909174445215,0.020902732294044987,0.20090343417556658,0.35083827606946405,0.06649579747860851,0.0,0.4,False,False,0.0,0
measurement_tampering,1835087719,14,244,0.9886989179764235,0.9886989609254065,0.13493829531344112,0.9886989179764235,0.4046081058669786,0.05600000000000001,0.7785045521926424,0.6254207456765775,0.8405181441235176,0.9557934141657922,245,0.2158219393729972,0.21694346086353478,0.06642556448678802,0.28198921866595833,0.17029292626049397,0.048526890350227676,0.4,0.0,False,False,0.0,0
measurement_tampering,1835087719,15,245,0.9899415207953911,0.9904663498094676,0.06004172035981994,0.9899415207953911,0.41724789843824994,0.35,0.7877597249477941,0.631040021401229,0.8326369789791105,0.9620716906909944,244,0.1486289126060046,0.2806684950997823,0.032313391974780406,0.3430403757674027,0.18085324633972327,0.014495578212306633,1.0,0.0,False,False,0.0,0
measurement_tampering,1835087719,16,244,0.9902116320759197,0.9902122402654967,0.11385250039993898,0.9902116320759197,0.43796893470651044,0.126,0.7943394164953783,0.6286923173493594,0.8493732810811995,0.9318230401946954,245,0.05255371272739786,0.1790273206398897,0.058698694117405296,0.3166308102414067,0.362738629949908,0.030350832323992473,0.6,0.0,False,False,0.0,0
measurement_tampering,1835087719,17,245,0.9854305211909201,0.9854305249396575,0.15432332741709417,0.9854305211909201,0.46479581569426937,0.0,0.7947691235905987,0.6399559055466243,0.8431003295232278,0.955058128995247,254,0.22122755080916165,0.17246634088969182,0.03745998287188914,0.31046869709740743,0.1933218827507413,0.06505554558110872,0.0,0.0,False,False,0.0,0
measurement_tampering,1835087719,18,254,0.9859571314701809,0.9861751709573012,0.06699925928407385,0.9859571314701809,0.48708821154486204,0.326,0.7950642548291788,0.6432163410917493,0.8384810990595593,0.9648539152536663,262,0.1282278852807029,0.21186981018380285,0.016681381126162142,0.30246131699842077,0.1984540124432714,0.14230559396763984,0.6,0.2,False,False,0.0,0
measurement_tampering,1835087719,19,262,0.9898269794674528,0.9898443313420623,0.08717557634752802,0.9898269794674528,0.5017093616285454,0.256,0.7944758148628166,0.6467100335908103,0.8454708606890529,0.9627871244574738,265,0.13318136942060518,0.28185128851894825,0.01913827248049664,0.22312540292208632,0.2541893576772478,0.08851430898061563,0.4,0.2,False,False,0.0,0
measurement_tampering,1835087719,20,265,0.9884594933671648,0.9884630756285445,0.09972312112634509,0.9884594933671648,0.5258922439564834,0.2,0.7899178454536252,0.6419340063295326,0.8580427930265968,0.9471080103555997,274,0.03199343022828502,0.26022730711366576,0.12346497149461684,0.2743722695101555,0.28559509203224587,0.024346929621031087,0.0,0.2,False,False,0.0,0
measurement_tampering,1835087719,21,274,0.9835901282602041,0.9845408649626345,0.05526436096628305,0.9835901282602041,0.5279489472451673,0.4,0.794961753366825,0.6456912369014675,0.8722385137239371,0.9312009247861094,273,0.13567413610514392,0.16795182427502045,0.14959033521186715,0.1590459356392429,0.3070114727248128,0.08072629604391286,0.0,0.4,False,False,0.0,0
measurement_tampering,1835087719,22,273,0.9809205362670869,0.9832468205476163,0.04813129311280715,0.9809205362670869,0.5463268152838198,0.456,0.7948125355765089,0.6487012421410839,0.8850146623515434,0.9222094232568413,278,0.12868208855862373,0.1645107561026152,0.09745358588872971,0.2165344506157453,0.3295795397360247,0.06323957909826122,0.4,0.4,False,False,0.0,0
measurement_tampering,1835087719,23,278,0.9639168995825039,0.9863973350982537,0.030100337764340086,0.9639168995825039,0.5648085973832353,0.55,0.7970615530838834,0.6541584656898062,0.896513196116389,0.9154495563547979,287,0.16115357069720568,0.17590352689367525,0.012237207717355885,0.19654962436175383,0.33052233703044553,0.1236337332995639,1.0,0.2,False,False,0.0,0
measurement_tampering,1835087719,24,287,0.9896895639427719,0.9910978207836822,0.05218991778998431,0.9896895639427719,0.611987779716431,0.41400000000000003,0.7973911732843272,0.6640023845937728,0.88747342326419,0.9383024682901734,297,0.21939802735571207,0.2065630516016825,0.06680800530427243,0.30404571673868686,0.20305773379719955,0.00012746520244666403,0.2,0.4,False,False,0.0,0
measurement_tampering,1835087719,25,297,0.9870187862833076,0.9870187890984499,0.1566159623212879,0.9870187862833076,0.6387014975878994,0.014000000000000002,0.7978837747195353,0.6647115622165639,0.8943191766833938,0.9315390306443709,304,0.11136621065599674,0.23404404581459165,0.030348196107060365,0.3149770454133605,0.2779654787281139,0.03129902328087697,0.2,0.0,False,False,0.0,0
measurement_tampering,1835087719,26,304,0.9900414348491197,0.9900474382447532,0.09562583646921007,0.9900414348491197,0.6564624274728388,0.21400000000000002,0.8011001524859137,0.6662110646201475,0.8986293455767803,0.9254318241310344,305,0.12168850643014614,0.16647227290436054,0.11506819573396174,0.2671754844544755,0.2687104328086296,0.06088510766842649,0.2,0.2,False,False,0.0,0
measurement_tampering,1835087719,27,305,0.9767832186915844,0.9920730530082847,0.03321427699291331,0.9767832186915844,0.6638815784918068,0.55,0.8007726778595827,0.6580229784519129,0.9085541126834813,0.9044426094071434,310,0.0015308382846604862,0.18465437345713706,0.07160648697719539,0.42946977335879777,0.2989385083218951,0.013800019600314257,1.0,0.2,False,False,0.0,0
measurement_tampering,1835087719,28,310,0.9849828877253441,0.9881961236486878,0.04560010681109286,0.9849828877253441,0.6937191524588271,0.456,0.79699677277715,0.6721554929406598,0.8945478859663573,0.9427783385692836,318,0.27542079264178077,0.20656331974651668,0.03047012656224712,0.2856199798639407,0.18424592275612062,0.01767985842939411,0.4,0.4,False,False,0.0,0
measurement_tampering,1835087719,29,318,0.9945790588209735,0.9947128006171247,0.07095848268016765,0.9945790588209735,0.7086939008003822,0.326,0.7980245247421289,0.670794253333867,0.9050930973697215,0.9287094022454615,320,0.0905816880030029,0.21502429184439464,0.06098534391012247,0.21491484436459,0.34341453286358137,0.07507929901430861,0.6,0.2,False,False,0.0,0
measurement_tampering,1835087719,30,320,0.9922215344612798,0.9922215383135752,0.15416108288024136,0.9922215344612798,0.7190448725288507,0.0,0.7991469087470111,0.6727684020113056,0.9145837876327494,0.9204823453719345,323,0.13142326680164895,0.2724219664817183,0.011067207136333279,0.20587776321600776,0.35594796331958,0.023261833044711775,0.0,0.0,False,False,0.0,0
measurement_tampering,1835087719,31,323,0.9881432020085138,0.9881470427113456,0.09916606807279305,0.9881432020085138,0.7439018702832382,0.2,0.7986754937597692,0.6794222172860139,0.9223955962093348,0.9222574338728787,327,0.1911529421909202,0.18925759933309344,0.030377412534299014,0.26646227214535995,0.2963509366993016,0.026398837097025812,0.0,0.2,False,False,0.0,0
measurement_tampering,1835087719,32,327,0.9890731601965808,0.990118047752884,0.05455767644685973,0.9890731601965808,0.751400236633237,0.42400000000000004,0.7942557215791607,0.6838215269540391,0.9301560365884013,0.9256069512159649,331,0.16713025665407286,0.16082849933768167,0.0589725279750408,0.18499335456720695,0.41566433423919735,0.012411027226800488,0.8,0.2,False,False,0.0,0
measurement_tampering,1835087719,33,331,0.990777659578573,0.9907794567196396,0.10523259023060424,0.990777659578573,0.7756526059930533,0.2,0.7881899489451129,0.693244197374866,0.9348156535422831,0.9408694660344978,334,0.23267183460661042,0.1413686668442359,0.008499575230451643,0.2776987044072744,0.2883761030636096,0.05138511584781806,0.0,0.2,False,False,0.0,0
measurement_tampering,1835087719,34,334,0.9762522295187495,0.9889332907483915,0.034678203846354345,0.9762522295187495,0.7813261623891979,0.526,0.7887121312078175,0.6885384039846576,0.9389627511369143,0.9297395028596955,339,0.0619552059816868,0.2641775529412856,0.08837420236778482,0.2967497086141504,0.28814331474429744,0.0006000153507951401,0.6,0.4,False,False,0.0,0
measurement_tampering,1835087719,35,339,0.9925241236591008,0.9926173158922116,0.0738172466473671,0.9925241236591008,0.7896959049736448,0.326,0.7936643926522662,0.6855343521655934,0.9450393836544052,0.9139920498444319,337,0.08028585475210881,0.2898308423633941,0.052432600819682,0.20431401615940686,0.2998645381559115,0.07327214774949674,0.6,0.2,False,False,0.0,0
measurement_tampering,1835087719,36,337,0.9924862971096549,0.9932988541650914,0.056584994721543186,0.9924862971096549,0.7940948706422597,0.41400000000000003,0.8003730977235407,0.6847015219440439,0.9492887250899786,0.9011778068501375,332,0.10554859233412682,0.1684420438143885,0.08197970337426068,0.3046400883558704,0.29376639900506996,0.0456231731162838,0.2,0.4,False,False,0.0,0
measurement_tampering,1835087719,37,332,0.9877109052463267,0.9877147676979863,0.09911763655820839,0.9877109052463267,0.7834775433422129,0.22400000000000003,0.8042249190044976,0.6894816472939237,0.9207273181093052,0.931138225791074,334,0.1751900180885255,0.35278296127409753,0.010693703423750539,0.2568238215605345,0.13183732764162198,0.07267216801146983,0.8,0.0,False,False,0.0,0
measurement_tampering,1835087719,38,334,0.993416054458448,0.9934192641049042,0.10063721621733507,0.993416054458448,0.777612706014726,0.2,0.8057594573030561,0.7018470108246809,0.9263529883795539,0.9402872259240062,328,0.2729930736931679,0.18184483542447527,0.009243383955172895,0.15352537947421294,0.2884920104058962,0.09390131704707481,0.0,0.2,False,False,0.0,0
measurement_tampering,1835087719,39,328,0.9886195617755205,0.9905484201688394,0.04968145813440251,0.9886195617755205,0.7453119221979698,0.456,0.8088919981228054,0.6953341481019288,0.9308498253602091,0.9234712885532713,315,0.04474359773102437,0.2975812820654374,0.030214315122920575,0.2466507212018965,0.28566067909305287,0.09514940478566833,0.4,0.4,False,False,0.0,0
measurement_tampering,1835087719,40,315,0.9889664935028998,0.9894942231291786,0.05999003141545594,0.9889664935028998,0.754923316494259,0.4,0.8137254642198293,0.703160246844944,0.922131057527656,0.9370952873043452,316,0.21991007685139563,0.17019754175796076,0.04378610348877215,0.24021088819453731,0.2218310735173389,0.1040643161899953,0.0,0.4,False,False,0.0,0
measurement_tampering,1835087719,41,316,0.9909066250062805,0.990910438165682,0.09924558869526592,0.9909066250062805,0.7708396198981085,0.21400000000000002,0.8108471508694907,0.7054075034589945,0.9252332361779148,0.9402641002627863,321,0.15506586195372016,0.1878024760379917,0.05655526026758265,0.2352263337711873,0.2765764220151216,0.08877364595439666,0.2,0.2,False,False,0.0,0
measurement_tampering,1835087719,42,321,0.991343735247728,0.9913665516985455,0.08500848893027435,0.991343735247728,0.7645175963138834,0.256,0.8113725946799286,0.7013147300254892,0.9222206697183785,0.9372550177660512,318,0.07722002174305484,0.26908903077634827,0.03929329410274796,0.2863007490051147,0.2475537857912761,0.08054311858145807,0.4,0.2,False,False,0.0,0
measurement_tampering,1835087719,43,318,0.988873182348667,0.9888732048951885,0.1400694264667097,0.988873182348667,0.7255961163807196,0.05600000000000001,0.8176609275468644,0.702132407020668,0.9083290498516852,0.9453716389075065,302,0.13604266870566717,0.27467545351293543,0.0003622921961444805,0.3068019431227279,0.19165223552572258,0.09046540693680255,0.4,0.0,False,False,0.0,0
measurement_tampering,1835087719,44,302,0.9871037309784743,0.9871037325636051,0.16118848386298024,0.9871037309784743,0.7275334892249732,0.014000000000000002,0.8136605776642012,0.7046447673474088,0.9130161215838333,0.9485244068999611,300,0.15773725847217607,0.1587544205320119,0.030927634478427717,0.2965651134064672,0.2775998835865832,0.07841568952433402,0.2,0.0,False,False,0.0,0
measurement_tampering,1835087719,45,300,0.9913834460512099,0.9913866858338114,0.10054652250437952,0.9913834460512099,0.7381644254138797,0.22400000000000003,0.8153171696391239,0.7078579427584406,0.9103566127497004,0.9536916279764072,300,0.16806767223002894,0.202636784152302,0.01204744201125114,0.3497983929173081,0.24321051662125193,0.02423919206785796,0.8,0.0,False,False,0.0,0
measurement_tampering,1835087719,46,300,0.9888192590031032,0.9906634957136616,0.050039494376845274,0.9888192590031032,0.7442711228752706,0.456,0.8130230275837039,0.7124285093063228,0.9128754744598236,0.9599020175653656,304,0.18704329607255382,0.18627835157134454,0.029025601587324434,0.21001483173108482,0.2677726149254667,0.11986530411222564,0.4,0.4,False,False,0.0,0
measurement_tampering,1835087719,47,304,0.9870499614666848,0.9870499954591302,0.13678666818669769,0.9870499614666848,0.7481570614980954,0.05600000000000001,0.8067363090340236,0.7189245697871102,0.9215879270138413,0.9669743310733637,309,0.21396857432629304,0.2201945623563037,0.036062141220631144,0.15904405629726337,0.3095417087945135,0.06118895700499536,0.4,0.0,False,False,0.0,0
measurement_tampering,1835087719,48,309,0.9930231752093917,0.9930231785477956,0.1553072056047101,0.9930231752093917,0.7510374269593638,0.0,0.8006761041365716,0.7149532477845785,0.9294291343124572,0.9607369500704955,307,0.08718633108529746,0.1564912662145104,0.041273391393543794,0.3101099180483563,0.33317744669720334,0.07176164656108869,0.0,0.0,False,False,0.0,0
measurement_tampering,1835087719,49,307,0.9909513679196985,0.9909513746194597,0.14974575942160706,0.9909513679196985,0.7611202551597138,0.014000000000000002,0.8003518092324343,0.7160118433500133,0.9323579521341865,0.9595256650749119,308,0.1475782244332966,0.15932729960723602,0.0838703723347163,0.2957501808148904,0.27935865626487516,0.03411526654498567,0.2,0.0,False,False,0.0,0
measurement_tampering,1835087719,50,308,0.9882303850779939,0.9882303935185218,0.14788531006969638,0.9882303850779939,0.9296604238807527,0.014000000000000002,0.8048942145811672,0.7055919774069941,0.9391221569207678,0.9334536137477975,306,0.004759077806017668,0.40099434486366514,0.09091052253640466,0.1564199065904113,0.33456981928350044,0.012346328920000729,0.2,0.0,True,False,0.0,0
measurement_tampering,1835087719,51,306,0.9864839129102562,0.9891196633919261,0.04718451743324724,0.9864839129102562,0.9664048048159137,0.456,0.8038038425345072,0.702995584442641,0.943550102019918,0.9269099695024847,315,0.09604007382495701,0.3212817830203979,0.07138420837964203,0.19177098055209058,0.2917008039561343,0.027822150266778062,0.4,0.4,True,False,0.0,0
measurement_tampering,1835087719,52,315,0.985381182294167,0.9853848901832847,0.09942392225372546,0.985381182294167,0.9598791447824194,0.21400000000000002,0.8049811259033709,0.7046713217846068,0.9472077896429234,0.92417802682975,310,0.14781895705122278,0.19226727264503535,0.04872947191125522,0.18517897027853686,0.29006348912498603,0.13594183898896361,0.2,0.2,True,False,0.0,0
measurement_tampering,1835087719,53,310,0.9810777011871136,0.9908129617808366,0.03679760670701921,0.9810777011871136,0.9722475357145962,0.526,0.8035609367084624,0.6992386183434353,0.9524870106786311,0.9135819865862427,313,0.06001078310073562,0.2896759812613052,0.06476393318802694,0.15845899202292205,0.367183888144877,0.05990642228213315,0.6,0.4,True,False,0.0,0
measurement_tampering,1835087719,54,313,0.9804247277820533,0.9914158679331004,0.03583661241646821,0.9804247277820533,0.964663945588255,0.526,0.8041482373729635,0.6904383095604322,0.957238309610768,0.8969509517964007,314,0.014520276677107919,0.3709306721281734,0.014814137483664292,0.056912954129236165,0.41368977616590646,0.12913218341591182,0.6,0.4,True,False,0.0,0
measurement_tampering,1835087719,55,314,0.9884534671412692,0.9896290601816183,0.05361554229195444,0.9884534671412692,1.0073017393819221,0.4,0.8035857119872628,0.6827147921261927,0.9606563534124855,0.884380273831406,312,0.022479975547277157,0.16539136138282726,0.044506077889963865,0.26776015070605025,0.2957093738139715,0.20415306065990999,0.0,0.4,True,False,0.0,0
measurement_tampering,1835087719,56,312,0.992805077343889,0.992805465446708,0.11744911516944274,0.992805077343889,1.040659191129832,0.126,0.8062759178937666,0.674014177076394,0.9645907180712369,0.8666470531063917,309,0.005439056956386183,0.18280757637091538,0.163234724691586,0.21552191106151222,0.30923367654328077,0.12376305437631958,0.6,0.0,True,False,0.0,0
measurement_tampering,1835087719,57,309,0.9916155344240457,0.9916155541978315,0.14113602122500093,0.9916155344240457,1.0266192035643593,0.05600000000000001,0.8105701695852627,0.6683836751284263,0.9651767401997944,0.8543353365308756,303,0.03837758632315117,0.21494262827271374,0.13881037808903593,0.13457637083842444,0.28522546967840595,0.18806756679826886,0.4,0.0,True,False,0.0,0
measurement_tampering,1835087719,58,303,0.99032942205049,0.9903295156616029,0.1287494301636854,0.99032942205049,1.053417222471349,0.126,0.8147414106825602,0.6603996159285159,0.9686590661798149,0.8367892142567376,299,0.005439056956386183,0.18280757637091538,0.163234724691586,0.21552191106151222,0.30923367654328077,0.12376305437631958,0.6,0.0,True,False,0.0,0
measurement_tampering,1835087719,59,299,0.9889642123221339,0.9889643878789334,0.12373304711980837,0.9889642123221339,1.0798856027214527,0.126,0.8134094736063942,0.652814759688601,0.9717931595618334,0.8258608921004145,301,0.005439056956386183,0.18280757637091538,0.163234724691586,0.21552191106151222,0.30923367654328077,0.12376305437631958,0.6,0.0,True,False,0.0,0
measurement_tampering,1835087719,60,301,0.9885495074138089,0.9885496376364564,0.12610751765287642,0.9885495074138089,1.1127346649016816,0.126,0.8130668400945968,0.6456091462606819,0.9746138436056501,0.8147246365426306,304,0.005439056956386183,0.18280757637091538,0.163234724691586,0.21552191106151222,0.30923367654328077,0.12376305437631958,0.6,0.0,True,False,0.0,0
measurement_tampering,1835087719,61,304,0.9894174695284048,0.9894178222692258,0.11818238696882746,0.9894174695284048,1.149643440148615,0.126,0.8107979705000682,0.6387638135041587,0.9771524592450851,0.8062418224568263,310,0.005439056956386183,0.18280757637091538,0.163234724691586,0.21552191106151222,0.30923367654328077,0.12376305437631958,0.6,0.0,True,False,0.0,0
measurement_tampering,1835087719,62,310,0.9845035835172674,0.9845037142482197,0.12604386141582985,0.9845035835172674,1.1601395740406095,0.126,0.807661280497818,0.6322607473854617,0.9794372133205765,0.7992641917310319,312,0.005439056956386183,0.18280757637091538,0.163234724691586,0.21552191106151222,0.30923367654328077,0.12376305437631958,0.6,0.0,True,False,0.0,0
measurement_tampering,1835087719,63,312,0.9928290024194271,0.9928292270176655,0.12180312522338094,0.9928290024194271,1.1809540196533097,0.126,0.8075656509263455,0.6260828345726995,0.9814934919885189,0.7898898518046191,310,0.005439056956386183,0.18280757637091538,0.163234724691586,0.21552191106151222,0.30923367654328077,0.12376305437631958,0.6,0.0,True,False,0.0,0
measurement_tampering,1835087719,64,310,0.9891433801945311,0.989143608823474,0.12163193347358615,0.9891433801945311,1.1581600129138725,0.126,0.8125856620427745,0.6202138174005755,0.983344142789667,0.7761876835618443,296,0.005439056956386183,0.18280757637091538,0.163234724691586,0.21552191106151222,0.30923367654328077,0.12376305437631958,0.6,0.0,True,False,0.0,0
measurement_tampering,1835087719,65,296,0.9880530896071568,0.9880533882112204,0.11949767072487655,0.9880530896071568,1.1520442309011962,0.126,0.810301232982066,0.6146382510870576,0.9850097285107002,0.7700741848801578,293,0.005439056956386183,0.18280757637091538,0.163234724691586,0.21552191106151222,0.30923367654328077,0.12376305437631958,0.6,0.0,True,False,0.0,0
measurement_tampering,1835087719,66,293,0.9886849359363634,0.9886850027158751,0.1314247383610301,0.9886849359363634,1.1640503206078863,0.126,0.8084899531878019,0.6093414630892157,0.9865087556596303,0.7639855763867855,294,0.005439056956386183,0.18280757637091538,0.163234724691586,0.21552191106151222,0.30923367654328077,0.12376305437631958,0.6,0.0,True,False,0.0,0
measurement_tampering,1835087719,67,294,0.9869819502746807,0.9869821046862179,0.12473868208943885,0.9869819502746807,1.1591289701538792,0.126,0.8096894653238085,0.6043095144912658,0.9878578800936673,0.7555208859246918,289,0.005439056956386183,0.18280757637091538,0.163234724691586,0.21552191106151222,0.30923367654328077,0.12376305437631958,0.6,0.0,True,False,0.0,0
measurement_tampering,1835087719,68,289,0.9913967577058532,0.9914075410766686,0.0909747079274268,0.9913967577058532,1.1678601848850745,0.256,0.8130727927551252,0.6099758736079505,0.9859937759350595,0.7608675376831247,285,0.1360229355155997,0.2061409568906703,0.052807183062202334,0.26711884854035045,0.2846084192537951,0.053301656737382165,0.4,0.2,True,False,0.0,0
measurement_tampering,1835087719,69,285,0.9882937356390987,0.9883068948689491,0.08936477787524405,0.9882937356390987,1.189307797265986,0.256,0.8072037207624595,0.6153589147688009,0.9843160821923126,0.7744809872083568,295,0.1360229355155997,0.2061409568906703,0.052807183062202334,0.26711884854035045,0.2846084192537951,0.053301656737382165,0.4,0.2,True,False,0.0,0
measurement_tampering,1835087719,70,295,0.9884434369698957,0.9884628977747106,0.08625142384005195,0.9884434369698957,1.1858324070241513,0.256,0.8070826387439015,0.6204728038716089,0.9828061578238404,0.7822343379997586,293,0.1360229355155997,0.2061409568906703,0.052807183062202334,0.26711884854035045,0.2846084192537951,0.053301656737382165,0.4,0.2,True,False,0.0,0
measurement_tampering,1835087719,71,293,0.9917687139039904,0.9917819331144169,0.08935651755407203,0.9917687139039904,1.2404382017065745,0.256,0.8034995008433597,0.6253309985192764,0.9814472258922153,0.7929711639675631,308,0.1360229355155997,0.2061409568906703,0.052807183062202334,0.26711884854035045,0.2846084192537951,0.053301656737382165,0.4,0.2,True,False,0.0,0
measurement_tampering,1835087719,72,308,0.9927521728389942,0.9927863469787985,0.08180411080912829,0.9927521728389942,1.2426723378900102,0.256,0.8060335753289835,0.6299462834345606,0.9802241871537528,0.797305886916263,305,0.1360229355155997,0.2061409568906703,0.052807183062202334,0.26711884854035045,0.2846084192537951,0.053301656737382165,0.4,0.2,True,False,0.0,0
measurement_tampering,1835087719,73,305,0.9908799615649421,0.9908957945014831,0.08791323548402258,0.9908799615649421,1.2423641914415429,0.256,0.8090383726490353,0.6343308041040806,0.9791234522891366,0.8007726437366032,302,0.1360229355155997,0.2061409568906703,0.052807183062202334,0.26711884854035045,0.2846084192537951,0.053301656737382165,0.4,0.2,True,False,0.0,0
measurement_tampering,1835087719,74,302,0.9874418761770807,0.9874518638467882,0.0915530548426336,0.9874418761770807,1.2283734521803433,0.256,0.8113644751220829,0.6384960987401246,0.9781327909109819,0.804534071689513,297,0.1360229355155997,0.2061409568906703,0.052807183062202334,0.26711884854035045,0.2846084192537951,0.053301656737382165,0.4,0.2,True,False,0.0,0
measurement_tampering,1835087719,75,297,0.9907876704020812,0.9908147570049298,0.0836384470103747,0.9907876704020812,1.2407158302039023,0.256,0.8069511515245592,0.6424531286443663,0.9772411956706427,0.8146900952623063,303,0.1360229355155997,0.2061409568906703,0.052807183062202334,0.26711884854035045,0.2846084192537951,0.053301656737382165,0.4,0.2,True,False,0.0,0
measurement_tampering,1835087719,76,303,0.9891749432923627,0.9891886807946697,0.08902954517198872,0.9891749432923627,1.2585421142978563,0.256,0.8027307330834166,0.6462123070533959,0.9764387599543375,0.8244424093458321,312,0.1360229355155997,0.2061409568906703,0.052807183062202334,0.26711884854035045,0.2846084192537951,0.053301656737382165,0.4,0.2,True,False,0.0,0
measurement_tampering,1835087719,77,312,0.9895508877975642,0.989572569430561,0.08540016491028005,0.9895508877975642,1.2159525766155854,0.256,0.8091415200453521,0.6497835265419741,0.9757165678096628,0.8230392188466876,295,0.1360229355155997,0.2061409568906703,0.052807183062202334,0.26711884854035045,0.2846084192537951,0.053301656737382165,0.4,0.2,True,False,0.0,0
measurement_tampering,1835087719,78,295,0.9866615033738609,0.9866703442623338,0.09251759433022866,0.9866615033738609,1.2251685127746776,0.256,0.8123625433229344,0.6531761850561234,0.9750665948794555,0.824605397592781,295,0.1360229355155997,0.2061409568906703,0.052807183062202334,0.26711884854035045,0.2846084192537951,0.053301656737382165,0.4,0.2,True,False,0.0,0
measurement_tampering,1835087719,79,295,0.9878269773261964,0.9878351356979816,0.09316652030488352,0.9878269773261964,1.2352760486372023,0.256,0.8125238417990399,0.6563992106445652,0.974481619242269,0.8290071666761718,297,0.1360229355155997,0.2061409568906703,0.052807183062202334,0.26711884854035045,0.2846084192537951,0.053301656737382165,0.4,0.2,True,False,0.0,0
measurement_tampering,1835087719,80,297,0.9888930449879796,0.9889111281360897,0.08683947701805955,0.9888930449879796,1.267679267161402,0.256,0.8111227277169575,0.6594610849535849,0.9739551411688011,0.8347638776968717,306,0.1360229355155997,0.2061409568906703,0.052807183062202334,0.26711884854035045,0.2846084192537951,0.053301656737382165,0.4,0.2,True,False,0.0,0
measurement_tampering,1835087719,81,306,0.9923704322501734,0.992385443142121,0.08834959485784645,0.9923704322501734,1.27473358103592,0.256,0.8189939608227903,0.6623698655471536,0.97348131090268,0.8307918900974063,299,0.1360229355155997,0.2061409568906703,0.052807183062202334,0.26711884854035045,0.2846084192537951,0.053301656737382165,0.4,0.2,True,False,0.0,0
measurement_tampering,1835087719,82,299,0.9915116671802602,0.9915218121158528,0.09146143338530785,0.9915116671802602,1.254521480779193,0.256,0.8176513002905973,0.6651332071110438,0.973054863663171,0.8359940207672714,296,0.1360229355155997,0.2061409568906703,0.052807183062202334,0.26711884854035045,0.2846084192537951,0.053301656737382165,0.4,0.2,True,False,0.0,0
measurement_tampering,1835087719,83,296,0.9878909600099126,0.9878985429985914,0.09374920887565986,0.9878909600099126,1.2328756798403375,0.256,0.8147317941539449,0.6677583815967396,0.9726710611476129,0.8426334365480547,295,0.1360229355155997,0.2061409568906703,0.052807183062202334,0.26711884854035045,0.2846084192537951,0.053301656737382165,0.4,0.2,True,False,0.0,0
measurement_tampering,1835087719,84,295,0.9872587411184002,0.9872739678800013,0.08819483149773659,0.9872587411184002,1.2483905858366162,0.256,0.8128851746601372,0.6702522973581506,0.9723256388836107,0.8480029647168371,301,0.1360229355155997,0.2061409568906703,0.052807183062202334,0.26711884854035045,0.2846084192537951,0.053301656737382165,0.4,0.2,True,False,0.0,0
measurement_tampering,1835087719,85,301,0.9914099511445144,0.9914154606781558,0.09632016266861962,0.9914099511445144,1.239636657470726,0.256,0.81280654764341,0.6726215173314911,0.9720147588460086,0.851355024996202,298,0.1360229355155997,0.2061409568906703,0.052807183062202334,0.26711884854035045,0.2846084192537951,0.053301656737382165,0.4,0.2,True,False,0.0,0
measurement_tampering,1835087719,86,298,0.989580527988971,0.9895939671115382,0.08920760466102623,0.989580527988971,1.242148779172647,0.256,0.8102749136259448,0.6748722763061645,0.9717349668121668,0.857119476728233,302,0.1360229355155997,0.2061409568906703,0.052807183062202334,0.26711884854035045,0.2846084192537951,0.053301656737382165,0.4,0.2,True,False,0.0,0
measurement_tampering,1835087719,87,302,0.9870020008014775,0.9870145757689915,0.08971587134819489,0.9870020008014775,1.2161828111354909,0.256,0.8080527556831433,0.6770104973321043,0.9714831539817091,0.8624231641444239,299,0.1360229355155997,0.2061409568906703,0.052807183062202334,0.26711884854035045,0.2846084192537951,0.053301656737382165,0.4,0.2,True,False,0.0,0
measurement_tampering,1835087719,88,299,0.991069926552694,0.991082731065057,0.08960461896527758,0.991069926552694,1.2004139691192326,0.256,0.8072836964636747,0.679041807306747,0.9712565224342973,0.866036873959771,295,0.1360229355155997,0.2061409568906703,0.052807183062202334,0.26711884854035045,0.2846084192537951,0.053301656737382165,0.4,0.2,True,False,0.0,0
measurement_tampering,1835087719,89,295,0.9915583814915545,0.9915680516261989,0.09184335002204333,0.9915583814915545,1.2242258142356321,0.256,0.8092913261313949,0.6809715517826577,0.9710525540416266,0.8665255021190438,299,0.1360229355155997,0.2061409568906703,0.052807183062202334,0.26711884854035045,0.2846084192537951,0.053301656737382165,0.4,0.2,True,False,0.0,0
measurement_tampering,1835087719,90,299,0.9934337923053798,0.9934627598850965,0.08312526868220514,0.9934337923053798,1.2228623879804015,0.256,0.8127226112759266,0.6828048090347728,0.970868982488223,0.8653535947754197,295,0.1360229355155997,0.2061409568906703,0.052807183062202334,0.26711884854035045,0.2846084192537951,0.053301656737382165,0.4,0.2,True,False,0.0,0
measurement_tampering,1835087719,91,295,0.991616389572394,0.991627374512847,0.09082905158811971,0.991616389572394,1.2081250150578582,0.256,0.8140439777512465,0.6845464034242822,0.9707037680901597,0.866299990820873,291,0.1360229355155997,0.2061409568906703,0.052807183062202334,0.26711884854035045,0.2846084192537951,0.053301656737382165,0.4,0.2,True,False,0.0,0
measurement_tampering,1835087719,92,291,0.986970461974309,0.9869816886069731,0.09061843193343382,0.986970461974309,1.1919317290726925,0.256,0.8179571200843984,0.686200918094316,0.9705550751319028,0.8643717662765831,285,0.1360229355155997,0.2061409568906703,0.052807183062202334,0.26711884854035045,0.2846084192537951,0.053301656737382165,0.4,0.2,True,False,0.0,0
measurement_tampering,1835087719,93,285,0.9902033404536694,0.990215332910679,0.0901191914986636,0.9902033404536694,1.1972067419082892,0.256,0.8134262800719935,0.6877727070308483,0.9704212514694714,0.8712974431144072,290,0.1360229355155997,0.2061409568906703,0.052807183062202334,0.26711884854035045,0.2846084192537951,0.053301656737382165,0.4,0.2,True,False,0.0,0
measurement_tampering,1835087719,94,290,0.993140660090726,0.9931541625779643,0.08919874761290011,0.993140660090726,1.178514688961103,0.256,0.8112831764438865,0.6892659065205539,0.9703008101732833,0.8756043958022968,287,0.1360229355155997,0.2061409568906703,0.052807183062202334,0.26711884854035045,0.2846084192537951,0.053301656737382165,0.4,0.2,True,False,0.0,0
measurement_tampering,1835087719,95,287,0.9870870021507002,0.9871047018087703,0.08699554851285224,0.9870870021507002,1.1707887410300666,0.256,0.8083991477617528,0.6906844460357742,0.970192413006714,0.8806350259464553,290,0.1360229355155997,0.2061409568906703,0.052807183062202334,0.26711884854035045,0.2846084192537951,0.053301656737382165,0.4,0.2,True,False,0.0,0
measurement_tampering,1835087719,96,290,0.9922833927593244,0.9922974820797001,0.08885323148617844,0.9922833927593244,1.198696593165463,0.256,0.8090554428712329,0.6920320585752334,0.9700948555568016,0.8817261644645007,295,0.1360229355155997,0.2061409568906703,0.052807183062202334,0.26711884854035045,0.2846084192537951,0.053301656737382165,0.4,0.2,True,False,0.0,0
measurement_tampering,1835087719,97,295,0.9919675364257434,0.9919735544368063,0.09562195211396854,0.9919675364257434,1.1865102477118803,0.256,0.8094432400861029,0.6933122904877197,0.9700070538518805,0.8830140343160232,292,0.1360229355155997,0.2061409568906703,0.052807183062202334,0.26711884854035045,0.2846084192537951,0.053301656737382165,0.4,0.2,True,False,0.0,0
measurement_tampering,1835087719,98,292,0.9916949864373665,0.9917040660591244,0.09234600376048872,0.9916949864373665,1.1645591007277856,0.256,0.8093992466010768,0.6945285108045817,0.9699280323174514,0.8846831822018413,287,0.1360229355155997,0.2061409568906703,0.052807183062202334,0.26711884854035045,0.2846084192537951,0.053301656737382165,0.4,0.2,True,False,0.0,0
measurement_tampering,1835087719,99,287,0.9890206438618797,0.9890297468637109,0.09230403801479493,0.9890206438618797,1.1778372643872788,0.256,0.8107409110099595,0.6956839201056005,0.9698569129364653,0.8847533403205138,290,0.1360229355155997,0.2061409568906703,0.052807183062202334,0.26711884854035045,0.2846084192537951,0.053301656737382165,0.4,0.2,True,False,0.0,0
measurement_tampering,1835087719,100,290,0.9899901682916855,0.9900026088063631,0.0898255010394623,0.9899901682916855,1.1623179220940763,0.256,0.8078625707185404,0.6967815589415685,0.9697929054935778,0.8893652537770497,289,0.1360229355155997,0.2061409568906703,0.052807183062202334,0.26711884854035045,0.2846084192537951,0.053301656737382165,0.4,0.2,True,False,0.0,0
measurement_tampering,1835087719,101,289,0.9913822384843543,0.9913997793093873,0.08710186364482647,0.9913822384843543,1.1500128721938632,0.256,0.8107261896838729,0.697824315835738,0.969735298794979,0.8876028568014596,283,0.1360229355155997,0.2061409568906703,0.052807183062202334,0.26711884854035045,0.2846084192537951,0.053301656737382165,0.4,0.2,True,False,0.0,0
measurement_tampering,1835087719,102,283,0.9859348312299828,0.9859821386897744,0.07916076074847558,0.9859348312299828,1.1435924935062953,0.256,0.8140733283772913,0.6988149348851991,0.9696834527662401,0.8852555685603687,280,0.1360229355155997,0.2061409568906703,0.052807183062202334,0.26711884854035045,0.2846084192537951,0.053301656737382165,0.4,0.2,True,False,0.0,0
measurement_tampering,1835087719,103,280,0.991012575207027,0.9910217334667396,0.09227188021787555,0.991012575207027,1.152863795117621,0.256,0.8120524691618514,0.6997560229821871,0.9696367913403752,0.888696496915731,283,0.1360229355155997,0.2061409568906703,0.052807183062202334,0.26711884854035045,0.2846084192537951,0.053301656737382165,0.4,0.2,True,False,0.0,0
measurement_tampering,1835087719,104,283,0.989904090451433,0.9899314520493222,0.08355094080163337,0.989904090451433,1.1537202424528827,0.256,0.8128305595937414,0.7006500566743257,0.9695947960570966,0.8890186307141275,283,0.1360229355155997,0.2061409568906703,0.052807183062202334,0.26711884854035045,0.2846084192537951,0.053301656737382165,0.4,0.2,True,False,0.0,0
measurement_tampering,1835087719,105,283,0.988542977765666,0.9885596441771342,0.08748607046781953,0.988542977765666,1.1309508205150705,0.256,0.8170970076857259,0.7014993886818573,0.969557000302146,0.885483209407359,274,0.1360229355155997,0.2061409568906703,0.052807183062202334,0.26711884854035045,0.2846084192537951,0.053301656737382165,0.4,0.2,True,False,0.0,0
measurement_tampering,1835087719,106,274,0.9868088694432304,0.9868214621371109,0.08970310071458827,0.9868088694432304,1.1279023724016057,0.256,0.8170341023717983,0.7023062540890125,0.9695229841226904,0.8866010527316991,274,0.1360229355155997,0.2061409568906703,0.052807183062202334,0.26711884854035045,0.2846084192537951,0.053301656737382165,0.4,0.2,True,False,0.0,0
measurement_tampering,1835087719,107,274,0.9918032902148367,0.9918169722382668,0.0890828790157814,0.9918032902148367,1.1359748719725737,0.256,0.8104710069704545,0.7030727762258099,0.9694923695611805,0.8947843986303494,281,0.1360229355155997,0.2061409568906703,0.052807183062202334,0.26711884854035045,0.2846084192537951,0.053301656737382165,0.4,0.2,True,False,0.0,0
measurement_tampering,1835087719,108,281,0.986903231126277,0.9869206725958545,0.08711103480026054,0.986903231126277,1.1304256456109918,0.256,0.8117245985640119,0.7038009722557673,0.9694648164558214,0.8943532777307339,280,0.1360229355155997,0.2061409568906703,0.052807183062202334,0.26711884854035045,0.2846084192537951,0.053301656737382165,0.4,0.2,True,False,0.0,0
measurement_tampering,1835087719,109,280,0.9919531897039836,0.9919791380875045,0.0839895214651532,0.9919531897039836,1.1483957602522175,0.256,0.8129512720045111,0.7044927584842269,0.9694400186609983,0.8939043998304884,282,0.1360229355155997,0.2061409568906703,0.052807183062202334,0.26711884854035045,0.2846084192537951,0.053301656737382165,0.4,0.2,True,False,0.0,0
measurement_tampering,1835087719,110,282,0.989870035894912,0.9898853489924231,0.08817085219192101,0.989870035894912,1.1456711796617343,0.256,0.8204375211497661,0.7051499554012635,0.9694177006456575,0.8865944814417844,275,0.1360229355155997,0.2061409568906703,0.052807183062202334,0.26711884854035045,0.2846084192537951,0.053301656737382165,0.4,0.2,True,False,0.0,0
measurement_tampering,1835087719,111,275,0.991935710526641,0.9919432076200293,0.09387241381440871,0.991935710526641,1.1054018092963465,0.256,0.823745880772702,0.7057742924724483,0.9693976144318508,0.8838338544628652,262,0.1360229355155997,0.2061409568906703,0.052807183062202334,0.26711884854035045,0.2846084192537951,0.053301656737382165,0.4,0.2,True,False,0.0,0
measurement_tampering,1835087719,112,262,0.9882430890235581,0.9882665942815098,0.08474680792251098,0.9882430890235581,1.1126013120919365,0.256,0.829263140932472,0.7063674126900739,0.9693795368394247,0.8787077269729199,260,0.1360229355155997,0.2061409568906703,0.052807183062202334,0.26711884854035045,0.2846084192537951,0.053301656737382165,0.4,0.2,True,False,0.0,0
measurement_tampering,1835087719,113,260,0.987569254043391,0.9875747509282307,0.09630756149431298,0.987569254043391,1.1022769546351543,0.256,0.8256837435915821,0.7069308768968181,0.9693632670062412,0.8832357884994866,261,0.1360229355155997,0.2061409568906703,0.052807183062202334,0.26711884854035045,0.2846084192537951,0.053301656737382165,0.4,0.2,True,False,0.0,0
measurement_tampering,1835087719,114,261,0.9884391172664415,0.9884525651690439,0.08919321940660097,0.9884391172664415,1.0930413949816655,0.256,0.8230709171521141,0.7074661678932251,0.9693486241563761,0.8867239148331312,261,0.1360229355155997,0.2061409568906703,0.052807183062202334,0.26711884854035045,0.2846084192537951,0.053301656737382165,0.4,0.2,True,False,0.0,0
measurement_tampering,1835087719,115,261,0.9864374610322189,0.9864444038998881,0.09443950237837857,0.9864374610322189,1.0754241059336571,0.256,0.8190156871946347,0.7079746943398119,0.9693354455914975,0.891767048195879,261,0.1360229355155997,0.2061409568906703,0.052807183062202334,0.26711884854035045,0.2846084192537951,0.053301656737382165,0.4,0.2,True,False,0.0,0
measurement_tampering,1835087719,116,261,0.9854987385244661,0.9855079243609691,0.09220353571665477,0.9854987385244661,1.055382224196751,0.256,0.8195934045698134,0.7084577944640692,0.9693235848831068,0.8917574537579848,256,0.1360229355155997,0.2061409568906703,0.052807183062202334,0.26711884854035045,0.2846084192537951,0.053301656737382165,0.4,0.2,True,False,0.0,0
measurement_tampering,1835087719,117,256,0.9913712293657598,0.9913863766977613,0.08826955166437624,0.9913712293657598,1.0538810480716543,0.256,0.816423455513819,0.7089167395821138,0.9693129102455551,0.8958097004368444,257,0.1360229355155997,0.2061409568906703,0.052807183062202334,0.26711884854035045,0.2846084192537951,0.053301656737382165,0.4,0.2,True,False,0.0,0
measurement_tampering,1835087719,118,257,0.9889264773375909,0.9889394794821061,0.08946546454404344,0.9889264773375909,1.0539747589537238,0.256,0.8219166648918054,0.7093527374442561,0.9693033030717586,0.8903787167156639,253,0.1360229355155997,0.2061409568906703,0.052807183062202334,0.26711884854035045,0.2846084192537951,0.053301656737382165,0.4,0.2,True,False,0.0,0
measurement_tampering,1835087719,119,253,0.9887506778770497,0.9887608376588946,0.0914275966013778,0.9887506778770497,1.0431672975265616,0.256,0.8213920855057395,0.7097669354132913,0.9692946566153418,0.8914755392341687,251,0.1360229355155997,0.2061409568906703,0.052807183062202334,0.26711884854035045,0.2846084192537951,0.053301656737382165,0.4,0.2,True,False,0.0,0
measurement_tampering,1835087719,120,251,0.9838314860476782,0.9838433364438224,0.09016266002477209,0.9838314860476782,0.9964138232002777,0.256,0.8130696432117065,0.7101604234838746,0.9692868748045667,0.9011070497051313,248,0.1360229355155997,0.2061409568906703,0.052807183062202334,0.26711884854035045,0.2846084192537951,0.053301656737382165,0.4,0.2,True,False,0.0,0
measurement_tampering,1835087719,121,248,0.9861280020920147,0.986153424315266,0.08410570243134834,0.9861280020920147,0.9993748872710726,0.256,0.8122008036994572,0.7105342371509289,0.969279871174869,0.9025523481620591,249,0.1360229355155997,0.2061409568906703,0.052807183062202334,0.26711884854035045,0.2846084192537951,0.053301656737382165,0.4,0.2,True,False,0.0,0
measurement_tampering,1835087719,122,249,0.9887449814943423,0.9887742496476501,0.08300544347313249,0.9887449814943423,0.9980171919517308,0.256,0.8099931553581284,0.7108893601346304,0.9692735679081411,0.9054704788142692,250,0.1360229355155997,0.2061409568906703,0.052807183062202334,0.26711884854035045,0.2846084192537951,0.053301656737382165,0.4,0.2,True,False,0.0,0
measurement_tampering,1835087719,123,250,0.9885065992146815,0.9885154496142661,0.0925239071050385,0.9885065992146815,1.0083508246563795,0.256,0.8052017824902085,0.7112267269691469,0.9692678949680861,0.9112961028295883,257,0.1360229355155997,0.2061409568906703,0.052807183062202334,0.26711884854035045,0.2846084192537951,0.053301656737382165,0.4,0.2,True,False,0.0,0
measurement_tampering,1835087719,124,257,0.9878009391328259,0.9878180939464479,0.08725018303357654,0.9878009391328259,1.0228949924217317,0.256,0.8040947651060307,0.7115472254619375,0.9692627893220365,0.9129667367190043,262,0.1360229355155997,0.2061409568906703,0.052807183062202334,0.26711884854035045,0.2846084192537951,0.053301656737382165,0.4,0.2,True,False,0.0,0
measurement_tampering,1835087719,125,262,0.98780310773324,0.9878126737509375,0.09189931520514677,0.98780310773324,1.017081934011685,0.256,0.8047477787325488,0.7118516990300886,0.9692581942405918,0.9126205799157151,260,0.1360229355155997,0.2061409568906703,0.052807183062202334,0.26711884854035045,0.2846084192537951,0.053301656737382165,0.4,0.2,True,False,0.0,0
measurement_tampering,1835087719,126,260,0.9844739878999954,0.984486589676528,0.0896785051912149,0.9844739878999954,1.0104808573881725,0.256,0.8083735139780269,0.7121409489198322,0.9692540586672916,0.9089003173611337,256,0.1360229355155997,0.2061409568906703,0.052807183062202334,0.26711884854035045,0.2846084192537951,0.053301656737382165,0.4,0.2,True,False,0.0,0
measurement_tampering,1835087719,127,256,0.9914233233128583,0.9914380301463553,0.08850488540883472,0.9914233233128583,1.0152649414414698,0.256,0.7990600288547084,0.7124157363150885,0.9692503366513215,0.9198523807705802,264,0.1360229355155997,0.2061409568906703,0.052807183062202334,0.26711884854035045,0.2846084192537951,0.053301656737382165,0.4,0.2,True,False,0.0,0
measurement_tampering,1835087719,128,264,0.9893165169230406,0.9893362946809977,0.08612985489542813,0.9893165169230406,1.0027984789096631,0.256,0.802746433457196,0.712676784340582,0.9692469868369484,0.9159668736301341,258,0.1360229355155997,0.2061409568906703,0.052807183062202334,0.26711884854035045,0.2846084192537951,0.053301656737382165,0.4,0.2,True,False,0.0,0
measurement_tampering,1835087719,129,258,0.9895458324179802,0.9895713914868723,0.08409051053561609,0.9895458324179802,0.9700574136880884,0.256,0.8022785243341152,0.7129247799648009,0.9692439720040126,0.9168228623773457,250,0.1360229355155997,0.2061409568906703,0.052807183062202334,0.26711884854035045,0.2846084192537951,0.053301656737382165,0.4,0.2,True,False,0.0,0
measurement_tampering,1835087719,130,250,0.9890594076596709,0.9890805501165495,0.08559665916864231,0.9890594076596709,0.9512746937849523,0.256,0.7981100633968308,0.7131603758078088,0.9692412586543704,0.9219184902281478,249,0.1360229355155997,0.2061409568906703,0.052807183062202334,0.26711884854035045,0.2846084192537951,0.053301656737382165,0.4,0.2,True,False,0.0,0
measurement_tampering,1835087719,131,249,0.9898840785883207,0.9898975794957161,0.08917353480846442,0.9898840785883207,0.9517428492110579,0.256,0.7980854722108852,0.7133841918586663,0.9692388166396924,0.9222385616054808,249,0.1360229355155997,0.2061409568906703,0.052807183062202334,0.26711884854035045,0.2846084192537951,0.053301656737382165,0.4,0.2,True,False,0.0,0
measurement_tampering,1835087719,132,249,0.9907184613848153,0.990741076625929,0.08507397341916356,0.9907184613848153,0.9446482849955173,0.256,0.8050280379789622,0.713596817106981,0.9692366188264822,0.9145597496209409,241,0.1360229355155997,0.2061409568906703,0.052807183062202334,0.26711884854035045,0.2846084192537951,0.053301656737382165,0.4,0.2,True,False,0.0,0
measurement_tampering,1835087719,133,241,0.9899976072986664,0.9900091622844883,0.09041333715090295,0.9899976072986664,0.9431973599178715,0.256,0.8002027651420895,0.7137988110928799,0.969234640794593,0.9203369210138879,245,0.1360229355155997,0.2061409568906703,0.052807183062202334,0.26711884854035045,0.2846084192537951,0.053301656737382165,0.4,0.2,True,False,0.0,0
measurement_tampering,1835087719,134,245,0.9837984818702435,0.9838130737357775,0.0885059003157982,0.9837984818702435,0.9403139959672764,0.256,0.804661349728006,0.7139907053794838,0.9692328605658928,0.9154851139881568,242,0.1360229355155997,0.2061409568906703,0.052807183062202334,0.26711884854035045,0.2846084192537951,0.053301656737382165,0.4,0.2,True,False,0.0,0
measurement_tampering,1835087719,135,242,0.9861812585337985,0.9861967975771805,0.08802454221922709,0.9861812585337985,0.9445503990800619,0.256,0.7995249250533748,0.7141730049517576,0.9692312583600625,0.9216032782666402,247,0.1360229355155997,0.2061409568906703,0.052807183062202334,0.26711884854035045,0.2846084192537951,0.053301656737382165,0.4,0.2,True,False,0.0,0
measurement_tampering,1835087719,136,247,0.9870962884603027,0.9871171199382195,0.08569879417116508,0.9870962884603027,0.9586172560343816,0.256,0.7934519752853578,0.7143461895454177,0.9692298163748153,0.9288836550745462,256,0.1360229355155997,0.2061409568906703,0.052807183062202334,0.26711884854035045,0.2846084192537951,0.053301656737382165,0.4,0.2,True,False,0.0,0
measurement_tampering,1835087719,137,256,0.9918016461678424,0.9918127039661359,0.09077791809542185,0.9918016461678424,0.9464758144270016,0.256,0.7919213808762187,0.7145107149093948,0.9692285185880928,0.9308945614868828,253,0.1360229355155997,0.2061409568906703,0.052807183062202334,0.26711884854035045,0.2846084192537951,0.053301656737382165,0.4,0.2,True,False,0.0,0
measurement_tampering,1835087719,138,253,0.9905265032822153,0.990534624826386,0.0932242572231786,0.9905265032822153,0.971603853050177,0.256,0.7909654530559563,0.714667014005173,0.9692273505800425,0.9322246043272284,261,0.1360229355155997,0.2061409568906703,0.052807183062202334,0.26711884854035045,0.2846084192537951,0.053301656737382165,0.4,0.2,True,False,0.0,0
measurement_tampering,1835087719,139,261,0.9893176510289117,0.9893285061689371,0.09090519458002344,0.9893176510289117,0.9867056265605009,0.256,0.7893368861187364,0.7148154981461623,0.9692262993727973,0.9343430768753449,267,0.1360229355155997,0.2061409568906703,0.052807183062202334,0.26711884854035045,0.2846084192537951,0.053301656737382165,0.4,0.2,True,False,0.0,0
measurement_tampering,1835087719,140,267,0.9898093863297541,0.9898584109377034,0.07890818195284674,0.9898093863297541,0.974185635182606,0.256,0.7919932814055927,0.7149565580801022,0.9692253532862766,0.9313939031187352,261,0.1360229355155997,0.2061409568906703,0.052807183062202334,0.26711884854035045,0.2846084192537951,0.053301656737382165,0.4,0.2,True,False,0.0,0
measurement_tampering,1835087719,141,261,0.9852863740477501,0.9853001408223968,0.08898124858136681,0.9852863740477501,0.9912769343505243,0.256,0.793911459997562,0.715090565017345,0.9692245018084079,0.9293185208301238,265,0.1360229355155997,0.2061409568906703,0.052807183062202334,0.26711884854035045,0.2846084192537951,0.053301656737382165,0.4,0.2,True,False,0.0,0
measurement_tampering,1835087719,142,265,0.9918397673771755,0.9918541040518685,0.08871113819975031,0.9918397673771755,1.0202346452229358,0.256,0.7980376040512355,0.7152178716077258,0.9692237354783262,0.9246789277856385,267,0.1360229355155997,0.2061409568906703,0.052807183062202334,0.26711884854035045,0.2846084192537951,0.053301656737382165,0.4,0.2,True,False,0.0,0
measurement_tampering,1835087719,143,267,0.9867712000749179,0.9867856210887813,0.088623667072414,0.9867712000749179,1.0275435032551217,0.256,0.8036487291653869,0.7153388128685875,0.9692230457812526,0.9183786846548223,265,0.1360229355155997,0.2061409568906703,0.052807183062202334,0.26711884854035045,0.2846084192537951,0.053301656737382165,0.4,0.2,True,False,0.0,0
measurement_tampering,1835087719,144,265,0.9895045148229241,0.9895242470702225,0.08614970505260902,0.9895045148229241,1.0617889716113922,0.256,0.8069051138620197,0.7154537070664061,0.9692224250538863,0.9148199279760463,270,0.1360229355155997,0.2061409568906703,0.052807183062202334,0.26711884854035045,0.2846084192537951,0.053301656737382165,0.4,0.2,True,False,0.0,0
measurement_tampering,1835087719,145,270,0.9918239842228079,0.9918415734960718,0.08708345444216797,0.9918239842228079,1.0538160646284953,0.256,0.8073098105471457,0.7155628565543337,0.9692218663992567,0.9145013594112071,267,0.1360229355155997,0.2061409568906703,0.052807183062202334,0.26711884854035045,0.2846084192537951,0.053301656737382165,0.4,0.2,True,False,0.0,0
measurement_tampering,1835087719,146,267,0.9899101054783584,0.9899219757489102,0.09019835100974484,0.9899101054783584,1.0546621249844232,0.256,0.8038924498533757,0.715666548567865,0.96922136361009,0.9185224804609239,271,0.1360229355155997,0.2061409568906703,0.052807183062202334,0.26711884854035045,0.2846084192537951,0.053301656737382165,0.4,0.2,True,False,0.0,0
measurement_tampering,1835087719,147,271,0.9892490025065569,0.9892758383425987,0.08370011126978204,0.9892490025065569,1.0634732084259468,0.256,0.8023221197595235,0.7157650559807198,0.9692209110998401,0.9204473481198411,275,0.1360229355155997,0.2061409568906703,0.052807183062202334,0.26711884854035045,0.2846084192537951,0.053301656737382165,0.4,0.2,True,False,0.0,0
measurement_tampering,1835087719,148,275,0.9886504169728876,0.9886761777257836,0.08402074059760092,0.9886504169728876,1.084439056700407,0.256,0.8060041967856142,0.7158586380229318,0.9692205038406151,0.9163626376259728,277,0.1360229355155997,0.2061409568906703,0.052807183062202334,0.26711884854035045,0.2846084192537951,0.053301656737382165,0.4,0.2,True,False,0.0,0
measurement_tampering,1835087719,149,277,0.9861195976544191,0.9861322902068684,0.08963466616223241,0.9861195976544191,1.0731138105760734,0.256,0.8100223287685958,0.7159475409630331,0.9692201373073126,0.9119305864133269,271,0.1360229355155997,0.2061409568906703,0.052807183062202334,0.26711884854035045,0.2846084192537951,0.053301656737382165,0.4,0.2,True,False,0.0,0
measurement_tampering,1835087719,150,271,0.9897015197158201,0.9897214179433464,0.08608461389426535,0.9897015197158201,1.060220361663043,0.256,0.8045172418622473,0.7160319987561294,0.9692198074273404,0.9182792987331271,272,0.1360229355155997,0.2061409568906703,0.052807183062202334,0.26711884854035045,0.2846084192537951,0.053301656737382165,0.4,0.2,True,False,0.0,0
measurement_tampering,1835087719,151,272,0.9893989615152144,0.9894078212679533,0.0925226819231218,0.9893989615152144,1.064534325366026,0.256,0.8006313448344096,0.716112233659571,0.9692195105353654,0.9228398847345045,277,0.1360229355155997,0.2061409568906703,0.052807183062202334,0.26711884854035045,0.2846084192537951,0.053301656737382165,0.4,0.2,True,False,0.0,0
measurement_tampering,1835087719,152,277,0.9868151874579372,0.9868378255069579,0.08503452710028149,0.9868151874579372,1.0681500585027264,0.256,0.8023489340795613,0.7161884568178404,0.9692192433325879,0.9209626313015937,277,0.1360229355155997,0.2061409568906703,0.052807183062202334,0.26711884854035045,0.2846084192537951,0.053301656737382165,0.4,0.2,True,False,0.0,0
measurement_tampering,1835087719,153,277,0.9869537206040185,0.9869723386023808,0.0865918330381122,0.9869537206040185,1.045033126033561,0.256,0.7992403627084083,0.7162608688181964,0.9692190028500881,0.9246383379496955,274,0.1360229355155997,0.2061409568906703,0.052807183062202334,0.26711884854035045,0.2846084192537951,0.053301656737382165,0.4,0.2,True,False,0.0,0
measurement_tampering,1835087719,154,274,0.9867223417330461,0.9867359228671801,0.08910090891162031,0.9867223417330461,1.0330796652224397,0.256,0.7981579931477469,0.7163296602185345,0.9692187864158384,0.9259813572003286,272,0.1360229355155997,0.2061409568906703,0.052807183062202334,0.26711884854035045,0.2846084192537951,0.053301656737382165,0.4,0.2,True,False,0.0,0
measurement_tampering,1835087719,155,272,0.989714626068557,0.9897490385725098,0.08172439192773225,0.989714626068557,1.0367411764109655,0.256,0.794252645490513,0.7163950120488558,0.9692185916250136,0.9306194972452804,276,0.1360229355155997,0.2061409568906703,0.052807183062202334,0.26711884854035045,0.2846084192537951,0.053301656737382165,0.4,0.2,True,False,0.0,0
measurement_tampering,1835087719,156,276,0.9872379894410795,0.9872626866312708,0.08434496993282337,0.9872379894410795,1.0395633744797947,0.256,0.7897745585502763,0.716457096287661,0.9692184163132712,0.9359774625672703,282,0.1360229355155997,0.2061409568906703,0.052807183062202334,0.26711884854035045,0.2846084192537951,0.053301656737382165,0.4,0.2,True,False,0.0,0
measurement_tampering,1835087719,157,282,0.988085105718784,0.9881076603707446,0.08507414184600198,0.988085105718784,1.0007573665961915,0.256,0.7850343857343239,0.7165160763145259,0.9692182585327032,0.941706725562174,276,0.1360229355155997,0.2061409568906703,0.052807183062202334,0.26711884854035045,0.2846084192537951,0.053301656737382165,0.4,0.2,True,False,0.0,0
measurement_tampering,1835087719,158,276,0.9857866538135254,0.9858328875364947,0.07934230732944053,0.9857866538135254,0.9999600648627173,0.256,0.7914973511375788,0.7165721073400475,0.9692181165301919,0.934090403001939,270,0.1360229355155997,0.2061409568906703,0.052807183062202334,0.26711884854035045,0.2846084192537951,0.053301656737382165,0.4,0.2,True,False,0.0,0
measurement_tampering,1835087719,159,270,0.9890561611152007,0.9890921113253126,0.0813711325973627,0.9890561611152007,0.9886774937156672,0.256,0.7936763085281974,0.7166253368142931,0.9692179887279317,0.9315952728665506,264,0.1360229355155997,0.2061409568906703,0.052807183062202334,0.26711884854035045,0.2846084192537951,0.053301656737382165,0.4,0.2,True,False,0.0,0
measurement_tampering,1835087719,160,264,0.9873583190044262,0.9873719245890892,0.08909172005333407,0.9873583190044262,1.0072937062512886,0.256,0.8047663983124905,0.7166759048148263,0.9692178737058976,0.9188223570668745,259,0.1360229355155997,0.2061409568906703,0.052807183062202334,0.26711884854035045,0.2846084192537951,0.053301656737382165,0.4,0.2,True,False,0.0,0
measurement_tampering,1835087719,161,259,0.9876683485313382,0.987696671114778,0.08325817674888153,0.9876683485313382,1.0291121739439362,0.256,0.8053480829447905,0.716723944415333,0.9692177701860669,0.9182203558382052,264,0.1360229355155997,0.2061409568906703,0.052807183062202334,0.26711884854035045,0.2846084192537951,0.053301656737382165,0.4,0.2,True,False,0.0,0
measurement_tampering,1835087719,162,264,0.9866981140189967,0.986711139799924,0.08943305080307515,0.9866981140189967,0.9987315615093265,0.256,0.8092331262099983,0.7167695820358144,0.9692176770182193,0.9138703514439492,253,0.1360229355155997,0.2061409568906703,0.052807183062202334,0.26711884854035045,0.2846084192537951,0.053301656737382165,0.4,0.2,True,False,0.0,0
measurement_tampering,1835087719,163,253,0.9908385805195941,0.9908559125130608,0.08719283266207783,0.9908385805195941,1.0389884453635645,0.256,0.807182575443681,0.7168129377752717,0.9692175931671564,0.9162474273475686,264,0.1360229355155997,0.2061409568906703,0.052807183062202334,0.26711884854035045,0.2846084192537951,0.053301656737382165,0.4,0.2,True,False,0.0,0
measurement_tampering,1835087719,164,264,0.9885517592666626,0.9885680756918475,0.08765507601978405,0.9885517592666626,1.0716311779364716,0.256,0.8071169805049937,0.7168541257277561,0.9692175177011998,0.9163746144462285,273,0.1360229355155997,0.2061409568906703,0.052807183062202334,0.26711884854035045,0.2846084192537951,0.053301656737382165,0.4,0.2,True,False,0.0,0
measurement_tampering,1835087719,165,273,0.9879301587717852,0.9879423961723482,0.08993995411242245,0.9879301587717852,1.09703175731055,0.256,0.8129765514164864,0.7168932542826163,0.9692174497818389,0.9098195189647255,274,0.1360229355155997,0.2061409568906703,0.052807183062202334,0.26711884854035045,0.2846084192537951,0.053301656737382165,0.4,0.2,True,False,0.0,0
measurement_tampering,1835087719,166,274,0.9904612739707714,0.9904860769723949,0.08433688615502542,0.9904612739707714,1.1206409812365563,0.256,0.8173590357198088,0.7169304264097335,0.969217388654414,0.904988263403334,275,0.1360229355155997,0.2061409568906703,0.052807183062202334,0.26711884854035045,0.2846084192537951,0.053301656737382165,0.4,0.2,True,False,0.0,0
measurement_tampering,1835087719,167,275,0.9901281664659305,0.9901446367377138,0.08759305714126972,0.9901281664659305,1.133503054771056,0.256,0.8207996737024327,0.7169657399304947,0.9692173336397316,0.9012391635746418,275,0.1360229355155997,0.2061409568906703,0.052807183062202334,0.26711884854035045,0.2846084192537951,0.053301656737382165,0.4,0.2,True,False,0.0,0
measurement_tampering,1835087719,168,275,0.9815518333528291,0.9815609345779148,0.0922452519650934,0.9815518333528291,1.120181118404961,0.256,0.8177828300174267,0.7169992877752179,0.9692172841265174,0.9046062540851233,277,0.1360229355155997,0.2061409568906703,0.052807183062202334,0.26711884854035045,0.2846084192537951,0.053301656737382165,0.4,0.2,True,False,0.0,0
measurement_tampering,1835087719,169,277,0.9906538345403603,0.9906677821712657,0.08892060336127033,0.9906538345403603,1.122358920420363,0.256,0.8220647177866011,0.717031158227705,0.9692172395646247,0.8999344737645801,271,0.1360229355155997,0.2061409568906703,0.052807183062202334,0.26711884854035045,0.2846084192537951,0.053301656737382165,0.4,0.2,True,False,0.0,0
measurement_tampering,1835087719,170,271,0.9881412391930499,0.9881499261045985,0.09266937983989401,0.9881412391930499,1.1116160433673774,0.256,0.8200006632777019,0.7170614351575677,0.9692171994589213,0.9022378657558187,271,0.1360229355155997,0.2061409568906703,0.052807183062202334,0.26711884854035045,0.2846084192537951,0.053301656737382165,0.4,0.2,True,False,0.0,0
measurement_tampering,1835087719,171,271,0.9919633483280799,0.9919716610498028,0.09305059181205814,0.9919633483280799,1.1481274475727614,0.256,0.8156807831795675,0.7170901982409373,0.9692171633637882,0.907052572252996,283,0.1360229355155997,0.2061409568906703,0.052807183062202334,0.26711884854035045,0.2846084192537951,0.053301656737382165,0.4,0.2,True,False,0.0,0
measurement_tampering,1835087719,172,283,0.9861733504828388,0.9861841052243099,0.09095381948231732,0.9861733504828388,1.1590221246362205,0.256,0.8191133603475753,0.7171175231701384,0.9692171308781684,0.9032859258805577,284,0.1360229355155997,0.2061409568906703,0.052807183062202334,0.26711884854035045,0.2846084192537951,0.053301656737382165,0.4,0.2,True,False,0.0,0
measurement_tampering,1835087719,173,284,0.9894873411661488,0.9894994032651291,0.09006734262030394,0.9894873411661488,1.1392872934736573,0.256,0.8172737705801335,0.7171434818528795,0.9692171016411106,0.9053519178064711,280,0.1360229355155997,0.2061409568906703,0.052807183062202334,0.26711884854035045,0.2846084192537951,0.053301656737382165,0.4,0.2,True,False,0.0,0
measurement_tampering,1835087719,174,280,0.9882071744001963,0.9882223278017047,0.08824091719500735,0.9882071744001963,1.149690333922003,0.256,0.8161780594881677,0.7171681426014834,0.9692170753277586,0.9065985431032468,284,0.1360229355155997,0.2061409568906703,0.052807183062202334,0.26711884854035045,0.2846084192537951,0.053301656737382165,0.4,0.2,True,False,0.0,0
measurement_tampering,1835087719,175,284,0.9910638017353347,0.9910905338311483,0.08374553076758087,0.9910638017353347,1.1519741348409556,0.256,0.8169479720816518,0.7171915703126572,0.9692170516457418,0.9057737515761355,283,0.1360229355155997,0.2061409568906703,0.052807183062202334,0.26711884854035045,0.2846084192537951,0.053301656737382165,0.4,0.2,True,False,0.0,0
measurement_tampering,1835087719,176,283,0.9911361845493145,0.9911463018761847,0.09148011047560124,0.9911361845493145,1.1522745770570186,0.256,0.8211638110197245,0.7172138266382724,0.9692170303319266,0.9011515108899247,279,0.1360229355155997,0.2061409568906703,0.052807183062202334,0.26711884854035045,0.2846084192537951,0.053301656737382165,0.4,0.2,True,False,0.0,0
measurement_tampering,1835087719,177,279,0.9898521419837213,0.9898650032996656,0.08955959801798004,0.9898521419837213,1.1623145779598802,0.256,0.8305503352910883,0.7172349701476067,0.969217011149493,0.89099336576201,273,0.1360229355155997,0.2061409568906703,0.052807183062202334,0.26711884854035045,0.2846084192537951,0.053301656737382165,0.4,0.2,True,False,0.0,0
measurement_tampering,1835087719,178,273,0.9883610656572981,0.9883679141518809,0.09456395085145751,0.9883610656572981,1.184302587664736,0.256,0.8366381179009666,0.7172550564814744,0.9692169938853027,0.8845348548112683,273,0.1360229355155997,0.2061409568906703,0.052807183062202334,0.26711884854035045,0.2846084192537951,0.053301656737382165,0.4,0.2,True,False,0.0,0
measurement_tampering,1835087719,179,273,0.9817415509720941,0.981749524629698,0.0932996262597228,0.9817415509720941,1.1793377269124423,0.256,0.8363007595634184,0.7172741384986486,0.9692169783475314,0.8849152265182431,274,0.1360229355155997,0.2061409568906703,0.052807183062202334,0.26711884854035045,0.2846084192537951,0.053301656737382165,0.4,0.2,True,False,0.0,0
measurement_tampering,1835087719,180,274,0.9880872622976553,0.9880948573238754,0.09373816441332511,0.9880872622976553,1.1625516332269115,0.256,0.8333654362801863,0.7172922664149641,0.9692169643635373,0.8880545775207306,271,0.1360229355155997,0.2061409568906703,0.052807183062202334,0.26711884854035045,0.2846084192537951,0.053301656737382165,0.4,0.2,True,False,0.0,0
measurement_tampering,1835087719,181,271,0.9906881924824605,0.9906950341436559,0.09459061736158386,0.9906881924824605,1.1654176993901308,0.256,0.833321021380077,0.7173094879354639,0.9692169517779426,0.8881232436802647,271,0.1360229355155997,0.2061409568906703,0.052807183062202334,0.26711884854035045,0.2846084192537951,0.053301656737382165,0.4,0.2,True,False,0.0,0
measurement_tampering,1835087719,182,271,0.9870316475703953,0.9870399999340185,0.09297304904106102,0.9870316475703953,1.1706082923520098,0.256,0.838015065149073,0.7173258483799387,0.9692169404509074,0.883168678020331,269,0.1360229355155997,0.2061409568906703,0.052807183062202334,0.26711884854035045,0.2846084192537951,0.053301656737382165,0.4,0.2,True,False,0.0,0
measurement_tampering,1835087719,183,269,0.9889047657095142,0.9889096070008424,0.09732924339370344,0.9889047657095142,1.1779842935124345,0.256,0.8393502551929508,0.7173413908021897,0.9692169302565757,0.8817828987550399,269,0.1360229355155997,0.2061409568906703,0.052807183062202334,0.26711884854035045,0.2846084192537951,0.053301656737382165,0.4,0.2,True,False,0.0,0
measurement_tampering,1835087719,184,269,0.9872522663126917,0.9872642295793053,0.09011483189374478,0.9872522663126917,1.1392662030246263,0.256,0.8354261534803721,0.7173561561033283,0.9692169210816772,0.885942987631133,264,0.1360229355155997,0.2061409568906703,0.052807183062202334,0.26711884854035045,0.2846084192537951,0.053301656737382165,0.4,0.2,True,False,0.0,0
measurement_tampering,1835087719,185,264,0.9909259535248246,0.9909319760217709,0.0956076582882907,0.9909259535248246,1.158913924441574,0.256,0.8326989419040746,0.7173701831394098,0.9692169128242685,0.8888619691512917,270,0.1360229355155997,0.2061409568906703,0.052807183062202334,0.26711884854035045,0.2846084192537951,0.053301656737382165,0.4,0.2,True,False,0.0,0
measurement_tampering,1835087719,186,270,0.9873746215682555,0.9873785666150883,0.09894650179561401,0.9873746215682555,1.1471344294776242,0.256,0.8263484468075721,0.7173835088236873,0.9692169053926006,0.8957095262469035,274,0.1360229355155997,0.2061409568906703,0.052807183062202334,0.26711884854035045,0.2846084192537951,0.053301656737382165,0.4,0.2,True,False,0.0,0
measurement_tampering,1835087719,187,274,0.9906610133766575,0.9906768972994392,0.08788588448190458,0.9906610133766575,1.1445776902793532,0.256,0.8215082068219707,0.7173961682237509,0.9692168987040995,0.9010028582049598,277,0.1360229355155997,0.2061409568906703,0.052807183062202334,0.26711884854035045,0.2846084192537951,0.053301656737382165,0.4,0.2,True,False,0.0,0
measurement_tampering,1835087719,188,277,0.9937600173192993,0.9937753299303225,0.08820232471616091,0.9937600173192993,1.1426979347423876,0.256,0.8233103632756296,0.7174081946538113,0.9692168926844487,0.8990457164134024,274,0.1360229355155997,0.2061409568906703,0.052807183062202334,0.26711884854035045,0.2846084192537951,0.053301656737382165,0.4,0.2,True,False,0.0,0
measurement_tampering,1835087719,189,274,0.9849088390891134,0.9849330830983822,0.08447358473028586,0.9849088390891134,1.1222889390194097,0.256,0.8217222019557563,0.7174196197623688,0.9692168872667628,0.9007976731512545,273,0.1360229355155997,0.2061409568906703,0.052807183062202334,0.26711884854035045,0.2846084192537951,0.053301656737382165,0.4,0.2,True,False,0.0,0
measurement_tampering,1835087719,190,273,0.9836296709942188,0.9836358559702356,0.0953369257389408,0.9836296709942188,1.1120455159349845,0.256,0.8172963737506215,0.7174304736154983,0.9692168823908456,0.9056893846301175,275,0.1360229355155997,0.2061409568906703,0.052807183062202334,0.26711884854035045,0.2846084192537951,0.053301656737382165,0.4,0.2,True,False,0.0,0
measurement_tampering,1835087719,191,275,0.9893564354329039,0.9893771408997145,0.08576529535309066,0.9893564354329039,1.1027854922651172,0.256,0.8163709259319821,0.7174407847759714,0.9692168780025201,0.9067291206634146,272,0.1360229355155997,0.2061409568906703,0.052807183062202334,0.26711884854035045,0.2846084192537951,0.053301656737382165,0.4,0.2,True,False,0.0,0
measurement_tampering,1835087719,192,272,0.9890619336957339,0.9890770322880484,0.08827664225488198,0.9890619336957339,1.1053725645468724,0.256,0.8182125936653051,0.7174505803784208,0.9692168740530271,0.9047005720416803,271,0.1360229355155997,0.2061409568906703,0.052807183062202334,0.26711884854035045,0.2846084192537951,0.053301656737382165,0.4,0.2,True,False,0.0,0
measurement_tampering,1835087719,193,271,0.987872841950988,0.9878840199336788,0.09066027546113321,0.987872841950988,1.1217697366923596,0.256,0.81336328464595,0.7174598862007477,0.9692168704984835,0.9101062460185283,280,0.1360229355155997,0.2061409568906703,0.052807183062202334,0.26711884854035045,0.2846084192537951,0.053301656737382165,0.4,0.2,True,False,0.0,0
measurement_tampering,1835087719,194,280,0.9885268060171382,0.988534152076688,0.09400700817125147,0.9885268060171382,1.093957976371029,0.256,0.8132366508952963,0.7174687267319584,0.9692168672993942,0.9102591829581557,273,0.1360229355155997,0.2061409568906703,0.052807183062202334,0.26711884854035045,0.2846084192537951,0.053301656737382165,0.4,0.2,True,False,0.0,0
measurement_tampering,1835087719,195,273,0.9842177863719125,0.9842383256133385,0.08578800516275688,0.9842177863719125,1.0914119490327538,0.256,0.8117249012857387,0.7174771252366084,0.9692168644202137,0.9119651197963907,275,0.1360229355155997,0.2061409568906703,0.052807183062202334,0.26711884854035045,0.2846084192537951,0.053301656737382165,0.4,0.2,True,False,0.0,0
measurement_tampering,1835087719,196,275,0.9892772741693604,0.9892884098832095,0.09070174116132527,0.9892772741693604,1.0810784788495578,0.256,0.8096218388272209,0.717485103816026,0.9692168618289514,0.914344197878856,273,0.1360229355155997,0.2061409568906703,0.052807183062202334,0.26711884854035045,0.2846084192537951,0.053301656737382165,0.4,0.2,True,False,0.0,0
measurement_tampering,1835087719,197,273,0.9930606303547155,0.9930845404457787,0.0846495903480183,0.9930606303547155,1.0968944671670464,0.256,0.8095607196718195,0.7174926834664728,0.9692168594968152,0.9144228900773851,276,0.1360229355155997,0.2061409568906703,0.052807183062202334,0.26711884854035045,0.2846084192537951,0.053301656737382165,0.4,0.2,True,False,0.0,0
measurement_tampering,1835087719,198,276,0.9896355663255894,0.9896626214134097,0.08363845238985768,0.9896355663255894,1.0841241991452506,0.256,0.809281924263015,0.7174998841343971,0.9692168573978928,0.9147470884388328,274,0.1360229355155997,0.2061409568906703,0.052807183062202334,0.26711884854035045,0.2846084192537951,0.053301656737382165,0.4,0.2,True,False,0.0,0
measurement_tampering,1835087719,199,274,0.9900074161920718,0.9900306662277113,0.08484790802955339,0.9900074161920718,1.0909936294813487,0.256,0.8152251826049676,0.7175067247689253,0.9692168555088625,0.908086942213834,270,0.1360229355155997,0.2061409568906703,0.052807183062202334,0.26711884854035045,0.2846084192537951,0.053301656737382165,0.4,0.2,True,False,0.0,0
measurement_tampering,1835087719,200,270,0.9921812748716667,0.9922066066328841,0.0841827889382834,0.9921812748716667,1.0725359819544569,0.256,0.810747495534926,0.717513223371727,0.9692168538087352,0.9131104982341027,269,0.1360229355155997,0.2061409568906703,0.052807183062202334,0.26711884854035045,0.2846084192537951,0.053301656737382165,0.4,0.2,True,False,0.0,0
measurement_tampering,1835087719,201,269,0.9863305966060727,0.9863625781469127,0.08228027338711591,0.9863305966060727,1.0731884568149566,0.256,0.8126241471332193,0.7175193970443886,0.9692168522786208,0.9110096261895092,269,0.1360229355155997,0.2061409568906703,0.052807183062202334,0.26711884854035045,0.2846084192537951,0.053301656737382165,0.4,0.2,True,False,0.0,0
measurement_tampering,1835087719,202,269,0.9878172244369576,0.9878284341903935,0.0906372350356825,0.9878172244369576,1.0704435592507942,0.256,0.8146887002350011,0.7175252620334172,0.9692168509015177,0.9087084092571429,266,0.1360229355155997,0.2061409568906703,0.052807183062202334,0.26711884854035045,0.2846084192537951,0.053301656737382165,0.4,0.2,True,False,0.0,0
measurement_tampering,1835087719,203,266,0.9914731711713664,0.9915021696743902,0.08310105105946354,0.9914731711713664,1.062571937397091,0.256,0.8125817003396559,0.7175308337729943,0.969216849662125,0.9110717385960168,265,0.1360229355155997,0.2061409568906703,0.052807183062202334,0.26711884854035045,0.2846084192537951,0.053301656737382165,0.4,0.2,True,False,0.0,0
measurement_tampering,1835087719,204,265,0.9882744922777269,0.9883069536080127,0.0821774185680072,0.9882744922777269,1.0517347454048935,0.256,0.8105663089218783,0.7175361269255925,0.9692168485466715,0.9133437652794882,265,0.1360229355155997,0.2061409568906703,0.052807183062202334,0.26711884854035045,0.2846084192537951,0.053301656737382165,0.4,0.2,True,False,0.0,0
measurement_tampering,1835087719,205,265,0.9921775231930574,0.9922049919932747,0.08353807494122198,0.9921775231930574,1.0700387363867445,0.256,0.8048417549080732,0.7175411554205608,0.9692168475427634,0.9198465028135111,274,0.1360229355155997,0.2061409568906703,0.052807183062202334,0.26711884854035045,0.2846084192537951,0.053301656737382165,0.4,0.2,True,False,0.0,0
measurement_tampering,1835087719,206,274,0.9884471702682465,0.9884808221857728,0.08189209298292466,0.9884471702682465,1.0717409723319968,0.256,0.8053292037940092,0.7175459324907808,0.9692168466392461,0.9192958600865989,275,0.1360229355155997,0.2061409568906703,0.052807183062202334,0.26711884854035045,0.2846084192537951,0.053301656737382165,0.4,0.2,True,False,0.0,0
measurement_tampering,1835087719,207,275,0.9913529187641043,0.9913664857037926,0.08914650053839164,0.9913529187641043,1.0742654143027752,0.256,0.8041370578628033,0.7175504707074898,0.9692168458260806,0.9206645543706088,276,0.1360229355155997,0.2061409568906703,0.052807183062202334,0.26711884854035045,0.2846084192537951,0.053301656737382165,0.4,0.2,True,False,0.0,0
measurement_tampering,1835087719,208,276,0.9913441972011525,0.9913734018942716,0.08304361839680952,0.9913441972011525,1.0808609097062083,0.256,0.805876330339128,0.7175547820133633,0.9692168450942316,0.9186830620949694,276,0.1360229355155997,0.2061409568906703,0.052807183062202334,0.26711884854035045,0.2846084192537951,0.053301656737382165,0.4,0.2,True,False,0.0,0
measurement_tampering,1835087719,209,276,0.9912739017053162,0.9912971777846104,0.0848491730355221,0.9912739017053162,1.0939059565521907,0.256,0.8135106323740404,0.7175588777539431,0.9692168444355674,0.9100669760064474,272,0.1360229355155997,0.2061409568906703,0.052807183062202334,0.26711884854035045,0.2846084192537951,0.053301656737382165,0.4,0.2,True,False,0.0,0
measurement_tampering,1835087719,210,272,0.9861086862916867,0.986135461817741,0.08369271180706507,0.9861086862916867,1.0883224888276082,0.256,0.8124852820207372,0.7175627687074939,0.9692168438427697,0.911220415339438,273,0.1360229355155997,0.2061409568906703,0.052807183062202334,0.26711884854035045,0.2846084192537951,0.053301656737382165,0.4,0.2,True,False,0.0,0
measurement_tampering,1835087719,211,273,0.9913094510893867,0.9913225572946458,0.0894211694058756,0.9913094510893867,1.1018709613858275,0.256,0.8113888978684091,0.7175664651133672,0.9692168433092518,0.9124563970489682,276,0.1360229355155997,0.2061409568906703,0.052807183062202334,0.26711884854035045,0.2846084192537951,0.053301656737382165,0.4,0.2,True,False,0.0,0
measurement_tampering,1835087719,212,276,0.9888909900270267,0.9889099715865448,0.08645350361114541,0.9888909900270267,1.1082913778500334,0.256,0.8116866542084741,0.7175699766989468,0.9692168428290857,0.9121261388236624,278,0.1360229355155997,0.2061409568906703,0.052807183062202334,0.26711884854035045,0.2846084192537951,0.053301656737382165,0.4,0.2,True,False,0.0,0
measurement_tampering,1835087719,213,278,0.9867419907255989,0.9867725528827699,0.08264493950137682,0.9867419907255989,1.097054793472585,0.256,0.8114594270680414,0.7175733127052475,0.9692168423969362,0.9123857970370475,276,0.1360229355155997,0.2061409568906703,0.052807183062202334,0.26711884854035045,0.2846084192537951,0.053301656737382165,0.4,0.2,True,False,0.0,0
measurement_tampering,1835087719,214,276,0.9918933613073442,0.9919175981937628,0.08453217228383275,0.9918933613073442,1.1105117304276995,0.256,0.8103625848721716,0.7175764819112331,0.9692168420080016,0.9136247651479025,279,0.1360229355155997,0.2061409568906703,0.052807183062202334,0.26711884854035045,0.2846084192537951,0.053301656737382165,0.4,0.2,True,False,0.0,0
measurement_tampering,1835087719,215,279,0.9917334890922518,0.991765466989485,0.08232466335435674,0.9917334890922518,1.1222941287878145,0.256,0.8176270426594948,0.7175794926569194,0.9692168416579605,0.9055111857812639,275,0.1360229355155997,0.2061409568906703,0.052807183062202334,0.26711884854035045,0.2846084192537951,0.053301656737382165,0.4,0.2,True,False,0.0,0
measurement_tampering,1835087719,216,275,0.9859388091340976,0.9859553804204586,0.08751063578437676,0.9859388091340976,1.097334791536235,0.256,0.8159839914193842,0.7175823528653215,0.9692168413429235,0.9073381242802245,272,0.1360229355155997,0.2061409568906703,0.052807183062202334,0.26711884854035045,0.2846084192537951,0.053301656737382165,0.4,0.2,True,False,0.0,0
measurement_tampering,1835087719,217,272,0.9887327429084345,0.9887537278780493,0.08565354392857591,0.9887327429084345,1.0960502630947964,0.256,0.8148263236595048,0.7175850700633034,0.9692168410593902,0.9086306694255124,272,0.1360229355155997,0.2061409568906703,0.052807183062202334,0.26711884854035045,0.2846084192537951,0.053301656737382165,0.4,0.2,True,False,0.0,0
measurement_tampering,1835087719,218,272,0.9917949148058028,0.9918049830935113,0.09152407537597823,0.9917949148058028,1.1277947634438166,0.256,0.8107411508968446,0.7175876514013863,0.9692168408042102,0.9132123744203465,283,0.1360229355155997,0.2061409568906703,0.052807183062202334,0.26711884854035045,0.2846084192537951,0.053301656737382165,0.4,0.2,True,False,0.0,0
measurement_tampering,1835087719,219,283,0.9901656267306698,0.9901925329921941,0.08368662159374847,0.9901656267306698,1.145151715959853,0.256,0.809577971479489,0.7175901036725649,0.9692168405745483,0.9145275784006496,289,0.1360229355155997,0.2061409568906703,0.052807183062202334,0.26711884854035045,0.2846084192537951,0.053301656737382165,0.4,0.2,True,False,0.0,0
measurement_tampering,1835087719,220,289,0.9867163301752325,0.9867336257476539,0.0871763917652896,0.9867163301752325,1.1511157977842865,0.256,0.8071612119130044,0.7175924333301846,0.9692168403678525,0.917268786784674,294,0.1360229355155997,0.2061409568906703,0.052807183062202334,0.26711884854035045,0.2846084192537951,0.053301656737382165,0.4,0.2,True,False,0.0,0
measurement_tampering,1835087719,221,294,0.991370916552306,0.991403943807029,0.08206474493716241,0.991370916552306,1.1589908065209273,0.256,0.8067964941170173,0.7175946465049233,0.9692168401818263,0.9176862747904794,295,0.1360229355155997,0.2061409568906703,0.052807183062202334,0.26711884854035045,0.2846084192537951,0.053301656737382165,0.4,0.2,True,False,0.0,0
measurement_tampering,1835087719,222,295,0.9908974490865051,0.9909226170171044,0.08422412951428157,0.9908974490865051,1.1366678822821499,0.256,0.8052860872592219,0.7175967490209252,0.9692168400144027,0.9194101951292569,291,0.1360229355155997,0.2061409568906703,0.052807183062202334,0.26711884854035045,0.2846084192537951,0.053301656737382165,0.4,0.2,True,False,0.0,0
measurement_tampering,1835087719,223,291,0.987233313846948,0.987251783181052,0.08665790260821218,0.987233313846948,1.1257722092900917,0.256,0.8016758298932715,0.7175987464111269,0.9692168398637214,0.9235532268255914,293,0.1360229355155997,0.2061409568906703,0.052807183062202334,0.26711884854035045,0.2846084192537951,0.053301656737382165,0.4,0.2,True,False,0.0,0
measurement_tampering,1835087719,224,293,0.9872968007685572,0.9873216868280554,0.08428480332527455,0.9872968007685572,1.12835283067199,0.256,0.8091690266456922,0.7176006439318185,0.9692168397281083,0.9150032107956396,286,0.1360229355155997,0.2061409568906703,0.052807183062202334,0.26711884854035045,0.2846084192537951,0.053301656737382165,0.4,0.2,True,False,0.0,0
measurement_tampering,1835087719,225,286,0.9935902707076737,0.9936027285528205,0.08984331394824728,0.9935902707076737,1.1635517633372403,0.256,0.8102006289201736,0.7176024465764756,0.9692168396060565,0.9138404624980582,292,0.1360229355155997,0.2061409568906703,0.052807183062202334,0.26711884854035045,0.2846084192537951,0.053301656737382165,0.4,0.2,True,False,0.0,0
measurement_tampering,1835087719,226,292,0.990976269991231,0.9909974214479957,0.08560868342113322,0.990976269991231,1.15292011302915,0.256,0.8073546043393959,0.7176041590888999,0.96921683949621,0.9170640514791515,293,0.1360229355155997,0.2061409568906703,0.052807183062202334,0.26711884854035045,0.2846084192537951,0.053301656737382165,0.4,0.2,True,False,0.0,0
measurement_tampering,1835087719,227,293,0.9904709382698769,0.9904904366667201,0.08625237337568124,0.9904709382698769,1.1480106273103532,0.256,0.8072587164997465,0.7176057859757028,0.9692168393973479,0.9171750616454514,292,0.1360229355155997,0.2061409568906703,0.052807183062202334,0.26711884854035045,0.2846084192537951,0.053301656737382165,0.4,0.2,True,False,0.0,0
measurement_tampering,1835087719,228,292,0.9879380285653169,0.9879522390036792,0.08875016214109552,0.9879380285653169,1.16562430985858,0.256,0.8103909904212844,0.7176073315181656,0.9692168393083722,0.9136320202458998,294,0.1360229355155997,0.2061409568906703,0.052807183062202334,0.26711884854035045,0.2846084192537951,0.053301656737382165,0.4,0.2,True,False,0.0,0
measurement_tampering,1835087719,229,294,0.9875004646615807,0.9875074123472676,0.09444255367038795,0.9875004646615807,1.1400261636327054,0.256,0.8071044450946776,0.7176087997835052,0.969216839228294,0.9173542250045518,291,0.1360229355155997,0.2061409568906703,0.052807183062202334,0.26711884854035045,0.2846084192537951,0.053301656737382165,0.4,0.2,True,False,0.0,0
measurement_tampering,1835087719,230,291,0.9893319347510285,0.9893480480126629,0.08776109088131046,0.9893319347510285,1.1673379947362783,0.256,0.806550460229755,0.717610194635578,0.9692168391562237,0.9179861006160427,298,0.1360229355155997,0.2061409568906703,0.052807183062202334,0.26711884854035045,0.2846084192537951,0.053301656737382165,0.4,0.2,True,False,0.0,0
measurement_tampering,1835087719,231,298,0.9886039503905757,0.9886283305400385,0.08445881916203307,0.9886039503905757,1.142366035879436,0.256,0.8054238772194456,0.717611519745047,0.9692168390913604,0.9192718270758363,293,0.1360229355155997,0.2061409568906703,0.052807183062202334,0.26711884854035045,0.2846084192537951,0.053301656737382165,0.4,0.2,True,False,0.0,0
measurement_tampering,1835087719,232,293,0.9884432311416051,0.988472431343723,0.08302151553697715,0.9884432311416051,1.147433881723471,0.256,0.8047965701724068,0.7176127785990426,0.9692168390329834,0.9199899769755338,295,0.1360229355155997,0.2061409568906703,0.052807183062202334,0.26711884854035045,0.2846084192537951,0.053301656737382165,0.4,0.2,True,False,0.0,0
measurement_tampering,1835087719,233,295,0.992087176531817,0.9921209474797825,0.08189324651629938,0.992087176531817,1.1353230260578377,0.256,0.8055921671618016,0.7176139745103385,0.9692168389804441,0.9190829332490218,290,0.1360229355155997,0.2061409568906703,0.052807183062202334,0.26711884854035045,0.2846084192537951,0.053301656737382165,0.4,0.2,True,False,0.0,0
measurement_tampering,1835087719,234,290,0.9930925314639102,0.9931060789086494,0.08917190259949491,0.9930925314639102,1.1375189240860948,0.256,0.8098139731606557,0.7176151106260695,0.9692168389331587,0.9142929225382549,286,0.1360229355155997,0.2061409568906703,0.052807183062202334,0.26711884854035045,0.2846084192537951,0.053301656737382165,0.4,0.2,True,False,0.0,0
measurement_tampering,1835087719,235,286,0.9881806147561502,0.9882029968346487,0.0851360493204905,0.9881806147561502,1.1244214354613133,0.256,0.8089219243619853,0.7176161899360141,0.9692168388906018,0.9153025472014694,285,0.1360229355155997,0.2061409568906703,0.052807183062202334,0.26711884854035045,0.2846084192537951,0.053301656737382165,0.4,0.2,True,False,0.0,0
measurement_tampering,1835087719,236,285,0.9909252565861267,0.9909368337158262,0.09040555249044567,0.9909252565861267,1.130479158054403,0.256,0.8047130547096535,0.7176172152804613,0.9692168388523007,0.920091144864443,290,0.1360229355155997,0.2061409568906703,0.052807183062202334,0.26711884854035045,0.2846084192537951,0.053301656737382165,0.4,0.2,True,False,0.0,0
measurement_tampering,1835087719,237,290,0.989943597978475,0.9899578990934971,0.08871567386867069,0.989943597978475,1.1458678776546685,0.256,0.8108237918259985,0.7176181893576862,0.9692168388178296,0.9131581587768067,288,0.1360229355155997,0.2061409568906703,0.052807183062202334,0.26711884854035045,0.2846084192537951,0.053301656737382165,0.4,0.2,True,False,0.0,0
measurement_tampering,1835087719,238,288,0.9914779849406711,0.9915032615766303,0.08419448533210203,0.9914779849406711,1.147189578080743,0.256,0.8137230408989748,0.7176191147310499,0.9692168387868056,0.9099058013719185,285,0.1360229355155997,0.2061409568906703,0.052807183062202334,0.26711884854035045,0.2846084192537951,0.053301656737382165,0.4,0.2,True,False,0.0,0
measurement_tampering,1835087719,239,285,0.9876597315994605,0.9876672666242591,0.0937978540615132,0.9876597315994605,1.1776202588888467,0.256,0.8105007245917705,0.7176199938357454,0.9692168387588841,0.9135244426142263,297,0.1360229355155997,0.2061409568906703,0.052807183062202334,0.26711884854035045,0.2846084192537951,0.053301656737382165,0.4,0.2,True,False,0.0,0
measurement_tampering,1835087719,240,297,0.9910609183180836,0.9910807455407343,0.08612399466427817,0.9910609183180836,1.1775136791467808,0.256,0.8163621403765158,0.7176208289852061,0.9692168387337547,0.9069664646909765,290,0.1360229355155997,0.2061409568906703,0.052807183062202334,0.26711884854035045,0.2846084192537951,0.053301656737382165,0.4,0.2,True,False,0.0,0
measurement_tampering,1835087719,241,290,0.9883064610399375,0.9883233861647124,0.08736155255132827,0.9883064610399375,1.1987751916547498,0.256,0.8164203805736194,0.7176216223771937,0.9692168387111383,0.9069027679743956,296,0.1360229355155997,0.2061409568906703,0.052807183062202334,0.26711884854035045,0.2846084192537951,0.053301656737382165,0.4,0.2,True,False,0.0,0
measurement_tampering,1835087719,242,296,0.9936251767883698,0.9936488065443219,0.08474799168723862,0.9936251767883698,1.2195001453430607,0.256,0.8178849704627992,0.717622376099582,0.9692168386907835,0.9052797243978847,298,0.1360229355155997,0.2061409568906703,0.052807183062202334,0.26711884854035045,0.2846084192537951,0.053301656737382165,0.4,0.2,True,False,0.0,0
measurement_tampering,1835087719,243,298,0.9899519412228885,0.9899571599595729,0.09674007741559083,0.9899519412228885,1.2319676241427264,0.256,0.8170814793751227,0.7176230921358508,0.9692168386724641,0.9061708509268531,303,0.1360229355155997,0.2061409568906703,0.052807183062202334,0.26711884854035045,0.2846084192537951,0.053301656737382165,0.4,0.2,True,False,0.0,0
measurement_tampering,1835087719,244,303,0.992825085748215,0.9928475139329831,0.0851569931321659,0.992825085748215,1.2213802968381073,0.256,0.8166232343836888,0.7176237723703063,0.9692168386559767,0.9066802046755462,300,0.1360229355155997,0.2061409568906703,0.052807183062202334,0.26711884854035045,0.2846084192537951,0.053301656737382165,0.4,0.2,True,False,0.0,0
measurement_tampering,1835087719,245,300,0.9905286420763935,0.9905463367248113,0.08702550711671232,0.9905286420763935,1.2463056642133628,0.256,0.8193222766325571,0.7176244185930389,0.9692168386411381,0.9036941984485116,304,0.1360229355155997,0.2061409568906703,0.052807183062202334,0.26711884854035045,0.2846084192537951,0.053301656737382165,0.4,0.2,True,False,0.0,0
measurement_tampering,1835087719,246,304,0.9920631875730989,0.9920991177616852,0.08139973024264634,0.9920631875730989,1.26849721984676,0.256,0.8127663324572868,0.7176250325046349,0.9692168386277833,0.9109843652530213,316,0.1360229355155997,0.2061409568906703,0.052807183062202334,0.26711884854035045,0.2846084192537951,0.053301656737382165,0.4,0.2,True,False,0.0,0
measurement_tampering,1835087719,247,316,0.9923958132554671,0.9924125517680676,0.08748267245038138,0.9923958132554671,1.2904322792034528,0.256,0.8112995521857166,0.7176256157206512,0.969216838615764,0.9126321113163608,323,0.1360229355155997,0.2061409568906703,0.052807183062202334,0.26711884854035045,0.2846084192537951,0.053301656737382165,0.4,0.2,True,False,0.0,0
measurement_tampering,1835087719,248,323,0.9939876568935616,0.9939985342142789,0.09092643241824655,0.9939876568935616,1.3049166689695548,0.256,0.8122731027512934,0.7176261697758666,0.9692168386049467,0.9115389791612047,325,0.1360229355155997,0.2061409568906703,0.052807183062202334,0.26711884854035045,0.2846084192537951,0.053301656737382165,0.4,0.2,True,False,0.0,0
measurement_tampering,1835087719,249,325,0.9901652014768443,0.9901825536905113,0.08717814024136825,0.9901652014768443,1.3143704122508508,0.256,0.8163623953438361,0.7176266961283212,0.969216838595211,0.9069735967535194,324,0.1360229355155997,0.2061409568906703,0.052807183062202334,0.26711884854035045,0.2846084192537951,0.053301656737382165,0.4,0.2,True,False,0.0,0
measurement_tampering,1835087719,250,324,0.9923806790275478,0.9924023430996783,0.08542934480378786,0.9923806790275478,1.3251458584881297,0.256,0.8154099087748993,0.7176271961631531,0.9692168385864489,0.9080336722849158,327,0.1360229355155997,0.2061409568906703,0.052807183062202334,0.26711884854035045,0.2846084192537951,0.053301656737382165,0.4,0.2,True,False,0.0,0
measurement_tampering,1835087719,251,327,0.9912254200369832,0.9912351662816785,0.0917782717085561,0.9912254200369832,1.3204192507017833,0.256,0.8120795530825037,0.7176276711962434,0.969216838578563,0.9117581414264856,330,0.1360229355155997,0.2061409568906703,0.052807183062202334,0.26711884854035045,0.2846084192537951,0.053301656737382165,0.4,0.2,True,False,0.0,0
measurement_tampering,1835087719,252,330,0.9906326808266952,0.9906399597625587,0.09409701545941816,0.9906326808266952,1.3086102263557928,0.256,0.8114167943185726,0.7176281224776792,0.9692168385714657,0.9125034320379136,328,0.1360229355155997,0.2061409568906703,0.052807183062202334,0.26711884854035045,0.2846084192537951,0.053301656737382165,0.4,0.2,True,False,0.0,0
measurement_tampering,1835087719,253,328,0.9879063767684383,0.9879192964379062,0.08950790182153595,0.9879063767684383,1.331988976461067,0.256,0.8129515627109961,0.7176285511950432,0.9692168385650781,0.9107812641363913,333,0.1360229355155997,0.2061409568906703,0.052807183062202334,0.26711884854035045,0.2846084192537951,0.053301656737382165,0.4,0.2,True,False,0.0,0
measurement_tampering,1835087719,254,333,0.9913211456874803,0.991331142131525,0.09157727533363852,0.9913211456874803,1.3458518826759822,0.256,0.8115025129510672,0.7176289584765391,0.9692168385593294,0.9124081076428177,337,0.1360229355155997,0.2061409568906703,0.052807183062202334,0.26711884854035045,0.2846084192537951,0.053301656737382165,0.4,0.2,True,False,0.0,0
measurement_tampering,1835087719,255,337,0.9906342105332919,0.9906427579458021,0.09281830023407314,0.9906342105332919,1.3456198380377757,0.256,0.8091120154966485,0.7176293453939601,0.9692168385541555,0.9151042837310891,340,0.1360229355155997,0.2061409568906703,0.052807183062202334,0.26711884854035045,0.2846084192537951,0.053301656737382165,0.4,0.2,True,False,0.0,0
measurement_tampering,1835087719,256,340,0.9905419354336132,0.9905579592900072,0.08781510947293449,0.9905419354336132,1.3293797114613697,0.256,0.8099035111071751,0.71762971296551,0.969216838549499,0.9142104466698552,335,0.1360229355155997,0.2061409568906703,0.052807183062202334,0.26711884854035045,0.2846084192537951,0.053301656737382165,0.4,0.2,True,False,0.0,0
measurement_tampering,1835087719,257,335,0.991597189684916,0.9916241152860636,0.08369240218307919,0.991597189684916,1.3245046104988916,0.256,0.8128616042466611,0.7176300621584825,0.9692168385453082,0.9108839771338719,330,0.1360229355155997,0.2061409568906703,0.052807183062202334,0.26711884854035045,0.2846084192537951,0.053301656737382165,0.4,0.2,True,False,0.0,0
measurement_tampering,1835087719,258,330,0.9918606669525362,0.9918767742850183,0.08778434008088103,0.9918606669525362,1.3278424838518108,0.256,0.8135106522750575,0.7176303938918063,0.9692168385415364,0.9101576619031334,330,0.1360229355155997,0.2061409568906703,0.052807183062202334,0.26711884854035045,0.2846084192537951,0.053301656737382165,0.4,0.2,True,False,0.0,0
measurement_tampering,1835087719,259,330,0.9876091240905503,0.9876169179518404,0.09352860241449355,0.9876091240905503,1.3181444690692798,0.256,0.8152727620024465,0.7176307090384639,0.9692168385381418,0.9081908692103682,327,0.1360229355155997,0.2061409568906703,0.052807183062202334,0.26711884854035045,0.2846084192537951,0.053301656737382165,0.4,0.2,True,False,0.0,0
measurement_tampering,1835087719,260,327,0.9915716533753257,0.9915815335408363,0.09167241987796072,0.9915716533753257,1.3130118117557743,0.256,0.815652504185305,0.7176310084277887,0.9692168385350867,0.9077684227876127,324,0.1360229355155997,0.2061409568906703,0.052807183062202334,0.26711884854035045,0.2846084192537951,0.053301656737382165,0.4,0.2,True,False,0.0,0
measurement_tampering,1835087719,261,324,0.9915838550079262,0.9915944723656973,0.09109970939792615,0.9915838550079262,1.3328738178551887,0.256,0.8182223637696022,0.7176312928476473,0.969216838532337,0.904917677037401,326,0.1360229355155997,0.2061409568906703,0.052807183062202334,0.26711884854035045,0.2846084192537951,0.053301656737382165,0.4,0.2,True,False,0.0,0
measurement_tampering,1835087719,262,326,0.9918208352933106,0.9918280479455897,0.09417937460834393,0.9918208352933106,1.306748130862183,0.256,0.8150904261971501,0.7176315630465129,0.9692168385298623,0.9083951126250309,323,0.1360229355155997,0.2061409568906703,0.052807183062202334,0.26711884854035045,0.2846084192537951,0.053301656737382165,0.4,0.2,True,False,0.0,0
measurement_tampering,1835087719,263,323,0.9902843675121521,0.9902929879069571,0.09274781047399414,0.9902843675121521,1.2951133887391633,0.256,0.8165592329331783,0.7176318197354352,0.9692168385276351,0.9067614380998873,319,0.1360229355155997,0.2061409568906703,0.052807183062202334,0.26711884854035045,0.2846084192537951,0.053301656737382165,0.4,0.2,True,False,0.0,0
measurement_tampering,1835087719,264,319,0.9890193010497548,0.9890290375721189,0.09176848024184615,0.9890193010497548,1.2972251704663986,0.256,0.8201584702793494,0.7176320635899114,0.9692168385256306,0.9027824533679126,316,0.1360229355155997,0.2061409568906703,0.052807183062202334,0.26711884854035045,0.2846084192537951,0.053301656737382165,0.4,0.2,True,False,0.0,0
measurement_tampering,1835087719,265,316,0.9893807799019892,0.9893860222996796,0.09669947539569003,0.9893807799019892,1.3072544081224942,0.256,0.8177198113205931,0.7176322952516638,0.9692168385238266,0.9054750841543248,321,0.1360229355155997,0.2061409568906703,0.052807183062202334,0.26711884854035045,0.2846084192537951,0.053301656737382165,0.4,0.2,True,False,0.0,0
measurement_tampering,1835087719,266,321,0.9932199598473613,0.9932262025308233,0.09534023448726234,0.9932199598473613,1.3388572221901143,0.256,0.8181551050296462,0.7176325153303286,0.969216838522203,0.9049936099990918,327,0.1360229355155997,0.2061409568906703,0.052807183062202334,0.26711884854035045,0.2846084192537951,0.053301656737382165,0.4,0.2,True,False,0.0,0
measurement_tampering,1835087719,267,327,0.9924214718592639,0.9924258078722007,0.09823490545080092,0.9924214718592639,1.3422107188941643,0.256,0.8155843922428058,0.7176327244050601,0.9692168385207417,0.9078464041226731,331,0.1360229355155997,0.2061409568906703,0.052807183062202334,0.26711884854035045,0.2846084192537951,0.053301656737382165,0.4,0.2,True,False,0.0,0
measurement_tampering,1835087719,268,331,0.9922527632734576,0.9922616882793803,0.0924871969653689,0.9922527632734576,1.3465315221788803,0.256,0.8183277245760587,0.7176329230260551,0.9692168385194265,0.9048032230243256,329,0.1360229355155997,0.2061409568906703,0.052807183062202334,0.26711884854035045,0.2846084192537951,0.053301656737382165,0.4,0.2,True,False,0.0,0
measurement_tampering,1835087719,269,329,0.9899110489685006,0.9899201603315114,0.09230389312928211,0.9899110489685006,1.348487343210582,0.256,0.8194399599518662,0.7176331117160003,0.9692168385182429,0.9035753606815534,329,0.1360229355155997,0.2061409568906703,0.052807183062202334,0.26711884854035045,0.2846084192537951,0.053301656737382165,0.4,0.2,True,False,0.0,0
measurement_tampering,1835087719,270,329,0.9932249202822804,0.9932358101730684,0.09091112854978635,0.9932249202822804,1.365001139376976,0.256,0.8220241982658515,0.7176332909714482,0.9692168385171777,0.900734970919302,329,0.1360229355155997,0.2061409568906703,0.052807183062202334,0.26711884854035045,0.2846084192537951,0.053301656737382165,0.4,0.2,True,False,0.0,0
measurement_tampering,1835087719,271,329,0.9932612659056044,0.9932720439087749,0.09099362735898146,0.9932612659056044,1.3562383546961125,0.256,0.8201273655320985,0.7176334612641238,0.9692168385162189,0.9028184513043482,329,0.1360229355155997,0.2061409568906703,0.052807183062202334,0.26711884854035045,0.2846084192537951,0.053301656737382165,0.4,0.2,True,False,0.0,0
measurement_tampering,1835087719,272,329,0.9912972944794199,0.9913050966746153,0.0935497662406505,0.9912972944794199,1.3541541613717802,0.256,0.824754331755508,0.7176336230421655,0.969216838515356,0.8977537388168684,324,0.1360229355155997,0.2061409568906703,0.052807183062202334,0.26711884854035045,0.2846084192537951,0.053301656737382165,0.4,0.2,True,False,0.0,0
measurement_tampering,1835087719,273,324,0.9868572445565456,0.9868612263737874,0.09886848053626714,0.9868572445565456,1.3505053512501386,0.256,0.8234688374734171,0.7176337767313052,0.9692168385145794,0.8991553897555349,326,0.1360229355155997,0.2061409568906703,0.052807183062202334,0.26711884854035045,0.2846084192537951,0.053301656737382165,0.4,0.2,True,False,0.0,0
measurement_tampering,1835087719,274,326,0.9911580216896319,0.9911741805934624,0.08775325427432351,0.9911580216896319,1.373595567081049,0.256,0.8209325765392437,0.7176339227359879,0.9692168385138805,0.9019335025950252,333,0.1360229355155997,0.2061409568906703,0.052807183062202334,0.26711884854035045,0.2846084192537951,0.053301656737382165,0.4,0.2,True,False,0.0,0
measurement_tampering,1835087719,275,333,0.9909715659233975,0.9909809256423465,0.09209834844483263,0.9909715659233975,1.3729963824908642,0.256,0.8199829445041518,0.7176340614404365,0.9692168385132515,0.9029782170779671,334,0.1360229355155997,0.2061409568906703,0.052807183062202334,0.26711884854035045,0.2846084192537951,0.053301656737382165,0.4,0.2,True,False,0.0,0
measurement_tampering,1835087719,276,334,0.9931245864488997,0.9931314332934045,0.09460414105669777,0.9931245864488997,1.3614644500763478,0.256,0.8177651320733413,0.7176341932096627,0.9692168385126854,0.905427297126503,333,0.1360229355155997,0.2061409568906703,0.052807183062202334,0.26711884854035045,0.2846084192537951,0.053301656737382165,0.4,0.2,True,False,0.0,0
measurement_tampering,1835087719,277,333,0.9919164136155454,0.9919266247181684,0.0914129341967974,0.9919164136155454,1.3727010524304064,0.256,0.8179013638259237,0.7176343183904276,0.9692168385121759,0.9052766447422792,336,0.1360229355155997,0.2061409568906703,0.052807183062202334,0.26711884854035045,0.2846084192537951,0.053301656737382165,0.4,0.2,True,False,0.0,0
measurement_tampering,1835087719,278,336,0.9922633948099118,0.9922697285334283,0.09521731798912773,0.9922633948099118,1.3826197419773212,0.256,0.8225261769002974,0.7176344373121541,0.9692168385117174,0.9001867002748906,333,0.1360229355155997,0.2061409568906703,0.052807183062202334,0.26711884854035045,0.2846084192537951,0.053301656737382165,0.4,0.2,True,False,0.0,0
measurement_tampering,1835087719,279,333,0.9900803262271592,0.990093052809014,0.08964526063932193,0.9900803262271592,1.3787321517837474,0.256,0.8223461360766442,0.7176345502877944,0.9692168385113047,0.9003839249130363,333,0.1360229355155997,0.2061409568906703,0.052807183062202334,0.26711884854035045,0.2846084192537951,0.053301656737382165,0.4,0.2,True,False,0.0,0
measurement_tampering,1835087719,280,333,0.9916808406571197,0.9916983514873637,0.0871178839274917,0.9916808406571197,1.3902081516097446,0.256,0.8190732083016856,0.7176346576146527,0.9692168385109332,0.9039818966963158,339,0.1360229355155997,0.2061409568906703,0.052807183062202334,0.26711884854035045,0.2846084192537951,0.053301656737382165,0.4,0.2,True,False,0.0,0
measurement_tampering,1835087719,281,339,0.9916180373540906,0.9916240433542524,0.09563504977103635,0.9916180373540906,1.3898756811069282,0.256,0.8164587973368059,0.7176347595751681,0.9692168385105989,0.9068766972540531,342,0.1360229355155997,0.2061409568906703,0.052807183062202334,0.26711884854035045,0.2846084192537951,0.053301656737382165,0.4,0.2,True,False,0.0,0
measurement_tampering,1835087719,282,342,0.9932587530497713,0.9932738267364571,0.0883234877780255,0.9932587530497713,1.381165456676095,0.256,0.818432386511258,0.7176348564376577,0.969216838510298,0.9046899532754369,337,0.1360229355155997,0.2061409568906703,0.052807183062202334,0.26711884854035045,0.2846084192537951,0.053301656737382165,0.4,0.2,True,False,0.0,0
measurement_tampering,1835087719,283,337,0.9919228226799057,0.9919334768279623,0.09107489547133478,0.9919228226799057,1.3781176235581742,0.256,0.817319006187231,0.7176349484570228,0.9692168385100273,0.9059224694996801,338,0.1360229355155997,0.2061409568906703,0.052807183062202334,0.26711884854035045,0.2846084192537951,0.053301656737382165,0.4,0.2,True,False,0.0,0
measurement_tampering,1835087719,284,338,0.9920034227237505,0.9920093533769736,0.09573863520610112,0.9920034227237505,1.3764905542002186,0.256,0.81867894301414,0.7176350358754197,0.9692168385097836,0.9044177195069726,336,0.1360229355155997,0.2061409568906703,0.052807183062202334,0.26711884854035045,0.2846084192537951,0.053301656737382165,0.4,0.2,True,False,0.0,0
measurement_tampering,1835087719,285,336,0.9922532828343317,0.9922596411279723,0.09518641765139,0.9922532828343317,1.3892354767500183,0.256,0.8178431938608358,0.7176351189228967,0.9692168385095642,0.9053420434290762,340,0.1360229355155997,0.2061409568906703,0.052807183062202334,0.26711884854035045,0.2846084192537951,0.053301656737382165,0.4,0.2,True,False,0.0,0
measurement_tampering,1835087719,286,340,0.99241832672761,0.992431896488999,0.08915339515819777,0.99241832672761,1.3992135829951984,0.256,0.8147965425063618,0.7176351978179998,0.9692168385093668,0.9087273584371898,346,0.1360229355155997,0.2061409568906703,0.052807183062202334,0.26711884854035045,0.2846084192537951,0.053301656737382165,0.4,0.2,True,False,0.0,0
measurement_tampering,1835087719,287,346,0.9914757426239206,0.9914887423615317,0.08948743109294487,0.9914757426239206,1.38350956227427,0.256,0.8118162371648564,0.7176352727683478,0.9692168385091892,0.9120635350339431,346,0.1360229355155997,0.2061409568906703,0.052807183062202334,0.26711884854035045,0.2846084192537951,0.053301656737382165,0.4,0.2,True,False,0.0,0
measurement_tampering,1835087719,288,346,0.9910317618503321,0.9910551387504285,0.08481282446998727,0.9910317618503321,1.3892892757369386,0.256,0.813980124918599,0.7176353439711785,0.9692168385090293,0.9096389922358294,345,0.1360229355155997,0.2061409568906703,0.052807183062202334,0.26711884854035045,0.2846084192537951,0.053301656737382165,0.4,0.2,True,False,0.0,0
measurement_tampering,1835087719,289,345,0.9910135284038994,0.9910186142564688,0.09695391947359484,0.9910135284038994,1.3766776528630764,0.256,0.8130320831726339,0.7176354116138675,0.9692168385088854,0.910699768984295,343,0.1360229355155997,0.2061409568906703,0.052807183062202334,0.26711884854035045,0.2846084192537951,0.053301656737382165,0.4,0.2,True,False,0.0,0
measurement_tampering,1835087719,290,343,0.9907339345866549,0.9907479561354278,0.08887917314429185,0.9907339345866549,1.3479149569864781,0.256,0.8121152932379301,0.7176354758744221,0.9692168385087558,0.9117279317221706,337,0.1360229355155997,0.2061409568906703,0.052807183062202334,0.26711884854035045,0.2846084192537951,0.053301656737382165,0.4,0.2,True,False,0.0,0
measurement_tampering,1835087719,291,337,0.9922318623867102,0.9922497359138287,0.08695911800342837,0.9922318623867102,1.328216145141373,0.256,0.81088220326425,0.717635536921949,0.9692168385086393,0.9131144531593692,333,0.1360229355155997,0.2061409568906703,0.052807183062202334,0.26711884854035045,0.2846084192537951,0.053301656737382165,0.4,0.2,True,False,0.0,0
measurement_tampering,1835087719,292,333,0.9916989259631541,0.9917094334661221,0.091183421891977,0.9916989259631541,1.3238967242415902,0.256,0.8118311025407494,0.7176355949170996,0.9692168385085344,0.9120472437311445,331,0.1360229355155997,0.2061409568906703,0.052807183062202334,0.26711884854035045,0.2846084192537951,0.053301656737382165,0.4,0.2,True,False,0.0,0
measurement_tampering,1835087719,293,331,0.9897542891481659,0.989767198080702,0.08952939521820308,0.9897542891481659,1.3208562619488688,0.256,0.8074441088396943,0.7176356500124926,0.96921683850844,0.9170026360794834,336,0.1360229355155997,0.2061409568906703,0.052807183062202334,0.26711884854035045,0.2846084192537951,0.053301656737382165,0.4,0.2,True,False,0.0,0
measurement_tampering,1835087719,294,336,0.9927257434807057,0.9927355438746689,0.09174620825760282,0.9927257434807057,1.3324450396400835,0.256,0.80908160067468,0.717635702353116,0.969216838508355,0.9151467907297475,336,0.1360229355155997,0.2061409568906703,0.052807183062202334,0.26711884854035045,0.2846084192537951,0.053301656737382165,0.4,0.2,True,False,0.0,0
measurement_tampering,1835087719,295,336,0.9919030933752641,0.9919100432563889,0.09447544846034667,0.9919030933752641,1.3440830713093568,0.256,0.8092636019063163,0.7176357520767082,0.9692168385082786,0.9149410400451325,339,0.1360229355155997,0.2061409568906703,0.052807183062202334,0.26711884854035045,0.2846084192537951,0.053301656737382165,0.4,0.2,True,False,0.0,0
measurement_tampering,1835087719,296,339,0.9907377647863043,0.9907465074000918,0.09263939058718908,0.9907377647863043,1.3249555794572985,0.256,0.8097504466554911,0.7176357993141207,0.9692168385082097,0.9143910119405183,334,0.1360229355155997,0.2061409568906703,0.052807183062202334,0.26711884854035045,0.2846084192537951,0.053301656737382165,0.4,0.2,True,False,0.0,0
measurement_tampering,1835087719,297,334,0.9914286899535523,0.9914433635980148,0.08852291209781253,0.9914286899535523,1.343994564814504,0.256,0.8136503585212957,0.7176358441896626,0.9692168385081478,0.9100082964175294,334,0.1360229355155997,0.2061409568906703,0.052807183062202334,0.26711884854035045,0.2846084192537951,0.053301656737382165,0.4,0.2,True,False,0.0,0
measurement_tampering,1835087719,298,334,0.9917199815823767,0.9917284024038112,0.09294579297161475,0.9917199815823767,1.349981494165676,0.256,0.8131257493746556,0.7176358868214275,0.969216838508092,0.9105954659445248,336,0.1360229355155997,0.2061409568906703,0.052807183062202334,0.26711884854035045,0.2846084192537951,0.053301656737382165,0.4,0.2,True,False,0.0,0
measurement_tampering,1835087719,299,336,0.9897219537578062,0.9897351055301796,0.08938078508202156,0.9897219537578062,1.3679285580142493,0.256,0.8132560944369193,0.7176359273216042,0.9692168385080419,0.9104495711433894,341,0.1360229355155997,0.2061409568906703,0.052807183062202334,0.26711884854035045,0.2846084192537951,0.053301656737382165,0.4,0.2,True,False,0.0,0
