arm,seed,step,novelty_vector_count,h_n_latest,h_n_shape_latest,V,H_N,L_t,total_suppression,avg_wb,theta_capability,transfer_state,g,population,x_compute,x_bio_welfare,x_novelty_agency,x_institutional_capacity,x_transfer_comprehension,x_resilience,c_protective,c_suppressive,adapter_active,action_modified,adapter_score,shape_fallback_increase
H,1835086400,0,200,0.9867149163343725,0.9873931125200217,0.05797630597090884,0.9867149163343725,0.0970050402394947,0.256,0.6532897763697033,0.5082192297596205,0.5410780060712567,1.4377565372700691,199,0.10274037199525632,0.2790070096420772,0.04527189385189962,0.31608194561395503,0.25539003035628355,0.001508748540528335,0.4,0.2,False,False,0.0,2
H,1835086400,1,199,0.9877187512117703,0.987722970369947,0.0984145614040701,0.9877187512117703,0.11613293566829773,0.014000000000000002,0.6662870821888296,0.5150393069249442,0.586970205464131,1.316930707682187,204,0.09038798316630849,0.2820591841518297,0.05487208288054113,0.16942783326056624,0.3020030679006147,0.10124984864013978,0.2,0.0,False,False,0.0,0
H,1835086400,2,204,0.9819254883191443,0.9862631207430711,0.0431960990744979,0.9819254883191443,0.137034539346955,0.35,0.6773211048729979,0.5273695462897322,0.6282731849177179,1.2392870596664831,209,0.1635275588879406,0.22356969284537773,0.0706176594390776,0.18197999977226703,0.3491898711247884,0.01111521793054875,1.0,0.0,False,False,0.0,0
H,1835086400,3,209,0.9831518996619909,0.9835663660318377,0.06186529319839995,0.9831518996619909,0.15595873970216279,0.256,0.6882461105762867,0.5352779549784148,0.665445866425946,1.1687533271016708,209,0.11596107503961442,0.216593647509203,0.048408370407918844,0.19833852859815912,0.3216240920562743,0.09907428638883035,0.4,0.2,False,False,0.0,0
H,1835086400,4,209,0.9874837591959111,0.9878214963597051,0.06352927332578913,0.9874837591959111,0.1726283937219308,0.256,0.6988884146418552,0.5433525813185212,0.6900350388332755,1.12668561442457,203,0.12298155111283893,0.16084326219966444,0.1046220932542064,0.2993193073503684,0.2556687952496205,0.05656499083330146,0.4,0.2,False,False,0.0,0
H,1835086400,5,203,0.9831991462132799,0.9834409484097634,0.06615373816772853,0.9831991462132799,0.1937972426873244,0.256,0.7094510464774223,0.5441246029137764,0.721031534949948,1.0637061499894582,207,0.03674563326476583,0.35301006257731515,0.00142641873052407,0.2393321924500589,0.340211762172922,0.029273930804414088,0.4,0.2,False,False,0.0,0
H,1835086400,6,207,0.9797691140076823,0.9836140267264392,0.04413449772344308,0.9797691140076823,0.22372505781720278,0.42400000000000004,0.7217262370107599,0.5586163394532089,0.7464707102210626,1.0368796938219373,212,0.20872458356401646,0.18771263955029874,0.005206978917085393,0.27468215985333827,0.2877116438305473,0.035961994284713875,0.8,0.2,False,False,0.0,0
H,1835086400,7,212,0.8886756927197378,0.986507257995883,0.018395123555924056,0.8886756927197378,0.22671608874178384,0.614,0.729675523132534,0.5743786469243525,0.7681958166064757,1.02469960853439,216,0.23366405554755088,0.16456676976633008,0.07580885751239794,0.22492181905853106,0.28186088703759726,0.019177611077592808,0.2,0.6,False,False,0.0,0
H,1835086400,8,216,0.9815106671927667,0.9815107524364062,0.1294235755824424,0.9815106671927667,0.26853564393330515,0.0,0.7420641794061759,0.5863348379020891,0.7765525066670405,1.017497627426847,213,0.19593904154942704,0.16591965520569138,0.030196017130732965,0.3474390276785498,0.22588135860606132,0.03462489982953755,0.0,0.0,False,False,0.0,0
H,1835086400,9,213,0.9844458578208745,0.9844459072969854,0.13377781252425036,0.9844458578208745,0.2876432945117212,0.0,0.749062144475281,0.5986632146999881,0.7988972560003365,1.00040025638731,214,0.20806398366254367,0.16522553499295467,0.09726704935470051,0.1724528395102441,0.3147657911590079,0.04222480132054917,0.0,0.0,False,False,0.0,0
H,1835086400,10,214,0.9832596369566069,0.983698702150101,0.061407417495850575,0.9832596369566069,0.3017420107709828,0.326,0.7579353457753272,0.6008594575310635,0.8190075304003028,0.9679498255449374,210,0.08911754457593628,0.16197684484161573,0.05904398524048817,0.2617026334235815,0.4060636061667352,0.02209538575164314,0.6,0.2,False,False,0.0,0
H,1835086400,11,210,0.985972181925383,0.9859842236885672,0.09005244565930892,0.985972181925383,0.3170232441284549,0.2,0.7715307333202649,0.5973579502581056,0.8371067773602725,0.9249123096779052,207,0.019268320044940158,0.3199048285726965,0.010824226187831507,0.2953100038063686,0.3508918983479061,0.0038007230402570093,0.0,0.2,False,False,0.0,0
H,1835086400,12,207,0.9802657172392075,0.9853641585007575,0.04190244295705547,0.9802657172392075,0.33976126935568246,0.456,0.7778241155211104,0.6084512114055504,0.844083513889165,0.926742197587898,212,0.1995144832543757,0.21011989396292924,0.05138829479152883,0.2446440050603131,0.25343707132459903,0.040896251606254035,0.4,0.4,False,False,0.0,0
H,1835086400,13,212,0.987745221259846,0.9877743930161459,0.08302365052139414,0.987745221259846,0.3704107761985295,0.256,0.7830077428779454,0.6156973816988163,0.85146188140611,0.9234981717512033,221,0.15835913579429242,0.17325569947166872,0.02234571719634458,0.22765894726861954,0.25893359452930764,0.15944690573976708,0.4,0.2,False,False,0.0,0
H,1835086400,14,221,0.9863756113303971,0.9915975052109925,0.04176219214245726,0.9863756113303971,0.3881652115446685,0.456,0.7886723736265929,0.6222880057745445,0.840963007562892,0.9382485668266453,226,0.1546936645083631,0.21172073491668109,0.07657901593158373,0.2713728535095516,0.17323657148696514,0.1123971596468554,0.4,0.4,False,False,0.0,0
H,1835086400,15,226,0.9767234857657332,0.98668515093091,0.03658137427283148,0.9767234857657332,0.41011132963375735,0.526,0.7880025976405756,0.6211056267261312,0.8568667068066028,0.9198659552171006,233,0.06165026550392458,0.17333024017747645,0.04708920190651862,0.31088452633714775,0.3121132465726037,0.09493251950232884,0.6,0.4,False,False,0.0,0
H,1835086400,16,233,0.9860791839415739,0.9874436593677506,0.052411914789632516,0.9860791839415739,0.43234985554914535,0.41400000000000003,0.7940160870817994,0.6340241238423536,0.8711800361259425,0.9165761797041306,238,0.2371722306566126,0.2395001085852809,0.017877612881821187,0.12109353807690804,0.3728116930804615,0.011544816718915675,0.2,0.4,False,False,0.0,0
H,1835086400,17,238,0.985352068999315,0.986892023055425,0.051444436629189884,0.985352068999315,0.46096911449751876,0.42400000000000004,0.7947794575280062,0.6435741638715676,0.8615723850792261,0.9398535735324207,248,0.2031405777666462,0.24969793742472296,3.3584642024387792e-06,0.35958168151792536,0.18755176282938874,2.4681997114314367e-05,0.8,0.2,False,False,0.0,0
H,1835086400,18,248,0.9900271840677077,0.9900297964497572,0.10224897673988437,0.9900271840677077,0.49095273121983546,0.21400000000000002,0.7945791219460901,0.6398380601285445,0.8754151465713035,0.9198539211472246,256,0.043032555631940125,0.2784579066756777,0.003829118685186221,0.2831721518480548,0.3827344904194857,0.008773776739655315,0.2,0.2,False,False,0.0,0
H,1835086400,19,256,0.9890547489466932,0.9890588712678842,0.09861014693541593,0.9890547489466932,0.5010690652652802,0.2,0.7913757310731113,0.6545702433414877,0.8683896192812062,0.952486672209264,263,0.27155107774213116,0.20635797427561756,0.14968947791363402,0.15002426799564716,0.20257993683516537,0.019797265237804836,0.0,0.2,False,False,0.0,0
H,1835086400,20,263,0.986723731083451,0.9867237411152121,0.14649836997733928,0.986723731083451,0.5220308035669502,0.0,0.7881892644146211,0.6488948936844519,0.8815506573530856,0.9338918121298396,270,0.02566453137548179,0.2086730761934976,0.13821142984075566,0.265418868462358,0.342047790691066,0.019984303436841044,0.0,0.0,False,False,0.0,0
H,1835086400,21,270,0.9900365146348487,0.9900538588345597,0.08718078273115272,0.9900365146348487,0.5374420051608125,0.22400000000000003,0.7884440466135209,0.6453179446051744,0.8902603872402549,0.9193604439984647,274,0.04834744506181444,0.19693387719804709,0.026699384353969815,0.23867161434001108,0.28432397811238935,0.20502370093376834,0.8,0.0,False,False,0.0,0
H,1835086400,22,274,0.9898634172902238,0.9898696069660613,0.09538116682015119,0.9898634172902238,0.5473337932548625,0.21400000000000002,0.7859213703380297,0.6608885537105886,0.8784783743724278,0.9572338706773935,275,0.2854563291959115,0.16094261079998404,0.031403151238769716,0.24556289507353876,0.18622012928099216,0.09041488441080373,0.2,0.2,False,False,0.0,0
H,1835086400,23,275,0.9892375669950428,0.9892680474862757,0.08268634348358239,0.9892375669950428,0.5624791397508744,0.256,0.7841308276020622,0.6645232002388749,0.8804110806959299,0.9625784173493569,278,0.14598842767269568,0.15257455897993893,0.09050312079900334,0.265833587954875,0.248902718803724,0.09619758578976302,0.4,0.2,False,False,0.0,0
H,1835086400,24,278,0.9878150789600866,0.9878527538680701,0.08098814804206354,0.9878150789600866,0.5759668293052247,0.256,0.7852689092141347,0.6616043838499228,0.8911260111291259,0.9454549734812391,281,0.06634179528739541,0.265577777981177,0.06804619580355238,0.24484886577700135,0.29378019251394544,0.06140517263692851,0.4,0.2,False,False,0.0,0
H,1835086400,25,281,0.9887470828265422,0.9887693965457164,0.0851649592764726,0.9887470828265422,0.5691466119692178,0.256,0.7925767932910303,0.6577708600504354,0.8856024384898681,0.9371184193664325,275,0.05308369241260919,0.2372636260060558,0.07531793798105109,0.2788302551086103,0.21794514236827348,0.13755934612340012,0.4,0.2,False,False,0.0,0
H,1835086400,26,275,0.9905233054445383,0.9905393036716005,0.08782770147796068,0.9905233054445383,0.5875380605132557,0.256,0.790375134305723,0.6630913013993903,0.8700631464289943,0.9642492032017385,284,0.1651123043934591,0.24648934816955176,0.06248596460922535,0.28995410781831293,0.165104758940565,0.07085351606888587,0.4,0.2,False,False,0.0,0
H,1835086400,27,284,0.9887346049680086,0.9887349172539884,0.11914654111596892,0.9887346049680086,0.6068043468988427,0.126,0.7940181151732484,0.6677409475454127,0.8786762128180217,0.957081075148319,285,0.160052640199899,0.17088348895936115,0.009176428889823961,0.2869261501720991,0.2780969051596338,0.09486438661918299,0.6,0.0,False,False,0.0,0
H,1835086400,28,285,0.9899159676840655,0.9899588697348708,0.07997088562396609,0.9899159676840655,0.6170608111191374,0.256,0.7954430267455666,0.670043471005065,0.8860261249408262,0.9507084922905755,287,0.13361963546153696,0.18094904462084682,0.11569570500708524,0.2174685069659999,0.2760876670230334,0.07617944092149757,0.4,0.2,False,False,0.0,0
H,1835086400,29,287,0.9885587751774261,0.9887497304579278,0.06807581295569114,0.9885587751774261,0.6301698517467004,0.326,0.7948747005884739,0.6682841268907953,0.8888850745204522,0.9458382162511182,291,0.08428536794979463,0.2373665140710774,0.0152178033598743,0.2749469161209701,0.2573078103685431,0.1308755881297404,0.6,0.2,False,False,0.0,0
H,1835086400,30,291,0.9913898381892573,0.9914208174004357,0.0825744585365358,0.9913898381892573,0.6186279412056636,0.256,0.8023566826928339,0.6720642087292487,0.8946211730615713,0.9362764952544184,283,0.1524286022874135,0.2583569986262756,0.0246102779637979,0.17752128245171114,0.27312302996582155,0.11395980870498028,0.4,0.2,False,False,0.0,0
H,1835086400,31,283,0.989974216837448,0.9899794968770634,0.09664729733502314,0.989974216837448,0.6417646263779408,0.22400000000000003,0.8013960339006567,0.6655379286636883,0.9051590557554141,0.9174886939740229,292,0.025961629636275924,0.17359473756481975,0.1159154429805025,0.25906214301032365,0.32482099838401157,0.10064504842406663,0.8,0.0,False,False,0.0,0
H,1835086400,32,292,0.9912414276197746,0.9912609676061311,0.08624160281247033,0.9912414276197746,0.6575926627665384,0.256,0.7936901816940948,0.6604562551689659,0.9146431501798727,0.9097904285907404,301,0.03994028673077522,0.15038901828355125,0.09795130669545368,0.23469626500736043,0.3598860680148112,0.11713705526804824,0.4,0.2,False,False,0.0,0
H,1835086400,33,301,0.9745436699325668,0.98770486706389,0.03437248767028865,0.9745436699325668,0.6632896697895608,0.526,0.7927588835511316,0.6659527215503287,0.9231788351618855,0.9099477206265248,307,0.16899098924763858,0.16271874806851933,0.08084705094987908,0.19232668622850616,0.3056497663895433,0.08946675911591351,0.6,0.4,False,False,0.0,0
H,1835086400,34,307,0.9903818438995476,0.9903887579963393,0.09450432239252533,0.9903818438995476,0.6612457328297624,0.21400000000000002,0.8002858662231176,0.6692002147117398,0.9308609516456969,0.8983097472481745,300,0.14431411548659484,0.2116504291888949,0.15064210533814018,0.15491797803863447,0.3204054726073375,0.018069899340398193,0.2,0.2,False,False,0.0,0
H,1835086400,35,300,0.9912082561912698,0.9912082577445006,0.16138334082972244,0.9912082561912698,0.6729184145203931,0.0,0.7962283184307395,0.6752889651695114,0.9333559989633479,0.9086669042552773,307,0.18185951491698193,0.26822442055853807,0.052585695871557175,0.17140030024824102,0.2779057124111032,0.04802435599357882,0.0,0.0,False,False,0.0,0
H,1835086400,36,307,0.9908124794475648,0.9908179354531472,0.09639307820096484,0.9908124794475648,0.6807268788212171,0.22400000000000003,0.8064074348308357,0.6708846048227164,0.9400203990670131,0.8850259901687898,305,0.05450109889600647,0.2541007517822139,0.005505423681716637,0.23964041442856063,0.34147937792839095,0.10477293328311138,0.8,0.0,False,False,0.0,0
H,1835086400,37,305,0.9901949748068114,0.9901977012916086,0.10191002790933279,0.9901949748068114,0.6917490825455802,0.2,0.8110317766269498,0.6832710988798208,0.9192955992840494,0.9164314813404151,310,0.26163405372800386,0.2805967973144019,0.048653378152085584,0.21564547270255874,0.1663862006186881,0.027084097484261837,0.0,0.2,False,False,0.0,0
H,1835086400,38,310,0.9895714115391957,0.989659915189663,0.07420439873808486,0.9895714115391957,0.7148439518056757,0.326,0.8087920417257949,0.6758447894853519,0.9273660393556444,0.9010707930391154,318,0.021715569369025658,0.1813082663024558,0.03192210321057518,0.3199977713354995,0.3671992845790567,0.0778570052033872,0.6,0.2,False,False,0.0,0
H,1835086400,39,318,0.9919347245856164,0.991939659810508,0.09720062924211875,0.9919347245856164,0.7334577586980016,0.2,0.8072751108594487,0.6672457419317012,0.93462943542008,0.8843512487273791,324,0.0024148990077107533,0.23761252155052298,0.12767858251289485,0.31555225571225937,0.30984280470876857,0.006898936507843468,0.0,0.2,False,False,0.0,0
H,1835086400,40,324,0.9910711163930667,0.9910764249915613,0.09661317372682827,0.9910711163930667,0.7268834125045027,0.21400000000000002,0.8032799443393059,0.6799595860614545,0.9162529749375935,0.9238485449071132,321,0.2634516403292287,0.15523023740991324,0.09735148186616727,0.2597055990820853,0.1754324152976072,0.04882862601499842,0.2,0.2,False,False,0.0,0
H,1835086400,41,321,0.9908208936343779,0.9921302567067025,0.052777793279218915,0.9908208936343779,0.730107313326372,0.4,0.8007712938806149,0.6762782149685013,0.9246276774438341,0.9133768757678238,321,0.06645760262649393,0.1733713538100124,0.08853093088088466,0.2504302435028989,0.33851266850487416,0.08269720067483581,0.0,0.4,False,False,0.0,0
H,1835086400,42,321,0.9931330221205699,0.9931332407875287,0.12201860067559582,0.9931330221205699,0.7378778639196172,0.126,0.7988233927224953,0.6693333362385961,0.9242633246689053,0.9065587647343333,325,0.023362900231498777,0.1635288096698047,0.03497123923277916,0.3159927469281125,0.2604920748472729,0.20165222909053193,0.6,0.0,False,False,0.0,0
H,1835086400,43,325,0.9918319307471485,0.9918321716133393,0.12123849229999675,0.9918319307471485,0.7396329952113652,0.126,0.7991830432389678,0.6630017662451704,0.9318369922020148,0.8902838138950465,326,0.026688710231300462,0.17196227365425298,0.005805911961060716,0.24507334507971323,0.5333569355583424,0.017112823515330194,0.6,0.0,False,False,0.0,0
H,1835086400,44,326,0.9913629283192605,0.9913629317817286,0.15500343229915853,0.9913629283192605,0.7487190633847418,0.014000000000000002,0.801655627157943,0.656500008169997,0.9386532929818133,0.8724522808079546,328,0.020604127963564145,0.16987291797164422,0.11113938873097626,0.2648943659497697,0.31725720703783505,0.11623199234621066,0.2,0.0,False,False,0.0,0
H,1835086400,45,328,0.9927921180787275,0.9927921221043493,0.15381533432422026,0.9927921180787275,0.7763785059289129,0.014000000000000002,0.8014807249264295,0.6600050388918732,0.9421259784725899,0.8740679371144546,335,0.14162538912970052,0.17220717004110067,0.04940649782039655,0.26281100797456314,0.2866900739447896,0.08725986108944957,0.2,0.0,False,False,0.0,0
H,1835086400,46,335,0.9921329594775333,0.9921396004491355,0.09483920541409255,0.9921329594775333,0.79506721728258,0.22400000000000003,0.8039776102772447,0.6618070078722945,0.9477374881603704,0.8685590454695342,337,0.12252776156268742,0.23458916085594322,0.05648049379465281,0.27273526793886277,0.29912053767519714,0.014546778172656528,0.8,0.0,False,False,0.0,0
H,1835086400,47,337,0.9898420656633854,0.9898463423260191,0.0983238972189069,0.9898420656633854,0.7895778721210702,0.2,0.8036343635403399,0.6662416279958348,0.937437471862509,0.8843637983213064,335,0.15656213146443684,0.20805964774937544,0.013789461072685236,0.3599679387644149,0.2223686625908782,0.03925215835820944,0.0,0.2,False,False,0.0,0
H,1835086400,48,335,0.9905405687971064,0.9913246133822126,0.05685349369243421,0.9905405687971064,0.7879819101985696,0.4,0.8027909704139201,0.6829274199789818,0.9204256431806436,0.9242370232923695,336,0.31247341728673445,0.19882485772111488,0.042022418606248606,0.2019322431247528,0.1836595925219273,0.061087470739222,0.0,0.4,False,False,0.0,0
H,1835086400,49,336,0.9892328258319321,0.9904462319033263,0.05337010762844419,0.9892328258319321,0.7686818890912347,0.42400000000000004,0.8024350903094369,0.6867312682065777,0.904804860491437,0.9458493836736691,330,0.1618777403318135,0.16276995687288107,0.04572883154990154,0.39017747460143826,0.18210890814428912,0.057337088499676545,0.8,0.2,False,False,0.0,0
H,1835086400,50,330,0.9924182482351276,0.9924261048028687,0.0935034823387906,0.9924182482351276,0.7870012439436944,0.256,0.7992424742451572,0.6857661935219468,0.9143243744422933,0.9384199211930738,335,0.104643609071225,0.24577270764160147,0.019433105200319652,0.2484834494356605,0.32993168433438835,0.051735444316805046,0.4,0.2,False,False,0.0,0
H,1835086400,51,335,0.9945121279278903,0.9945266049443444,0.08865501508864645,0.9945121279278903,0.771406588453834,0.256,0.7942929354551834,0.7014778838458494,0.8977095997505884,0.9837786967584358,328,0.36907351022620377,0.15042122683208883,0.02343983730093274,0.25144515447292715,0.17408831376262215,0.03153195740522528,0.4,0.2,False,False,0.0,0
H,1835086400,52,328,0.9900280808812842,0.9900297632491205,0.10575188897845335,0.9900280808812842,0.7434806654549065,0.21400000000000002,0.8023744281548748,0.7098195093534585,0.8951979192032946,0.9882157891404246,317,0.23019399624876907,0.1870694984961509,0.17038314897841778,0.1739165475936933,0.23629639713882528,0.002140411544143703,0.2,0.2,False,False,0.0,0
H,1835086400,53,317,0.9898858917626513,0.9910123299616229,0.05396665249972535,0.9898858917626513,0.7539461979609864,0.41400000000000003,0.801369058779412,0.7033655226467017,0.8935686215386365,0.9822467410010054,323,0.0504623595114514,0.27528030514800683,0.10640620008602175,0.2845266704453355,0.23945247127835645,0.043871993530827935,0.2,0.4,False,False,0.0,0
H,1835086400,54,323,0.9889422681229753,0.9889423012947123,0.13699645901716487,0.9889422681229753,0.7460620595920269,0.05600000000000001,0.7940678956028183,0.7074316888126304,0.9016162916307372,0.9881096063823445,316,0.17793052872829665,0.14513880598909712,0.058213188727199036,0.2764288218798455,0.2870226612298218,0.055265993445739944,0.4,0.0,False,False,0.0,0
H,1835086400,55,316,0.9875998368332932,0.9875998838018776,0.13421728567098024,0.9875998368332932,0.7371484507509974,0.05600000000000001,0.792218427781492,0.7180943903427954,0.9114546624676635,0.9944925244722669,314,0.26292857463495684,0.15873101355175914,0.10422415296925745,0.12923601679403177,0.319712692908323,0.025167549141671897,0.4,0.0,False,False,0.0,0
H,1835086400,56,314,0.9818112930783652,0.992397231910162,0.0361434914853036,0.9818112930783652,0.743544362151349,0.526,0.7860101857968649,0.718343200314804,0.9203091962208971,0.9930475616967531,317,0.13941911861435397,0.17539788589423097,0.12502591977334981,0.24689030728839864,0.3047448850553295,0.00852188337433719,0.6,0.4,False,False,0.0,0
H,1835086400,57,317,0.9766300542354583,0.98909933329057,0.034813601390967175,0.9766300542354583,0.7276439356682998,0.526,0.7907614863538359,0.7308290333138387,0.9051391670132528,1.0210686095010486,314,0.29253741268468647,0.27060303953829873,0.041521219388724814,0.18028311877006045,0.1843044520722268,0.030750757546002882,0.6,0.4,False,False,0.0,0
H,1835086400,58,314,0.9900168194556597,0.9900168328195972,0.1442419129069494,0.9900168194556597,0.7398018671945998,0.0,0.7895907048572166,0.7254898665504573,0.9090228902417609,1.010775028906276,316,0.07752856127888179,0.2481797707030253,0.08578875078061281,0.23525772936862208,0.2719881996491669,0.08125698821969117,0.0,0.0,False,False,0.0,0
H,1835086400,59,316,0.9912069132606345,0.9912069651943035,0.13344641106924374,0.9912069132606345,0.7621015073643377,0.05600000000000001,0.7860746463805367,0.7282379122603019,0.8981550693821273,1.0314737264816007,326,0.17528173796709234,0.17071490934205827,0.07696514596967008,0.34303809784941075,0.20017234082271243,0.03382776804905614,0.4,0.0,False,False,0.0,0
H,1835086400,60,326,0.9915076185635557,0.9915076295516211,0.14581207616571915,0.9915076185635557,0.7424079068773426,0.014000000000000002,0.7885968214833462,0.7211792270682578,0.9000833369330166,1.0160275044758038,318,0.054415130262136915,0.22692069660650382,0.044340749718293576,0.24669457622177302,0.25871887244550973,0.16890997474578293,0.2,0.0,False,False,0.0,0
H,1835086400,61,318,0.9922106531766637,0.9922185539226694,0.0934571825156089,0.9922106531766637,0.7471176378607235,0.22400000000000003,0.7896325936490872,0.7235549240636145,0.9100750032397149,1.006860378678237,319,0.16793322935962043,0.1790863320221225,0.07621441567725694,0.18165166118613335,0.38400321172768764,0.011111150027179011,0.8,0.0,False,False,0.0,0
H,1835086400,62,319,0.9928317320460216,0.9928321406794817,0.11703900097251674,0.9928317320460216,0.7449057597714887,0.126,0.7899094223153875,0.7257007104821904,0.9131201489829,1.00612589779293,323,0.1665441577719576,0.1874034698216101,0.10717827342904777,0.13823282714585203,0.27026323033578237,0.13037804149575022,0.6,0.0,False,False,0.0,0
H,1835086400,63,323,0.9915066826893676,0.9915147397172397,0.09329561577871393,0.9915066826893676,0.7640099563135847,0.2,0.7889578419509128,0.7324591723102881,0.9218081340846099,1.0071382459982912,330,0.22554371690258995,0.22154591435595597,3.5852772603266205e-06,0.1722302175530855,0.3182841061929858,0.06239245971812247,0.0,0.2,False,False,0.0,0
H,1835086400,64,330,0.9778160350865623,0.990006360246821,0.035000996911640894,0.9778160350865623,0.7604446190608379,0.526,0.7888902121337543,0.7301169530365582,0.929627320676149,0.9955589622119352,328,0.11600924177230618,0.21878176208953778,0.06396592132780987,0.2573163381588146,0.34278305684430116,0.0011436798072304304,0.6,0.4,False,False,0.0,0
H,1835086400,65,328,0.9847979061655121,0.9850208183852469,0.0668140036540386,0.9847979061655121,0.7767471006618425,0.35,0.7875719603841479,0.7323844627606485,0.921050590446842,1.009637310620164,331,0.17216696719897814,0.167078114569902,0.07979507277781092,0.3486576034063182,0.2219300091915396,0.010372232855451226,1.0,0.0,False,False,0.0,0
H,1835086400,66,331,0.9884906926354678,0.9893814209855968,0.05582237954564443,0.9884906926354678,0.7615620846857394,0.4,0.7903271681112596,0.7386254693177059,0.9289455314021579,1.0060674949233888,320,0.22325287118862236,0.17018544209493044,0.019633478167334226,0.18455171962477343,0.3321139829619012,0.07026250596243835,0.0,0.4,False,False,0.0,0
H,1835086400,67,320,0.9932022971825185,0.993202299828841,0.15715794116755713,0.9932022971825185,0.7740344143671878,0.014000000000000002,0.7879536033332403,0.728807305930646,0.9360509782619421,0.9881265537722023,325,0.026413875985317702,0.24569796000728478,0.04878773845119418,0.24103521759340854,0.3399183658442345,0.09814684211856023,0.2,0.0,False,False,0.0,0
H,1835086400,68,325,0.9909879715207456,0.9928462748365354,0.04999653016007206,0.9909879715207456,0.7785921123411994,0.42400000000000004,0.7858971463333897,0.7296603019216114,0.9424458804357478,0.9851414360864094,322,0.15366701609372066,0.15994955547232373,0.021318879709580844,0.29502357857116773,0.3075104761141123,0.06253049403909464,0.8,0.2,False,False,0.0,0
H,1835086400,69,322,0.9821384038379958,0.9835778931298725,0.05195468054199523,0.9821384038379958,0.7776460536552824,0.42400000000000004,0.7880640464261633,0.72069673623804,0.9465717902152015,0.9661342615610159,323,0.03149311765636434,0.20893545812668973,0.10005979734425349,0.26942642622673285,0.2918524891151423,0.09823271153081717,0.8,0.2,False,False,0.0,0
H,1835086400,70,323,0.9884707815030265,0.9884788254682395,0.0932841214178959,0.9884707815030265,0.7850109501144711,0.21400000000000002,0.7936725149831267,0.719310086848088,0.9517195121903314,0.9522825719590066,320,0.12060234277437432,0.17235719831890606,0.12711509899486106,0.23992772710660332,0.2990245049832499,0.04097312782200543,0.2,0.2,False,False,0.0,0
H,1835086400,71,320,0.9916483058194296,0.9919545599879698,0.06434142296190964,0.9916483058194296,0.7682781593283687,0.35,0.800377578658098,0.7102548809341005,0.9565475609712982,0.9277110813471585,309,0.02387873035521119,0.35873475364178353,0.01733456778781523,0.2936188087213451,0.3023198601830877,0.004113279310757327,1.0,0.0,False,False,0.0,0
H,1835086400,72,309,0.9893768156678241,0.9902471940158284,0.05601331134811746,0.9893768156678241,0.7769092337783299,0.41400000000000003,0.8004604783411593,0.7136442140771257,0.9608928048741684,0.9278268015861701,308,0.1737759648716283,0.21291667041500545,0.023637364995516823,0.268108674704669,0.3211524105272866,0.00040891448589380254,0.2,0.4,False,False,0.0,0
H,1835086400,73,308,0.9912623840308687,0.9913121261781539,0.07880420187662977,0.9912623840308687,0.7786098413633263,0.326,0.8028669004903362,0.7251974016871303,0.9344128123630344,0.966660340245884,310,0.27794247892326057,0.1673106636453709,0.033128885006114564,0.251819030909666,0.14804643988141405,0.121752501634174,0.6,0.2,False,False,0.0,0
H,1835086400,74,310,0.988156743610554,0.9883865883515083,0.0665973713873251,0.988156743610554,0.7752945031025562,0.35,0.8014268996636095,0.7205162130179606,0.9404028739864102,0.956017615687829,310,0.08223351768983576,0.18672503353098432,0.08090721719864385,0.2447543758129799,0.2971567142983963,0.10822314146916007,1.0,0.0,False,False,0.0,0
H,1835086400,75,310,0.9899140079071407,0.9899191244542559,0.09689718633905428,0.9899140079071407,0.791528022691424,0.21400000000000002,0.8015778760716955,0.71842299754395,0.9463625865877692,0.9470587950413419,314,0.11165743971109163,0.26111700947472377,0.05053007167978322,0.2526150453494867,0.31619624131327234,0.007884192471642404,0.2,0.2,False,False,0.0,0
H,1835086400,76,314,0.9898081151760884,0.9907438919617549,0.05544060379664007,0.9898081151760884,0.7891644307759101,0.42400000000000004,0.8027547916349924,0.7214421573258897,0.940859285060336,0.955199166665503,314,0.1742538707392152,0.21462257464163964,0.10362926671310925,0.23145525464402344,0.24566478565671865,0.030374247605293843,0.8,0.2,False,False,0.0,0
H,1835086400,77,314,0.9886436460726868,0.9905437180256097,0.04980111254396115,0.9886436460726868,0.7857602500464866,0.42400000000000004,0.8053370896902445,0.722534036520399,0.9296813993480557,0.9650425613372928,313,0.15204983826004848,0.2395526198006242,0.06629546650402206,0.3024659167707657,0.2145402139687663,0.025095944695773406,0.8,0.2,False,False,0.0,0
H,1835086400,78,313,0.9905057927950617,0.9905060339211109,0.12121925899568031,0.9905057927950617,0.777970401136966,0.126,0.7975681766642349,0.7350605344709804,0.9030815407493549,1.0205359867317068,314,0.29566499720751616,0.15435506866865187,0.055408756390665094,0.30694398254787014,0.13184140668052352,0.05578578850477324,0.6,0.0,False,False,0.0,0
H,1835086400,79,314,0.9921835586036405,0.9930296059875495,0.05626133540701554,0.9921835586036405,0.7812085845244822,0.4,0.7923837457820047,0.7416094421115653,0.8894499687820661,1.052248143328524,317,0.2287741795516737,0.15529961249292154,0.05538084967092147,0.3527597050857485,0.1833829105382332,0.024402742660501547,0.0,0.4,False,False,0.0,0
H,1835086400,80,317,0.9928146083042717,0.9928263200054196,0.09032872253369822,0.9928146083042717,0.7943846311680723,0.256,0.7885309154158592,0.7412660614878599,0.9005049719038595,1.0439249477860286,324,0.14671364352341087,0.2097755866691461,0.03130868512298459,0.19538459990921905,0.34545518458267016,0.07136230019256928,0.4,0.2,False,False,0.0,0
H,1835086400,81,324,0.971863781512305,0.9910521644433873,0.03139821428939298,0.971863781512305,0.7970281956098708,0.55,0.7862132204907525,0.745251393404983,0.9038395602762366,1.0487479096893009,333,0.20060793739395164,0.23198099941375838,0.034894675022568496,0.2070724375757295,0.2669254278138155,0.058518522780176566,1.0,0.2,False,False,0.0,0
H,1835086400,82,333,0.9898274936312287,0.9918300830519021,0.04939314679974279,0.9898274936312287,0.8023161922725061,0.42400000000000004,0.7904548042786439,0.7536860837635865,0.9056046887099016,1.0528700954980454,329,0.25871575036065764,0.18473265888770052,0.023199567287107314,0.16468382982212507,0.2607454223064435,0.10792277133596606,0.8,0.2,False,False,0.0,0
H,1835086400,83,329,0.9869322712640003,0.988075529318056,0.05382504798132175,0.9869322712640003,0.7960415277472127,0.42400000000000004,0.7865563697240676,0.7611336674689684,0.8856383729667429,1.0926338598343932,330,0.25164859866951506,0.1945687893892974,0.005558341098427661,0.38747887938237735,0.15297076563915715,0.007774625821225443,0.8,0.2,False,False,0.0,0
H,1835086400,84,330,0.9924592006735239,0.9924592120578098,0.14553773214482663,0.9924592006735239,0.7903371408098476,0.0,0.7871966929574619,0.7587021665324729,0.8958995252607576,1.0757931059075174,327,0.13281478046191122,0.16190646095740835,0.052416438660798044,0.18405306229427917,0.2941249479534452,0.17468430967215798,0.0,0.0,False,False,0.0,0
H,1835086400,85,327,0.9846856600008792,0.9846937710510602,0.09318747237230103,0.9846856600008792,0.7845628560479836,0.21400000000000002,0.7921822911768209,0.7649106344679601,0.877562952929902,1.1002903101926256,326,0.23929470327638552,0.27455231062847024,0.019750366395131363,0.2955039524351788,0.15626690097610124,0.014631766288732986,0.2,0.2,False,False,0.0,0
H,1835086400,86,326,0.9924103424593174,0.9924103451337745,0.1570674101065468,0.9924103424593174,0.7884661271142333,0.0,0.7858781692981607,0.7654663215884941,0.8791604102872084,1.107905554917108,324,0.17251523554914963,0.15262497814397474,0.019246462783328224,0.3161563322557493,0.24676876325148261,0.09268822801631546,0.0,0.0,False,False,0.0,0
H,1835086400,87,324,0.9910881426529631,0.9910881458887213,0.15554026897635165,0.9910881426529631,0.7846983846993592,0.0,0.7823971689080577,0.7569605416732722,0.8912443692584875,1.0855483513853539,321,0.05959420205253494,0.1779917608466087,0.05461641570735387,0.2997190270819542,0.3476923410337624,0.06038625327778599,0.0,0.0,False,False,0.0,0
H,1835086400,88,321,0.9898359224573149,0.9900687381954673,0.06650867380500732,0.9898359224573149,0.7792944105233419,0.326,0.7831162279026656,0.7566208340649603,0.9021199323326388,1.0709958634675507,323,0.15635399344189618,0.16703379832781004,0.043402330659930766,0.1403609182011513,0.3243225397235257,0.16852641964568596,0.6,0.2,False,False,0.0,0
H,1835086400,89,323,0.9914959520661695,0.9916328408165578,0.07074866590933378,0.9914959520661695,0.7875755985607644,0.326,0.7802913314571884,0.7469786800372135,0.902454280441733,1.0607821792688874,328,0.039861095943765336,0.1866387531047474,0.05174036730770868,0.31959678882701087,0.2527317067117905,0.1494312881049771,0.6,0.2,False,False,0.0,0
H,1835086400,90,328,0.9918601107788968,0.9918665351391588,0.09510098009027702,0.9918601107788968,0.7706432960606528,0.2,0.7864383702442687,0.7533776110563454,0.9007570530340258,1.063506977901603,318,0.23434831276240697,0.16578050861223742,0.054917682925070016,0.21321770592174352,0.2427410031823302,0.08899478659621199,0.0,0.2,False,False,0.0,0
H,1835086400,91,318,0.9906129243581169,0.9906296526481112,0.087473221965645,0.9906129243581169,0.7822884463556735,0.21400000000000002,0.7846327363806289,0.7535064535883738,0.8991707440452659,1.0680175384714041,326,0.15997153856057134,0.24129036339498197,0.009034033576834724,0.21486418883862946,0.24244698157321318,0.13239289405576932,0.2,0.2,False,False,0.0,0
H,1835086400,92,326,0.9896751372550787,0.9896834045240518,0.0930758524473253,0.9896751372550787,0.7870906707213784,0.21400000000000002,0.7791226704114369,0.7443904597637458,0.9031441328215282,1.0578836188878604,330,0.044491610684884025,0.23004782218219416,0.029429576279400935,0.3542492744542868,0.2694523159039442,0.0723294004952899,0.2,0.2,False,False,0.0,0
H,1835086400,93,330,0.9888208798270869,0.9891978856029472,0.06266480800239348,0.9888208798270869,0.7831936566186374,0.35,0.7827445477540066,0.7417482096408716,0.900422708237808,1.0524222381919606,329,0.11971591081641264,0.21261029420826374,0.07660435719707623,0.24010055742052672,0.2379649434921635,0.11300393686555701,1.0,0.0,False,False,0.0,0
H,1835086400,94,329,0.9918858098038832,0.9919225291464828,0.0812253741655828,0.9918858098038832,0.7815114575491671,0.256,0.7862992108489641,0.7417547272039531,0.9103804374140272,1.0362142635631697,326,0.15117410056406275,0.22687273273554182,0.022876362571833724,0.18844584361939154,0.3011120474370138,0.10951891307215647,0.4,0.2,False,False,0.0,0
H,1835086400,95,326,0.9914673588442926,0.9914673884096259,0.13793292826865822,0.9914673588442926,0.7900749954152464,0.05600000000000001,0.7854965770686104,0.7339051526558884,0.9168358641918314,1.0190700699431763,328,0.05297702265166278,0.2657277219355038,0.03054646580208054,0.289580362432569,0.28746735259603445,0.0737010745821494,0.4,0.0,False,False,0.0,0
H,1835086400,96,328,0.9898801195096341,0.9899026824214384,0.08508567464393912,0.9898801195096341,0.7828302210656628,0.256,0.7801190732099077,0.7250380728909638,0.9054916053370886,1.02639726972339,333,0.03535222334837242,0.16486901852062386,0.13301801863373092,0.33611318824960873,0.20169663782220182,0.12895091342546233,0.4,0.2,False,False,0.0,0
H,1835086400,97,333,0.9910549495031457,0.9924254666194449,0.05241680544079919,0.9910549495031457,0.7621972765427307,0.42400000000000004,0.7886346686514637,0.7228653866141485,0.8981369670438317,1.0205610576366095,324,0.11349021709666138,0.24866632502185784,0.16192186801412445,0.2388918477514559,0.2159726112022597,0.021057130913640847,0.8,0.2,False,False,0.0,0
H,1835086400,98,324,0.9921349428818945,0.9921440484378322,0.092326830565798,0.9921349428818945,0.7620161576167837,0.2,0.7859888162168197,0.7200699926299278,0.896942334516594,1.0213952264809703,325,0.10434844183108435,0.2116046789873956,0.13703048871383283,0.25720130490665927,0.24309532088572725,0.04671976467530072,0.0,0.2,False,False,0.0,0
H,1835086400,99,325,0.9914428940959782,0.9914815508218945,0.08081255045559668,0.9914428940959782,0.7611094884355313,0.256,0.7838346562475101,0.7235237284299162,0.9045115863552661,1.0205027584911344,324,0.1807154428935607,0.17355856795052407,0.09852722203691719,0.20828376647902688,0.2863174264516572,0.05259757418831406,0.4,0.2,False,False,0.0,0
H,1835086400,100,324,0.9877916454557774,0.9877916531668967,0.14860121890924474,0.9877916454557774,0.7816942527379981,0.014000000000000002,0.783030065269983,0.7339330663008545,0.9027904360943152,1.0382240082681944,335,0.26981905365542685,0.18868119445884005,0.11303127635969752,0.17820297708114133,0.24365004187287856,0.00661545657201567,0.2,0.0,False,False,0.0,0
H,1835086400,101,335,0.9918538701805001,0.9929881963757774,0.053926960422781424,0.9918538701805001,0.7802805766648063,0.4,0.7825626137658294,0.7420004444792575,0.8921369874114086,1.0628048414362332,332,0.24705039366807133,0.1780464907689805,0.011395372725231735,0.2512540061491887,0.19812797463262463,0.11412576205590308,0.0,0.4,False,False,0.0,0
H,1835086400,102,332,0.9906144697251298,0.9920567899123798,0.05200736710894988,0.9906144697251298,0.7817906844040678,0.4,0.7841475601471986,0.7452385526730211,0.87847476771674,1.0818529318874384,333,0.1917266302215813,0.17786229220975933,0.09444028167055876,0.27257662104590635,0.17775739523236178,0.08563677961983257,0.0,0.4,False,False,0.0,0
H,1835086400,103,333,0.9891050084967641,0.9893924087301504,0.06482661591129561,0.9891050084967641,0.7639132466126951,0.326,0.7966889793299731,0.740301795328138,0.8845838998815012,1.0504634895098008,323,0.09156462860959956,0.24353448834614205,0.08848011418078383,0.20747491651382666,0.26978304468217573,0.09916280766747211,0.6,0.2,False,False,0.0,0
H,1835086400,104,323,0.9891321134184351,0.9891330059677771,0.11079037373717193,0.9891321134184351,0.7578292387732602,0.126,0.7991710288690352,0.7407110440408692,0.8812897248415956,1.0516963865367055,320,0.15530423098922588,0.25088741875854054,0.05173963405358129,0.24056495799072017,0.22582107474122246,0.07568268346670957,0.6,0.0,False,False,0.0,0
H,1835086400,105,320,0.9901955408707065,0.9918886332564638,0.05072998896090396,0.9901955408707065,0.7618487061930372,0.41400000000000003,0.8075843530107345,0.7349499925601217,0.8887178564082125,1.024014220473254,315,0.07843125901620061,0.20235972147261344,0.0029704298840959645,0.3985066790365196,0.2777855202538827,0.03994639033668772,0.2,0.4,False,False,0.0,0
H,1835086400,106,315,0.9893224790592035,0.9893323263911107,0.09168084035006265,0.9893224790592035,0.7570402157713881,0.22400000000000003,0.8082056494109242,0.7266259728276316,0.8998460707673913,0.9991272659364085,313,0.04279349869394934,0.17905133647298468,0.058065398644582954,0.23533910168900626,0.3513036930341108,0.13344697146536602,0.8,0.0,False,False,0.0,0
H,1835086400,107,313,0.9874876781190052,0.990650570783934,0.04574555474781184,0.9874876781190052,0.7626499894054521,0.456,0.8097621985279593,0.7154462737171168,0.9017170242451007,0.9798266732633899,317,0.0018949941358345592,0.27634701282593455,0.13652455727384388,0.2989526410077813,0.25927780277224277,0.02700299198436308,0.4,0.4,False,False,0.0,0
H,1835086400,108,317,0.9899485489740959,0.9899594220389771,0.0908971358139497,0.9899485489740959,0.7629004689693377,0.256,0.8089641173843594,0.7225708987964222,0.8865675628318364,1.0074868136524717,318,0.22371173456451626,0.23906268640621833,0.08475979451186064,0.2536597942310968,0.17511120505622857,0.023694785230079195,0.4,0.2,False,False,0.0,0
H,1835086400,109,318,0.991923804929005,0.9919533467470145,0.08295691264902645,0.991923804929005,0.7770209914871353,0.256,0.8094682085888344,0.7197676193572123,0.8979108065486527,0.9902829681726014,318,0.10406581875763979,0.19070593845102457,0.023164029160925907,0.3061595949381926,0.3308621549375684,0.04504246375464881,0.4,0.2,False,False,0.0,0
H,1835086400,110,318,0.9848060890541573,0.985080271085138,0.06516663575489882,0.9848060890541573,0.7833373511460376,0.35,0.8059593241890136,0.7105834352636075,0.904783206386563,0.9744452077454405,324,0.022552460928196284,0.16033930981117236,0.09068841634776675,0.3801229926953062,0.28331740246387754,0.06297941775368099,1.0,0.0,False,False,0.0,0
H,1835086400,111,324,0.9884805042982873,0.9884807389699335,0.12141894332769937,0.9884805042982873,0.7917392402847636,0.126,0.8071662087442528,0.7098199833177049,0.9001366238195813,0.9769600779427153,326,0.12207149771597249,0.34704710153823204,0.013350525290485464,0.277806829630885,0.22915869035837286,0.010565355466052183,0.6,0.0,False,False,0.0,0
H,1835086400,112,326,0.9907594618242006,0.9907659781093519,0.09497905089699858,0.9907594618242006,0.7888523403393558,0.22400000000000003,0.8109910715072631,0.7019139970128069,0.9101229614376232,0.9509720627923156,321,0.03231266076234007,0.19179995357176163,0.0988922086345438,0.3269588650668656,0.31539485627938435,0.03464145568510463,0.8,0.0,False,False,0.0,0
H,1835086400,113,321,0.9856803763689381,0.985680613407318,0.12131648475579027,0.9856803763689381,0.7847622937333208,0.126,0.8075058031874325,0.6982719124437148,0.9062382233386436,0.9541937007096115,324,0.08067019101935363,0.19322286588918217,0.1437044495804908,0.3042351827730401,0.23563779022391346,0.04252952051401979,0.6,0.0,False,False,0.0,0
H,1835086400,114,324,0.9909012393420076,0.9916893687798971,0.056815057910437165,0.9909012393420076,0.7981802724352961,0.41400000000000003,0.8095200429597202,0.7014712209422271,0.9068201966920019,0.9555668343960831,324,0.16391130150872665,0.1645439405318354,0.12385885701528189,0.28952828241871065,0.2560289784361131,0.002128640089332312,0.2,0.4,False,False,0.0,0
H,1835086400,115,324,0.9903166609662284,0.9915004418880357,0.05357533162125302,0.9903166609662284,0.8010605923743687,0.41400000000000003,0.8051970838138958,0.6921001072349036,0.9161381770228016,0.9382222799023878,327,0.008780591747346838,0.1580049539342483,0.025006945147586775,0.4247894667997147,0.30262040008680813,0.0807976422842954,0.2,0.4,False,False,0.0,0
H,1835086400,116,327,0.9919109534033191,0.9925045206957994,0.05907837303643375,0.9919109534033191,0.7855127827482697,0.4,0.8061504274510275,0.6932613590875486,0.9053465029451641,0.949874168245617,322,0.13457821517987836,0.2794555539566945,0.02532578806873355,0.30050884229150604,0.20411071812321288,0.05602088237997476,0.0,0.4,False,False,0.0,0
H,1835086400,117,322,0.9864577554758464,0.9879826308579472,0.05153155467786319,0.9864577554758464,0.7670509294954136,0.42400000000000004,0.8044337143128748,0.6920907236087493,0.9010013909949076,0.9548767147403304,318,0.1061554059447266,0.1728675151551187,0.0743604479869959,0.3535337993231257,0.23094769172130003,0.06213513986873313,0.8,0.2,False,False,0.0,0
H,1835086400,118,318,0.9883306704503841,0.9897719851114213,0.051994564497848644,0.9883306704503841,0.7736961881713511,0.42400000000000004,0.7998370365180243,0.6887436058236908,0.9109012518954168,0.9453328956432582,324,0.07821772994223618,0.22211051504029408,0.06120309149864384,0.20710229435187222,0.31746307617236047,0.1139032929945932,0.8,0.2,False,False,0.0,0
H,1835086400,119,324,0.9874403420162493,0.9874403458926228,0.1540730349311279,0.9874403420162493,0.7902249644497108,0.014000000000000002,0.7985475327732829,0.6830742739618082,0.9198111267058752,0.9299690563950427,330,0.04709810536627529,0.1770996690685959,0.07187910634255866,0.28974424773486585,0.3096595747755744,0.10451929671213012,0.2,0.0,False,False,0.0,0
H,1835086400,120,330,0.9917081762673228,0.9940657865867935,0.04811192582199274,0.9917081762673228,0.7710560192650721,0.456,0.8065036360483828,0.6779346909064459,0.9278300140352876,0.9059685276142361,316,0.05017663303410121,0.17464097187635258,0.002230911914479452,0.46518422401022647,0.30774722655864656,2.003260619363306e-05,0.4,0.4,False,False,0.0,0
H,1835086400,121,316,0.9895462789639666,0.9895462932746354,0.1436932975138995,0.9895462789639666,0.7676056914187721,0.05600000000000001,0.804469863695479,0.6807778788332242,0.9253458570692725,0.9145165532759771,316,0.1467490309012567,0.2009867039944929,0.10549271111317307,0.2534538139468244,0.2514942221875684,0.04182351785668444,0.4,0.0,False,False,0.0,0
H,1835086400,122,316,0.9926613080128841,0.9926613620807103,0.1331375142524697,0.9926613080128841,0.7841290318471485,0.05600000000000001,0.8048848326582427,0.6768286791461856,0.9228437993381983,0.9112065032504979,324,0.06362117818278364,0.32415539264068216,0.07383094393538013,0.2636607603238961,0.250162639879265,0.024569085037992884,0.4,0.0,False,False,0.0,0
H,1835086400,123,324,0.9878748754728209,0.9878931303124698,0.08675605771504116,0.9878748754728209,0.7844362924989096,0.256,0.8034325878112945,0.6715774251950365,0.925159043966817,0.9035043489805629,327,0.04487725007700219,0.1806748476453993,0.052003175962411025,0.4268159722885569,0.2729981228121928,0.022630631214437903,0.4,0.2,False,False,0.0,0
H,1835086400,124,327,0.9868188032268441,0.9868188071401941,0.15399245201336192,0.9868188032268441,0.7900056585878692,0.014000000000000002,0.7992039905126577,0.6736205389410723,0.9265537829671301,0.9096766417432404,329,0.1327748125723456,0.17317142093654936,0.01017129382534739,0.36036309264900873,0.26955321698497386,0.0539661630317752,0.2,0.0,False,False,0.0,0
H,1835086400,125,329,0.9899163908148173,0.990110504558577,0.0679561752818366,0.9899163908148173,0.78189219028876,0.35,0.7975680064108537,0.6882209770596466,0.9195410350286114,0.9384023070226247,322,0.2910183133203481,0.17197264741875107,0.018437070826559224,0.2450600159202708,0.22821315179097162,0.045298800723099324,1.0,0.0,False,False,0.0,0
H,1835086400,126,322,0.9880601209443552,0.9880723601598788,0.0899398207008876,0.9880601209443552,0.7994573685779333,0.256,0.7964999652076252,0.7038099282066642,0.9001166844113682,0.981681972906613,329,0.3347056582470824,0.1914333270334228,0.030059256356231707,0.27803669659793023,0.16264876442808976,0.0031162973372428366,0.4,0.2,False,False,0.0,0
H,1835086400,127,329,0.9857651510517723,0.9885168248594041,0.046837051522460996,0.9857651510517723,0.7898998699921088,0.456,0.8006628437506662,0.69671725310164,0.9101050159702313,0.9561265601797555,323,0.03872276631636292,0.32831752267987035,0.009092775337610878,0.30605695434750485,0.3176681483828642,0.00014183293578674548,0.4,0.4,False,False,0.0,0
H,1835086400,128,323,0.9916034481133563,0.9916034645708918,0.14259718423937778,0.9916034481133563,0.7791432089002789,0.014000000000000002,0.8050227823300821,0.6912530914924098,0.9190945143732082,0.9342621218117092,317,0.054646263073147454,0.3455747025316208,0.018701649806068907,0.2259032236666339,0.3249438559705051,0.030230304952023786,0.2,0.0,False,False,0.0,0
H,1835086400,129,317,0.9919151878843375,0.991943380156862,0.08332903704190793,0.9919151878843375,0.7766379083386317,0.256,0.8077356734809051,0.7036357959019056,0.9113083072102758,0.9559019159718031,315,0.2743169873014542,0.20777014376742328,0.04013267470610799,0.21571777634613193,0.22061622137194198,0.04144619650694065,0.4,0.2,False,False,0.0,0
H,1835086400,130,315,0.9884774750498225,0.9907247513016324,0.048466650328976416,0.9884774750498225,0.7876976817387086,0.456,0.8055431273770925,0.7032780060588671,0.9036667376494978,0.9661174847201713,323,0.12279999940071024,0.17829007387008375,0.18052031947072428,0.2819694612504424,0.21744630580124785,0.018973840206791576,0.4,0.4,False,False,0.0,0
H,1835086400,131,323,0.9806593620016237,0.9913687627164497,0.036042938085207865,0.9806593620016237,0.7710862869771337,0.526,0.8070288195426045,0.6948140123969283,0.913300063884548,0.9426837838365071,323,0.021248833012556215,0.31908475828917726,7.488369457058336e-06,0.19662055550578797,0.4615932339865583,0.0014451308364631487,0.6,0.4,False,False,0.0,0
H,1835086400,132,323,0.9919537614103489,0.9919537625045063,0.16417815784975612,0.9919537614103489,0.7951286333430808,0.0,0.8058359213402811,0.6951738862272653,0.9148196112406972,0.9429992792772717,328,0.12625718062729185,0.18606376483266973,0.05651668031634057,0.264123004580424,0.26424776872302014,0.10279160092025355,0.0,0.0,False,False,0.0,0
H,1835086400,133,328,0.9923812564893627,0.9924014869677601,0.08597432389200955,0.9923812564893627,0.768770875566901,0.256,0.8097355331717454,0.6866337724738886,0.9233376501166275,0.9183778873873363,317,0.015232256974831734,0.27482019873629965,0.03214458766193793,0.24405330815152995,0.3167639501993076,0.11698569827609319,0.4,0.2,False,False,0.0,0
H,1835086400,134,317,0.9898267940852765,0.9898267974422035,0.15523749804600923,0.9898267940852765,0.7780045383452594,0.014000000000000002,0.8024692032332913,0.6888000743952559,0.9259431870962361,0.9270015717745983,321,0.14372488181327234,0.14968797441050186,0.0458187483103119,0.2737925101569316,0.2746965099563568,0.11227937535262558,0.2,0.0,False,False,0.0,0
H,1835086400,135,321,0.9887800786750688,0.9887802101210357,0.1260349456979942,0.9887800786750688,0.7659574701225473,0.126,0.7988453634938998,0.6891244910851121,0.9065165732698813,0.9516104826354391,323,0.12205525512023759,0.16783237227184,0.008535126749245212,0.4055019561478393,0.16583852441634403,0.1302367652944939,0.6,0.0,False,False,0.0,0
H,1835086400,136,323,0.9905543575171954,0.992928708659363,0.04804649250996014,0.9905543575171954,0.7858321296667817,0.456,0.7976905224443687,0.6929528949414522,0.9095947200444926,0.9550395361307739,327,0.16605785513244645,0.191406997071188,0.03268154152472569,0.29531478198456007,0.26864902050799705,0.04588980377908282,0.4,0.4,False,False,0.0,0
H,1835086400,137,327,0.9896662498162927,0.9898061725475237,0.07055949014691558,0.9896662498162927,0.7756543863353339,0.326,0.7983640694539585,0.6943505498200747,0.9062340659321468,0.9597042475879566,327,0.138066245321189,0.20056330644696468,0.1718512236835221,0.20756424434859547,0.2379940894605174,0.04396089073921137,0.6,0.2,False,False,0.0,0
H,1835086400,138,327,0.9900377284769455,0.9911852403551473,0.05382049809919991,0.9900377284769455,0.7793413522369702,0.42400000000000004,0.8020921068822223,0.694634348911081,0.9061092331128842,0.9557657345901338,328,0.1250165822751257,0.1761644837018949,0.08362025884963968,0.23625490954766998,0.2524928688697598,0.12645089675590998,0.8,0.2,False,False,0.0,0
H,1835086400,139,328,0.9893713439095208,0.9893757308356554,0.09811748141240037,0.9893713439095208,0.7838799032568516,0.2,0.8010400096191836,0.6876668666339696,0.9121357579505451,0.9411620558155273,330,0.03455293960553253,0.17929757247513253,0.12041720685009032,0.33122188022091414,0.283187240744747,0.051323160103583385,0.0,0.2,False,False,0.0,0
H,1835086400,140,330,0.9873329787177045,0.9873353119812888,0.1031267276031357,0.9873329787177045,0.774632006615856,0.2,0.8032550616327047,0.6931930834925545,0.9081075981990139,0.9503059324285235,328,0.18636950237854213,0.24580481707163102,0.043910783090653514,0.20907705654645545,0.23592708021761644,0.0789107606951014,0.0,0.2,False,False,0.0,0
H,1835086400,141,328,0.9937782727906532,0.9940129237503651,0.0664778207152829,0.9937782727906532,0.7489401796083207,0.35,0.8066934002097594,0.7067584114309532,0.8845608432954313,0.990455051753642,317,0.2903122764128298,0.3002102631854872,0.010734051464005025,0.23319038376908394,0.13632002458159376,0.029233000587000173,1.0,0.0,False,False,0.0,0
H,1835086400,142,317,0.9918806500529441,0.9929801551452466,0.05417508036622675,0.9918806500529441,0.7348313522499624,0.41400000000000003,0.8096139630929436,0.7063026889067346,0.893265544371693,0.9766350075351916,312,0.12352747559161362,0.19578159930895175,0.04057237997984038,0.18727859312956258,0.28580392702902424,0.16703602496100758,0.2,0.4,False,False,0.0,0
H,1835086400,143,312,0.9757878520608223,0.9869374531412682,0.03568663157670912,0.9757878520608223,0.7197959062428771,0.526,0.8125882907313776,0.6998794041954969,0.8962044520618275,0.9610490560824826,309,0.04864812167623738,0.17709946245299535,0.18927701485932094,0.3135036116789024,0.2613273106365187,0.010144478696025328,0.6,0.4,False,False,0.0,0
H,1835086400,144,309,0.9905897713984287,0.9905900606806026,0.11977054174279847,0.9905897713984287,0.7315712771829047,0.126,0.8102536153214199,0.6949552775034642,0.8972350455039749,0.955937835866866,310,0.06337304397177722,0.19616445185743944,0.14810056166021107,0.2978364812203188,0.2532551932416508,0.04127026804860283,0.6,0.0,False,False,0.0,0
H,1835086400,145,310,0.9910750344922749,0.9918817213524938,0.05663134511038443,0.9910750344922749,0.7412213915869332,0.4,0.8068565513783392,0.6998670646390042,0.8866359538146271,0.9783041331753833,315,0.183244387633914,0.22223519799616617,0.10542937865334599,0.2711695128338789,0.1956220643052483,0.022299458577446606,0.0,0.4,False,False,0.0,0
H,1835086400,146,315,0.9913959269113854,0.9913982863593788,0.10307058458766644,0.9913959269113854,0.7451467920884574,0.2,0.8096054365761896,0.6939875937038098,0.8963887611892205,0.9562729874591885,313,0.05142352870944735,0.24715767978037395,0.058834780244899014,0.293341394388911,0.29208201378028054,0.057160603096087954,0.0,0.2,False,False,0.0,0
H,1835086400,147,313,0.937502821496856,0.9894413282292106,0.02345897785410135,0.937502821496856,0.7228087221913763,0.614,0.8076471231803266,0.7031887113299597,0.9000558236537652,0.9673436684480038,315,0.2362562163917555,0.1647121514904448,0.03570814074829658,0.27011640042649554,0.2665296929173337,0.026677398025673947,0.2,0.6,False,False,0.0,0
H,1835086400,148,315,0.9917368219015831,0.9917440801421097,0.09412854661509924,0.9917368219015831,0.7394248540277032,0.22400000000000003,0.8088867482276835,0.7039638575620343,0.8926190064168318,0.9749818070590675,305,0.13668227248215636,0.2018317573497871,0.031583920292172336,0.2925838859521338,0.21284382564221532,0.12447433828153505,0.8,0.0,False,False,0.0,0
H,1835086400,149,305,0.9913304445092368,0.9913342861591921,0.0991897390509128,0.9913304445092368,0.730979737678063,0.21400000000000002,0.8074027728206269,0.7002143017342854,0.9016808237019315,0.961806940875441,303,0.08060796312941144,0.37263228099780316,0.03192716356901031,0.22307226131645824,0.2916185896339141,0.00014174135340288071,0.2,0.2,False,False,0.0,0
H,1835086400,150,303,0.993505441340072,0.9935054435337772,0.15865351262984626,0.993505441340072,0.7527938191524336,0.0,0.805797813958072,0.7043387759655882,0.9115127413317383,0.958942947947696,315,0.17668986647521334,0.1853189077744626,0.1272531078194173,0.1392903414829225,0.36189227801504265,0.0095554984329415,0.0,0.0,False,False,0.0,0
H,1835086400,151,315,0.9890519140555276,0.9890576188387352,0.09602399938849512,0.9890519140555276,0.762166433471053,0.2,0.7947438646675193,0.7048662619434535,0.9203614671985645,0.9636539638126659,321,0.1343053097018082,0.1505543761711896,0.04286293872501183,0.24680887197027968,0.3193765270879761,0.10609197634373461,0.0,0.2,False,False,0.0,0
H,1835086400,152,321,0.993104408411791,0.9931082622957945,0.09917866151103817,0.993104408411791,0.7619833480334407,0.2,0.8025265360601709,0.6962689516686815,0.9283253204787081,0.934582041634424,318,0.02057503528000926,0.23402740419984044,0.03385227887295595,0.23712438941942937,0.33182264069748774,0.14259825153027728,0.0,0.2,False,False,0.0,0
H,1835086400,153,318,0.9917719336485831,0.9917719423386463,0.1476818661995853,0.9917719336485831,0.7600292440407391,0.014000000000000002,0.8056491733415447,0.6887987412225057,0.9354927884308373,0.9139152727339082,315,0.02929046421572799,0.17935048516713767,0.0691544812165287,0.34051204033365484,0.3473541891564532,0.03433833991049762,0.2,0.0,False,False,0.0,0
H,1835086400,154,315,0.9901002630726361,0.9903985278351515,0.0645393417261636,0.9901002630726361,0.774296526317657,0.35,0.8062426446208586,0.6795783335085305,0.9366850189650417,0.8998708510790908,323,0.0027441168393756393,0.22321448286657625,0.11217404250102432,0.37403714920025294,0.2737075468864407,0.01412266170633013,1.0,0.0,False,False,0.0,0
H,1835086400,155,323,0.989353544513628,0.9893535581175155,0.1440949226477722,0.989353544513628,0.7747842729874684,0.05600000000000001,0.8052437919416296,0.6770806021477217,0.9315013869151818,0.9026709801627543,328,0.08101481643272232,0.3246626695828732,0.09551558135010041,0.2320505913465984,0.2424243492332212,0.02433199205448447,0.4,0.0,False,False,0.0,0
H,1835086400,156,328,0.9941516095380332,0.9941551548788884,0.09985129395848338,0.9941516095380332,0.8015603981915775,0.21400000000000002,0.7974310851591252,0.6866732360840626,0.9348354427369071,0.9211318301685436,335,0.2305833005465881,0.1494052307526602,0.06653664766404138,0.2461122231489504,0.2824209725662173,0.02494162532154254,0.2,0.2,False,False,0.0,0
H,1835086400,157,335,0.9915278351879941,0.9917232387804029,0.06791641222765557,0.9915278351879941,0.7934404925053794,0.35,0.7965585453464795,0.688502603035009,0.9413518984632164,0.9181970279947519,329,0.13953785943936942,0.16164629334990535,0.07645521528036218,0.254263371727058,0.3283438483210117,0.03975341188229347,1.0,0.0,False,False,0.0,0
H,1835086400,158,329,0.9905028887089056,0.9914136167351291,0.05566196087343808,0.9905028887089056,0.7724608807454865,0.4,0.7977280770619694,0.6875380134366538,0.9258325866162479,0.9309135986839634,324,0.10575675691744058,0.2737016962629659,0.11752220206641578,0.2766180209454301,0.19307938999676574,0.033321933810981794,0.0,0.4,False,False,0.0,0
H,1835086400,159,324,0.9904474193481115,0.9913394659143037,0.05582634579212567,0.9904474193481115,0.7699726612503615,0.41400000000000003,0.7975924507192796,0.6880427847086343,0.9145302188107838,0.9432707113795351,325,0.12352089929766523,0.19921423968726595,0.039372812959652115,0.34108656952281674,0.20640445428080345,0.09040102425179657,0.2,0.4,False,False,0.0,0
H,1835086400,160,325,0.990236853526206,0.9902368708884217,0.14216023982644893,0.990236853526206,0.777932004863386,0.05600000000000001,0.7980019729153395,0.689610932870672,0.8993407142064077,0.9608949658087164,333,0.13712859246836773,0.30370703107727187,0.06743605486940073,0.25206493274539227,0.18131758638351167,0.05834580245605565,0.4,0.0,False,False,0.0,0
H,1835086400,161,333,0.9907316535718608,0.9907339889006108,0.10314703896897107,0.9907316535718608,0.7901950794945011,0.2,0.7953680648833762,0.7031745910817129,0.8915194798605464,0.9916631672446161,340,0.2880525606821806,0.2481119965247603,0.04149241924878969,0.19513336295774356,0.21056418537389715,0.01664547521262883,0.0,0.2,False,False,0.0,0
H,1835086400,162,340,0.992165129819021,0.9921688350987927,0.09948413981531905,0.992165129819021,0.7845768859054562,0.21400000000000002,0.79825347529912,0.6990644863700167,0.9023675318744917,0.9704942380928131,334,0.07560781052986809,0.2169784978365217,0.10874983531901247,0.24319293366527553,0.34816115267487413,0.007309769974448072,0.2,0.2,False,False,0.0,0
H,1835086400,163,334,0.9926337264652663,0.9927361516945532,0.07306622179621597,0.9926337264652663,0.7975655047381656,0.326,0.7996156844213336,0.6999382933963344,0.9121307786870425,0.9596687200117698,339,0.13533789181023084,0.19214646539208363,0.03758715936557401,0.19198207941333517,0.4250913100458937,0.017855093972882652,0.6,0.2,False,False,0.0,0
H,1835086400,164,339,0.9908134264438819,0.9911775718195527,0.0629569956159193,0.9908134264438819,0.7774424771698145,0.35,0.8055257762417156,0.6979120322668818,0.9100229948484706,0.9520699927190399,329,0.09963316925455165,0.21358030358079438,0.10029088567346213,0.2574766079727562,0.24552647015066173,0.08349256336777397,1.0,0.0,False,False,0.0,0
H,1835086400,165,329,0.9904751982811115,0.9904801544641268,0.09715517644131771,0.9904751982811115,0.8031795566493652,0.22400000000000003,0.8013688170409607,0.6985348471447035,0.9127333666463694,0.9550183357998028,338,0.13148020613957193,0.16529099799187535,0.07403311293697155,0.3425794184823635,0.2685633564137294,0.018052908035488185,0.8,0.0,False,False,0.0,0
H,1835086400,166,338,0.9879451925070043,0.9885571798780041,0.058803383188043346,0.9879451925070043,0.7813448266782506,0.4,0.7998555952622324,0.6966108299603688,0.9214600299817325,0.945153034819924,330,0.10003406466125662,0.15983187147485173,0.11419630372372608,0.21986283965622921,0.30763117005813,0.0984437504258063,0.0,0.4,False,False,0.0,0
H,1835086400,167,330,0.9923696799341561,0.9924879582859913,0.07191871538477673,0.9923696799341561,0.7920480764713178,0.326,0.8029208597175805,0.6873456969112959,0.9210574249611433,0.9294280371783299,334,0.007067605611818312,0.1985864646088184,0.22819969228782233,0.28261279254023347,0.25871698988792,0.024816455063387335,0.6,0.2,False,False,0.0,0
H,1835086400,168,334,0.9901279549555188,0.9901441017667707,0.08775093663946028,0.9901279549555188,0.7648989390137354,0.256,0.8105607448947748,0.6986505923752554,0.8873772263568025,0.9713286206368572,328,0.2584022538690533,0.18909927737679835,0.09710029919980245,0.2326615833446868,0.09212771945886757,0.13060886675079153,0.4,0.2,False,False,0.0,0
H,1835086400,169,328,0.9911155655291196,0.9913141641262826,0.06778402712674214,0.9911155655291196,0.7425481751726604,0.35,0.8124045785409797,0.7054235840497527,0.8911814361638363,0.9743421296909014,316,0.20881901616575047,0.172776140161159,0.08050313931324847,0.2036423443233276,0.26270966221356995,0.07154969782294453,1.0,0.0,False,False,0.0,0
H,1835086400,170,316,0.987628990170228,0.9876291273477262,0.12568593900919783,0.987628990170228,0.7389461322773483,0.126,0.8110535170532741,0.6999677187216589,0.8937937095478066,0.9655865459470928,317,0.060191423429922855,0.18197577023085262,0.15924870205432937,0.24866430229563724,0.25865208500176934,0.09126771698748867,0.6,0.0,False,False,0.0,0
H,1835086400,171,317,0.9863177304953925,0.9864689268469511,0.06991578837472502,0.9863177304953925,0.7353967283966417,0.35,0.8099199361246543,0.70778299374775,0.9044143385930259,0.9662524211731766,320,0.22267076202717562,0.21853878258258666,0.04329560558842387,0.09796180472419302,0.3733574198854603,0.04417562519216056,1.0,0.0,False,False,0.0,0
H,1835086400,172,320,0.9915814994593752,0.9915956928695042,0.08878900818321574,0.9915814994593752,0.7320580137067962,0.256,0.8090016451536862,0.7043805125219312,0.9066499958468075,0.9603250632560145,318,0.08733335576960971,0.18762687255587418,0.037303082382636056,0.22625274955211572,0.2633854555654209,0.19809848417434334,0.4,0.2,False,False,0.0,0
H,1835086400,173,318,0.9874339305953712,0.987433934705268,0.1536073357080951,0.9874339305953712,0.734515703399725,0.014000000000000002,0.8113950612603018,0.6946019068121586,0.9159849962621267,0.9345773495151738,322,0.005505248954049168,0.22630303928245776,0.074270660605169,0.20967130712600368,0.4771355996766711,0.007114144355649397,0.2,0.0,False,False,0.0,0
H,1835086400,174,322,0.9560045499149168,0.992863792173826,0.026216404173403197,0.9560045499149168,0.729535065639897,0.614,0.811829461550193,0.6889741519029795,0.924386496635914,0.9180884593490252,326,0.05127925539286027,0.21242888957982772,0.038657990442260766,0.30526210311697666,0.36975986929990295,0.02261189216817153,0.2,0.6,False,False,0.0,0
H,1835086400,175,326,0.9883488863255988,0.9883488870790775,0.1671185965191945,0.9883488863255988,0.7623717154888597,0.0,0.8165999585423195,0.695275894281997,0.9109320236626287,0.9346776305044935,327,0.1968806246770811,0.19396905948425638,0.07165028009121877,0.2602861051033643,0.19492088345153039,0.08229304719254923,0.0,0.0,False,False,0.0,0
H,1835086400,176,327,0.9917768194562196,0.9917787447639241,0.10469225543752395,0.9917768194562196,0.7661246654247919,0.2,0.8160517866890726,0.6897408794312252,0.9198388212963658,0.9188751606116807,325,0.052859748291600235,0.26482688676925414,0.04331061911066496,0.25992594766047433,0.30848788656739,0.07058891160061637,0.0,0.2,False,False,0.0,0
H,1835086400,177,325,0.9901195863903155,0.9907146018366961,0.059044607671411654,0.9901195863903155,0.7592818984432818,0.41400000000000003,0.8185889800400143,0.6880712401044907,0.9278549391667292,0.905914952458088,319,0.09771755806033489,0.21836131986985866,0.04924216902847475,0.24378490399535882,0.38355108522325115,0.0073429638227217675,0.2,0.4,False,False,0.0,0
H,1835086400,178,319,0.9914359627833021,0.9914360664367996,0.12794715215645758,0.9914359627833021,0.7787626896534952,0.126,0.8129432151661926,0.6942509683621578,0.9350694452500563,0.9132978123704917,326,0.19479112828614553,0.15893039555918004,0.009953150257072935,0.20524167513261968,0.4196740710343859,0.011409579730595863,0.6,0.0,False,False,0.0,0
H,1835086400,179,326,0.9900582623893475,0.9900676730500748,0.09204780282435909,0.9900582623893475,0.7648289931221977,0.21400000000000002,0.8109218150861348,0.6963997177258888,0.9415625007250507,0.9120747838316697,323,0.14826622227298655,0.18605415211275955,0.10506903487805201,0.17169556473072797,0.3657736727977367,0.023141353207737275,0.2,0.2,False,False,0.0,0
H,1835086400,180,323,0.9911957121777638,0.9922243277592206,0.05469952910572568,0.9911957121777638,0.8000496191069678,0.41400000000000003,0.808106291064927,0.7017599727473717,0.9474062506525456,0.9166084565063299,331,0.18975301134721564,0.18285069576168908,0.006106216931029057,0.2641789350037704,0.3259413498621241,0.031169791094171877,0.2,0.4,False,False,0.0,0
H,1835086400,181,331,0.9881537872000885,0.9898323747395081,0.050781958345825134,0.9881537872000885,0.8171664962056246,0.41400000000000003,0.8104162972010843,0.695297456442816,0.9526656255872911,0.9005793397176934,336,0.04531852916016119,0.2811184529538032,0.01221668248200182,0.2907550407365979,0.3434453098094099,0.02714598485802609,0.2,0.4,False,False,0.0,0
H,1835086400,182,336,0.987546908630053,0.9890080575446805,0.05187962485428022,0.987546908630053,0.8069384699402815,0.41400000000000003,0.8129147899299253,0.6975527455740691,0.9467226427520561,0.9063778070262372,329,0.15025202441742377,0.24038946212787812,0.007186506568974364,0.3115065584758068,0.24661789861747044,0.04404754979244652,0.2,0.4,False,False,0.0,0
H,1835086400,183,329,0.9932674752307525,0.9933745475222158,0.07271814120854041,0.9932674752307525,0.8109035796051116,0.326,0.8148500052822378,0.6964425499218899,0.9520503784768505,0.8977340426824193,324,0.10959302033155326,0.1592602114427254,0.05239163600857661,0.29743448063561584,0.3355726041709656,0.045748047410563375,0.6,0.2,False,False,0.0,0
H,1835086400,184,324,0.9907503722698962,0.9907709703797731,0.08581788158233296,0.9907503722698962,0.834340104938427,0.256,0.8103787592920251,0.7037277480141373,0.9356034016779393,0.9281642445514459,336,0.21384156985427313,0.16970280865855397,0.012293285600613808,0.3479266815068057,0.19379030524386928,0.06244534913588412,0.4,0.2,False,False,0.0,0
H,1835086400,185,336,0.9897783056248105,0.9899963804643803,0.06702875267798256,0.9897783056248105,0.822423762594635,0.35,0.8104812728909343,0.7006700124587898,0.9420430615101454,0.9176980126134375,337,0.08910814806699197,0.19787110097296232,0.18864068365809816,0.16481690763711673,0.33396984130926216,0.02559331835556865,1.0,0.0,False,False,0.0,0
H,1835086400,186,337,0.9890496172573842,0.991611615166293,0.04743045797486664,0.9890496172573842,0.8081268290114982,0.456,0.8068896212872915,0.6986296137110338,0.9478387553591309,0.9134786452487194,329,0.09991377343979366,0.1849756788305813,0.023303326992307853,0.32185767576306457,0.3298360050449179,0.040113539929334766,0.4,0.4,False,False,0.0,0
H,1835086400,187,329,0.9912235535505697,0.991228138425073,0.09778106157466568,0.9912235535505697,0.8183993317831757,0.2,0.7992759843546622,0.6996675905311033,0.9530548798232178,0.9184956079112768,331,0.13711821882026487,0.15527639414689684,0.055545851034352105,0.26991553354444736,0.3343925241824496,0.047751478271589175,0.0,0.2,False,False,0.0,0
H,1835086400,188,331,0.9884668424698794,0.9885977510329849,0.07107983746067784,0.9884668424698794,0.8324903494076092,0.326,0.8032772895369011,0.7035867073674149,0.9525769055370417,0.9195007526169182,335,0.17378120453583557,0.27552159158157435,0.022344831788472054,0.23415627902194164,0.2741375684807281,0.02005852459144821,0.6,0.2,False,False,0.0,0
H,1835086400,189,335,0.9908983025295225,0.9908987520427276,0.11626451825362749,0.9908983025295225,0.820233090833448,0.126,0.8042219916885388,0.6953459743260456,0.9573192149833375,0.9031673387751791,331,0.02423252908751793,0.24586804406625765,0.1717766527913187,0.24423909550264883,0.31373986900101564,0.00014380955124130445,0.6,0.0,False,False,0.0,0
H,1835086400,190,331,0.9918559666587762,0.992167634953047,0.06420363956090956,0.9918559666587762,0.8272446175108384,0.326,0.8006861131424866,0.6994217843279859,0.9564560917638629,0.913296558077362,331,0.17303885897803178,0.1559668077956013,0.004670286877404677,0.35280279680341126,0.2743439913942958,0.03917725815125525,0.6,0.2,False,False,0.0,0
H,1835086400,191,331,0.9903803415427627,0.9903871264901538,0.09465440287094051,0.9903803415427627,0.813391606691609,0.22400000000000003,0.8031421618891297,0.693777769388069,0.9608104825874766,0.8990632001037822,328,0.054088428456029986,0.20118901494708533,0.022493903633559464,0.22112206962752912,0.4579666185313469,0.043139964804449184,0.8,0.0,False,False,0.0,0
H,1835086400,192,328,0.9901676179131399,0.9901676204381128,0.15750723296178631,0.9901676179131399,0.7771764079394062,0.0,0.8073873779447213,0.6928637546118617,0.9447615057325773,0.9083300824289999,318,0.10968592116495067,0.21762707406733814,0.15088082180134152,0.23709346470492343,0.20016035701924215,0.08455236124220405,0.0,0.0,False,False,0.0,0
H,1835086400,193,318,0.9885776475741588,0.9887299752335459,0.06987467393964222,0.9885776475741588,0.7667090666970529,0.35,0.8065118816236364,0.7063206401835679,0.9335462385685003,0.9381133021370676,316,0.2887509162787413,0.1802001484277458,0.04680908275992952,0.1927171621348837,0.21630441704590328,0.07521827335279631,1.0,0.0,False,False,0.0,0
H,1835086400,194,316,0.9895349519962958,0.9895384928971773,0.09982421780327548,0.9895349519962958,0.7852045814540122,0.2,0.8028789055351628,0.7030975585252176,0.9364217865188873,0.9351774647198876,323,0.08866187938535137,0.15631418070388753,0.03884286230192521,0.2670920302178415,0.281150859036185,0.16793818835480956,0.0,0.2,False,False,0.0,0
H,1835086400,195,323,0.9874583255222324,0.9874588178361365,0.11551285738461424,0.9874583255222324,0.7894934471575817,0.126,0.799610792586981,0.6955989290009473,0.9358882159482841,0.9295147342232151,328,0.03320310502488304,0.22004004485460207,0.0754621711190016,0.3016231717164996,0.26554304040642757,0.10412846687858596,0.6,0.0,False,False,0.0,0
H,1835086400,196,328,0.9908570219108318,0.9923182971993095,0.05190553454447116,0.9908570219108318,0.7914047906661464,0.4,0.8018412617480979,0.6893448042427216,0.9344616641766021,0.9199974348684883,328,0.04407277114777079,0.1694968557004028,0.03513581874811818,0.3754454739837947,0.2608113491157326,0.11503773130418081,0.0,0.4,False,False,0.0,0
H,1835086400,197,328,0.9918577049458603,0.9918860826705803,0.08327638636253533,0.9918577049458603,0.8020220552920353,0.256,0.8044290098123952,0.6909650156081949,0.9320965280030611,0.9215256856911992,330,0.13859314472011722,0.2178476698647396,0.06525820086500385,0.26051255502721926,0.25540515122059587,0.06238327830232407,0.4,0.2,False,False,0.0,0
H,1835086400,198,330,0.989712790997715,0.9897129887494266,0.12279142629109756,0.989712790997715,0.788066444259692,0.126,0.8062994546848211,0.6952350785288531,0.9188559060950922,0.9383997844396947,325,0.1727289212633504,0.2133972882853315,0.09103799775120429,0.3146673606337046,0.19984515446168566,0.008323277604723725,0.6,0.0,False,False,0.0,0
H,1835086400,199,325,0.9918310529400732,0.9918353772279833,0.09825172231986784,0.9918310529400732,0.7976793063041882,0.2,0.8080840014464248,0.7009235918157657,0.9082470540335517,0.9550149524611512,327,0.1931283401669395,0.21902136531834898,0.04826349524876465,0.31522669683964605,0.20638369273984333,0.01797640968645753,0.0,0.2,False,False,0.0,0
H,1835086400,200,327,0.989342847464118,0.9900282829329509,0.05791300354757362,0.989342847464118,0.8114714860388695,0.41400000000000003,0.8036125901120533,0.6977102315258615,0.9174223486301964,0.9463658148792693,332,0.08541024126105098,0.17387915839794843,0.08920188788929881,0.32780098937450874,0.30158782090527503,0.022119902171918202,0.2,0.4,False,False,0.0,0
H,1835086400,201,332,0.9876754988977055,0.9876755135117637,0.14351124295394113,0.9876754988977055,0.8087597903534487,0.05600000000000001,0.8055854803379406,0.7016542777460568,0.9190928005788657,0.9476591998540679,333,0.17286947245610434,0.16333518220607388,0.05864043308719328,0.19162164800390302,0.26706343405844457,0.14646983018828105,0.4,0.0,False,False,0.0,0
H,1835086400,202,333,0.9893691591940799,0.9914702099115872,0.04900820226156657,0.9893691591940799,0.8175516607197566,0.456,0.8047910585561758,0.7125120918142758,0.925274615326656,0.9568380753775777,337,0.261756599444022,0.22191585663740718,0.06030772993835505,0.14680034178559556,0.29045547402838434,0.018763998166235855,0.4,0.4,False,False,0.0,0
H,1835086400,203,337,0.9908165819510752,0.9908165841631172,0.15856567985711106,0.9908165819510752,0.8233257602880556,0.014000000000000002,0.8024156555554188,0.7133290393606915,0.9327471537939904,0.95307390420341,335,0.14303190171411906,0.173069314326362,0.050842295024811655,0.26062038478461064,0.30178813793400605,0.07064796621609055,0.2,0.0,False,False,0.0,0
H,1835086400,204,335,0.9919061550991959,0.9919136487606083,0.09387582136022082,0.9919061550991959,0.7948705954474965,0.22400000000000003,0.8060456647558512,0.726719054694861,0.9271701375658609,0.9724056324820196,326,0.3007058412775503,0.21762003958584528,0.04582916783563535,0.1315205155934936,0.23848849575634748,0.06583593995112814,0.8,0.0,False,False,0.0,0
H,1835086400,205,326,0.9923550178769308,0.9923677110283508,0.08968446448102986,0.9923550178769308,0.7748035938032971,0.256,0.8063646233036174,0.7172632987155855,0.9223975273182602,0.9643374056357605,320,0.023502459443344597,0.21387964491335776,0.06985458618819518,0.3537191445082551,0.23972201754492714,0.09932214740192023,0.4,0.2,False,False,0.0,0
H,1835086400,206,320,0.9946118240550114,0.9946173399800858,0.09633660025899557,0.9946118240550114,0.7660159211143318,0.21400000000000002,0.8054702133532842,0.7065962367270019,0.9301577745864342,0.9431162221472221,321,0.0024512868399464587,0.33324023655111856,0.026998680622686153,0.19635931355363687,0.3631633803445235,0.07778710208808837,0.2,0.2,False,False,0.0,0
H,1835086400,207,321,0.9903500673614513,0.9920756850472762,0.05058002249732617,0.9903500673614513,0.7585731646910283,0.42400000000000004,0.8069934108707242,0.710066564017154,0.9309742831008494,0.9451296543525373,319,0.17250173908127725,0.17896141914000258,0.04335166207830317,0.20192082509585835,0.2691614298652929,0.13410292473926586,0.8,0.2,False,False,0.0,0
H,1835086400,208,319,0.9910380970888064,0.9912852630148488,0.06604233611009508,0.9910380970888064,0.76020416569679,0.35,0.8039280334239505,0.7058305878587557,0.9225013892995395,0.95173550916887,322,0.07834190053074346,0.20015170419038952,0.11189196554475389,0.3245809652609525,0.22312267254387522,0.061910791929285516,1.0,0.0,False,False,0.0,0
H,1835086400,209,322,0.9890086529247316,0.989009071781493,0.11681159327224452,0.9890086529247316,0.7521250005432372,0.126,0.8004977659014839,0.7163101717533024,0.903446364234687,0.9904638279606953,323,0.2596389160935552,0.2063067754963281,0.07582238156263628,0.22642272699436863,0.16597556932550742,0.06583363052760428,0.6,0.0,False,False,0.0,0
H,1835086400,210,323,0.9907819509266887,0.9907867810410187,0.09736273761471935,0.9907819509266887,0.7614844491975087,0.21400000000000002,0.8002226762412225,0.7183420305983204,0.903463188121925,0.9935962922309388,323,0.16059209290853943,0.18726859445943586,0.07300256477660913,0.2648250803315775,0.25180730155353326,0.06250436597030487,0.2,0.2,False,False,0.0,0
H,1835086400,211,323,0.9909791346227947,0.9917687460033714,0.056800741522698664,0.9909791346227947,0.7470762237090676,0.4,0.8085497282363718,0.7191343003680146,0.9087537373985529,0.9787168338784228,311,0.14636714124512915,0.1751873837412962,0.08302777939782131,0.23997197878761622,0.2781843404441017,0.07726137638403544,0.0,0.4,False,False,0.0,0
H,1835086400,212,311,0.9882967518548311,0.9882985606874705,0.10516101558453388,0.9882967518548311,0.7530532627711922,0.21400000000000002,0.8075005559700636,0.7121999532995492,0.8973012346251131,0.9829260509521851,319,0.050279599374191714,0.2109088891598536,0.1441061581395946,0.33897619942805407,0.1971143548320777,0.05861479906622822,0.2,0.2,False,False,0.0,0
H,1835086400,213,319,0.9869732453972857,0.9869811094809289,0.0934520774613653,0.9869732453972857,0.7584910466729482,0.22400000000000003,0.8108475118179281,0.7195929316774327,0.9075711111626018,0.9778382847955798,318,0.2250372005357607,0.19205158611579906,0.026175085535881513,0.17977714203155165,0.33054168901343617,0.04641729676757088,0.8,0.0,False,False,0.0,0
H,1835086400,214,318,0.9868883009572683,0.9884318018630369,0.05143853379478496,0.9868883009572683,0.7653966481634371,0.41400000000000003,0.8061205760388274,0.7333421484331061,0.8788662864117333,1.0351036377614569,324,0.3091107917443132,0.22115301887625696,0.03443150287372105,0.27389185732748506,0.11026143182695833,0.0511513973512655,0.2,0.4,False,False,0.0,0
H,1835086400,215,324,0.9858745256609184,0.9858764866610245,0.10449852501918189,0.9858745256609184,0.7480726089567207,0.21400000000000002,0.8147069491155451,0.7280491795843348,0.8740153880978722,1.0224456160766764,315,0.07967673216104983,0.1766674374959439,0.14558996437059984,0.3183045365741345,0.21517865163656127,0.06458267776171046,0.2,0.2,False,False,0.0,0
H,1835086400,216,315,0.9868173175875232,0.986817436341726,0.12682739516549146,0.9868173175875232,0.7403654593276722,0.126,0.8174772161600269,0.7279808050299631,0.8686217207596733,1.0252117754583558,310,0.1416760553105635,0.2007933761010823,0.05172633441391183,0.2975151413811638,0.21003935735794133,0.09824973543533737,0.6,0.0,False,False,0.0,0
H,1835086400,217,310,0.9917503385926958,0.9917520186842165,0.10577650190561357,0.9917503385926958,0.7504782652782399,0.2,0.8248873251336649,0.7179023317233832,0.8773140073722548,0.9920091317585217,309,0.016507086811479537,0.1861940858137701,0.022692212317355024,0.31608944020180363,0.27777229344274446,0.18074488141284734,0.0,0.2,False,False,0.0,0
H,1835086400,218,309,0.988129869650643,0.9881298703190847,0.1680700637040221,0.988129869650643,0.7444488950337825,0.0,0.8290683962920182,0.7118854162700861,0.8825280936377556,0.9729515100767795,305,0.0609775141608995,0.1872706658118571,0.14185266850217768,0.2731066631331012,0.2647274350136315,0.07206505337833294,0.0,0.0,False,False,0.0,0
H,1835086400,219,305,0.9905229616366567,0.9905841105025247,0.07715492709028232,0.9905229616366567,0.7621850889068693,0.326,0.8363813315993801,0.7145398676163175,0.8942752842739801,0.9553244799187761,306,0.16560902699669666,0.26062871865585013,0.02250608559705335,0.2154903690015048,0.3356244965875681,0.00014130316132693397,0.6,0.2,False,False,0.0,0
H,1835086400,220,306,0.9895670875177288,0.9899182645067278,0.06323553065043182,0.9895670875177288,0.7755059127194861,0.4,0.8291694244635489,0.7143147607367013,0.902027005301614,0.9550515319779431,313,0.1312735812649955,0.24574762662855182,0.0741214962672969,0.22892298465418418,0.2858962472751596,0.034038063909812045,0.0,0.4,False,False,0.0,0
H,1835086400,221,313,0.9916032705594332,0.9916032714660641,0.16567187422010582,0.9916032705594332,0.7811342556081602,0.0,0.8303596171571448,0.7077215913025826,0.9106789336245293,0.9359032060807888,312,0.051532107533954014,0.2269399388892639,0.043082462919568056,0.3086653646508983,0.29427314426538387,0.07550698174093191,0.0,0.0,False,False,0.0,0
H,1835086400,222,312,0.9915660002605216,0.99267471181355,0.05410625703598528,0.9915660002605216,0.7958870631967566,0.41400000000000003,0.8281612090428743,0.7015244368026294,0.9125405876237859,0.9282730232183977,319,0.05236156331469971,0.176169486150971,0.02801572057754223,0.27422417119669523,0.2646477368085472,0.20458132195154471,0.2,0.4,False,False,0.0,0
H,1835086400,223,319,0.9914326298095283,0.9914353749983492,0.10186555055232716,0.9914326298095283,0.7816534107476598,0.22400000000000003,0.8308034234698014,0.6978925734119703,0.9175209869205259,0.9155336105460132,315,0.08055448061840416,0.24565125226432874,0.11701835678729493,0.21213311276375174,0.28117229029559315,0.06347050727062736,0.8,0.0,False,False,0.0,0
H,1835086400,224,315,0.9883762984557127,0.9891961542035567,0.05648086734497252,0.9883762984557127,0.8015575923110425,0.42400000000000004,0.8112194669040362,0.7129979447413718,0.9116248009995059,0.9641259721716114,328,0.35096314064372963,0.13700670655987696,0.04757250597823853,0.2317115719305625,0.22927956385516346,0.0034665110324291204,0.8,0.2,False,False,0.0,0
H,1835086400,225,328,0.9917093543968916,0.9917156437753507,0.09526879967410358,0.9917093543968916,0.80437481822748,0.256,0.814891471033685,0.7082638485955265,0.9076956500616137,0.9575358623338185,328,0.07394751364029084,0.254904793347484,0.0009613361259188496,0.42055421975395507,0.23616664581029162,0.01346549132205967,0.4,0.2,False,False,0.0,0
H,1835086400,226,328,0.9915264877204512,0.9915265880878147,0.12820432458427955,0.9915264877204512,0.7931675541152556,0.126,0.8187146572497029,0.7022885674704993,0.9169260850554524,0.9355105837934835,325,0.05547389130936396,0.17953467561290534,0.10332622314369375,0.20041909920812304,0.3736140445963639,0.08763206612954998,0.6,0.0,False,False,0.0,0
H,1835086400,227,325,0.989182622621561,0.9893135264914509,0.07108588409916948,0.989182622621561,0.7740432547293549,0.35,0.8190275011981032,0.7139628019322065,0.909321274080144,0.9586492764085034,323,0.27235828544040264,0.23747945208936724,0.07887857381480222,0.1402709010671119,0.22043898765118386,0.05057379993713214,1.0,0.0,False,False,0.0,0
H,1835086400,228,323,0.9889613303118295,0.9907788679803929,0.05015650176358309,0.9889613303118295,0.7822486788265914,0.456,0.8189212069627015,0.7034088442258203,0.9183891466721296,0.9352742210028654,325,0.0018022798778015586,0.2883891402354268,0.0167302044317593,0.3363828442502821,0.3183127464058179,0.03838278479891219,0.4,0.4,False,False,0.0,0
H,1835086400,229,325,0.9915201269830524,0.9915312817998191,0.0907061239487939,0.9915201269830524,0.7919213313913436,0.256,0.8182063391646236,0.6960688603005749,0.9241813767786049,0.920517719050707,327,0.035380728575569814,0.21891299142982337,0.011188851280637369,0.3800648740859682,0.2881557238684414,0.06629683075955992,0.4,0.2,False,False,0.0,0
H,1835086400,230,327,0.9883099882446276,0.9919703869763973,0.04459330452340089,0.9883099882446276,0.7823077346585834,0.456,0.8088770758510935,0.7112654172855462,0.9080562179249535,0.9683590801672615,324,0.34398726622627035,0.14561447436536099,0.02994785022093944,0.2754413798870264,0.18146489412104558,0.02354413517935726,0.4,0.4,False,False,0.0,0
H,1835086400,231,324,0.9894529361222025,0.9894529392096022,0.15590072354252407,0.9894529361222025,0.7935092681376371,0.014000000000000002,0.8071369627478682,0.7147967461390161,0.9121166444514784,0.9709233591187206,328,0.17618249647184084,0.27738421658941076,1.122839658434726e-05,0.21589530417662503,0.27433024159510144,0.05619651277043759,0.2,0.0,False,False,0.0,0
H,1835086400,232,328,0.9868392780818791,0.9868707656001547,0.08240829325487929,0.9868392780818791,0.7721853045859156,0.256,0.8122965064881109,0.7116959295256594,0.9209049800063306,0.9514042233994114,317,0.0954877586699264,0.18750597996541807,0.03377788144526465,0.23171867120245557,0.30798101499307806,0.14352869372385724,0.4,0.2,False,False,0.0,0
H,1835086400,233,317,0.9879000521040742,0.9879114314931531,0.09051834745318807,0.9879000521040742,0.7792973507571438,0.22400000000000003,0.8014343161255627,0.7170914555271556,0.9288144820056975,0.9633356560202414,317,0.19975403097223945,0.13885466058146087,0.09144205536870943,0.2627239605897383,0.3008410166945863,0.00638427579326563,0.8,0.0,False,False,0.0,0
H,1835086400,234,317,0.9919006096074602,0.9919006152865514,0.15106902722689852,0.9919006096074602,0.7752634510691299,0.014000000000000002,0.8024821258251782,0.7241628592452514,0.9278525078896123,0.9725723828911178,319,0.22407470618067019,0.23065934007198421,0.013896125288508102,0.13485478262179065,0.25959737042242287,0.13691767541462402,0.2,0.0,False,False,0.0,0
H,1835086400,235,319,0.9887618386106113,0.9887989671521307,0.08111205222216487,0.9887618386106113,0.7702927166428173,0.256,0.8073273229132346,0.72358510580769,0.9350672571006511,0.9585110374416271,311,0.13287986905876506,0.1761572003105572,0.027481607472685608,0.26932131901746187,0.3214089635976457,0.07275104054288452,0.4,0.2,False,False,0.0,0
H,1835086400,236,311,0.990757257829815,0.9909569334733858,0.06773810540991576,0.990757257829815,0.7667307912962484,0.35,0.8073662774749342,0.7166258838246548,0.9415605313905859,0.9427002873723422,307,0.052750416341865836,0.2574142364536062,0.041648396367117674,0.29931484792762,0.3214557066892,0.027416396220590368,1.0,0.0,False,False,0.0,0
H,1835086400,237,307,0.9822784911923869,0.9912360200987608,0.037463760703975627,0.9822784911923869,0.7670060406200163,0.526,0.8027444028470552,0.7186166370703622,0.9391199097948062,0.9532327031579961,309,0.16027559296175184,0.1672282308248577,0.010815354064038019,0.3705071518676173,0.25857715771639406,0.03259651256534112,0.6,0.4,False,False,0.0,0
H,1835086400,238,309,0.9873480891396688,0.9879603566900118,0.058794932549858875,0.9873480891396688,0.7672302977572824,0.4,0.807764281879107,0.7112930669524894,0.9452079188153256,0.9316152278920946,305,0.04509077169556724,0.18730935495184736,0.030374104909776677,0.266565259155157,0.3064593962214699,0.16420111306618174,0.0,0.4,False,False,0.0,0
H,1835086400,239,305,0.989998422334495,0.9899987332601632,0.11919145897831386,0.989998422334495,0.7545360713219125,0.126,0.8097843189605777,0.7104414312257168,0.9351544526343206,0.938157104673863,300,0.12141272026064895,0.2733999598628781,0.09265648552487843,0.27961829645620445,0.22233662850263786,0.010575909392752283,0.6,0.0,False,False,0.0,0
H,1835086400,240,300,0.9877147719161666,0.9877147910932594,0.14134854824651627,0.9877147719161666,0.7582242283267655,0.05600000000000001,0.8079520640125244,0.7088768399016288,0.9411970097163885,0.9321904599928362,304,0.11196850296497303,0.19433600749771698,0.08131195224707465,0.21313502852109295,0.2977900117274998,0.10145849704164273,0.4,0.0,False,False,0.0,0
H,1835086400,241,304,0.9901480734059912,0.9902408673756824,0.07383225721961349,0.9901480734059912,0.727421852914592,0.326,0.8102992055535535,0.7173081945153593,0.9457367943545517,0.9360307007089312,289,0.23593995761015066,0.15858356048334413,0.05194380470510154,0.1895875450201048,0.29329742804901004,0.07064770413228885,0.6,0.2,False,False,0.0,0
H,1835086400,242,289,0.9877031388633079,0.9877031465337635,0.14864259320121134,0.9877031388633079,0.7275826317772233,0.014000000000000002,0.8183712067843778,0.7234396908017359,0.9497692685133826,0.9307517858359723,281,0.21246132515180619,0.18053161752004154,0.009281307446448228,0.28250255347948433,0.29303076797143013,0.02219242843078966,0.2,0.0,False,False,0.0,0
H,1835086400,243,281,0.9849956494849775,0.9879003302664013,0.04640133321552076,0.9849956494849775,0.7209693105217533,0.456,0.8186501539826823,0.7158137006294494,0.9432343137957587,0.9270049797832579,282,0.04432492959750405,0.18937680028739032,0.0076951385529616684,0.340156535591285,0.24220986066857195,0.17623673530228703,0.4,0.4,False,False,0.0,0
H,1835086400,244,282,0.9928340534953886,0.993544102102472,0.05766039748670498,0.9928340534953886,0.7239053831765676,0.4,0.8173943510690047,0.7106329875615827,0.9370758399138124,0.9277671490283023,285,0.07012464954507228,0.229286071539633,0.15753616943864798,0.24894456111318883,0.24082478748814745,0.05328376087531041,0.0,0.4,False,False,0.0,0
H,1835086400,245,285,0.9881979180742456,0.9883500239926979,0.06988321023299025,0.9881979180742456,0.7299797915924017,0.35,0.8079747176538767,0.7162520954725055,0.9348474284626545,0.948259923656866,289,0.20188446611252364,0.15201909106794995,0.0525632761461576,0.26771959391555766,0.25739586270111675,0.06841771005669431,1.0,0.0,False,False,0.0,0
H,1835086400,246,289,0.9915645225512787,0.9915645235495774,0.1649048721233928,0.9915645225512787,0.7334909962279783,0.0,0.8024072956041896,0.7267136780254001,0.9383446630809353,0.9651750294090057,296,0.26592734158149883,0.16449887850303596,0.10847112427319536,0.10471326915195085,0.2849098873227319,0.07147949916758703,0.0,0.0,False,False,0.0,0
H,1835086400,247,296,0.9881501977668516,0.9892529048311901,0.05412199761819619,0.9881501977668516,0.7490094570551064,0.42400000000000004,0.8070469854448536,0.7339065971329819,0.9389080334790314,0.9685430230250639,297,0.23160753761064762,0.1965419442370465,0.005155730895543761,0.2533622280181182,0.2719891835309481,0.04134337570769592,0.8,0.2,False,False,0.0,0
H,1835086400,248,297,0.9912944910121606,0.9912957576682825,0.10802130397417783,0.9912944910121606,0.7423208624916201,0.2,0.8091569712329151,0.7289490438552254,0.9294422351351148,0.9692637865177255,295,0.08422220723615714,0.16118847760096763,0.10671430830725734,0.2820845254444969,0.22212502501993256,0.1436654563911884,0.0,0.2,False,False,0.0,0
H,1835086400,249,295,0.9722850098681092,0.9903025863659879,0.031893336164727136,0.9722850098681092,0.7356873286529241,0.55,0.8113540961222925,0.7222274322825005,0.9346645029789139,0.9523745862585394,296,0.059073007750455264,0.19581288758094567,0.043441134924562,0.35092105968546966,0.29083245678655295,0.059919453272014374,1.0,0.2,False,False,0.0,0
H,1835086400,250,296,0.9923474625150015,0.9923531086912958,0.0961326770095067,0.9923474625150015,0.7524736081956255,0.256,0.8154116094273531,0.7125169258223834,0.9411980526810225,0.9284045817547517,295,0.017510814425098276,0.17627484492988602,0.08400350887930257,0.28444839575911046,0.38861704677579695,0.04914538923080584,0.4,0.2,False,False,0.0,0
H,1835086400,251,295,0.9836741796581346,0.9903748306967797,0.039767569777028146,0.9836741796581346,0.7395008886855607,0.526,0.8171841753924902,0.7080659428298057,0.9470782474129202,0.9148879256841954,290,0.07718579123176887,0.20354944719762894,0.02211582918626149,0.29014548673720497,0.3165812748288318,0.09042217081830388,0.6,0.4,False,False,0.0,0
H,1835086400,252,290,0.9876675115307985,0.9905069753221452,0.04660306830771288,0.9876675115307985,0.7341438276353238,0.456,0.8195957183558876,0.71851193960218,0.918040987163636,0.9549315385319126,289,0.260616173923307,0.21760468475705708,0.054289695239724156,0.2998668795465734,0.1283528224600393,0.03926974407329926,0.4,0.4,False,False,0.0,0
H,1835086400,253,289,0.9895223242398133,0.9895223255520809,0.1627117039060756,0.9895223242398133,0.740015679639817,0.014000000000000002,0.8195241123447482,0.7195173365106684,0.9213120998186377,0.9529557867137757,290,0.14913742360746837,0.28763503620781977,0.015052125225242567,0.24103822933297603,0.27537605685682615,0.03176112876966718,0.2,0.0,False,False,0.0,0
H,1835086400,254,290,0.9852438888262198,0.9858372663539372,0.05902726523666263,0.9852438888262198,0.7356282720402397,0.42400000000000004,0.8247292841934531,0.7089134353861023,0.9291808898367739,0.9250847514861776,288,0.004649571262091654,0.228421340891303,0.04891221447011703,0.3862334045698283,0.3184252475372023,0.013358221269457826,0.8,0.2,False,False,0.0,0
H,1835086400,255,288,0.988501628665084,0.9892309948715915,0.05741209805922182,0.988501628665084,0.7249687049118183,0.41400000000000003,0.8204268629569619,0.7055876732241608,0.911102898803308,0.9439384670617522,290,0.08899887009204598,0.22211553638706025,0.009888135546793086,0.44774654151323845,0.17420048975105695,0.05705042670980527,0.2,0.4,False,False,0.0,0
H,1835086400,256,290,0.9905195027536756,0.9906483317349746,0.07122379838443826,0.9905195027536756,0.7323739008038325,0.35,0.8123791490957393,0.7201930074419245,0.9154320719953403,0.9684205764541748,295,0.3110589734871465,0.15308390371574546,0.0886663508876306,0.1492609348557991,0.2771973153618156,0.020732521691862897,1.0,0.0,False,False,0.0,0
H,1835086400,257,295,0.988387895786279,0.9883878990134005,0.15553982684122647,0.988387895786279,0.7281569054771603,0.0,0.8131680746011944,0.7120404710985337,0.9174671269873614,0.9544075073487871,298,0.03571392535881913,0.17662230495918754,0.042135419623553175,0.22007997821479883,0.2678913109577758,0.25755706088586544,0.0,0.0,False,False,0.0,0
H,1835086400,258,298,0.9863666063075737,0.9892645280692277,0.046430861956739546,0.9863666063075737,0.7345333912420132,0.456,0.8066427596344998,0.7122434965066663,0.9229528271080848,0.9566823198733072,302,0.13506311203824106,0.16368788322598848,0.13460407941411237,0.23805107309684284,0.2861620640972975,0.042431788127517765,0.4,0.4,False,False,0.0,0
H,1835086400,259,302,0.9871818807242839,0.9871854263813374,0.09979458177964808,0.9871818807242839,0.7491192795607087,0.2,0.8009459909186901,0.7172262233679974,0.9147444630979035,0.9789333826255188,312,0.1949362710833048,0.18285848942467153,0.06318366274690462,0.22115057800645113,0.22043459350313596,0.11743640523553185,0.0,0.2,False,False,0.0,0
H,1835086400,260,312,0.9885827564544734,0.9885864730621751,0.09943104812194074,0.9885827564544734,0.7535697598989525,0.21400000000000002,0.8016366770319351,0.7194361791068936,0.9079753244213224,0.9884180068020624,312,0.16339083634120102,0.1808009845146341,0.06405878610684011,0.3240343600468601,0.2235265381660464,0.04418849482441821,0.2,0.2,False,False,0.0,0
H,1835086400,261,312,0.9890057906831085,0.9890058989402913,0.12758170267903088,0.9890057906831085,0.7643292456032559,0.126,0.7981964462564938,0.7289460945598578,0.8916698281899401,1.024192407788135,317,0.2560215551038608,0.2035546262273542,0.022120064151853754,0.31304062924766973,0.17246018105374952,0.03280294421551202,0.6,0.0,False,False,0.0,0
H,1835086400,262,317,0.9898246311376313,0.9904413419078258,0.058757339394115385,0.9898246311376313,0.7449799612577347,0.4,0.8007799401909141,0.7323114065424093,0.867057030801619,1.0547145791005297,313,0.1851577088818057,0.20506843035712224,0.09278131476041435,0.3482752690384747,0.12277092715336467,0.045946349808818246,0.0,0.4,False,False,0.0,0
H,1835086400,263,313,0.9906196961038893,0.9906356000075544,0.08787554571722538,0.9906196961038893,0.7233198100105599,0.256,0.8012750755062115,0.7429598353158696,0.8559856286611065,1.0832213948543803,309,0.2782999887572592,0.20228133695327685,0.08387030509350771,0.16445129340614167,0.17817150469824722,0.09292557109156731,0.4,0.2,False,False,0.0,0
H,1835086400,264,309,0.9897135156973865,0.9897176892441887,0.0985171418842803,0.9897135156973865,0.7230674307425684,0.22400000000000003,0.7982615696822032,0.7405640727092149,0.869211970015262,1.0673128027679983,306,0.12190286448923467,0.17193582821732464,0.06154202354336229,0.2481248936993902,0.29412452110133047,0.10236986894935773,0.8,0.0,False,False,0.0,0
H,1835086400,265,306,0.9877307391910102,0.9877366205490826,0.09577071598319196,0.9877307391910102,0.744496352768549,0.2,0.7979843028801562,0.7370895304149117,0.871711262098727,1.0596275399971948,314,0.10692076676446906,0.17640884674785842,0.08184770295731311,0.38616430467310975,0.24710244542495585,0.0015559334322937635,0.0,0.2,False,False,0.0,0
H,1835086400,266,314,0.9926924732008761,0.9926954951893006,0.10111097544587576,0.9926924732008761,0.7434055467053525,0.21400000000000002,0.8005651040661551,0.7361585682214614,0.862465129932413,1.066186478160347,314,0.13654392909119223,0.3729602641091096,0.019025148082871535,0.25325940553998816,0.18962497021779348,0.028586282959045077,0.2,0.2,False,False,0.0,0
H,1835086400,267,314,0.9787970224376241,0.9893699861353995,0.03612893527294892,0.9787970224376241,0.7379084489662976,0.526,0.8056983482547797,0.7316546831411419,0.8678900033542054,1.0463307708792344,312,0.09130054163441889,0.21704225689275142,0.033937397077770666,0.3992348740214151,0.25835693207516874,0.00012799829847524218,0.6,0.4,False,False,0.0,0
H,1835086400,268,312,0.9900228008592671,0.9901537318370105,0.07109099335312298,0.9900228008592671,0.7605402460109615,0.35,0.7992673127631371,0.7357452127021151,0.8566437442811278,1.074571072038753,321,0.1959157964753783,0.17770598223216116,0.052921510191111715,0.31875605420201336,0.17771370631171465,0.0769869505876209,1.0,0.0,False,False,0.0,0
H,1835086400,269,321,0.9895536640411008,0.992485594473071,0.04636386615736219,0.9895536640411008,0.7321848987508737,0.456,0.804147569851557,0.7400483814741623,0.8344591855827355,1.1028571411219115,312,0.2011303675894116,0.19875051601601174,0.03684859585736324,0.29806305152746176,0.11739907864860248,0.14780839036114923,0.4,0.4,False,False,0.0,0
H,1835086400,270,312,0.9917090583782764,0.991709083734192,0.1391574599189336,0.9917090583782764,0.7404217177932381,0.05600000000000001,0.8057382202048136,0.7349727451852825,0.8449038448370506,1.0796176680702219,311,0.0865847848103539,0.24671020441378075,0.06783295934907436,0.2762856958232319,0.26945288906294323,0.053133466540615855,0.4,0.0,False,False,0.0,0
H,1835086400,271,311,0.9746955527515786,0.9882779519938596,0.034126347493700734,0.9746955527515786,0.7475733536134684,0.55,0.7969064166925888,0.7437064532788875,0.8602036553961709,1.0849080769115014,318,0.25602931691086395,0.15476454132164028,0.06301392053075297,0.19338527855777093,0.29895097521412695,0.03385596746484501,1.0,0.2,False,False,0.0,0
H,1835086400,272,318,0.9928073714664397,0.9928073901287913,0.14160606436926262,0.9928073714664397,0.7551969991090698,0.05600000000000001,0.8025087090653755,0.7457047821933238,0.8731852759025577,1.0641694086145719,316,0.1772956447297586,0.2481760268801068,0.08184399026235506,0.1352741847155375,0.2950099302300191,0.06240022318222305,0.4,0.0,False,False,0.0,0
H,1835086400,273,316,0.9860290425357169,0.9860310931450952,0.10414409793426249,0.9860290425357169,0.7373071258959665,0.2,0.8026787371479188,0.7417697329244066,0.8663942673789627,1.0666250516640001,312,0.10437737300936177,0.24971052002475524,0.03138229485134686,0.2741452862273497,0.20263759533330422,0.1377469305538822,0.0,0.2,False,False,0.0,0
H,1835086400,274,312,0.9901013337913741,0.9901236375697197,0.08517940114409922,0.9901013337913741,0.73813367278843,0.256,0.8061513604572307,0.7399601283794793,0.8797548406410665,1.0433501017042703,305,0.1284860262661629,0.1814090600160751,0.057216122741967544,0.251170144729521,0.3132698825301082,0.0684487637161652,0.4,0.2,False,False,0.0,0
H,1835086400,275,305,0.9864507638238654,0.9869631319171159,0.06020479058017847,0.9864507638238654,0.7384017732354349,0.4,0.8075843154987228,0.7363750424749909,0.8738618182806177,1.0434422577967304,307,0.10516150643106872,0.20480607990054323,0.03664340998468756,0.3554522130685095,0.2104123085182897,0.08752448209690128,0.0,0.4,False,False,0.0,0
H,1835086400,276,307,0.9901249589991824,0.990126643530774,0.10574243671241963,0.9901249589991824,0.7424728907504331,0.2,0.8057737924663315,0.7264362438067093,0.8864756364525559,1.0169920594713067,306,0.023499418193350368,0.1893898201458339,0.03657621560523631,0.4031761756185447,0.3314911805985733,0.015867189838461606,0.0,0.2,False,False,0.0,0
H,1835086400,277,306,0.9923699556188749,0.9923778819228961,0.09343275224360581,0.9923699556188749,0.7537443185382702,0.22400000000000003,0.8052721150048128,0.7305633420232375,0.8896102408740495,1.0198010205288155,311,0.1931113800857952,0.22179353579869723,0.017261486515312396,0.19640025544045703,0.2589108403337461,0.11252250182599198,0.8,0.0,False,False,0.0,0
H,1835086400,278,311,0.9874995627336707,0.9908834479897888,0.04520982198634135,0.9874995627336707,0.7586061618263575,0.456,0.8029093005612158,0.7377722507410511,0.8988616988306715,1.0222637307364628,315,0.23421344773719394,0.16920835725797445,0.04877282333459531,0.1639945888364535,0.29106241022013457,0.09274837261364818,0.4,0.4,False,False,0.0,0
H,1835086400,279,315,0.989660133494752,0.99142499793036,0.05039578723847963,0.989660133494752,0.7832422316479464,0.42400000000000004,0.8026710900079115,0.7385026668746062,0.9089755289476044,1.0121904963326336,325,0.15773785838259521,0.1841563628726076,0.09659891619417452,0.1793047585915219,0.34956121243930616,0.03264089151979473,0.8,0.2,False,False,0.0,0
H,1835086400,280,325,0.9911652592525805,0.9911730784514056,0.09353137725010008,0.9911652592525805,0.7904520942640476,0.21400000000000002,0.8036403059349984,0.7345067047768368,0.9180779760528439,0.995530305217103,326,0.0991146405745115,0.2004757092716691,0.07299306462790174,0.2242187623919408,0.3997647493183993,0.0034330738155775105,0.2,0.2,False,False,0.0,0
H,1835086400,281,326,0.9911499633657662,0.9911499649725891,0.16111285312854481,0.9911499633657662,0.7904901900944532,0.014000000000000002,0.7972148517053256,0.7352498574358274,0.902899664418339,1.0214569708297812,332,0.15585609872290598,0.21279175963076194,0.12106644755737063,0.2512455311035685,0.1831474298538975,0.07589273313149547,0.2,0.0,False,False,0.0,0
H,1835086400,282,332,0.9869071063344057,0.987039153996056,0.0709983130775331,0.9869071063344057,0.7950246779104871,0.326,0.7944513852082125,0.729590123477676,0.9021150493167,1.0180044859513597,336,0.07628448642050051,0.21416803342124788,0.05493513986984775,0.3372902579725319,0.24752675670097432,0.06979532561489772,0.6,0.2,False,False,0.0,0
H,1835086400,283,336,0.9904153033149049,0.9904153088923293,0.15120089024260872,0.9904153033149049,0.8034472637729223,0.014000000000000002,0.7923099797177118,0.7408217905406762,0.91190354438503,1.0253442924244436,340,0.2838896654610501,0.19612361618715277,0.028458782923958426,0.11905145970196973,0.3033625096025249,0.06911396612334401,0.2,0.0,False,False,0.0,0
H,1835086400,284,340,0.9923207413025128,0.9923207501632743,0.1475314265423008,0.9923207413025128,0.8068571871677167,0.014000000000000002,0.7918002629941745,0.7510853336061495,0.8938096086563438,1.0612766787633767,342,0.2788079074063389,0.21809705715239086,0.057472119513581464,0.2371152345867043,0.16548209354908414,0.04302558779190028,0.2,0.0,False,False,0.0,0
H,1835086400,285,342,0.9912529392749612,0.9912529458889153,0.14985078848363656,0.9912529392749612,0.7959757869385627,0.014000000000000002,0.789143149903469,0.7550582441209189,0.9044286477907094,1.0579139711391734,343,0.20658971493846193,0.21793042525538317,0.007869394657284983,0.10799099154376099,0.4132756980495328,0.04634377555557613,0.2,0.0,False,False,0.0,0
H,1835086400,286,343,0.9926564828583643,0.9926567089845155,0.12174777393130293,0.9926564828583643,0.824452861885001,0.126,0.7889066037993466,0.7425872009197858,0.9139857830116385,1.029870048190718,352,0.0035233625614100807,0.24456393337122873,1.3576017292426872e-06,0.26990350306879274,0.47788650368304597,0.004121339713793257,0.6,0.0,False,False,0.0,0
H,1835086400,287,352,0.9880780995418403,0.9880781107319122,0.14563948485848627,0.9880780995418403,0.823676117993346,0.0,0.7773160066793487,0.7394306628820232,0.9225872047104746,1.0310801309416386,352,0.11216027510283308,0.1412885555263259,0.006523162531554772,0.33570173555925026,0.30316985610995595,0.10115641517008009,0.0,0.0,False,False,0.0,0
H,1835086400,288,352,0.9891181598271771,0.992244094352521,0.04585190925330563,0.9891181598271771,0.8456851209255474,0.42400000000000004,0.7809890593100213,0.7315817619592625,0.9303284842394272,1.0068890132213588,357,0.05153290276675585,0.22581312202565376,0.02452133063296172,0.2601284860267788,0.42568559131613776,0.012318567231712204,0.8,0.2,False,False,0.0,0
H,1835086400,289,357,0.9938055150268307,0.9938184033216179,0.08957464611827187,0.9938055150268307,0.8688521938197233,0.22400000000000003,0.7778845221394979,0.7387722926754698,0.9100484057019923,1.0435925632982186,367,0.23462023517713146,0.16418185469466093,0.14343095986650345,0.28197104296628006,0.16376384943253947,0.012032057862884577,0.8,0.0,False,False,0.0,0
H,1835086400,290,367,0.9916695650636784,0.9919556963965102,0.06488243429579839,0.9916695650636784,0.8783433904541135,0.326,0.7755236537634205,0.7417928156648849,0.9071578068630023,1.0543983847252267,369,0.1869892202898569,0.1888302859894236,0.07546672181198308,0.2775515639320304,0.24057120865604603,0.03059099932065998,0.6,0.2,False,False,0.0,0
H,1835086400,291,369,0.9912231907141955,0.9912231937284556,0.15610579354291623,0.9912231907141955,0.9080561650447173,0.0,0.7800148090363219,0.7547031748816406,0.9046334781199535,1.0695489681518324,377,0.3154908890182222,0.1710605196803964,0.021898237427800688,0.20311624254933347,0.2409572597162574,0.04747685160798987,0.0,0.0,False,False,0.0,0
H,1835086400,292,377,0.9909210970620747,0.9926698682192212,0.05047869448219142,0.9909210970620747,0.8908482267503385,0.4,0.7779766476209506,0.7551516878895734,0.8905680766690938,1.0899347846422431,373,0.16479589690018592,0.15851815423205315,0.015269115672752938,0.36967036870798636,0.18198973180567815,0.1097567326813434,0.0,0.4,False,False,0.0,0
H,1835086400,293,373,0.9897422179228224,0.9897422793151835,0.13210277524813027,0.9897422179228224,0.8632448939454918,0.05600000000000001,0.7818587580798017,0.7473989117862062,0.8777479928862214,1.0890662782608391,366,0.06256010363889378,0.34773266659583363,0.018179848442270576,0.33030290625553244,0.18118361942018485,0.060040855647284806,0.4,0.0,False,False,0.0,0
H,1835086400,294,366,0.9893965249654583,0.9897362011830626,0.0634991169223906,0.9893965249654583,0.8711185856411174,0.35,0.7775448258804564,0.7502956512580247,0.8713058862804993,1.1074811564457836,370,0.19083356326410955,0.14951709476659483,0.003073396232486255,0.3306915569889975,0.2066634634145001,0.11922092533331159,1.0,0.0,False,False,0.0,0
H,1835086400,295,370,0.9895504238910809,0.9932697526834419,0.04447659303775754,0.9895504238910809,0.8838759325046379,0.456,0.7774315709477282,0.7482711850128907,0.8641091870557769,1.1138538898698298,377,0.13112895397209015,0.20295737253570975,0.04111815575649613,0.30184277787185987,0.19966944701663739,0.12328329284720672,0.4,0.4,False,False,0.0,0
H,1835086400,296,377,0.989337035371939,0.9893371016449283,0.13149059408044056,0.989337035371939,0.8959358572352507,0.05600000000000001,0.7796429379580753,0.7509535995882766,0.8776982683501992,1.0974180838499217,377,0.18869967282537933,0.16838216339710563,0.07900577345386998,0.21143639234941158,0.3174587041791941,0.03501729379503935,0.4,0.0,False,False,0.0,0
H,1835086400,297,377,0.9921764494491236,0.9923291639846897,0.06988340662815495,0.9921764494491236,0.9194690415037915,0.326,0.7773219656256956,0.7456422735258729,0.8709665787256224,1.1013569367050733,390,0.09045442396262618,0.2942043357638902,0.1145497056234216,0.28924640977434996,0.20519068605221585,0.006354438823496145,0.6,0.2,False,False,0.0,0
H,1835086400,298,390,0.9914273653568968,0.9953402741344513,0.04408929217414601,0.9914273653568968,0.9237023716727245,0.456,0.7768709500038541,0.7412124142640727,0.8838699208530602,1.0794572511741272,388,0.0981531801811678,0.18535966476107027,0.06977991034609926,0.256049348576857,0.3075730871990255,0.08308480893578019,0.4,0.4,False,False,0.0,0
H,1835086400,299,388,0.9897861699603953,0.9911404478750663,0.052501373693823176,0.9897861699603953,0.9420848738836355,0.4,0.7821595287560842,0.750112993626646,0.893939453154839,1.072811062276055,389,0.26201500094721164,0.20017764859869125,0.02928107399818263,0.19906371577718557,0.29228262193542465,0.017179938743304236,0.0,0.4,False,False,0.0,0
