arm,seed,step,novelty_vector_count,h_n_latest,h_n_shape_latest,V,H_N,L_t,total_suppression,avg_wb,theta_capability,transfer_state,g,population,x_compute,x_bio_welfare,x_novelty_agency,x_institutional_capacity,x_transfer_comprehension,x_resilience,c_protective,c_suppressive,adapter_active,action_modified,adapter_score,shape_fallback_increase
H,1835086333,0,200,0.9753800201887094,0.9858816916304138,0.036154675887801614,0.9753800201887094,0.09901288005607624,0.42400000000000004,0.667020569395601,0.5232023220995465,0.55,1.4261583419142103,204,0.29002902624433113,0.20018488217436015,0.0039015159473959867,0.1295309462962851,0.3763008368153859,5.2792522241908646e-05,0.8,0.2,False,False,0.0,2
H,1835086333,1,204,0.9759044309663101,0.9850672997040678,0.037233653885335956,0.9759044309663101,0.116876327830192,0.41400000000000003,0.6725836573417442,0.5384797763284365,0.5950000000000001,1.3455694582583495,203,0.2054696291733413,0.14547373204027017,0.050159694650687085,0.18590363299604004,0.3442771011357554,0.06871621000390607,0.2,0.4,False,False,0.0,0
H,1835086333,2,203,0.9875539069463493,0.9875544183680993,0.11521052376479363,0.9875539069463493,0.13857942579957067,0.014000000000000002,0.6833309007095584,0.5453646314096066,0.6355000000000001,1.2558574724270288,207,0.11011054871989873,0.21658203420948735,0.12349596705097622,0.18042515510096704,0.3371193942024232,0.03226690071624757,0.2,0.0,False,False,0.0,0
H,1835086333,3,207,0.982802237250104,0.9829016939871886,0.07322108110763266,0.982802237250104,0.15725570929045907,0.21400000000000002,0.6940730197880193,0.5614486767130925,0.6477547604629598,1.2488040154233147,212,0.22940346092457864,0.2365929424483607,0.10767019542578192,0.19442638501115264,0.17902380231479864,0.052883213875327434,0.2,0.2,False,False,0.0,0
H,1835086333,4,212,0.9881501261261398,0.988152904521025,0.1017434442672328,0.9881501261261398,0.17755623856908925,0.05600000000000001,0.7048861047270533,0.5735895908870197,0.6716381557891217,1.211565649088976,209,0.1901668501197719,0.2078351453249358,0.09142402334203364,0.24995990546606756,0.24329435686228934,0.017319718884901726,0.4,0.0,False,False,0.0,0
H,1835086333,5,209,0.9785242584207863,0.9866681958996665,0.03818495745393847,0.9785242584207863,0.19825163685952146,0.456,0.7134492076964504,0.5768518916184537,0.7044743402102095,1.1477203500902184,214,0.08677225344731326,0.2518643618056141,0.10549152700039115,0.19637905566930156,0.3366093191983105,0.02288348287906943,0.4,0.4,False,False,0.0,0
H,1835086333,6,214,0.9835685349156994,0.9857329212801337,0.04872559746622131,0.9835685349156994,0.22574569512134202,0.4,0.7244224392665997,0.5849165376629586,0.7340269061891885,1.099993266718005,218,0.1488405078178441,0.16668645378216873,0.12059254377535493,0.2237620118816757,0.3400062435581973,0.00011223918475929713,0.0,0.4,False,False,0.0,0
H,1835086333,7,218,0.9856407147418549,0.9856418676560083,0.10872471834629902,0.9856407147418549,0.2410973134722184,0.05600000000000001,0.7341469090359252,0.5872696053225593,0.7406241715362204,1.0800818486723993,216,0.08248618178435857,0.18773805296694018,0.06687806711901946,0.2868116670614466,0.19999977982975356,0.1760862512384816,0.4,0.0,False,False,0.0,0
H,1835086333,8,216,0.9880351700489968,0.9880637247366568,0.083196167213788,0.9880351700489968,0.26626540915834535,0.22400000000000003,0.7365865403410818,0.6079061250564314,0.7663062125776205,1.0769868336820425,219,0.31261346538534857,0.16015068266992463,0.02891880533134324,0.1766789743914564,0.29872229097511105,0.022915781246816064,0.8,0.0,False,False,0.0,0
H,1835086333,9,219,0.9840427006103131,0.9840975798191075,0.07796372664939646,0.9840427006103131,0.2868082869879848,0.256,0.745467527314079,0.6179460307477173,0.7862564747127055,1.0542839180803896,222,0.19294014930134348,0.21031864459767996,0.08748336422061384,0.17926247981650492,0.28290441696423513,0.04709094509962254,0.4,0.2,False,False,0.0,0
H,1835086333,10,222,0.984405210657723,0.9844339431878438,0.0831174483123671,0.984405210657723,0.30231879752226426,0.21400000000000002,0.7552742331341524,0.6235965017889435,0.807630827241435,1.0223182508129678,219,0.14434715723265235,0.18632330229595484,0.013056629792347679,0.20390905533635872,0.4435069844608318,0.008856870881854604,0.2,0.2,False,False,0.0,0
H,1835086333,11,219,0.9910777409526014,0.9910777614516743,0.14084496078705772,0.9910777409526014,0.32755619108104045,0.014000000000000002,0.7625180299394807,0.6212560729994709,0.8268677445172915,0.985336292398691,221,0.04799245374968258,0.17479293328381892,0.01110755488145709,0.3485737592452172,0.332406008599148,0.08512729024067615,0.2,0.0,False,False,0.0,0
H,1835086333,12,221,0.984500201241377,0.9851513811588647,0.058281795307264385,0.984500201241377,0.343321985334065,0.35,0.7684291430298987,0.6370156195586183,0.8158753598111341,1.0160672111864772,225,0.2727793776140116,0.1932928167651594,0.08387254077466992,0.22244836435227067,0.15847194872785866,0.06913495176602952,1.0,0.0,False,False,0.0,0
H,1835086333,13,225,0.986452332179828,0.9864523710413536,0.13571626060512304,0.986452332179828,0.36261660055045936,0.05600000000000001,0.7750147708296065,0.6386011647601613,0.8342878238300208,0.987651713142665,225,0.10545407724342408,0.16352122236979388,0.07050189269247217,0.23995324195049644,0.3611501086185434,0.05941945712526998,0.4,0.0,False,False,0.0,0
H,1835086333,14,225,0.9830403157369393,0.986500719527146,0.04499654281566264,0.9830403157369393,0.3850033939372618,0.456,0.7831075140489199,0.632456994113492,0.8444981800474171,0.9563368500570713,231,0.00982359489173484,0.41678481010343277,0.0019959713792529815,0.26587892438917893,0.26819569300199186,0.03732100623440861,0.4,0.4,False,False,0.0,0
H,1835086333,15,231,0.9645542858250775,0.9882141724488601,0.029707942122995334,0.9645542858250775,0.38869606708658877,0.55,0.7880721075452622,0.6292226116193139,0.8522052174666456,0.9369020204585305,231,0.042355840143706566,0.1696913739963588,0.18641904898642372,0.25455918100183234,0.2607842771198509,0.08619027875182755,1.0,0.2,False,False,0.0,0
H,1835086333,16,231,0.9835089268253865,0.9835089282612733,0.16194656740271046,0.9835089268253865,0.4103675755606892,0.0,0.7880041633548501,0.6338399946846691,0.8511270108942186,0.9450542814339584,233,0.13848142057901183,0.18121923182959712,0.06167203745581015,0.2701059179041801,0.22071157587118798,0.12780981636021288,0.0,0.0,False,False,0.0,0
H,1835086333,17,233,0.9868570234500696,0.9887131204657297,0.049972780060439176,0.9868570234500696,0.43332042834036777,0.41400000000000003,0.7798205622832611,0.6495571327924684,0.8660143098047968,0.961828419991905,235,0.28011422302540945,0.12911731797803072,0.007048466620722837,0.24381516998637792,0.3033592649987606,0.03654555739069859,0.2,0.4,False,False,0.0,0
H,1835086333,18,235,0.9885912869625081,0.9885912922937399,0.15154557283957495,0.9885912869625081,0.4470329300552369,0.014000000000000002,0.786598922709783,0.6653059469853903,0.8794128788243171,0.9617788815419224,235,0.2903333854068158,0.1928896618085073,0.020673829335359658,0.13417741309512904,0.30676534432896224,0.05516036602522593,0.2,0.0,False,False,0.0,0
H,1835086333,19,235,0.9887690552490309,0.9887691628792222,0.12762603333961947,0.9887690552490309,0.4600062066421962,0.126,0.798238515886282,0.676002241360372,0.8761294393301995,0.9666008733437078,233,0.2370198965531411,0.27623665942727743,0.011306522282317464,0.23677613870626815,0.22328924194157074,0.01537154108942523,0.6,0.0,False,False,0.0,0
H,1835086333,20,233,0.9774094092427915,0.9876587328346229,0.03636262157358932,0.9774094092427915,0.4577437401806711,0.526,0.7985456907126534,0.6672304871524328,0.8885164953971796,0.9403956609179537,230,0.00035447325099222885,0.18274430043138298,0.00022840967604400794,0.45205066628715473,0.3498914081307295,0.014730742223696504,0.6,0.4,False,False,0.0,0
H,1835086333,21,230,0.9861756474123491,0.9861756497463019,0.15810127139361244,0.9861756474123491,0.4831984393477536,0.0,0.8000507926513124,0.6718206943141356,0.8988341884956201,0.9342352170977807,239,0.16189664399155565,0.1678820544390495,0.07797833463565221,0.15683629472640268,0.29584671319079253,0.1395599590165475,0.0,0.0,False,False,0.0,0
H,1835086333,22,239,0.9925759200312296,0.9943366119337704,0.05043797177722872,0.9925759200312296,0.5127978257686933,0.41400000000000003,0.8024325236557307,0.6640575053536254,0.9089507696460581,0.9104514773506104,247,0.010348071939956769,0.23930431508403566,0.09265243894041778,0.2721292053033866,0.31619113532090226,0.0693748334113009,0.2,0.4,False,False,0.0,0
H,1835086333,23,247,0.9857772195708296,0.987156181848054,0.05232552913359051,0.9857772195708296,0.5261867740575571,0.42400000000000004,0.8027054347881343,0.6659844503681418,0.9180556926814524,0.9037303301182334,253,0.12662275352747154,0.2131176664421339,0.016236931280919083,0.1929166049428463,0.3171408813229594,0.13396516248366988,0.8,0.2,False,False,0.0,0
H,1835086333,24,253,0.9908029977784008,0.9910543762608562,0.0659059579854303,0.9908029977784008,0.5554954653215344,0.35,0.801519481778865,0.676928861731914,0.9214999783167338,0.9165024263552032,264,0.24054542352724156,0.26230025480036595,0.01078831004527802,0.16234316911288535,0.27624927451713316,0.047773567997096124,1.0,0.0,False,False,0.0,0
H,1835086333,25,264,0.9914733446705791,0.991479496943649,0.09544234909300683,0.9914733446705791,0.5765105508260463,0.22400000000000003,0.8009567224392495,0.6724776965886732,0.9293499804850605,0.9034196658728489,270,0.054940974291935535,0.23941161770451785,0.014906329151829547,0.25406853399852963,0.35570020035239713,0.08097234450079036,0.8,0.0,False,False,0.0,0
H,1835086333,26,270,0.9856894219838267,0.986359321718788,0.05806594449465308,0.9856894219838267,0.5870626244395125,0.4,0.7993295024272681,0.6790301096164273,0.9349605485043966,0.9085940820413112,274,0.18970372321484666,0.2291427104284507,0.044810987551405584,0.19212731595500654,0.2927278303392109,0.05148743251107958,0.0,0.4,False,False,0.0,0
H,1835086333,27,274,0.9699841988121173,0.9903424524563967,0.03092142370748999,0.9699841988121173,0.5963879192814115,0.55,0.7896167945556,0.6831366569317769,0.9414644936539569,0.9189402357617608,278,0.1632256599521372,0.14174508730832286,0.0389525585011042,0.29749396488710567,0.3145218653113969,0.04406086403993325,1.0,0.2,False,False,0.0,0
H,1835086333,28,278,0.9738698410920174,0.9846004272553615,0.03597267504508827,0.9738698410920174,0.6254037271486278,0.526,0.7898035064086006,0.6928030349618506,0.9125604580742126,0.9612338972339883,291,0.23529013595828038,0.19376243140112132,0.01920033731059917,0.38904757090059516,0.126212068928257,0.03648745550114694,0.6,0.4,False,False,0.0,0
H,1835086333,29,291,0.9899498819719142,0.9911210172388328,0.05365777526911018,0.9899498819719142,0.6607465249160327,0.41400000000000003,0.7921028204770915,0.6951994122598801,0.9213044122667914,0.9526309463055662,297,0.15045661307652594,0.17082198830571554,0.015108875578870695,0.22917323661456945,0.3057117319940691,0.1287275544302493,0.2,0.4,False,False,0.0,0
H,1835086333,30,297,0.9900945408783381,0.9910980880551662,0.0548868869167103,0.9900945408783381,0.6802513940064059,0.42400000000000004,0.7906758836501961,0.7090179567409782,0.9291739710401122,0.9650764240803476,301,0.29473143867615137,0.15830463444977136,0.02052326646997452,0.1775553038097233,0.3021793117264977,0.04670604486788178,0.8,0.2,False,False,0.0,0
H,1835086333,31,301,0.988317359850331,0.9895044201513192,0.05353726980659568,0.988317359850331,0.7000035055444714,0.4,0.7901545801984041,0.7052805318884849,0.9362565739361011,0.9533556704145831,310,0.08391841230694548,0.17655542689600698,0.19912103503685996,0.21379328921405863,0.3108861037927407,0.01572573275338834,0.0,0.4,False,False,0.0,0
H,1835086333,32,310,0.9920299756529257,0.9920299776983047,0.15919895887015487,0.9920299756529257,0.6987866681934624,0.0,0.7879754614576389,0.7050833341830095,0.9238875977770924,0.968520057410083,309,0.1258353611118604,0.2557299372207515,0.0030914538821123646,0.34417867732675755,0.20628340617300703,0.06488116428551119,0.0,0.0,False,False,0.0,0
H,1835086333,33,309,0.9882221197052479,0.9918196273086181,0.044730049216437806,0.9882221197052479,0.7206210641150212,0.456,0.7859077663745122,0.6963972760251146,0.9229923752148842,0.9600356707290542,321,0.019601356890695098,0.31572178656219974,0.06704685089645672,0.31233574513824036,0.25746768607750536,0.027826574434902673,0.4,0.4,False,False,0.0,0
H,1835086333,34,321,0.9891497911599874,0.9891548292566994,0.09701403282954799,0.9891497911599874,0.7542956135983306,0.2,0.7868461954121806,0.6876815303258096,0.9306931376933958,0.9390549348364757,333,0.013801476274384663,0.2762798938438126,0.031099217430454042,0.37317843171068127,0.3032298165508641,0.0024111641898033717,0.0,0.2,False,False,0.0,0
H,1835086333,35,333,0.9924945004603208,0.9924945189890011,0.1416607755755981,0.9924945004603208,0.7772835094145649,0.014000000000000002,0.7908434010570932,0.6855371144546415,0.9376238239240562,0.9245104899950187,339,0.0904957580640292,0.2247320456517915,0.06952946570227025,0.229191637605025,0.3196059174066623,0.06644517557022175,0.2,0.0,False,False,0.0,0
H,1835086333,36,339,0.9872981664493378,0.987441180090649,0.07036652298735177,0.9872981664493378,0.7999864165251889,0.326,0.7861153885258486,0.6917834858592014,0.9429224268426204,0.9332713358093572,352,0.1940403390911486,0.16177492572342944,0.040139772669364186,0.18082129370571667,0.29530492655484886,0.1279187422554923,0.6,0.2,False,False,0.0,0
H,1835086333,37,352,0.9884450547514718,0.9895793744836988,0.053899632682697006,0.9884450547514718,0.8265377349519902,0.41400000000000003,0.7877440058659997,0.7071943115662412,0.9260707024220947,0.9694144893227956,357,0.316627331806541,0.18121017725476266,0.0005590215720911776,0.27655664967734234,0.18720259131868155,0.03784422837058129,0.2,0.4,False,False,0.0,0
H,1835086333,38,357,0.990398142026238,0.9906273615130333,0.06663708082196027,0.990398142026238,0.8564229630019622,0.35,0.7844056603035399,0.6978528330262157,0.9334636321798851,0.9530720303267651,369,0.012727962978581834,0.2598112020042467,0.0445211301427923,0.3218102488259621,0.3023914049788979,0.05873805106951928,1.0,0.0,False,False,0.0,0
H,1835086333,39,369,0.9916646420539764,0.9916646532461455,0.1456668344097655,0.9916646420539764,0.8481719578510404,0.014000000000000002,0.7797257882614276,0.7036645581934827,0.9401172689618966,0.9599348280120987,362,0.19630458523222277,0.1419914731043527,0.05056291217781515,0.23002865783217527,0.3299974295775453,0.05111494207588869,0.2,0.0,False,False,0.0,0
H,1835086333,40,362,0.9894315472555459,0.9905327138373909,0.054143417017031584,0.9894315472555459,0.8549461888127201,0.41400000000000003,0.7819371020880227,0.7058172777990102,0.946105542065707,0.9540714024198239,365,0.1541993439400199,0.21338356374567946,0.07035847549891595,0.19201130262239777,0.30870711760331765,0.06134019658966925,0.2,0.4,False,False,0.0,0
H,1835086333,41,365,0.9890836940778616,0.9922031419239697,0.04586811596155302,0.9890836940778616,0.8695323899172985,0.456,0.7819196697762164,0.7101924956170552,0.9434333439753655,0.9627260405794846,368,0.18332602134994405,0.2203772877124191,0.05447075709134023,0.2541244069404225,0.2596917805811461,0.02800974632472794,0.4,0.4,False,False,0.0,0
H,1835086333,42,368,0.9926954546447944,0.9935566750884088,0.05612406782741826,0.9926954546447944,0.852733290111342,0.4,0.7845194516243575,0.7039321524832693,0.9384976947193424,0.9560792132710406,360,0.05311602058833541,0.1786021425376223,0.06106417108000129,0.31228859202774484,0.24703842570756737,0.1478906480587288,0.0,0.4,False,False,0.0,0
H,1835086333,43,360,0.9907716900566118,0.9929233799677444,0.04883028361355378,0.9907716900566118,0.8677288031588616,0.41400000000000003,0.7804484154122825,0.7187355448591058,0.9347365860436464,0.9852255787209769,369,0.33056476328760104,0.21367033722852946,0.022666310671333244,0.16652494504115015,0.25044330398119125,0.016130339790194795,0.2,0.4,False,False,0.0,0
H,1835086333,44,369,0.9926496031338221,0.9926500158300479,0.11695878984914894,0.9926496031338221,0.8650030713671522,0.126,0.782061153424471,0.7327987676161506,0.9125833996527642,1.0267659350596499,368,0.3559143060777918,0.1673719200376143,0.03878831466956502,0.23059398025568975,0.1566023610674125,0.05072911789192667,0.6,0.0,False,False,0.0,0
H,1835086333,45,368,0.9922302617130141,0.9922392928593327,0.09239291080062896,0.9922302617130141,0.8473794424149145,0.22400000000000003,0.7871596672194142,0.731559016974176,0.8881320340811198,1.0464271504687295,365,0.13000234673541147,0.3785203353636817,0.030599036964900173,0.3077315881078509,0.13403487196816033,0.019111820859995365,0.8,0.0,False,False,0.0,0
H,1835086333,46,365,0.992943924297225,0.9929439334024254,0.14731980632798275,0.992943924297225,0.8406054645227783,0.0,0.7886591280331393,0.7220742949210375,0.8993188306730079,1.0180728679229034,358,0.026165359944628146,0.22656096495108843,0.007144306108503963,0.28945173223322396,0.38285632373056894,0.06782131303198642,0.0,0.0,False,False,0.0,0
H,1835086333,47,358,0.9902681358920974,0.9908824412799637,0.05879199138709881,0.9902681358920974,0.8432363149012599,0.4,0.7913848397676501,0.7223615947603487,0.9064060999493398,1.007033926836629,358,0.14238768231703824,0.23405809220793206,0.06982380146777807,0.21336045975175225,0.28509576171816364,0.05527420253733556,0.0,0.4,False,False,0.0,0
H,1835086333,48,358,0.9918869512400396,0.9918869590791166,0.14850314753545282,0.9918869512400396,0.8519366768268771,0.014000000000000002,0.7916928350655007,0.7210302997194246,0.912874260642336,0.997667532308563,364,0.1223348087136661,0.24324680516846253,0.14665531036351667,0.17893616560060843,0.28554385343965094,0.02328305671409541,0.2,0.0,False,False,0.0,0
H,1835086333,49,364,0.989566204222227,0.9895721116232276,0.09575032452920497,0.989566204222227,0.8262742111163094,0.21400000000000002,0.7930251115806602,0.7322390193255779,0.8828055887800916,1.0459257474487074,356,0.27825293240155696,0.20874961526755423,0.08807757774542598,0.2864581246834069,0.10609377100994595,0.03236797889211009,0.2,0.2,False,False,0.0,0
H,1835086333,50,356,0.9907313281699964,0.9907410224340423,0.09181687042023715,0.9907313281699964,0.8029205989196385,0.256,0.801698034535326,0.7274820214663115,0.8737961828785573,1.0384875703823626,345,0.08568691383765559,0.24922635355881864,0.14454444764158952,0.2651723819458035,0.1963557648823744,0.05901413813375837,0.4,0.2,False,False,0.0,0
H,1835086333,51,345,0.9870672236799483,0.9901468470540072,0.04595387861646725,0.9870672236799483,0.7992067185045719,0.456,0.8040531360507915,0.7166669785937877,0.8864165645907016,1.0055294178750065,341,0.006988227509897933,0.21802372640160667,0.003060267922716332,0.4604247917549227,0.3111191490207652,0.00038383739009121616,0.4,0.4,False,False,0.0,0
H,1835086333,52,341,0.9931109261971421,0.9931111747940911,0.12099728096237303,0.9931109261971421,0.8009310408189416,0.126,0.7986790813994936,0.7148724242518367,0.8771001195303546,1.0204860323717067,344,0.1129849323467301,0.17425611666279126,0.11878556041839496,0.27076535187279904,0.19662605699361568,0.12658198170566903,0.6,0.0,False,False,0.0,0
H,1835086333,53,344,0.9911817651556886,0.9927824839136219,0.05118375043446539,0.9911817651556886,0.8019292365956583,0.42400000000000004,0.7934223960180917,0.7150066922147278,0.8893901075773192,1.0132424045317736,343,0.13597361469353672,0.15990875284640002,0.0252145615135314,0.23783098566241878,0.31149412096539286,0.1295779643187201,0.8,0.2,False,False,0.0,0
H,1835086333,54,343,0.9909177612899276,0.9909177690751495,0.148550240972086,0.9909177612899276,0.7853977369004775,0.014000000000000002,0.7948276493332342,0.7234811666950459,0.8663532591171889,1.0506528681987704,340,0.2403101136381814,0.30470551431197007,0.055002965680071125,0.24706034368940816,0.12951081148800822,0.023410251192360967,0.2,0.0,False,False,0.0,0
H,1835086333,55,340,0.9717607775648366,0.9879680273167591,0.03271743391377406,0.9717607775648366,0.7695286176564359,0.526,0.797806773756491,0.7127552459388311,0.87971793320547,1.0155452001241554,336,0.005601719731718322,0.24739539032454214,4.6697943879460424e-06,0.3380294363089916,0.4086263923488012,0.0003423914915588295,0.6,0.4,False,False,0.0,0
H,1835086333,56,336,0.9929267967834315,0.9929317717876027,0.09714468350635669,0.9929267967834315,0.8055581150819464,0.21400000000000002,0.7982370285947806,0.7075537645610942,0.8834803737335163,1.0032996709436894,343,0.0679535114900578,0.26594207163934663,0.04778762114774903,0.3562106654927341,0.2586711692429667,0.003434960987145712,0.2,0.2,False,False,0.0,0
H,1835086333,57,343,0.986889886409532,0.9868977395188665,0.09346252107044109,0.986889886409532,0.7949883907576685,0.2,0.7959717765268326,0.7114006877388795,0.8856848733561532,1.0091073848540946,337,0.1778076425730004,0.14852532371081842,0.0016150607815999289,0.3316669020758856,0.25276268497994286,0.08762238587875287,0.0,0.2,False,False,0.0,0
H,1835086333,58,337,0.9938852562883931,0.9941677172122853,0.06500293525778253,0.9938852562883931,0.8100919730720804,0.35,0.7955504954231963,0.7033727393282724,0.8971163860205379,0.9855280566429675,339,0.031776074704209636,0.18444704937883474,0.12856975879624863,0.34932480151657685,0.30491073572609234,0.0009715798780377557,1.0,0.0,False,False,0.0,0
H,1835086333,59,339,0.9915834267035768,0.9915835178162986,0.12897483646636126,0.9915834267035768,0.8411279267477654,0.126,0.7931297023355627,0.6940849024505319,0.9074047474184841,0.964422505575046,353,0.011010001108414534,0.22381752960405296,0.04251483804052755,0.31040276379801834,0.35554342996061106,0.056711437488375586,0.6,0.0,False,False,0.0,0
H,1835086333,60,353,0.9757078623965454,0.9894379126255127,0.034049619804536205,0.9757078623965454,0.827892939300064,0.526,0.7944627563697437,0.69617105126992,0.9166642726766356,0.9559432534722377,349,0.14737992427393257,0.1658310772309877,0.03027890760365375,0.24172518197187026,0.30125155459207037,0.1135333543274854,0.6,0.4,False,False,0.0,0
H,1835086333,61,349,0.9907843054766128,0.9907876327059778,0.10032970481798728,0.9907843054766128,0.8195044318898237,0.2,0.7925928643150025,0.6940555539931573,0.9181447934185245,0.9537463744206339,341,0.09616319108416709,0.1497719675899002,0.10699225442148819,0.26049137361632746,0.26573474004776243,0.12084647324035468,0.0,0.2,False,False,0.0,0
H,1835086333,62,341,0.9894583002232975,0.9894583030536809,0.15659263279081556,0.9894583002232975,0.8220328833719641,0.0,0.7957120891827614,0.7021114596054512,0.9197629556272764,0.9593436190224802,346,0.22198354139939705,0.16686483032494662,0.0339464790680813,0.13691467721806022,0.26716320775302155,0.17312726423649347,0.0,0.0,False,False,0.0,0
H,1835086333,63,346,0.9905980196567036,0.9914945639966174,0.05578755655014147,0.9905980196567036,0.795436487932298,0.4,0.8006800349653934,0.7038104478989817,0.9277866600645488,0.9474331716672594,333,0.14755701592253942,0.26398008387531025,0.02849151536476982,0.18781778801477186,0.30335731166960844,0.06879628515300028,0.0,0.4,False,False,0.0,0
H,1835086333,64,333,0.9906930975567155,0.9906930984881619,0.1654496169900128,0.9906930975567155,0.811286592953441,0.0,0.7984653506283615,0.6936601580047789,0.9350079940580939,0.9291275801227367,340,0.0005029062593278899,0.16991286528181504,0.0034822713799460294,0.4148324676977426,0.36220628342744254,0.049063205953725895,0.0,0.0,False,False,0.0,0
H,1835086333,65,340,0.9876500085078316,0.9877857993025891,0.07078182822433067,0.9876500085078316,0.816186320959762,0.326,0.7941126501605148,0.6950044396104581,0.9415071946522845,0.9295694051554553,345,0.1378411188239772,0.22766396222137825,0.08431832058718754,0.20353784017291568,0.3036951438323979,0.04294361436214355,0.6,0.2,False,False,0.0,0
H,1835086333,66,345,0.9895178543772881,0.9909248729959425,0.052195530670838035,0.9895178543772881,0.8280376684752986,0.41400000000000003,0.7918253917593784,0.6968309739417777,0.9400175594263219,0.9361858142959097,355,0.14470945389803166,0.23125656231933295,0.11871059444047696,0.17814505053409407,0.26330542119632944,0.06387291761173507,0.2,0.4,False,False,0.0,0
H,1835086333,67,355,0.9902043177479269,0.9902882678455501,0.07462991226121957,0.9902043177479269,0.8269634675591281,0.326,0.7966965784567719,0.6948443262083379,0.9460158034836897,0.9219262315048788,351,0.09818626204561395,0.17725842649086448,0.07486366107763953,0.23010238777807157,0.30325306215620873,0.1163362004516018,0.6,0.2,False,False,0.0,0
H,1835086333,68,351,0.9888168594793356,0.988816889044109,0.1379117707625499,0.9888168594793356,0.814032620955424,0.05600000000000001,0.7994161522826887,0.7035521275873944,0.9514142231353208,0.9250255364560417,342,0.23062522111841696,0.20694526036501426,0.01886512010899777,0.19038325356231262,0.3068821955317215,0.04629894931353692,0.4,0.0,False,False,0.0,0
H,1835086333,69,342,0.9903847634995465,0.9903898927481724,0.0968812350458963,0.9903847634995465,0.8124351044707483,0.22400000000000003,0.7990209759830894,0.7072373647359924,0.9562728008217887,0.9256039798053224,342,0.17328554409959612,0.19793915419802185,0.0733816389237211,0.17280787407205156,0.3302074260173879,0.05237836268922166,0.8,0.0,False,False,0.0,0
H,1835086333,70,342,0.9934886712991141,0.9934945432752967,0.09582969178443232,0.9934886712991141,0.8223992461746111,0.22400000000000003,0.7948068431604761,0.6993313074858896,0.9576083731774425,0.9188263441430904,346,0.030697637333710313,0.16007339176901106,0.09162881983996798,0.3018709634881638,0.28481426218916345,0.1309149253799835,0.8,0.0,False,False,0.0,0
H,1835086333,71,346,0.9870873037277861,0.990266726593383,0.04570097654320326,0.9870873037277861,0.8144944965852846,0.456,0.7937959603744908,0.6974716449914156,0.9618475358596983,0.9135060655100525,347,0.10133628599775549,0.18066923963998147,0.1202082393281912,0.20007585088734905,0.32374175270277245,0.07396863144395036,0.4,0.4,False,False,0.0,0
H,1835086333,72,347,0.9890274400753083,0.9890363016480641,0.09251805734543694,0.9890274400753083,0.8064694767022004,0.21400000000000002,0.7947788318120973,0.6879180763537891,0.9656627822737285,0.8963238166309729,343,0.004000170149303578,0.1872422650679447,0.0690806964681412,0.25806465625438096,0.392608758538827,0.08900345352140249,0.2,0.2,False,False,0.0,0
H,1835086333,73,343,0.9905709738476733,0.990722732130988,0.0699205103109865,0.9905709738476733,0.7924986557379572,0.326,0.795910896745074,0.6957407470943326,0.9690965040463556,0.9020195735314004,338,0.21523218197791194,0.22671082921579055,0.06915464936297165,0.14393874888921412,0.30032570326762553,0.04463788728648624,0.6,0.2,False,False,0.0,0
H,1835086333,74,338,0.9898929660443422,0.989918223135038,0.08418790754475965,0.9898929660443422,0.7982235242120141,0.256,0.789721658667236,0.702649168534921,0.9708227762423333,0.9164832478493208,338,0.20869323494131284,0.14625230252313332,0.03640250511265782,0.23535127426420185,0.29317961300306583,0.08012107015562844,0.4,0.2,False,False,0.0,0
H,1835086333,75,338,0.9936860042584694,0.9936860100195718,0.15096921366407173,0.9936860042584694,0.7974445229020001,0.014000000000000002,0.7910069974339111,0.7037548038697308,0.9564796029335576,0.9301764371260841,336,0.140476172019448,0.20573313575082255,0.12089067422145934,0.2997027447662578,0.21369552157728863,0.019501751664723697,0.2,0.0,False,False,0.0,0
H,1835086333,76,336,0.9912369869072668,0.9913680012393505,0.0710956831700264,0.9912369869072668,0.7595614305533234,0.326,0.7910107212583908,0.7143218438097756,0.9296158864763997,0.9714221998535673,326,0.2594347516691425,0.18815060228988817,0.05936885887928783,0.21616081059327766,0.14392121918098946,0.1329637573874142,0.6,0.2,False,False,0.0,0
H,1835086333,77,326,0.9899218465211418,0.9901006384005814,0.06861058805673495,0.9899218465211418,0.7488399082859466,0.326,0.7933407669736078,0.7258066882958472,0.911998613787235,1.0031526297115425,324,0.2775117084570044,0.17593308774347857,0.05859828682723993,0.19866692040841508,0.1767215797923765,0.11256841677148546,0.6,0.2,False,False,0.0,0
H,1835086333,78,324,0.9919409057043195,0.991964544093303,0.08473158004136319,0.9919409057043195,0.7536108374643448,0.256,0.7898809981644488,0.723697085613073,0.9207987524085115,0.9950168496894624,329,0.114759146650228,0.16960501669715883,0.1728077217204442,0.16887225009130782,0.33482533666904113,0.03913052817182006,0.4,0.2,False,False,0.0,0
H,1835086333,79,329,0.9900544660103654,0.9918647122208174,0.05019721867595328,0.9900544660103654,0.7532968249713848,0.41400000000000003,0.7929734022107382,0.7190425884359755,0.9287188771676603,0.9763639157668457,323,0.0816294637944517,0.20164467781953763,0.022029110161185358,0.30528472852052335,0.3045069891597515,0.08490503054455056,0.2,0.4,False,False,0.0,0
H,1835086333,80,323,0.9893586808586116,0.9893628240559612,0.09857238332167337,0.9893586808586116,0.7426505617949585,0.2,0.7963887933372278,0.7104570078717404,0.9358469894508943,0.953252196773235,315,0.029581860719546375,0.18347618394891643,0.10272280816936787,0.26983993961987396,0.34239863150856986,0.07198057603372557,0.0,0.2,False,False,0.0,0
H,1835086333,81,315,0.9872981262631466,0.9891889052978614,0.04982924457005855,0.9872981262631466,0.7578894895093373,0.41400000000000003,0.7980879046665703,0.7127595434984663,0.9415885366547436,0.9484864904448377,315,0.16031732525391099,0.22945689273901942,0.005031536209782577,0.27220517783998927,0.296631230744694,0.03635783721260385,0.2,0.4,False,False,0.0,0
H,1835086333,82,315,0.9915591227634077,0.9915683853563488,0.0921860992698188,0.9915591227634077,0.7536329958961131,0.21400000000000002,0.7947244348119116,0.7212769562872471,0.904614777358595,1.003279211002745,319,0.23944237454630155,0.17189005584352984,0.06896356673462482,0.3268417034524036,0.08592547184662856,0.10693682757651174,0.2,0.2,False,False,0.0,0
H,1835086333,83,319,0.988332227077759,0.9884480531354557,0.07205302101416317,0.988332227077759,0.7382506959304846,0.326,0.8031062672003693,0.712684800857659,0.9141532996227355,0.9707456445443814,310,0.030896154809677043,0.23970596132332408,0.030317246000568406,0.24534212686929552,0.41193623557107234,0.04180227542606248,0.6,0.2,False,False,0.0,0
H,1835086333,84,310,0.9883165232340155,0.9883202660192074,0.09937303501105862,0.9883165232340155,0.7290575448246125,0.21400000000000002,0.8038923252774551,0.7104443012346748,0.8941710380770198,0.9883517904786061,311,0.10492175524873547,0.26091973855368467,0.05812429475036431,0.33828573570830434,0.15716534208278923,0.08058313365612219,0.2,0.2,False,False,0.0,0
H,1835086333,85,311,0.9902605533089283,0.9902669029853662,0.09518121085979296,0.9902605533089283,0.7229933549428794,0.22400000000000003,0.8007818705680532,0.7042619261993496,0.9047539342693178,0.972051998762935,308,0.05424800033010655,0.1648859102751293,0.12951533909420945,0.24138269762242762,0.40697718749016404,0.0029908651879630476,0.8,0.0,False,False,0.0,0
H,1835086333,86,308,0.9882970798044094,0.989180419121538,0.055887070396851035,0.9882970798044094,0.7275515631457593,0.42400000000000004,0.8006742564064813,0.7070273983729293,0.9048810306441589,0.9758630956302876,307,0.1622321060443397,0.1540646581763851,0.04038667626477531,0.3068702720322892,0.25301244900886444,0.08343383847334622,0.8,0.2,False,False,0.0,0
H,1835086333,87,307,0.9893873084808953,0.9903536381555427,0.0551817257584464,0.9893873084808953,0.7136589691872075,0.4,0.7985458983759474,0.7093346125006714,0.8858726589629574,1.0027206772048045,305,0.1582323005798582,0.21700391178364778,0.1412116603274821,0.28159200937568113,0.15739865691607208,0.04456146101725864,0.0,0.4,False,False,0.0,0
H,1835086333,88,305,0.9910985856440915,0.9911040072492698,0.09644572370851338,0.9910985856440915,0.7106745677805655,0.22400000000000003,0.8069197410729545,0.7140597390389388,0.8847597836891761,1.0001815352318792,298,0.18989821454126257,0.23135980107640003,0.06169657608301649,0.25301084502177784,0.2373719531125718,0.02666261016497122,0.8,0.0,False,False,0.0,0
H,1835086333,89,298,0.9887649488220441,0.9917006660617897,0.04634729387202759,0.9887649488220441,0.6990157815725877,0.456,0.8052608511856317,0.7191916679709921,0.8685712261121635,1.028259246404455,296,0.19793644855000214,0.16772238021622937,0.03553151246845816,0.40388788042673396,0.16143710395952515,0.03348467437905118,0.4,0.4,False,False,0.0,0
H,1835086333,90,296,0.9893446514800178,0.9928344441760234,0.04498016752480992,0.9893446514800178,0.7049384991681401,0.456,0.8097054145591973,0.7184982776813215,0.8757280726117658,1.0132798728013057,293,0.12832741386098692,0.1882773229003456,0.04460945474129028,0.30946543898029644,0.270069845554093,0.05925052396298758,0.4,0.4,False,False,0.0,0
H,1835086333,91,293,0.9906922076609401,0.9909801098609228,0.06482548863590577,0.9906922076609401,0.681159399195292,0.35,0.809084354634697,0.7160884897739566,0.8815504816127346,1.0039814825747078,289,0.10643907470876489,0.37521836488238763,0.049370154683413915,0.1473916854541406,0.26697608131072703,0.05460463896056591,1.0,0.0,False,False,0.0,0
H,1835086333,92,289,0.9888652905073314,0.9891113347914513,0.06606106530478922,0.9888652905073314,0.679258181966622,0.35,0.8081946593206271,0.7239296920587138,0.8804008252229997,1.0174193016284048,287,0.2330703346681888,0.18085564594370138,0.01184676859649094,0.23110976692000815,0.23502695885769231,0.10809052501391857,1.0,0.0,False,False,0.0,0
H,1835086333,93,287,0.988986535659237,0.9889870567626375,0.11507278061052582,0.988986535659237,0.6741456849228672,0.126,0.8060402070508808,0.7236077609802795,0.878962228669118,1.0213540082316412,284,0.13593191905626628,0.22246610543477843,0.08070507114295038,0.3152055738191761,0.23300742984209152,0.012683900704737315,0.6,0.0,False,False,0.0,0
H,1835086333,94,284,0.9717158611079014,0.9874230902346027,0.032962491759835254,0.9717158611079014,0.6690505679184351,0.526,0.8041371762086353,0.7127827883405042,0.8910660058022062,0.9947574217188572,286,0.004442692615484798,0.20645728309388423,0.02097521221024894,0.43313195836069646,0.33404632383912564,0.0009465298805599306,0.6,0.4,False,False,0.0,0
H,1835086333,95,286,0.9902423284989755,0.990248721771488,0.09512659861075548,0.9902423284989755,0.6733802499601105,0.21400000000000002,0.8047831709628742,0.7048056707551927,0.8977297328843983,0.9755395794784152,282,0.033275272896421335,0.22126640847887513,0.08186192556492485,0.26666703823284327,0.2788516383120637,0.11807771651487152,0.2,0.2,False,False,0.0,0
H,1835086333,96,282,0.9877338113121173,0.9883430195602072,0.05883788871034046,0.9877338113121173,0.6764467744880871,0.4,0.8065207954524771,0.7039064448446806,0.9079567595959585,0.9612452473055361,279,0.11676322034059326,0.19833932077759098,0.03221172754208427,0.3144875339751084,0.30361752544687565,0.03458067191774753,0.0,0.4,False,False,0.0,0
H,1835086333,97,279,0.9888399749123868,0.9889647816450495,0.07146274795821761,0.9888399749123868,0.6882977500557326,0.326,0.8012761227575368,0.7118332738464652,0.9152434693300088,0.9706428162931362,283,0.22652689055023387,0.19268912828679802,0.010147607896216515,0.2052167538184689,0.290411928468231,0.07500769098005179,0.6,0.2,False,False,0.0,0
H,1835086333,98,283,0.9879766267331774,0.9879766322492489,0.1512693140314172,0.9879766267331774,0.6619623880001548,0.014000000000000002,0.806351714738013,0.723319506016681,0.9012958922554013,0.995263945261762,273,0.2759736982817379,0.1732183562528756,0.07881585507243123,0.2075817438916208,0.18788384929196725,0.07652649720936712,0.2,0.0,False,False,0.0,0
H,1835086333,99,273,0.9713865318740695,0.9842893949204147,0.03450271194669174,0.9713865318740695,0.63952631297454,0.526,0.8094382724718735,0.7164185866337273,0.9111663030298611,0.9713717283015412,265,0.05331319897350358,0.1921445730780591,0.02249673514904885,0.3686464527837835,0.35004482026882755,0.01335421974677743,0.6,0.4,False,False,0.0,0
H,1835086333,100,265,0.987573551000043,0.9876103923210513,0.08116429543887745,0.987573551000043,0.6573287387132667,0.256,0.8067606392950017,0.7279614991605815,0.8958164335184162,1.0072671813647496,273,0.27954802323175715,0.19595275623932987,0.1081979732230124,0.18412706810854768,0.17883380395770584,0.05334037523964718,0.4,0.2,False,False,0.0,0
H,1835086333,101,273,0.9915890530559139,0.991601898646796,0.08958329160290751,0.9915890530559139,0.6580857473044026,0.22400000000000003,0.8024952538332208,0.7268700690712677,0.9062347901665746,0.9994787908481585,272,0.1288330608589417,0.15001435133811591,0.10065760850084135,0.22266449654998627,0.3362266214493165,0.061603861302798366,0.8,0.0,False,False,0.0,0
H,1835086333,102,272,0.9876477116234681,0.9876589888987244,0.09058806591037893,0.9876477116234681,0.6481512509817599,0.22400000000000003,0.8067836354838067,0.7193501420537265,0.9031965385823858,0.9871905482961281,269,0.047794705450276295,0.22913790512133617,0.0636174009274389,0.31374629966954176,0.23792613716234307,0.10777755166906376,0.8,0.0,False,False,0.0,0
H,1835086333,103,269,0.991127543895591,0.9911451685874367,0.08706185078403847,0.991127543895591,0.665963464052079,0.256,0.8031466136301053,0.7333280956034843,0.9112942731985371,1.0019472337723963,274,0.3118182581555521,0.1671953590827642,0.029483987543936163,0.1638345813722721,0.2920869423719493,0.03558087147352616,0.4,0.2,False,False,0.0,0
H,1835086333,104,274,0.9722650319073864,0.9916275399048747,0.03133092636911285,0.9722650319073864,0.6651108118106234,0.55,0.8062636844103823,0.7350237260477988,0.9201648458786833,0.9907375461026243,272,0.16702544030610783,0.16591520617596775,0.02898533245074223,0.27734380603151826,0.36040418467396984,0.00032603036169411985,1.0,0.2,False,False,0.0,0
H,1835086333,105,272,0.9880406933722813,0.9882399972306177,0.06773108610519032,0.9880406933722813,0.6664196961437859,0.35,0.8029190169174159,0.7259704215599331,0.921477227218104,0.9812113777185592,270,0.03372352268155366,0.27665123325637037,0.005427563195773699,0.4147571518858184,0.26664432963644524,0.002796199344038625,1.0,0.0,False,False,0.0,0
H,1835086333,106,270,0.9825146274325902,0.9825146282826815,0.1661111410745731,0.9825146274325902,0.6460638559205257,0.0,0.8074015583470028,0.7251266336607146,0.9293295044962936,0.9663947193973059,260,0.13068416473472744,0.2089129070088212,0.038027709603216456,0.23861272209246118,0.33121513433021604,0.05254736223055771,0.0,0.0,False,False,0.0,0
H,1835086333,107,260,0.9860022578405293,0.9860088032742241,0.09490521096793522,0.9860022578405293,0.6211650927119108,0.22400000000000003,0.8033621997639666,0.7356709609295176,0.9363965540466642,0.9779404578916691,253,0.27250823689798354,0.22595662167333339,0.007677945675639618,0.10542047024844532,0.3169528252796225,0.07148390022497568,0.8,0.0,False,False,0.0,0
H,1835086333,108,253,0.987309475182143,0.9873224402305284,0.08947518134959564,0.987309475182143,0.6226707451867577,0.256,0.7999172456388747,0.7334897296892425,0.9381257215824648,0.9774351067836897,253,0.1200289600775109,0.17550272517857063,0.12214405969385436,0.2539651148136285,0.27684411470233455,0.051515025534101144,0.4,0.2,False,False,0.0,0
H,1835086333,109,253,0.981928175252377,0.984528364836556,0.04725560874584272,0.981928175252377,0.6287857580684473,0.42400000000000004,0.79531132421176,0.7286388010356335,0.9443131494242183,0.9701951311053084,256,0.08529447288566412,0.21260612745355964,0.003203859164076369,0.2683031889360342,0.43029431324676104,0.0002980383139044964,0.8,0.2,False,False,0.0,0
H,1835086333,110,256,0.9879115042533015,0.9879181949447536,0.09474589045487455,0.9879115042533015,0.6282630677055469,0.21400000000000002,0.792880626524297,0.735075190428486,0.9140217365677216,1.0143023574441477,259,0.22335411805792782,0.2526599392059267,0.030670062652240176,0.2684203984000647,0.12069951042962535,0.10419597125421519,0.2,0.2,False,False,0.0,0
H,1835086333,111,259,0.9872049919286243,0.9872174531426696,0.08978984204783919,0.9872049919286243,0.6375388540319269,0.22400000000000003,0.7899569455769688,0.7265128456469478,0.9066657307959467,1.0143613070273811,267,0.03989268424857644,0.25510875058054905,0.03227004137513007,0.2901045970916288,0.22023083942498622,0.16239308727912943,0.8,0.0,False,False,0.0,0
H,1835086333,112,267,0.9908716758714907,0.9913075830145515,0.0615262126196914,0.9908716758714907,0.6381337592733732,0.35,0.7919633700646976,0.7261744136176297,0.915999157716352,1.0010154333239203,262,0.1373401281628654,0.21130409985319373,0.02089059480885596,0.2569156188605051,0.3185433043600371,0.055006253954542575,1.0,0.0,False,False,0.0,0
H,1835086333,113,262,0.9864286026307683,0.9864286469451797,0.1346708696370431,0.9864286026307683,0.6294413926727427,0.014000000000000002,0.796557317330523,0.7234870661522546,0.9207101473406512,0.9864857371044566,259,0.10776716519382942,0.17541474286382466,0.187881676333552,0.22159040446657782,0.28155452697967204,0.025791484162543978,0.2,0.0,False,False,0.0,0
H,1835086333,114,259,0.9921992637274356,0.9921992707382634,0.14939451782305874,0.9921992637274356,0.6514879188530239,0.014000000000000002,0.7932334716949951,0.7247232458980534,0.9188852325801811,0.9942827117398945,267,0.15513166316764457,0.16992648259866638,0.006201940615759143,0.25141233768114046,0.25123049986797535,0.16609707606881416,0.2,0.0,False,False,0.0,0
H,1835086333,115,267,0.9891951159864752,0.9892009590314064,0.0958345324456128,0.9891951159864752,0.6437037672911643,0.21400000000000002,0.793201952464401,0.732472241887647,0.9046094725569956,1.020813172320864,264,0.2373144785562037,0.16853339102089965,0.0797589054196062,0.29404742588865923,0.18806381617416326,0.03228198294046794,0.2,0.2,False,False,0.0,0
H,1835086333,116,264,0.9904825230638339,0.9904825801728688,0.1326844241077799,0.9904825230638339,0.6638685359019844,0.05600000000000001,0.7887074442081365,0.7390287148356941,0.9015589364290759,1.039324704970704,272,0.22725106303036816,0.18903609786853665,0.017914569852026097,0.24385859483986821,0.23705205563889895,0.08488761877030192,0.4,0.0,False,False,0.0,0
H,1835086333,117,272,0.9885032320157585,0.9885130624725917,0.09168789853931747,0.9885032320157585,0.6539672466599911,0.2,0.7964580494798894,0.7351802015178203,0.9086424946487636,1.0158693407776827,266,0.10128653029888574,0.17748073398104677,0.06278399700702915,0.23125343839708462,0.28619725931297635,0.14099804100297736,0.0,0.2,False,False,0.0,0
H,1835086333,118,266,0.9850994111650839,0.9869277809509893,0.05007820177433585,0.9850994111650839,0.6552131951297664,0.42400000000000004,0.7842792142403414,0.7417213043048795,0.9131676628438588,1.0356655361438825,266,0.22875141078687777,0.13305211462516636,0.027319191073077478,0.33076425891069533,0.2769470882998578,0.0031659363043254067,0.8,0.2,False,False,0.0,0
H,1835086333,119,266,0.9874960850530147,0.9874961607601083,0.13041636631385203,0.9874960850530147,0.6716698540541002,0.05600000000000001,0.7774195375090395,0.7348299588853977,0.9200063449929615,1.027402411525388,279,0.06493399744702807,0.19928793655720295,0.06300538467642741,0.18374151177276637,0.2907772421674432,0.19825392737913203,0.4,0.0,False,False,0.0,0
H,1835086333,120,279,0.9890681664094317,0.9894684209131417,0.06219065305062188,0.9890681664094317,0.6597197054461466,0.35,0.7852352613019047,0.7267423766657843,0.9245651886743625,1.0010209200193723,273,0.04567394655820674,0.24103885025859462,0.16901666531847234,0.23278329753595026,0.28279739090348577,0.0286898494252903,1.0,0.0,False,False,0.0,0
H,1835086333,121,273,0.9896393009151359,0.9896488144198833,0.09195791507024924,0.9896393009151359,0.6671123206548202,0.22400000000000003,0.7829345943728766,0.7242230730812189,0.9321086698069263,0.992385308878613,279,0.11022269060904674,0.23334409614321025,0.10073272368212009,0.18523235145465408,0.32028604415617906,0.05018209395478968,0.8,0.0,False,False,0.0,0
H,1835086333,122,279,0.9588991229446441,0.9873787678897875,0.028225344102504005,0.9588991229446441,0.6642139296494131,0.55,0.7823596771878278,0.7307471666840035,0.9245646833229116,1.0102372573391438,284,0.2216905907105689,0.17598602733156124,0.04258414915537892,0.2827610586770657,0.2283344024833896,0.04864377164203569,1.0,0.2,False,False,0.0,0
H,1835086333,123,284,0.9895141229568386,0.9895248426387045,0.09100673058152714,0.9895141229568386,0.7033279034541676,0.21400000000000002,0.7787908132234079,0.7230591356728161,0.9227264532513936,1.006190068722612,294,0.048116591537658814,0.2517576960661671,0.02232208700817826,0.32913840387504156,0.2530911913038655,0.09557403020908876,0.2,0.2,False,False,0.0,0
H,1835086333,124,294,0.9669857000745045,0.9890092724432997,0.030284824475489525,0.9669857000745045,0.6768872021789536,0.55,0.781598668500563,0.727251235174909,0.9304538079262542,1.0000134450509812,289,0.1918132035716714,0.16951735852109176,0.06622509969241602,0.17463541998981444,0.33489265814842745,0.06291626007657888,1.0,0.2,False,False,0.0,0
H,1835086333,125,289,0.9833261554843522,0.9869403552925348,0.04465394404804061,0.9833261554843522,0.6869545683288845,0.456,0.7836745766857951,0.724289276400924,0.9311369040147646,0.9925736865709244,286,0.10500753730950563,0.24526287252134749,0.06011291960508405,0.2784274416747933,0.26864238440567884,0.04254684448359078,0.4,0.4,False,False,0.0,0
H,1835086333,126,286,0.9878463177662092,0.9889461208437029,0.054140519247257664,0.9878463177662092,0.6813889734265588,0.41400000000000003,0.7794577451427566,0.7242737210425205,0.9104889132311734,1.0205528249791485,288,0.13998635577053353,0.22320306643298624,0.03149389611838503,0.29149578618356425,0.16232849808942654,0.15149239740510448,0.2,0.4,False,False,0.0,0
H,1835086333,127,288,0.990576466119188,0.9906045217890525,0.08335694925438819,0.990576466119188,0.6834483451704105,0.256,0.7830807838422648,0.7285168295675084,0.9194400219080561,1.0118348139827125,285,0.19320993221392413,0.21759215115848804,0.014082631620253272,0.20158848988365868,0.3181926576145767,0.055334137509099116,0.4,0.2,False,False,0.0,0
H,1835086333,128,285,0.9896408908263273,0.9896418133650109,0.11053140665964421,0.9896408908263273,0.6918720969639979,0.126,0.7794577189704756,0.7190148050168619,0.9274960197172505,0.9945651015343506,289,0.024047711596610958,0.18707365115540434,0.03565609756717794,0.31048712688026603,0.43747334331843596,0.005262069482104831,0.6,0.0,False,False,0.0,0
H,1835086333,129,289,0.9868010860913903,0.9876612233435381,0.056086712572969495,0.9868010860913903,0.6794642491218453,0.4,0.7858874112484125,0.722975726513364,0.9210450312986792,0.99880916843268,285,0.18639577184181447,0.21116868932535096,0.07043339635060579,0.20748286446290187,0.23149306776576895,0.09302621025355799,0.0,0.4,False,False,0.0,0
H,1835086333,130,285,0.9895033276993656,0.9895033672937162,0.13559213421632588,0.9895033276993656,0.6751270330162452,0.05600000000000001,0.790958683628122,0.7173935245694233,0.9116495880578201,0.9948914849270578,284,0.06958230477159474,0.1839825897921647,0.1954193687436277,0.2629183898080295,0.21354529944504408,0.0745520474395394,0.4,0.0,False,False,0.0,0
H,1835086333,131,284,0.9868737467914681,0.9870521545566647,0.06860316118928866,0.9868737467914681,0.673623414466322,0.326,0.78671257169932,0.7170315291977869,0.9204846292520381,0.9901605558399891,282,0.13134601071043447,0.15299642376837927,0.0712149291208278,0.25620747286651835,0.3421660375293252,0.04606912600451493,0.6,0.2,False,False,0.0,0
H,1835086333,132,282,0.9862540960663041,0.9862697196050805,0.08798196418906964,0.9862540960663041,0.6693443071959567,0.21400000000000002,0.7822268559072892,0.7267368873040799,0.9016228391285639,1.0304325706774573,282,0.25696168207728,0.1634749300714826,0.03232135037877879,0.28948488693707347,0.16593336400864775,0.09182378652673744,0.2,0.2,False,False,0.0,0
H,1835086333,133,282,0.9681245640035411,0.9878217047666765,0.031163922246758156,0.9681245640035411,0.660130243752693,0.55,0.7798931821240628,0.7199960537333006,0.904753322057944,1.0203867391934411,284,0.05745013493030818,0.17669577475592335,0.07573428864001476,0.3270910877545368,0.2664638342111827,0.09656487970803423,1.0,0.2,False,False,0.0,0
H,1835086333,134,284,0.9899178318708868,0.9899396893579514,0.0853388157829004,0.9899178318708868,0.6733647368586733,0.256,0.7822162742121526,0.7164730013115173,0.8928166611545999,1.0259133851482,286,0.09345937831102195,0.18398286749178203,0.08452652255770018,0.29251528030248514,0.1926933565122513,0.15282259482475927,0.4,0.2,False,False,0.0,0
H,1835086333,135,286,0.9880026567721535,0.9880208222413146,0.08679615250516684,0.9880026567721535,0.6704591888303694,0.22400000000000003,0.7843534648403395,0.7152469947320279,0.8851890368050342,1.0301683333579992,286,0.11997054357608183,0.18729029952757284,0.08601100303277145,0.2780440427078471,0.20827020882947161,0.12041390232625525,0.8,0.0,False,False,0.0,0
H,1835086333,136,286,0.9690603140967885,0.9881406037584527,0.031419762378664444,0.9690603140967885,0.6566034809455272,0.55,0.7955462752417112,0.711777279271045,0.8934719233285147,1.0013773509140553,279,0.09115792844522985,0.23093200342136447,0.048146346918384667,0.3070501890111471,0.284008951019919,0.03870458118395481,1.0,0.2,False,False,0.0,0
H,1835086333,137,279,0.9889778962677769,0.9891448929709942,0.06914616264642429,0.9889778962677769,0.6609461258408004,0.326,0.8047086817114898,0.7093485497430482,0.9041247309956632,0.9749731359479424,270,0.10200168044444277,0.21872701163671543,0.006574898421255458,0.2508588431839931,0.3387172582741866,0.08312030803940673,0.6,0.2,False,False,0.0,0
H,1835086333,138,270,0.9895343637220717,0.9904534637340658,0.055581408314849486,0.9895343637220717,0.651944753354986,0.4,0.8049858425004172,0.7199406941198297,0.9064570339265904,0.986645766366221,265,0.2632446482991751,0.26990839134794103,0.004346530040016228,0.1964770897297951,0.2637238801524677,0.002299460430604916,0.0,0.4,False,False,0.0,0
H,1835086333,139,265,0.9870063388599863,0.9878629545141137,0.05612099552394396,0.9870063388599863,0.6461797470771833,0.41400000000000003,0.8073179420972221,0.7264453513792201,0.9156835933864578,0.9826817977060762,264,0.2187711495672723,0.20706595477059897,0.016813544219059024,0.14404946440736363,0.29936131426263224,0.11393857277307384,0.2,0.4,False,False,0.0,0
H,1835086333,140,264,0.9848131914458098,0.988625925106329,0.044241854685100085,0.9848131914458098,0.6247306204756548,0.456,0.8176270683797998,0.7216536629777212,0.9126794573062423,0.9670641504587779,253,0.08163223959327652,0.27916516908760536,0.0012783623377010385,0.37107082530827046,0.24282111629215172,0.024032287380994954,0.4,0.4,False,False,0.0,0
H,1835086333,141,253,0.9861465243152359,0.9861465257818091,0.16179956444628765,0.9861465243152359,0.6254484056351692,0.014000000000000002,0.8190213149027553,0.7194185195703822,0.9034973199024776,0.9722087835234287,254,0.11059424676933904,0.24647916652843258,0.12647084391537403,0.2934117557408233,0.21042904163429782,0.012614945411733268,0.2,0.0,False,False,0.0,0
H,1835086333,142,254,0.9902812394689254,0.9904979470334744,0.06708284930963071,0.9902812394689254,0.622930270734109,0.35,0.8239889139220545,0.7125830240313806,0.907641726464516,0.9527953961147535,250,0.051692880493969,0.22993627898273203,0.05745495519176871,0.354604965727577,0.27247069276143093,0.033840226842522234,1.0,0.0,False,False,0.0,0
H,1835086333,143,250,0.9882957246795487,0.9884320825581158,0.07075386128682361,0.9882957246795487,0.6357600405667265,0.326,0.823903295521924,0.7087178147454999,0.9168775538180645,0.938179132153897,253,0.08454927394610419,0.19969499697471849,0.030271589812048503,0.2738185673958474,0.35266278793259703,0.059002783938684376,0.6,0.2,False,False,0.0,0
H,1835086333,144,253,0.9885539879712024,0.9885541118951297,0.12650219645731242,0.9885539879712024,0.6589819158200145,0.126,0.8189985100408435,0.7019381732366581,0.9165020318840511,0.935152237516806,265,0.04570311535541515,0.2412869065193418,0.05029680011272217,0.2863314626696399,0.2565611672389653,0.11982054810391563,0.6,0.0,False,False,0.0,0
H,1835086333,145,265,0.9869499621595049,0.9869501932833751,0.12152786822606712,0.9869499621595049,0.6543326366570803,0.126,0.8185148889427238,0.6970849589428856,0.9140825747844766,0.9316948572252839,265,0.0655461796007557,0.20300130189459617,0.071737091324278,0.281567800764353,0.24615373044415334,0.13199389597186378,0.6,0.0,False,False,0.0,0
H,1835086333,146,265,0.9928141573695931,0.992817871384396,0.09947060183277454,0.9928141573695931,0.6630369242169587,0.22400000000000003,0.8176101022557968,0.6983751530746938,0.9186182118875044,0.9298384042465514,268,0.13930552598690563,0.16365085210560945,0.111405999529065,0.21234334867618987,0.27971947290737703,0.09357480079485292,0.8,0.0,False,False,0.0,0
H,1835086333,147,268,0.987972348244504,0.9879969536748723,0.08438051786312212,0.987972348244504,0.6680822345122895,0.256,0.8179040775568918,0.6974868730060756,0.9192756873569611,0.927657992860779,270,0.11288096981395603,0.16095809421363474,0.1529747566622334,0.30398455857164464,0.2625964832910358,0.006605137447495458,0.4,0.2,False,False,0.0,0
H,1835086333,148,270,0.9873539300446675,0.9907904721144246,0.04508616177719724,0.9873539300446675,0.6422393263692336,0.456,0.8194281776984838,0.7123261439926473,0.927348118621265,0.937400530678418,260,0.3089201829609427,0.25393036830602195,0.007032543266014474,0.11249335668811039,0.31068998583581603,0.006933562943094495,0.4,0.4,False,False,0.0,0
H,1835086333,149,260,0.9876942743479382,0.9876942857343407,0.14549794308257222,0.9876942743479382,0.6488754685457488,0.014000000000000002,0.8168444793192018,0.7086113207967336,0.9346133067591385,0.9281897069818237,266,0.08626855004648412,0.19543388799014264,0.042561831074797295,0.18700178137642232,0.34801220154827706,0.14072174796387665,0.2,0.0,False,False,0.0,0
H,1835086333,150,266,0.987601105775345,0.9876130993474767,0.09009750517206541,0.987601105775345,0.6453801292202188,0.256,0.8166815033208813,0.7231807547568969,0.9207199310563369,0.9617597464298322,266,0.3340963370921811,0.2022438525404367,0.026248055091551863,0.18993825934639508,0.1978397748655615,0.04963372106387378,0.4,0.2,False,False,0.0,0
H,1835086333,151,266,0.9902053048026819,0.9902053067494757,0.1595775257732343,0.9902053048026819,0.667205936366906,0.014000000000000002,0.815643430536101,0.7223801797488394,0.9212031316792243,0.9614131837420951,273,0.12948078412234126,0.2155286547856492,0.0780568745380419,0.2556937179607928,0.2627759686426054,0.05846399995056937,0.2,0.0,False,False,0.0,0
H,1835086333,152,273,0.9893495610223461,0.9921508639271412,0.046723972806664016,0.9893495610223461,0.6688237377699683,0.456,0.8097865457551835,0.7362611707613974,0.9110395046822984,0.9979852690599238,271,0.31451896317973005,0.14634822569163758,0.007629216153419004,0.29340775907086647,0.209783430854983,0.028312405049363994,0.4,0.4,False,False,0.0,0
H,1835086333,153,271,0.988020040750544,0.9880222566900756,0.10354293604667217,0.988020040750544,0.6552685131996956,0.2,0.8163528827634544,0.7310121264106741,0.912801453460438,0.9810029823446811,267,0.08205017734183255,0.3157266885769423,0.0024441539606063598,0.20609024170283297,0.26432949623184687,0.12935924218593897,0.0,0.2,False,False,0.0,0
H,1835086333,154,267,0.9914584726374897,0.9914587430396072,0.12031476383974302,0.9914584726374897,0.6577210698895402,0.126,0.8125870939212341,0.7296753600938681,0.9215213081143941,0.9744383754768579,268,0.12767300004659657,0.1522223893628496,0.0931794808791255,0.20574385427453973,0.37097080529310633,0.050210470143782326,0.6,0.0,False,False,0.0,0
H,1835086333,155,268,0.9717889707176377,0.990402383882733,0.03163515960666796,0.9717889707176377,0.6382457644910255,0.55,0.807868847706354,0.7266480897648009,0.9293691773029548,0.967820929558019,263,0.1057062209453271,0.15737840994278204,0.03384119442350509,0.34956718755822025,0.31865456836885414,0.03485241876131135,1.0,0.2,False,False,0.0,0
H,1835086333,156,263,0.9778387553432434,0.9931717178656012,0.03320066598399829,0.9778387553432434,0.6601238866272731,0.526,0.8064855528400949,0.7309018017876887,0.9356284854868895,0.9686324294354752,269,0.19482645638909776,0.18269672407907336,0.001033653626320146,0.20984042311047893,0.2959811295711507,0.11562161322387932,0.6,0.4,False,False,0.0,0
H,1835086333,157,269,0.987693382150912,0.9877176648330448,0.08448337012368967,0.987693382150912,0.667679293653854,0.256,0.7976103660540498,0.7363049907746406,0.938524418506713,0.9836064727904149,269,0.21185348845420418,0.13457447349053972,0.01981594163633313,0.23998020149007218,0.28229390784256214,0.1114819870862887,0.4,0.2,False,False,0.0,0
H,1835086333,158,269,0.9912056670087711,0.9912056807024188,0.14405746129159883,0.9912056670087711,0.6723197371181269,0.0,0.8006467985846139,0.7407608710486737,0.9446719766560416,0.9793908220350996,270,0.2033891226595634,0.18660738662333823,0.020762102378612007,0.1640361729314305,0.31260161959475435,0.11260359581230141,0.0,0.0,False,False,0.0,0
H,1835086333,159,270,0.9905942420750223,0.9905942578000987,0.14295147544143127,0.9905942420750223,0.6756700881021716,0.05600000000000001,0.7992490636674605,0.7354140520589573,0.9441395873417823,0.9745712153235497,271,0.08364030703396556,0.19420792315790147,0.04366375442445071,0.2877832864070506,0.26967404175672405,0.12103068721990759,0.4,0.0,False,False,0.0,0
H,1835086333,160,271,0.9887174485937124,0.9898076037925376,0.05421758714799975,0.9887174485937124,0.6657076726395241,0.42400000000000004,0.8014561418491704,0.734925540611512,0.9416096840486565,0.9738513322746534,267,0.1410273894437837,0.23362159415077782,0.044912070720233156,0.24082481171228914,0.25942027720526256,0.08019385676765373,0.8,0.2,False,False,0.0,0
H,1835086333,161,267,0.9883446802827387,0.9884502845022771,0.07278848014011272,0.9883446802827387,0.6505696709983018,0.326,0.8011808885333601,0.7479282072432945,0.907484928491542,1.028702772701738,265,0.3093617957794753,0.16907239392718962,0.015622860399057338,0.2506402373936671,0.10018106423875618,0.15512164826185454,0.6,0.2,False,False,0.0,0
H,1835086333,162,265,0.9944686674901444,0.9945859732765396,0.07200124814575462,0.9944686674901444,0.6616784478004545,0.326,0.8032599859774553,0.7505562141517305,0.8864485083412688,1.0540800120749612,270,0.18780521588250865,0.2488794871944852,0.07357630747242766,0.3000802034055188,0.1485603634944047,0.04109842255065515,0.6,0.2,False,False,0.0,0
H,1835086333,163,270,0.9848308351156321,0.9848391830935248,0.092959461376259,0.9848308351156321,0.6467825671888894,0.22400000000000003,0.8023772829702478,0.7504136690363438,0.8978036575071419,1.0416953884858315,267,0.1548158199024972,0.20983062899211052,0.04358643427688851,0.1819997207252746,0.3584701675022727,0.05129722860095646,0.8,0.0,False,False,0.0,0
H,1835086333,164,267,0.9887369356764956,0.9903576867916059,0.05106528578114427,0.9887369356764956,0.6757591604637733,0.4,0.7983731538177241,0.7381013275993993,0.9080232917564277,1.0181530646086725,278,0.002604275185908126,0.2530001350888961,0.05787772449113079,0.27224768533649224,0.3463125902315394,0.06795758966603348,0.0,0.4,False,False,0.0,0
H,1835086333,165,278,0.9804482606679804,0.9909965976856911,0.036160573925146336,0.9804482606679804,0.6629536966835098,0.526,0.7991519503941082,0.7413360740886612,0.8986711437118943,1.032250194404975,274,0.189247660865398,0.1894211634614569,0.029219620806427683,0.2951697125622502,0.20725090565554669,0.08969093664892061,0.6,0.4,False,False,0.0,0
H,1835086333,166,274,0.9871440976426259,0.9871490583479582,0.09712110076133054,0.9871440976426259,0.6619184212792316,0.22400000000000003,0.8055530652263035,0.7352611818425926,0.9042435865418511,1.0093970851551175,268,0.07489889322955544,0.22003106434653788,0.014934331768377232,0.28743004096935115,0.27719778600573136,0.12550788368044696,0.8,0.0,False,False,0.0,0
H,1835086333,167,268,0.9295808271841353,0.989348289233823,0.02234062727762946,0.9295808271841353,0.6330288565275528,0.614,0.8057696018330557,0.7351554886782502,0.9084144832206731,1.0043481292427416,269,0.1457170740973401,0.16905600806061039,0.0011015438096247255,0.33687402269304106,0.27297627666503566,0.07427507467434803,0.2,0.6,False,False,0.0,0
H,1835086333,168,269,0.9884145164629563,0.9884145188203951,0.1580396224003083,0.9884145164629563,0.6863792138000313,0.0,0.8106463712919739,0.7407683620483331,0.9013888267147583,1.0137685454532155,271,0.21713309754994184,0.20696853229607534,0.03324226954373123,0.27917379975759127,0.21907895908076244,0.04440334177189797,0.0,0.0,False,False,0.0,0
H,1835086333,169,271,0.979277511951118,0.986775762741938,0.0388433593875897,0.979277511951118,0.6819961437416193,0.526,0.8058984312258415,0.7426546618182918,0.9042196650973646,1.0191371977317287,272,0.17405897340469237,0.23286723719883307,0.047525899829597845,0.24593536597486435,0.2648486052704107,0.034763918321601535,0.6,0.4,False,False,0.0,0
H,1835086333,170,272,0.9819421701404206,0.9907548508546572,0.03758966665377788,0.9819421701404206,0.6818156435284956,0.526,0.806985690942396,0.7372634219866492,0.9091238097847368,1.0049253958418114,270,0.08426866574090067,0.21671900250896553,0.006364897931612204,0.26952822489339034,0.27663055598554315,0.14648865293958824,0.6,0.4,False,False,0.0,0
H,1835086333,171,270,0.988194614420387,0.9894150309181129,0.053315958882769826,0.988194614420387,0.6635776665204258,0.4,0.796154030384026,0.7280533371825352,0.9182114288062632,0.9959175942846223,264,0.03316357869023048,0.14275163923741208,0.07727001352885088,0.29829786660823665,0.40652424708489515,0.041992654850374865,0.0,0.4,False,False,0.0,0
H,1835086333,172,264,0.9914026907149394,0.9918560800083905,0.061217610667685024,0.9914026907149394,0.6711974793848159,0.35,0.7970280952050176,0.7334049124273445,0.9126451145455896,1.008250046543119,268,0.20942802629920185,0.15991605102093853,0.08065697339314518,0.21284673926493147,0.23127414309976368,0.10587806692201945,1.0,0.0,False,False,0.0,0
H,1835086333,173,268,0.9893706148657048,0.9896420732196733,0.0652828823132385,0.9893706148657048,0.6746275134763321,0.35,0.7907563300265595,0.7306407665158005,0.9213806030910306,1.0028180858622422,269,0.11132624637278969,0.1971238963106976,0.023125263190489225,0.3147633756833434,0.32682315229278386,0.026838066149896214,1.0,0.0,False,False,0.0,0
H,1835086333,174,269,0.988031096629307,0.9880413217480861,0.09137077513496944,0.988031096629307,0.6656653617891312,0.21400000000000002,0.7853133387067239,0.7252655510364758,0.9292425427819275,0.9938594946155588,266,0.07696028558081791,0.14980307208871227,0.005235995088626687,0.282877867759745,0.41059590237985444,0.07452687710224377,0.2,0.2,False,False,0.0,0
H,1835086333,175,266,0.9819357941023477,0.9819415645543612,0.0958754148504283,0.9819357941023477,0.6601783201743461,0.21400000000000002,0.7870709391379288,0.7245993229811751,0.9298775713825437,0.9900526121004453,264,0.13246311870653837,0.22535636495925415,0.03828299922576368,0.2683074978906658,0.26779641439404434,0.0677936048237337,0.2,0.2,False,False,0.0,0
H,1835086333,176,264,0.9900573761679858,0.9900649612579807,0.0937644403546084,0.9900573761679858,0.6513388142433378,0.22400000000000003,0.7899158160569154,0.724820259537179,0.9200543853499317,0.9973234130474967,259,0.1431362838132833,0.17523211695688015,0.07271123139058053,0.3761213974757367,0.21582285552821162,0.016976114835307667,0.8,0.0,False,False,0.0,0
H,1835086333,177,259,0.9811573735395115,0.9811702248240417,0.08949558042838412,0.9811573735395115,0.63479162802052,0.256,0.7965894442243711,0.7312636682555967,0.8993437443961082,1.0207367034796557,258,0.22105527119095872,0.22323957821916166,0.13586814693267232,0.22452349279158418,0.1564739879058487,0.03883952295977454,0.4,0.2,False,False,0.0,0
H,1835086333,178,258,0.9923798213745235,0.992379884893932,0.1318528393193854,0.9923798213745235,0.6240483095973959,0.05600000000000001,0.7997830822441909,0.7266758166720728,0.8941791140918842,1.01611759708756,253,0.08719164786569901,0.2007367686681397,0.1371242337492986,0.24977082239860568,0.22384872067693415,0.10132780664132288,0.4,0.0,False,False,0.0,0
H,1835086333,179,253,0.9873027978506815,0.991026263252144,0.0444497451375943,0.9873027978506815,0.6094362866882918,0.456,0.8012127188842249,0.7186544558966872,0.9047612026826958,0.9913758119449659,248,0.04140537572772525,0.18608615363932537,0.10386760367689979,0.24839911533547085,0.37094616496097793,0.049295586659600786,0.4,0.4,False,False,0.0,0
H,1835086333,180,248,0.9849376521416354,0.985656539524134,0.05749847538273897,0.9849376521416354,0.6088917662346176,0.4,0.7978686081108074,0.7119129213261911,0.9142850824144262,0.9759192026367299,248,0.05238985280422871,0.17998432741689763,0.0469679136943667,0.30680505828315785,0.31008134277569466,0.10377150502565453,0.0,0.4,False,False,0.0,0
H,1835086333,181,248,0.9852042088545262,0.9864402045529104,0.053191018601240724,0.9852042088545262,0.6197389797286986,0.41400000000000003,0.7996358635351873,0.7045902268025017,0.9228565741729836,0.9547950100219772,251,0.040911894282752666,0.1806388195651179,0.08420095470204476,0.2819896711672397,0.3092002216307761,0.10305843865206887,0.2,0.4,False,False,0.0,0
H,1835086333,182,251,0.9735653459240363,0.9894045356912066,0.03291185373433539,0.9735653459240363,0.6085637868723973,0.526,0.8017416300294316,0.7081002266275146,0.9161312103076892,0.9640567948263078,251,0.1717438895642246,0.3394015571560492,0.005718095275771329,0.2275479718336536,0.22780146776001967,0.02778701841028143,0.6,0.4,False,False,0.0,0
H,1835086333,183,251,0.9869136063233894,0.9869136627771943,0.13274754690926924,0.9869136063233894,0.622256735182593,0.05600000000000001,0.8033204405839282,0.7158297563772364,0.904679957725714,0.9849767081308847,252,0.22668176351371921,0.17627265865668715,0.0421519561753263,0.2956229481478253,0.20080934224396857,0.05846133126247336,0.4,0.0,False,False,0.0,0
H,1835086333,184,252,0.9860001498084137,0.9860006447423286,0.1154588442726325,0.9860001498084137,0.6166627739034435,0.126,0.8067046141226021,0.710289123646709,0.9142119619531426,0.9631051919364736,249,0.06563568860417952,0.1685749638005457,0.03057437837456517,0.24212066552792177,0.3435930851311113,0.14950121856167659,0.6,0.0,False,False,0.0,0
H,1835086333,185,249,0.9857835053813516,0.9887442921504216,0.04625584214031613,0.9857835053813516,0.6096260205405926,0.456,0.8091976954148282,0.7039035492073477,0.9091456530569079,0.9568085581703364,248,0.05161102178717594,0.23008623225930927,0.1370249427572064,0.30980937394368474,0.2317744364953978,0.039693992757225974,0.4,0.4,False,False,0.0,0
H,1835086333,186,248,0.9894271796864454,0.9894311119428045,0.09898888165052083,0.9894271796864454,0.6138855978691048,0.21400000000000002,0.8058315758974319,0.705336007718658,0.8961313591873571,0.976742531567537,252,0.14534544964597196,0.26928899817472524,0.018534500064283404,0.3368252855719475,0.1895013571806999,0.040504409362372006,0.2,0.2,False,False,0.0,0
H,1835086333,187,252,0.9860421538724499,0.9871722788288044,0.05390973801774092,0.9860421538724499,0.6107018680459135,0.42400000000000004,0.8066715345001655,0.6984613693808885,0.8993166279644509,0.9627932474238926,252,0.04240202560204276,0.1759086265436373,0.07947441523861976,0.34589443686851223,0.2639920234791478,0.09232847226804025,0.8,0.2,False,False,0.0,0
H,1835086333,188,252,0.9877509203157886,0.987757069497694,0.09541640789685475,0.9877509203157886,0.6372937145267792,0.2,0.8066683136874065,0.7001679870273717,0.9093849651680058,0.9544638458632771,259,0.14537107644409553,0.1884159799601187,0.0016069805507151272,0.2587853571509565,0.3461635641705528,0.05965704172356142,0.0,0.2,False,False,0.0,0
H,1835086333,189,259,0.9835695704518145,0.9835791765099523,0.09183187825358663,0.9835695704518145,0.635102907134892,0.22400000000000003,0.811940800887563,0.7013855912752072,0.9139652786282938,0.9451544356392877,255,0.14032504499004989,0.1645001087007122,0.008259240847606132,0.3518284952979655,0.2775940498854429,0.0574930602782234,0.8,0.0,False,False,0.0,0
H,1835086333,190,255,0.9897592883641819,0.9898200594830052,0.07719811087303571,0.9897592883641819,0.6515210775908937,0.326,0.8058796665829456,0.6926881820853423,0.9225687507654644,0.9316844348772804,262,0.01714837967369352,0.23014746179214143,0.04768207732287307,0.2994883721777514,0.38110653241273995,0.024427176620800593,0.6,0.2,False,False,0.0,0
H,1835086333,191,262,0.9860745599103896,0.9860779120177419,0.10023247951520495,0.9860745599103896,0.6579264020729877,0.22400000000000003,0.8001264728515661,0.6967148550566178,0.9235008347442286,0.9428858939074227,265,0.1707635259442822,0.15963466710895372,0.07120790746278696,0.2782777726452212,0.2659447952765531,0.054171331562202864,0.8,0.0,False,False,0.0,0
H,1835086333,192,265,0.9887995293868909,0.9915416707096602,0.046888995596340854,0.9887995293868909,0.6533303513584408,0.456,0.79469598050916,0.698346102051901,0.9297293710210655,0.945177002406353,266,0.14333737185142567,0.19444966756106727,0.13314130774339653,0.193153228604931,0.2928930987562983,0.04302532548288128,0.4,0.4,False,False,0.0,0
H,1835086333,193,266,0.9870282764103132,0.9870282843433654,0.14836920176804713,0.9870282764103132,0.6534122622827228,0.0,0.7918375171902644,0.6973433538164363,0.914566990676375,0.9629307796995297,272,0.11143196083912943,0.16199881084568782,0.02534836707044789,0.2606246935240966,0.18905278378708043,0.2515433839335578,0.0,0.0,False,False,0.0,0
H,1835086333,194,272,0.9881924309972976,0.988192435453707,0.1529691158966449,0.9881924309972976,0.6695656938460954,0.0,0.7893825263461819,0.7005881057379267,0.9082310465532444,0.9771897604994314,279,0.16389899515390274,0.26124238843361897,0.05224890188338884,0.27055749626493875,0.22560377472253448,0.026448443541616188,0.0,0.0,False,False,0.0,0
H,1835086333,195,279,0.9884829195604349,0.9884945686981889,0.0903365526930091,0.9884829195604349,0.6549091367412218,0.22400000000000003,0.7931331430727379,0.6920168046607338,0.9074323840906413,0.9615154528584237,275,0.018226302621292854,0.28718288945028353,0.18319501415735145,0.25976971099105556,0.25012221096360665,0.001503871816409879,0.8,0.0,False,False,0.0,0
H,1835086333,196,275,0.9877929453388045,0.9879752980756248,0.06843650616446478,0.9877929453388045,0.6444253984159408,0.326,0.7961186383947838,0.7021044957957192,0.9166891456815772,0.9620593692134926,272,0.24610664210027672,0.18769182757966835,0.020086176852678713,0.115829177973107,0.31611413387239695,0.11417204162187224,0.6,0.2,False,False,0.0,0
H,1835086333,197,272,0.9904464513309917,0.9904706286097689,0.0845401529066768,0.9904464513309917,0.6443960121113244,0.256,0.7957399943171483,0.7022356906244545,0.9250202311134195,0.9540265930209658,269,0.12795524523151547,0.17746968995443005,0.09195177202209176,0.24204042871127257,0.31348059061738137,0.047102273463308884,0.4,0.2,False,False,0.0,0
H,1835086333,198,269,0.9854893111467441,0.9854893441047154,0.1370200796456129,0.9854893111467441,0.6568589735621367,0.05600000000000001,0.7882766066681928,0.6975224500236402,0.921666467306613,0.9600763347037576,283,0.0674817991301059,0.33747232243292585,0.020752231377011657,0.21484701450271051,0.245741296522677,0.11370533603456906,0.4,0.0,False,False,0.0,0
H,1835086333,199,283,0.991109090550462,0.9911091014359917,0.14588350454580315,0.991109090550462,0.6462700849266946,0.0,0.7922715743978824,0.6943749312056208,0.9104903571956321,0.9625972315349114,278,0.0841075460395322,0.24859431713111702,0.0922265901844775,0.29215280679808314,0.20495268309840198,0.07796605674838812,0.0,0.0,False,False,0.0,0
H,1835086333,200,278,0.9888302486858883,0.9893364973330476,0.060319552424972264,0.9888302486858883,0.6513541569892608,0.35,0.7826790218993664,0.6945232252558338,0.9194413214760688,0.9651149918161653,280,0.12333800763117479,0.14055678565123503,0.09190138753758903,0.26588961417054824,0.3248509380175641,0.053463266991888865,1.0,0.0,False,False,0.0,0
H,1835086333,201,280,0.9885875874494732,0.9885971100645741,0.09194183225846976,0.9885875874494732,0.6622175860909018,0.21400000000000002,0.7811264363784366,0.6910358449277134,0.9161351437509713,0.9656498907994556,286,0.07798476168339245,0.17137535550429542,0.030490406681921836,0.2789014115048797,0.24318977211254653,0.19805829251296406,0.2,0.2,False,False,0.0,0
H,1835086333,202,286,0.992287869694104,0.9922953032497264,0.09394298780685215,0.992287869694104,0.6661380456153736,0.2,0.7816275052771496,0.6947365280631429,0.9157568469798851,0.970599639647052,286,0.16565594227268976,0.20280428114823063,0.11033708765263284,0.2341281119382365,0.2561760880200552,0.030898488968155124,0.0,0.2,False,False,0.0,0
H,1835086333,203,286,0.988102323352686,0.9907488454049154,0.04716515341576398,0.988102323352686,0.6514168560812563,0.42400000000000004,0.7875176163253452,0.6994825572560222,0.9236612071501665,0.9616209305065005,275,0.18103569495045493,0.20146316897225744,0.011401658258682236,0.23953300572906386,0.2974002243413496,0.06916624774819206,0.8,0.2,False,False,0.0,0
H,1835086333,204,275,0.9911125957426232,0.9911126888154362,0.12880162826350727,0.9911125957426232,0.6486662132736994,0.05600000000000001,0.7888166111728486,0.6955735515668298,0.9150026994626593,0.963706164838045,275,0.07581402717010897,0.16758198953904022,0.20222186323964284,0.29355281638262803,0.2185380651375473,0.04229123853103272,0.4,0.0,False,False,0.0,0
H,1835086333,205,275,0.9934096225132779,0.9934096269022848,0.1531323456213389,0.9934096225132779,0.6480297067057211,0.014000000000000002,0.7939677000195831,0.68621747031143,0.9235024295163934,0.9358815663725031,272,0.005282454036770965,0.2075081980438764,0.02279315540526929,0.39592038260604684,0.31849110709295714,0.050004702815079245,0.2,0.0,False,False,0.0,0
H,1835086333,206,272,0.9897774211813518,0.9897804538387759,0.1010595131608311,0.9897774211813518,0.6259114316313704,0.2,0.7924257599497633,0.682455244850071,0.9305435113914422,0.9255052903498479,266,0.0693581006776574,0.21129710855240194,0.030319073563007413,0.21304700806355306,0.2969566241334408,0.17902208500993944,0.0,0.2,False,False,0.0,0
H,1835086333,207,266,0.986722916433013,0.9889802204866847,0.04841718091582954,0.986722916433013,0.6205450658141085,0.41400000000000003,0.7884088158517497,0.6808507271310081,0.937489160252298,0.921158107552955,263,0.09397805654300828,0.15149326966743296,0.051443234055203846,0.33162874762718225,0.33949585733976306,0.03196083476740956,0.2,0.4,False,False,0.0,0
H,1835086333,208,263,0.9838774378398597,0.9838950447400552,0.08701144919551591,0.9838774378398597,0.6194474811274365,0.2,0.7872411114889604,0.6803014048617803,0.9287367779971515,0.9304669635279506,265,0.1061651760915313,0.19111657832293644,0.12146072146585804,0.31786400868284365,0.22498266885041662,0.03841084658641382,0.0,0.2,False,False,0.0,0
H,1835086333,209,265,0.9886960322863716,0.9890305323205699,0.06361567343301755,0.9886960322863716,0.6231504183672046,0.35,0.7869692478828657,0.6842100341346771,0.9217063646113396,0.9432766644004132,266,0.16154624394982278,0.30304558879045124,0.0539440143982203,0.25034430640553207,0.2292163220695162,0.0019035243864573416,1.0,0.0,False,False,0.0,0
H,1835086333,210,266,0.988588185987059,0.9885882074887999,0.14044481279470228,0.988588185987059,0.6213073737361601,0.014000000000000002,0.7919486181262761,0.6968537607956399,0.9295357281502057,0.9466262768762325,265,0.27317785459620875,0.1916577649329229,0.016472563708228326,0.11483337944588756,0.3484320290877879,0.05542640822896469,0.2,0.0,False,False,0.0,0
H,1835086333,211,265,0.9875330038459925,0.987533008877368,0.15199784735081287,0.9875330038459925,0.6167411365821733,0.0,0.8015019422865195,0.7003469974118122,0.925225913935354,0.9444107107139358,258,0.1666990581994279,0.2286666683702308,0.004627631207446655,0.33570392871866367,0.24321879300084454,0.021083920503386405,0.0,0.0,False,False,0.0,0
H,1835086333,212,258,0.9700573466356677,0.9886605091937007,0.03162553236961686,0.9700573466356677,0.5884517179741605,0.526,0.8056197229999917,0.6933835495303403,0.9327033225418186,0.9227837116057059,248,0.03817377486398395,0.1653277292549157,0.015768241770338014,0.4043479083891409,0.36895683398272283,0.007425511738898715,0.6,0.4,False,False,0.0,0
H,1835086333,213,248,0.9890443606789543,0.9904934716483373,0.051957423495958444,0.9890443606789543,0.5821723383470921,0.41400000000000003,0.8073892202982299,0.7046716591088587,0.9181836333427625,0.950548566528212,243,0.2619660881879412,0.22883853475723517,0.05260235785692465,0.19239174649153745,0.193753215275629,0.07044805743073261,0.2,0.4,False,False,0.0,0
H,1835086333,214,243,0.9909235414804833,0.9909260834226657,0.10247376084879539,0.9909235414804833,0.5699313396661063,0.2,0.8060413249021868,0.701386551173165,0.9263652700084863,0.9393292826850401,235,0.08685593774686487,0.15484926674511976,0.07888270842207076,0.29870697631716364,0.3279114769289383,0.05279363383984262,0.0,0.2,False,False,0.0,0
H,1835086333,215,235,0.9883260284665177,0.9883477266046127,0.08538424894466731,0.9883260284665177,0.58219414273384,0.256,0.7957016152103445,0.7046626120768755,0.9236942453033484,0.9587442046438206,244,0.16681735577961004,0.18088917252013162,0.03679625529366909,0.23227965574440734,0.2498275114785534,0.1333900491836286,0.4,0.2,False,False,0.0,0
H,1835086333,216,244,0.9918522819080198,0.9918522906173948,0.14766484119068285,0.9918522819080198,0.6038533799481741,0.014000000000000002,0.7953703732997973,0.7029969009717875,0.9313248207730136,0.9490362974890876,249,0.10709274373444605,0.1775201675148252,0.014150214094229355,0.2953316647476418,0.3101797083065854,0.09572550160227225,0.2,0.0,False,False,0.0,0
H,1835086333,217,249,0.9873312117600113,0.9873423686896707,0.0906709162395394,0.9873312117600113,0.6064533773793778,0.22400000000000003,0.7938282394328593,0.7114428986660792,0.9269077994231664,0.9668897758966433,254,0.23244803428601396,0.21964694357343667,0.05708793786624324,0.17616397066403272,0.2435773036372709,0.07107580997300265,0.8,0.0,False,False,0.0,0
H,1835086333,218,254,0.9838568954366524,0.9838863504455561,0.08291533843614819,0.9838568954366524,0.5921029165999501,0.256,0.7986394199797281,0.7095556902997614,0.9341949391011803,0.9510387975940894,245,0.10856170708732608,0.1562048169916746,0.06192225799663915,0.25681168390120646,0.2998895981016533,0.11660993592150047,0.4,0.2,False,False,0.0,0
H,1835086333,219,245,0.986827342363678,0.9868273838649737,0.1351961504656922,0.986827342363678,0.592805537383141,0.05600000000000001,0.7960658020836563,0.7084517504794012,0.9148127567743178,0.9728124006780903,249,0.11717305868284822,0.26253859898734383,0.029064966183592035,0.3196600978718353,0.17018655791627768,0.10137672035810291,0.4,0.0,False,False,0.0,0
H,1835086333,220,249,0.9826158432546859,0.98261585296272,0.14672627102218705,0.9826158432546859,0.5963697138447411,0.014000000000000002,0.800971679165036,0.7056373365739118,0.923331481096886,0.9541282361200311,247,0.09510217023100768,0.1840683217507368,0.005318776114848805,0.3832007477945938,0.3308261035341244,0.0014838805746884953,0.2,0.0,False,False,0.0,0
H,1835086333,221,247,0.9876854477053914,0.9879318050807696,0.06604144438151084,0.9876854477053914,0.5967790692989294,0.326,0.8025593648935657,0.7203554697452162,0.9042581983367541,0.9926067780051692,244,0.3219392090141117,0.1788540509639784,0.009615370688004795,0.2720260443379774,0.16629932674778353,0.05126599824814433,0.6,0.2,False,False,0.0,0
H,1835086333,222,244,0.9897440091272699,0.9897515152647125,0.09384520983873786,0.9897440091272699,0.5968683765666829,0.22400000000000003,0.8043277922889795,0.7343376962579554,0.8785009634374537,1.039251129701372,244,0.3257285551237097,0.18202794705374634,0.049703192649542635,0.31765034599860975,0.12334292467187477,0.0015470345025168264,0.8,0.0,False,False,0.0,0
H,1835086333,223,244,0.9821677896041155,0.9821804981821481,0.08959265911956409,0.9821677896041155,0.5782216433659768,0.22400000000000003,0.8059857678317274,0.7226281044028344,0.8906508670937083,1.006653435430612,238,9.11619722102915e-05,0.2163539969739487,1.9743194619534556e-05,0.2560568943340168,0.501529823820989,0.025948379704215728,0.8,0.0,False,False,0.0,0
H,1835086333,224,238,0.9863524085938783,0.987167178601801,0.056514055211973876,0.9863524085938783,0.5870061095812689,0.4,0.8031584200338137,0.7175972474154096,0.8868230931869449,1.0074941977379048,243,0.0762568529089613,0.18478705155315345,0.1085873102571866,0.304600002651141,0.22618656401303674,0.09958221861652089,0.0,0.4,False,False,0.0,0
H,1835086333,225,243,0.9853480896046528,0.985348112878517,0.13978826584993378,0.9853480896046528,0.6056862173846768,0.014000000000000002,0.8001404617479102,0.7102371870726935,0.8981407838682504,0.9883090160699091,251,0.04399752535067832,0.18212357965582873,0.1495239318771413,0.259657832691196,0.31988118231408746,0.04481594811106815,0.2,0.0,False,False,0.0,0
H,1835086333,226,251,0.9848267322119726,0.9856977833615828,0.05597050601773689,0.9848267322119726,0.6200716335077336,0.4,0.8020334867181288,0.7041428777399403,0.9083267054814254,0.9665541869157092,257,0.05521937526101901,0.24635770835267168,0.10230696645664172,0.23416555830131822,0.33062556922396796,0.031324822404381565,0.0,0.4,False,False,0.0,0
H,1835086333,227,257,0.9880133885773769,0.988880550757664,0.056031786085763625,0.9880133885773769,0.6133416641765148,0.41400000000000003,0.8005473663408889,0.7102349514393937,0.9174940349332829,0.9669672339752968,255,0.20374021983063015,0.23912226684824123,0.00010379996452073073,0.15307014983752049,0.3680449556077155,0.03591860791137192,0.2,0.4,False,False,0.0,0
H,1835086333,228,255,0.9851804848802834,0.9852846083118563,0.07287535230046298,0.9851804848802834,0.6127443108796331,0.326,0.7991288853054612,0.7078525857508124,0.9138306004567025,0.9693046522937214,256,0.10161727354235539,0.19443931054566468,0.06708489305387456,0.30462730375667585,0.24042984508373946,0.09180137401769001,0.6,0.2,False,False,0.0,0
H,1835086333,229,256,0.9703468637725362,0.9897919547180389,0.03128229966764069,0.9703468637725362,0.6073192611984759,0.55,0.7948332143334648,0.7049705521434747,0.9224475404110323,0.9615088631267564,256,0.09388244600253569,0.18561672709796695,0.07525655618293216,0.27706145499947205,0.3245730026653268,0.04360981305176633,1.0,0.2,False,False,0.0,0
H,1835086333,230,256,0.9902718771960287,0.9916968315431787,0.05210090097990585,0.9902718771960287,0.6259187997635823,0.41400000000000003,0.7931299254675936,0.7072956136478903,0.9109855687686976,0.9789153330971457,260,0.15716986389486579,0.23226492382608116,0.02533265686001859,0.35476416289093793,0.20391391199384265,0.02655448053425386,0.2,0.4,False,False,0.0,0
H,1835086333,231,260,0.9906196013727139,0.9916695415953708,0.05453174091847085,0.9906196013727139,0.6217203987074824,0.4,0.7868982475532369,0.7001468679626223,0.9198870118918279,0.967244091032254,259,0.04020043746408134,0.16323015398698298,0.07921257908695298,0.3114093498603656,0.3045472406912606,0.10140023891035659,0.0,0.4,False,False,0.0,0
H,1835086333,232,259,0.9909754270725941,0.9909754723710209,0.13453265430368844,0.9909754270725941,0.6364667537607789,0.05600000000000001,0.7832673200457514,0.7078023244422657,0.9142714840682357,0.9883864958658369,267,0.2207849984721809,0.2851634507198385,0.01737524373678829,0.22052080229804286,0.2318658668279529,0.024289637945196507,0.4,0.0,False,False,0.0,0
H,1835086333,233,267,0.9865433702577526,0.987231090327827,0.05786399425522812,0.9865433702577526,0.6222326576523566,0.4,0.7887143676845454,0.7083887734877394,0.914821180482647,0.981783449204134,260,0.13720706584483883,0.2402883240072148,0.08682390080589418,0.24992342046702398,0.2598842241061749,0.025873064768853288,0.0,0.4,False,False,0.0,0
H,1835086333,234,260,0.9881580130517291,0.9881580619336156,0.1339039538760194,0.9881580130517291,0.6074978214141603,0.014000000000000002,0.7943050303866671,0.7197536589573307,0.8907866729651452,1.0172386607405512,253,0.272304051799728,0.17294326693028314,0.027935759826077464,0.2842039037432754,0.1372380526538148,0.10537496504682123,0.2,0.0,False,False,0.0,0
H,1835086333,235,253,0.9887224301739188,0.9887225734336982,0.12534940776531336,0.9887224301739188,0.6291622579106032,0.126,0.7879408940272256,0.7106529771291266,0.8877647021504026,1.015935334691435,267,0.02358751399578024,0.24162476662119364,0.15633289840953776,0.3366428191774074,0.23028348240885937,0.011528519387221516,0.6,0.0,False,False,0.0,0
H,1835086333,236,267,0.9835301224334019,0.9868142475221517,0.04541526481839443,0.9835301224334019,0.6284519156597712,0.456,0.790293073382953,0.712326906059466,0.8989882319353624,1.002621853964779,268,0.15258222233494712,0.2790222404696202,0.06095489104110461,0.17842300918060638,0.30075480295491297,0.028262834018808837,0.4,0.4,False,False,0.0,0
H,1835086333,237,268,0.9874524516957969,0.9900112777003627,0.04742746217651191,0.9874524516957969,0.6413517746260265,0.456,0.7925748809296188,0.7069657355382888,0.9090894087418261,0.9811862717924296,269,0.0656896847724509,0.2588721473771198,0.016342127570121975,0.34921002033974524,0.3010474701688374,0.008838549771724753,0.4,0.4,False,False,0.0,0
H,1835086333,238,269,0.9859590258563781,0.9892822909102895,0.045340841544066535,0.9859590258563781,0.6565987901578807,0.456,0.7887091066191657,0.7140917233590419,0.9069277822036937,0.9983077397085283,276,0.2184284324708448,0.18157970325058317,0.09387004392271577,0.23429695368229672,0.24373657168025115,0.028088294993308414,0.4,0.4,False,False,0.0,0
H,1835086333,239,276,0.9879146364537559,0.9894962412752327,0.05125297989537197,0.9879146364537559,0.6818980687561375,0.41400000000000003,0.7918287978888355,0.7125818430093176,0.9162350039833244,0.9821924241087681,281,0.11493382272784655,0.22761227799296116,0.043553420700096226,0.2909982636050791,0.31978808376972123,0.0031141312042958272,0.2,0.4,False,False,0.0,0
H,1835086333,240,281,0.9901743572642799,0.9902150985858386,0.08038429668894118,0.9901743572642799,0.6688476788013479,0.256,0.7922274150062856,0.7254672642108739,0.8887954877745079,1.0303057226287924,279,0.2939314169002783,0.29767637138931663,0.009219240155464744,0.23940838780034895,0.1209199209475798,0.038844662807011696,0.4,0.2,False,False,0.0,0
H,1835086333,241,279,0.9863325398641312,0.9897117256425373,0.045211466095946604,0.9863325398641312,0.6529924454782415,0.456,0.7952550702602745,0.7251835685688796,0.8838966523036406,1.0316681413432551,277,0.13737084460686694,0.3996576546262041,0.005863608341941824,0.20274820150039485,0.21990356653291748,0.03445612439167493,0.4,0.4,False,False,0.0,0
H,1835086333,242,277,0.9910109512356152,0.9910110018862732,0.1336439591577054,0.9910109512356152,0.6554786512235871,0.05600000000000001,0.8008086406759539,0.7203972352862208,0.8955069870732765,1.004556361424909,274,0.08091056432231546,0.2586865964368396,0.06947438477872886,0.22983152759255798,0.32382913585401113,0.03726779101554703,0.4,0.0,False,False,0.0,0
H,1835086333,243,274,0.9888136753065302,0.9889612981465314,0.07012626917674912,0.9888136753065302,0.6537106721974518,0.326,0.8042167727779961,0.7186539736687723,0.8904785365377256,1.003513568023615,273,0.1159575018357807,0.2038540042269929,0.03859266218377007,0.32988633183279253,0.22261124085888362,0.0890982590617803,0.6,0.2,False,False,0.0,0
H,1835086333,244,273,0.9916887873814713,0.9916890679634606,0.12002244185551043,0.9916887873814713,0.6612266790305897,0.126,0.8018404468071619,0.708465744361855,0.901430682883953,0.9801635775833291,275,0.009305867206517457,0.22160114699260358,0.00601351883201066,0.2760763669366846,0.37567289805309123,0.11133020197909256,0.6,0.0,False,False,0.0,0
H,1835086333,245,275,0.9864936934951649,0.9892026128983579,0.0469672233185273,0.9864936934951649,0.6504539521098762,0.456,0.8074193313778149,0.7036965328159683,0.8960661869668463,0.9726266801111783,272,0.0706759459025749,0.1746406501001551,0.118097069580476,0.31325048804276595,0.22389286185644275,0.09944298451758547,0.4,0.4,False,False,0.0,0
H,1835086333,246,272,0.9922085828719792,0.9922087052002313,0.12663473135714612,0.9922085828719792,0.620557355073282,0.05600000000000001,0.8121984923361939,0.7099478016299454,0.8984880028142814,0.9728636062737527,257,0.20545119318469304,0.19598050697731956,0.12197969036881777,0.1927842315966699,0.26014217272059925,0.023662205151900526,0.4,0.0,False,False,0.0,0
H,1835086333,247,257,0.985888248955606,0.9860001591424802,0.07230705361231102,0.985888248955606,0.6134949313603684,0.326,0.8107576015905873,0.7244504115484481,0.8754042717933879,1.0207255190437934,256,0.3324216631267281,0.1833718902727467,0.0009233919905502145,0.3313035007051019,0.13382534630267293,0.018154207602200094,0.6,0.2,False,False,0.0,0
H,1835086333,248,256,0.9873710865311373,0.987382382980047,0.09057231403367053,0.9873710865311373,0.6158361661659263,0.22400000000000003,0.8124714196628054,0.727904274658223,0.8563906165097126,1.0461507650876045,259,0.1834547960899661,0.19579171396828032,0.05823269821952596,0.3060570639036345,0.14263385947831758,0.11382986834027563,0.8,0.0,False,False,0.0,0
H,1835086333,249,259,0.9853024462844983,0.9853024481063001,0.16006622754075264,0.9853024462844983,0.6133022321218463,0.014000000000000002,0.813240043026965,0.7235981681772073,0.8545239446928314,1.0412486886272994,259,0.08861384064869278,0.18679266897499944,0.18100674907831898,0.27453534838437993,0.2188619491704507,0.05018944374315825,0.2,0.0,False,False,0.0,0
H,1835086333,250,259,0.9875315924949286,0.9886522778859499,0.05398843021323036,0.9875315924949286,0.6209771362904274,0.41400000000000003,0.809319836823124,0.733985671243891,0.8515742284027941,1.06498842296951,260,0.2695926434443001,0.1780034642639473,0.04189729279446832,0.25422724252815354,0.2125133908962289,0.043765966072901875,0.2,0.4,False,False,0.0,0
H,1835086333,251,260,0.9880535147184479,0.9880535170152936,0.1582439871252334,0.9880535147184479,0.6383042263373337,0.014000000000000002,0.8110571769571002,0.7341710379115716,0.8509775590630896,1.0637208426395417,267,0.14855812787343917,0.21728066304394475,0.15506110777266274,0.24730132751559958,0.22280376750287442,0.008995006291479467,0.2,0.0,False,False,0.0,0
H,1835086333,252,267,0.9801214266980269,0.9892323885777027,0.037312461284584535,0.9801214266980269,0.645879790429041,0.526,0.8129621375223282,0.7282152222855103,0.85934343838872,1.0423718353313165,270,0.07190920336896613,0.2214873568951648,0.00012378758290415166,0.2846231597807897,0.26731817615969666,0.15453831621247868,0.6,0.4,False,False,0.0,0
H,1835086333,253,270,0.9915204045556675,0.9917393729414615,0.06701020569703527,0.9915204045556675,0.6551849569567274,0.35,0.811917605918919,0.7301635029671442,0.872093558371492,1.0312051743023156,269,0.16698802244886798,0.18035211248477406,0.04669246228199692,0.2123758542796904,0.29342231910822036,0.10016922939645018,1.0,0.0,False,False,0.0,0
H,1835086333,254,269,0.9918319639820877,0.991834435873108,0.10270349836329233,0.9918319639820877,0.660628382627291,0.2,0.8125393819486548,0.7350406050159531,0.8848842025343429,1.022304964132059,265,0.204815964964577,0.16464260413558354,0.022437056503739915,0.2542623350569245,0.30371485524413355,0.05012718409504155,0.0,0.2,False,False,0.0,0
H,1835086333,255,265,0.9904349252076945,0.9904351566452957,0.12154512828302087,0.9904349252076945,0.6659128603194174,0.126,0.8079512512041136,0.7389485221266081,0.869297119899469,1.052109122649647,271,0.1957493420181583,0.20475463952075387,0.026065492280632808,0.3404625349433891,0.16450668809280225,0.06846130314426349,0.6,0.0,False,False,0.0,0
H,1835086333,256,271,0.990341097637033,0.9904754364653705,0.07088904600955671,0.990341097637033,0.6801662879565081,0.326,0.8094274957689204,0.7452025276315348,0.8702899038092395,1.057870291668817,276,0.22751789514071386,0.24589223763267032,0.060968899000459084,0.216387847467987,0.23961247949858716,0.009620641259582475,0.6,0.2,False,False,0.0,0
H,1835086333,257,276,0.9883521583887367,0.9883522034321002,0.13455650248707932,0.9883521583887367,0.6799814720641216,0.05600000000000001,0.8061029705070318,0.7479563588827022,0.8832609134283156,1.0505016164483312,274,0.18767447040930155,0.14456064903216917,0.024415258212699686,0.22609903581735757,0.34865273214835735,0.06859785438011462,0.4,0.0,False,False,0.0,0
H,1835086333,258,274,0.9892786559303991,0.9892790135028445,0.11807297796894776,0.9892786559303991,0.6703072630366317,0.126,0.8092947467259343,0.7546463526320785,0.8854646116156191,1.0530901414553633,271,0.23859764616889295,0.23404521600288516,0.027834527602424556,0.1635995173288095,0.2526489476506751,0.08327414524631271,0.6,0.0,False,False,0.0,0
H,1835086333,259,271,0.986759907331028,0.9878038907034357,0.05454594111658728,0.986759907331028,0.688113201699153,0.42400000000000004,0.8070102071269215,0.7538656215958424,0.8814217174363307,1.0598176893742812,279,0.14939483244209778,0.17786142679890649,0.03634764601836424,0.35217329664985375,0.22251783491136745,0.06170496317941032,0.8,0.2,False,False,0.0,0
H,1835086333,260,279,0.9893141573890103,0.9893861428442087,0.07584658641065173,0.9893141573890103,0.6865733782810702,0.326,0.8005308517722141,0.7446667916539557,0.8761781326222041,1.0616747853716946,283,0.043680639223817305,0.18214905995921485,0.05706209531440088,0.28121865581270983,0.21449293464753233,0.22139661504232483,0.6,0.2,False,False,0.0,0
H,1835086333,261,283,0.9914047220445888,0.9914098486046333,0.09689360203363956,0.9914047220445888,0.6849212265505306,0.22400000000000003,0.8053189183347882,0.7541328092865796,0.8602631966504521,1.0885505223474155,281,0.27124196519152116,0.2187726055074915,0.09117887694775624,0.25486116456396696,0.15851438645234198,0.005431001336922191,0.8,0.0,False,False,0.0,0
H,1835086333,262,281,0.9877819668400002,0.9877819694412499,0.15725112657952656,0.9877819668400002,0.6650928092659028,0.014000000000000002,0.8126732331030945,0.7484858927778806,0.8662342407909102,1.063242473118365,273,0.08824654944537458,0.2060521594844126,0.16027882717078534,0.2232642745889416,0.2599868190275163,0.06217137028296955,0.2,0.0,False,False,0.0,0
H,1835086333,263,273,0.9895942453056462,0.9895954414454573,0.10846359906637358,0.9895942453056462,0.6710925731213107,0.21400000000000002,0.8106934374601938,0.741881220541111,0.8796108167118192,1.0403684156432815,272,0.07274528002655602,0.15620174809360624,0.05604152812271563,0.3404677230398224,0.32371364086991994,0.05083007984737985,0.2,0.2,False,False,0.0,0
H,1835086333,264,272,0.9880646356253892,0.9880646441379698,0.14781631196509673,0.9880646356253892,0.6794776136485743,0.05600000000000001,0.8081506412015602,0.7420910813219985,0.8916497350406373,1.029842013687312,276,0.15379902259928804,0.19268200296941498,0.038075068347963585,0.1981776714733541,0.3273898429569824,0.08987639165299674,0.4,0.0,False,False,0.0,0
H,1835086333,265,276,0.987482986404316,0.9880914051007899,0.05884618513939595,0.987482986404316,0.6653484182983108,0.4,0.8041176613073152,0.7417396800939348,0.9024847615365735,1.0220968131634927,274,0.1469144104754521,0.17127825960169177,0.004655393966290437,0.15891678485517993,0.36413913211074195,0.15409601899064382,0.0,0.4,False,False,0.0,0
H,1835086333,266,274,0.9841150039123172,0.9880813157965525,0.04392312321185914,0.9841150039123172,0.6537637601168265,0.456,0.7997563907349874,0.7453013013143169,0.9009463643551298,1.034368349797045,273,0.19560756531348644,0.30305482657843097,0.013210292368211751,0.1998261340548041,0.2435503948610679,0.044750786823998946,0.4,0.4,False,False,0.0,0
H,1835086333,267,273,0.9883842755853098,0.9884144246399563,0.08276650162811772,0.9883842755853098,0.6433236234668882,0.256,0.8038207025087462,0.7459595391222071,0.8847113947972441,1.0489492185836051,268,0.161541285920075,0.2164751435696859,0.085473500906514,0.2921685653839808,0.16929833438813663,0.07504316983160769,0.4,0.2,False,False,0.0,0
H,1835086333,268,268,0.9848225023029142,0.9857421545480171,0.05553867282717778,0.9848225023029142,0.6393434937848544,0.41400000000000003,0.8064101454938611,0.7429338336740722,0.8718503423300037,1.0567012262738362,269,0.1159033938496926,0.2195161297153458,0.04324110059042234,0.3615625033678647,0.1780504350624198,0.08172643741425478,0.2,0.4,False,False,0.0,0
H,1835086333,269,269,0.9800569463879326,0.9908649470104076,0.03596593978391985,0.9800569463879326,0.6343949942643439,0.526,0.8056921678035922,0.747932714332736,0.8636458622461954,1.0748743294807666,267,0.21431965427959346,0.17768624401596356,0.0013286403500314067,0.37638133272563057,0.19490277074596044,0.035381357882820576,0.6,0.4,False,False,0.0,0
H,1835086333,270,267,0.9909912117523398,0.9911380945491173,0.07018377554103779,0.9909912117523398,0.6323474442665508,0.35,0.8040625002034315,0.7455881814194609,0.8746742778405205,1.0601390992698712,263,0.12565128504202122,0.2562095741580761,0.062112633196244285,0.2131452284921342,0.2869650090947235,0.05591627001680072,1.0,0.0,False,False,0.0,0
H,1835086333,271,263,0.992709890662874,0.9927357162044621,0.08403336344261203,0.992709890662874,0.634272390237545,0.256,0.8059421596747484,0.7500347880102549,0.8649368346788338,1.075952601303496,262,0.20907519577208833,0.17886753789530013,0.07911080079502582,0.30753316729995855,0.18864992311182632,0.03676337512580097,0.4,0.2,False,False,0.0,0
H,1835086333,272,262,0.9863246971448986,0.9863271923985423,0.10258429633485913,0.9863246971448986,0.6213081418268082,0.2,0.8075463567539206,0.7436778686783562,0.8741795020850521,1.0534569104822897,256,0.0768102508576756,0.17506135725808697,0.057232154723382896,0.262873392217188,0.27868175437050857,0.14934109057315798,0.0,0.2,False,False,0.0,0
H,1835086333,273,256,0.9828837333729482,0.9828837358409818,0.15763001881686628,0.9828837333729482,0.6101296598415847,0.014000000000000002,0.8076282641699741,0.7454621930373768,0.8769753955910214,1.0525111475297915,255,0.17460272241173097,0.22821083292748162,0.16699604179199137,0.17480352814835165,0.2510692185723727,0.004317656148071785,0.2,0.0,False,False,0.0,0
H,1835086333,274,255,0.9868926480144091,0.9873241100292846,0.06157575032909777,0.9868926480144091,0.6109144710424398,0.4,0.8090672576459431,0.7457455472722356,0.887890940099431,1.0381172759124195,252,0.1569557985840951,0.17506514428230777,0.09570156059528688,0.2144160936591093,0.2930654203375584,0.06479598254164254,0.0,0.4,False,False,0.0,0
H,1835086333,275,252,0.9849667798658815,0.9849690405259847,0.10335925425135024,0.9849667798658815,0.6047262583629385,0.22400000000000003,0.8110028121812194,0.7531845536636248,0.8919769061926738,1.0411790823116807,247,0.24657854693751227,0.18068411014469457,0.046881333525955006,0.2138554381876525,0.26437530051592906,0.047625270688256574,0.8,0.0,False,False,0.0,0
H,1835086333,276,247,0.9900816994772533,0.9902147779121003,0.07096198647200126,0.9900816994772533,0.5997003416512039,0.35,0.8122799129506986,0.7410834944389902,0.9027792155734065,1.0106013526613904,243,0.006977105731832895,0.24972592681120712,0.05374338790640863,0.2553196080310627,0.3830748058636096,0.05115916565587897,1.0,0.0,False,False,0.0,0
H,1835086333,277,243,0.9858415263648342,0.9860764202853813,0.06640577225007475,0.9858415263648342,0.5999425788830569,0.35,0.8180091805056259,0.752998784506068,0.9038818528794977,1.0184141625111531,242,0.2996183098628416,0.25800966504802086,0.01112541005970242,0.17151621019857655,0.25690279431715946,0.002827610513699175,1.0,0.0,False,False,0.0,0
H,1835086333,278,242,0.9831571675951595,0.9832438082848703,0.07432196893451516,0.9831571675951595,0.589506939812378,0.326,0.8220362970868789,0.7486694519079169,0.9051258205992778,1.0062135569811868,236,0.1040075828394031,0.22481065041967568,0.12035816953837263,0.26908454977562035,0.2581607650386494,0.023578282388278866,0.6,0.2,False,False,0.0,0
H,1835086333,279,236,0.9853876607618245,0.985388885422059,0.10824211999215475,0.9853876607618245,0.606639110008452,0.2,0.8207384954862607,0.7476083124377775,0.9091607751343767,1.0019098066126448,240,0.14215416406570466,0.2523474577385399,0.0011282984125018346,0.26664740919831853,0.272737682975133,0.06498498760980222,0.0,0.2,False,False,0.0,0
H,1835086333,280,240,0.9548481239405172,0.9898813803473615,0.026596897610509224,0.9548481239405172,0.6000949342883526,0.6,0.8181864633066789,0.7478351096585626,0.9153215356697955,0.998573140426825,245,0.15759016053342537,0.24261882296706339,0.053142635896573344,0.2198285283144074,0.2853841902442825,0.04143566204424808,0.0,0.6,False,False,0.0,0
H,1835086333,281,245,0.9893545868064112,0.989354590767307,0.1539167512475089,0.9893545868064112,0.6337900040616756,0.014000000000000002,0.8158910471949904,0.7389748442792623,0.9237893821028159,0.9804479003715951,249,0.04414362629534834,0.20366714941980843,0.11458018467227825,0.26991718406665566,0.3009011661105316,0.0667906894353778,0.2,0.0,False,False,0.0,0
H,1835086333,282,249,0.9863360268880179,0.9863417819809368,0.09593222079177055,0.9863360268880179,0.6400395941432566,0.22400000000000003,0.8152446447519869,0.7444662267984573,0.9314104438925344,0.98042853436881,251,0.2180015591644764,0.2676712741921456,0.014719178741467897,0.19648980882807282,0.30191630950464393,0.0012018695691934159,0.8,0.0,False,False,0.0,0
H,1835086333,283,251,0.9828729285093757,0.9828829026728807,0.09152690952546855,0.9828729285093757,0.6409235268902047,0.256,0.8182776463435714,0.7359929010552758,0.9382693995032809,0.9586175718564827,250,0.04687481995926673,0.1673719095272963,0.029471230980584205,0.327688766263628,0.3502764100074522,0.07831686326177262,0.4,0.2,False,False,0.0,0
H,1835086333,284,250,0.9869919394891532,0.9869946104033807,0.10204815348391197,0.9869919394891532,0.6433886952520146,0.21400000000000002,0.826179992121952,0.7389011981102334,0.9213713075182831,0.9706820836382581,249,0.1838492763465171,0.21882148244611202,0.04120567700506265,0.30046479098332013,0.1846442398266515,0.07101453339233649,0.2,0.2,False,False,0.0,0
H,1835086333,285,249,0.989071104244139,0.9890711043676108,0.1815217038514509,0.989071104244139,0.6424670474250358,0.0,0.8256982228700158,0.7468532351873344,0.9071108623619802,0.9971340556650824,251,0.24871371228265826,0.2702008562143813,0.034938353025617284,0.21574333067908566,0.1893834279776272,0.04102031982063025,0.0,0.0,False,False,0.0,0
H,1835086333,286,251,0.9853397942751612,0.9853448798312443,0.09690867991750918,0.9853397942751612,0.6573677114370086,0.21400000000000002,0.8133113432699425,0.7511385637849355,0.9147000647688048,1.0096817817869281,256,0.20784987946209735,0.14430902761905348,0.007356985558988566,0.34199167829734733,0.29150144321511307,0.006990985847400364,0.2,0.2,False,False,0.0,0
H,1835086333,287,256,0.9874650318334742,0.9879567071832697,0.060540951323511775,0.9874650318334742,0.6577660054222394,0.4,0.8137922152078485,0.7603369759358481,0.895246098804649,1.0436386226285141,256,0.2719417542519925,0.2358035457889546,0.009162281174461875,0.28122732688086227,0.16008020256362315,0.04178488934010571,0.0,0.4,False,False,0.0,0
H,1835086333,288,256,0.9907809282330232,0.9907892486097897,0.09303377096180496,0.9907809282330232,0.6634532051124783,0.21400000000000002,0.8146275517007739,0.7608685375691978,0.896161670096603,1.0422314329791684,255,0.1693551303767757,0.16855738219936214,0.07087763505277435,0.3212475428746546,0.25220090586209454,0.017761403634338847,0.2,0.2,False,False,0.0,0
H,1835086333,289,255,0.9870840331995839,0.9870863662554646,0.10312542892983298,0.9870840331995839,0.6648797183034824,0.2,0.8058363272105857,0.7547218265688691,0.9028229164049552,1.0373791002766535,258,0.08620894847663962,0.14903285920406456,0.04855432567047695,0.3363957043183618,0.28138706659006235,0.09842109574039462,0.0,0.2,False,False,0.0,0
H,1835086333,290,258,0.9672302845005292,0.9884294403999542,0.030583848979659038,0.9672302845005292,0.6580527570835477,0.55,0.8048425069955447,0.7593464171228124,0.8996630174023914,1.0486949453266168,261,0.2170085235298338,0.19571982806303856,0.02976484617343368,0.23778209937339737,0.23561196318965907,0.08411273967063765,1.0,0.2,False,False,0.0,0
H,1835086333,291,261,0.991314316542955,0.9913143172765033,0.16735583175021998,0.991314316542955,0.682754241871795,0.0,0.800787684851988,0.7608860826202091,0.8914717708297624,1.0658464902592188,266,0.1813373294192166,0.15425805628143946,0.11399407581099433,0.3021385646817384,0.20887527583805052,0.039396697968560726,0.0,0.0,False,False,0.0,0
H,1835086333,292,266,0.9902830650670993,0.9905383878530388,0.06577788315114996,0.9902830650670993,0.6799160835148531,0.35,0.7986532841427398,0.7495055032254712,0.890152312892301,1.0542709005786663,269,0.02079655920340676,0.19433837522033862,0.04690267430636628,0.42512427942134073,0.2391385957275743,0.07369951612097338,1.0,0.0,False,False,0.0,0
H,1835086333,293,269,0.9869596440386437,0.9871054246414099,0.07021127896007205,0.9869596440386437,0.6745334554825889,0.326,0.8045917276228186,0.7488908893872718,0.8958938226972301,1.038930370747616,268,0.14825826653842733,0.19932733826000917,0.03901915495203229,0.193626142035676,0.27378370547079595,0.14598539274305924,0.6,0.2,False,False,0.0,0
H,1835086333,294,268,0.9894381388712065,0.9899736548410504,0.059877299034816395,0.9894381388712065,0.693239623257828,0.4,0.8023418967831265,0.7433063908971501,0.906304440427507,1.0221962613397784,277,0.08575057474052362,0.22054259979839283,0.0630893435200504,0.20724159042637183,0.3356693754799961,0.0877065160346652,0.0,0.4,False,False,0.0,0
H,1835086333,295,277,0.9884960762520606,0.9884960821641552,0.15072159228410348,0.9884960762520606,0.7048259577114889,0.014000000000000002,0.7972123765422484,0.7426438656329409,0.906414459834903,1.0277316719515028,282,0.14378492850810473,0.1876061625788227,0.00010424460722129718,0.35956180174436075,0.25370231725073317,0.05524054531075734,0.2,0.0,False,False,0.0,0
H,1835086333,296,282,0.9885461375941188,0.988546406383757,0.12033895743104918,0.9885461375941188,0.7093852685465579,0.126,0.7975974420078844,0.7384187489035376,0.9082105473815298,1.0193713456318811,283,0.0988384569030472,0.18339424039838123,0.06823257349824739,0.3619769587223382,0.2621876676505857,0.025370102827400372,0.6,0.0,False,False,0.0,0
H,1835086333,297,283,0.9910418087655,0.9910451372488704,0.1003287738413298,0.9910418087655,0.6999612483180454,0.21400000000000002,0.7998956558204027,0.7403173128408266,0.9140588618447433,1.012535838906202,278,0.17274376728082252,0.1764640614005869,0.03678611939717183,0.2065418893425982,0.28334684600683213,0.12411731657198846,0.2,0.2,False,False,0.0,0
H,1835086333,298,278,0.9898030547968599,0.9910701254414231,0.053030637465303315,0.9898030547968599,0.6961604292691226,0.42400000000000004,0.7896858821224286,0.7366729221531253,0.9205546593982114,1.013376321668006,278,0.10464343692925096,0.1456293183293037,0.11495587479166205,0.3014616534498527,0.289508418689712,0.04380129781021848,0.8,0.2,False,False,0.0,0
H,1835086333,299,278,0.9893170991257043,0.9893173699891326,0.12028398446151876,0.9893170991257043,0.7081737397910524,0.126,0.7881085486332521,0.7378137502213871,0.9121976945760705,1.026293872692543,284,0.16218092719897478,0.18334749163599717,0.028551955269182798,0.3551966728829937,0.21849250558840116,0.0522304474244503,0.6,0.0,False,False,0.0,0
