arm,seed,step,novelty_vector_count,h_n_latest,h_n_shape_latest,V,H_N,L_t,total_suppression,avg_wb,theta_capability,transfer_state,g,population,x_compute,x_bio_welfare,x_novelty_agency,x_institutional_capacity,x_transfer_comprehension,x_resilience,c_protective,c_suppressive,adapter_active,action_modified,adapter_score,shape_fallback_increase
H,1835086314,0,200,0.987998978305572,0.9880019156723046,0.10129932828172682,0.987998978305572,0.10122283370600113,0.0,0.6681224218479229,0.5083233875017626,0.55,1.383315857528078,205,0.10404234377203285,0.2987821781626233,5.014527735477804e-06,0.2050243701886842,0.3699685226845711,0.022177570664352973,0.0,0.0,False,False,0.0,2
H,1835086314,1,205,0.9840447890272459,0.9872067293334459,0.04572023175339332,0.9840447890272459,0.12071050774831998,0.35,0.6861661134272878,0.5089761152171074,0.5950000000000001,1.2466690290329252,203,0.013361213630411104,0.2977709214511304,0.00179474102867981,0.38350799499595234,0.3035272126896532,3.791620417318595e-05,1.0,0.0,False,False,0.0,0
H,1835086314,2,203,0.9889907993862563,0.9890772218926693,0.0743891259043315,0.9889907993862563,0.13880075226975,0.21400000000000002,0.7026247611610015,0.5293553637909849,0.627061647684005,1.2014719278212271,200,0.26035067918416094,0.21376711576738577,0.04194192045797106,0.17417303649427487,0.25780823842002426,0.05195900967618308,0.2,0.2,False,False,0.0,0
H,1835086314,3,200,0.9871589337150933,0.987159382580357,0.11624590453963972,0.9871589337150933,0.15983529555036577,0.014000000000000002,0.7195383626925408,0.546155336391167,0.6265303262908835,1.2114908282156156,205,0.22834675987164113,0.22018907259775905,0.02991770025210349,0.3312103447338399,0.11087421687639508,0.07946190566826128,0.2,0.0,False,False,0.0,0
H,1835086314,4,205,0.983141592651978,0.9831808047852874,0.08063207369218062,0.983141592651978,0.1776316289756573,0.21400000000000002,0.7333023788874701,0.5528181475239052,0.6550213811641947,1.150916247364851,205,0.11213222440370693,0.17687165276275366,0.046333790591185246,0.21097159996869155,0.25572043751199786,0.19797029476166472,0.2,0.2,False,False,0.0,0
H,1835086314,5,205,0.9850545312243264,0.9851283405691932,0.07561308536660169,0.9850545312243264,0.19956736777416878,0.256,0.7409086369047907,0.5585651474545783,0.6895192430477752,1.0933590028451101,210,0.10484884133585469,0.3134708556256243,0.01553247997836396,0.1759913852451424,0.33493897095371494,0.05521746686129969,0.4,0.2,False,False,0.0,0
H,1835086314,6,210,0.9892398184044143,0.9892399418775233,0.12653672747291378,0.9892398184044143,0.225183196207941,0.014000000000000002,0.751424828704378,0.5683786573454653,0.7148111762048661,1.0581832593176304,214,0.15927209079519983,0.21929134219378296,0.11402540181452793,0.21951278351610531,0.27121928730934186,0.016679094371042227,0.2,0.0,False,False,0.0,0
H,1835086314,7,214,0.9318411553373016,0.9850470644238736,0.02323163767488323,0.9318411553373016,0.22869996857397418,0.6,0.7662854031695423,0.5682877420160023,0.7346539543239865,1.0094734822697724,211,0.041600219222627646,0.25775770384770613,0.016796993216311625,0.32502830135401994,0.2566194786980347,0.10219730366129987,0.0,0.6,False,False,0.0,0
H,1835086314,8,211,0.9870890636868223,0.9871238529178501,0.08161658227101015,0.9870890636868223,0.2791405834969823,0.256,0.7748192500182424,0.5757745404771498,0.7611885588915879,0.9762472047829511,224,0.13626481952434533,0.3084639132671092,0.025068290415950153,0.22315639350331873,0.30293504204891974,0.004111541240356797,0.4,0.2,False,False,0.0,0
H,1835086314,9,224,0.9785229875020474,0.9827721602545657,0.04333188597227894,0.9785229875020474,0.2990570334272811,0.456,0.7818557611312774,0.5845749909393074,0.7796695968224994,0.958965518896665,223,0.15736471857518827,0.15919279598402114,0.09627438507924997,0.28006097601419877,0.2729994691003515,0.03410765524699035,0.4,0.4,False,False,0.0,0
H,1835086314,10,223,0.98951150012863,0.9895166787746106,0.09679792074088667,0.98951150012863,0.3342657722696561,0.22400000000000003,0.7844959235626707,0.587454444414981,0.7975851010295619,0.9388721785831479,232,0.0888525377829868,0.19305476382707348,0.025781313005287375,0.3860990116417005,0.2794123194465624,0.02680005429638952,0.8,0.0,False,False,0.0,0
H,1835086314,11,232,0.9835829991599537,0.9852974511005654,0.050577123281618425,0.9835829991599537,0.3570841166257437,0.42400000000000004,0.7926277541159243,0.5982724694073113,0.8178265909266057,0.9229294751700174,234,0.18988434016349212,0.21785885082382309,0.016751192957512828,0.21390967701660576,0.34651297173659984,0.015082967301966435,0.8,0.2,False,False,0.0,0
H,1835086314,12,234,0.9844650513547356,0.9844712286148912,0.09535361965072332,0.9844650513547356,0.3775252880909382,0.22400000000000003,0.7939716800429999,0.606890418623795,0.8360439318339451,0.9142735800396837,238,0.16914465858561567,0.19867050465968106,0.05017803268022042,0.1811120635184667,0.3058980788704954,0.09499666168552083,0.8,0.0,False,False,0.0,0
H,1835086314,13,238,0.980202720885815,0.9821966009351232,0.04935014828272787,0.980202720885815,0.39349916717832306,0.42400000000000004,0.7967093871005623,0.614021934953319,0.8500346269293745,0.9066660088957705,242,0.1559504657589228,0.19756541209314782,0.16638163358259256,0.1723208386328078,0.2879754413941195,0.019806208538409555,0.8,0.2,False,False,0.0,0
H,1835086314,14,242,0.9863465564110018,0.9865429217633306,0.06783564068018448,0.9863465564110018,0.3958861386737068,0.35,0.8025671577401016,0.6161000021863318,0.8590890229891673,0.8935763309884257,237,0.09723954975848319,0.2880138710919053,0.14922854632510676,0.17858386189063913,0.27028929376365174,0.01664487717021393,1.0,0.0,False,False,0.0,0
H,1835086314,15,237,0.9839324746071045,0.9839432618241928,0.09091171126212469,0.9839324746071045,0.40752315361152996,0.256,0.8042102918847145,0.6136384830600636,0.872078633863585,0.8749582181749895,243,0.041793512288105274,0.16944423162702074,0.07813592940495996,0.15667075115312576,0.2944925658666718,0.25946300966011665,0.4,0.2,False,False,0.0,0
H,1835086314,16,243,0.9819809595588815,0.9819905577698278,0.09182551646378384,0.9819809595588815,0.4301836080505982,0.256,0.811297394697352,0.6274394729870741,0.8677877958420674,0.8912062381472142,244,0.24353642600017122,0.18369577881860685,0.06690525095176707,0.28650159338884307,0.21458512682420483,0.0047758240164070395,0.4,0.2,False,False,0.0,0
H,1835086314,17,244,0.9871752866952782,0.9871773620265982,0.10405795421083361,0.9871752866952782,0.45372589481421016,0.2,0.8115498124701962,0.6355870790030246,0.861260766443919,0.9093377361823308,250,0.18149474581630154,0.18664374174659365,0.021385766949155605,0.25496917414142106,0.20125875093029183,0.15424782041623633,0.0,0.2,False,False,0.0,0
H,1835086314,18,250,0.9865216755216384,0.9874149575007732,0.055783754518501275,0.9865216755216384,0.47016445839374443,0.41400000000000003,0.8119456617551581,0.6429652149455586,0.8649365062637183,0.9155378096352286,251,0.17696862365856483,0.27650942982892696,0.02221704914261762,0.2549725475481894,0.24900908232095614,0.020323267500745125,0.2,0.4,False,False,0.0,0
H,1835086314,19,251,0.9730802646273095,0.9843380099417012,0.03558880251744325,0.9730802646273095,0.4783570967751567,0.526,0.8156157430128093,0.6461674457248433,0.8784428556373465,0.9018741917370892,252,0.12938114408203347,0.20554459926165136,0.09945503278347334,0.20828362975573742,0.32184278219905266,0.03549281191805182,0.6,0.4,False,False,0.0,0
H,1835086314,20,252,0.9883335355803421,0.9883337020188466,0.12415253358317105,0.9883335355803421,0.5038548848422869,0.126,0.812379249213422,0.6565049331965409,0.8532489115732419,0.9471165581691041,261,0.22057324697424666,0.17129244329373294,0.08880964010493746,0.3774009020104242,0.11325170749815011,0.02867206011850854,0.6,0.0,False,False,0.0,0
H,1835086314,21,261,0.9852669143547126,0.985267060809975,0.12514593684777453,0.9852669143547126,0.5260226311465658,0.126,0.8143204953893576,0.6560257765304335,0.8679240204159178,0.9282048439020094,265,0.09182612492149583,0.2336728168680136,0.03704626719068218,0.25646333553940726,0.3732631919773395,0.007728263503061654,0.6,0.0,False,False,0.0,0
H,1835086314,22,265,0.9857904408270973,0.9857904443445691,0.1548331047449909,0.9857904408270973,0.5528356515659362,0.0,0.8056826554760144,0.6633459271473843,0.881131618374326,0.9344052436697031,270,0.18901799304340566,0.14785951417782187,0.025397893185548304,0.29864850349866046,0.32793568944616563,0.011140406648398087,0.0,0.0,False,False,0.0,0
H,1835086314,23,270,0.9775893759551579,0.9857321768166697,0.03817851344708129,0.9775893759551579,0.5784372842716726,0.526,0.8031077423070231,0.6575238720482914,0.8892073487474281,0.9207350353107374,282,0.029315515728455234,0.18466717394383964,0.13957177381048375,0.27174432607799753,0.28094446105267384,0.09375674938655013,0.6,0.4,False,False,0.0,0
H,1835086314,24,282,0.9885898720772296,0.9885898751659217,0.15589044574670483,0.9885898720772296,0.609505626064201,0.0,0.805468443385595,0.6636893707828226,0.8887279471952256,0.927144645886346,287,0.1755211542118223,0.25855825955641837,0.006938696489128093,0.2895788070444993,0.2422066666127013,0.027196416085430452,0.0,0.0,False,False,0.0,0
H,1835086314,25,287,0.9889350436808286,0.9891969571735998,0.06556422790183992,0.9889350436808286,0.6113003541255195,0.35,0.80191824168304,0.6598689126452957,0.899855152475703,0.9144394803132506,290,0.054550130020177445,0.23803976396601823,0.1437794122095798,0.18809685067617576,0.3686901285959476,0.006843714532101228,1.0,0.0,False,False,0.0,0
H,1835086314,26,290,0.976877286692386,0.9872523487046068,0.03626228580301536,0.976877286692386,0.6149816341173261,0.526,0.8019145280995547,0.6616311924548085,0.8911519805067591,0.9258403697736493,294,0.12194656802222,0.19231088802621096,0.0019114148691892628,0.35768857176178337,0.20641171639313208,0.11973084092746444,0.6,0.4,False,False,0.0,0
H,1835086314,27,294,0.991208219880649,0.9922298136513388,0.05475409862927673,0.991208219880649,0.6583199674405001,0.41400000000000003,0.7982357843663085,0.6630837708665904,0.9020367824560832,0.9209010293157187,304,0.11917672543152988,0.1725215108088234,0.05776848729423126,0.3144365856128306,0.33443744984849416,0.0016592410040907524,0.2,0.4,False,False,0.0,0
H,1835086314,28,304,0.991165501293156,0.9911655032883758,0.15938965839095665,0.991165501293156,0.6731008165151072,0.0,0.7961039903280829,0.6719575537927746,0.9029539361338345,0.934773612201697,312,0.21284964336892023,0.16410259903182808,0.13999916355131287,0.1707459326499189,0.25560415961679794,0.05669850178122211,0.0,0.0,False,False,0.0,0
H,1835086314,29,312,0.9906292430151274,0.9920524924864836,0.05211328473274386,0.9906292430151274,0.697094898692302,0.42400000000000004,0.7977959710662822,0.6792166286841611,0.9106318165822256,0.9349182791390156,317,0.19821190726281557,0.2563192000145163,0.0226541259705376,0.22100902903329428,0.28986637030887263,0.01193936740996365,0.8,0.2,False,False,0.0,0
H,1835086314,30,317,0.9880421489375815,0.9880421529114233,0.1538802100592081,0.9880421489375815,0.7034464465606605,0.0,0.7991003389966593,0.6831925815508261,0.9071120834627874,0.9424989496353514,320,0.16170980376091257,0.17697900836601957,0.16369139990660642,0.221703994608452,0.237717242693922,0.03819855066408755,0.0,0.0,False,False,0.0,0
H,1835086314,31,320,0.9761667919139823,0.9920811276604069,0.032895682957614636,0.9761667919139823,0.717528448021238,0.55,0.7985378648469563,0.686511998300054,0.9092591729157665,0.9455073878403092,330,0.15598807283461608,0.18628137054613753,0.03646906338210486,0.2047457055619002,0.26429148899628935,0.15222429867895187,1.0,0.2,False,False,0.0,0
H,1835086314,32,330,0.99156872953986,0.9918149104150482,0.0660783754030643,0.99156872953986,0.7396173868849829,0.35,0.7994258125228777,0.6831257508381234,0.9098363312491957,0.9392024454466186,332,0.07424190566340057,0.2227252862193707,0.10676122612282599,0.27569083132850647,0.2575153781250293,0.06306537254086697,1.0,0.0,False,False,0.0,0
H,1835086314,33,332,0.9897530265648322,0.9897615242300604,0.09285768036974604,0.9897530265648322,0.7435596089423545,0.21400000000000002,0.8009972229021952,0.6968044621833352,0.8865846729763139,0.981204866912522,334,0.28543748608897457,0.251523878516456,0.004351300416125496,0.25084904195329066,0.1386598742601889,0.06917841876496433,0.2,0.2,False,False,0.0,0
H,1835086314,34,334,0.9915604843188982,0.9924494309647865,0.05586296335645441,0.9915604843188982,0.7543271388391422,0.41400000000000003,0.80571750513753,0.6881156906980203,0.8979262056786825,0.9511259155160093,333,0.01439314529814732,0.21813131418510098,0.10529116176878822,0.2709018025518019,0.35826662299484957,0.033015953201312,0.2,0.4,False,False,0.0,0
H,1835086314,35,333,0.99018076308289,0.9901807765705047,0.14416990283787082,0.99018076308289,0.739341449439929,0.05600000000000001,0.8108983186220832,0.6887445552086988,0.8984269572287307,0.9453856465231317,327,0.12543311306974508,0.20536045944331496,0.01592626635785021,0.20057705247566962,0.2514668605895817,0.20123624806383847,0.4,0.0,False,False,0.0,0
H,1835086314,36,327,0.9911041480190439,0.9911108738598712,0.09472986515465316,0.9911041480190439,0.7301121342054477,0.21400000000000002,0.8054871335799989,0.6843415526592331,0.9059226319115665,0.9378279973648923,321,0.0629278151371155,0.15332952259207847,0.009706574724535651,0.37782924765570164,0.2866918520285446,0.10951498786202427,0.2,0.2,False,False,0.0,0
H,1835086314,37,321,0.9901631175809247,0.9901635216426877,0.11710713379587981,0.9901631175809247,0.713891387772985,0.126,0.8096025236469703,0.6830070820065757,0.9021272577151099,0.9351591948969081,313,0.09853258725380266,0.18720216017415647,0.14572599153720134,0.255959136506514,0.23398444497350024,0.07859567955482527,0.6,0.0,False,False,0.0,0
H,1835086314,38,313,0.9879265690601947,0.9892527377032709,0.05265315594604663,0.9879265690601947,0.72615107623828,0.41400000000000003,0.8081618887246935,0.6857056795462994,0.9099736484312059,0.9324178190750047,315,0.1481118955006554,0.2452233609190199,0.03610264543412921,0.246774880249258,0.2902955824380345,0.03349163545890303,0.2,0.4,False,False,0.0,0
H,1835086314,39,315,0.9860457011238374,0.9860508868510437,0.0967591144727699,0.9860457011238374,0.7329254602019762,0.22400000000000003,0.805445647136949,0.685250063334582,0.9127354095624658,0.9321116718960006,322,0.11037084706997104,0.22938543487054744,0.014567649428265578,0.19787781644167926,0.2687956298719024,0.17900262231763442,0.8,0.0,False,False,0.0,0
H,1835086314,40,322,0.9915129765221994,0.9920815278680295,0.05941773240311037,0.9915129765221994,0.748469767143264,0.4,0.8006216215367826,0.6767139557854772,0.9214618686062193,0.9172768864946848,327,0.00907994522030307,0.24590019287568257,0.10548180818655137,0.2822535087180332,0.30954936955638884,0.047735175443040956,0.0,0.4,False,False,0.0,0
H,1835086314,41,327,0.9929218927315366,0.9929223983124364,0.11534510823209759,0.9929218927315366,0.7260368836061719,0.126,0.8076789749351062,0.6818346679477192,0.9055209231619905,0.9322702205956694,317,0.17445512439394725,0.1793360780293505,0.11085900147507032,0.23999510756229608,0.18102620708196596,0.11432848145737004,0.6,0.0,False,False,0.0,0
H,1835086314,42,317,0.9918642914497788,0.9919868292006133,0.07163308049831145,0.9918642914497788,0.7223322237676838,0.326,0.8106780723906327,0.681007629459169,0.9067364130928877,0.9264510856996031,314,0.1033086863604479,0.23058259608553017,0.02887487839642242,0.24552876619843464,0.25883791123548117,0.1328671617236837,0.6,0.2,False,False,0.0,0
H,1835086314,43,314,0.9901788423437619,0.9901809662254029,0.1038980636490256,0.9901788423437619,0.7116309495078073,0.2,0.8126614936185136,0.6914972000930993,0.8806059077715045,0.9662714531077593,311,0.2442494013361092,0.1734567075152671,0.0654658439448763,0.30267844480458994,0.12271567993952813,0.09143392245962934,0.0,0.2,False,False,0.0,0
H,1835086314,44,311,0.9900874436073296,0.9914076038188508,0.05270662274682379,0.9900874436073296,0.7357072570719404,0.41400000000000003,0.8069509693610643,0.6968122996070433,0.8899016101999251,0.9703461066961774,322,0.18612449398248573,0.19938498076527905,0.02062953683028643,0.18997662122342637,0.2867814660278554,0.11710290117066702,0.2,0.4,False,False,0.0,0
H,1835086314,45,322,0.9909525473002478,0.9911736693690674,0.06692775434376422,0.9909525473002478,0.7420467191429291,0.35,0.8023875560687107,0.702884714668165,0.8961744273220877,0.9774788455993165,323,0.19891287551842385,0.15930648567767158,0.1104416496836647,0.21475758574604456,0.2763148907107759,0.04026651266341947,1.0,0.0,False,False,0.0,0
H,1835086314,46,323,0.9913516806612978,0.9925833244487032,0.053268513451857624,0.9913516806612978,0.7278537615228106,0.4,0.8014840948046883,0.7006369228541988,0.8824645968726306,0.9906056961994864,323,0.09870554899302501,0.27870388265002455,0.020289443465734604,0.23529927711517248,0.17953806141375792,0.18746378636228556,0.0,0.4,False,False,0.0,0
H,1835086314,47,323,0.9844964147980715,0.985792094934915,0.05281039873848714,0.9844964147980715,0.693975077572206,0.4,0.8097029484974283,0.6999286546655727,0.8924209181377124,0.9686308825444192,310,0.11654472442604963,0.1942462248343175,0.2248067043814447,0.1523848432489462,0.29101390476172445,0.021003598347517673,0.0,0.4,False,False,0.0,0
H,1835086314,48,310,0.9929279772859636,0.9929282511456843,0.12022541389888744,0.9929279772859636,0.7026254711043195,0.126,0.8020206678036589,0.692466407166315,0.8982687833908352,0.9611846850790028,312,0.031677315425262004,0.1787163278430678,0.11264509069224195,0.27276034113574066,0.2754497853344701,0.12875113956921763,0.6,0.0,False,False,0.0,0
H,1835086314,49,312,0.9919177755910618,0.9919179877482668,0.12224942612466647,0.9919177755910618,0.7079832907002251,0.126,0.7993493713927139,0.687836550263807,0.9061448341457072,0.949622493175083,312,0.06241829319759636,0.16683856954744983,0.08817975662981924,0.279429257897799,0.288514645469778,0.11461947725755758,0.6,0.0,False,False,0.0,0
H,1835086314,50,312,0.9893951756221263,0.9893952030236474,0.13852127152585786,0.9893951756221263,0.7020748109478491,0.05600000000000001,0.8030772575509745,0.690632557467491,0.9155303507311365,0.9393273644962935,308,0.15234793396092888,0.19672391467663083,0.08782959414600369,0.18604548755608924,0.3281969394481043,0.04885613021224301,0.4,0.0,False,False,0.0,0
H,1835086314,51,308,0.9880615286793069,0.9894200581872789,0.05246259428883014,0.9880615286793069,0.6974791731650705,0.42400000000000004,0.7964551822103862,0.6923956291600698,0.9163034562326992,0.9487540669950625,311,0.14118374457441668,0.2669799046235723,0.0325818843235321,0.18950810674854707,0.26163070287338114,0.10811565685655068,0.8,0.2,False,False,0.0,0
H,1835086314,52,311,0.9914668832536141,0.991466886640921,0.15517896276635285,0.9914668832536141,0.6970551382397001,0.0,0.7980387432985901,0.7012084948245448,0.9189474911038495,0.9561642377752392,310,0.2304080890309821,0.19265532738835575,0.1259093826294277,0.15231394369677959,0.2713719024721016,0.02734135478235316,0.0,0.0,False,False,0.0,0
H,1835086314,53,310,0.9912229476460392,0.9928476038275883,0.05106611748496337,0.9912229476460392,0.7064304157987971,0.42400000000000004,0.7965931642595692,0.6920990885714082,0.9270527419934645,0.9371891654753561,312,0.011887731101133465,0.2324412902110267,0.00887544830675961,0.30618518115393095,0.4283348419005828,0.012275507326566501,0.8,0.2,False,False,0.0,0
H,1835086314,54,312,0.9943280180813379,0.9943323106324232,0.09833037256605032,0.9943280180813379,0.7199073649416313,0.21400000000000002,0.7955379918093232,0.7056563867108187,0.9023370642837464,0.9830227190609877,318,0.28952815709976093,0.21274456996061036,0.0649030406974912,0.24758122986457665,0.1399479824481414,0.04529501992941937,0.2,0.2,False,False,0.0,0
H,1835086314,55,318,0.9890083150504094,0.9890083617758649,0.13426994160261313,0.9890083150504094,0.7301945501410819,0.05600000000000001,0.7893190711551924,0.7036241156354279,0.9083161934266419,0.9814113195906293,322,0.10313185325187789,0.15146380496865444,0.031213524904800324,0.4138195344772049,0.28106417785635107,0.01930710454111137,0.4,0.0,False,False,0.0,0
H,1835086314,56,322,0.9932594413348251,0.9932847907687125,0.08418588268055101,0.9932594413348251,0.7416412130796345,0.22400000000000003,0.7907087733088067,0.7092814334982862,0.8987192157248112,0.9981090803198663,326,0.1979815455578706,0.2578408149791097,0.05120272460504998,0.23044870346827953,0.20617320820416696,0.05635300318552332,0.8,0.0,False,False,0.0,0
H,1835086314,57,326,0.9875685237323756,0.9875710002754099,0.10265424143712976,0.9875685237323756,0.7544822290942069,0.2,0.7935743736457198,0.7195816439431273,0.8859904164141286,1.0234424275791192,329,0.25955352649694285,0.18601216396219608,0.05238800707625471,0.27332012045651294,0.18571561130899236,0.043010570699101046,0.0,0.2,False,False,0.0,0
H,1835086314,58,329,0.9899961337310599,0.9899998692989409,0.09940191573761069,0.9899961337310599,0.7472407337160129,0.2,0.7931371144941353,0.7206558098082545,0.8973913747727157,1.012506286128436,327,0.15066560077854416,0.22473225089299567,0.13180859626393918,0.1539220567894765,0.3097180398376825,0.029153455437362,0.0,0.2,False,False,0.0,0
H,1835086314,59,327,0.9929771087138237,0.9932107374137774,0.06650614811927366,0.9929771087138237,0.7576079085474688,0.326,0.7875783857469911,0.7336494004080776,0.8847690199638373,1.0528460462880997,328,0.30032976362794783,0.15132650080156174,0.06580939711784566,0.29034036448188744,0.1855839133419657,0.006610060628791436,0.6,0.2,False,False,0.0,0
H,1835086314,60,328,0.9857695304281382,0.9857725876913664,0.10096289105564837,0.9857695304281382,0.7403729100829256,0.2,0.7899285711058142,0.7345557219261531,0.8962921179674536,1.0374981874258171,320,0.15735989423099375,0.17110000079348883,0.0553966245751181,0.1980933159718213,0.3254238156132611,0.09262634881531691,0.0,0.2,False,False,0.0,0
H,1835086314,61,320,0.9890033539200356,0.9890117971084189,0.0929028432026133,0.9890033539200356,0.7422717520276849,0.22400000000000003,0.7919673263474902,0.727405959341501,0.9066629061707082,1.01303334803947,315,0.05722529389569348,0.21676384795211892,0.0003088941842630313,0.3631881518575854,0.359411788852429,0.0031020232579101097,0.8,0.0,False,False,0.0,0
H,1835086314,62,315,0.9918193948270329,0.9918225565550218,0.10074414792419056,0.9918193948270329,0.7397926490684841,0.2,0.7918909472086346,0.7238765606276493,0.8940929533783322,1.0223896962431474,316,0.09801124066529165,0.21722277880942475,0.14716249381081345,0.3243964473228169,0.19048168912347402,0.022725350268179314,0.0,0.2,False,False,0.0,0
H,1835086314,63,316,0.9913733766736315,0.9925442435938387,0.053671021681002185,0.9913733766736315,0.7331872369821086,0.41400000000000003,0.7951137113274603,0.7283782653175024,0.8857253988675575,1.0342573996124385,312,0.1961941590154443,0.17422025402427377,0.13859544259710804,0.25096308212093166,0.20520870413529305,0.03481835810694901,0.2,0.4,False,False,0.0,0
H,1835086314,64,312,0.9728077281130564,0.9854118182203868,0.03469827144171827,0.9728077281130564,0.703497474040503,0.526,0.8003959330052285,0.7333805283680406,0.8754671748626103,1.046609408976793,306,0.20526470395516624,0.19675624722597537,0.17353302092037484,0.2180319157656921,0.19157157940904276,0.014842532723748567,0.6,0.4,False,False,0.0,0
H,1835086314,65,306,0.9880690717724233,0.9880709610348081,0.10481288079343377,0.9880690717724233,0.7292660768926033,0.2,0.7983168734029517,0.7286992277261453,0.8840111754356872,1.0325598768832527,310,0.08734657220633367,0.2233289025384614,0.009822764805650594,0.2644117713735274,0.28045359029668976,0.1346363987793372,0.0,0.2,False,False,0.0,0
H,1835086314,66,310,0.9908787336486528,0.9908940846013352,0.08815930607584944,0.9908787336486528,0.7091913586919903,0.256,0.8055843026384982,0.7245583912289807,0.8787638605533068,1.0235055623704303,299,0.09117656111428349,0.3138253389128277,0.039880891747319736,0.2728544401280349,0.21576901330594145,0.06649375479159271,0.4,0.2,False,False,0.0,0
H,1835086314,67,299,0.9907520900263209,0.9907847440639054,0.08215023492375273,0.9907520900263209,0.7136265281468146,0.256,0.8054587024088201,0.7143684033940273,0.8816964886630532,1.005911673358065,304,0.01297414658119579,0.21333148636742577,0.07582339050817136,0.24568288377298683,0.25404507082538547,0.19814302194483488,0.4,0.2,False,False,0.0,0
H,1835086314,68,304,0.9740900892177741,0.9892592387394938,0.03325474703172997,0.9740900892177741,0.7226900191475256,0.55,0.8069432452288998,0.7127068542751848,0.8876421870762607,0.9950158759406019,309,0.11321088813573515,0.25421457851078944,0.022723610938090083,0.278556097469894,0.27057673639756435,0.060718088547927075,1.0,0.2,False,False,0.0,0
H,1835086314,69,309,0.9897852495624538,0.9897852523015787,0.15685614403282302,0.9897852495624538,0.7402276565664381,0.0,0.8076452423016286,0.7027123873688779,0.8988779683686346,0.9679573776666023,312,0.00801094759315407,0.2746019707275273,0.04047496891111445,0.24150500636589028,0.3944275109392973,0.04097959546301676,0.0,0.0,False,False,0.0,0
H,1835086314,70,312,0.9905199208380808,0.9905199229197837,0.15904670968697845,0.9905199208380808,0.7327032512264232,0.0,0.8151273423611016,0.7132756068583254,0.8872421150007119,0.986256236180759,306,0.25873548572364236,0.22627627559126698,0.05749865998213906,0.2340115968126192,0.19125971734470362,0.032218264545628705,0.0,0.0,False,False,0.0,0
H,1835086314,71,306,0.9892611392183254,0.9892688599469508,0.09361695069692108,0.9892611392183254,0.709156327880163,0.256,0.8155365229097227,0.7231287677967534,0.8796268812745386,1.008030635326837,301,0.25646176601680437,0.2968521649605416,0.020096478796618626,0.15767215250371683,0.20554488886948913,0.06337254885282934,0.4,0.2,False,False,0.0,0
H,1835086314,72,301,0.9912671876430139,0.9912707180877316,0.09986168065251658,0.9912671876430139,0.6986980818530397,0.22400000000000003,0.8154599636859245,0.7298039685990352,0.8916641931470848,1.0036961315249993,296,0.222895489901493,0.24347922529785263,0.01160278462176297,0.1413863015484504,0.3542074745682333,0.026428724062207736,0.8,0.0,False,False,0.0,0
H,1835086314,73,296,0.989986797493286,0.9919068234113688,0.04972890067675723,0.989986797493286,0.6950070684853642,0.456,0.8148006299871691,0.7262867770359636,0.8891797060812376,1.002460430715022,297,0.0996625858360022,0.23638060829907465,0.0666014871148298,0.23042819994972571,0.23340966124430673,0.13351745755606087,0.4,0.4,False,False,0.0,0
H,1835086314,74,297,0.9885685321307579,0.9891172032309066,0.05967723081810478,0.9885685321307579,0.7004827602142589,0.41400000000000003,0.8195541870749367,0.7214265425168237,0.8977896475654086,0.9804825077227524,297,0.08067630415822938,0.3553088841445023,0.015323774113712874,0.22877425877102542,0.28763956046147354,0.03227721835105661,0.2,0.4,False,False,0.0,0
H,1835086314,75,297,0.9925303262119153,0.9925304036568757,0.1302761846551432,0.9925303262119153,0.6832674341049934,0.126,0.8215467870441895,0.7237539761342615,0.8929780423077552,0.9865472290603648,288,0.16748450929098727,0.19340625727213456,0.03774051723103614,0.23337717851429,0.2248367974944375,0.14315474019711452,0.6,0.0,False,False,0.0,0
H,1835086314,76,288,0.988691336040171,0.989987692222696,0.052840053223752036,0.988691336040171,0.6794952212399513,0.42400000000000004,0.826139229528086,0.7275169386576805,0.9036802380769797,0.9744848215252453,278,0.1868832666266506,0.17604606973328615,0.022338611444668265,0.27763780772907504,0.3105371641383468,0.02655708032797311,0.8,0.2,False,False,0.0,0
H,1835086314,77,278,0.9887833991802056,0.9887881744974597,0.09743748667620933,0.9887833991802056,0.6840391676558755,0.256,0.8286813712923279,0.7179043061904291,0.9133122142692818,0.9485488821287861,277,0.02204018082040833,0.2736093342476382,0.008532812832823443,0.3417459343947738,0.30789981070861117,0.04617192699574498,0.4,0.2,False,False,0.0,0
H,1835086314,78,277,0.9890826299166461,0.989082630861558,0.16532241511265655,0.9890826299166461,0.688263601557504,0.0,0.8231410963809966,0.716951447264957,0.9219809928423536,0.9446990810615702,276,0.12427945480061665,0.1561068026187102,0.01933779896661807,0.2698616666852052,0.3400061795925196,0.09040809733633025,0.0,0.0,False,False,0.0,0
H,1835086314,79,276,0.9896076127858391,0.9896104852881096,0.10149002596249858,0.9896076127858391,0.7027145646589354,0.22400000000000003,0.8201435978864561,0.7070473252402529,0.9297828935581183,0.9272077071896394,282,0.011793129231797546,0.20286016053981695,0.0833405161240233,0.27549876447527477,0.33384530653453104,0.09266212309455636,0.8,0.0,False,False,0.0,0
H,1835086314,80,282,0.9875320698949331,0.9876515636423844,0.07179845298344761,0.9875320698949331,0.7001065384447167,0.326,0.8160590659975798,0.7038480206912052,0.9314252437625719,0.9259963942684921,282,0.08941327141206196,0.18939218174660027,0.128926762170184,0.2689241119952776,0.2731031978013269,0.050240474874549294,0.6,0.2,False,False,0.0,0
H,1835086314,81,282,0.9870761278059463,0.9870771951555959,0.10935013624574386,0.9870761278059463,0.6986862654765716,0.2,0.8204210320729446,0.7107812999300491,0.9382827193863147,0.9233481644765418,281,0.21407100341755145,0.21891863576963036,0.017410028131338753,0.1587528051655269,0.3187086270694618,0.07213890044649074,0.0,0.2,False,False,0.0,0
H,1835086314,82,281,0.9897465021945574,0.9897511986854816,0.09757772938077232,0.9897465021945574,0.7074321914212859,0.22400000000000003,0.8176738773174544,0.7165086716564051,0.9428164407278355,0.9294246369404914,286,0.20333045903573,0.17859990311866317,0.07426532107377941,0.16455563973571385,0.29180996640076157,0.08743871063535213,0.8,0.0,False,False,0.0,0
H,1835086314,83,286,0.9915499958783933,0.9916368084401823,0.07437385299507607,0.9915499958783933,0.7130473591557093,0.35,0.8143451113140295,0.7135643506753644,0.9301696646009633,0.9420251102901509,291,0.09851390752224504,0.21322848484753112,0.039653038444334474,0.3601485630271508,0.20817433972955626,0.08028166642918227,1.0,0.0,False,False,0.0,0
H,1835086314,84,291,0.9885668769083423,0.9885668862084759,0.14711602090768264,0.9885668769083423,0.6991108392861902,0.05600000000000001,0.816035893911851,0.7253517351816122,0.9288641438988051,0.9569454764920418,288,0.2808200255002009,0.17582504785936018,0.052614398012088524,0.13762263332664562,0.2585572287896907,0.09456066651201414,0.4,0.0,False,False,0.0,0
H,1835086314,85,288,0.9882694070918623,0.9882694077064305,0.16874006743880945,0.9882694070918623,0.6974731677098205,0.014000000000000002,0.8111274728064607,0.7237636206790052,0.910932221240613,0.9795386452042794,292,0.12099340320591999,0.18473827232015683,0.04737151382501525,0.36364126096497235,0.17477245865844174,0.10848309102549379,0.2,0.0,False,False,0.0,0
H,1835086314,86,292,0.9906116274589152,0.990793764391795,0.06846860796643515,0.9906116274589152,0.6799330705278943,0.35,0.8123735215022057,0.7319374713763731,0.8970574036256397,1.004379839884259,288,0.2420253966414761,0.30797460391567016,0.05845664645572907,0.18223434270254082,0.18609202254544,0.023216987739143897,1.0,0.0,False,False,0.0,0
H,1835086314,87,288,0.9425372129421516,0.9885756140671688,0.02441187257982283,0.9425372129421516,0.6608308294927598,0.614,0.8099482368084895,0.7301313485824921,0.9073516632630757,0.9935005034320455,289,0.12238438468671967,0.1883137901145008,0.06531753103673676,0.2989123496699435,0.3130612675461749,0.01201067694592444,0.2,0.6,False,False,0.0,0
H,1835086314,88,289,0.9885238827602376,0.9885238889747765,0.15032467724286208,0.9885238827602376,0.7002129432506312,0.05600000000000001,0.8133606939108765,0.7406050789602145,0.8856717114019016,1.0280890452546578,291,0.27475372258558806,0.22883005016671973,0.030116150425119278,0.26673415367213227,0.14527607232566728,0.0542898508247734,0.4,0.0,False,False,0.0,0
H,1835086314,89,291,0.9884597272115604,0.9884597295402118,0.15813778810358384,0.9884597272115604,0.721044608218486,0.014000000000000002,0.8114536698889325,0.7422065999347213,0.8829547255659331,1.0359114847075066,299,0.17039718653146832,0.25569720924745565,0.014129952288550672,0.2559211257790822,0.2292509265211083,0.0746035996323349,0.2,0.0,False,False,0.0,0
H,1835086314,90,299,0.9842762415775143,0.9842817405665129,0.09627792827512643,0.9842762415775143,0.7110444316709165,0.22400000000000003,0.8188126286027069,0.7381538481267456,0.8946592530093398,1.0076383729557365,295,0.10071972735950394,0.17630562483366355,0.06915029251444048,0.18147630477595483,0.45259433399972976,0.01975371651670752,0.8,0.0,False,False,0.0,0
H,1835086314,91,295,0.9889683082157751,0.9891257293247993,0.06961604793513956,0.9889683082157751,0.6977713951204366,0.35,0.8251964410299185,0.7330355533112254,0.9051933277084058,0.9813554727925344,289,0.08486746988521326,0.23358227338598825,0.13359638645558314,0.16629632162069682,0.31069376504044405,0.07096378361207446,1.0,0.0,False,False,0.0,0
H,1835086314,92,289,0.9907850720819628,0.990785332325917,0.12061415225793376,0.9907850720819628,0.7014447137798149,0.126,0.8246116881389574,0.7463837756456642,0.8985304370529741,1.0073488874304843,289,0.3371734552792125,0.16649575829232788,0.026768990622064615,0.19712202375669644,0.21928221057704422,0.05315756147265417,0.6,0.0,False,False,0.0,0
H,1835086314,93,289,0.9888494242525502,0.9888567734471778,0.09400620922815033,0.9888494242525502,0.6852262721197284,0.256,0.8186681447518972,0.7426911192353819,0.9086773933476767,0.9983679150298475,289,0.10783165465001236,0.16954700940662887,0.03994148211213066,0.13927134518927106,0.5117235217125246,0.03168498692943245,0.4,0.2,False,False,0.0,0
H,1835086314,94,289,0.9890387645576337,0.9891832125127682,0.0703011181007684,0.9890387645576337,0.6878724153902862,0.35,0.8209613352377811,0.7353239145044982,0.9143051182865202,0.9796362245197612,286,0.05959189038606796,0.17716318335288453,0.012999621073144493,0.31401921585583337,0.2824773213680558,0.15374876796401388,1.0,0.0,False,False,0.0,0
H,1835086314,95,286,0.9889114426756184,0.9896420897024886,0.05740143912714265,0.9889114426756184,0.687765274686713,0.41400000000000003,0.8145484204237666,0.7428569078928948,0.8999987560242033,1.0133193859204601,286,0.24123986392026953,0.15204649555783642,0.012219898610967873,0.29052955720441537,0.1856207478316756,0.11834343687483519,0.2,0.4,False,False,0.0,0
H,1835086314,96,286,0.9902637176146722,0.9923412024084568,0.049104978729188335,0.9902637176146722,0.6706804152815136,0.456,0.803949802514733,0.7475989953842568,0.9002542194965878,1.032938846707287,277,0.21106166107508442,0.1408327436428272,0.08336173329141781,0.29828009594840604,0.2512766953740239,0.015187070668240668,0.4,0.4,False,False,0.0,0
H,1835086314,97,277,0.988551143147606,0.988557190605479,0.09555563567736713,0.988551143147606,0.6802854834021969,0.21400000000000002,0.8026191315746346,0.7383812968185238,0.910228797546929,1.0106961432616541,281,0.03952814004349903,0.1836858930746526,0.11851066598311022,0.24815916270555902,0.35327015061205275,0.056845987581126425,0.2,0.2,False,False,0.0,0
H,1835086314,98,281,0.9875460248559107,0.9875460464233471,0.14041213316808623,0.9875460248559107,0.6883428604006278,0.05600000000000001,0.797706211840241,0.7319305291357484,0.916625495318507,1.0010020237169568,284,0.06835371447688451,0.16680089577914375,0.05309107242134395,0.39922827917748843,0.28709788763135474,0.02542815051378462,0.4,0.0,False,False,0.0,0
H,1835086314,99,284,0.9883908605523078,0.9883914222720516,0.11447054513889926,0.9883908605523078,0.6793761032949408,0.126,0.79756450631494,0.7223494749930155,0.9249629457866563,0.9791679906973171,281,0.025193403925681188,0.1914275124999472,0.18022803148962754,0.23905146058908402,0.3272135694926989,0.036886022002961,0.6,0.0,False,False,0.0,0
H,1835086314,100,281,0.9869897672409339,0.9895473069544607,0.04742773323715322,0.9869897672409339,0.661540654688876,0.456,0.7974975677922881,0.7179875243677148,0.922465125186256,0.9759724864871219,274,0.084444039054377,0.18348309970751298,0.12338511298869359,0.30592764879190254,0.2499923698913269,0.05276772956618696,0.4,0.4,False,False,0.0,0
H,1835086314,101,274,0.9893994768625739,0.9906661999839839,0.05302957608873805,0.9893994768625739,0.6420130333515082,0.41400000000000003,0.7984691312909825,0.7318910094799952,0.9231438819823695,0.992930578432938,268,0.31003576663332594,0.21138903483977023,0.10172463516193751,0.10908651266028119,0.26462634657369555,0.0031377041309895936,0.2,0.4,False,False,0.0,0
H,1835086314,102,268,0.9881389695556148,0.9881389707902029,0.16318628542733907,0.9881389695556148,0.6417286560137164,0.014000000000000002,0.8023224060914614,0.7296253224490141,0.9187856659660102,0.9897756525485621,266,0.11661079303773371,0.21561065406485352,0.04249049469903377,0.31941644573710665,0.2397808609093879,0.06609075155188446,0.2,0.0,False,False,0.0,0
H,1835086314,103,266,0.9866338422009617,0.9866338454325235,0.1555147429835364,0.9866338422009617,0.6476011558829088,0.0,0.8022097652555369,0.7301512477609955,0.9269070993694092,0.9819484272408187,269,0.1500898929304007,0.1710561535775107,0.09578005648743518,0.18994029109779131,0.35657616311723295,0.03655744278962913,0.0,0.0,False,False,0.0,0
H,1835086314,104,269,0.9901207914123792,0.9913852766718507,0.053049426964171434,0.9901207914123792,0.6625759000549996,0.41400000000000003,0.7987321884426135,0.7377596291557771,0.918630286467697,1.0054788513396116,272,0.23894929728539144,0.15785497148389907,0.007493010742656863,0.3052835170264094,0.22206948517614333,0.06834971828549999,0.2,0.4,False,False,0.0,0
H,1835086314,105,272,0.9882968664895269,0.9883898931034834,0.07379743242295078,0.9882968664895269,0.6661378455406024,0.326,0.7968551866176101,0.7326671761414814,0.9246396203857449,0.9943856143504014,272,0.0849441055436643,0.19015207325109024,0.009033902222206236,0.3190407270347261,0.2893618128240881,0.10746737912422501,0.6,0.2,False,False,0.0,0
H,1835086314,106,272,0.9728654584575672,0.9892472505931604,0.03264246704229052,0.9728654584575672,0.6723413661112657,0.55,0.7964612336838436,0.7234394346717249,0.9272471748801094,0.9795847545505085,280,0.030070216716470175,0.3778220456209719,0.019630154176985406,0.26216731412749017,0.2753575826646954,0.03495268669338684,1.0,0.2,False,False,0.0,0
H,1835086314,107,280,0.9861002901409689,0.9875362359071664,0.05200627015160478,0.9861002901409689,0.6625924593037288,0.41400000000000003,0.7982636636478337,0.7173003546897841,0.9317361571609791,0.9644100677951053,273,0.06291114689556933,0.2682339505215888,0.04695757882443348,0.2324144433454706,0.2860684988444033,0.10341438156853443,0.2,0.4,False,False,0.0,0
H,1835086314,108,273,0.9891992352094741,0.989227597564593,0.08325933527796459,0.9891992352094741,0.6763511559161183,0.256,0.7957113400686258,0.7182451130928172,0.9385625414448813,0.9617316641137517,274,0.14762220171902857,0.1587061855146618,0.005622497208117042,0.3123853376328831,0.3347304694274114,0.04093330849789815,0.4,0.2,False,False,0.0,0
H,1835086314,109,274,0.9919851870336371,0.9919861057550977,0.11058324545048442,0.9919851870336371,0.6709510806751514,0.126,0.798099895061311,0.7130320576881224,0.9447062873003932,0.9457035005630565,272,0.07124000312432573,0.17396369837535366,0.006966837603793168,0.21689207935479668,0.327778373675251,0.20315900786647978,0.6,0.0,False,False,0.0,0
H,1835086314,110,272,0.986345542644892,0.9863455525964895,0.14655918281047076,0.986345542644892,0.6608938690672275,0.05600000000000001,0.7998183866905709,0.7067694060857733,0.9396004746517526,0.9404660677641584,273,0.054861891025713094,0.3348284913445929,0.09624916822230915,0.23455419118668422,0.24682408040699338,0.0326821778137073,0.4,0.0,False,False,0.0,0
H,1835086314,111,273,0.9868945943146205,0.9868952373480084,0.11338233519969912,0.9868945943146205,0.6604107640992917,0.126,0.7948225488198424,0.7199412089745368,0.9125408124269667,0.9926006533031726,280,0.2938784149131523,0.23077079510508958,0.03393201502071298,0.19820078544617445,0.13450192620194734,0.10871606331292347,0.6,0.0,False,False,0.0,0
H,1835086314,112,280,0.9879544711850065,0.9879548110940767,0.118465572010024,0.9879544711850065,0.6778315411881058,0.126,0.7925588995982449,0.73394414852581,0.9212867311842701,1.0051633592196896,289,0.3330072450049163,0.16567057146548714,0.02194810811502778,0.10070980904526577,0.3086432606870675,0.0700210056822356,0.6,0.0,False,False,0.0,0
H,1835086314,113,289,0.9877805740883674,0.9878131189957087,0.08215297191517813,0.9877805740883674,0.6780998139704019,0.256,0.7986359987706851,0.7368576777027729,0.9028562907350814,1.0219181259464436,288,0.18263420754066673,0.3344706981829705,0.04138415823547333,0.27215330285622336,0.1684911633461921,0.0008664698384740284,0.4,0.2,False,False,0.0,0
H,1835086314,114,288,0.9905699884138246,0.9905720697015873,0.10406246675677461,0.9905699884138246,0.6627890413797866,0.2,0.7955434461281585,0.7429624180156864,0.8909016638954641,1.0482700400158813,283,0.22434530247565224,0.14462856612782155,0.18210286576760898,0.22935106045817166,0.19165501116945416,0.027917194001291532,0.0,0.2,False,False,0.0,0
H,1835086314,115,283,0.9873308325186283,0.9873485078829565,0.08700844747778909,0.9873308325186283,0.6605976479791529,0.256,0.7975613773612746,0.7382448165320654,0.8950344630076141,1.0341809499191965,280,0.0928814927145411,0.34788226715656706,0.020908233703255372,0.2666796672548218,0.2661148275084824,0.005533511662332237,0.4,0.2,False,False,0.0,0
H,1835086314,116,280,0.9881844869112744,0.9881845094802322,0.14005596356461125,0.9881844869112744,0.6559659545336993,0.05600000000000001,0.8007360704230732,0.7346275986532372,0.8969143152595742,1.0228851929375207,276,0.1036877868471888,0.19680130296736864,0.06563203568686406,0.25242011345702087,0.25691649276360723,0.1245422682779504,0.4,0.0,False,False,0.0,0
H,1835086314,117,276,0.9915078634017479,0.9915098059322264,0.10461920664946354,0.9915078634017479,0.6710073682418959,0.22400000000000003,0.7954605827146625,0.7316075762304886,0.8929235737319771,1.0300190131453575,283,0.10889196887391533,0.18971663939571018,0.06649902476193355,0.2719706198239067,0.22850344999180128,0.13441829715273299,0.8,0.0,False,False,0.0,0
H,1835086314,118,283,0.9890487516643909,0.9890552663457969,0.09496725403062159,0.9890487516643909,0.693474014979905,0.22400000000000003,0.7935041324910386,0.7340175658613032,0.9036312163587794,1.0236842817427207,288,0.1748796055292379,0.1821614695617666,0.057268380471743804,0.2581623090519471,0.32269384804324985,0.004834387342054803,0.8,0.0,False,False,0.0,0
H,1835086314,119,288,0.9857928578767389,0.9858016031679714,0.09259712424728672,0.9857928578767389,0.6819320498944794,0.22400000000000003,0.7959414239981936,0.7289397700621394,0.9118845496495881,1.0043166908604468,281,0.08278853117376675,0.18568653645415822,0.012359653185845537,0.26358952905365757,0.29308227463343295,0.16249347549913903,0.8,0.0,False,False,0.0,0
H,1835086314,120,281,0.9878171094315781,0.9878173540677256,0.12108258201280135,0.9878171094315781,0.6829915445258444,0.126,0.7948561684687268,0.7317618988513438,0.9062015560388412,1.0159128193833278,285,0.17836396615389263,0.1686887458225767,0.07913631686726774,0.1954060642360048,0.2275273067710596,0.15087760014919852,0.6,0.0,False,False,0.0,0
H,1835086314,121,285,0.9808528126092692,0.9841087747052417,0.04546196726383702,0.9808528126092692,0.6933060018805602,0.456,0.7891958198259311,0.7241069483084971,0.9155814004349571,1.002122878027933,291,0.04916430499650579,0.19643999421280928,0.07682527699541992,0.3625436967709672,0.3107789378293686,0.004247789194929207,0.4,0.4,False,False,0.0,0
H,1835086314,122,291,0.990263814248289,0.9902675713040856,0.09935841075868344,0.990263814248289,0.6987652320412283,0.21400000000000002,0.7905397551045098,0.7211293261140305,0.8999535725121008,1.0136063839427067,294,0.10284656526197813,0.22953002783191298,0.04774118412296315,0.4030295445476426,0.17965156060319726,0.03720111763230595,0.2,0.2,False,False,0.0,0
H,1835086314,123,294,0.9904171988351691,0.9904172002712184,0.162001384491256,0.9904171988351691,0.6892690029358922,0.0,0.7939023927413775,0.7101269710890327,0.9099582152608907,0.9829862583344178,288,0.0006763910087971159,0.20286232098580922,0.005833746031123489,0.37482622891343575,0.4150384141659202,0.000762898894914257,0.0,0.0,False,False,0.0,0
H,1835086314,124,288,0.9893835186410486,0.989383554162967,0.1364551291897148,0.9893835186410486,0.6687319302836285,0.05600000000000001,0.7982719746274753,0.7087586495652584,0.8907089564169857,0.9968083564919781,283,0.11422533788346687,0.21550447294248395,0.04381099225467801,0.3727626327475695,0.15873281341092,0.09496375076088164,0.4,0.0,False,False,0.0,0
H,1835086314,125,283,0.9915079098064705,0.991507919685658,0.14665886679953904,0.9915079098064705,0.6624570380603659,0.0,0.7983747850755011,0.7187350886316909,0.8747411988044163,1.0291589467604394,281,0.2551796443086935,0.17364035357025345,0.04945661498933675,0.24688755579199484,0.1655156901456459,0.1093201411940755,0.0,0.0,False,False,0.0,0
H,1835086314,126,281,0.9773414264196624,0.9908579389425243,0.03418580829926519,0.9773414264196624,0.6683920743434324,0.526,0.7986374406622271,0.715961438684515,0.8872670789239746,1.010381993648067,283,0.102038806055108,0.1853502045507734,0.003835581966444751,0.34025887438974867,0.3672166987486248,0.0012998342893004728,0.6,0.4,False,False,0.0,0
H,1835086314,127,283,0.9924040713193185,0.9924040968360908,0.13911269780596447,0.9924040713193185,0.6725103221144816,0.05600000000000001,0.7977247688022674,0.7053484927691012,0.8985403710315771,0.9840407227631588,280,0.0023140752351495522,0.21635578047703252,0.15467672534953264,0.288288901386082,0.3044268332074779,0.03393768434472542,0.4,0.0,False,False,0.0,0
H,1835086314,128,280,0.9889096497808286,0.9916312546517334,0.04694955370962005,0.9889096497808286,0.6728545482440659,0.456,0.8026370275480409,0.6968519333445539,0.9086863339284195,0.9554485854907181,279,0.02213581517384632,0.26270560294839584,0.07370366479665269,0.26367833325377704,0.3454881314149187,0.032288452412409324,0.4,0.4,False,False,0.0,0
H,1835086314,129,279,0.9865681539008813,0.9878326601513572,0.05302071876561283,0.9865681539008813,0.7033347844592913,0.41400000000000003,0.7827440268600266,0.7114476368883805,0.9178177005355775,0.9902999337143494,294,0.3054787526381792,0.13393721799020558,0.027811922124264265,0.20527073654064817,0.30613522550519634,0.021366145201506523,0.2,0.4,False,False,0.0,0
H,1835086314,130,294,0.9903054424167553,0.9903250061747366,0.08622440520905925,0.9903054424167553,0.6999810505718317,0.21400000000000002,0.7861334590753769,0.723856058566037,0.9201621787927488,1.0006715537769837,292,0.2872600440259429,0.16374839649071699,0.13741624207233463,0.13921708513018854,0.2706312415536448,0.0017269907271723521,0.2,0.2,False,False,0.0,0
H,1835086314,131,292,0.9903177746964493,0.9903363492214923,0.0866375267734881,0.9903177746964493,0.7103220761618286,0.256,0.7833375616534812,0.7247013823248815,0.9266538764515481,0.9983724565855165,298,0.15047658358932944,0.20202482778824846,0.13870239045028718,0.19529763095919275,0.29253957769037103,0.020958989522571195,0.4,0.2,False,False,0.0,0
H,1835086314,132,298,0.9866602461053123,0.9866603003180338,0.13306794264945124,0.9866602461053123,0.7076011434785182,0.014000000000000002,0.7838095469214755,0.7142707350130361,0.9339884888063933,0.9756875964739031,297,0.010055272554983438,0.23093134755443062,0.0607943917513306,0.28659438447251867,0.3630935977342325,0.04853100593250426,0.2,0.0,False,False,0.0,0
H,1835086314,133,297,0.9882185654140476,0.9885015382061723,0.06494302568852982,0.9882185654140476,0.7077989242709515,0.35,0.78174129220707,0.7058256584330832,0.9323898092577676,0.9683600661564397,299,0.028355752133736135,0.16264824072073203,0.02535142201815107,0.49880074451722134,0.25900084666006845,0.025842993950091115,1.0,0.0,False,False,0.0,0
H,1835086314,134,299,0.9836219752401858,0.9878541965167459,0.0434047615493331,0.9836219752401858,0.7012105001726257,0.456,0.7760979595773896,0.7105576358220191,0.9156190298804998,0.999926225336011,301,0.18779075388237648,0.14893838894981035,0.020169986069767203,0.3099991480799938,0.18234100774254478,0.15076071527550747,0.4,0.4,False,False,0.0,0
H,1835086314,135,301,0.9925473439400946,0.9936593490947778,0.05409053714881345,0.9925473439400946,0.7160916151497663,0.4,0.7756043620686595,0.7039975408181524,0.9240571268924498,0.9822727095639378,306,0.0495973348404272,0.18617483624911593,0.06585112641606988,0.22854908132735294,0.42540520691445577,0.044422414252578146,0.0,0.4,False,False,0.0,0
H,1835086314,136,306,0.9891280617471505,0.989128068549882,0.1496096899642724,0.9891280617471505,0.7090020754593674,0.014000000000000002,0.776681819900756,0.7040266682904034,0.9224451293228341,0.9826648662442472,302,0.12786255641448319,0.1802365621075876,0.11742665845988186,0.27584138523704227,0.2539685755981463,0.044664262182858946,0.2,0.0,False,False,0.0,0
H,1835086314,137,302,0.9892716193372597,0.9914597642130566,0.04868480773431149,0.9892716193372597,0.722461345948514,0.41400000000000003,0.7756179291951631,0.6963255963429017,0.9302006163905506,0.9651346262385615,307,0.03125326833773065,0.21862208423774154,0.1608047064567482,0.2763625963743323,0.3052015056770169,0.007755838916430242,0.2,0.4,False,False,0.0,0
H,1835086314,138,307,0.9900528039696973,0.990059520020133,0.0947330121899718,0.9900528039696973,0.709376558581086,0.2,0.7820156268536126,0.7004045280958676,0.911359203423543,0.9827519853949558,302,0.17369014462638743,0.24274181319470958,0.13418195011962794,0.2648634417592444,0.1708932433602372,0.013629406939793325,0.0,0.2,False,False,0.0,0
H,1835086314,139,302,0.9891196452208583,0.9891477855243676,0.08332125845364596,0.9891196452208583,0.7055418437880352,0.256,0.7856249416700796,0.6953433620823446,0.9202232830811887,0.9618134211958758,297,0.06198825489087904,0.21823000587736963,0.06047998806731853,0.30143613195848856,0.3279581154940387,0.029907503711905533,0.4,0.2,False,False,0.0,0
H,1835086314,140,297,0.9781898883867985,0.9897931999351733,0.0353921290981536,0.9781898883867985,0.7138472114300177,0.526,0.7802239345577116,0.6860767524009381,0.9282009547730699,0.9473521038943451,306,0.006256980283884856,0.3008571599468184,0.018933327327351056,0.29140178164872554,0.38250339830958535,4.7352483634926917e-05,0.6,0.4,False,False,0.0,0
H,1835086314,141,306,0.9881773618442024,0.9881773772705171,0.14308471946955836,0.9881773618442024,0.7002719340942406,0.014000000000000002,0.7837626954994527,0.6982474092767323,0.929625647357766,0.9583334505397569,298,0.2684311811980143,0.19369973437727256,0.0463993987087614,0.14037449956519113,0.2712239403100155,0.07987124584074505,0.2,0.0,False,False,0.0,0
H,1835086314,142,298,0.9893506114635359,0.9931234933684856,0.04436162422780794,0.9893506114635359,0.7048335448047278,0.456,0.7831992927214125,0.6980389187098972,0.9321772143731564,0.9561122167451036,297,0.12129849871251883,0.17781011083367967,0.04828287339150817,0.2886162924122285,0.2775706587558352,0.08642156589422965,0.4,0.4,False,False,0.0,0
H,1835086314,143,297,0.9863775115229145,0.9866256966895892,0.06597207377500607,0.9863775115229145,0.7161444882241753,0.35,0.7827248488345492,0.7002784285048036,0.927651026002801,0.9644439605108147,302,0.15176819663001553,0.22111929791044801,0.038498779978524356,0.26539724362651634,0.24345766533480173,0.07975881651969403,1.0,0.0,False,False,0.0,0
H,1835086314,144,302,0.9771492766854752,0.9894722794888826,0.034910533345442064,0.9771492766854752,0.718386593069944,0.526,0.7841042608927336,0.6937688858242039,0.934885923402521,0.9464166763486647,304,0.04380473430800625,0.1769733372512202,0.00023031860182960652,0.3820412787442233,0.3964785705818092,0.00047176051291161997,0.6,0.4,False,False,0.0,0
H,1835086314,145,304,0.9885131193555587,0.9885312701968784,0.08680667638643108,0.9885131193555587,0.70674627598491,0.2,0.7844456418967437,0.6936760895963192,0.9413973310622689,0.939335871887799,292,0.1199456007915687,0.15110655713533885,8.828277126525151e-05,0.3523174220929865,0.3536163628315854,0.02292577437725525,0.0,0.2,False,False,0.0,0
H,1835086314,146,292,0.983983608164039,0.9885416800928792,0.04281987882166996,0.983983608164039,0.7144978531446589,0.456,0.7843474189339074,0.7021271278135621,0.9214468877882591,0.9714869559339762,298,0.2266855337132354,0.1667197712611948,0.02818694418931331,0.2734231880429076,0.17094644916108548,0.13403811363226337,0.4,0.4,False,False,0.0,0
H,1835086314,147,298,0.9922244005605139,0.992229388411682,0.09711852181300254,0.9922244005605139,0.7369713169383203,0.2,0.7808214691442837,0.6992075644453162,0.9293021990094332,0.9636013666649811,307,0.08983491278040179,0.22342862305879566,0.05825334379133533,0.22450944663670344,0.3059486295130662,0.0980250442196977,0.0,0.2,False,False,0.0,0
H,1835086314,148,307,0.9886583722252823,0.9886583752013752,0.1561866057265345,0.9886583722252823,0.7465418400205336,0.0,0.7800570151875255,0.6990770123448975,0.932207659937931,0.9613599098139636,311,0.12287282652308862,0.20425212667018042,0.08798144496540813,0.25864044451152685,0.2791784041472055,0.04707475318259036,0.0,0.0,False,False,0.0,0
H,1835086314,149,311,0.961253084284715,0.9879982579034461,0.028730512748510968,0.961253084284715,0.7279405396113252,0.55,0.78636134508963,0.6923143379114274,0.9331213891336573,0.943502433450519,312,0.039889702297185164,0.20491118942000053,0.06253244489247174,0.253947326778935,0.2706724759475968,0.16804686066381078,1.0,0.2,False,False,0.0,0
H,1835086314,150,312,0.9800381414724095,0.9903783066100117,0.03631426925011207,0.9800381414724095,0.7340431901117441,0.526,0.7840235652606835,0.6831158120891566,0.9398092502202915,0.92709770576821,310,0.005214888416257479,0.17241448105331048,0.00117130681207264,0.29582389210567894,0.5248355782074302,0.0005398534052502771,0.6,0.4,False,False,0.0,0
H,1835086314,151,310,0.9919620503698082,0.991962054959194,0.15276537465747256,0.9919620503698082,0.7363964810652084,0.0,0.7843281738931207,0.6827812685858964,0.9367864164640206,0.9292727408206519,307,0.11026558876496984,0.15150772724330325,0.14405537735463428,0.2984475285162556,0.2547904563287915,0.0409333217920456,0.0,0.0,False,False,0.0,0
H,1835086314,152,307,0.9808847335500908,0.9938799793251253,0.034523106830790844,0.9808847335500908,0.7069711040830406,0.526,0.7900342016797565,0.6813513902886881,0.9382494722384661,0.9191934578984655,300,0.09636481415108124,0.19250746413606887,0.20849866064000763,0.1989282871591331,0.27570848710423795,0.027992286809471068,0.6,0.4,False,False,0.0,0
H,1835086314,153,300,0.9898497822940117,0.9898497988036998,0.14255790925101872,0.9898497822940117,0.6982937265101165,0.0,0.7888933793027595,0.6785693314051888,0.9374938662751787,0.9175029750069323,294,0.07856888288668923,0.1581527663345545,0.08125304766666697,0.3339788509169412,0.26534670630279633,0.08269974589235168,0.0,0.0,False,False,0.0,0
H,1835086314,154,294,0.9866708337059208,0.9875417917264651,0.05598623463382617,0.9866708337059208,0.693315445919433,0.4,0.7859030781320369,0.6791298593899981,0.9250383880267463,0.9341660502281781,297,0.11861243193835996,0.3258956307582655,0.005667489944052737,0.2626594854023203,0.20646954189542746,0.08069542006157403,0.0,0.4,False,False,0.0,0
H,1835086314,155,297,0.9912023608817462,0.9912025429040395,0.12346315310506677,0.9912023608817462,0.6971274439282943,0.05600000000000001,0.7878321489021813,0.681525004937187,0.9163823789749613,0.9439986343043428,297,0.1418954814586099,0.17862358748462612,0.0284149917072514,0.3334276277804605,0.219239148754448,0.09839916281460413,0.4,0.0,False,False,0.0,0
H,1835086314,156,297,0.9883044019502765,0.9885834280153751,0.06505548873461474,0.9883044019502765,0.7026548845057707,0.35,0.7887176067993702,0.6848042727829898,0.9247441410774652,0.9389086435354923,297,0.15444397615827657,0.21838264824267484,0.02892060904601694,0.2374566135195689,0.31952487781147676,0.04127127522198598,1.0,0.0,False,False,0.0,0
H,1835086314,157,297,0.9867063818869957,0.9879341732289411,0.053256078998839954,0.9867063818869957,0.7079043310816757,0.42400000000000004,0.7805762838642937,0.6835446734039831,0.9322697269697187,0.939312213773584,301,0.09975767825178464,0.14868012601561229,0.07415142527364305,0.2529940401361458,0.3263749766367667,0.09804175368604766,0.8,0.2,False,False,0.0,0
H,1835086314,158,301,0.9299725019955533,0.9843186623926616,0.023056959922090735,0.9299725019955533,0.6665244299461925,0.6,0.7855126452615597,0.6867509385071808,0.9390427542727467,0.9310236537048948,297,0.1547937346674612,0.18450735203298535,0.01058096369433381,0.22834889652955395,0.420615764011421,0.0011532890642447422,0.0,0.6,False,False,0.0,0
H,1835086314,159,297,0.9867529766499853,0.9867605521496579,0.09374789943755489,0.9867529766499853,0.7023274142744946,0.2,0.7861441289976318,0.6967878457823807,0.9451384788454721,0.9377842757805216,295,0.24218067750698624,0.23311018043143814,0.005685819372019022,0.15715159931549885,0.32546190617455895,0.036409817199498755,0.0,0.2,False,False,0.0,0
H,1835086314,160,295,0.9845942368964864,0.9845942419935458,0.1518708783087643,0.9845942368964864,0.6940076929208724,0.0,0.7901446913898338,0.6946616156130545,0.9340399471721155,0.9412418414537093,293,0.09641452649741024,0.2784961832429037,0.13060586574128527,0.27104262569611937,0.21707658105595293,0.006364217766328503,0.0,0.0,False,False,0.0,0
H,1835086314,161,293,0.9907826350563392,0.990789163337481,0.09496459674378997,0.9907826350563392,0.6971332821406104,0.21400000000000002,0.7878339858170346,0.7066232221129943,0.936049270978318,0.9581962895598227,293,0.27118359100740724,0.15819076719033145,0.04238678194579698,0.16839286318932542,0.27706659261707045,0.08277940405006846,0.2,0.2,False,False,0.0,0
H,1835086314,162,293,0.9886832073117209,0.9903299776427361,0.05093828850955133,0.9886832073117209,0.6988993717830149,0.42400000000000004,0.789550356881174,0.7008209678434275,0.9287671510194683,0.9556974035362427,297,0.056611335451036006,0.2478750688492592,0.005594870344794787,0.25800235628068574,0.23161403569491026,0.20030233337931388,0.8,0.2,False,False,0.0,0
H,1835086314,163,297,0.9902541981106683,0.9902542242136326,0.1389146384467353,0.9902541981106683,0.6821063629056168,0.05600000000000001,0.7928179909174481,0.7017998971904015,0.9144712501792529,0.967987495566215,290,0.13774972173931663,0.20584147325142474,0.08265541934134864,0.29947323201999754,0.1929040713086571,0.0813760823392554,0.4,0.0,False,False,0.0,0
H,1835086314,164,290,0.9858284431953407,0.9858304421866558,0.10434541445145017,0.9858284431953407,0.6629580441477388,0.2,0.7979499363918305,0.7034125048528926,0.9002138243163769,0.9792391364725631,287,0.14628253152514067,0.23727138313372154,0.18512165346295112,0.21452324908125897,0.18594849577524614,0.03085268702168149,0.0,0.2,False,False,0.0,0
H,1835086314,165,287,0.9900436806385667,0.9922963592055618,0.048460154989938393,0.9900436806385667,0.660703472255992,0.41400000000000003,0.7979128084240128,0.7019814808455295,0.9059158165532736,0.9711411935877695,283,0.10924501544101764,0.2316747529653725,0.13164763337342078,0.24875385213432788,0.2786168733426721,6.187274318914708e-05,0.2,0.4,False,False,0.0,0
H,1835086314,166,283,0.9912077944206092,0.9914123752375471,0.06754858135790562,0.9912077944206092,0.6703525706850171,0.35,0.8014789618806902,0.7070648310604486,0.914551353960843,0.9646261082893274,287,0.1897803032149445,0.23439691490765055,0.05758797743832968,0.149251452936761,0.29613559531448375,0.0728477561878306,1.0,0.0,False,False,0.0,0
H,1835086314,167,287,0.985469009720985,0.9879874754862599,0.04753772795992178,0.985469009720985,0.6729670242144413,0.42400000000000004,0.7933863949912534,0.7165531864704223,0.9195794032527644,0.9821423705951129,293,0.24801996203745175,0.1493425858632366,0.04838741680307375,0.15106727381124824,0.2824159234400287,0.12076683804496094,0.8,0.2,False,False,0.0,0
H,1835086314,168,293,0.9900415986493748,0.9900420367408048,0.11646250632943163,0.9900415986493748,0.677126588358057,0.126,0.7967140907755804,0.708884679046123,0.9159335296538603,0.9714246831708702,293,0.039489398740272026,0.2197022097348641,0.0829610257808722,0.31811575603978476,0.24156033363186172,0.09817127607234517,0.6,0.0,False,False,0.0,0
H,1835086314,169,293,0.9851283717483652,0.9872265032080945,0.048985125935106615,0.9851283717483652,0.6589563268138896,0.456,0.8029413816476534,0.707660187262646,0.9243401766884742,0.9534745202832092,284,0.1152467771103657,0.17506628318012463,0.039120829076503924,0.20295897902869175,0.4308690276106225,0.03673810399369147,0.4,0.4,False,False,0.0,0
H,1835086314,170,284,0.992027646688764,0.9922168516614162,0.06817697568374013,0.992027646688764,0.6766830447358446,0.326,0.8050813903266009,0.7126979650794578,0.9208231005616637,0.9613676964388268,290,0.19275983974930072,0.28624204013400345,0.01357791628948796,0.1962716781728044,0.24458470771018428,0.06656381794421933,0.6,0.2,False,False,0.0,0
H,1835086314,171,290,0.9900735382354862,0.9914081281415582,0.05262009332708087,0.9900735382354862,0.6835870352472375,0.41400000000000003,0.8040246678638749,0.718825805136696,0.9172313528045062,0.9747099395402467,289,0.209534228890138,0.1840984121280549,0.022617178037805347,0.3258682332767109,0.24245281149504405,0.015429136172246784,0.2,0.4,False,False,0.0,0
H,1835086314,172,289,0.9879060878807181,0.9879089692063661,0.10145191454873966,0.9879060878807181,0.6770023050722308,0.21400000000000002,0.8025728197209361,0.7256249547115213,0.9110233138358645,0.9924263146319139,287,0.2217554978957517,0.20266286096028793,0.08103093530642319,0.2223163306792364,0.2275754815590447,0.04465889359925604,0.2,0.2,False,False,0.0,0
H,1835086314,173,287,0.9869417942967103,0.9872517070901232,0.06420906408119816,0.9869417942967103,0.6702487459100839,0.35,0.7886269095182293,0.7351982638053675,0.919920982452278,1.0134033976364383,280,0.2606819603677776,0.12435675240150498,0.028066998184502107,0.2698749395084257,0.30656764854194296,0.010451700995846644,1.0,0.0,False,False,0.0,0
H,1835086314,174,280,0.9904747436484708,0.9904963101514453,0.08544997279291117,0.9904747436484708,0.6932205645564395,0.22400000000000003,0.7847498158429922,0.7241406482774496,0.9279288842070502,0.9944363950680482,289,0.008778720779381145,0.16721017791034756,0.012395542943025726,0.32536666891819843,0.4858547005172196,0.0003941889318275145,0.8,0.0,False,False,0.0,0
H,1835086314,175,289,0.9899751488974777,0.9904853363868187,0.0602670972014712,0.9899751488974777,0.6991115855753897,0.4,0.7840519271544133,0.7133516435355333,0.9332419677519926,0.9749101205611768,292,0.005225345899451862,0.20203973847184248,0.03982101150612764,0.3230510366772405,0.29052985982823726,0.13933300761710024,0.0,0.4,False,False,0.0,0
H,1835086314,176,292,0.9850248896849516,0.9850251748825621,0.11983889246951242,0.9850248896849516,0.7015689514613483,0.126,0.7900471165718512,0.7106616025781293,0.9399177709767934,0.9570177607538358,289,0.09971926524215803,0.20853746046929636,0.002189506040591802,0.3292425686325289,0.358050121983166,0.0022610776322590344,0.6,0.0,False,False,0.0,0
H,1835086314,177,289,0.9867472056908251,0.9867477949957179,0.11407568592778629,0.9867472056908251,0.683289152567852,0.126,0.7963685462863678,0.7099960163612742,0.9281181585236181,0.9605910672079607,282,0.12334367390064285,0.27381975258708496,0.09406543469637864,0.2511121927713901,0.21096082322252022,0.04669812282198323,0.6,0.0,False,False,0.0,0
H,1835086314,178,282,0.9845494196796128,0.9845494418977454,0.1401513360992246,0.9845494196796128,0.6897772442770608,0.05600000000000001,0.7892960578911513,0.7068701472272246,0.9353063426712563,0.9575155322470922,287,0.09217414605017726,0.15077101664063702,0.03502261819001356,0.2423905845253899,0.3020401153482788,0.17760151924550344,0.4,0.0,False,False,0.0,0
H,1835086314,179,287,0.9888642791413498,0.988879705126394,0.08810429517720195,0.9888642791413498,0.6843904897122735,0.256,0.7891255585352758,0.713272977681945,0.930722300736983,0.9711572157621053,288,0.2093292227010193,0.26768345217643186,0.0641728684419391,0.16099542590436747,0.2447329616642614,0.053086069111980876,0.4,0.2,False,False,0.0,0
H,1835086314,180,288,0.9892631273332252,0.9892633810359533,0.12080454904890363,0.9892631273332252,0.6783181359154449,0.126,0.7963581000881131,0.7118330469547434,0.9344980072406431,0.9565140747740526,281,0.11529647696119551,0.2433231774382517,0.07213207901453611,0.2525015163328173,0.2842396828867922,0.0325070673664072,0.6,0.0,False,False,0.0,0
H,1835086314,181,281,0.9901576644923132,0.9913390476270204,0.05359017553665155,0.9901576644923132,0.6817897085168503,0.41400000000000003,0.7960105587639866,0.7110149216767112,0.9366899860428533,0.9535950967035002,280,0.12216908837131332,0.2662821664464118,0.06107598846867524,0.2663910240153887,0.27820889763137185,0.005872835066839116,0.2,0.4,False,False,0.0,0
H,1835086314,182,280,0.9884929454741102,0.9884992901175824,0.0951733014620456,0.9884929454741102,0.6602149946556639,0.22400000000000003,0.8035382688577727,0.713759588026615,0.9329589515068801,0.9521006336058557,270,0.16619265542174172,0.32734442601089014,0.02614712394744088,0.22565347240765904,0.24968982034156129,0.004972501870707002,0.8,0.0,False,False,0.0,0
H,1835086314,183,270,0.9885133615172126,0.9886926113707836,0.0685788963317311,0.9885133615172126,0.666120876841259,0.35,0.8054888877685829,0.7074913238188965,0.9396630563561921,0.9347369537844659,270,0.055246439920152664,0.23142268584027326,0.004786112632652387,0.27601547590578873,0.35140453112599357,0.08112475457513953,1.0,0.0,False,False,0.0,0
H,1835086314,184,270,0.985020380077515,0.9850237727591444,0.10012819429078788,0.985020380077515,0.6749926714352458,0.21400000000000002,0.8067841660731799,0.7146459086870054,0.943187787631804,0.9391508949096246,275,0.21911438823817173,0.2383668258702553,0.020410414498936033,0.1705002462564307,0.2874551845561559,0.06415294058005044,0.2,0.2,False,False,0.0,0
H,1835086314,185,275,0.9894283219042884,0.9904918736789933,0.05441975004582907,0.9894283219042884,0.6785284870934417,0.41400000000000003,0.8043817140336047,0.7143809367633911,0.9488690088686236,0.9359688718109878,272,0.13084154388419897,0.1529502866728497,0.07646275588353478,0.27589909049861705,0.3598493483032021,0.003996974757597512,0.2,0.4,False,False,0.0,0
H,1835086314,186,272,0.9939359428537141,0.9939555130439574,0.08625091656754393,0.9939359428537141,0.6733028623251234,0.256,0.8060628141925797,0.7247158096361992,0.9539821079817612,0.9424506526455315,271,0.2631739963872203,0.21827246540705575,0.0019196459323968934,0.11260123086655284,0.35398428229215745,0.0500483791146167,0.4,0.2,False,False,0.0,0
H,1835086314,187,271,0.9889240326057768,0.9889266438853908,0.10224346207757395,0.9889240326057768,0.6595715897469949,0.21400000000000002,0.810042442837179,0.7195400746694801,0.958583897183585,0.926652886761641,267,0.07575069393863622,0.21832791152193146,0.08055909712411688,0.21272262622660268,0.38867830425770616,0.023961366931006634,0.2,0.2,False,False,0.0,0
H,1835086314,188,267,0.9876693106535775,0.9876713634067914,0.10414901096408014,0.9876693106535775,0.6445773361318076,0.2,0.8162958519987394,0.7135098324057029,0.9546223984263488,0.9156315578723991,261,0.06183451837120891,0.23936931267489306,0.14552319458749782,0.24855217038419725,0.2594844548056112,0.045236349176591806,0.0,0.2,False,False,0.0,0
H,1835086314,189,261,0.9870960037710041,0.9871721316788318,0.07538338084511184,0.9870960037710041,0.6593749888005885,0.326,0.810780333077807,0.7075657006656487,0.9483466631800588,0.9202301247307931,270,0.059141998502888045,0.20442161019437727,0.051987321899778005,0.40703407019780696,0.2459325229817246,0.031482476223425086,0.6,0.2,False,False,0.0,0
H,1835086314,190,270,0.9930188747020473,0.9930201847107528,0.10776725601609381,0.9930188747020473,0.6576716908595825,0.2,0.8111053466197817,0.7216384659411907,0.9191379012157103,0.9679696389419489,270,0.305638128860305,0.18521085782705307,0.10956949069453746,0.24243787418929527,0.12812952176828674,0.029014126660522395,0.0,0.2,False,False,0.0,0
H,1835086314,191,270,0.9882502297384308,0.9886688684280097,0.061826750126753566,0.9882502297384308,0.6630287066211803,0.4,0.8120064156966943,0.7286088565734011,0.9155703993033195,0.9800387371302741,273,0.22565392411587373,0.2242062995339014,0.06864655556358108,0.21217618473087924,0.24173144104590108,0.02758559500986343,0.0,0.4,False,False,0.0,0
H,1835086314,192,273,0.9910376081277984,0.9910376104825164,0.15806991168183138,0.9910376081277984,0.6834274644078793,0.0,0.8114007005660216,0.7218982312474478,0.9240133593729876,0.9628582349411008,278,0.0589977187839593,0.16291731990690894,0.09331975409848489,0.30621007779772136,0.33882673500349253,0.03972839440943312,0.0,0.0,False,False,0.0,0
H,1835086314,193,278,0.988019363651604,0.988679999430214,0.05819549779761185,0.988019363651604,0.6748623556356713,0.4,0.8190817833940278,0.7337220732703407,0.91602460740573,0.9779061490546975,270,0.2864844198158165,0.17145973471326864,0.032011054004445455,0.24590319072808836,0.2220629198502061,0.04207868088817491,0.0,0.4,False,False,0.0,0
H,1835086314,194,270,0.9889036621857562,0.9896495084142264,0.05723760904456307,0.9889036621857562,0.6852838481184962,0.41400000000000003,0.8169205817017592,0.733221294813024,0.9108014178182036,0.9854430563014288,274,0.13981656507750465,0.1729488316594861,0.027143632909039414,0.32670632440894104,0.231896355765233,0.10148829017979583,0.2,0.4,False,False,0.0,0
H,1835086314,195,274,0.9903639171717958,0.990462021346282,0.073391070425954,0.9903639171717958,0.6923905546752254,0.326,0.8226526808404092,0.7354234257567696,0.9197212760363832,0.9719965177007535,271,0.17328994605496006,0.2040421955824859,0.011563254254461391,0.24010096160209332,0.31367560167360803,0.057328040832391416,0.6,0.2,False,False,0.0,0
H,1835086314,196,271,0.987095083664977,0.9870952939401134,0.12228155967369529,0.987095083664977,0.6856454048752711,0.126,0.823557310257546,0.7250438175429497,0.9263111639314485,0.9504155404041128,270,0.017394538425232513,0.20726959668303188,0.10838877207530034,0.2531319190604882,0.29281007749351795,0.12100509626242904,0.6,0.0,False,False,0.0,0
H,1835086314,197,270,0.984858040150013,0.9855986614254753,0.05726091965931914,0.984858040150013,0.6871420615905849,0.4,0.8252935112279371,0.7201479172142748,0.9244141979052721,0.9439449585922031,271,0.0794536318559076,0.20180312491286923,0.15113948440896904,0.287977406461803,0.2536707518348422,0.025955600525608986,0.0,0.4,False,False,0.0,0
H,1835086314,198,271,0.9888924557733367,0.9889032914483266,0.09091605911852865,0.9888924557733367,0.7022928410345516,0.256,0.8263548695567136,0.7134146153956262,0.9319727781147449,0.9263437684586194,274,0.053426175525814204,0.20269966753813698,0.01773817940956548,0.2953010940414771,0.3649640395349108,0.0658708439500954,0.4,0.2,False,False,0.0,0
H,1835086314,199,274,0.9901569786577359,0.9902427941555715,0.07445460759421063,0.9901569786577359,0.7053042763870406,0.326,0.8271331070457679,0.7221576186291655,0.9212116163985368,0.9477574069663846,275,0.2426716750415073,0.17101454090786955,0.09105925598586967,0.23782887951075202,0.212180580476332,0.04524506807766944,0.6,0.2,False,False,0.0,0
H,1835086314,200,275,0.9775945350109642,0.989509566447468,0.0351788244603296,0.9775945350109642,0.6889734635966241,0.55,0.8256273764494086,0.7330632241737669,0.9083719539130819,0.9774479290128837,273,0.2751685809507457,0.17401460947339276,0.07743962658349103,0.23547960283739938,0.19640749577199393,0.041490084382977264,1.0,0.2,False,False,0.0,0
H,1835086314,201,273,0.990448323011414,0.9906299244781869,0.06849072792913932,0.990448323011414,0.7021493523951495,0.35,0.8229314769954633,0.7318455471570967,0.9175347585217737,0.9692442539343624,276,0.13044355240022734,0.16786545016760546,0.09675473532118709,0.20193901830874522,0.39929056134134266,0.003706682460892199,1.0,0.0,False,False,0.0,0
H,1835086314,202,276,0.9903950809614893,0.9903950863740417,0.15143958039354158,0.9903950809614893,0.6939770154328608,0.014000000000000002,0.8220548683241284,0.7442871142507911,0.9089482969458724,0.9960944361273882,272,0.3004230556443648,0.16576766569803233,0.05267295669117821,0.2262153728461705,0.21583507138138078,0.03908587773887349,0.2,0.0,False,False,0.0,0
H,1835086314,203,272,0.989626990501025,0.989630466653057,0.09997186269707613,0.989626990501025,0.7210930822550348,0.21400000000000002,0.8174766956983688,0.7322108494480192,0.9180534672512852,0.9756472027274158,284,0.0017261363720957042,0.1760034891717629,0.04269623583720111,0.3664129404069167,0.40002544984047483,0.013135748371548695,0.2,0.2,False,False,0.0,0
H,1835086314,204,284,0.9882720466339028,0.9882722329174536,0.12325538316230164,0.9882720466339028,0.735983226569859,0.126,0.814422591383887,0.7265704136760883,0.9169202271432918,0.9729630416680106,292,0.07462633375587625,0.22904528810765012,0.061502275682887415,0.2713430707677971,0.25336053308567547,0.11012249860011346,0.6,0.0,False,False,0.0,0
H,1835086314,205,292,0.9894265155447046,0.9895512914720713,0.07146943229570954,0.9894265155447046,0.7478077281575852,0.35,0.8124277447222933,0.7253582171262511,0.9252282044289626,0.9649813629338428,297,0.12645405167459095,0.23102544382956242,0.051607248235198515,0.21525153726405696,0.3291807437967585,0.04648097519983259,1.0,0.0,False,False,0.0,0
H,1835086314,206,297,0.9914786456033974,0.9914786642655284,0.14159549792282594,0.9914786456033974,0.7454780438009505,0.05600000000000001,0.8123379463737685,0.7228218520157631,0.9172299096682938,0.9700995981915832,297,0.1091443218228064,0.3029436985720349,0.06382719760923358,0.2917053848895516,0.222622628411137,0.009756768695236498,0.4,0.0,False,False,0.0,0
H,1835086314,207,297,0.9891095670119975,0.9891113167776382,0.10543183220722581,0.9891095670119975,0.7314522177823577,0.2,0.8126068412881177,0.7312446519972534,0.9242414133799932,0.9736364049134941,292,0.24454865727848143,0.15524864410454886,0.07766974497568867,0.16443185276643987,0.29367247339264424,0.06442862748219688,0.0,0.2,False,False,0.0,0
H,1835086314,208,292,0.9917404898357174,0.9917491371518726,0.09273468610605119,0.9917404898357174,0.7344381325995047,0.2,0.8100966219932398,0.7234336540077142,0.9211381998502916,0.9694760707271732,295,0.04689043262904309,0.21817324561462567,0.11497835203128355,0.2751039378504521,0.24660463904148847,0.09824939283310707,0.0,0.2,False,False,0.0,0
H,1835086314,209,295,0.9900458517817636,0.9902053005516618,0.06952285618183203,0.9900458517817636,0.7308840166706921,0.326,0.8138784676062867,0.7144097470563928,0.924888680105525,0.9490702247265007,293,0.026847196863303748,0.25409853514936875,0.1004487719079751,0.29058397979245143,0.2793215012013134,0.04870001508558773,0.6,0.2,False,False,0.0,0
H,1835086314,210,293,0.985150984787757,0.9851512828518519,0.11948866334314735,0.985150984787757,0.7379029189380416,0.126,0.8033931536191738,0.7197744328701148,0.9222443368839452,0.9714541155324257,298,0.20106466458177033,0.1412834942197515,0.08512432385318174,0.26949318187399623,0.24922262394486336,0.05381171152643684,0.6,0.0,False,False,0.0,0
H,1835086314,211,298,0.9875344311492985,0.9875397275710809,0.0966029966299693,0.9875344311492985,0.7565686769659892,0.22400000000000003,0.8052360098700079,0.7227584328990961,0.9253659662827797,0.9699658781202434,300,0.17465902090608804,0.2599723258194925,0.0007859156033136721,0.2804271834740716,0.27673031543614496,0.007425238760889402,0.8,0.0,False,False,0.0,0
H,1835086314,212,300,0.9869933979994315,0.988614044038777,0.051051774849137824,0.9869933979994315,0.753738398169331,0.42400000000000004,0.8097174336830701,0.7116250586407651,0.9328293696545017,0.9421401922615859,298,5.6842332797324673e-05,0.18059623968709235,0.19947321756651756,0.29839102084908964,0.3076653776726002,0.013817301891902787,0.8,0.2,False,False,0.0,0
H,1835086314,213,298,0.9874712902218434,0.990166909887864,0.04701415631215288,0.9874712902218434,0.7587333023427838,0.456,0.8102553786337935,0.7087826821556117,0.9308799924842404,0.9397178558514819,300,0.09673595558606078,0.21998993312179282,0.014919960230276067,0.394519884070694,0.2566677989759444,0.017166468015231875,0.4,0.4,False,False,0.0,0
H,1835086314,214,300,0.9885908711784425,0.9885908774904977,0.15020127989534415,0.9885908711784425,0.7636020280167147,0.014000000000000002,0.8103323317590025,0.7041306071286291,0.9377919932358163,0.926581307863819,300,0.07233823850997494,0.16896721588384273,0.09367567289195752,0.32935824680287473,0.31109777786404813,0.02456284804730195,0.2,0.0,False,False,0.0,0
H,1835086314,215,300,0.9889256417009893,0.9889256606989942,0.14143298628955653,0.9889256417009893,0.7463529971712005,0.05600000000000001,0.8141276447160981,0.7035751438107416,0.9440127939122347,0.9154615448672876,295,0.12063833798179982,0.20226617958529594,0.06650065053692057,0.1824207146257192,0.34970194236264646,0.07847217490761808,0.4,0.0,False,False,0.0,0
H,1835086314,216,295,0.9734680499105343,0.9867244516059703,0.034307208637952814,0.9734680499105343,0.7266141650452558,0.526,0.8161146098925528,0.6972814322681743,0.9385847165814345,0.910297751438642,294,0.048563070599622137,0.24720693909205502,0.10562628146146151,0.2683926930349516,0.24486601030211627,0.08534500550979345,0.6,0.4,False,False,0.0,0
H,1835086314,217,294,0.9904767519634298,0.9904767546573062,0.15699429603279488,0.9904767519634298,0.7247871463895994,0.014000000000000002,0.8122531614595236,0.7065035466225551,0.9383342331154455,0.9269693510250993,290,0.23857732459736916,0.16141535120249897,0.1289819008858873,0.18908212346092423,0.26803994096077227,0.01390335889254821,0.2,0.0,False,False,0.0,0
H,1835086314,218,290,0.9883949720414574,0.9885044947307833,0.07249890402838609,0.9883949720414574,0.7127506337633462,0.326,0.813151245718069,0.7080949933602568,0.9445008098039009,0.9219722665138799,285,0.1489578008603685,0.17153909986351143,0.04221482005790228,0.2138080982087787,0.33882995052071235,0.08465023048872668,0.6,0.2,False,False,0.0,0
H,1835086314,219,285,0.9881912659323839,0.9881969994519514,0.09597707383324203,0.9881912659323839,0.695160151850957,0.2,0.816361184498466,0.7126617012389813,0.9221177972071073,0.9467049958838218,280,0.18714321933421607,0.19186921260432382,0.052688229963798044,0.2688633667695087,0.160335341917982,0.13910062941017143,0.0,0.2,False,False,0.0,0
H,1835086314,220,280,0.9915210861483066,0.9915211078734479,0.1403861159390122,0.9915210861483066,0.6756227935755376,0.05600000000000001,0.8168910008243364,0.7103298855507322,0.9251144670416214,0.9399408028454765,274,0.10376586717124898,0.16953522833075313,0.15648559602777226,0.19807792000221597,0.27604224777612424,0.09609314069188549,0.4,0.0,False,False,0.0,0
H,1835086314,221,274,0.9915245924500056,0.9915245946545376,0.15859843668300513,0.9915245924500056,0.6513233557315115,0.014000000000000002,0.8172767723185967,0.7065430034863466,0.9290820576350128,0.9304978435631697,269,0.08412015266438756,0.17541452596791976,0.06584387919230678,0.16576975323422707,0.2823951864877681,0.22645650245339063,0.2,0.0,False,False,0.0,0
H,1835086314,222,269,0.9879945529384871,0.9880211252895482,0.08376855039427432,0.9879945529384871,0.644815977251748,0.256,0.8140707954296276,0.7034780734558717,0.9191500404849151,0.9401604552483194,271,0.09077775179802962,0.29747990904272126,0.04916212206040762,0.25331586453118415,0.21488094306701777,0.09438340950063949,0.4,0.2,False,False,0.0,0
H,1835086314,223,271,0.9867134943725296,0.9867136281989559,0.12587542592081088,0.9867134943725296,0.6399662238257572,0.126,0.8148274624935856,0.7079559087578302,0.9272350364364236,0.9370240106329321,267,0.1831467371844024,0.1758095499659478,0.0149191625615619,0.20338947677468322,0.34295566388560694,0.07977940962779773,0.6,0.0,False,False,0.0,0
H,1835086314,224,267,0.9870869875359105,0.9880499384878197,0.055191068722003356,0.9870869875359105,0.6447703926627325,0.42400000000000004,0.8094746916221174,0.6986757988795695,0.9291726252496995,0.9289150918215885,273,0.01397106949538609,0.20406090020985657,0.035257356688223475,0.24168712079788449,0.2733054622845912,0.2317180905240582,0.8,0.2,False,False,0.0,0
H,1835086314,225,273,0.98581137672909,0.9858616282671063,0.07867921291166112,0.98581137672909,0.6504276133819511,0.326,0.8082278093794014,0.6966263300298915,0.9321417666152975,0.924664379588923,276,0.09855401367875473,0.18624611519940754,0.029841041038099567,0.23371325727964481,0.2794320194528396,0.17221355335125388,0.6,0.2,False,False,0.0,0
H,1835086314,226,276,0.9737409774241722,0.9869229276617898,0.03435364151555012,0.9737409774241722,0.627065895313286,0.526,0.8126382740239024,0.7038521481002308,0.9324615560815841,0.928866353700775,264,0.21321418214792281,0.20296555084814752,0.03494906112634687,0.2492307912072892,0.26766983063908206,0.031970584031211426,0.6,0.4,False,False,0.0,0
H,1835086314,227,264,0.9870969607078072,0.9876773184286662,0.05921871228456804,0.9870969607078072,0.646356859996478,0.4,0.8173317906837344,0.7109140976159212,0.9380259819578496,0.9272649993977305,266,0.21568196150877456,0.2014807531109514,0.052518246167187366,0.18205787586263303,0.2940529074221196,0.054208255928334136,0.0,0.4,False,False,0.0,0
H,1835086314,228,266,0.987398504633091,0.987398509400871,0.15242511535860687,0.987398504633091,0.656570013309471,0.014000000000000002,0.8161834288128675,0.7052873184426564,0.9442233837620646,0.9151737411018303,268,0.06148657134414014,0.24930882097541196,0.025331839625167687,0.3212669067550709,0.3271656510552376,0.015440210244971804,0.2,0.0,False,False,0.0,0
H,1835086314,229,268,0.9895422867983168,0.9895435827921703,0.10782495657624457,0.9895422867983168,0.6625225531388044,0.2,0.8126391769657114,0.7126423219266347,0.9498010453858582,0.9232965472703634,270,0.22024211757638945,0.1634359145393149,0.08709234667332157,0.18165468038517163,0.3089422323663776,0.03863270845942488,0.0,0.2,False,False,0.0,0
H,1835086314,230,270,0.9841924688305025,0.9850963061026972,0.05567153335440845,0.9841924688305025,0.6708147363826624,0.41400000000000003,0.8098139058501279,0.727010205830303,0.9339314985798113,0.9612586358184867,272,0.31541844067409885,0.16603614870934785,3.0410123641041628e-05,0.3174147464071568,0.19555278866269432,0.005547465423061263,0.2,0.4,False,False,0.0,0
H,1835086314,231,272,0.9918862151918096,0.9923224598029337,0.061528197683237036,0.9918862151918096,0.6624615704352551,0.4,0.8000616266958829,0.7223985925713227,0.9405383487218302,0.9600126207526399,267,0.08423621290668543,0.14508394010293615,0.1306311859737323,0.2765384104345562,0.3159195895785893,0.047590661003500505,0.0,0.4,False,False,0.0,0
H,1835086314,232,267,0.9872734781101276,0.9889207150086429,0.05092469811926112,0.9872734781101276,0.6485504071129372,0.41400000000000003,0.7983178885090009,0.7227217689744767,0.9464845138496472,0.9564929266795749,267,0.14303882539650273,0.1932121736799885,0.11846444875813246,0.14904909061711527,0.3561723462750737,0.04006311527318719,0.2,0.4,False,False,0.0,0
H,1835086314,233,267,0.9387078704054748,0.9844175643898815,0.024435358664482248,0.9387078704054748,0.6208387684646354,0.6,0.7998791342237291,0.718670611143863,0.949590654529042,0.946169808108933,266,0.0885616327263772,0.22676301109794725,0.022213882044581797,0.3042113456817542,0.2887729603217981,0.06947716812754148,0.0,0.6,False,False,0.0,0
H,1835086314,234,266,0.9888654363296376,0.9899365786697458,0.054358676915921535,0.9888654363296376,0.645091097908009,0.41400000000000003,0.8018906692019814,0.7327370805866699,0.9375266993069434,0.9746515216424826,263,0.32381010432394813,0.21926199307902505,0.006603841677257053,0.18490960674633866,0.214475551154028,0.05093890301940316,0.2,0.4,False,False,0.0,0
H,1835086314,235,263,0.989457924327957,0.9908846217934502,0.052084647476059676,0.989457924327957,0.648653799141085,0.456,0.810673222288749,0.7228890303811975,0.9437740293762491,0.9448389412919096,262,0.022360047798263675,0.3526616128326724,0.004116562600899618,0.2468722782196432,0.30836610533379427,0.06562339321472688,0.4,0.4,False,False,0.0,0
H,1835086314,236,262,0.9864487229842576,0.9864563680252072,0.09367270700860511,0.9864487229842576,0.6528129637873716,0.21400000000000002,0.8095086107914906,0.7161690490671854,0.9493966264386242,0.931850818720225,263,0.05530587756309722,0.1899412372943133,0.0391587736388365,0.2961971364451069,0.3578518072437478,0.061545167814898286,0.2,0.2,False,False,0.0,0
H,1835086314,237,263,0.989783157040662,0.9898600895569606,0.07532133591226418,0.989783157040662,0.6541229493950361,0.326,0.8118769479730255,0.7128007647433888,0.940981823279157,0.9330323722666649,263,0.09300210161953461,0.22925454017935093,0.06895827911923931,0.32549769404501555,0.23262429742197613,0.050663087614883445,0.6,0.2,False,False,0.0,0
H,1835086314,238,263,0.9777270355751643,0.9862618641082179,0.03780849852137483,0.9777270355751643,0.6519716307885343,0.526,0.8195673978604417,0.7021613501005828,0.9468836409512413,0.9048063357487508,263,7.794929542583566e-06,0.29581030435066025,0.0029941079161449743,0.34444404207754864,0.3195949196262557,0.037148831099847984,0.6,0.4,False,False,0.0,0
H,1835086314,239,263,0.9834781461655805,0.9834783043322298,0.12451910984546136,0.9834781461655805,0.6461922105686417,0.126,0.8206059432625507,0.7115123372298721,0.922347447916129,0.9400549193519118,261,0.24323818292897992,0.2144832773002761,0.02730147159395447,0.2607864486265217,0.1507608553000591,0.10342976425020875,0.6,0.0,False,False,0.0,0
H,1835086314,240,261,0.9906993715779238,0.9906993727359309,0.1637166226075595,0.9906993715779238,0.6561259822879224,0.014000000000000002,0.820101305612609,0.7040175829958458,0.9301127031245161,0.9229547871551629,262,0.03851078284334166,0.22517087696537488,0.08984804720314932,0.3357901504827283,0.3092079186619203,0.0014722238434855474,0.2,0.0,False,False,0.0,0
H,1835086314,241,262,0.9883308178993429,0.9883308988667605,0.12988837447229504,0.9883308178993429,0.6366104181315835,0.126,0.821342552213127,0.705390257934482,0.9333079255304653,0.9201956590276665,256,0.1446694261053551,0.17257680515775517,0.08324109582871822,0.19707369908530153,0.281032463592004,0.121406510230866,0.6,0.0,False,False,0.0,0
H,1835086314,242,256,0.9853049438174805,0.9858658657482211,0.05947524322472991,0.9853049438174805,0.629002382957938,0.42400000000000004,0.8214708458111964,0.7098265006439112,0.9087130725128545,0.9508965652378228,257,0.18382194507691602,0.3051077287385511,0.010296289871731331,0.3494439311782813,0.14367969767717864,0.007650407457341635,0.8,0.2,False,False,0.0,0
H,1835086314,243,257,0.9875463574162705,0.987548883654734,0.10249591420556264,0.9875463574162705,0.6177240633010881,0.21400000000000002,0.8270767707263195,0.7123871486124707,0.917841765261569,0.9384311971066497,251,0.1631496625094376,0.23167807404122015,0.03189040245495159,0.17193050683337555,0.3215947183415251,0.07975663581949012,0.2,0.2,False,False,0.0,0
H,1835086314,244,251,0.9385431801036045,0.9897152320044036,0.023579523021798825,0.9385431801036045,0.5991510149516636,0.6240000000000001,0.8185853393468617,0.7191667616583379,0.9208937645823541,0.9540169972978155,256,0.21748713095613467,0.16726945928183604,0.05065648500703086,0.22945324972178502,0.27418087923470963,0.06095279579850386,0.8,0.4,False,False,0.0,0
H,1835086314,245,256,0.9864224764200883,0.9864224855031529,0.1472867291129387,0.9864224764200883,0.6321173595290636,0.05600000000000001,0.8124248247530926,0.7276831875305027,0.8950917802925134,1.000671628565021,261,0.24343454943851994,0.18825272614493255,0.11688690093273832,0.283776026032614,0.13143696084197373,0.03621283660922145,0.4,0.0,False,False,0.0,0
H,1835086314,246,261,0.9845788237380577,0.984579420283759,0.11396096473630989,0.9845788237380577,0.6677778488414514,0.126,0.8032339601637638,0.7173103770544924,0.905582602263262,0.9861363812265638,278,0.012641861256436014,0.16720982549745345,0.022140858075368787,0.3285439903820588,0.3949890326170924,0.07447443217159064,0.6,0.0,False,False,0.0,0
H,1835086314,247,278,0.9903242646189737,0.9930177356887866,0.047043388789273215,0.9903242646189737,0.6817071292310679,0.456,0.8043080947134468,0.7071218912654398,0.9150243420369358,0.9608137185488211,281,0.008462913295899831,0.2559949720267304,0.12313625016091895,0.2717891795401378,0.3385652007736857,0.002051484202627446,0.4,0.4,False,False,0.0,0
H,1835086314,248,281,0.9913883379212419,0.991388371491398,0.13692108605674502,0.9913883379212419,0.6794693318045775,0.05600000000000001,0.8085861196027925,0.7154440346775629,0.9082771300995565,0.9741615993097408,281,0.23347797469243825,0.28219501457357654,0.04434403592490658,0.18676228103090872,0.22377611133157077,0.029444582446599185,0.4,0.0,False,False,0.0,0
H,1835086314,249,281,0.9856179588099802,0.9857397047504188,0.07163439576573856,0.9856179588099802,0.6804256989672923,0.326,0.8075186890644369,0.7116898994843246,0.9106323517365753,0.9678212302106713,282,0.08772583175799813,0.17533082459246913,0.05929228088600271,0.28244819414177985,0.26591467323487217,0.12928819538687825,0.6,0.2,False,False,0.0,0
H,1835086314,250,282,0.9763626444045372,0.9921105167690907,0.032979619379950656,0.9763626444045372,0.6658291229372901,0.55,0.8096640223874745,0.7198484377609581,0.9044587498427537,0.9829862890162681,279,0.23428791563562168,0.21063426388261552,0.08388047263657593,0.20615430828289627,0.22444816639917908,0.040594873163111604,1.0,0.2,False,False,0.0,0
H,1835086314,251,279,0.9882760260878641,0.98827631054771,0.11988574015614145,0.9882760260878641,0.6833727402545414,0.126,0.8093546692997611,0.7103537468673361,0.9140128748584783,0.9602481645091159,283,0.01872163743032466,0.16592383752894027,0.06645151654962468,0.2515063401782205,0.3602842283443215,0.13711243996856853,0.6,0.0,False,False,0.0,0
H,1835086314,252,283,0.9851478498281024,0.985150483839099,0.1021440156247686,0.9851478498281024,0.690245175296848,0.21400000000000002,0.8140104762551499,0.72275075722579,0.9226115873726304,0.9623646376154613,281,0.286433721272759,0.1866658954801181,0.013916478487906862,0.18991116313850087,0.30185880259185394,0.021213939028861338,0.2,0.2,False,False,0.0,0
H,1835086314,253,281,0.9851234770186502,0.9857458467370823,0.05864680374774532,0.9851234770186502,0.703931969590795,0.4,0.8113009960365436,0.7218442045180785,0.9238185542473867,0.9631075432104694,285,0.127887314419725,0.21369899599691178,0.005295711342914639,0.3098684069533827,0.2673406280600968,0.07590894322696923,0.0,0.4,False,False,0.0,0
H,1835086314,254,285,0.9873961254368373,0.9876731853029425,0.06510444650759116,0.9873961254368373,0.7055970087027146,0.35,0.8122202090514489,0.7198824551410532,0.9085329632187777,0.9755445547593687,288,0.11413076061098228,0.2002389620612272,0.10344058191801259,0.30967213946872907,0.18548132198064876,0.08703623396040001,1.0,0.0,False,False,0.0,0
H,1835086314,255,288,0.9900714555950348,0.99007196809628,0.11521400617820843,0.9900714555950348,0.6894944717848202,0.126,0.8132270144573852,0.7330162292822712,0.9013263160909726,1.0000454583528797,284,0.30159871122838317,0.2114858493040128,0.0013516085637402988,0.14559237867752722,0.21823324597036284,0.12173820625597384,0.6,0.0,False,False,0.0,0
H,1835086314,256,284,0.9909317634002165,0.9909317652269588,0.16009001867356693,0.9909317634002165,0.7091972652358797,0.0,0.8072995059594087,0.7342203628390505,0.9060669760912261,1.0037635861708258,293,0.16068681276116,0.17793145571725041,0.007901374163568222,0.21873856806536585,0.2743664580467542,0.1603753312459012,0.0,0.0,False,False,0.0,0
H,1835086314,257,293,0.9872938817427472,0.9883585638097531,0.054394132142346445,0.9872938817427472,0.7092050831126091,0.41400000000000003,0.8018796392250349,0.7246056343972992,0.9154602784821035,0.9870815064910384,294,0.026203621252515238,0.17279061256297393,0.07279377339831422,0.27763105203156757,0.39693334913436673,0.05364759162026236,0.2,0.4,False,False,0.0,0
H,1835086314,258,294,0.9908907497723511,0.9908982482292468,0.09386257630023037,0.9908907497723511,0.7161745847669714,0.21400000000000002,0.7998098435757651,0.7294138343084449,0.9001609658044684,1.0131344304704955,297,0.20048102038763294,0.18694897747039443,0.07205337078280863,0.32548422832690116,0.1812335758528757,0.03379882717938723,0.2,0.2,False,False,0.0,0
H,1835086314,259,297,0.9884945203642052,0.9884979186703331,0.10014303426962011,0.9884945203642052,0.712030527713622,0.22400000000000003,0.7996744114291657,0.7205609219320208,0.9101448692240215,0.9900268678490534,296,0.032722241737477654,0.22630312773022182,0.08399043628899024,0.2451078646958063,0.32961639658147424,0.08225993296602982,0.8,0.0,False,False,0.0,0
H,1835086314,260,296,0.9907076163161208,0.9907100804762791,0.10271940382814279,0.9907076163161208,0.7162134616876163,0.22400000000000003,0.7969017739204229,0.7111310342064292,0.9063240211631908,0.9846034375657406,301,0.01997697963761812,0.25283660945462083,0.11062341526777617,0.2883947233262382,0.23596819430785707,0.09220007800588954,0.8,0.0,False,False,0.0,0
H,1835086314,261,301,0.977338644648155,0.9897559804659739,0.034852112721490636,0.977338644648155,0.7144732658353157,0.526,0.7949794130402822,0.700779930866632,0.9156916190468717,0.9626679971070585,307,0.002568104631554313,0.1644642725211219,0.04856916115109304,0.23569343594199743,0.5422394309407798,0.006465594813453627,0.6,0.4,False,False,0.0,0
H,1835086314,262,307,0.9879115389571332,0.9879714366593852,0.0772984645783188,0.9879115389571332,0.728461764625927,0.256,0.7895740501160036,0.705244400618693,0.9241224571421846,0.9665342672633123,311,0.1812933286924073,0.15039311542315723,0.05411665478278406,0.18768714466654843,0.3283343967100075,0.09817535972509545,0.4,0.2,False,False,0.0,0
H,1835086314,263,311,0.9870702528030965,0.9873629785388984,0.06466412192915943,0.9870702528030965,0.7183016626406709,0.35,0.7931021016755235,0.6970477484765965,0.9232802637251952,0.9519187383729444,308,0.025819598610476703,0.21083761768958936,0.18209254443860184,0.25654142521325674,0.2578502614861455,0.06685855256192988,1.0,0.0,False,False,0.0,0
H,1835086314,264,308,0.9920130993822098,0.9921829031540761,0.06903788355231902,0.9920130993822098,0.7191041808698004,0.326,0.7940484127558269,0.7089080531375818,0.9254864065805075,0.9646569191412543,307,0.27140865106018963,0.18543300020697082,0.04586285605243235,0.1512272633723438,0.27267084613915915,0.07339738316890418,0.6,0.2,False,False,0.0,0
H,1835086314,265,307,0.9896262629732271,0.9896398084177049,0.08914524607175171,0.9896262629732271,0.7473674413328274,0.256,0.7965925596291312,0.7156468419136135,0.9329377659224568,0.9629635298760588,316,0.2148023929113859,0.20911779091776458,0.020809222572592063,0.19487965955604583,0.3149485042617501,0.04544242978046168,0.4,0.2,False,False,0.0,0
H,1835086314,266,316,0.9910273475732821,0.9912717666276051,0.06613118705105107,0.9910273475732821,0.745178070875391,0.35,0.7978069303888679,0.7137934550262843,0.9363141589230415,0.9555494481684186,314,0.1116119401043945,0.18885336475142753,0.12462682588123465,0.22447166410166106,0.2833508479641518,0.0670853571971304,1.0,0.0,False,False,0.0,0
H,1835086314,267,314,0.9865058619308603,0.9865058624192803,0.17055463064958662,0.9865058619308603,0.7435637452430464,0.0,0.7962832156847562,0.7051105033090387,0.9426827430307373,0.9393427018080631,314,0.02508401292585693,0.19035488544048984,0.1142360753759825,0.2665740581187915,0.3890854780644756,0.014665490074403674,0.0,0.0,False,False,0.0,0
H,1835086314,268,314,0.9870790514055501,0.9870790650931635,0.14402776105994725,0.9870790514055501,0.7425391490050472,0.0,0.7862931511279907,0.7061058097912458,0.9417959836153199,0.9535170387104919,314,0.14063539559573773,0.1409304436258865,0.1135432991502308,0.28178345569460683,0.2669075744382816,0.056199831495256584,0.0,0.0,False,False,0.0,0
H,1835086314,269,314,0.9872043749321391,0.9902741844318281,0.04598030922690192,0.9872043749321391,0.7592813531302522,0.456,0.7893714211431558,0.6964209717574333,0.9456245840694197,0.9329786112961054,320,0.0077556556968726,0.24405040415078372,0.07219995487430006,0.31663179569292826,0.2900409940781593,0.06932119550695617,0.4,0.4,False,False,0.0,0
H,1835086314,270,320,0.988740035594076,0.9887400412158838,0.15112432155702707,0.988740035594076,0.747535677940916,0.0,0.7933722302816454,0.6956341399940548,0.9330088520223045,0.9397625379043943,315,0.11292771030616319,0.2103139962529175,0.11737379010556188,0.3201457719978297,0.2097336317991337,0.02950509953839394,0.0,0.0,False,False,0.0,0
H,1835086314,271,315,0.9916185369067078,0.9916251796407358,0.09483296485545283,0.9916185369067078,0.7401704444479152,0.2,0.7924663943504089,0.6963787607618444,0.9387746201622831,0.9360592139606474,311,0.13157909709365384,0.22872230401463503,0.01913485072452957,0.2160837065632873,0.29533326671104476,0.10914677489284952,0.0,0.2,False,False,0.0,0
H,1835086314,272,311,0.9903335224665714,0.9903369897109248,0.09999796753580088,0.9903335224665714,0.7305244171171884,0.2,0.7966975111174005,0.6951107449969793,0.9420312785421547,0.9261796157605019,305,0.1068865284153402,0.20538767013002548,0.09114130794174065,0.24226712271888542,0.2856706019804999,0.06864676881350837,0.0,0.2,False,False,0.0,0
H,1835086314,273,305,0.9901180268207668,0.9911171173879344,0.05492246803090154,0.9901180268207668,0.7139189991713386,0.4,0.7975260650453614,0.700669065656649,0.9174874407329004,0.9575642644934641,301,0.19142322386898214,0.16803865690970543,0.113200297123856,0.311222539796801,0.14829645022480575,0.06781883207584974,0.0,0.4,False,False,0.0,0
H,1835086314,274,301,0.9880930638564972,0.9881026470630145,0.09188736122323475,0.9880930638564972,0.693965494009514,0.21400000000000002,0.7941322528741209,0.7052351248954696,0.9231259300107665,0.9620112473319982,293,0.18249390652066264,0.15867840667743596,0.05809406834241023,0.21027692780797297,0.28693616675578015,0.10352052389573813,0.2,0.2,False,False,0.0,0
H,1835086314,275,293,0.990473235237787,0.9904732401471625,0.15221690494228793,0.990473235237787,0.6997948699925212,0.0,0.7937542284500628,0.7004065108494723,0.9166459169401949,0.9626369205768289,297,0.06791427748470233,0.3483371845605451,0.010980984367955726,0.26839503411294413,0.22916289965252537,0.0752096198213274,0.0,0.0,False,False,0.0,0
H,1835086314,276,297,0.9723363588955991,0.9915988301831582,0.031371928366519114,0.9723363588955991,0.7040766941511509,0.55,0.797700222562291,0.6981492516865347,0.9249813252461754,0.9461839979964164,299,0.09703832974420185,0.18957862903870618,0.004268737916959289,0.3219656628611577,0.35236894618529246,0.034779694253682415,1.0,0.2,False,False,0.0,0
H,1835086314,277,299,0.9914415929403945,0.9924546481400779,0.054822712744575015,0.9914415929403945,0.6961209130049745,0.4,0.8045694356558594,0.7006851596773784,0.9172476500567746,0.9494514917638814,287,0.1555421321896308,0.21217885722095342,0.034455494334810786,0.33855729982921934,0.22382228667608384,0.035443929749301814,0.0,0.4,False,False,0.0,0
H,1835086314,278,287,0.9899532505666382,0.9899532728084587,0.140186424400816,0.9899532505666382,0.6830102933333485,0.05600000000000001,0.8093942558200229,0.6942933407688384,0.9245616509129102,0.9277842722596432,284,0.04553048844161091,0.2570998932404594,0.09786231801285109,0.19799812342997292,0.2951938293090657,0.10631534756604008,0.4,0.0,False,False,0.0,0
H,1835086314,279,284,0.9928867515998407,0.9929030894791309,0.08767944613633026,0.9928867515998407,0.685505720496017,0.256,0.8044950477965069,0.6910366838234016,0.9321054858216192,0.9215367593291719,288,0.08072512616256276,0.17056405498158464,0.07380198134482188,0.19821755790582693,0.4555172083483569,0.02117407125684679,0.4,0.2,False,False,0.0,0
H,1835086314,280,288,0.9897701052015699,0.9908451157555541,0.05433728468804869,0.9897701052015699,0.7011484899224549,0.4,0.8040184748282955,0.7064848496322315,0.922939632578662,0.9520582683521978,293,0.3158112219839354,0.2254856574470085,0.011136186643826323,0.22556722052094041,0.22022347669602346,0.0017762367082660225,0.0,0.4,False,False,0.0,0
H,1835086314,281,293,0.9894788040087548,0.9897356913771548,0.06572280059420339,0.9894788040087548,0.70367190675274,0.35,0.8027511750540839,0.7016990884820671,0.9239896689464354,0.946025508871028,297,0.06923101664308952,0.1854396091597599,0.2500762406591091,0.22723487525890473,0.26671999812819835,0.0012982601509383635,1.0,0.0,False,False,0.0,0
H,1835086314,282,297,0.9900290442327221,0.9900446856531289,0.08800326802223106,0.9900290442327221,0.7105965872777336,0.22400000000000003,0.8062245660790655,0.7048194609916093,0.9247293049683122,0.9453818039214443,296,0.16506658667056973,0.25466516851257437,0.0034548850308898566,0.24920750339333733,0.2656930145826017,0.06191284181002695,0.8,0.0,False,False,0.0,0
H,1835086314,283,296,0.9888349013551251,0.9899728156845503,0.053877611696264545,0.9888349013551251,0.7230088962683525,0.41400000000000003,0.8030144181810472,0.6963963076071129,0.9304353647487462,0.9320665183929067,302,0.022722745813550757,0.18941108860528127,0.013246824677600652,0.32092073292436574,0.2908949513863265,0.16280365659287516,0.2,0.4,False,False,0.0,0
H,1835086314,284,302,0.9929992162473879,0.9929992181767304,0.15967163053899805,0.9929992162473879,0.7335367876835965,0.014000000000000002,0.8037347000463451,0.7010137669573637,0.9373918282738716,0.9304491961600498,303,0.180465934132581,0.24728193906721904,0.030772000962201146,0.2074640318377894,0.3253310910778923,0.008685002922317081,0.2,0.0,False,False,0.0,0
H,1835086314,285,303,0.9901575852030261,0.9901575919155634,0.14972421547444278,0.9901575852030261,0.7203098484929487,0.014000000000000002,0.8038631098009609,0.7093889395471712,0.9436526454464844,0.9351691084278076,299,0.23032326172094514,0.19999558178850374,0.043551851427652215,0.15170879360829043,0.3149482189307278,0.05947229252388063,0.2,0.0,False,False,0.0,0
H,1835086314,286,299,0.9868706761830196,0.9868707050006124,0.1380998464038399,0.9868706761830196,0.7351936133736664,0.05600000000000001,0.7922694149132857,0.7132711309938836,0.949287380901836,0.9483836285944452,306,0.17939548030088698,0.1450485818712384,0.03473998113171994,0.2446631792945703,0.3847414913858672,0.01141128601571715,0.4,0.0,False,False,0.0,0
H,1835086314,287,306,0.9889387602674428,0.9889417215600182,0.10124232159527118,0.9889387602674428,0.7220816545621694,0.2,0.8003664205858193,0.7257005772515462,0.9340400261383544,0.9707404388297813,301,0.28866253509196066,0.1758709585312876,0.06626938975592905,0.16987655184313832,0.19840691663351012,0.10091364814417439,0.0,0.2,False,False,0.0,0
H,1835086314,288,301,0.9861961184401246,0.9861997698267164,0.09955273524471892,0.9861961184401246,0.7179754654419608,0.22400000000000003,0.8012084744602002,0.7337261380757388,0.9063932641510208,1.0103498630044037,302,0.24138237108462363,0.1637138560301465,0.07356147591463327,0.31775963908441734,0.12878620313250963,0.07479645475366983,0.8,0.0,False,False,0.0,0
H,1835086314,289,302,0.9931504759191179,0.9931506230193619,0.1251743966936351,0.9931504759191179,0.7418547022579323,0.126,0.8018469995188383,0.7343656189349175,0.892181082780589,1.0265209500132808,311,0.1540723470370701,0.2623383927539347,0.032091662253494704,0.35365017549661376,0.1821357252233517,0.015711697235534974,0.6,0.0,False,False,0.0,0
H,1835086314,290,311,0.9915755633892924,0.991584904385504,0.09211913734197702,0.9915755633892924,0.7337973846604418,0.21400000000000002,0.8040378268020344,0.7402410708782152,0.886357639954573,1.0386941936927028,307,0.21992166112554573,0.1714978256359146,0.05730268976363882,0.2315678943108594,0.2169733272602143,0.10273660190382712,0.2,0.2,False,False,0.0,0
H,1835086314,291,307,0.9906341894598363,0.9909224693921204,0.06481458872302129,0.9906341894598363,0.7417369932319028,0.35,0.8033269588549558,0.7289378080187586,0.8977218759591157,1.0107792700662455,311,0.008859883555676806,0.25258612663525876,0.15923210367789795,0.24313568433777646,0.33396288320160694,0.0022233185917831743,1.0,0.0,False,False,0.0,0
H,1835086314,292,311,0.9920801925898779,0.9920804834141299,0.11974018919646294,0.9920801925898779,0.7514973126490313,0.126,0.802764936245764,0.7391539806006907,0.8918576318589784,1.032407122946137,312,0.2707882872858756,0.1701550089494723,0.08617739050079205,0.24178226598638952,0.2195397174788715,0.01155732979859911,0.6,0.0,False,False,0.0,0
H,1835086314,293,312,0.9887423564330022,0.9888915898993906,0.07003933071666553,0.9887423564330022,0.7231866835902012,0.35,0.8119558552681679,0.7347504639671744,0.89543868899753,1.010582087399987,297,0.09442727995647669,0.2715533753007849,0.08514438268410457,0.25542976356673364,0.2638341016222471,0.029611096869653183,1.0,0.0,False,False,0.0,0
H,1835086314,294,297,0.9904752576793651,0.9904752597672675,0.15902268059012512,0.9904752576793651,0.7396760668644137,0.0,0.808422990420335,0.7348127280329916,0.8932715712742946,1.0175470556333817,304,0.14749734080219942,0.2387921386834903,0.08799962162806547,0.25490157319913204,0.23688375588258795,0.033925569804524894,0.0,0.0,False,False,0.0,0
H,1835086314,295,304,0.9884928144323096,0.9884984171468779,0.09616320684548665,0.9884928144323096,0.7516629798895367,0.22400000000000003,0.805746293520398,0.7281277690585214,0.9039444141468651,0.9996950748526231,312,0.06319596783974173,0.16648258751585207,0.011985719968408581,0.2083520245726521,0.42002767386800655,0.12995602623533914,0.8,0.0,False,False,0.0,0
H,1835086314,296,312,0.9867048454763078,0.9867078234452676,0.10117961937080228,0.9867048454763078,0.7494146235859367,0.2,0.8023457854863778,0.7223587238823539,0.9118153577570676,0.987380267235751,310,0.07046679095948175,0.1428778753081982,0.12068681322620105,0.29400199531271404,0.2913269251244449,0.0806396000689601,0.0,0.2,False,False,0.0,0
H,1835086314,297,310,0.9912791565753838,0.9912791582971819,0.16056376712349987,0.9912791565753838,0.772373243664518,0.0,0.8020640756198165,0.7292932155053568,0.9206338219813608,0.9876570834060887,315,0.22565534771400728,0.23136321727413936,0.0001995091376011023,0.20072303550071996,0.3415952071579682,0.0004636832155640899,0.0,0.0,False,False,0.0,0
H,1835086314,298,315,0.9930871445061623,0.9932484373487583,0.06945574951296776,0.9930871445061623,0.7481042895234414,0.35,0.8131620094308158,0.72474501941706,0.9285704397832247,0.9598277567729747,301,0.08645580858713918,0.25642600912758456,0.030010740769192672,0.21760611418953177,0.3125795371474514,0.09692179017910046,1.0,0.0,False,False,0.0,0
H,1835086314,299,301,0.9878619768923624,0.98786929861374,0.09402806894841109,0.9878619768923624,0.7343626334195845,0.22400000000000003,0.8176859702034243,0.7233153328102359,0.9357133958049022,0.9453622979474571,291,0.12259455455036028,0.16189317989273377,8.993270944197074e-06,0.33698792405563416,0.37626822828201756,0.0022471199483100977,0.8,0.0,False,False,0.0,0
