arm,seed,step,novelty_vector_count,h_n_latest,h_n_shape_latest,V,H_N,L_t,total_suppression,avg_wb,theta_capability,transfer_state,g,population,x_compute,x_bio_welfare,x_novelty_agency,x_institutional_capacity,x_transfer_comprehension,x_resilience,c_protective,c_suppressive,adapter_active,action_modified,adapter_score,shape_fallback_increase
H,1835086321,0,200,0.9827557708954481,0.983373314927746,0.058689582823199554,0.9827557708954481,0.09931053312569263,0.256,0.6710267997785265,0.5088877378296054,0.54620382152735,1.3884408612425225,199,0.11109672287006732,0.29149333974063507,0.06007035458330741,0.24779656979169817,0.2810191076367502,0.008523905377541977,0.4,0.2,False,False,0.0,2
H,1835086321,1,199,0.9838151203034258,0.9838179477819801,0.10156905062490164,0.9838151203034258,0.12028079534996657,0.014000000000000002,0.6809362009957322,0.5113690542236082,0.5833683276004202,1.2873160171418605,204,0.036571291068538556,0.1603080659903838,0.01974711743588045,0.4123050404785896,0.25892444112902624,0.11214404389758148,0.2,0.0,False,False,0.0,0
H,1835086321,2,204,0.9837262235214814,0.9840968129673663,0.06276029351264853,0.9837262235214814,0.14462805557863337,0.256,0.6935209962973808,0.5199065200885697,0.6142224364662046,1.2205061543005822,211,0.11382398220177413,0.21708528626165768,0.10864574791684314,0.2644597645741482,0.24595470812913164,0.05003051091644518,0.4,0.2,False,False,0.0,0
H,1835086321,3,211,0.9856279916728177,0.985700230662705,0.07578888980358792,0.9856279916728177,0.16097112567951283,0.2,0.7070919631513629,0.5289497942431141,0.62711754016403,1.1928603511221199,209,0.12548250198715963,0.19677080743356462,0.040278820011744224,0.3536640762072332,0.17158673672222963,0.1122170576380686,0.0,0.2,False,False,0.0,0
H,1835086321,4,209,0.9814215885602221,0.9814221503173571,0.11441368898462644,0.9814215885602221,0.18374301027687356,0.0,0.7152304706370188,0.5490017876013287,0.6512089495371286,1.1787111450027776,214,0.26874353837962894,0.1619373612123537,0.12008875670802796,0.2026946768867411,0.2340158169475082,0.012519849865740154,0.0,0.0,False,False,0.0,0
H,1835086321,5,214,0.9839849012028493,0.9839851754317868,0.12014267000137031,0.9839849012028493,0.20578008004146411,0.014000000000000002,0.7267415416099029,0.5544396913038928,0.6860880545834157,1.1119735814941136,212,0.09859991353288239,0.16427866992921886,0.01839218878690638,0.2628062432731774,0.4100418045974066,0.04588117988040824,0.2,0.0,False,False,0.0,0
H,1835086321,6,212,0.9754425427358494,0.9850112530323777,0.036888218325328265,0.9754425427358494,0.22766906552300833,0.456,0.7370984151590254,0.5564539217199064,0.7174792491250741,1.0521905213892144,216,0.059202687265102735,0.2778751810483713,0.03477981551997145,0.23668250628691823,0.3193093805270276,0.07215042935260874,0.4,0.4,False,False,0.0,0
H,1835086321,7,216,0.9782650593298567,0.9840601168015434,0.040872450460159936,0.9782650593298567,0.25005841494436476,0.456,0.7448615823945947,0.5619236902474266,0.7344048202652185,1.0272265788608128,219,0.10365580766894417,0.3042645074736933,0.08031543319752192,0.2658553828986461,0.24336748026325905,0.002541388497935462,0.4,0.4,False,False,0.0,0
H,1835086321,8,219,0.9852242618419609,0.9852558554099607,0.08236849233366461,0.9852242618419609,0.27546303743893613,0.2,0.7548302723035635,0.5612312855803393,0.7510973925979033,0.9899113621765482,226,0.030047248066050608,0.29896674791399785,0.055996219769155,0.24605627995525928,0.2506652717960336,0.11826823249950368,0.0,0.2,False,False,0.0,0
H,1835086321,9,226,0.9862430298673139,0.98627574507201,0.08209902968268266,0.9862430298673139,0.292165396882081,0.21400000000000002,0.7655424914137712,0.57382818657504,0.7563996790013344,0.9909716722793159,226,0.1957308159214707,0.25359765536379547,0.07321097715934834,0.2233014255420086,0.2020601283161071,0.05209899769726989,0.2,0.2,False,False,0.0,0
H,1835086321,10,226,0.990013731530845,0.990013735936733,0.15307453064085838,0.990013731530845,0.3072655408634813,0.0,0.7773953111836523,0.5863830226478264,0.7726705417183883,0.9762141896179588,222,0.20307806751922958,0.2944513221508694,0.015149989361057535,0.19890764078243434,0.25955415308593655,0.028858827100472696,0.0,0.0,False,False,0.0,0
H,1835086321,11,222,0.9888145182408381,0.9888189533682077,0.09802601645292046,0.9888145182408381,0.3215657297719834,0.21400000000000002,0.7831314427653019,0.5887067828701611,0.7954034875465495,0.9450980943854606,224,0.08303639193407605,0.277888412639886,0.06978662038543905,0.1697545219086181,0.364161707492749,0.03537234563923175,0.2,0.2,False,False,0.0,0
H,1835086321,12,224,0.9858541801870605,0.9858541939635597,0.14396635248799405,0.9858541801870605,0.3468943980805467,0.014000000000000002,0.7820311512389374,0.5920240500205026,0.815282254926418,0.9285543028880052,235,0.09690757867312039,0.28640418108631444,0.09790776799966222,0.1852221273831174,0.2970955806726174,0.0364627641851682,0.2,0.0,False,False,0.0,0
H,1835086321,13,235,0.9875734077135646,0.9875734183752151,0.1460204763588691,0.9875734077135646,0.3663696420793916,0.0,0.7873822605154559,0.6027359209559561,0.8103589016364725,0.9446350190847519,237,0.19141341795598235,0.240175391928852,0.01824169377526,0.28233369146858056,0.18302436101348138,0.08481144385784366,0.0,0.0,False,False,0.0,0
H,1835086321,14,237,0.9874406994359779,0.9876500819651871,0.06733364442281174,0.9874406994359779,0.37685893622498456,0.326,0.793983446031601,0.6158435955617776,0.8019923272794202,0.9671387139683102,235,0.22805588317024186,0.33850501883702594,0.01165687573747723,0.25296453572229616,0.1633465790329745,0.005471107499984253,0.6,0.2,False,False,0.0,0
H,1835086321,15,235,0.9906487169559183,0.9906487255872723,0.14772680599595242,0.9906487169559183,0.40494382716147653,0.0,0.7921246669275411,0.6222522832114592,0.8073265733235951,0.9730243612922841,243,0.15251084284713093,0.25742998892836483,0.005475668774734089,0.3297223531605264,0.22766739386058477,0.027193752428659,0.0,0.0,False,False,0.0,0
H,1835086321,16,243,0.9884888433899024,0.9885275999352102,0.08076827135337944,0.9884888433899024,0.41607208283093955,0.256,0.7922479823517968,0.6330254764145878,0.8125647259315857,0.9833363228493602,241,0.21107259204626952,0.167578736659841,0.05792575022729037,0.25575958966164275,0.2298540497017503,0.07780928170320608,0.4,0.2,False,False,0.0,0
H,1835086321,17,241,0.980230348180234,0.9833316028420946,0.04584318332615243,0.980230348180234,0.42443433111107615,0.456,0.7960921861514526,0.6323662438502,0.8168818913507448,0.9724024602925273,243,0.07490051570426931,0.20284322080990042,0.18460725154971735,0.2506125338534017,0.2278681900615885,0.05916828802112272,0.4,0.4,False,False,0.0,0
H,1835086321,18,243,0.9881678793734233,0.988167885672396,0.15021438869379283,0.9881678793734233,0.4326991316854942,0.0,0.8008345508302298,0.6338736025493855,0.8343002275980245,0.9487187900347828,235,0.10157088614619333,0.24385083068045318,0.02211784952016434,0.3002842327502268,0.2955326269117705,0.036643573991192044,0.0,0.0,False,False,0.0,0
H,1835086321,19,235,0.9860603070717086,0.9860716139176453,0.09055441693576613,0.9860603070717086,0.4465990468031397,0.22400000000000003,0.8049494973299989,0.6360462876888447,0.8508702048382221,0.9286600703411799,235,0.1108295658366058,0.1995290189099672,0.10336483795925533,0.2403729247444608,0.3098027272042148,0.03610092534549611,0.8,0.0,False,False,0.0,0
H,1835086321,20,235,0.9866974688288235,0.9873331414394745,0.0584912607262615,0.9866974688288235,0.47773173203040303,0.4,0.8016361190352308,0.6429416377948167,0.8623776756573461,0.9300295976633521,246,0.17122080613017698,0.24632229715115175,0.04263066465354811,0.22401328951202132,0.2829724565147312,0.032840486038370705,0.0,0.4,False,False,0.0,0
H,1835086321,21,246,0.9821077361804599,0.9821077420333099,0.1507501514533176,0.9821077361804599,0.4969848174427766,0.014000000000000002,0.8023406929652795,0.6593922663167454,0.8455971274837955,0.9718998855742417,253,0.2949713801458692,0.17183634880255982,0.04974476648118572,0.2596572754033959,0.14728609696091982,0.07650413220606937,0.2,0.0,False,False,0.0,0
H,1835086321,22,253,0.9864401267748648,0.9867398333362506,0.06447149550311658,0.9864401267748648,0.5097705713369762,0.35,0.7992119430843898,0.6658436152387536,0.838824096323097,0.9932060968458118,261,0.180262027973068,0.30581243125886415,0.12318975410015026,0.19257274556035162,0.1889334079384053,0.009229633169160527,1.0,0.0,False,False,0.0,0
H,1835086321,23,261,0.9907980023622214,0.9909522198045071,0.06979439927382362,0.9907980023622214,0.5429340926407881,0.326,0.795654423213696,0.676095784716476,0.8544977455873645,0.9944268123538572,269,0.23180437799575182,0.16149464937105482,0.05830115358351221,0.21778256575887286,0.29778029448288607,0.03283695880792241,0.6,0.2,False,False,0.0,0
H,1835086321,24,269,0.9852866554491493,0.9852967160939071,0.09147771376296204,0.9852866554491493,0.5504527913545223,0.21400000000000002,0.7873449863404526,0.6922909954806522,0.8504215232768494,1.0339258017284991,272,0.3329592715465672,0.14586045168672745,0.07966452645585276,0.22045211029433207,0.20686776124110695,0.014195878775413673,0.2,0.2,False,False,0.0,0
H,1835086321,25,272,0.9797940552059964,0.9924588744193089,0.03471673321274704,0.9797940552059964,0.5667572100879357,0.526,0.7887774354061332,0.6944531658373502,0.8525377110232082,1.032701684102413,276,0.1472090016341321,0.26569855855222035,0.035223749400468476,0.3063691989270722,0.23579170037021865,0.009707791115888154,0.6,0.4,False,False,0.0,0
H,1835086321,26,276,0.9938805136734327,0.9938810375757906,0.11506943288127242,0.9938805136734327,0.6021115522743721,0.126,0.7890293559888271,0.7097305075454826,0.8612231539356793,1.0444426904702175,287,0.3560968634787836,0.1735781994479851,0.04432606206872182,0.12519848620417998,0.2696960700739595,0.03110431872637003,0.6,0.0,False,False,0.0,0
H,1835086321,27,287,0.987359459247417,0.9876504354082074,0.0647141579002825,0.987359459247417,0.6090518499464148,0.35,0.7916184678653059,0.7149579456118792,0.8499831349841517,1.062561976859518,292,0.19642454304588328,0.1698317179328829,0.06592829891957783,0.22920519175752943,0.17441148221020175,0.1641987661339248,1.0,0.0,False,False,0.0,0
H,1835086321,28,292,0.9906273269944007,0.9908409894551364,0.0671982513378516,0.9906273269944007,0.6279772939358708,0.326,0.7967135503451812,0.7054053361613359,0.8626704612927666,1.0263408371109022,296,0.014941097875634425,0.27771322201913734,0.019518707349427216,0.2410501609633012,0.28842819903515055,0.1583486127573493,0.6,0.2,False,False,0.0,0
H,1835086321,29,296,0.9908100359332247,0.9908334084360203,0.0848125408176845,0.9908100359332247,0.6261647378448345,0.256,0.8020282034827945,0.697029104806718,0.8709877601496103,0.9978131429911807,290,0.02367544316811001,0.18653668192200248,0.05778758850029369,0.35890768104143356,0.272921724930602,0.10017088043755834,0.4,0.2,False,False,0.0,0
H,1835086321,30,290,0.9893471060702832,0.9925195443552306,0.0457365708223909,0.9893471060702832,0.6313016854619884,0.456,0.8033875785104005,0.6956683949139918,0.8695346988168059,0.9958415517989314,291,0.10613431684512133,0.24477778700754133,0.14116871178394486,0.25828848692467554,0.22822857341078306,0.021402124027933962,0.4,0.4,False,False,0.0,0
H,1835086321,31,291,0.9915118908250157,0.9916653373471289,0.06984001705470058,0.9915118908250157,0.654192781223028,0.326,0.7978972054775743,0.6892914421941911,0.8797012273505966,0.9820209313574603,299,0.04258083782373706,0.194607470261319,0.05214633140067122,0.3927533037722568,0.2855999920773566,0.032312064664659246,0.6,0.2,False,False,0.0,0
H,1835086321,32,299,0.9877218754082379,0.9879739381841538,0.06585953841408654,0.9877218754082379,0.6502357736088341,0.35,0.8083782311167035,0.6803608063754003,0.891731104615537,0.9438234461858791,292,0.006674203636484356,0.1886048300512915,0.05064425204548515,0.2655317985661486,0.4873011557044933,0.0012437599960970847,1.0,0.0,False,False,0.0,0
H,1835086321,33,292,0.9866796493605774,0.9884658311807529,0.050276420945321414,0.9866796493605774,0.6599492130583329,0.42400000000000004,0.8055202982613122,0.6792389094933557,0.896371796481557,0.9407145991816507,295,0.09870179295906797,0.14762546461545203,0.11228151631934721,0.25981673233195784,0.2690690116378684,0.1125054821363066,0.8,0.2,False,False,0.0,0
H,1835086321,34,295,0.9854862008705099,0.985486259004811,0.1325025313626796,0.9854862008705099,0.6544725794723396,0.05600000000000001,0.8054778202997857,0.677878024500218,0.9067346168334013,0.9281491529977656,293,0.09501325601912519,0.16934799756654245,0.11306019555736624,0.1976514892837356,0.3472234202643167,0.07770364130891377,0.4,0.0,False,False,0.0,0
H,1835086321,35,293,0.9855453574562595,0.9856890489490482,0.07031474618222608,0.9855453574562595,0.6744359750021202,0.326,0.8073960646393551,0.68571876427801,0.9049251370725259,0.9385269615144765,297,0.2091830125350377,0.1766283274500736,0.06663406877845088,0.25333943098092937,0.24431990961232344,0.04989525064318497,0.6,0.2,False,False,0.0,0
H,1835086321,36,297,0.9865083986230431,0.9865112131963241,0.10162722688295411,0.9865083986230431,0.6692845736567269,0.21400000000000002,0.8052710793610347,0.6913401001282968,0.8844778099949416,0.9706501018808709,297,0.18634092580234093,0.18802654827544557,0.09459261642090562,0.35453321775466057,0.15022593314834165,0.0262807585983057,0.2,0.2,False,False,0.0,0
H,1835086321,37,297,0.9930111069806359,0.9930113532407682,0.1210716595927849,0.9930111069806359,0.6716069233188422,0.126,0.8090795033435682,0.6916061391447189,0.8921555640344575,0.9581357660205386,294,0.12291305028546196,0.17842749219851836,0.15205624029503576,0.2117562718515773,0.28062767519504994,0.054219270174356717,0.6,0.0,False,False,0.0,0
H,1835086321,38,294,0.9893567862254917,0.9893567899201388,0.15447067208123122,0.9893567862254917,0.6977290310758539,0.014000000000000002,0.8068096311436843,0.6932973213579506,0.8983290982443404,0.9565616844396108,302,0.14089361463084554,0.23654580112498294,0.039991815445139633,0.27348437790219815,0.276945453066643,0.03213893783019093,0.2,0.0,False,False,0.0,0
H,1835086321,39,302,0.9897043214427492,0.9897045289867847,0.12240663767891859,0.9897043214427492,0.7025090589382328,0.126,0.8087721286010913,0.6841213624068915,0.9041908353636815,0.9355066406214706,303,0.006111338960479866,0.3112079169013626,0.10406908752455542,0.29410424701251575,0.2784732347188758,0.006034174882210454,0.6,0.0,False,False,0.0,0
H,1835086321,40,303,0.9924258400919127,0.9924258408824448,0.16676923730490925,0.9924258400919127,0.6940354162611262,0.0,0.8110436083739149,0.6871906979538921,0.9018405685155518,0.9395140913073162,300,0.1534425458418152,0.23845825714680507,0.020305622429277227,0.20315968645369,0.24034408344119226,0.14428980468722014,0.0,0.0,False,False,0.0,0
H,1835086321,41,300,0.9923681393865577,0.9923681407118659,0.16265585065371022,0.9923681393865577,0.7026166925883652,0.014000000000000002,0.8044551093572917,0.7028311630561975,0.9077890867824742,0.9624191097351203,305,0.31357239889396127,0.21755473744657575,0.012972531730436608,0.13526894786889054,0.2806628755923878,0.039968508467748,0.2,0.0,False,False,0.0,0
H,1835086321,42,305,0.9922775263520611,0.9925291604699135,0.06590970377768213,0.9922775263520611,0.7028177285716647,0.35,0.8067416541401116,0.7030364460555146,0.9057703904181849,0.9621111307113983,303,0.12933551440158775,0.18637769566761334,0.08330027541017195,0.2543061604662155,0.24380106156979037,0.10287929248462122,1.0,0.0,False,False,0.0,0
H,1835086321,43,303,0.9907085540739207,0.99099459715771,0.06487717353030248,0.9907085540739207,0.6985747906615449,0.35,0.8056068832606248,0.7046101232967203,0.8921634933203241,0.9803502456271519,303,0.14656874429976746,0.2819146114618633,0.041043246657372454,0.2913198065741845,0.1848507097197884,0.05430288128702398,1.0,0.0,False,False,0.0,0
H,1835086321,44,303,0.9910150880379687,0.9910151136353942,0.13907642847654228,0.9910150880379687,0.6917263271051004,0.05600000000000001,0.8041724534383996,0.7074593704673104,0.8821969602554709,0.9972102958972162,300,0.1634969166928258,0.22613369232605823,0.004195184053848229,0.2731445813039412,0.19624908133589594,0.13678054428743047,0.4,0.0,False,False,0.0,0
H,1835086321,45,300,0.9870982615304603,0.9882961455636635,0.05345529205151348,0.9870982615304603,0.682303343452431,0.41400000000000003,0.8084978370356062,0.7188384505598412,0.8763044899223239,1.0146059389898718,294,0.2719006076987036,0.1762702665389125,0.08503724339549695,0.22206420517641895,0.2116361284620006,0.03309154872846718,0.2,0.4,False,False,0.0,0
H,1835086321,46,294,0.9919192357082585,0.9919243822512568,0.09686676470478611,0.9919192357082585,0.6897327634536088,0.22400000000000003,0.8078148799051417,0.7235106981727596,0.8886740409300915,1.0078377337191693,294,0.19517712676138096,0.16645786546573027,0.005543899896503997,0.18078255643970678,0.40978449701139613,0.04225405442528184,0.8,0.0,False,False,0.0,0
H,1835086321,47,294,0.9902926078449831,0.9902926106835517,0.15657635537485967,0.9902926078449831,0.6870036394759619,0.05600000000000001,0.804466675713945,0.7178186250167535,0.8950565105718226,0.9969105870065414,292,0.06854327190789893,0.22406398511480308,0.1351661709086428,0.27123629863625226,0.27624936867370115,0.024740904758701793,0.4,0.0,False,False,0.0,0
H,1835086321,48,292,0.9884787139719895,0.9884803442768837,0.10598964789976435,0.9884787139719895,0.6859023375387436,0.2,0.8053836915623747,0.714925525612027,0.8987801293947671,0.9876532787976222,294,0.09997289807639047,0.16637043876822133,0.10683688666879096,0.20338553259433736,0.2661463494006342,0.15728789449162583,0.0,0.2,False,False,0.0,0
H,1835086321,49,294,0.9892598695806731,0.9892632677723527,0.1001494630944425,0.9892598695806731,0.6899623605135463,0.21400000000000002,0.8030250055280637,0.7115804622686677,0.8925069388472143,0.9928493251090026,297,0.09251516171552407,0.1960908549766158,0.10960793998435996,0.31456660987158297,0.21802411195961938,0.06919532149229776,0.2,0.2,False,False,0.0,0
H,1835086321,50,297,0.9476032454389365,0.9890759754736873,0.02524724875630916,0.9476032454389365,0.6550715471531429,0.6,0.8057988423459755,0.7017251054740227,0.8953939538718331,0.9725819781128989,294,0.009045828984855033,0.378014739876616,0.03589376390590306,0.2779988121916924,0.26068854454670076,0.038358310494232724,0.0,0.6,False,False,0.0,0
H,1835086321,51,294,0.9579420130958369,0.9889244548194102,0.027567310116113942,0.9579420130958369,0.676224493017637,0.6,0.8028440558815778,0.7018379484181985,0.9058545584846498,0.9650441366497725,296,0.1274887277234623,0.18125002791561126,0.07429867255062221,0.26598771031319746,0.32260258150425003,0.028372279992856804,0.0,0.6,False,False,0.0,0
H,1835086321,52,296,0.9858771104552396,0.9894108400602896,0.044853078592916505,0.9858771104552396,0.7055966567956473,0.456,0.8062731688925705,0.6945876346895915,0.9152691026361848,0.9412306004315975,298,0.03551979615378759,0.21840265327643696,0.07377524177871012,0.2549463645676481,0.36188259619793145,0.05547334802548584,0.4,0.4,False,False,0.0,0
H,1835086321,53,298,0.9825321203118442,0.9905503184193761,0.03834007478531499,0.9825321203118442,0.6935901914739717,0.526,0.8098434618371467,0.6916753130831088,0.9237421923725663,0.9245926023478535,293,0.08521325159996054,0.18210660006380863,0.042595093204574025,0.2174967081424211,0.3246758875819824,0.14791245940725337,0.6,0.4,False,False,0.0,0
H,1835086321,54,293,0.9899361064134569,0.9912239198455355,0.052902616048521,0.9899361064134569,0.724574783501679,0.42400000000000004,0.8063531316702127,0.697242993363906,0.9313679731353096,0.928405237724396,298,0.18939307418690854,0.16078054788202273,0.032014339859869796,0.2812066920564438,0.3212728290765783,0.015332516938176808,0.8,0.2,False,False,0.0,0
H,1835086321,55,298,0.981688746885206,0.9931957242695635,0.035485808605525235,0.981688746885206,0.7102636596487897,0.526,0.8085498345965798,0.6958326199705396,0.9382311758217786,0.9172508689997193,294,0.10564720343536001,0.25075297907083893,0.0725336817981539,0.21864055154325068,0.31666007400588697,0.03576551014650949,0.6,0.4,False,False,0.0,0
H,1835086321,56,294,0.9762873147110609,0.9874184589503636,0.03570369802809158,0.9762873147110609,0.6991925940296327,0.526,0.8144627359367284,0.6860829005078959,0.9444080582396007,0.891960644088475,289,0.0005238941985409403,0.3021399630301345,0.0017657650449243575,0.3548501685120926,0.34071400986259315,6.199351714484742e-06,0.6,0.4,False,False,0.0,0
H,1835086321,57,289,0.9888938633428067,0.9888938687330533,0.15146037776656407,0.9888938633428067,0.7234059747124828,0.014000000000000002,0.8119565767453576,0.6806318297144184,0.93983877958227,0.891920385601936,298,0.04816342789896599,0.24433715292161434,0.10410700536594879,0.27882442628510007,0.24935763583314688,0.07521035169522387,0.2,0.0,False,False,0.0,0
H,1835086321,58,298,0.9915498822666791,0.9915532543246486,0.10022932147217449,0.9915498822666791,0.6985807871498667,0.21400000000000002,0.8115016298926344,0.684407800783592,0.9458549016240431,0.8916635952879596,288,0.16009453193618126,0.15691126288646998,0.06450570302232064,0.18462835717444967,0.3824431551239704,0.051416989856608086,0.2,0.2,False,False,0.0,0
H,1835086321,59,288,0.9862687316922308,0.9862802798810201,0.09038798258193952,0.9862687316922308,0.6770841940625498,0.256,0.812191824491782,0.6869779338239377,0.9512694114616388,0.8891614837216001,279,0.14738153849406563,0.1924057015949872,0.04120011178126746,0.22262845323765001,0.3439462984559862,0.05243789643604349,0.4,0.2,False,False,0.0,0
H,1835086321,60,279,0.9913822583531453,0.9913846104698105,0.10309524700578701,0.9913822583531453,0.680354302050292,0.2,0.8102127972734178,0.69999498977999,0.9349422359546049,0.9240831548562315,277,0.2795744080906148,0.1841646406944902,0.03847215779355817,0.2952281382795952,0.19399882819565015,0.008561826946091417,0.0,0.2,False,False,0.0,0
H,1835086321,61,277,0.9917451070651934,0.9917556366388506,0.09116709037936686,0.9917451070651934,0.6699311477309619,0.21400000000000002,0.810120058516485,0.6973632459353443,0.927472020869979,0.9281300883185456,274,0.09210007055442289,0.17965896411418297,0.02341803448586626,0.35814753005688055,0.23012004255417337,0.116555358234474,0.2,0.2,False,False,0.0,0
H,1835086321,62,274,0.9913631950615569,0.9913661973793371,0.10115229200131531,0.9913631950615569,0.6661049056613193,0.2,0.8091594643409107,0.7007514807543321,0.9339890209233983,0.9272314096922688,272,0.16570496394693887,0.20248316229007982,0.04187103122129341,0.20895667071265103,0.2963210107020858,0.08466316112695099,0.0,0.2,False,False,0.0,0
H,1835086321,63,272,0.9933356743605317,0.9933462074763679,0.09117716912441698,0.9933356743605317,0.6686030218460732,0.256,0.8121169217504924,0.6976569737349078,0.9296701884006187,0.9240478805434236,272,0.08678833772865338,0.22662550987988803,0.0721054368967274,0.30311461057563954,0.24540034784780082,0.06596575707129078,0.4,0.2,False,False,0.0,0
H,1835086321,64,272,0.9891312997711413,0.9891451540382243,0.08896182249707707,0.9891312997711413,0.660872198221149,0.256,0.8145641488407647,0.7058151924620398,0.9274802134497252,0.9342455915040295,265,0.2255133426734679,0.15678144473315325,0.007388595115007737,0.286684600671518,0.2538852194458422,0.06974679736101098,0.4,0.2,False,False,0.0,0
H,1835086321,65,265,0.9885558378547283,0.98855824588966,0.10288549584185641,0.9885558378547283,0.6356638659853513,0.2,0.8001802470593375,0.7105232114841237,0.9290396419376346,0.955776169725874,256,0.18748473306482338,0.13147203770187263,0.030131172981661705,0.37604406144465236,0.2715372491644093,0.0033307456425806193,0.0,0.2,False,False,0.0,0
H,1835086321,66,256,0.9905522376105218,0.9905522397278281,0.1589119794800269,0.9905522376105218,0.6301093796207543,0.014000000000000002,0.8050337346575436,0.7198691095397998,0.9286756232475789,0.9628871971395249,250,0.24840073287352887,0.18137605267831916,0.053000844684989785,0.22548644758975434,0.2626997275185389,0.02903619465486885,0.2,0.0,False,False,0.0,0
H,1835086321,67,250,0.9878513949346427,0.9881815849567522,0.06371206943737277,0.9878513949346427,0.6271349696912449,0.35,0.8106028596316005,0.7136322032904986,0.935808060922821,0.9407614794317266,247,0.05945686534611002,0.17323124310307708,0.128337112207353,0.26620035415321736,0.30956518421374823,0.06320924097649427,1.0,0.0,False,False,0.0,0
H,1835086321,68,247,0.9857273842313421,0.9869042150214016,0.05358521825247792,0.9857273842313421,0.6290867096855178,0.42400000000000004,0.8064215907746805,0.7095473534024067,0.9422272548305389,0.9338208686599602,248,0.08245950345541266,0.18521014005782846,0.04053258869104268,0.27413912341561986,0.3315508782211586,0.08610776615893795,0.8,0.2,False,False,0.0,0
H,1835086321,69,248,0.9893960086290926,0.9893960108744745,0.15843517978634802,0.9893960086290926,0.6439589813836202,0.0,0.805758654740612,0.7056056977856123,0.939777570135655,0.9318199935912057,254,0.08169640066657488,0.20760614577854927,0.12973345737125336,0.28739790578138363,0.2588652039408499,0.03470088646138897,0.0,0.0,False,False,0.0,0
H,1835086321,70,254,0.9749313948418216,0.9869407529131748,0.03509536419680872,0.9749313948418216,0.637312438858514,0.526,0.8081155512694776,0.7186267232954809,0.9062098856405763,0.9812984283279559,258,0.2912663799893654,0.2552988195243736,0.020175039323930298,0.2711716954894161,0.10205036259243358,0.06003770308048113,0.6,0.4,False,False,0.0,0
H,1835086321,71,258,0.9855300291512454,0.9855403467136254,0.09127895833951229,0.9855300291512454,0.6401587802579309,0.21400000000000002,0.8049783273738399,0.7123119902860099,0.9155888970765186,0.9664637059022371,256,0.057707539441287925,0.15593256720398394,0.003881661616941719,0.41155239976795543,0.32184943359784485,0.049076398371986255,0.2,0.2,False,False,0.0,0
H,1835086321,72,256,0.9856653897530633,0.9868376147221178,0.053615895919754256,0.9856653897530633,0.6333820543167229,0.41400000000000003,0.7989184828449988,0.7195134940494831,0.9003979615142335,1.0002348258206923,256,0.22271379097217023,0.15269383181491095,0.01972647223379086,0.325334741840467,0.18183977072683388,0.09769139241182717,0.2,0.4,False,False,0.0,0
H,1835086321,73,256,0.991869159667796,0.9918691615734203,0.159761029401793,0.991869159667796,0.6352618701626892,0.0,0.7996775324258056,0.724609755274775,0.9059740078760071,1.0001693559781886,258,0.2008991990970763,0.2894304184794827,0.05909231558258321,0.14903448434469438,0.2780792125659849,0.023464369930178423,0.0,0.0,False,False,0.0,0
H,1835086321,74,258,0.9805777175132439,0.981955411836773,0.0522908037638605,0.9805777175132439,0.6269698938855109,0.41400000000000003,0.8044911804753812,0.7273848165551681,0.9044774674365675,0.9996436047237293,257,0.1750693630516473,0.17129378040890872,0.05919367703856153,0.2224498259821975,0.2455043017408057,0.12648905177787917,0.2,0.4,False,False,0.0,0
H,1835086321,75,257,0.9910431899668263,0.9925268255677684,0.051786325238508575,0.9910431899668263,0.6380046604367516,0.42400000000000004,0.8032414255276826,0.7196620380713012,0.9140297206929108,0.9802168835247845,260,0.045580779298644236,0.1895590074006373,0.09935945174549182,0.23248318498411566,0.30337344176199593,0.12964413480911507,0.8,0.2,False,False,0.0,0
H,1835086321,76,260,0.9900675051000478,0.9903378459379392,0.06532131369578346,0.9900675051000478,0.6382735929322778,0.35,0.8040934033128446,0.7111948804643458,0.9226267486236197,0.9586411803281121,259,0.031449303707619426,0.1934866455648417,0.042360553861411555,0.30413595459297327,0.3211706655391608,0.10739687673399322,1.0,0.0,False,False,0.0,0
H,1835086321,77,259,0.9839304389393866,0.9873857949232903,0.04501530139179598,0.9839304389393866,0.6147786613316035,0.456,0.8065185861262487,0.7186252472985617,0.913667846854675,0.9752136000540165,255,0.22487638571791527,0.16217763822042752,0.12112479817706132,0.16478281955579294,0.21651886546708585,0.11051949286171715,0.4,0.4,False,False,0.0,0
H,1835086321,78,255,0.9862060924371939,0.9862061028252911,0.1462163507433975,0.9862060924371939,0.6178344924085936,0.014000000000000002,0.8136643042858279,0.7110430860257557,0.9223010621692075,0.9474972218674206,252,0.04186376365152627,0.17613378175583116,0.0005926517587777926,0.26780007868303135,0.4360535177726923,0.07755620637814106,0.2,0.0,False,False,0.0,0
H,1835086321,79,252,0.9847700559282012,0.9849726450867397,0.06757458145222792,0.9847700559282012,0.624552835809089,0.35,0.8089519683357895,0.7099659766405483,0.9227339001708509,0.951126592552197,255,0.11843806145100448,0.19787112293525258,0.054364271900788304,0.2851497938954238,0.26331472109282056,0.08086202872471038,1.0,0.0,False,False,0.0,0
H,1835086321,80,255,0.9827786925945747,0.9827787154476822,0.13991270497591116,0.9827786925945747,0.6336523197080884,0.05600000000000001,0.809884606016409,0.7025349177286028,0.9289343249563735,0.9338126648129532,260,0.03834049900102408,0.3215778099766857,0.07306038010040669,0.24372930891689534,0.29236907401303835,0.030922927991949997,0.4,0.0,False,False,0.0,0
H,1835086321,81,260,0.9884183666296472,0.9884183676539159,0.16467514723523824,0.9884183666296472,0.6430069331676321,0.014000000000000002,0.8090829032387413,0.7029759343398119,0.9360408924607362,0.9282236114158572,265,0.13209703122049046,0.18466539063572246,0.02684585586943688,0.17125163424398399,0.39013683066492394,0.09500325736544224,0.2,0.0,False,False,0.0,0
H,1835086321,82,265,0.99073891875611,0.9908389704900844,0.07323762432960161,0.99073891875611,0.6685855522506934,0.326,0.8033566920107621,0.7145918819205701,0.9286861639353351,0.9578129115429906,275,0.27205930372185977,0.16402361108341063,0.009043499138679618,0.22993311781636264,0.23124680360336264,0.09369366463632475,0.6,0.2,False,False,0.0,0
H,1835086321,83,275,0.9686040248984312,0.9886722997620185,0.03102218510503532,0.9686040248984312,0.6461508963362679,0.55,0.8028437263757827,0.7176424285402128,0.9236859117916904,0.9677268021416121,270,0.17225175894589023,0.18830625950300528,0.031859210513561186,0.3142090506156777,0.2393418212494439,0.05403189917242169,1.0,0.2,False,False,0.0,0
H,1835086321,84,270,0.9895553427785526,0.989759896590197,0.06753635331912373,0.9895553427785526,0.6790764513489732,0.326,0.7970084062246817,0.7153741119094211,0.9188261732721081,0.976870421633328,280,0.10767255995273806,0.20225143336547516,0.1393879123155926,0.2979205253758016,0.23754426329793438,0.015223305692458302,0.6,0.2,False,False,0.0,0
H,1835086321,85,280,0.9871999490986769,0.9872000830911257,0.12586948032091208,0.9871999490986769,0.6908030647719564,0.126,0.7997010539655796,0.7081329627697786,0.9269435559448973,0.9552869671412714,283,0.04409445569785588,0.17197092826610164,0.017499339626491986,0.315582430898453,0.3809766316050405,0.0698762139060569,0.6,0.0,False,False,0.0,0
H,1835086321,86,283,0.9877420300822419,0.9877421136154174,0.12963530015214852,0.9877420300822419,0.6903694416281394,0.05600000000000001,0.7991969327551538,0.7035661798283549,0.9342492003504076,0.9422983088186719,287,0.07299831496331641,0.2373662171063954,0.11645621554007689,0.1785971722579909,0.33898415383088254,0.055597926301337836,0.4,0.0,False,False,0.0,0
H,1835086321,87,287,0.9845938429372576,0.984614565132277,0.08572045688094244,0.9845938429372576,0.6863194820193738,0.256,0.8065132814671756,0.7031492134847734,0.9408242803153668,0.9266750171507049,285,0.12201678309795336,0.21637591315418636,0.12242946140475398,0.19255759482401816,0.32285809218453704,0.02376215533455116,0.4,0.2,False,False,0.0,0
H,1835086321,88,285,0.9883371133103048,0.9900630097816372,0.050562571176607576,0.9883371133103048,0.7010642397671013,0.42400000000000004,0.8030565432339657,0.6961443986575796,0.9467418522838301,0.9156334116072246,291,0.03940807308806014,0.16802073501512194,0.09402581163592427,0.25440601788926615,0.41827267201543206,0.02586669035619545,0.8,0.2,False,False,0.0,0
H,1835086321,89,291,0.9873162104103235,0.9873206518183398,0.09800268145215413,0.9873162104103235,0.7125982263125368,0.2,0.8062516181895615,0.6918228437590532,0.9507559288968882,0.9025167203180446,293,0.06857081292940757,0.2134756482829296,0.06339181989033307,0.30203451818503957,0.29344130920720546,0.05908589150508481,0.0,0.2,False,False,0.0,0
H,1835086321,90,293,0.9901615957291535,0.9901639334158658,0.10313442435935724,0.9901615957291535,0.7110080591514968,0.21400000000000002,0.8067695358082386,0.6957892126109732,0.9296107900366455,0.9277416296453826,294,0.16946888799840737,0.2374107755957181,0.04407030888758829,0.2916715127601382,0.1696522701472306,0.08772624461091749,0.2,0.2,False,False,0.0,0
H,1835086321,91,294,0.986083075259719,0.9868019729043846,0.05750760680072284,0.986083075259719,0.7121982118763126,0.4,0.8079358561420968,0.6974696541660821,0.9207713564252947,0.9375547396322073,297,0.14337377732071935,0.2900621066461489,0.011087946208039745,0.24940937643770167,0.22060822696156893,0.0854585664258215,0.0,0.4,False,False,0.0,0
H,1835086321,92,297,0.9902592335571975,0.9902633482592351,0.09863456078865528,0.9902592335571975,0.7270183178432976,0.21400000000000002,0.8029725851181563,0.7102185038704162,0.9176905549084668,0.9638179345100514,302,0.2827791551579774,0.16220230918401296,0.07225180562404378,0.20639428312535657,0.24498167062850812,0.03139077628010127,0.2,0.2,False,False,0.0,0
H,1835086321,93,302,0.9889382440702924,0.9889479535747719,0.09178994674336806,0.9889382440702924,0.7280856642149206,0.21400000000000002,0.7995937171867299,0.7151884241682169,0.9208786267209949,0.9712895365809917,308,0.19351056864151875,0.31446538093373827,0.05013819153548935,0.14405773408169395,0.27478563651687327,0.023042488290686274,0.2,0.2,False,False,0.0,0
H,1835086321,94,308,0.9749221246938683,0.9896811160042511,0.03347633655827901,0.9749221246938683,0.7132374924142841,0.526,0.7982748730072353,0.7062817498882397,0.9287907640488954,0.9525935506710457,307,0.02315933660541927,0.170310097376101,0.08206733907711448,0.24136118271032803,0.3249503515722914,0.15815169265874585,0.6,0.4,False,False,0.0,0
H,1835086321,95,307,0.9861901700223994,0.9901575103469308,0.04393776794917176,0.9861901700223994,0.7339906237525322,0.456,0.7968484604957953,0.7005079786476356,0.9359116876440059,0.9392960099310923,310,0.05675395317259812,0.2480326826182076,0.011413705131491356,0.28088617605875643,0.365767378633236,0.03714610438571044,0.4,0.4,False,False,0.0,0
H,1835086321,96,310,0.9875012612639464,0.9875012653996329,0.15355808488761838,0.9875012612639464,0.7414396557570041,0.014000000000000002,0.7945612074024085,0.7000872759558285,0.9423205188796053,0.9350313638745114,315,0.120058703007184,0.16901536956275603,0.09916447556333237,0.1919952367426203,0.3289002690410631,0.09086594608304412,0.2,0.0,False,False,0.0,0
H,1835086321,97,315,0.9868823224003677,0.9878544710823641,0.05511382311209037,0.9868823224003677,0.762224068588992,0.41400000000000003,0.7910638745862061,0.6933136262791856,0.9417495198194483,0.9306422740734562,327,0.040383926514355836,0.27235231729914,0.12047436390792082,0.25489230611718167,0.2683052641390177,0.04359182202238409,0.2,0.4,False,False,0.0,0
H,1835086321,98,327,0.9745167391581461,0.9900211553213311,0.03308685889409591,0.9745167391581461,0.7543120463382813,0.526,0.7962319866858663,0.6860149730452645,0.9475745678375035,0.9092442815746232,324,0.02958785100047758,0.1997103357092463,0.001526976459061733,0.33086721746557385,0.4209562393272238,0.017351380038416787,0.6,0.4,False,False,0.0,0
H,1835086321,99,324,0.9892360654173451,0.9892364743033168,0.1170052028871901,0.9892360654173451,0.7540089357224358,0.126,0.8009781036423933,0.7001818119154758,0.9372191799656184,0.9327151125086991,321,0.2933448440309317,0.21622111102311525,0.004786203221151439,0.14858982413673105,0.22201034455932633,0.11504767302874425,0.6,0.0,False,False,0.0,0
H,1835086321,100,321,0.9885541509221784,0.9885625066547454,0.09298210791070742,0.9885541509221784,0.7669013711305119,0.22400000000000003,0.8014519619697043,0.715172721319702,0.9149725790100254,0.9752711239024072,330,0.3438038079953489,0.2046581780890001,0.04128072332132205,0.197117162831701,0.15737658520484404,0.055763542557783805,0.8,0.0,False,False,0.0,0
H,1835086321,101,330,0.9905336306167728,0.9905336351270028,0.15289239363380636,0.9905336306167728,0.7694730679694247,0.0,0.8015064258416887,0.7108084974723402,0.9234753211090229,0.9603295853567637,331,0.07993015273279074,0.18160053387636796,0.03611838931346141,0.20587084797823466,0.30760942016634835,0.1888706559327969,0.0,0.0,False,False,0.0,0
H,1835086321,102,331,0.9883921762644655,0.9883959650407839,0.09927642782251368,0.9883921762644655,0.7539636516313465,0.2,0.8054021527355156,0.7123097170194712,0.899850949127512,0.982846066035979,328,0.1505205552593497,0.3641844979500264,0.05166660346299719,0.26390542060333533,0.14361580064695706,0.026107122077334465,0.0,0.2,False,False,0.0,0
H,1835086321,103,328,0.9922001172183539,0.9923545234802029,0.0697959155373566,0.9922001172183539,0.7704845638123108,0.35,0.8074470709343564,0.7156335732822932,0.8997701334259347,0.9850200489725344,332,0.17424177642244307,0.23735755012377802,0.0718453858473019,0.2220281990226199,0.24952139605586995,0.04500569252798721,1.0,0.0,False,False,0.0,0
H,1835086321,104,332,0.9902609807283775,0.9928442340644986,0.04737457883624366,0.9902609807283775,0.7734816636526274,0.456,0.8074758282973704,0.7076388493990409,0.9051457397415147,0.9681967609055271,332,0.03483693476077908,0.35449528112670514,0.0036101236226159534,0.32943756409849323,0.2767630982908672,0.0008569981005393562,0.4,0.4,False,False,0.0,0
H,1835086321,105,332,0.9915184778941887,0.991518484099423,0.1503606817961683,0.9915184778941887,0.7845675416636196,0.0,0.8086583540765541,0.7132314508210014,0.9146311657673633,0.9643160882743816,331,0.19968179864890628,0.18808257150458835,0.05327568274747348,0.21610343045757963,0.3029861697303673,0.03987034691108514,0.0,0.0,False,False,0.0,0
H,1835086321,106,331,0.9909677643946905,0.9909677755216142,0.14570777815377442,0.9909677643946905,0.809505176397647,0.0,0.8054651919601632,0.7093743465711363,0.9231680491906269,0.9539990373542703,339,0.08505585363981293,0.16616355326705698,0.007205077297434209,0.2634638046472244,0.4780557914354107,5.591971306074918e-05,0.0,0.0,False,False,0.0,0
H,1835086321,107,339,0.990635694881838,0.9908872026518478,0.06590052221804311,0.990635694881838,0.8084746411440777,0.35,0.808992885959668,0.7128768436817874,0.9105870373729263,0.9677169357452571,337,0.17464018049009938,0.22610058919517803,0.12264850859900175,0.2728988015047112,0.1986789655068104,0.005032954704199068,1.0,0.0,False,False,0.0,0
H,1835086321,108,337,0.9908209506265101,0.99113259643557,0.06419590549994936,0.9908209506265101,0.7894274209041389,0.35,0.8087721600770986,0.7078517395565989,0.9124085892089925,0.959238818205602,328,0.07023422573625979,0.18945796295337042,0.004058998944932315,0.33177050943831377,0.26440127786679374,0.14007702506032998,1.0,0.0,False,False,0.0,0
H,1835086321,109,328,0.9875479173574333,0.9887250106432988,0.05359811539414061,0.9875479173574333,0.7765156493389902,0.41400000000000003,0.8124286469196993,0.7083462116373719,0.9157631148509822,0.9520882379940607,321,0.13608823823253746,0.24853755551903273,0.09509999890774566,0.2388747930967363,0.27297692281444486,0.008422491429503019,0.2,0.4,False,False,0.0,0
H,1835086321,110,321,0.9899858065660672,0.9899858084985076,0.15963466660292408,0.9899858065660672,0.7762653848937877,0.0,0.8100505831533072,0.7064497483440075,0.9158813367623064,0.9522038353476333,326,0.10651059110630352,0.36912210830897496,0.05621230123374209,0.18715481306514073,0.2584726669821126,0.022527519303725926,0.0,0.0,False,False,0.0,0
H,1835086321,111,326,0.9903786149802045,0.9903786170915672,0.1589329607963812,0.9903786149802045,0.7770768255310728,0.014000000000000002,0.8096334684476565,0.7122411932734728,0.915361305451442,0.9610502268182384,329,0.20142415433332023,0.22181887224099475,0.053718098850442486,0.1708241434241359,0.25534051182683104,0.0968742193242755,0.2,0.0,False,False,0.0,0
H,1835086321,112,329,0.9935173418011388,0.9935173452762278,0.1549917502428005,0.9935173418011388,0.7792593550899207,0.014000000000000002,0.8106070830767067,0.7057598919364387,0.9238251749062978,0.9424466753922373,325,0.051634479082994074,0.17277907313151333,0.04404704234408637,0.30990599814404285,0.3508784680203328,0.07075493927703054,0.2,0.0,False,False,0.0,0
H,1835086321,113,325,0.9723564230343027,0.9909206702444472,0.03166037786288657,0.9723564230343027,0.7702840625102536,0.55,0.8107908409402919,0.6973526217058089,0.9307738154747262,0.9240584583664763,327,0.02350905457740181,0.17280055447319045,0.09306163045827981,0.26695107480053587,0.29665579029529066,0.14702189539530142,1.0,0.2,False,False,0.0,0
H,1835086321,114,327,0.9913675851672733,0.9913675880800346,0.1563796087484256,0.9913675851672733,0.784129044014255,0.014000000000000002,0.810426768426573,0.6987048414036456,0.9116598605660228,0.945686395746818,330,0.14024813478908887,0.19724786099725566,0.09116996310922093,0.31405782576012065,0.16981713319384598,0.08745908215046785,0.2,0.0,False,False,0.0,0
H,1835086321,115,330,0.9911124505980514,0.9911273059960124,0.08842238316876294,0.9911124505980514,0.8073537805265993,0.256,0.8117105312325975,0.6997425482831383,0.9150221910458,0.9421183764711701,335,0.13716186187093699,0.17553137063239316,0.019690122966109978,0.2840021431136822,0.2726415826818974,0.1109729187349801,0.4,0.2,False,False,0.0,0
H,1835086321,116,335,0.9932178902114696,0.9932221944833455,0.09829977529751874,0.9932178902114696,0.7983639640727334,0.22400000000000003,0.812606177981301,0.6946003875332872,0.920065738894462,0.92904348594198,331,0.06056208330382267,0.33395081517120867,0.07671899709744391,0.24125965527835994,0.2827288347662102,0.004779614382954525,0.8,0.0,False,False,0.0,0
H,1835086321,117,331,0.9897827089507707,0.9897828955944071,0.12325216961105545,0.9897827089507707,0.7967983116057358,0.126,0.8116090359842563,0.7038592761980299,0.9173454789544503,0.9453791940052969,333,0.23736135051758764,0.1937811444906274,0.11196254650244218,0.18597167105475687,0.24643156974717262,0.0244917176874133,0.6,0.0,False,False,0.0,0
H,1835086321,118,333,0.9904063730940232,0.9904066063572802,0.12148235350560235,0.9904063730940232,0.811596462239821,0.126,0.8095541853168929,0.7084854426400159,0.9256109310590053,0.9454891163109284,340,0.185239128148593,0.25507273469397096,0.03131136590235508,0.17092242157236287,0.30998115529751635,0.04747319438520163,0.6,0.0,False,False,0.0,0
H,1835086321,119,340,0.9860562983130503,0.9872897547629955,0.05321424121350563,0.9860562983130503,0.8100072000550999,0.42400000000000004,0.8116682093389759,0.7011163769360659,0.9330498379531047,0.9257777388960459,341,0.03819008035063505,0.22577324737589935,0.0862621080914377,0.2282062174621575,0.3805768582888516,0.04099148843101885,0.8,0.2,False,False,0.0,0
H,1835086321,120,341,0.9880472814539388,0.9880519034832936,0.09769126702044448,0.9880472814539388,0.8205914238518479,0.21400000000000002,0.8129694509918616,0.7065785146069393,0.9397448541577942,0.9248605282202886,340,0.19397445647095946,0.24758693919863167,0.012034102998805698,0.219875890232689,0.32198455027286926,0.004544060826044935,0.2,0.2,False,False,0.0,0
H,1835086321,121,340,0.9377060375181822,0.9908032598806251,0.023294294708543824,0.9377060375181822,0.789413852816354,0.614,0.8166417327822765,0.7036979222322263,0.9450622693895895,0.9117888437811047,339,0.09310416694542371,0.23854164801721203,0.021482746932282366,0.295326990218692,0.2964595032378734,0.05508494464851654,0.2,0.6,False,False,0.0,0
H,1835086321,122,339,0.9889537029569204,0.9889537040574399,0.16410789619285077,0.9889537029569204,0.8342465265742243,0.0,0.8166670893397985,0.7040887013706004,0.9376600669203542,0.9194685946991864,339,0.1321959406248181,0.1729889330996697,0.08367285009638889,0.37205786575536137,0.23552012234861838,0.003564288075143541,0.0,0.0,False,False,0.0,0
H,1835086321,123,339,0.991307523883666,0.9913075260557876,0.15871458946160522,0.991307523883666,0.8401892895819025,0.014000000000000002,0.8141213592700569,0.7083673361648507,0.9438940602283188,0.9218199966380873,343,0.18103837328475325,0.20868074854197505,0.046123290872663425,0.16879593635452814,0.3220967981583024,0.0732648527877777,0.2,0.0,False,False,0.0,0
H,1835086321,124,343,0.9888432056951255,0.9889189634587597,0.07543625135520131,0.9888432056951255,0.8624935917487934,0.326,0.8029253227381916,0.7015176951883885,0.9485868187923466,0.9210567501026963,356,0.04460907289725376,0.158642322407762,0.042446006025081966,0.3483589935535083,0.29541082293429854,0.11053278218209547,0.6,0.2,False,False,0.0,0
H,1835086321,125,356,0.9883146275130826,0.9883146590101116,0.13740377710411486,0.9883146275130826,0.8535581967118305,0.05600000000000001,0.8040692556830048,0.6967551765899413,0.9385130413562088,0.9233076531520978,355,0.06641707701215445,0.2313229310267855,0.12681476891263663,0.2921660288105895,0.22392452221548412,0.059354672022349744,0.4,0.0,False,False,0.0,0
H,1835086321,126,355,0.9880186344194098,0.9880302145837272,0.09038008342700057,0.9880186344194098,0.8148824007349073,0.256,0.8055091953574591,0.6928343460967377,0.9211065780742645,0.933789578332166,347,0.07396160420366776,0.4740409144461298,0.0215288974110742,0.23586083725766616,0.1822242042683829,0.012383542413079235,0.4,0.2,False,False,0.0,0
H,1835086321,127,347,0.9927266494525023,0.9927266529330875,0.1549728330927032,0.9927266494525023,0.8067851885346842,0.014000000000000002,0.8062439868494166,0.7061675668794013,0.8945761344754378,0.9790930567853817,343,0.287186726093756,0.17145865093060558,0.11212384799660492,0.2642654646688924,0.12790107104299847,0.03706423926714271,0.2,0.0,False,False,0.0,0
H,1835086321,128,343,0.9919405829560358,0.9919405851618441,0.158597168306648,0.9919405829560358,0.8050509301931607,0.0,0.8014026504119072,0.708485810264697,0.8996572920628041,0.9826599990647025,339,0.15783277161582238,0.1628451317152696,0.0850198319813705,0.32066290473659365,0.27269385517455036,0.0009455047763935062,0.0,0.0,False,False,0.0,0
H,1835086321,129,339,0.9908921487995751,0.9908921509562251,0.1587681542224263,0.9908921487995751,0.778514379455771,0.0,0.8036795462334462,0.7128835867676002,0.9096915628565236,0.975082884473058,332,0.18527583770172482,0.262818450006271,0.039252581497637634,0.11125860692430688,0.34703614773119223,0.054358376138867535,0.0,0.0,False,False,0.0,0
H,1835086321,130,332,0.9920293601286959,0.9920293619919824,0.15994116082051663,0.9920293601286959,0.7729139322877682,0.014000000000000002,0.8019994773838055,0.7213709408042812,0.891981605740541,1.0083903006651207,333,0.2391441671882622,0.18504501765834366,0.08149460309827389,0.22494788373262092,0.1662959958483487,0.10307233247415065,0.2,0.0,False,False,0.0,0
H,1835086321,131,333,0.9874897214536321,0.9874900721540041,0.11821304187745454,0.9874897214536321,0.760708666245566,0.126,0.807060144281552,0.7208404016199699,0.8922371443324411,1.0010434309391787,324,0.13172509819878445,0.16961554845153545,0.021057868220981775,0.31998211530579246,0.24726849582977087,0.110350873993135,0.6,0.0,False,False,0.0,0
H,1835086321,132,324,0.9942738105120762,0.9942849822817769,0.09071611176024634,0.9942738105120762,0.7893076944276408,0.21400000000000002,0.8035532465789513,0.7192270140232271,0.8923617452661256,1.0030218335359695,333,0.11785790605319603,0.15824644407414787,0.0039891093101364775,0.3351810233917452,0.2467415768346428,0.13798394033613168,0.2,0.2,False,False,0.0,0
H,1835086321,133,333,0.9893030346157233,0.9904950585952296,0.05351201945592286,0.9893030346157233,0.7549152215861107,0.4,0.8058533670378029,0.7193618905935647,0.9031255707395129,0.9884239565038364,324,0.13870284089373744,0.20533349792663277,0.10018020077880836,0.12574534796592526,0.38502883934024745,0.04500927309464856,0.0,0.4,False,False,0.0,0
H,1835086321,134,324,0.9921727847906348,0.9935758005912171,0.05223947491184939,0.9921727847906348,0.7678779111422942,0.42400000000000004,0.801166126909866,0.7207487057150141,0.9128130136655617,0.985551830659093,333,0.15443637063909563,0.20387984247361113,0.08156985871954209,0.14603219156537986,0.3475917617138121,0.0664899748885593,0.8,0.2,False,False,0.0,0
H,1835086321,135,333,0.9907540658050459,0.9918216001230389,0.05440067782451056,0.9907540658050459,0.770708407146443,0.4,0.7962479014473006,0.7286272063065571,0.9038178866655654,1.0124559822700658,332,0.2364491984661702,0.21648917932116601,0.03187611201621046,0.27701017769870806,0.21143087183279927,0.026744460664946096,0.0,0.4,False,False,0.0,0
H,1835086321,136,332,0.9816724535056167,0.9863899586467385,0.04252886316690839,0.9816724535056167,0.7840649349303721,0.456,0.7923465047493746,0.7244108577235129,0.9134360979990088,1.0009021775962468,337,0.09018764665354538,0.17384470416834552,0.03286749816651853,0.2716807271376308,0.35911938078494576,0.07230004308901405,0.4,0.4,False,False,0.0,0
H,1835086321,137,337,0.9904419628398288,0.990450121831257,0.09318695972603662,0.9904419628398288,0.7860111781967829,0.22400000000000003,0.7938210323483327,0.7160499241706717,0.9203758298039929,0.9800663916308376,333,0.0357451166666806,0.2131950521282718,0.057706475187992136,0.26092142062183293,0.2914167080244249,0.14101522737079766,0.8,0.0,False,False,0.0,0
H,1835086321,138,333,0.9917675380383447,0.9917843068694264,0.08746322669604992,0.9917675380383447,0.7811611405898505,0.256,0.7993530140665158,0.709832201975278,0.9274955331984135,0.9574260811773612,329,0.057309675164248335,0.2065405313593723,0.02898091667698139,0.22663109601089773,0.29578643187409914,0.184751348914401,0.4,0.2,False,False,0.0,0
H,1835086321,139,329,0.9857191971296027,0.9857192034667492,0.15014654392811916,0.9857191971296027,0.7765586801198531,0.0,0.7938862598511606,0.7017850706592941,0.9347459798785721,0.945697483880307,332,0.030555984784750474,0.19853604908635475,0.1301971903366431,0.2383939770533797,0.38448395917103834,0.01783283956783365,0.0,0.0,False,False,0.0,0
H,1835086321,140,332,0.992152258565187,0.9921562683042967,0.09885545247669103,0.992152258565187,0.7729162615676421,0.2,0.7999042310988713,0.7139300370286962,0.9063326840394711,0.9847591359163821,329,0.2779277487795847,0.2725115932349216,0.019557666668601176,0.24912946580754075,0.12530651074378082,0.05556701476557099,0.0,0.2,False,False,0.0,0
H,1835086321,141,329,0.9895080420771571,0.9904261140440875,0.05559009710948885,0.9895080420771571,0.7805264729862507,0.41400000000000003,0.7977969911780729,0.708622221739124,0.915699415635524,0.9699948672100089,330,0.06735858202328297,0.1944715514583256,0.06835686264597907,0.3608687741945964,0.30110292800333904,0.007841301674476912,0.2,0.4,False,False,0.0,0
H,1835086321,142,330,0.9917133525725196,0.994038727607209,0.04822129707209383,0.9917133525725196,0.7669233708053431,0.456,0.8042060600329423,0.700024338214727,0.9134913362209849,0.9528869200109779,323,0.022915344531989543,0.22309129815164894,0.01927376524756457,0.4866045140497523,0.2468093107450663,0.0013057672739784732,0.4,0.4,False,False,0.0,0
H,1835086321,143,323,0.9911032062804036,0.9922819452857854,0.05361557896881322,0.9911032062804036,0.7445332614952967,0.42400000000000004,0.8132468811178417,0.6936051891560887,0.9014485742276489,0.9461259864776401,315,0.044775848151226524,0.20533490597150925,0.1162344360951693,0.4142327729422683,0.19653185814381252,0.022890178696014132,0.8,0.2,False,False,0.0,0
H,1835086321,144,315,0.9877370348209169,0.9885885835468928,0.0561740644853791,0.9877370348209169,0.7414785383081427,0.42400000000000004,0.8157655783608743,0.6925619166709771,0.911303716804884,0.9316013061370177,312,0.10796233715866009,0.18116401975439503,0.07829996261574539,0.22922991908053555,0.36402616037691876,0.03931760101374521,0.8,0.2,False,False,0.0,0
H,1835086321,145,312,0.9922120571831079,0.9922120664405004,0.14718198521562909,0.9922120571831079,0.7399607457789127,0.014000000000000002,0.8115453098972305,0.7079338208374283,0.911223807890034,0.9573149262869842,312,0.36497223173133214,0.20228895208148642,0.0058956022235087694,0.145392737992244,0.255252313828192,0.026198162143236572,0.2,0.0,False,False,0.0,0
H,1835086321,146,312,0.9880530809782991,0.9883490688012542,0.06458385263791035,0.9880530809782991,0.7337981801189342,0.35,0.8191119926959509,0.7051182864615146,0.9201014271010306,0.9355844370495524,306,0.09476445832447203,0.20862192778732325,0.027144281041776432,0.23435461714427572,0.32177224603241716,0.11334246966973552,1.0,0.0,False,False,0.0,0
H,1835086321,147,306,0.9727478091200196,0.9900301010406378,0.03222280504670185,0.9727478091200196,0.741337431462885,0.55,0.8139609423604447,0.7059372307257816,0.9179458928925156,0.9448120813566946,316,0.13843573234178344,0.20176337227192,0.14747099771747577,0.2382247004646241,0.24927304250794038,0.024832154696256357,1.0,0.2,False,False,0.0,0
H,1835086321,148,316,0.9913456279115139,0.9915013341794496,0.06972233042214357,0.9913456279115139,0.7534403708158078,0.326,0.8078428681258774,0.7158320348523302,0.926151303603264,0.9567584187837707,316,0.2523958207854704,0.16215562191194077,0.05289691760780117,0.1596275684051039,0.31593411472644983,0.05698995656323408,0.6,0.2,False,False,0.0,0
H,1835086321,149,316,0.9671421238643425,0.9857280674166056,0.0316092583240049,0.9671421238643425,0.7524750739771459,0.55,0.8087700546388583,0.713517015506868,0.9335361732429376,0.945035494960993,318,0.10595727996442833,0.1743613018847821,0.0890136467102938,0.27924041344847944,0.33438697567729253,0.017040382314723806,1.0,0.2,False,False,0.0,0
H,1835086321,150,318,0.9813402985096636,0.9902615330121117,0.03748824968800172,0.9813402985096636,0.7709614509815248,0.526,0.8077438988915026,0.709661627414452,0.9336045293530848,0.9410543064812816,320,0.08525578353659351,0.2965918662275078,0.010480472533297818,0.3195236486915565,0.2671098671722047,0.021038361838839646,0.6,0.4,False,False,0.0,0
H,1835086321,151,320,0.990736484309307,0.9918049157072585,0.05439385764681159,0.990736484309307,0.786334884537101,0.41400000000000003,0.8034645987868596,0.7044818188429653,0.9378804475929672,0.9348793374008605,323,0.06629090999044861,0.19062216167658486,0.02764609201623688,0.3738184977397509,0.2881818558759545,0.05344048270102428,0.2,0.4,False,False,0.0,0
H,1835086321,152,323,0.9876208534115065,0.990839230965061,0.04560864197180769,0.9876208534115065,0.7937692964336358,0.456,0.8080791989925449,0.7036673953259298,0.9437247413016361,0.9227162302355281,321,0.11762084281390899,0.1656537011680032,0.11239033316685108,0.2796183249212922,0.29816169233982825,0.026555105590116476,0.4,0.4,False,False,0.0,0
H,1835086321,153,321,0.9913464155275002,0.9913532320153963,0.09462524653985849,0.9913464155275002,0.7773453790685318,0.21400000000000002,0.8098243825241324,0.7125968017559912,0.9238005379747285,0.9525215488270142,313,0.23890970245447324,0.16309581695032685,0.08613475248620361,0.2941356335993871,0.17224135401628013,0.04548274049332909,0.2,0.2,False,False,0.0,0
H,1835086321,154,313,0.9907685320738103,0.990918047516517,0.07004059962738107,0.9907685320738103,0.7667073305967728,0.326,0.8103746630581239,0.7112251550142337,0.9012644948280866,0.9737982553421032,315,0.11572741682552623,0.3948167964296956,0.030047231721611677,0.2732241402318398,0.14922005325415447,0.03696436153717225,0.6,0.2,False,False,0.0,0
H,1835086321,155,315,0.9916739997919285,0.9916796874000023,0.09606907542914316,0.9916739997919285,0.7677540768369155,0.21400000000000002,0.8043470603835126,0.711854200248343,0.9111380453452779,0.9713223716684777,312,0.13987878731026246,0.15384716749021882,0.004531485106145901,0.3454586339973855,0.33497287080447463,0.021311055291512632,0.2,0.2,False,False,0.0,0
H,1835086321,156,312,0.9910402659824621,0.9927039708252011,0.050875908198952165,0.9910402659824621,0.7573024085314555,0.42400000000000004,0.8056228411145335,0.7035701916073749,0.9185486222109618,0.9507657101950555,307,0.028858767143113567,0.18719955048326528,0.07781786521931384,0.3147834310302577,0.2926219070010585,0.09871847912299114,0.8,0.2,False,False,0.0,0
H,1835086321,157,307,0.9889671523718696,0.9920361985385979,0.045996439740410996,0.9889671523718696,0.7317649854815178,0.456,0.8022416466681213,0.7159566739411317,0.9121513254282074,0.9783959461013038,303,0.2820623989265698,0.1793520927513912,0.03884170264251979,0.14400095387832315,0.22728782719170926,0.12845502460948688,0.4,0.4,False,False,0.0,0
H,1835086321,158,303,0.987326999111097,0.9873281385960785,0.10883158846177182,0.987326999111097,0.7353394426517187,0.126,0.8023653858068825,0.7067734641665063,0.9201662266986702,0.957286119079685,304,0.020182799030389595,0.2253539635321962,0.09887887846992478,0.30000348351257694,0.2961501690664175,0.05943070638849496,0.6,0.0,False,False,0.0,0
H,1835086321,159,304,0.9877290115930192,0.9877312343210184,0.10351624287113209,0.9877290115930192,0.7219620762913458,0.2,0.809204484384032,0.7184272216656628,0.9043704820485713,0.9816984831466884,298,0.27490538384352126,0.21519450466929108,0.04409604018312534,0.21794373906098918,0.1811043900988403,0.06675594214423297,0.0,0.2,False,False,0.0,0
H,1835086321,160,298,0.9853210530826532,0.9859369089064701,0.05873209787010091,0.9853210530826532,0.7176743157797965,0.41400000000000003,0.8102804450593968,0.7290749092251014,0.9041881570102583,0.9951257863402257,299,0.2696131080340223,0.18420614446106204,0.10797378369529652,0.1470830320282881,0.251273615832721,0.03985031594861005,0.2,0.4,False,False,0.0,0
H,1835086321,161,299,0.9908354708400422,0.9919622146762964,0.05397211905264949,0.9908354708400422,0.7222805941122861,0.4,0.8089810258523802,0.7214631380652774,0.9137693413092325,0.9759762024951677,302,0.048024678767887345,0.29672203312278,0.035989091211425274,0.20135361700949223,0.3803444784800624,0.03756610140835278,0.0,0.4,False,False,0.0,0
H,1835086321,162,302,0.9893523801277496,0.9911368011254699,0.05030575208100191,0.9893523801277496,0.7350291115895525,0.42400000000000004,0.7984966353218386,0.7214205905047143,0.9223924071783093,0.9794893625315333,309,0.13788261678375963,0.15368862420236884,0.0553784526123159,0.22877153036192538,0.33021710948322486,0.09406166655640531,0.8,0.2,False,False,0.0,0
H,1835086321,163,309,0.9892648479268445,0.9905575680166672,0.05286699227348919,0.9892648479268445,0.7263051299996733,0.42400000000000004,0.8013695467115245,0.7216586567617371,0.9156244475072787,0.9835164113064984,308,0.14136369727823164,0.2669476819240487,0.005630081904904189,0.20834492558321133,0.22735640523400139,0.15035720807560285,0.8,0.2,False,False,0.0,0
H,1835086321,164,308,0.9888952478670925,0.9888952659913214,0.1418075362639365,0.9888952478670925,0.7184782100511957,0.05600000000000001,0.8054699421077505,0.7198248819389458,0.9162016069049896,0.9754083457078704,304,0.11561447519119379,0.3441685635109541,0.05298964777126136,0.22505737999776346,0.2606980207421943,0.0014719127866331288,0.4,0.0,False,False,0.0,0
H,1835086321,165,304,0.9888237204636963,0.9888457983632934,0.0852501470083934,0.9888237204636963,0.7076852399879113,0.256,0.7970710431105339,0.7183329605093416,0.9098299519345572,0.9905320507862873,302,0.11874153334178887,0.14451777825380305,0.09873662942903762,0.32858787433249403,0.22624252860033278,0.08317365604254354,0.4,0.2,False,False,0.0,0
H,1835086321,166,302,0.986402560908743,0.9917023208806651,0.0416452133921569,0.986402560908743,0.7107100876433851,0.456,0.7914539330658457,0.7106299620612874,0.9172367496778765,0.9788957122901154,304,0.0401706197176608,0.15028068018069635,0.1132369098979207,0.30630691956215894,0.2919489646838754,0.09805590595768786,0.4,0.4,False,False,0.0,0
H,1835086321,167,304,0.9843603686281766,0.985983984898727,0.05101599461040816,0.9843603686281766,0.7064485811908757,0.41400000000000003,0.7909911373002326,0.7134567995318255,0.9242159203770743,0.9759388766860878,300,0.16697919467003147,0.24301423741697242,0.011027783193943215,0.2289059680656424,0.2935142283349277,0.05655858831848281,0.2,0.4,False,False,0.0,0
H,1835086321,168,300,0.9908338147322888,0.9908338554795832,0.13537435217808833,0.9908338147322888,0.7216904230782414,0.014000000000000002,0.7949480372853827,0.7271833219548083,0.9237742045897321,0.990237428253933,302,0.3049920299946752,0.223549376185012,0.029685193838624845,0.17133542781707828,0.25989938125182604,0.01053859091278373,0.2,0.0,False,False,0.0,0
H,1835086321,169,302,0.9880063138698748,0.9880063230018399,0.14725676017737535,0.9880063138698748,0.7156306858662072,0.0,0.7958214734464503,0.731083925161885,0.9230998720830117,0.9951828671019661,304,0.19074711631021427,0.2829614520109389,0.05204558183033455,0.15595528321704605,0.258515439761264,0.059775126870202144,0.0,0.0,False,False,0.0,0
H,1835086321,170,304,0.9822254219914223,0.9859381486131173,0.04443176202537277,0.9822254219914223,0.7328252224854612,0.456,0.7919290930986324,0.7238709076038874,0.9307898848747105,0.9820264147352119,317,0.05426473375120793,0.4122064121316295,0.012045196846160108,0.1983985138209694,0.3029595222648598,0.020125621185173203,0.4,0.4,False,False,0.0,0
H,1835086321,171,317,0.9922134404212332,0.9922210597967004,0.09374585706223532,0.9922134404212332,0.74337091850872,0.2,0.7870282547262814,0.733499904013534,0.9294026247613246,1.0027804135258438,325,0.2602817723730127,0.1751028425921349,0.010442371281260672,0.11521406578106501,0.25845864187042594,0.18050030610210066,0.0,0.2,False,False,0.0,0
H,1835086321,172,325,0.993177225006,0.9931772524830835,0.13852972110645279,0.993177225006,0.7491767410606854,0.05600000000000001,0.7920184044992038,0.7249772028759746,0.9364623622851922,0.9774594495428957,323,0.03940367578896503,0.23263312776357076,0.13263298977364357,0.25111913376139605,0.30417409978586585,0.04003697312655893,0.4,0.0,False,False,0.0,0
H,1835086321,173,323,0.991508494112969,0.9915085084114512,0.14371584778558094,0.991508494112969,0.7442398949687956,0.014000000000000002,0.7953893035911368,0.7308847170585825,0.9170829002739037,1.001983428083598,321,0.214454679080083,0.31623655297604786,0.038321691088837484,0.25201793078161844,0.17133387108615383,0.007635274987259441,0.2,0.0,False,False,0.0,0
H,1835086321,174,321,0.9853128916466992,0.9864551956312956,0.053818629230442214,0.9853128916466992,0.7506040217936537,0.4,0.7989191066839064,0.7240276838900276,0.9253746102465134,0.979342913169778,320,0.058590033554678185,0.18105576568763102,0.014998307621887596,0.2852870299779858,0.4229640822897863,0.037104780868031075,0.0,0.4,False,False,0.0,0
H,1835086321,175,320,0.9907930696217995,0.9907931103875914,0.13537041212182077,0.9907930696217995,0.7491808462058417,0.05600000000000001,0.794271050724757,0.719465644599424,0.9212142248012207,0.98328789195897,319,0.08299181129872144,0.23591822260914194,0.1280573273663112,0.27779212583400187,0.24188537789679343,0.033355134995030115,0.4,0.0,False,False,0.0,0
H,1835086321,176,319,0.9866022037651949,0.986620643042595,0.08666577683798637,0.9866022037651949,0.7643908719379487,0.256,0.7905141780803056,0.7323989154660997,0.9094501575271926,1.0187300723675512,331,0.29883191370808604,0.2192637226015156,0.021956045608702842,0.1754066586889725,0.2017867760304698,0.08275488336225341,0.4,0.2,False,False,0.0,0
H,1835086321,177,331,0.988731444096084,0.9887413978142047,0.09159054846716272,0.988731444096084,0.7617195574919237,0.22400000000000003,0.7910644380309642,0.7421256031329913,0.9147188211671725,1.025599825506627,334,0.2668329180024571,0.3022981249195792,0.01936418571440517,0.08586777147796573,0.28106839696349595,0.044568602922096974,0.8,0.0,False,False,0.0,0
H,1835086321,178,334,0.989512934595392,0.9906048556524599,0.05421111262149034,0.989512934595392,0.7679998502189951,0.4,0.7972068793167236,0.7395467171010103,0.9109913451566279,1.0183107414484114,331,0.11909242655835672,0.19980109258769846,0.028864185442925815,0.28706658234594745,0.23872203053086338,0.12645368253420813,0.0,0.4,False,False,0.0,0
H,1835086321,179,331,0.9907776711601413,0.9907776754783751,0.15324063101902388,0.9907776711601413,0.7759764325935368,0.0,0.7982909132777456,0.7472209014613637,0.9048521533792553,1.0344516614596344,329,0.24564400269254863,0.16601275088923628,0.018525747657664227,0.2557415172238157,0.22479971369145085,0.08927626784528434,0.0,0.0,False,False,0.0,0
H,1835086321,180,329,0.9920361710022392,0.9920438421484347,0.09369053247693054,0.9920361710022392,0.8062813463874428,0.22400000000000003,0.7993803065066496,0.7444103769921921,0.9122075518060923,1.0208579387535242,335,0.11938150754870848,0.19875455030665076,0.09816041108039536,0.28621115017049986,0.2892030688238125,0.008289312069932981,0.8,0.0,False,False,0.0,0
H,1835086321,181,335,0.9908912776808023,0.9908999604898864,0.0926952621635235,0.9908912776808023,0.7968104200094573,0.22400000000000003,0.806947041450387,0.7434161798729834,0.9201956752277312,1.0011676023872693,329,0.14032902163001007,0.22296308288617211,0.03389956093831405,0.18651364382884972,0.29604439301124075,0.12025029770541329,0.8,0.0,False,False,0.0,0
H,1835086321,182,329,0.9901845587641471,0.9901845660397351,0.1490832672100736,0.9901845587641471,0.7987480870902891,0.014000000000000002,0.8130453989766948,0.7398184564901482,0.9067418490965663,1.0035215538965336,330,0.10716357013517581,0.17200299484817672,0.22128672833406676,0.26993539442280173,0.19282870695804108,0.0367826053017379,0.2,0.0,False,False,0.0,0
H,1835086321,183,330,0.9880417101095317,0.9880418482293167,0.12563477309258725,0.9880417101095317,0.8137264588006293,0.126,0.8095105996739594,0.7414952202956892,0.8875023677360067,1.0320869714776753,341,0.17084608287560493,0.18248403565879154,0.06643672242882784,0.28731041220343867,0.1571735177454851,0.1357492290878518,0.6,0.0,False,False,0.0,0
H,1835086321,184,341,0.9892241782762312,0.9920438407633188,0.04667111443879708,0.9892241782762312,0.8218951199417276,0.456,0.8094203931755416,0.738485311861085,0.898752130962406,1.0151443143316496,344,0.11331065725225385,0.17961224569535617,0.07203942068242038,0.1959225065761423,0.30722835147468514,0.13188681831914228,0.4,0.4,False,False,0.0,0
H,1835086321,185,344,0.9910863144818381,0.9910912870878522,0.09713375313873254,0.9910863144818381,0.8232950224989757,0.21400000000000002,0.8119998423703627,0.7454418057124816,0.9002958962246177,1.0197002591003226,343,0.23600949305563584,0.29175217315506097,0.006952360931104755,0.17999155629971753,0.2570948917922615,0.028199524766219425,0.2,0.2,False,False,0.0,0
H,1835086321,186,343,0.9917053169189454,0.9917053586551082,0.13519047965963846,0.9917053169189454,0.8215889359892522,0.05600000000000001,0.7940384774171213,0.7569387150258822,0.9081997847070653,1.0496337245420666,338,0.2971124949878079,0.12078792659773097,0.026506417230752272,0.26406239978394636,0.2896673905245469,0.0018633708752156543,0.4,0.0,False,False,0.0,0
H,1835086321,187,338,0.9757113770152451,0.9898762865976815,0.03380494368419776,0.9757113770152451,0.8326257647655463,0.526,0.7966130332323997,0.7460758013757429,0.9164421568011387,1.02195197615817,345,0.02480027626443576,0.32422518506298137,0.02632166231291835,0.2943305975887471,0.2953117528238996,0.035010525947017965,0.6,0.4,False,False,0.0,0
H,1835086321,188,345,0.9903369189450631,0.9903369502227656,0.13747567152678405,0.9903369189450631,0.854031338712077,0.05600000000000001,0.7941464522248161,0.73377326290869,0.9247979411210249,0.9991125832401312,351,1.5645021678539386e-05,0.2369560185180375,0.004146661080896294,0.2472172253176744,0.4050017775315556,0.10666267253015782,0.4,0.0,False,False,0.0,0
H,1835086321,189,351,0.9914773096130689,0.9918965976131847,0.06184035868289515,0.9914773096130689,0.8595988130986577,0.35,0.7943532194502175,0.7230513167940255,0.9311100797492341,0.9775847839759503,355,0.012083962884623682,0.20755973491138582,0.15348091989857107,0.23957974286111683,0.2939596637015588,0.09333597574274384,1.0,0.0,False,False,0.0,0
H,1835086321,190,355,0.9894204452935096,0.9897286193297101,0.06427379560750276,0.9894204452935096,0.8537385972853027,0.35,0.7965317282569346,0.7279655055410529,0.9379990717743107,0.9743282897257846,353,0.20083443233410836,0.1866941682343597,0.009964513471125026,0.16744726487159978,0.3537547709375868,0.08130485015122046,1.0,0.0,False,False,0.0,0
H,1835086321,191,353,0.9882651836745527,0.9907365034394143,0.04771027178270574,0.9882651836745527,0.8568812134922908,0.456,0.7943946199451397,0.7209959859110076,0.9441991645968797,0.9612424479232105,355,0.05535944558759202,0.3064389848366011,0.06635515941380768,0.2468614988242152,0.30631809376250385,0.01866681757528028,0.4,0.4,False,False,0.0,0
H,1835086321,192,355,0.9929073918092512,0.9929136712424219,0.09529100701712134,0.9929073918092512,0.8693550487117673,0.21400000000000002,0.7967633262630307,0.7101252981925079,0.9469538649086708,0.9411889673814099,358,0.002238894713133677,0.35768569049596943,0.028067520772753558,0.3084190549497514,0.28587308385739535,0.017715755210996532,0.2,0.2,False,False,0.0,0
H,1835086321,193,358,0.9926505896971393,0.99265059179351,0.15900792385118945,0.9926505896971393,0.863868344996242,0.0,0.7995806208618947,0.7246190332828826,0.9207499929494912,0.9842507476296803,354,0.32471645241513614,0.18315681810627235,0.002698136027496191,0.307434279370355,0.14245757265843728,0.03953674142230291,0.0,0.0,False,False,0.0,0
H,1835086321,194,354,0.9945211687495679,0.9952751065559462,0.05719683682898286,0.9945211687495679,0.8425681564543925,0.41400000000000003,0.8017116985682878,0.7147940414584377,0.9167515658379475,0.9725479937091054,347,0.017574497996240595,0.1978327965372187,0.1263498571617487,0.3030789370593021,0.24038286091702712,0.11478105032846289,0.2,0.4,False,False,0.0,0
H,1835086321,195,347,0.9897493445948536,0.9909370435159778,0.05354450497400915,0.9897493445948536,0.8467699856181075,0.41400000000000003,0.8057845703539638,0.7248540689531354,0.9012733107462866,0.9981024544826265,349,0.2599966195952446,0.1962936395277422,0.07115049548904308,0.2492237690969666,0.18098450746066935,0.04235096883033415,0.2,0.4,False,False,0.0,0
H,1835086321,196,349,0.9901501442459318,0.991760244996354,0.05112903125593732,0.9901501442459318,0.8804691323751228,0.4,0.7949975732105685,0.7248940154349324,0.9111459796716579,1.0007388226992835,361,0.1410331241181711,0.14080526986360872,0.05598113668897231,0.2923645106401532,0.3276272681052811,0.04218869058381374,0.0,0.4,False,False,0.0,0
H,1835086321,197,361,0.9935122993842052,0.9935126878029555,0.11744830630152349,0.9935122993842052,0.8770431869816985,0.126,0.7887798199163267,0.7236975621263421,0.9049583290228441,1.0138477390557696,363,0.1256030932894535,0.20705100907926557,0.054743144176619206,0.2596204543317485,0.22463473659175986,0.1283475625311534,0.6,0.0,False,False,0.0,0
H,1835086321,198,363,0.9875665391093998,0.9914160191450544,0.04418793762295006,0.9875665391093998,0.8678492330538499,0.456,0.788344862192416,0.7344498376560292,0.9144624961205597,1.0187790336832452,367,0.27421442045005345,0.17972866722491418,0.03605675310035569,0.07776795498733831,0.38112438734281157,0.05110781689452666,0.4,0.4,False,False,0.0,0
H,1835086321,199,367,0.9928095393961842,0.992816465690607,0.09450978024874682,0.9928095393961842,0.8545639318915486,0.21400000000000002,0.7923109516694873,0.7375952659870583,0.9230162465085038,1.0085864200073023,358,0.18584900267288143,0.18120560679853595,0.051350698458615986,0.17014479408976926,0.395756808535384,0.015693089444813454,0.2,0.2,False,False,0.0,0
H,1835086321,200,358,0.9872317899761374,0.9886841313445551,0.05192514440845619,0.9872317899761374,0.8509964812597355,0.41400000000000003,0.7928452910426599,0.747307961221586,0.9270499727123657,1.0167355581068453,359,0.26990573167350806,0.1938866157118543,0.0001083813418855613,0.14531720025721082,0.28167675427356115,0.10910531674198028,0.2,0.4,False,False,0.0,0
H,1835086321,201,359,0.979880780314121,0.9903857792566666,0.03618843758920991,0.979880780314121,0.8316464797090992,0.526,0.7978941751560024,0.7356381227097728,0.934344975441129,0.9867603227510664,349,0.008694494365825357,0.27121898320236293,0.007455064086150227,0.32097843358078226,0.3176042399760416,0.07404878478883767,0.6,0.4,False,False,0.0,0
H,1835086321,202,349,0.9895881481071774,0.9895881489712501,0.16603839032584822,0.9895881481071774,0.8428451467546157,0.0,0.8009724037439435,0.7370409638235342,0.9280417024716334,0.9915316476922701,348,0.16480934061562633,0.1969313341017318,0.0636604392036409,0.2512424388399055,0.23565612287308665,0.08770032436600889,0.0,0.0,False,False,0.0,0
H,1835086321,203,348,0.9893360427849418,0.9893408125892111,0.09745112937157922,0.9893360427849418,0.8530167548077252,0.21400000000000002,0.7893911288820356,0.7436921291909042,0.9229949299864875,1.0207082575101047,352,0.2312901694818332,0.13875623955298513,0.06722150224090308,0.31414386262504607,0.23878698881008667,0.009801237289145979,0.2,0.2,False,False,0.0,0
H,1835086321,204,352,0.99081807840411,0.990822084943263,0.09885109615620785,0.99081807840411,0.8542493722409792,0.21400000000000002,0.789971179153386,0.7378851340958338,0.9240038606266229,1.0108895988252349,353,0.07972014205593457,0.3137911194569572,0.08886035434246767,0.2419867909693506,0.2665421181939206,0.009099474981369409,0.2,0.2,False,False,0.0,0
H,1835086321,205,353,0.9738470615818773,0.9904924366248676,0.03252542217152312,0.9738470615818773,0.8304136370407853,0.526,0.7930813160670576,0.7439807043782054,0.9316034745639605,1.0069614712889148,349,0.2248728373395409,0.2380352830830782,0.0551696728147296,0.14889883520900568,0.3218415475077919,0.01118182404585359,0.6,0.4,False,False,0.0,0
H,1835086321,206,349,0.9916812220143287,0.9916916096383513,0.09127461647229138,0.9916812220143287,0.8375539253213152,0.21400000000000002,0.7973595619742521,0.7472759855899938,0.9384431271075645,0.9986627736625548,346,0.19367895538373306,0.2184370198422923,0.03293547643108536,0.14991815069504463,0.354440551489231,0.05058984615861363,0.2,0.2,False,False,0.0,0
H,1835086321,207,346,0.9894167573740883,0.9894168252961623,0.13129558748976547,0.9894167573740883,0.8351358135742226,0.05600000000000001,0.7981250639373779,0.7370140639630831,0.944598814396808,0.9775915291839392,343,0.026273470657362914,0.19493677984919705,0.004154521052429208,0.3756369601267021,0.3486652357297434,0.05033303258456516,0.4,0.0,False,False,0.0,0
H,1835086321,208,343,0.9931685098436538,0.9931687218125181,0.12226652647917131,0.9931685098436538,0.8305439566097771,0.126,0.8027760967954267,0.7312073298256218,0.9479932352182624,0.9608174133107235,335,0.0755496132586605,0.17462439100013724,0.09306731368786023,0.33728092436124196,0.28927151130567574,0.030206246386424312,0.6,0.0,False,False,0.0,0
H,1835086321,209,335,0.9736153082124046,0.9920333735298895,0.0317322399289573,0.9736153082124046,0.8084353076652383,0.55,0.8098673302685373,0.7330495543139441,0.9531939116964362,0.9495945081242002,327,0.1675323872450441,0.16641971849223408,0.016758001564519457,0.2271882769297269,0.36782406888837643,0.054277546880099156,1.0,0.2,False,False,0.0,0
H,1835086321,210,327,0.9885069948351349,0.9905009302344148,0.04941694567227292,0.9885069948351349,0.8139342040641712,0.456,0.8094704488960507,0.7392250755543864,0.9329627732142983,0.9788392523045412,326,0.22284998695174435,0.25228613572255487,0.05662949407516086,0.25977003824081973,0.17544126343752867,0.0330230815721915,0.4,0.4,False,False,0.0,0
H,1835086321,211,326,0.9923965092062221,0.9923965098457528,0.16845631188878352,0.9923965092062221,0.7830162101827693,0.0,0.818783730450594,0.7434604094185133,0.9396664958928684,0.9663064976198329,312,0.2024573455230775,0.20340724835495788,0.08670193977042079,0.13567410924103745,0.32069579292729744,0.05106356418320877,0.0,0.0,False,False,0.0,0
H,1835086321,212,312,0.9897330508768459,0.9897330528707187,0.15938352245692114,0.9897330508768459,0.7822345225489779,0.05600000000000001,0.8201395053669261,0.7543904969507609,0.9354559980737142,0.983297903042047,315,0.288788850039665,0.2955047488812848,0.0038173449510962854,0.14193733688181046,0.24878075885066306,0.021170960395480373,0.4,0.0,False,False,0.0,0
H,1835086321,213,315,0.940605947742876,0.9895220482525605,0.02393686444148554,0.940605947742876,0.7310920213414597,0.614,0.8225785617769308,0.7630824602306756,0.9265201927415827,1.0012423151062386,308,0.26764360159315986,0.20857908046387771,0.012155725069884112,0.21599510367080155,0.22304897237619986,0.07257751682607695,0.2,0.6,False,False,0.0,0
H,1835086321,214,308,0.9726495070444854,0.9853774355358259,0.03462016565673566,0.9726495070444854,0.7582043783974761,0.55,0.8248615132604792,0.7749283372191418,0.9076488120041468,1.0350531660481923,305,0.3288917388527582,0.1847653212093903,0.031101436351809227,0.2726900464941252,0.16890319268361184,0.013648264408305319,1.0,0.2,False,False,0.0,0
H,1835086321,215,305,0.9900397892394862,0.9901192598876221,0.07506504274493417,0.9900397892394862,0.75820625475442,0.326,0.8213507164776768,0.7681704801946019,0.8972468118729497,1.042358349637249,303,0.08735699795521484,0.16393296941220703,0.05894432282935582,0.3957020410415532,0.20181440534608827,0.09224926341558078,0.6,0.2,False,False,0.0,0
H,1835086321,216,303,0.9878572356304425,0.9878572505534561,0.14334617797339375,0.9878572356304425,0.7576738318193047,0.05600000000000001,0.8195124836148789,0.7597864053680755,0.8968042280070286,1.0338042136134613,304,0.06280561479004627,0.23466352938258306,0.025234256456252612,0.3598639791376778,0.2464104866068695,0.07102213362657078,0.4,0.0,False,False,0.0,0
H,1835086321,217,304,0.9874158380257709,0.9874158387950241,0.16694614922150083,0.9874158380257709,0.7632194918186095,0.0,0.8172072939918289,0.7608978970605882,0.8900898192283199,1.0460689610331857,307,0.17626014951145605,0.22122482471271632,0.04169323286601681,0.25691518641788413,0.21483007010997027,0.08907653638195655,0.0,0.0,False,False,0.0,0
H,1835086321,218,307,0.9771458152152848,0.9881847631191302,0.035776078960722366,0.9771458152152848,0.7734146733303273,0.55,0.8146023428383838,0.751216740297068,0.9010808373054879,1.0234245921735297,313,0.042046726118865174,0.15890973304952677,0.04280893856503858,0.26534113050648983,0.41649019914814495,0.07440327261193476,1.0,0.2,False,False,0.0,0
H,1835086321,219,313,0.9896746661677919,0.9920888362911354,0.047907369435616354,0.9896746661677919,0.7902477078978215,0.456,0.8091945538348513,0.7522935354897766,0.9071208711170273,1.024871035427565,318,0.17047040259452576,0.16272913885592938,0.029613005296851434,0.1997629359174948,0.2807405877104412,0.15668392962475747,0.4,0.4,False,False,0.0,0
H,1835086321,220,318,0.9896870302372445,0.9896870311300866,0.1657784700691764,0.9896870302372445,0.8070403925746159,0.0,0.8000265441782161,0.7502427861839893,0.9146347419064291,1.0252971205524928,325,0.13204909335876905,0.14360279262784617,0.050594846948075575,0.2527609121563481,0.29112978950552254,0.1298625654034386,0.0,0.0,False,False,0.0,0
H,1835086321,221,325,0.9741393269521963,0.9886996583111319,0.03357631107108422,0.9741393269521963,0.810471444431523,0.526,0.7972802136754802,0.7380107431604319,0.9231712677157862,1.002696313821162,332,0.003501203570525065,0.1610480583547963,0.06259702834348543,0.3233125945861981,0.4458509338389266,0.003690181306068595,0.6,0.4,False,False,0.0,0
H,1835086321,222,332,0.9911087660637091,0.9911090305134113,0.12048913976518393,0.9911087660637091,0.8153514932022252,0.126,0.7934261896312532,0.7319836556009761,0.9116382268834168,1.0119809201205496,334,0.07341811998207264,0.2487078648290373,0.006495213799342394,0.4054884522386795,0.2039204296960462,0.06196991945482199,0.6,0.0,False,False,0.0,0
H,1835086321,223,334,0.9875646892329922,0.9895113332531792,0.04960005774062003,0.9875646892329922,0.8330525522125907,0.42400000000000004,0.7909028698597554,0.7228750803689435,0.9204744041950751,0.9929522990012825,342,0.031132594350202977,0.18650420657676808,0.010247791898080198,0.33048190241590714,0.34342407227949484,0.0982094324795468,0.8,0.2,False,False,0.0,0
H,1835086321,224,342,0.9879748731724632,0.9891572423840226,0.05356599582074348,0.9879748731724632,0.8545248336780497,0.42400000000000004,0.7893814848384285,0.7282964225818723,0.9273081478936906,0.9949406274607213,346,0.20706370289219922,0.2180988240784929,0.014460736662535029,0.2462319147039133,0.2944059205906153,0.01973890107224415,0.8,0.2,False,False,0.0,0
H,1835086321,225,346,0.9889413783475848,0.9896402297924932,0.05775558609365059,0.9889413783475848,0.8438779756870278,0.4,0.7962065391726842,0.7221866882794492,0.9345773331043216,0.9705289518162893,341,0.06631358533338137,0.18618313188185737,0.13903577933090935,0.2149255825273283,0.3258871972045597,0.06765472372196367,0.0,0.4,False,False,0.0,0
H,1835086321,226,341,0.9892395366799308,0.9901306052906399,0.055825364643119504,0.9892395366799308,0.8609794999337657,0.41400000000000003,0.7970285413261136,0.7154808730416335,0.9395997500250217,0.9553912557533566,347,0.05504398970195964,0.20047098843886996,0.04072981994214107,0.2638145463502636,0.29240075115566144,0.1475399044111044,0.2,0.4,False,False,0.0,0
H,1835086321,227,347,0.9917885621002352,0.9917941090134227,0.09626937933651836,0.9917885621002352,0.837897593438158,0.21400000000000002,0.7984743758801591,0.7136023684165086,0.9456397750225195,0.9450821664531397,340,0.11119423783695866,0.19080322089796514,0.08419003048301657,0.1805455907120322,0.3773194443089644,0.05594747576106284,0.2,0.2,False,False,0.0,0
H,1835086321,228,340,0.9950802409761076,0.99508026548776,0.13945402881640012,0.9950802409761076,0.8582171711822593,0.05600000000000001,0.7973930730012573,0.7114586957530092,0.9510757975202675,0.938128010267962,348,0.1067055719665765,0.19106925974848488,0.012111078045393128,0.2207750384925908,0.3143567526398096,0.15498229910714506,0.4,0.0,False,False,0.0,0
H,1835086321,229,348,0.9920065000016401,0.9929306194314398,0.05555793832519809,0.9920065000016401,0.8554105880313435,0.4,0.7998671006377999,0.7084245189708711,0.9559682177682407,0.9264719943269155,346,0.09423447506890392,0.1668272425369623,0.057595306411878495,0.24255144267012707,0.3498808375179659,0.08891069579416237,0.0,0.4,False,False,0.0,0
H,1835086321,230,346,0.9915191070171515,0.9915191277468017,0.14075946836731693,0.9915191070171515,0.8538272167629778,0.014000000000000002,0.7938180459044771,0.7136148915429893,0.9497771515628974,0.9465013091291936,347,0.19514498150827153,0.1435812924293285,0.11719004014803426,0.24707517169985777,0.24702877785740418,0.04997973635710379,0.2,0.0,False,False,0.0,0
H,1835086321,231,347,0.990772335560012,0.9924370382301698,0.05086899476943858,0.990772335560012,0.8651074653909151,0.42400000000000004,0.7932971523293538,0.7122251210311829,0.9547994364066077,0.9403060673066714,350,0.11613717581678834,0.19022704705813162,0.02824329455849805,0.24842068540115017,0.30805032719483966,0.10892146997059207,0.8,0.2,False,False,0.0,0
H,1835086321,232,350,0.9923672056712555,0.9923772992205058,0.09150872039353826,0.9923672056712555,0.8624591909707129,0.2,0.7925307994084065,0.7066137694681613,0.959319492765947,0.92940002135932,347,0.062498806106720636,0.20712562221421812,0.009067406866387512,0.28572000497097966,0.3706543679167246,0.06493379192496954,0.0,0.2,False,False,0.0,0
H,1835086321,233,347,0.9918776336793064,0.9918898013057945,0.09001721177521105,0.9918776336793064,0.8427349111069294,0.22400000000000003,0.7979681679451747,0.705955888463883,0.9530763190144687,0.9282486348225738,337,0.1209100933641217,0.2265327735288447,0.05120348777537595,0.31211627778239753,0.24844387762558198,0.040793489923678095,0.8,0.0,False,False,0.0,0
H,1835086321,234,337,0.975009348542663,0.9915138003846059,0.03260130465791522,0.975009348542663,0.8442765622341168,0.55,0.8006220621744689,0.6984579397940762,0.9577686871130218,0.9108609231959539,344,0.03499807191734129,0.3080299358361292,0.06689078658514333,0.24878152941117457,0.33519931586655416,0.006100360383657497,1.0,0.2,False,False,0.0,0
H,1835086321,235,344,0.990897289828421,0.9909123081590819,0.08833382616549906,0.990897289828421,0.8632365396389575,0.256,0.8015740175034164,0.6947719087641933,0.9608246426193147,0.9020995915314326,348,0.07796082449776112,0.28055943796920285,0.06383449371176382,0.22584281531493916,0.29416412108797535,0.057638307418357695,0.4,0.2,False,False,0.0,0
H,1835086321,236,348,0.9882628624633025,0.9882630893087925,0.12168718155222816,0.9882628624633025,0.8600257676104742,0.126,0.8028087755758976,0.7100333133259836,0.9286563719712275,0.9523828609909633,349,0.3212552097201826,0.18163207909044132,0.04007678581725743,0.29759537226684785,0.11957096806922181,0.039869585036048774,0.6,0.0,False,False,0.0,0
H,1835086321,237,349,0.9797553164966186,0.9927210091533161,0.03453194212456419,0.9797553164966186,0.8669390497813454,0.526,0.8011444853672379,0.7014947850028899,0.9357907347741048,0.935696183825989,355,0.024539216790067313,0.20608158357993472,0.007453447893723798,0.3477300902014165,0.3277683958482138,0.08642726568664372,0.6,0.4,False,False,0.0,0
H,1835086321,238,355,0.9897766485730594,0.9897766779524761,0.13796955626906116,0.9897766485730594,0.8805137554839939,0.05600000000000001,0.7989849642372355,0.6978030218795723,0.9422116612966943,0.9269274942884971,359,0.07978720158533718,0.16165626048405984,0.08879585403012616,0.22881097976373488,0.3158409992034267,0.12510870493331538,0.4,0.0,False,False,0.0,0
H,1835086321,239,359,0.9732863392624646,0.9942811998625221,0.03070791864593069,0.9732863392624646,0.8924332512025936,0.55,0.8009909124647132,0.7076412159311446,0.9378264553581596,0.9420263513414153,364,0.24660431431938595,0.17699853425535397,0.025853744209006893,0.2666735563203562,0.24917980095567324,0.03469004994022382,1.0,0.2,False,False,0.0,0
H,1835086321,240,364,0.9924622654840941,0.992462384711748,0.1268411276408318,0.9924622654840941,0.9114168499385523,0.05600000000000001,0.7958112230047169,0.7077304931525802,0.9426726512961271,0.9434023220080523,363,0.13089172522490977,0.14298755619498535,0.05055931302336733,0.35023715527198185,0.2931442073689176,0.03218004291583799,0.4,0.0,False,False,0.0,0
H,1835086321,241,363,0.9786313686326334,0.9936217143329814,0.03338415795449657,0.9786313686326334,0.9044987548960172,0.526,0.7989800397618857,0.6997820848783931,0.9484053861665144,0.9234914486760373,364,0.030476454793024,0.24074573745892905,0.00042373551594727455,0.3041901258947201,0.33604984554079964,0.08811410079657996,0.6,0.4,False,False,0.0,0
H,1835086321,242,364,0.9892606893597773,0.9892607074380598,0.14183068241347024,0.9892606893597773,0.9370907381505356,0.05600000000000001,0.7950895344534404,0.6983322439838543,0.953543797129667,0.921097095280663,372,0.10674079186726002,0.2340361643091683,0.04450752233077293,0.29182724407102834,0.2998947478990199,0.02299352952275059,0.4,0.0,False,False,0.0,0
H,1835086321,243,372,0.9881743436425117,0.9883885225554104,0.0671593072384427,0.9881743436425117,0.904556975970607,0.326,0.7971231446128381,0.7035170384696394,0.9364187251407494,0.9424951226495542,361,0.18876758356222273,0.1823869753716915,0.07657321367270088,0.30436032597549634,0.1911465386202459,0.05676536279764243,0.6,0.2,False,False,0.0,0
H,1835086321,244,361,0.9919068699619052,0.9919156979780818,0.0925713980103704,0.9919068699619052,0.916518090925651,0.21400000000000002,0.7991691186587205,0.7060543853437121,0.941932821512319,0.937949661693218,362,0.15891498496943307,0.20899600807422725,0.06792946179318943,0.23335775472800804,0.2957798444282231,0.03502194600691939,0.2,0.2,False,False,0.0,0
H,1835086321,245,362,0.9905124835337782,0.9905124908192228,0.14907512656082894,0.9905124835337782,0.9133303138479737,0.014000000000000002,0.8001991770881846,0.6999563426217041,0.9477395393610871,0.9229620690247136,363,0.052558456814721016,0.18270898147966674,0.1382356942362982,0.23910030622377593,0.30377900119002804,0.08361756005551019,0.2,0.0,False,False,0.0,0
H,1835086321,246,363,0.9927784548217784,0.9927803767388329,0.10471432134589248,0.9927784548217784,0.9003496757362278,0.2,0.8008008444068809,0.7085942103163514,0.9529655854249784,0.928529828865478,361,0.23294606032165507,0.1756716472960762,0.04194806267339172,0.1263647948192311,0.3233342086059457,0.09973522628370017,0.0,0.2,False,False,0.0,0
H,1835086321,247,361,0.9896142375980281,0.9896142436002452,0.1506101654387999,0.9896142375980281,0.8898127914041886,0.0,0.7980426709619456,0.7000756335461605,0.9576690268824806,0.9160167328711818,359,0.023889171820334232,0.15827417628000556,0.011549309039037729,0.3615563153259941,0.4442662013637435,0.00046482617088482154,0.0,0.0,False,False,0.0,0
H,1835086321,248,359,0.9929769336131461,0.9940065496028049,0.05470607604856584,0.9929769336131461,0.8675833171307876,0.41400000000000003,0.8069185642211683,0.7023717947532049,0.9490867083565515,0.9171311932849298,347,0.15374928605440502,0.2032461874034444,0.04691890184257453,0.24362401474832962,0.23592292081159494,0.11653868913965151,0.2,0.4,False,False,0.0,0
H,1835086321,249,347,0.9907040472709445,0.990704056203592,0.14745412899916274,0.9907040472709445,0.872083515991343,0.014000000000000002,0.8052210949347106,0.6957757414558645,0.9535215254072739,0.9061991226664116,351,0.04403170550399914,0.230048550614842,0.04174606549875075,0.25601598233507544,0.29671743943188733,0.13144025661544534,0.2,0.0,False,False,0.0,0
H,1835086321,250,351,0.9897452970447248,0.9897527294782407,0.09392376708290433,0.9897452970447248,0.8668013009526857,0.21400000000000002,0.8076806820801711,0.6902013155849773,0.9581693728665465,0.8918540775526999,347,0.052679515023825285,0.18444857050659555,0.06707793933394958,0.2907074604711184,0.30229138980946013,0.10279512485505105,0.2,0.2,False,False,0.0,0
H,1835086321,251,347,0.9934102660845593,0.9934162626793724,0.09566189867322329,0.9934102660845593,0.8633103303635162,0.21400000000000002,0.8063434695327039,0.7007282371245925,0.9451768757129679,0.919425315997714,345,0.2504623414858014,0.21952736539747422,0.04044945699079171,0.24010088539239113,0.21412220066538068,0.03533775006816101,0.2,0.2,False,False,0.0,0
H,1835086321,252,345,0.9907550154737471,0.99105608526527,0.06447011427012345,0.9907550154737471,0.8409852351120888,0.35,0.8077419432289854,0.7000623129941276,0.9413992533775141,0.920640792726097,337,0.11713109657205875,0.1847393057604793,0.15856021662549652,0.2605442383087214,0.2537003261792148,0.025324816554029194,1.0,0.0,False,False,0.0,0
H,1835086321,253,337,0.9907239676562424,0.990947625351607,0.06683517927951671,0.9907239676562424,0.8728559777774723,0.35,0.8078579038342141,0.6990934390262045,0.9457002789904477,0.9150540147592927,347,0.11292802102229119,0.240437177738972,0.054997525101510694,0.2684586997131461,0.2922047547534252,0.03097382167065471,1.0,0.0,False,False,0.0,0
H,1835086321,254,347,0.9914979455230912,0.9915070353315456,0.09233549646626663,0.9914979455230912,0.8769813818667395,0.21400000000000002,0.810732584201685,0.7006995910348199,0.9511302510914029,0.9086868454975748,345,0.14451029949907102,0.20134451516994048,0.048724773001935485,0.24232088972915444,0.3268217384351946,0.036277784164703945,0.2,0.2,False,False,0.0,0
H,1835086321,255,345,0.9887476483061675,0.9912234478981666,0.04769976680075231,0.9887476483061675,0.8745373448163348,0.456,0.8090350250746768,0.7006558410554719,0.9336409952113277,0.9275931019107796,351,0.12489036965491153,0.21473219645026423,0.1382352243744417,0.2645016757659673,0.1881188461453253,0.06952168760908989,0.4,0.4,False,False,0.0,0
H,1835086321,256,351,0.9907390457944549,0.9907509775946458,0.09016385977837482,0.9907390457944549,0.8689979489422168,0.256,0.8125126460126002,0.6924221414832626,0.9308626239533515,0.9154934150510744,350,0.022488656007055446,0.24764346724833727,0.08364716875372762,0.2921720230135329,0.2529286413157829,0.10112004366156388,0.4,0.2,False,False,0.0,0
H,1835086321,257,350,0.9380262424956403,0.9914379693754081,0.02325238242081547,0.9380262424956403,0.8355061745241369,0.6240000000000001,0.8144951575819862,0.703983399259314,0.9312411231067453,0.9281363149168217,350,0.26477956062768043,0.17130866678138282,0.04831621504470049,0.23569863229198937,0.26732380774364495,0.012573117510601797,0.8,0.4,False,False,0.0,0
H,1835086321,258,350,0.9897918499397972,0.9897918523184996,0.15797923042353226,0.9897918499397972,0.8915066025463546,0.014000000000000002,0.8155700198783677,0.7035867870586147,0.9381170107960708,0.919600949797983,353,0.12253197202833041,0.2690763190286973,0.030231068408622493,0.22774016349555007,0.3258412957864887,0.024579181252311164,0.2,0.0,False,False,0.0,0
H,1835086321,259,353,0.9916560563488774,0.9926565997304165,0.054923256032762546,0.9916560563488774,0.9013758346352323,0.41400000000000003,0.8150040274213283,0.7020229944145354,0.9443053097164638,0.9121770700764009,353,0.10769433386064341,0.16865057498545172,0.06160174977787223,0.2772858482306054,0.3288769671043011,0.05589052604112617,0.2,0.4,False,False,0.0,0
H,1835086321,260,353,0.9896642982503144,0.9906858612129262,0.05474194281674079,0.9896642982503144,0.907160835768678,0.41400000000000003,0.8108846182990997,0.7115222485454539,0.9214502272232707,0.9522643825107506,360,0.2450050481455656,0.1612216684202219,0.08599065736692942,0.3097203909274192,0.15787724239226686,0.04018499274759717,0.2,0.4,False,False,0.0,0
H,1835086321,261,360,0.9919090109939568,0.9919128547043887,0.09919011514530837,0.9919090109939568,0.9041478887847111,0.2,0.8063401623569078,0.7193975229040926,0.9293052045009437,0.9600465182530216,360,0.23064233482389368,0.1480455698462128,0.03618280758925504,0.16963176011929393,0.3657845901775773,0.04971293744376733,0.0,0.2,False,False,0.0,0
H,1835086321,262,360,0.9903116027518849,0.9903118327629828,0.12159335212084946,0.9903116027518849,0.9043094319853201,0.126,0.8036885032568494,0.7130222532541168,0.9363746840508493,0.9474704303815039,365,0.05743258119036058,0.23537114606986018,0.04205515126942335,0.21375872591645456,0.320852669582926,0.1305297259709753,0.6,0.0,False,False,0.0,0
H,1835086321,263,365,0.9879731429160373,0.9889002918233214,0.05549951016137142,0.9879731429160373,0.8905189632637067,0.41400000000000003,0.808220587884882,0.7036383637259219,0.9427372156457644,0.9234830938238864,358,0.015840289181386188,0.17833243868078852,0.020184188968342297,0.3484738881883502,0.31893240995595284,0.11823678502518005,0.2,0.4,False,False,0.0,0
H,1835086321,264,358,0.9922462274155257,0.9922462355915861,0.14817099616752352,0.9922462274155257,0.8748149592288877,0.0,0.8139840104862809,0.6945825038289097,0.9405240242433419,0.9072731785504806,356,0.014075728616049473,0.4625554790969277,0.002257138632956441,0.20978856244484922,0.2603026508107697,0.051020440398447366,0.0,0.0,False,False,0.0,0
H,1835086321,265,356,0.9912466418892842,0.9912479920267421,0.1075128610233603,0.9912466418892842,0.8823865370162647,0.2,0.8126293748368261,0.6950545192110112,0.9383436394801403,0.911516301265593,358,0.12751425716933795,0.1857143973399257,0.09081170526996586,0.3041626388944915,0.2593600883056631,0.03243691302061591,0.0,0.2,False,False,0.0,0
H,1835086321,266,358,0.99133875213775,0.991338753625041,0.16172970279570575,0.99133875213775,0.8653937604072802,0.014000000000000002,0.8133247271486364,0.7004122405888947,0.9223062237394034,0.933715593696047,357,0.18888059173042582,0.18328957308694646,0.047333906888196595,0.21055182272146994,0.18898474103638582,0.18095936453657532,0.2,0.0,False,False,0.0,0
H,1835086321,267,357,0.9903672319011593,0.9903713418398578,0.09864464906101025,0.9903672319011593,0.8661758725474021,0.21400000000000002,0.8091256687650034,0.708940726263064,0.9083514602688681,0.9645839430139134,358,0.23186372129517552,0.16027389338655562,0.02757816786883325,0.2821776048230717,0.1913792945170256,0.1067273181093383,0.2,0.2,False,False,0.0,0
H,1835086321,268,358,0.9926025678248485,0.9926083994822296,0.09587743349621258,0.9926025678248485,0.839627556371421,0.22400000000000003,0.8088721143414872,0.7044678223193881,0.8935238335610772,0.9747094038748411,352,0.07467665461846504,0.33769919999021497,0.023651756258137743,0.3775096180872691,0.18003759659547927,0.0064251744504339025,0.8,0.0,False,False,0.0,0
H,1835086321,269,352,0.9930698360903252,0.993287187333049,0.06708162490203648,0.9930698360903252,0.845973621991378,0.35,0.8115541621260767,0.6986318047238059,0.9041714502049695,0.9520944937497767,350,0.05484216900484046,0.19645178166415092,0.06087680073141336,0.315361317507325,0.37181976592916277,0.000648165163107518,1.0,0.0,False,False,0.0,0
H,1835086321,270,350,0.9910687909169,0.9912603902020157,0.06806919925634915,0.9910687909169,0.8419587806205433,0.35,0.8167491387700127,0.7137002144876157,0.8850549620951257,0.9873176498140055,345,0.31664131314091504,0.19941567570278942,0.017603944496796985,0.2967600373319251,0.15650328455326562,0.013075744774307767,1.0,0.0,False,False,0.0,0
H,1835086321,271,345,0.9933330940494017,0.9933376613397251,0.09782857177493325,0.9933330940494017,0.837397421762463,0.2,0.8177603551530873,0.7065249670271195,0.8844456169955238,0.9768555025045039,344,0.04387204079855858,0.20711661436678488,0.04606648242135126,0.30484919095694885,0.2394807555495534,0.15861491590680304,0.0,0.2,False,False,0.0,0
H,1835086321,272,344,0.9918452903207265,0.9918453015804536,0.14562038035841468,0.9918452903207265,0.8378526824031525,0.05600000000000001,0.8176017851258981,0.7091182148134818,0.8668385687327603,1.0005495100846937,349,0.16149370172147795,0.2244299462845501,0.041181269390081,0.30476140488615927,0.15418756718394444,0.11394611053378718,0.4,0.0,False,False,0.0,0
H,1835086321,273,349,0.991897413542616,0.991897458556059,0.1345902937715026,0.991897413542616,0.8384730891470328,0.05600000000000001,0.8182846982225837,0.7071634254644275,0.876503294159284,0.9859657029901728,348,0.10626401739524603,0.23225885766616647,0.039109269522033106,0.2315411291349374,0.2817429114989984,0.10908381478261858,0.4,0.0,False,False,0.0,0
H,1835086321,274,348,0.9908793182407536,0.9908877012472844,0.0929748686078538,0.9908793182407536,0.8499881163543253,0.256,0.8191436650722569,0.7049400299685471,0.8823467843015174,0.975332707619762,350,0.10168469721676308,0.28119284198020295,0.018984229324109533,0.31505530985621544,0.2674690977908087,0.015613823831900409,0.4,0.2,False,False,0.0,0
H,1835086321,275,350,0.9932337464088394,0.9937368202510277,0.06040495505661135,0.9932337464088394,0.8509155348966858,0.4,0.8176923281622087,0.706609162282906,0.8822766277222527,0.9794551786393647,348,0.1489516726598281,0.1673028382716343,0.02424336039705976,0.33385526608559013,0.24082260925443527,0.08482425333145249,0.0,0.4,False,False,0.0,0
H,1835086321,276,348,0.9906908069528907,0.9906941453002636,0.10030239927774005,0.9906908069528907,0.8428606436645987,0.21400000000000002,0.8214590644380793,0.7065472191986134,0.8844025951094656,0.9725350383274786,342,0.12835643787315895,0.23524609502702107,0.018992799960879072,0.36285339766121943,0.2517681507971907,0.0027831186805308016,0.2,0.2,False,False,0.0,0
H,1835086321,277,342,0.9896132004625898,0.9897290527968744,0.07206152472117568,0.9896132004625898,0.8267591159111377,0.35,0.8220082526477184,0.7093184030015667,0.8913768218485647,0.9680632036804036,334,0.16373180953604954,0.17410540193833662,0.07993092841086166,0.2281666022868521,0.2770724312502283,0.07699282657767174,1.0,0.0,False,False,0.0,0
H,1835086321,278,334,0.9894371313896521,0.990770536515608,0.05262204210175899,0.9894371313896521,0.8112571223422695,0.42400000000000004,0.8263490978938245,0.7112316017146486,0.8776564790067942,0.980670078444442,329,0.15473898578950324,0.19627653576894005,0.06016070615951478,0.35671108582220057,0.17708669671542965,0.055025989744411585,0.8,0.2,False,False,0.0,0
H,1835086321,279,329,0.9935618005812981,0.9935619244017423,0.12654906863044824,0.9935618005812981,0.7978993231935028,0.126,0.8259531300546249,0.7243535186593005,0.8494218941393883,1.0324563980271868,327,0.29604371287980413,0.19493607712779806,0.07459060033273443,0.2584215862950329,0.09765531516636751,0.07835270819826286,0.6,0.0,False,False,0.0,0
H,1835086321,280,327,0.9882321561892586,0.9882389533551262,0.09462279674861956,0.9882321561892586,0.7786834388999384,0.22400000000000003,0.824684151547915,0.7303176469990025,0.8450510130768528,1.04795158665861,322,0.2147725534083374,0.1719411587732608,0.050755313027826904,0.2351818470860575,0.20285654175701667,0.12449258594750084,0.8,0.0,False,False,0.0,0
H,1835086321,281,322,0.9907025874373523,0.9907026013298526,0.143938659094267,0.9907025874373523,0.7804156922821163,0.05600000000000001,0.8260694836397875,0.7344375680180294,0.8470596007822172,1.049601241437309,320,0.1954475421122134,0.2428997423441722,0.03983144202564947,0.23903387040091964,0.23256844506524854,0.0502189580517968,0.4,0.0,False,False,0.0,0
H,1835086321,282,320,0.9886735218051556,0.9886735243066834,0.15756946936600918,0.9886735218051556,0.7826867173238342,0.014000000000000002,0.8264345888385802,0.7244759089025249,0.8404443617205197,1.04305328443196,327,0.02200274106746228,0.2425229223034971,0.051558743546237025,0.4093775362996916,0.19045360508262124,0.08408445170049075,0.2,0.0,False,False,0.0,0
H,1835086321,283,327,0.9925669603676398,0.9926309677959531,0.07680767958800888,0.9925669603676398,0.776470973805932,0.326,0.8239772437804537,0.723969783175395,0.8379867402569712,1.0484991330587325,324,0.13397087147495407,0.22385350577188423,0.030614241295575894,0.35764034529338556,0.20793407354251736,0.045986962621682836,0.6,0.2,False,False,0.0,0
H,1835086321,284,324,0.9900312239237111,0.9905117595738243,0.06074393388319573,0.9900312239237111,0.7499447718984719,0.4,0.8206096431651289,0.7208865979735358,0.8476307301416796,1.0363910220327825,318,0.1014412994613824,0.16745160776772527,0.12850321634111966,0.18503242668937125,0.2672133195520277,0.15035813018837374,0.0,0.4,False,False,0.0,0
H,1835086321,285,318,0.9911809752603684,0.9911809762268015,0.16516002166940938,0.9911809752603684,0.7576648210159729,0.014000000000000002,0.8218023923965038,0.7283410066968189,0.8544985654794068,1.037184511851064,316,0.23123423277449778,0.18032411415901342,0.07542346351561742,0.23100423524668118,0.25815454175947633,0.02385941254471382,0.2,0.0,False,False,0.0,0
H,1835086321,286,316,0.9926227793010736,0.9926263317752949,0.0998230435476395,0.9926227793010736,0.7740042630345377,0.21400000000000002,0.8195518123437345,0.7279040402014322,0.8587347779957997,1.0342812773193129,320,0.1372510479931779,0.16359210008375236,0.14586926868778777,0.293398261300738,0.24843034532166747,0.011458976612876625,0.2,0.2,False,False,0.0,0
H,1835086321,287,320,0.9894629380362943,0.9894629384938256,0.17109849173964803,0.9894629380362943,0.7761623051300678,0.0,0.8219375958871672,0.7288596885080922,0.8712527018911885,1.0177964866750129,315,0.1543856289591461,0.16318958292876434,0.018727615684558458,0.2637260676448753,0.2919570084748442,0.10801409630781171,0.0,0.0,False,False,0.0,0
H,1835086321,288,315,0.9916736081921963,0.9916736135102928,0.15158998950496144,0.9916736081921963,0.7802627101308391,0.05600000000000001,0.8230310869901789,0.7347822137191882,0.8789399836594345,1.0157414478512683,312,0.21706887045625742,0.19127115901596703,0.04717092876077647,0.2276931206297867,0.27406275978682404,0.042733161350388356,0.4,0.0,False,False,0.0,0
H,1835086321,289,312,0.975390973402625,0.9916694891368139,0.03271227587809848,0.975390973402625,0.744276536576627,0.55,0.8224779258767511,0.7305296575225142,0.8899250778082056,0.9980680555120395,305,0.09358193111606762,0.21614766121794943,0.10805017446064116,0.189891784405334,0.2943954625735728,0.09793298622643508,1.0,0.2,False,False,0.0,0
H,1835086321,290,305,0.9904469638644796,0.9904520993603215,0.09687204585612283,0.9904469638644796,0.7624985291363051,0.22400000000000003,0.8193557513627567,0.7324060161301666,0.8821223081761609,1.013329279079882,310,0.167535518547227,0.16209604168988892,0.05263490665407014,0.2548371893982343,0.20594869074387884,0.15694765296670085,0.8,0.0,False,False,0.0,0
H,1835086321,291,310,0.9907115622304512,0.9907168821614334,0.09659331085202813,0.9907115622304512,0.7753266173998211,0.22400000000000003,0.8146171667589971,0.7336351211095078,0.8806808071751233,1.0226052647710877,316,0.16061757232311902,0.17602657477478725,0.049898135003894895,0.2575007636817675,0.23385364908289277,0.1221033051335385,0.8,0.0,False,False,0.0,0
H,1835086321,292,316,0.9886749748382836,0.9886777888181835,0.10164636798408136,0.9886749748382836,0.7818898461364223,0.22400000000000003,0.8103079778943704,0.7336639196422472,0.8846166870380606,1.0235095976677375,322,0.14638193235268424,0.2165121577674014,0.017802124170415906,0.21391417689466338,0.2600198029022482,0.14536980591258702,0.8,0.0,False,False,0.0,0
H,1835086321,293,322,0.9919977523574368,0.9919978488013967,0.12852551481963254,0.9919977523574368,0.7977365339736402,0.126,0.81034304896828,0.7282205394812379,0.8961550183342546,1.0027920258171286,324,0.07799769776378743,0.16768525090252084,0.0054562887865464305,0.26386369174914714,0.4047396681230908,0.08025740267490739,0.6,0.0,False,False,0.0,0
H,1835086321,294,324,0.9924085437818082,0.9932571892513539,0.0562387527436035,0.9924085437818082,0.824268172423847,0.4,0.8008716382654364,0.7294134822266269,0.9065395165008291,1.0046716153035087,332,0.1575496214931369,0.15372337800726696,0.07740851365299732,0.2824871461054622,0.3101768927636778,0.018654447977458757,0.0,0.4,False,False,0.0,0
H,1835086321,295,332,0.9949711882803638,0.9950968942614014,0.07145480458709474,0.9949711882803638,0.8185146259234561,0.326,0.8053498629748963,0.7302774539373581,0.9158855648507462,0.990061310216803,327,0.15418307277578128,0.19290374055927784,0.010902618224783547,0.19885418243219632,0.4394043430869069,0.0037520429210541654,0.6,0.2,False,False,0.0,0
H,1835086321,296,327,0.9919913149477725,0.9919981906750884,0.09456154453672631,0.9919913149477725,0.809144674306197,0.256,0.8065036309031113,0.7307343132383072,0.9095462339857623,0.9961583832658008,329,0.14963414997271196,0.28071469812550187,0.08031255793426102,0.20168155736034085,0.2262461281004532,0.061410908506731136,0.4,0.2,False,False,0.0,0
H,1835086321,297,329,0.9903770034276466,0.9903770475920345,0.13472966205096254,0.9903770034276466,0.8035997152374275,0.05600000000000001,0.8042123247611651,0.7256965472441466,0.8981287560133377,1.0047215804010767,332,0.08123687084693429,0.20942130697250147,0.08523052729670148,0.3531051509449458,0.19768572713075838,0.07332041680815862,0.4,0.0,False,False,0.0,0
H,1835086321,298,332,0.9924016602100202,0.9924016656326756,0.1514408471421771,0.9924016602100202,0.81928673346834,0.014000000000000002,0.7953619686938034,0.7244596405879774,0.9007515250914764,1.011217016494573,341,0.12559900882547745,0.15017300661447072,0.08486162527589408,0.24375451288020408,0.26217822339736185,0.13343362300659173,0.2,0.0,False,False,0.0,0
H,1835086321,299,341,0.9931639175396377,0.9931639245967931,0.1493498258537332,0.9931639175396377,0.814378117857209,0.014000000000000002,0.7829733940403433,0.7377103499278358,0.9063947332406964,1.0394928311049811,343,0.30592114211571597,0.14192901969962518,0.08138498035369918,0.15287621443158345,0.2785918032918384,0.03929684010753765,0.2,0.0,False,False,0.0,0
