arm,seed,step,novelty_vector_count,h_n_latest,h_n_shape_latest,V,H_N,L_t,total_suppression,avg_wb,theta_capability,transfer_state,g,population,x_compute,x_bio_welfare,x_novelty_agency,x_institutional_capacity,x_transfer_comprehension,x_resilience,c_protective,c_suppressive,adapter_active,action_modified,adapter_score,shape_fallback_increase
H,1835086311,0,200,0.9862604187815112,0.9864330346476713,0.06886087346485878,0.9862604187815112,0.1021687069723397,0.2,0.6648378649399995,0.5049925789928456,0.55,1.3810409633097545,204,0.06240723741056886,0.15944241363842288,0.02929200811525834,0.34462132680444507,0.3070003598966048,0.0972366541347001,0.0,0.2,False,False,0.0,2
H,1835086311,1,204,0.9805388413936933,0.984368974483956,0.04417126197254136,0.9805388413936933,0.11795586344274078,0.35,0.6760530434270392,0.5203508285180735,0.5662323810449229,1.359317088145815,203,0.1950984809358771,0.16741014910304963,0.07690690285872967,0.35756322481640745,0.15616190522461423,0.046859337061321976,1.0,0.0,False,False,0.0,0
H,1835086311,2,203,0.9858861441395486,0.9859051105749952,0.08643562456763496,0.9858861441395486,0.14380856909868106,0.126,0.6921836352719057,0.5209294462919373,0.6062516218553706,1.241379777765878,210,0.019951989997092953,0.19449433530250948,0.03413605099360632,0.2855737898873822,0.28321239457469977,0.1826314392447093,0.6,0.0,False,False,0.0,0
H,1835086311,3,210,0.9320112069604278,0.9826566438216353,0.023604890939235908,0.9320112069604278,0.1577080179203387,0.55,0.7045592194488849,0.5412108890775986,0.6412401123058417,1.1979214521464747,213,0.26659893875322815,0.24288478055468005,0.026694959198017284,0.17203603212540813,0.27806826318004035,0.01371702618862598,1.0,0.2,False,False,0.0,0
H,1835086311,4,213,0.9851558808992663,0.9851567578072185,0.11089904256089292,0.9851558808992663,0.19149587388740405,0.014000000000000002,0.7147785824623245,0.5540833769331323,0.6605456307810804,1.1735477522507234,217,0.1866629038676698,0.2119408348779723,0.02868838343664716,0.2771553899092843,0.21714764852911436,0.07840483937931209,0.2,0.0,False,False,0.0,0
H,1835086311,5,217,0.9861924428863715,0.9862554713199629,0.07687907868251921,0.9861924428863715,0.21367694221380712,0.21400000000000002,0.7245902128142482,0.561813360981815,0.6800919025725715,1.14007125471699,220,0.13042691119174202,0.16979048577219785,0.12910264968370355,0.2505672840895909,0.22800417434799564,0.09210849491477,0.2,0.2,False,False,0.0,0
H,1835086311,6,220,0.9856105670200007,0.985658044567685,0.07912957572628214,0.9856105670200007,0.2268119198773355,0.2,0.7377130210390404,0.5667228562761872,0.7120827123153143,1.078829558502743,212,0.1000020417932877,0.23954392061523605,0.027194673998602183,0.22235239765919018,0.32716863871670515,0.08373832721697878,0.0,0.2,False,False,0.0,0
H,1835086311,7,212,0.975195945311099,0.9848813971606303,0.03679064086251925,0.975195945311099,0.24345882570731311,0.456,0.7481158250656224,0.5645056463594198,0.7408744410837829,1.0184854663188094,211,0.013986661213024248,0.26702545299701724,0.00019711819889034346,0.35855491426870484,0.3589213671424519,0.0013144861799114177,0.4,0.4,False,False,0.0,0
H,1835086311,8,211,0.9874046866047261,0.9874646714695653,0.0772828055210228,0.9874046866047261,0.27518806009614755,0.256,0.7566867157465924,0.5825712018916496,0.7667869969754045,1.004056525929533,217,0.2661354731275088,0.17531384328481142,0.0071238895996968725,0.1783466747482645,0.3307544315048687,0.04232568773484971,0.4,0.2,False,False,0.0,0
H,1835086311,9,217,0.9782454978229308,0.9782644904199014,0.08636272263295072,0.9782454978229308,0.296348366461521,0.21400000000000002,0.7640650729568039,0.5898129372061629,0.7725268141522783,0.9992413193573091,222,0.14212869261369823,0.19941664934101797,0.07271380771631188,0.3014250549349605,0.21209258437207107,0.07222321102194038,0.2,0.2,False,False,0.0,0
H,1835086311,10,222,0.9846401325585883,0.9846401409820996,0.1478724026164366,0.9846401325585883,0.3132994624769807,0.0,0.7669570967035408,0.5890155889603427,0.7867135339603331,0.9762006605866204,223,0.04616623268109919,0.15273264269462375,0.20075356859192223,0.2610320062851381,0.2571970061164131,0.08211854363080377,0.0,0.0,False,False,0.0,0
H,1835086311,11,223,0.9791431044037271,0.9823063994575503,0.045677211074105134,0.9791431044037271,0.33562968296905055,0.42400000000000004,0.7692399543528476,0.6077382994328212,0.7784106647858247,1.0149531491303405,229,0.2896686240061965,0.18333188587529559,0.0007394341178600377,0.3741602636811988,0.15184242110762464,0.0002573712118244259,0.8,0.2,False,False,0.0,0
H,1835086311,12,229,0.9883310725153632,0.9884238329812324,0.07382051207980501,0.9883310725153632,0.3587471351604493,0.256,0.7738250326430383,0.6200630870352141,0.7928564195172042,1.0106448250142037,232,0.22139628217542417,0.22086871503161573,0.06437572083192337,0.19154499839933,0.26143410604981016,0.04038017751189664,0.4,0.2,False,False,0.0,0
H,1835086311,13,232,0.9850717705537705,0.9851100694056648,0.08083526772947193,0.9850717705537705,0.3834642280827823,0.256,0.776023967934331,0.63029306786031,0.7993546291243252,1.0160799962845102,238,0.20291418971070901,0.188474014782834,0.0741384987571839,0.25629644472494006,0.2289192577942069,0.04925759423012615,0.4,0.2,False,False,0.0,0
H,1835086311,14,238,0.9849203688982864,0.9866182461692488,0.050665116027282436,0.9849203688982864,0.404304423102423,0.41400000000000003,0.7821710687400001,0.6443325554938123,0.8024153152707709,1.0266185747320564,238,0.2569267628314718,0.1897702460962892,0.003684417022499428,0.2772244656904131,0.21498074529439115,0.05741336306493533,0.2,0.4,False,False,0.0,0
H,1835086311,15,238,0.9858618130541691,0.987608760032279,0.050446314032325905,0.9858618130541691,0.42544324076989964,0.41400000000000003,0.7856713469814731,0.6446318178654612,0.8208893853307356,0.9995077888365134,243,0.09394862682924404,0.1825721958110215,0.08260722373292145,0.21182974567994992,0.293578007935209,0.13546420001165413,0.2,0.4,False,False,0.0,0
H,1835086311,16,243,0.9844681385222868,0.9844818341490194,0.08901587991744005,0.9844681385222868,0.4291498547842654,0.21400000000000002,0.7863716872531648,0.6466164072487302,0.8188218912350368,1.0042212486943716,241,0.11520225345677583,0.1552379930846574,0.1400396898971163,0.30116194720939504,0.20010722218687363,0.08825089416518181,0.2,0.2,False,False,0.0,0
H,1835086311,17,241,0.9874053378770085,0.9874053408633267,0.15614920819431904,0.9874053378770085,0.4558511498426089,0.0,0.7824668540255848,0.6501793869173618,0.8331055073089271,0.9973951262310273,247,0.13617250038835166,0.15501988972998818,0.046240115367061914,0.2742986402920516,0.2808290259869698,0.10743982823557682,0.0,0.0,False,False,0.0,0
H,1835086311,18,247,0.9863996301600827,0.9891902471970498,0.046730606737371,0.9863996301600827,0.4807154251158468,0.456,0.7828654677230045,0.6453511892930034,0.8497949565780344,0.9700515830609694,254,0.033509646518871616,0.16995094320738813,0.019371717907402802,0.2831754701618658,0.4700360373434252,0.02395618486104661,0.4,0.4,False,False,0.0,0
H,1835086311,19,254,0.9890676568481328,0.9890682057441235,0.11465982438370352,0.9890676568481328,0.5032915548142748,0.126,0.7861639658877347,0.644621494658631,0.864815460920231,0.9481306883406153,260,0.08172331037847178,0.18952923914301925,0.16672505544851576,0.22140851708840995,0.32514380534475573,0.015470072596827535,0.6,0.0,False,False,0.0,0
H,1835086311,20,260,0.9901767131551884,0.9901829418078625,0.09533371810933546,0.9901767131551884,0.5121846555151994,0.2,0.796155071111564,0.6431489829844026,0.8707728496817654,0.9277031731268718,259,0.07198203823378967,0.31754972175831797,0.0770989561341885,0.23651189690346447,0.26219467426778764,0.034662712702451706,0.0,0.2,False,False,0.0,0
H,1835086311,21,259,0.9830988553783825,0.9847367138939898,0.05093639799792187,0.9830988553783825,0.5246695941754426,0.456,0.80194073982442,0.6514952757093121,0.8737657044838923,0.9297667250552019,258,0.19379677342661997,0.21187263522364025,0.007742793450610697,0.3316206031150114,0.25035069885151745,0.004616495932600383,0.4,0.4,False,False,0.0,0
H,1835086311,22,258,0.983914369756735,0.9840490265805971,0.07081841096735428,0.983914369756735,0.5307397463744215,0.326,0.8072472371343824,0.6482906935871262,0.8863891340355031,0.9060221106973291,254,0.05462727079099672,0.1700006946985358,0.0833935865691096,0.31510049562797754,0.35911960662193765,0.017758345691442898,0.6,0.2,False,False,0.0,0
H,1835086311,23,254,0.9858061629840389,0.9858099348554946,0.09929116980607744,0.9858061629840389,0.5520221775064762,0.2,0.8057787485858383,0.6476599975308486,0.8977502206319528,0.8953147596736651,260,0.08479798278848319,0.16616702421961935,0.005703320205288215,0.2515032815737463,0.3218745606815559,0.16995383053130705,0.0,0.2,False,False,0.0,0
H,1835086311,24,260,0.9889167440783937,0.9889188715583148,0.10387443663813839,0.9889167440783937,0.5622903589577771,0.2,0.8059439093508308,0.648955596718018,0.9079751985687575,0.8868214288941565,261,0.10848248829639719,0.17715440724949752,0.037166239931219355,0.2273745683708374,0.38956147277007885,0.060260823381969586,0.0,0.2,False,False,0.0,0
H,1835086311,25,261,0.9847472542807244,0.9847472635658886,0.14709802802562205,0.9847472542807244,0.5739592402972147,0.014000000000000002,0.8087073068256038,0.6513186473217083,0.9124620671920565,0.8826475623627458,262,0.12263538049488998,0.17890400270690662,0.0927548310393271,0.32387501757180825,0.2764219424008733,0.0054088257861945686,0.2,0.0,False,False,0.0,0
H,1835086311,26,262,0.9861256309886102,0.9861256337921123,0.15664173789561422,0.9861256309886102,0.5706185950163942,0.014000000000000002,0.8119399485707361,0.6463554762961612,0.9212158604728509,0.8641439950509708,258,0.03253451675672937,0.20674102018598914,0.06900588165497154,0.24849380348886094,0.40627209382629026,0.03695268408715866,0.2,0.0,False,False,0.0,0
H,1835086311,27,258,0.9870898089881054,0.9872317676215262,0.07042377359687753,0.9870898089881054,0.5759928083836187,0.35,0.810851393537732,0.6629969497549452,0.9237611575434368,0.8851371439965705,261,0.2994905909199008,0.18808953462567865,0.028862711211460196,0.11526927646729869,0.27333441558935495,0.0949534711863067,1.0,0.0,False,False,0.0,0
H,1835086311,28,261,0.9875175857441385,0.9875193502906505,0.10535205114093876,0.9875175857441385,0.5788979552898444,0.21400000000000002,0.8094409344379299,0.6710279087836684,0.8947479123712561,0.9265198456146135,265,0.20226008145588087,0.31717014976022434,0.0325091730329812,0.32249923249302076,0.11681435291081498,0.00874701034707788,0.2,0.2,False,False,0.0,0
H,1835086311,29,265,0.987904117206374,0.9879041382270098,0.14061943368613614,0.987904117206374,0.5978483557797112,0.05600000000000001,0.8067867530063506,0.6669895520683647,0.8998879827155966,0.9186959887067908,272,0.05641298404849792,0.1762242712403451,0.0407650945764971,0.2708128279787991,0.27307430790733056,0.1827105142485303,0.4,0.0,False,False,0.0,0
H,1835086311,30,272,0.9806959570780113,0.9821650479595627,0.05178120793040254,0.9806959570780113,0.601901949401392,0.42400000000000004,0.8107370446497848,0.6645604355202256,0.9033485391022767,0.9074007168478411,273,0.07400451319098898,0.20262418906333532,0.11000541863603494,0.25821724812587404,0.2672467732911991,0.08790185769256768,0.8,0.2,False,False,0.0,0
H,1835086311,31,273,0.949755667900246,0.9884973779528361,0.025784825619699737,0.949755667900246,0.6110255443524126,0.614,0.8144726706034918,0.6624293019622134,0.9116281170419382,0.892165257526006,281,0.07621110272498781,0.21015793828040222,0.015183238861733471,0.2706034425279679,0.29307215924944596,0.13477211835546257,0.2,0.6,False,False,0.0,0
H,1835086311,32,281,0.9873226620595887,0.9873243273983451,0.10581109001010847,0.9873226620595887,0.6373751867384753,0.2,0.8157303724657625,0.6555060812525813,0.9204653053377444,0.8730169357001412,280,0.01497805485598114,0.2183099732176455,0.05776462470324878,0.2681326589862271,0.35321287920525885,0.08760180903163856,0.0,0.2,False,False,0.0,0
H,1835086311,33,280,0.9834896020587396,0.986140667636029,0.04711438902265524,0.9834896020587396,0.6537548256664955,0.456,0.8145341407559594,0.6537689479036679,0.9169966955907543,0.8752804455495339,291,0.0754771339214468,0.16835312785323633,0.07722316854015379,0.23818537196275713,0.24288960393392134,0.19787159378848465,0.4,0.4,False,False,0.0,0
H,1835086311,34,291,0.9887626066339135,0.9888411812863627,0.07514501699187137,0.9887626066339135,0.6801953329650439,0.326,0.8180276190889438,0.6665711322785497,0.9137654259593813,0.8917514264371956,298,0.2561328971258146,0.25676223825386196,0.033536775220042996,0.20276291732945087,0.24234199963851233,0.00846317243231728,0.6,0.2,False,False,0.0,0
H,1835086311,35,298,0.98541535189737,0.9854153637054412,0.14519009983530923,0.98541535189737,0.6895001030437904,0.05600000000000001,0.822159696979715,0.6712732219200621,0.9104511509174329,0.8967811896586835,299,0.16288307819299927,0.30525018857395597,0.012965155099354043,0.2613087490522443,0.24031133776994873,0.01728149131149757,0.4,0.0,False,False,0.0,0
H,1835086311,36,299,0.989704050828862,0.9898658488453574,0.06940370233711006,0.989704050828862,0.702417323837939,0.35,0.822021094483287,0.6715865568826599,0.8955040564856573,0.9123289884290188,306,0.11096245073251056,0.24884983616574194,0.09853181937589005,0.27956324295591767,0.18049010329983844,0.0816025474701013,1.0,0.0,False,False,0.0,0
H,1835086311,37,306,0.9899865100346292,0.9899865638453942,0.13315397211304744,0.9899865100346292,0.7176133812091706,0.126,0.8250698416619953,0.6880072290385268,0.8722759765710556,0.955979054338258,310,0.3160225916056559,0.17793463486351208,0.05641231997780534,0.3106975084364776,0.13161162866982018,0.007321316446728975,0.6,0.0,False,False,0.0,0
H,1835086311,38,310,0.9903372129790929,0.9914814622108172,0.053845541264781444,0.9903372129790929,0.7412097870958166,0.42400000000000004,0.8279729115578072,0.6848973516206456,0.88504837891395,0.9346356610808078,317,0.07863105042556313,0.20899060714461243,0.06262941404275962,0.23099605286358296,0.39182655074273454,0.026926324780747274,0.8,0.2,False,False,0.0,0
H,1835086311,39,317,0.9910760314166264,0.9910760343813358,0.15623655272370135,0.9910760314166264,0.7315265297205986,0.014000000000000002,0.8298583954929479,0.6896558570167111,0.8686453320038757,0.9567224096530551,315,0.1750421622137222,0.1923245375634361,0.12398830027880546,0.2541547187776725,0.16050895490660363,0.09398132625976008,0.2,0.0,False,False,0.0,0
H,1835086311,40,315,0.990378031350569,0.990378033241468,0.1598108026347602,0.990378031350569,0.7281576419513627,0.05600000000000001,0.8283653443665537,0.690697914044416,0.8630147937128138,0.9661576181007411,314,0.13156062348175682,0.18561048187381488,0.07409982711695677,0.28472415438289317,0.20616997454662817,0.11783493859795013,0.4,0.0,False,False,0.0,0
H,1835086311,41,314,0.992169206352239,0.9921692070620789,0.1676242150226922,0.992169206352239,0.7462082584521588,0.0,0.8289859032466163,0.6892986432719567,0.8767133143415324,0.9484243073925154,316,0.10169531162201825,0.287948037407505,0.030372204528196316,0.2573114637527615,0.30508589563715277,0.017587087052366016,0.0,0.0,False,False,0.0,0
H,1835086311,42,316,0.9902785927883662,0.9902786060637025,0.14429696733851385,0.9902785927883662,0.7491533330700497,0.05600000000000001,0.8248051243948866,0.6958653844813928,0.8753063580050623,0.9638596496870441,321,0.20039591716292443,0.178213660019918,0.13644941828046617,0.19569556643137823,0.23132187548841537,0.05792356261689799,0.4,0.0,False,False,0.0,0
H,1835086311,43,321,0.9773739025918035,0.9917313406972363,0.033712382974915515,0.9773739025918035,0.76421526283019,0.55,0.8256842921007593,0.7105167676487805,0.8626855942967346,0.9974881908565711,328,0.3055581548932164,0.17004671693715695,0.025673548351946098,0.2620448224732876,0.17454936046089273,0.06212739688350014,1.0,0.2,False,False,0.0,0
H,1835086311,44,328,0.9907378755039653,0.9907378776151489,0.15893652297366562,0.9907378755039653,0.7741412365969205,0.014000000000000002,0.8241397515913695,0.7185645055589446,0.8764170348670611,0.9948419454218467,330,0.23216970365753886,0.17324553328099512,0.06352187588952196,0.11178791991150136,0.3607617193476912,0.05851324791275161,0.2,0.0,False,False,0.0,0
H,1835086311,45,330,0.9900553205235328,0.9901553445467345,0.07323433537084353,0.9900553205235328,0.7737617344214451,0.326,0.8203147215505507,0.7295218061355438,0.888775331380355,1.000612169329953,329,0.273569073181831,0.1638506393424455,0.01255214804215629,0.14571868183290573,0.32567512374665336,0.07863433385400806,0.6,0.2,False,False,0.0,0
H,1835086311,46,329,0.9899316901634522,0.9899317016931334,0.145416415297325,0.9899316901634522,0.7827520534343189,0.05600000000000001,0.8257790755337125,0.7280984267650691,0.8998977982423195,0.9797900603107783,325,0.12565888670378017,0.2282178404296663,0.0013350309216137682,0.251851254002987,0.34414301974465045,0.04879396819730234,0.4,0.0,False,False,0.0,0
H,1835086311,47,325,0.9889031985601522,0.9889587662707257,0.07790370655866069,0.9889031985601522,0.7915299818576995,0.326,0.826880767376524,0.7227282192928036,0.9063362473530668,0.9643679586642678,325,0.07543392332484966,0.18504955164652334,0.07573696225136473,0.30281440326796477,0.2821411446748965,0.07882401483440099,0.6,0.2,False,False,0.0,0
H,1835086311,48,325,0.9888866015329726,0.9895012855312975,0.05877598391719393,0.9888866015329726,0.7999869920020893,0.4,0.828702906353171,0.7277995387835415,0.9139394570360347,0.9609382633000937,329,0.2025966306922265,0.1784492404641156,0.05543015093529526,0.15319613196022058,0.2911841720913728,0.11914367385676926,0.0,0.4,False,False,0.0,0
H,1835086311,49,329,0.988539414271627,0.9885434429936267,0.09878881822679582,0.988539414271627,0.7962832960720079,0.22400000000000003,0.8309023867353053,0.736817377357687,0.9225455113324312,0.9612183504993967,327,0.25509769391653275,0.21765002055575697,0.03882357838992347,0.1333686206288455,0.30480029068322223,0.05025979582571921,0.8,0.0,False,False,0.0,0
H,1835086311,50,327,0.9881561372120474,0.9881572859264476,0.1087740564001187,0.9881561372120474,0.8126119957724645,0.21400000000000002,0.8245495709808413,0.7415717804604546,0.9209433999285237,0.9765702391641676,330,0.20744089963314885,0.1595195196240882,0.058945140965527325,0.2851366719043092,0.25326219864667815,0.035695569226248405,0.2,0.2,False,False,0.0,0
H,1835086311,51,330,0.979917864829966,0.9927906990790383,0.034589714935027036,0.979917864829966,0.8179700834141468,0.55,0.8253986802618203,0.7370882008019393,0.9288490599356714,0.9614142238292861,330,0.09493761705634331,0.2526665942968968,0.020856074793178588,0.2667324539146623,0.34236601045088827,0.022441249488030633,1.0,0.2,False,False,0.0,0
H,1835086311,52,330,0.9905705282976186,0.9912421305721417,0.058085047576992656,0.9905705282976186,0.8275451243785,0.41400000000000003,0.8219836941369832,0.7360663760634066,0.9074618664270404,0.9867914839597937,336,0.13540731626955474,0.169381521781713,0.0472402345466017,0.31646384530205657,0.1574885624246808,0.17401851967539314,0.2,0.4,False,False,0.0,0
H,1835086311,53,336,0.9926058356799413,0.9926058580786383,0.14015177785104876,0.9926058356799413,0.8217011886507588,0.05600000000000001,0.8265794444506268,0.7374584132421703,0.8966656701878366,0.9949984197562199,331,0.16494194977417476,0.2745099808336873,0.02643995097690788,0.284503743577733,0.19974995201750106,0.049854422819995914,0.4,0.0,False,False,0.0,0
H,1835086311,54,331,0.9907763021857326,0.9924028969300868,0.05105305887255221,0.9907763021857326,0.8253346653082655,0.42400000000000004,0.8233948069344748,0.7400315213272572,0.9056385092830388,0.9924010472999837,336,0.18057535933994373,0.18655899071220655,0.0469608636685332,0.1586584861475806,0.2931970305699294,0.13404926956180657,0.8,0.2,False,False,0.0,0
H,1835086311,55,336,0.973556587675092,0.9876343826739677,0.03383600083825881,0.973556587675092,0.7995961569372442,0.55,0.8188355957993827,0.7300485074004053,0.8973299641175134,0.993579982986438,337,0.02523202674388565,0.23555710164197582,0.048268540367357914,0.3613594426788983,0.21127652881389278,0.11830635975398968,1.0,0.2,False,False,0.0,0
H,1835086311,56,337,0.9891988486126665,0.9910493028228144,0.050015802998790604,0.9891988486126665,0.8204050649565235,0.42400000000000004,0.8171189108640924,0.7189154121568866,0.9075279365946746,0.969465881737506,339,0.004616626581269315,0.20206039540586765,0.050934248551333966,0.32894886493322634,0.29965484444456253,0.1137850200837402,0.8,0.2,False,False,0.0,0
H,1835086311,57,339,0.9931514398689946,0.9931557935934392,0.09820830973662716,0.9931514398689946,0.8415082272597472,0.2,0.8107569105185247,0.7277925170824184,0.8937608060439284,1.0043743689145141,347,0.24778594416720273,0.18491249439651491,0.058180755768005306,0.31788027099085325,0.1849283155436065,0.006312219133817173,0.0,0.2,False,False,0.0,0
H,1835086311,58,347,0.9928305296958417,0.9928337164491438,0.10068950250849865,0.9928305296958417,0.8477974504499982,0.2,0.8089656281239869,0.7247428286235337,0.9043847254395355,0.9906052801224818,352,0.10424921744045207,0.2545236962614484,0.10860746879278942,0.18913190821416126,0.32724873063620014,0.016238978654948718,0.0,0.2,False,False,0.0,0
H,1835086311,59,352,0.9920923977414463,0.9921030943832747,0.09104457111283094,0.9920923977414463,0.8697744392870715,0.256,0.8109454165464042,0.7269655868791199,0.9078361688896072,0.9874491670448268,355,0.16824874608453652,0.16931448891945325,0.016497146438470077,0.2697515185738719,0.2694495799701262,0.10673852001354217,0.4,0.2,False,False,0.0,0
H,1835086311,60,355,0.9924906188445024,0.9924906201813444,0.1625878586494712,0.9924906188445024,0.8589822387802113,0.0,0.8075124889754243,0.7402372731460453,0.9072685821349593,1.0103825325686862,355,0.3077495701360162,0.17682881252789373,0.0971929028970102,0.12955570650479345,0.2510801506715642,0.037592857262722136,0.0,0.0,False,False,0.0,0
H,1835086311,61,355,0.9942717895266365,0.9942744134984518,0.10224779495712615,0.9942717895266365,0.8474460168043879,0.21400000000000002,0.8067464717705461,0.7357255198255642,0.9083771227644415,1.0039510948580987,350,0.093751379210265,0.15438038539864016,0.06961842432249192,0.24616206110944916,0.25917699421489027,0.17691075574426357,0.2,0.2,False,False,0.0,0
H,1835086311,62,350,0.9909957986500125,0.9916598863237904,0.05817796943482961,0.9909957986500125,0.8384011994908965,0.4,0.8125635877860324,0.7258335282639828,0.9161133847918213,0.9750579781648383,343,0.02367855537121085,0.1659226784465976,0.19112028206236906,0.2764770764496873,0.2928698715191197,0.04993153615101563,0.0,0.4,False,False,0.0,0
H,1835086311,63,343,0.9799198029470828,0.9932285399536552,0.03432814213118626,0.9799198029470828,0.8290224480613886,0.526,0.8171015087338224,0.7213366325293887,0.9245020463126391,0.9548916570305784,340,0.0849347584825635,0.194215412954381,0.026941882512815596,0.23445074652666628,0.3363231592080076,0.12313404031556605,0.6,0.4,False,False,0.0,0
H,1835086311,64,340,0.9900606781702542,0.9915292203808318,0.05185971494349865,0.9900606781702542,0.8535314234648252,0.42400000000000004,0.8126656613816338,0.7208651555118084,0.9253231948212,0.9586248339394026,345,0.13244193261111362,0.1825148247450281,0.08652505252672958,0.29272342842273674,0.26635676569912364,0.039437995995268316,0.8,0.2,False,False,0.0,0
H,1835086311,65,345,0.985353975389263,0.9865217051527398,0.05364393099096156,0.985353975389263,0.8329577104113783,0.42400000000000004,0.8114369499409914,0.7214187199544623,0.93279087533908,0.9531216583556696,339,0.14496027772805348,0.2746348610715801,0.022795194066971114,0.1981169624055036,0.315132085793398,0.04436061893449378,0.8,0.2,False,False,0.0,0
H,1835086311,66,339,0.9918299351888153,0.9924595574626957,0.05860861089893338,0.9918299351888153,0.8167577379095402,0.4,0.8149472763906992,0.7285372417073812,0.9267508926286896,0.9646265952795298,332,0.22736822188302494,0.21480224931171898,0.07764494475420614,0.17985881335892248,0.2361955241175879,0.06413024657453954,0.0,0.4,False,False,0.0,0
H,1835086311,67,332,0.9928742095018067,0.9929981980968734,0.07154749843473157,0.9928742095018067,0.8075343274675537,0.326,0.821845206829814,0.7373760835598214,0.9108983758164173,0.9849838120890327,329,0.2533212992226157,0.2723457281421822,0.04017835075392776,0.20116823301494052,0.1841128622529836,0.04887352661335034,0.6,0.2,False,False,0.0,0
H,1835086311,68,329,0.9870685981724492,0.9870685988465945,0.16799387821080713,0.9870685981724492,0.8154742022912831,0.0,0.8210794842470501,0.7367441069133585,0.9107140664703477,0.9852567645258437,331,0.14046034414410108,0.28630681155171184,0.03520487250599668,0.278469684277783,0.25452764117786053,0.005030646342546955,0.0,0.0,False,False,0.0,0
H,1835086311,69,331,0.9766669163135612,0.9882462617048323,0.03539613684829727,0.9766669163135612,0.8123600460422601,0.526,0.8181589010755749,0.7272471545295244,0.9143405818739737,0.9721569274666583,334,0.029253162022923617,0.1698084662019688,0.12954859658403264,0.2822666981511973,0.2734896102533041,0.11563346678657359,0.6,0.4,False,False,0.0,0
H,1835086311,70,334,0.993908880769642,0.9941076063967974,0.06780133653235489,0.993908880769642,0.8480713932799708,0.35,0.8134974232629989,0.7195833108974765,0.9229065236865763,0.9584449750338195,345,0.046231426180353745,0.24327119128857932,0.07063380554891738,0.23473788325062422,0.3434779260612912,0.061647767670234076,1.0,0.0,False,False,0.0,0
H,1835086311,71,345,0.9916787483569733,0.9916875488595202,0.09259441423547499,0.9916787483569733,0.8423473842846434,0.21400000000000002,0.8023244134111868,0.725524923836646,0.9111677990172431,0.9924393275105916,347,0.21150973105054185,0.14385143767470984,0.14274103004296382,0.26821183218341227,0.20275963849662212,0.03092633055175006,0.2,0.2,False,False,0.0,0
H,1835086311,72,347,0.9881616261070242,0.9881620077677045,0.11754503630406277,0.9881616261070242,0.8535655075404278,0.126,0.8007644054565984,0.7177761088712533,0.9200510191155188,0.9742542922946031,351,0.04409289033049521,0.21854327280030902,0.026204126489061244,0.2834009217227148,0.37870697659402053,0.049051812063399244,0.6,0.0,False,False,0.0,0
H,1835086311,73,351,0.9910669784556082,0.991241517933005,0.06881136598463437,0.9910669784556082,0.853823946332589,0.326,0.8044021293185882,0.7205118898777696,0.9230288473204593,0.9704041970182404,347,0.17030733062598633,0.207566384725851,0.01498956441763019,0.22966810514784602,0.27491465058246206,0.10255396450022448,0.6,0.2,False,False,0.0,0
H,1835086311,74,347,0.9861997970012711,0.9861998354979458,0.13578930864612873,0.9861997970012711,0.8538306969394328,0.05600000000000001,0.798879213606063,0.7216957256578633,0.9307259625884133,0.9706243521767981,348,0.15261787842477806,0.20123000528519128,0.04618691905049896,0.23585529389032744,0.3518901340762335,0.012219769272970912,0.4,0.0,False,False,0.0,0
H,1835086311,75,348,0.9858416314090357,0.9902097894644142,0.043172066857365,0.9858416314090357,0.8526307769312413,0.456,0.7980526889257255,0.7107821422133445,0.937653366329572,0.9498666190293121,348,0.002140035479678023,0.22007422610785657,0.17120003337045459,0.27488286486777386,0.31720043805391107,0.014502402120325959,0.4,0.4,False,False,0.0,0
H,1835086311,76,348,0.9902290668913423,0.9904651937689637,0.0663994487760922,0.9902290668913423,0.8218412291189203,0.35,0.7991523378871508,0.7199418729570755,0.9438880296966148,0.9544372501467426,337,0.24623547317997838,0.16513278069031098,0.08232891063236884,0.11780031228084388,0.306338109474219,0.08216441374227895,1.0,0.0,False,False,0.0,0
H,1835086311,77,337,0.9922337294038078,0.9922555386335212,0.08537500953401302,0.9922337294038078,0.820596240262221,0.22400000000000003,0.7996493277828107,0.7319078408273623,0.9200646911843563,0.9948061440909373,336,0.28703826897675677,0.18123806651127755,0.03676024062230611,0.2631135220857,0.1528273222870152,0.07902257951694426,0.8,0.0,False,False,0.0,0
H,1835086311,78,336,0.9940936503775994,0.9941082990837954,0.08855781943656207,0.9940936503775994,0.8082584098461973,0.22400000000000003,0.7956622706925944,0.7417544631593816,0.9248437808994304,1.0080057809528342,337,0.26802517966734324,0.22300840092418517,0.01728177619738178,0.09665908351513959,0.28392779416754854,0.11109776552840164,0.8,0.0,False,False,0.0,0
H,1835086311,79,337,0.989918570002946,0.9941914407204256,0.04337957389097716,0.989918570002946,0.814977318648843,0.456,0.7955325957551996,0.7342923027722189,0.928059721261403,0.9945693529109866,343,0.05781953463507898,0.1801746490439709,0.014794099656432403,0.22661798404898917,0.2785015922595784,0.24209214035595022,0.4,0.4,False,False,0.0,0
H,1835086311,80,343,0.9907836397781705,0.9907836482481365,0.1478781356998547,0.9907836397781705,0.8116777729540148,0.014000000000000002,0.7991565741869975,0.7315608031974227,0.9143809654575711,1.0011320724625168,344,0.11228894454768437,0.22457881391955914,0.05624218674997791,0.24566044051906905,0.19563608161154203,0.16559353265216753,0.2,0.0,False,False,0.0,0
H,1835086311,81,344,0.9849544974135231,0.9865444893362834,0.051187098823114834,0.9849544974135231,0.8135844452459496,0.41400000000000003,0.7980511525616523,0.7284387496887196,0.922942868911814,0.9889799624476616,349,0.10569983313960057,0.2423026100100576,0.016009038715484775,0.18350701020242613,0.4117752624772567,0.04070624545517424,0.2,0.4,False,False,0.0,0
H,1835086311,82,349,0.9911104300826876,0.9911221434475599,0.09031391670291919,0.9911104300826876,0.8164778321631496,0.21400000000000002,0.7943363050142092,0.7255555749049247,0.9306485820206326,0.9814779589248622,346,0.1067345337580147,0.14472450746697443,0.14237646567814055,0.24442802334934113,0.34051374124018474,0.021222728507344524,0.2,0.2,False,False,0.0,0
H,1835086311,83,346,0.9891150461576695,0.9891227293174251,0.0936546028494164,0.9891150461576695,0.8238680913728144,0.21400000000000002,0.7976911917530125,0.7160614649898817,0.9375837238185694,0.9574265061534101,346,0.022295860377539414,0.19691787895242754,0.0254097896329404,0.41101519643088574,0.31246870852936104,0.031892566076846006,0.2,0.2,False,False,0.0,0
H,1835086311,84,346,0.9920651557487189,0.9920651617709,0.15060342322536227,0.9920651557487189,0.8113608840349056,0.0,0.796333809192431,0.7064797194814575,0.9351093910089674,0.9487288914513465,342,0.015266596763373453,0.24572074563484622,0.010486206254254638,0.39205430215311093,0.2564201978612746,0.08005195133314028,0.0,0.0,False,False,0.0,0
H,1835086311,85,342,0.9876562590611213,0.9881806944845518,0.060029301843775404,0.9876562590611213,0.8170014191683839,0.35,0.8008624581819104,0.7046797725911708,0.9390266139977265,0.9370353355529205,340,0.10655048854732695,0.237909648229084,0.014105398697695814,0.30344338631091283,0.28714081044827894,0.05085026776670153,1.0,0.0,False,False,0.0,0
H,1835086311,86,340,0.9884767590494153,0.990544419127651,0.04912828634958665,0.9884767590494153,0.8138969338098743,0.42400000000000004,0.8080428390010619,0.7101624154849331,0.9451239525979538,0.929896318733649,334,0.19645789404151098,0.23387928044088455,0.0012874023615365474,0.19409740676279916,0.30024887367212805,0.0740291427211407,0.8,0.2,False,False,0.0,0
H,1835086311,87,334,0.9863777558582791,0.9882189432557392,0.05003300019766951,0.9863777558582791,0.8181126721886817,0.42400000000000004,0.8041486583533899,0.7110610577069968,0.9380009980958066,0.9426864232252076,338,0.1425845374538792,0.19566232398952035,0.15079633481082022,0.2584273949661089,0.23694720378824094,0.01558220499143033,0.8,0.2,False,False,0.0,0
H,1835086311,88,338,0.9891636997195923,0.9891640034627639,0.11937078229480996,0.9891636997195923,0.8227641664988842,0.126,0.8014304514430499,0.7064310379673757,0.9330318487520303,0.9447294716414398,341,0.0740379143216089,0.17430445725847432,0.12911712186506033,0.30856750522353626,0.2441547523290216,0.06981824900229854,0.6,0.0,False,False,0.0,0
H,1835086311,89,341,0.9913707981134304,0.9913710210237531,0.12185147338194008,0.9913707981134304,0.8217916610486791,0.126,0.7960793284145724,0.7211094860690069,0.9298010444190703,0.9742150448876724,346,0.35375195326690884,0.1801072082286444,0.08315914030514165,0.12056799225403465,0.25036190271121517,0.012051803234055407,0.6,0.0,False,False,0.0,0
H,1835086311,90,346,0.9864696274500915,0.9908607005923453,0.04313564875503632,0.9864696274500915,0.8152274797706541,0.456,0.7986533447181172,0.7197483613012267,0.9217307019081625,0.9777285937007804,346,0.12117936919587546,0.1813299744013104,0.18923837528693946,0.243873493368748,0.22454880965499646,0.03982997809213023,0.4,0.4,False,False,0.0,0
H,1835086311,91,346,0.9864129870151604,0.990681420967993,0.04335969059709773,0.9864129870151604,0.8109497166265882,0.456,0.8031756553690316,0.7198543827115111,0.9123528933145256,0.9823613406788864,342,0.13866799344182293,0.2956446345465448,0.03065915556841432,0.2983393207584551,0.21397630798589684,0.022712587698866065,0.4,0.4,False,False,0.0,0
H,1835086311,92,342,0.9873762598400789,0.987387665997311,0.09049542331848985,0.9873762598400789,0.8071229454601182,0.22400000000000003,0.8011921867842718,0.7247147501013431,0.9178971414642161,0.9854540480038514,342,0.19816358156759487,0.20054505371463824,0.011682043237860196,0.16662159325260728,0.28389768740571536,0.13909004082158394,0.8,0.0,False,False,0.0,0
H,1835086311,93,342,0.9897966367494222,0.9900506877387848,0.06581371224163207,0.9897966367494222,0.8159452642604097,0.326,0.7852720640959941,0.722208591731342,0.9261074273177945,0.99307291167338,346,0.10911973918832568,0.13769183752153344,0.024867389779641952,0.3496660242841582,0.314901168387785,0.06375384083855579,0.6,0.2,False,False,0.0,0
H,1835086311,94,346,0.9895073089593505,0.9918547417143744,0.04812863817365608,0.9895073089593505,0.8238907816432604,0.41400000000000003,0.7875226723137555,0.7157453787616298,0.9289389607042102,0.9783816729508464,347,0.058090207710685876,0.2035873769714623,0.08523998048769502,0.3260017621066136,0.2772113805909757,0.04986929213256758,0.2,0.4,False,False,0.0,0
H,1835086311,95,347,0.993867898237718,0.9938842281796965,0.08769117613714779,0.993867898237718,0.8425227583474113,0.22400000000000003,0.7824429430311454,0.711067371188378,0.9360450646337892,0.9708705216371062,352,0.07636576706037142,0.18659875270675538,0.04463703896731912,0.3395611577582288,0.3370975267711971,0.015739756736128194,0.8,0.0,False,False,0.0,0
H,1835086311,96,352,0.991692160122872,0.9917062849557251,0.08882844924909587,0.991692160122872,0.8541553290188258,0.21400000000000002,0.7881741152850097,0.7196715797358108,0.9224083209780024,0.9898946395808634,354,0.23946971383564572,0.18955437731559538,0.0007774742082004628,0.2621342919521985,0.19983881403796072,0.10822532865039917,0.2,0.2,False,False,0.0,0
H,1835086311,97,354,0.9905518340587945,0.9905518530344372,0.14145544031790674,0.9905518340587945,0.8558376478013932,0.014000000000000002,0.7882851026479664,0.7125797441319495,0.9301674888802022,0.9718270826418094,357,0.04864679228661602,0.24610141535274038,0.025524071197790255,0.2243297794378757,0.4412169568973461,0.014180984827631584,0.2,0.0,False,False,0.0,0
H,1835086311,98,357,0.992340494106035,0.9923404994089885,0.15161803889196182,0.992340494106035,0.8657393047565517,0.0,0.7927419879673667,0.7210172309885813,0.9371507399921819,0.9705196430516061,361,0.2383309257903659,0.1918048944942705,0.006082048211679632,0.12983865215373605,0.413667753756557,0.02027572559339103,0.0,0.0,False,False,0.0,0
H,1835086311,99,361,0.9905689502734205,0.9905691879076993,0.12133587991939458,0.9905689502734205,0.8748142735298182,0.126,0.7935816698875818,0.7145134760882906,0.9434356659929637,0.9543474245228822,362,0.05683883311423036,0.16849515695834272,0.1740227634031035,0.28346373635537203,0.30067392233424173,0.01650558783470965,0.6,0.0,False,False,0.0,0
H,1835086311,100,362,0.9938088441483856,0.9951685453157514,0.05250184596249943,0.9938088441483856,0.8685826981170562,0.41400000000000003,0.7967699348286434,0.7143934466052193,0.9289010883844344,0.9652394245916152,359,0.1325705540167906,0.1617990742045036,0.0305260783546859,0.3399831153753289,0.19904494495383573,0.1360762330948552,0.2,0.4,False,False,0.0,0
H,1835086311,101,359,0.9915029522992768,0.9915029609137871,0.14774921592508197,0.9915029522992768,0.8761763591603191,0.0,0.793696551662083,0.7036737980210047,0.936010979545991,0.9471874680421786,364,2.9682557975246314e-07,0.16732948942051223,0.0007309657444892902,0.3000349032041942,0.3219856668081651,0.20991867799705954,0.0,0.0,False,False,0.0,0
H,1835086311,102,364,0.99062473968217,0.9908041515958973,0.06858868498220123,0.99062473968217,0.8839581684225122,0.326,0.7979223751627507,0.7092294186336575,0.9424098815913919,0.943161939467069,359,0.19674138142128778,0.18850127738320394,0.034805790200748206,0.25547055575915695,0.3156542005725811,0.008826794663022117,0.6,0.2,False,False,0.0,0
H,1835086311,103,359,0.9888454316545283,0.9888648472342962,0.08627318005405901,0.9888454316545283,0.8639446361708784,0.256,0.8016430471579977,0.7042959939076776,0.9264046964852733,0.9483604626091198,356,0.06910057757128668,0.24578439020673076,0.04747835495606658,0.2705493487764324,0.1911790152651031,0.17590831322438039,0.4,0.2,False,False,0.0,0
H,1835086311,104,356,0.9886752574917935,0.988699485336524,0.08450927525015492,0.9886752574917935,0.8607072114082623,0.256,0.7952242372062662,0.7160140235427236,0.9221448111006199,0.9764112918880765,361,0.27416036663037296,0.2002013688811737,0.08730079606478944,0.15450008373108395,0.24190292131936914,0.04193446337321065,0.4,0.2,False,False,0.0,0
H,1835086311,105,361,0.9915183197057071,0.9924256525171141,0.05569981317333723,0.9915183197057071,0.8534333506549864,0.4,0.7965771667219484,0.7175035232004457,0.8978242220703377,1.0032400624148132,362,0.1536275104357295,0.31821638323148904,0.01422547928513921,0.32663756318708176,0.13946946039889915,0.04782360346166133,0.0,0.4,False,False,0.0,0
H,1835086311,106,362,0.9897040724725216,0.9907693635578138,0.05440897266810492,0.9897040724725216,0.864754613777058,0.41400000000000003,0.7941249935732275,0.7108239599169123,0.9080417998633039,0.9857512865743738,365,0.052445160956110154,0.2756404058907373,0.018027000287862777,0.29208067668084126,0.3024005577028036,0.05940619848164508,0.2,0.4,False,False,0.0,0
H,1835086311,107,365,0.9881713887785091,0.9881714386001188,0.1337524865830937,0.9881713887785091,0.8614281061128595,0.05600000000000001,0.7978224803144639,0.710319676801479,0.898527758568147,0.99086862619702,364,0.12546143600515425,0.21142294072076923,0.07227446930356725,0.2910945418597931,0.2064506934558678,0.09329591865484822,0.4,0.0,False,False,0.0,0
H,1835086311,108,364,0.9918183671673667,0.9930782488955071,0.053092041280214206,0.9918183671673667,0.8591323414154195,0.41400000000000003,0.7989728179779705,0.7072457837796354,0.8948732815748098,0.9891834038354294,365,0.09302613522787959,0.1748739540066143,0.17279937183173,0.23667218039827018,0.23099149431738736,0.0916368642181187,0.2,0.4,False,False,0.0,0
H,1835086311,109,365,0.9867524222614752,0.9896591679899708,0.0464098357380242,0.9867524222614752,0.8661500217419393,0.456,0.798127644094782,0.7011193607566543,0.8950472819871276,0.9814623143906711,371,0.052948327075007275,0.18147501992924314,0.05305590241932156,0.2739614961303775,0.24830664284899354,0.19025261159705686,0.4,0.4,False,False,0.0,0
H,1835086311,110,371,0.9914207167621502,0.9914207251226271,0.14798682091776616,0.9914207167621502,0.8692261408142004,0.0,0.7972226235217403,0.7038733828187625,0.901240882414014,0.9796569950863286,372,0.16012487624926275,0.17459524071285987,0.11981995509361987,0.18983750018713685,0.27849164312799596,0.07713078462912482,0.0,0.0,False,False,0.0,0
H,1835086311,111,372,0.9885143282343668,0.9885209943394039,0.09478005090373119,0.9885143282343668,0.8745559892944528,0.2,0.7961732806621167,0.6965358616214653,0.9111167941726126,0.9602002854296185,373,0.03570184929551048,0.23635611480807742,0.01176563598954225,0.2915253291928161,0.31930766412850103,0.10534340658555272,0.0,0.2,False,False,0.0,0
H,1835086311,112,373,0.9895831665962357,0.9906036413715559,0.05474976589476803,0.9895831665962357,0.8844863071516512,0.41400000000000003,0.7956209152302077,0.6917483015546982,0.9200051147553513,0.9450432149337236,381,0.06299041267882766,0.2211694955991155,0.09425419373126373,0.18927838841392686,0.31400079416028737,0.11830671541657892,0.2,0.4,False,False,0.0,0
H,1835086311,113,381,0.9912893548473936,0.9912900578982778,0.1127074057741002,0.9912893548473936,0.8712267604949635,0.126,0.7922274553791112,0.6839019453425579,0.9180955665192759,0.9402775340403019,380,0.021763235819932572,0.15565238104742088,0.0956101705418926,0.2543929859401901,0.25045481619729903,0.22212641045326492,0.6,0.0,False,False,0.0,0
H,1835086311,114,380,0.9916558498488354,0.9933833537058281,0.05058181193512667,0.9916558498488354,0.8548225526781833,0.4,0.7821783335500208,0.6903181240002367,0.9087668672026386,0.9711604983626888,375,0.19514094906008428,0.14286122257809764,0.06713832779746855,0.29827309340463554,0.21240428667645084,0.08418212048326323,0.0,0.4,False,False,0.0,0
H,1835086311,115,375,0.9911496485148309,0.9911671958518591,0.0870970413704768,0.9911496485148309,0.8433394149717771,0.21400000000000002,0.7867463910807972,0.7044275983392608,0.8919890864582918,1.0037881453118662,371,0.29531725673794856,0.25709949016872347,0.029097009925431565,0.20289994668619796,0.1704945298795852,0.045091766602113496,0.2,0.2,False,False,0.0,0
H,1835086311,116,371,0.9876149066496532,0.9876372487684267,0.08514571503660254,0.9876149066496532,0.832633753893361,0.256,0.7907086168917509,0.6991394224093639,0.9027901778124626,0.9794008901221749,368,0.06166504983832606,0.1708349360343317,0.12292913405382758,0.19543719039607169,0.4373634045433534,0.011770285134089443,0.4,0.2,False,False,0.0,0
H,1835086311,117,368,0.9905676755498397,0.9905676792935926,0.154375307745089,0.9905676755498397,0.8222655105986586,0.0,0.7929800850672313,0.6981406315746885,0.8860932416801933,0.9935762684041755,367,0.11197725357241102,0.23607373033803067,0.196818979704033,0.25403746229296914,0.16791040824488485,0.03318216584767147,0.0,0.0,False,False,0.0,0
H,1835086311,118,367,0.9790492994505176,0.993225305100401,0.033825596234471574,0.9790492994505176,0.8182552543043736,0.55,0.7912251395806968,0.7088319509923666,0.8950871359106916,1.0008705076255042,371,0.2574793874551565,0.1987069894700615,0.11895605309392251,0.12521987682293478,0.2880160919925878,0.011621601165336934,1.0,0.2,False,False,0.0,0
H,1835086311,119,371,0.993660374745398,0.9936605660758664,0.12308587585010232,0.993660374745398,0.8273482179171749,0.126,0.7957676133737509,0.7021991091026526,0.9023744138759414,0.9778837772716577,369,0.047609445748804075,0.44955813182414106,0.0018060924003133198,0.21477447002878058,0.28397995778159485,0.00227190221636621,0.6,0.0,False,False,0.0,0
H,1835086311,120,369,0.991818057166643,0.9918184359988284,0.11763364801825887,0.991818057166643,0.849224913674095,0.126,0.7936874412282905,0.6929205274468271,0.9121369724883472,0.9571364581053077,377,0.010392172491338269,0.19945211389015108,0.07367943552947413,0.3568995155282588,0.35902061621338205,0.0005561463473957513,0.6,0.0,False,False,0.0,0
H,1835086311,121,377,0.9897673025154946,0.9900088195476549,0.06621611556680458,0.9897673025154946,0.857106197753148,0.35,0.7936747826696701,0.6946344996609263,0.9209232752395126,0.9503647467409249,379,0.14199998233050684,0.1855717392335146,0.07369211367731787,0.2050489239997624,0.3495931035260273,0.04409413723287104,1.0,0.0,False,False,0.0,0
H,1835086311,122,379,0.9930417795401828,0.9930418330138029,0.1332285302171695,0.9930417795401828,0.8760669707862951,0.05600000000000001,0.7930323665241048,0.6909483955382408,0.9238440697914991,0.9430962641022227,383,0.07557026075451102,0.1578596937245054,0.021669258425450647,0.31735533000588007,0.2750656103796894,0.15247984670996353,0.4,0.0,False,False,0.0,0
H,1835086311,123,383,0.9913186553239483,0.9913193451663089,0.11285861302019427,0.9913186553239483,0.8700975935621172,0.126,0.7959848317147709,0.6815328132919379,0.9314596628123493,0.9192167428121231,378,0.001647969132614053,0.2341038926651369,0.013730076786386583,0.33949130999056293,0.3248270645009894,0.0861996869243102,0.6,0.0,False,False,0.0,0
H,1835086311,124,378,0.994159226842296,0.9941592316528653,0.15240831175291208,0.994159226842296,0.8788320167493332,0.014000000000000002,0.7985938151006895,0.6756101989753868,0.9374981866060232,0.902401520307885,377,0.03942532935057204,0.20581806619556273,0.060329283455912555,0.27464978066273393,0.2959224503745445,0.12385508996067433,0.2,0.0,False,False,0.0,0
H,1835086311,125,377,0.9876074863509129,0.990237652038642,0.04721039371963941,0.9876074863509129,0.8677822620718874,0.456,0.8015171086068332,0.6819280155618023,0.9312391360129281,0.9136177250619166,377,0.18872908168981078,0.3587734715089543,0.023316293324409956,0.1880755067528993,0.23745384033753564,0.003651806386389981,0.4,0.4,False,False,0.0,0
H,1835086311,126,377,0.9933741991700991,0.9933744108603276,0.12227864537613621,0.9933741991700991,0.8920398893385696,0.126,0.8010179887772498,0.6862606368105423,0.9278292220107609,0.9233764055295915,381,0.1678627753353761,0.16209083704271576,0.00709552513418288,0.40861651381031244,0.24856999799562832,0.0057643506817844055,0.6,0.0,False,False,0.0,0
H,1835086311,127,381,0.9906015776368473,0.9916360592435262,0.05464954230223015,0.9906015776368473,0.8792988662369545,0.41400000000000003,0.8010454615682356,0.6936208080154526,0.9193433283636683,0.9418618802259738,379,0.20841503806796796,0.16055465273724276,0.07002338826969949,0.20546789011020047,0.2214851427699172,0.13405388804497198,0.2,0.4,False,False,0.0,0
H,1835086311,128,379,0.9778853163353664,0.9906464480134195,0.0346418780832187,0.9778853163353664,0.8686880124673565,0.526,0.7997049347429811,0.6860884626666368,0.9274089955273015,0.9250794558146709,379,0.026858688149461043,0.22701428494540027,0.024038173056774106,0.2543784700445611,0.4659264068856163,0.0017839769181870588,0.6,0.4,False,False,0.0,0
H,1835086311,129,379,0.9940704395303784,0.9940707463156413,0.11933084430998957,0.9940704395303784,0.8826562505283003,0.126,0.8022138731055388,0.6973265826995203,0.9335243885371136,0.9311515800273327,381,0.25678178957769093,0.25744184123905156,0.013703773411369774,0.10635980191523488,0.29428146281271145,0.07143133104394146,0.6,0.0,False,False,0.0,0
H,1835086311,130,381,0.9939532725805614,0.993960103994473,0.0946287398917025,0.9939532725805614,0.8815620056203471,0.2,0.7888544495198019,0.7094008273869796,0.9248205569524667,0.9723829527803435,381,0.2742571727804423,0.13608128508613057,0.03597550814584442,0.25594145900721926,0.2232430363453219,0.07450153863504169,0.0,0.2,False,False,0.0,0
H,1835086311,131,381,0.9912549871269049,0.9912549981592208,0.1457780555633446,0.9912549871269049,0.8841720978833478,0.0,0.7944509397994245,0.708660985304241,0.9166970742184147,0.9730733877886726,380,0.1216274910826294,0.20041477380040654,0.0014163050480634517,0.3032877349696504,0.22179286480597382,0.15146083029327653,0.0,0.0,False,False,0.0,0
H,1835086311,132,380,0.9916207009775181,0.9918201854704098,0.06775266052571864,0.9916207009775181,0.8814437795205464,0.326,0.7887808177312154,0.7072570802620731,0.9250273667965733,0.9693182327731272,375,0.11286430278805135,0.1450910701187848,0.02894469217910592,0.3519805782765138,0.30782629953399215,0.0532930571035519,0.6,0.2,False,False,0.0,0
H,1835086311,133,375,0.9901835671916017,0.9917118963701089,0.051543535483253466,0.9901835671916017,0.8905144790508264,0.41400000000000003,0.789357862961536,0.7030537990050592,0.9325246301169159,0.9551120153753502,377,0.07699465945112109,0.1802232082130855,0.1263928279108107,0.25051125368399907,0.30094216513372185,0.06493588560726186,0.2,0.4,False,False,0.0,0
H,1835086311,134,377,0.9934174400505132,0.993417453957369,0.14395222139675756,0.9934174400505132,0.8974899883606365,0.0,0.789542427548051,0.7051002728696497,0.9324401322850262,0.9577550549482379,375,0.15248954768554332,0.17205738028647177,0.05926257415398965,0.26587496926993,0.2658398258990096,0.08447570270505572,0.0,0.0,False,False,0.0,0
H,1835086311,135,375,0.9855928464146946,0.9888897985426306,0.04540095986899989,0.9855928464146946,0.8929160367253741,0.456,0.794852127298326,0.6956594224277529,0.9391961190565236,0.9318672343295343,373,0.010177040019821086,0.22503833297996573,2.1532418976545264e-05,0.3990966945919531,0.33785495073494165,0.027811449254341893,0.4,0.4,False,False,0.0,0
H,1835086311,136,373,0.9925212908945804,0.992521597111255,0.11933319643560526,0.9925212908945804,0.911224647312195,0.126,0.7983202033805047,0.6907546993641569,0.9452765071508712,0.9153514279786831,374,0.0609781007223959,0.22225737930425973,0.07849048501318986,0.2919949665054733,0.3262383156197092,0.020040752834971934,0.6,0.0,False,False,0.0,0
H,1835086311,137,374,0.9921877398370147,0.9933649929231868,0.05363430323326798,0.9921877398370147,0.9156161281112973,0.41400000000000003,0.7980608864993498,0.6831616858664832,0.9444482970219792,0.9063778578265759,379,0.02430901838167708,0.32032625190674685,0.05758116758441026,0.2639643893702633,0.2684972029309753,0.06532196982592714,0.2,0.4,False,False,0.0,0
H,1835086311,138,379,0.9902649437333362,0.9902727577831969,0.09352938698011094,0.9902649437333362,0.9180122905529677,0.2,0.8008736383668839,0.68009195073647,0.946774471403427,0.8969269984575162,378,0.07610436454138762,0.23572789984158696,0.07533843863658293,0.28790966918430394,0.28385502041822863,0.04106460737790995,0.0,0.2,False,False,0.0,0
H,1835086311,139,378,0.9929717052617711,0.994842500333094,0.049959189078576396,0.9929717052617711,0.9197664000089609,0.41400000000000003,0.8039107024156712,0.6884009485723,0.9476208221049564,0.9036475068627575,377,0.2164199421581693,0.19525406168139145,0.11384580005105449,0.18618938653849892,0.27761898920936035,0.010671820361525426,0.2,0.4,False,False,0.0,0
H,1835086311,140,377,0.9891140259842855,0.9891146745790723,0.11333166833287844,0.9891140259842855,0.9277414106419584,0.126,0.7990677202297647,0.6904214856527504,0.949244556466445,0.9102330402343068,381,0.14300730636331663,0.1814617118407378,0.09078101025665747,0.25847992451411145,0.28192908285992163,0.044340964165254994,0.6,0.0,False,False,0.0,0
H,1835086311,141,381,0.992251021403772,0.9922510281982689,0.14964442382223292,0.992251021403772,0.9302770619060714,0.014000000000000002,0.7982199789317554,0.6918365756629543,0.9543201008198006,0.9082111997986295,383,0.13670205366051807,0.19234018308353182,0.057610722384052154,0.19459531707757502,0.3377239607371976,0.08102776305712522,0.2,0.0,False,False,0.0,0
H,1835086311,142,383,0.9928758008885059,0.9930444428038702,0.06909944529863268,0.9928758008885059,0.9164175503222913,0.326,0.8037093629343107,0.6878910395390946,0.9511931313190571,0.8998122868218378,375,0.07057865824109985,0.319534311939621,0.019361924963412554,0.3058391754803005,0.2615252029061831,0.023160726469382994,0.6,0.2,False,False,0.0,0
H,1835086311,143,375,0.991397389633461,0.9924627766886298,0.054421849260777456,0.991397389633461,0.9037305600915563,0.4,0.8095040401287689,0.6829108657465879,0.9560738181871514,0.8823757760712093,366,0.055179727305600626,0.17180785278620583,0.08079455853021957,0.2789390200598647,0.3918924841673679,0.021386357150741296,0.0,0.4,False,False,0.0,0
H,1835086311,144,366,0.9906068206631836,0.9918323353298404,0.0533021997802782,0.9906068206631836,0.9250510958866921,0.4,0.8097292747857527,0.6832470504980088,0.9537043686117165,0.8847572959035316,374,0.11852160048437962,0.23454496361159718,0.048443840455476374,0.2646230782918107,0.2661896612164009,0.0676768559403351,0.0,0.4,False,False,0.0,0
H,1835086311,145,374,0.9770948430731375,0.9896395036537787,0.03476997058640579,0.9770948430731375,0.917842112321141,0.526,0.8042136217389758,0.6946387660320503,0.9422305020044071,0.9167067568833798,375,0.2569258507367748,0.15188707419719896,0.0178184936346671,0.29046571835234136,0.21948285126931083,0.06342001180970697,0.6,0.4,False,False,0.0,0
H,1835086311,146,375,0.9940971720138326,0.9940971744104967,0.15795389896701198,0.9940971720138326,0.9142947914728999,0.014000000000000002,0.807329951604185,0.6895261817511766,0.9480074518039664,0.9009235619545304,372,0.057741925259109976,0.2238603599917369,0.07496502618598991,0.1834897996509691,0.31022171525966286,0.14972117365253132,0.2,0.0,False,False,0.0,0
H,1835086311,147,372,0.9785323022659055,0.988861170067756,0.036310767734113195,0.9785323022659055,0.9058720780081244,0.526,0.809213604794639,0.682213883587007,0.9532067066235698,0.8844438947918623,373,0.027050136542363854,0.3144749119109106,0.008793584104820742,0.3050746356034646,0.31914246678118635,0.025464265057253823,0.6,0.4,False,False,0.0,0
H,1835086311,148,373,0.9930314386341323,0.9938004582105588,0.05702737245116858,0.9930314386341323,0.9088849471668816,0.4,0.8115645434109761,0.6755272457329837,0.9551203517375507,0.871488591036272,370,0.030300704066589298,0.20695943946577613,0.20991773312545056,0.25394339065117005,0.2861715788816896,0.012707153809324391,0.0,0.4,False,False,0.0,0
H,1835086311,149,370,0.9940642743985353,0.9940679214865643,0.09962536718872524,0.9940642743985353,0.8814938968287992,0.21400000000000002,0.8172769298931514,0.6748774085034454,0.9515896022943299,0.8677726588506003,357,0.10158156321388571,0.1765327523498773,0.16904643973217673,0.25529393619353336,0.25990642865267094,0.037638879857856126,0.2,0.2,False,False,0.0,0
H,1835086311,150,357,0.9912639399801337,0.9913698020560302,0.0727925439964924,0.9912639399801337,0.874543119151734,0.326,0.8115053508789561,0.6764600635452791,0.9564306420648969,0.8715600049806908,359,0.12908156833757514,0.26439181235705317,0.008102590049271663,0.20129508479093736,0.31363687838405285,0.08349206608110987,0.6,0.2,False,False,0.0,0
H,1835086311,151,359,0.9909207559138142,0.9909342515389362,0.08918498166376364,0.9909207559138142,0.855348756837993,0.256,0.8126134809994844,0.6861892049555244,0.9401272434491208,0.898200351316051,354,0.23190180734386567,0.18100427443385006,0.11489108909794266,0.21709423903033526,0.19669832795356806,0.05841026214043834,0.4,0.2,False,False,0.0,0
H,1835086311,152,354,0.993610952135394,0.9937450414423287,0.07093007812695515,0.993610952135394,0.8442870377613975,0.326,0.8172040942967222,0.6844596490889259,0.934193846450726,0.8965619720623352,347,0.09474880476472142,0.17715922810204718,0.09509985859429834,0.29236049924569973,0.24039663673258663,0.1002349725606465,0.6,0.2,False,False,0.0,0
H,1835086311,153,347,0.989348709837695,0.9893628695534709,0.088789983125477,0.989348709837695,0.8377092523971514,0.256,0.8162634203719498,0.694509450851509,0.9216606557152026,0.9231595712413759,349,0.24090980271286724,0.2424736379331903,0.04679540112169165,0.20524738802565642,0.2044309695477462,0.06014280065884818,0.4,0.2,False,False,0.0,0
H,1835086311,154,349,0.9907819962776827,0.9910137834928083,0.06655151184290357,0.9907819962776827,0.8419324892619398,0.35,0.8187299613469489,0.6915422917202302,0.9184388811473062,0.9196610646908651,352,0.0844789176412091,0.28676046128613264,0.050813341360280026,0.2394163612639345,0.2447214550181192,0.09380946343032436,1.0,0.0,False,False,0.0,0
H,1835086311,155,352,0.9924767296930256,0.9924769873290963,0.12070790123149408,0.9924767296930256,0.8415530966122188,0.126,0.8197534318073569,0.6907850991221681,0.9238023928396407,0.912180186255421,351,0.11024902484936805,0.18089193435576528,0.1403421283017026,0.21794946288188827,0.2860369990353258,0.06453045057595004,0.6,0.0,False,False,0.0,0
H,1835086311,156,351,0.9917161238244101,0.991722336169741,0.09536695142079317,0.9917161238244101,0.8356477350995737,0.22400000000000003,0.823130103033753,0.6901884319941902,0.9314221535556766,0.9002282304536698,342,0.11178234785163134,0.1695001013600608,0.046521476050774765,0.30677906754428,0.32981858294358823,0.03559842424966479,0.8,0.0,False,False,0.0,0
H,1835086311,157,342,0.9915813724344886,0.991583694293123,0.10319990945225593,0.9915813724344886,0.8208442903745125,0.2,0.8293457661836199,0.7011522680460961,0.9095129142247514,0.9295394824193337,337,0.25591572064519286,0.24596195524254416,0.08214200412787728,0.23094185444710277,0.15616488012321245,0.0288735854140705,0.0,0.2,False,False,0.0,0
H,1835086311,158,337,0.988036108636269,0.9883178818472189,0.06497536278685656,0.988036108636269,0.8110891758645716,0.35,0.8266527493902969,0.7048053561686743,0.9185616228022763,0.9281919221665557,336,0.171383769061038,0.231063358336313,0.02754827029222886,0.16822217311131946,0.3150164285538882,0.08676600064521241,1.0,0.0,False,False,0.0,0
H,1835086311,159,336,0.9040442048659068,0.9921846003510053,0.019271168239266813,0.9040442048659068,0.757634188473735,0.656,0.8190871975187898,0.7010844896297612,0.9259130827947165,0.9244214213641412,342,0.08149251586900756,0.19127113430376186,0.028878449414651498,0.30301311201390263,0.29603811136333935,0.09930667703533712,0.4,0.6,False,False,0.0,0
H,1835086311,160,342,0.9387750121972009,0.9883552275757073,0.023820128776703395,0.9387750121972009,0.7868319894616929,0.6240000000000001,0.8232679137127764,0.7002189353624048,0.9310236701192558,0.9135491941832651,336,0.11485837767664539,0.23222967824533602,0.003662480509215089,0.29237856258547423,0.28850947802005456,0.06836142296327472,0.8,0.4,False,False,0.0,0
H,1835086311,161,336,0.9905344178085292,0.990540151207884,0.09599609282819527,0.9905344178085292,0.807114608978241,0.256,0.8307206718233815,0.6950280524855454,0.927258206398859,0.9022910104818936,325,0.060250798640761445,0.205626674403289,0.15092816749738378,0.2968644880706903,0.24668451645764414,0.03964535493023114,0.4,0.2,False,False,0.0,0
H,1835086311,162,325,0.990427029636204,0.9904270319440951,0.1582248984939231,0.990427029636204,0.7828255465879855,0.014000000000000002,0.8354150260472005,0.701161979559347,0.9123381358112007,0.9199415769554125,320,0.19856662122598598,0.2537128889605656,0.05059789217244574,0.1883195028739162,0.18902875026113805,0.11977434450594861,0.2,0.0,False,False,0.0,0
H,1835086311,163,320,0.9896000804713453,0.9913024038389053,0.050682001394032075,0.9896000804713453,0.7844727932267206,0.456,0.8341202538768817,0.7161038805813796,0.8969893963473412,0.9571060276398973,322,0.3958175148606199,0.16885616663791758,0.034020569682866354,0.21379261799408414,0.17942537058630298,0.008087760238209167,0.4,0.4,False,False,0.0,0
H,1835086311,164,322,0.9910054479333728,0.9910054486186108,0.1678956487711707,0.9910054479333728,0.7887564050960229,0.014000000000000002,0.8249713619981671,0.7266771946432858,0.9072904567126071,0.9708593452426267,322,0.26723135113719004,0.1578867028638462,0.06066897742925531,0.19011402752149345,0.30457074608904766,0.019528194959167435,0.2,0.0,False,False,0.0,0
H,1835086311,165,322,0.9908595525481486,0.9908778347814278,0.08676813497769875,0.9908595525481486,0.7938366034048456,0.256,0.8155455967332271,0.7236737939700957,0.9099736448310808,0.9751373350373131,325,0.10413073823717632,0.14537816679697668,0.06848330129020196,0.3993663513753276,0.26706116894867205,0.015580273351645234,0.4,0.2,False,False,0.0,0
H,1835086311,166,325,0.989374595175514,0.9893806152697556,0.09559836291446756,0.989374595175514,0.7779205156745668,0.21400000000000002,0.815971371104266,0.7363709797741711,0.8930150217956527,1.0105620355832161,324,0.29851094378225196,0.17847634995792508,0.15214140613897145,0.1742587975688396,0.1701937072384003,0.026418795313611656,0.2,0.2,False,False,0.0,0
H,1835086311,167,324,0.9877563747744333,0.9877577227486931,0.10749754736149779,0.9877563747744333,0.7634202136854731,0.2,0.8163973583436739,0.7415649672356756,0.8768186757132587,1.0359476810746018,319,0.21265670562766306,0.16701069591869908,0.15861153143852474,0.26703203207447324,0.16552578048585617,0.029163254454783866,0.0,0.2,False,False,0.0,0
H,1835086311,168,319,0.9927130346155187,0.9939267650863941,0.053395903331116185,0.9927130346155187,0.7757883282254355,0.42400000000000004,0.8173203163798878,0.740001127264222,0.8835439026734866,1.0247359033104404,319,0.13143010487912693,0.22111878981160282,0.02586676300770726,0.25142880029736847,0.27203547265776906,0.0981200693464255,0.8,0.2,False,False,0.0,0
H,1835086311,169,319,0.9917803834311126,0.9917803848188761,0.16228458598620626,0.9917803834311126,0.7805159567073773,0.014000000000000002,0.8172464295203329,0.7339580680385072,0.895189512406138,1.0032362851870789,321,0.07446246421870333,0.18737315209060953,0.06508217385999783,0.218140971418631,0.3135873053529929,0.1413539330590655,0.2,0.0,False,False,0.0,0
H,1835086311,170,321,0.9909420627553188,0.9920080155845581,0.05441397492310147,0.9909420627553188,0.7735328129998843,0.42400000000000004,0.8146811280884043,0.7288625996563822,0.9043268278535073,0.9893104460242749,321,0.08253043774750544,0.20272920106310194,0.14930983114088284,0.1994186184106794,0.2932813334399153,0.07273057819791495,0.8,0.2,False,False,0.0,0
H,1835086311,171,321,0.988966957001961,0.9889669584746037,0.16178942296606325,0.988966957001961,0.771433256023364,0.0,0.809838686868531,0.7255814590185231,0.9138941450681566,0.9803739478064641,323,0.10202486681199999,0.19719519340913608,0.08536571245673395,0.20122156838420208,0.3947863212928457,0.019406337645082136,0.0,0.0,False,False,0.0,0
H,1835086311,172,323,0.9835777664242441,0.9919670573974382,0.03799131959069954,0.9835777664242441,0.7716513476387239,0.526,0.810234062123247,0.7353714466565571,0.9071416109672108,1.0005094092425895,320,0.2633632573620017,0.19379967931755246,0.04506684012997333,0.26233688137591415,0.2231844020293496,0.012248939785208749,0.6,0.4,False,False,0.0,0
H,1835086311,173,320,0.9920666524715689,0.9920666565313861,0.15374218461874983,0.9920666524715689,0.7778618694233227,0.0,0.8132823862797782,0.736691165549757,0.8948891182743881,1.0122198925941701,320,0.1636036403253469,0.19980736104036706,0.15186996550424597,0.26147404945600994,0.19230834201949168,0.030936641654538497,0.0,0.0,False,False,0.0,0
H,1835086311,174,320,0.9864611911351624,0.989264991189192,0.04669369292682486,0.9864611911351624,0.7688724533154261,0.456,0.8137468914106665,0.7278129834561626,0.8909212402784519,1.0039015925415178,323,0.036954702298668304,0.47358798040750805,0.02520498565736649,0.23658056625944512,0.22760516915751303,6.659621949902811e-05,0.4,0.4,False,False,0.0,0
H,1835086311,175,323,0.9897327196291978,0.9897327223155371,0.15701061688137014,0.9897327196291978,0.7671695440687706,0.0,0.8139568859902789,0.7341403376612309,0.8781842848285307,1.0270510348465225,320,0.2214750422234547,0.16935228425909685,0.02058557267514084,0.35159402552195024,0.1817758428896203,0.055217232430736986,0.0,0.0,False,False,0.0,0
H,1835086311,176,320,0.9852658120133119,0.9896990536917006,0.04305023338735324,0.9852658120133119,0.7707532871294163,0.456,0.8134024891186247,0.7281843383251234,0.8903658563456777,1.0054658844336453,321,0.07188771933692649,0.19295815424165563,0.013275572941709578,0.24249216255417136,0.38918498978844857,0.09020140113708833,0.4,0.4,False,False,0.0,0
H,1835086311,177,321,0.9925033233075707,0.9925037141345315,0.11739101785442012,0.9925033233075707,0.7774169223520788,0.126,0.815860949068764,0.7365742716407444,0.8830222975630908,1.022418568974457,319,0.24748937789846379,0.19002026341189004,0.020639721638229254,0.2439442762454026,0.2084651342599045,0.0894412265461099,0.6,0.0,False,False,0.0,0
H,1835086311,178,319,0.9884901779976597,0.9890683532155861,0.059259906505702224,0.9884901779976597,0.7844587422302807,0.4,0.8206438297681534,0.7349963004810391,0.8907539152619142,1.0054783057802323,318,0.12813428027914897,0.267928073027345,0.03303529292394273,0.2548189072231114,0.2801692372756622,0.035914209270789664,0.0,0.4,False,False,0.0,0
H,1835086311,179,318,0.9772413714135376,0.9904386010106293,0.03437272568764343,0.9772413714135376,0.775102171825653,0.526,0.8137301583954628,0.7406395613989236,0.8870122432651935,1.026116993040613,317,0.21741344927420475,0.15839952710826163,0.00037033986859351305,0.3970495798220506,0.2266685976473537,9.850627953575587e-05,0.6,0.4,False,False,0.0,0
H,1835086311,180,317,0.9860002027932719,0.9873340072329073,0.052592000812991535,0.9860002027932719,0.7650513947525331,0.41400000000000003,0.8182990089579492,0.7307946318758127,0.8983110189386742,0.994160712186223,311,0.027338106835440957,0.16699316539384665,0.10909710942934815,0.21086151608573717,0.41828153429640974,0.06742856795921735,0.2,0.4,False,False,0.0,0
H,1835086311,181,311,0.9883936950845901,0.9884005297140029,0.0945803454885402,0.9883936950845901,0.7659937778810227,0.21400000000000002,0.8185413453539623,0.7436850773516575,0.9077945112729094,1.0008313335221004,309,0.3053772133704415,0.17705272668854927,0.05351791494716804,0.14428768700699304,0.29657297114051373,0.023191486846334222,0.2,0.2,False,False,0.0,0
H,1835086311,182,309,0.9836925357452604,0.9836993500739495,0.09456607304276762,0.9836925357452604,0.7469007496018311,0.21400000000000002,0.8180751453364304,0.7407028187477573,0.9014760046246568,1.004376697176689,308,0.11502494079603452,0.21429768247240377,0.0724538244671271,0.20749239438015962,0.22230472239519172,0.16842643548908318,0.2,0.2,False,False,0.0,0
H,1835086311,183,308,0.9865040356549782,0.9867448069387894,0.06621444509822258,0.9865040356549782,0.7726273633375479,0.35,0.8150152067986917,0.7377632352245583,0.8979209969468204,1.0081221805396008,318,0.11369446767736047,0.20707384234626866,0.06767919046549618,0.3476119766593549,0.23296296392314592,0.030977558928373995,1.0,0.0,False,False,0.0,0
H,1835086311,184,318,0.9896258984489067,0.9896359693731592,0.09150456393913285,0.9896258984489067,0.7785530930616544,0.22400000000000003,0.8118651307835606,0.7376866713722044,0.8913224719800107,1.0194200979647718,320,0.14764497386092565,0.2469300239442093,0.06659631313766941,0.3078733713397864,0.21596787363936157,0.014987444078047626,0.8,0.0,False,False,0.0,0
H,1835086311,185,320,0.9805352264704726,0.9916694626347413,0.03573568315966363,0.9805352264704726,0.7500551151178931,0.526,0.8112798626341444,0.7258028377908353,0.9021902247820096,0.9916304370571114,310,6.249840513700878e-06,0.2745425394610875,0.002738974657699149,0.3062803388285218,0.4122574623077768,0.0041744349044011714,0.6,0.4,False,False,0.0,0
H,1835086311,186,310,0.9911123343327811,0.9922302205726948,0.05403709266220742,0.9911123343327811,0.7521879873408283,0.41400000000000003,0.8061214831035575,0.7255089845529875,0.9001640042562395,0.9998173235863852,308,0.13745360814617386,0.192748656747938,0.07568907805558557,0.3317930286724871,0.24096400976215462,0.02135161861566077,0.2,0.4,False,False,0.0,0
H,1835086311,187,308,0.989366073519685,0.9896924901166817,0.06381572275085676,0.989366073519685,0.727197006964231,0.35,0.8108107208211176,0.714644953331746,0.9002667959451843,0.9790381520633737,299,0.005142725080098468,0.22522794091208534,0.01319814362483009,0.4217137591326797,0.25059596057284383,0.08412147067746252,1.0,0.0,False,False,0.0,0
H,1835086311,188,299,0.9905472929847684,0.9905552134433504,0.09342399129795921,0.9905472929847684,0.7298051824128473,0.22400000000000003,0.8077668704361363,0.7125277541754198,0.8969994628814005,0.9833849679940078,301,0.10768810637826383,0.20511750229543754,0.06511228615641718,0.3088988254096782,0.2337967326536734,0.07938654710652986,0.8,0.0,False,False,0.0,0
H,1835086311,189,301,0.9926547027997814,0.9926634776767743,0.09262545615059993,0.9926547027997814,0.7336586388416583,0.22400000000000003,0.8076200087629004,0.7079503529696632,0.9039247797609677,0.9697581551823004,301,0.0756123312876809,0.23110462382683217,0.014233262250516682,0.25815761635699164,0.28312631583853626,0.13776585043944237,0.8,0.0,False,False,0.0,0
H,1835086311,190,301,0.9881505431788222,0.9889749929685402,0.05643460787480715,0.9881505431788222,0.7295192679636616,0.4,0.8008708252917891,0.7116800313312088,0.901037285882076,0.9862330319314823,301,0.1765899501253588,0.14460697988276028,0.04720651118407162,0.33601830013975903,0.23752492048602486,0.0580533381820255,0.0,0.4,False,False,0.0,0
H,1835086311,191,301,0.9931345123869968,0.9931393937194684,0.09729765272131273,0.9931345123869968,0.7333316158978991,0.21400000000000002,0.7971187720999503,0.7140291457468678,0.9109335572938684,0.9833456513737068,300,0.16166394977774312,0.21418451743143846,0.05724528908483818,0.22632463496619587,0.30844042992584375,0.032141178813940664,0.2,0.2,False,False,0.0,0
H,1835086311,192,300,0.9892625251211281,0.9904912601687458,0.05327053965213749,0.9892625251211281,0.7082289761751375,0.4,0.8000700087782038,0.7036821424056376,0.9093662393795454,0.967185355876758,293,0.004430674326414824,0.19780123746382347,0.14636032782715003,0.321618771710772,0.2476301890753191,0.08215879959652057,0.0,0.4,False,False,0.0,0
H,1835086311,193,293,0.9882751364117989,0.9895871432743631,0.052741306817677545,0.9882751364117989,0.705205579384504,0.41400000000000003,0.8026057116198454,0.7037429429661637,0.9184296154415909,0.9546978123828687,291,0.12806134601009844,0.22452713929018872,0.09161402602202472,0.21060611936272283,0.300034753735497,0.04515661557946826,0.2,0.4,False,False,0.0,0
H,1835086311,194,291,0.9883315654698047,0.9883317333949018,0.1240817357001842,0.9883315654698047,0.6959539116499843,0.126,0.7993865941092575,0.6943180196177346,0.9265866538974318,0.9373796809284326,288,0.009527797498489808,0.19934356085034938,0.08264687400900142,0.3436259595929464,0.3360072837408519,0.028848524308360938,0.6,0.0,False,False,0.0,0
H,1835086311,195,288,0.985733753489257,0.988875645695246,0.04578430832637007,0.985733753489257,0.6815948142459667,0.456,0.8043860650504927,0.6930858377911903,0.932154596865349,0.9243459458161426,281,0.10604648942927868,0.1764558774610087,0.09075413170581972,0.23287699287096902,0.2911330417883017,0.1027334667446223,0.4,0.4,False,False,0.0,0
H,1835086311,196,281,0.9899541372444036,0.9899541422625896,0.15203823320974091,0.9899541372444036,0.6796324609534873,0.014000000000000002,0.8028793497773804,0.6851668478130782,0.938939137178814,0.9088843207974777,280,0.021691273893093922,0.19990617637262137,0.1923146308014971,0.25951517453567496,0.30327429747785595,0.02329844691925679,0.2,0.0,False,False,0.0,0
H,1835086311,197,280,0.988412821761535,0.9884205453525626,0.09360717128001438,0.988412821761535,0.6675471184484181,0.21400000000000002,0.8046267087621626,0.6785348458917363,0.9450452234609327,0.8923292307564268,275,0.03282925586639925,0.244117937077925,0.02035716152190733,0.26141370720855917,0.3321701630731172,0.10911177525209192,0.2,0.2,False,False,0.0,0
H,1835086311,198,275,0.9879235892604585,0.988296150814119,0.06275194090522554,0.9879235892604585,0.6842940119632219,0.35,0.8040250718633422,0.6842690002765239,0.9495476788879458,0.8962733792485149,279,0.18326120849218067,0.195738450962424,0.07129281876294491,0.24402722485794,0.29503488886553164,0.010645408058978775,1.0,0.0,False,False,0.0,0
H,1835086311,199,279,0.9882476376837837,0.9882476421131191,0.1530180679118612,0.9882476376837837,0.6873452784121409,0.014000000000000002,0.8023025995234662,0.6852150527528068,0.9325364832766252,0.9158468669016283,284,0.1269937811263628,0.20279331122386493,0.044783415543305616,0.3282116109710191,0.18971786138736996,0.10750001974807769,0.2,0.0,False,False,0.0,0
H,1835086311,200,284,0.9924356829150426,0.9924356956320473,0.1446563149736788,0.9924356829150426,0.6737805366791254,0.05600000000000001,0.7990785976680773,0.6948797622025122,0.9120487557629805,0.953459190700309,281,0.23656827609182224,0.18100035248171928,0.10567003011736952,0.2467896378821894,0.1638296040700891,0.06614209935681059,0.4,0.0,False,False,0.0,0
H,1835086311,201,281,0.9740264974924764,0.9916357743990488,0.032086505144117594,0.9740264974924764,0.6803993510773341,0.55,0.7979235565591165,0.696149836578698,0.9169901453801809,0.9514298448236564,288,0.1376757810788919,0.23814543988650794,0.030869336141081297,0.24370499735627085,0.28073132596749184,0.06887311956975624,1.0,0.2,False,False,0.0,0
H,1835086311,202,288,0.9855836929416292,0.9855837021322906,0.14718621770410278,0.9855836929416292,0.6864236967394871,0.014000000000000002,0.7970986089662877,0.6887542414142817,0.9235877310448348,0.9355652449486648,288,0.030148708306482492,0.34896809432149106,0.021590803881475606,0.25785514749249944,0.2914830010133604,0.049954244984691,0.2,0.0,False,False,0.0,0
H,1835086311,203,288,0.991896980861035,0.9919082431694772,0.09063281083091584,0.991896980861035,0.6801415093508496,0.21400000000000002,0.8005717421460822,0.6871969895069026,0.9312289579403513,0.9217741378805474,285,0.09850575204168764,0.22191162314688165,0.09395792985126927,0.1853580756035797,0.31165780326397025,0.08860881609261152,0.2,0.2,False,False,0.0,0
H,1835086311,204,285,0.9906646964482563,0.9906662280595855,0.10650431154455987,0.9906646964482563,0.6628827936803349,0.2,0.7999494672250492,0.693138999603145,0.9142034001902273,0.9477961701698586,282,0.19127324464484435,0.26330551283417597,0.09659233467131503,0.23122837419874198,0.18048669021955563,0.037113843431366984,0.0,0.2,False,False,0.0,0
H,1835086311,205,282,0.9866072042611973,0.9882758237019681,0.05081684185641884,0.9866072042611973,0.6577916119713623,0.42400000000000004,0.7994071778930868,0.7049412041385628,0.9073432070888119,0.9718813770317138,278,0.268239431444688,0.16024640591395553,0.015206974292491399,0.2522717798215109,0.22280073458803687,0.08123467393931727,0.8,0.2,False,False,0.0,0
H,1835086311,206,278,0.9795192511493037,0.9883307998102863,0.0375711897013951,0.9795192511493037,0.6587282223904577,0.526,0.7932945879762564,0.7027988853384288,0.9030069947195167,0.9810823398491948,283,0.10130926758492732,0.18968838982966346,0.09476975794597652,0.2715997590005503,0.2319905416979303,0.11064228394095212,0.6,0.4,False,False,0.0,0
H,1835086311,207,283,0.9879558570679777,0.9879562388875849,0.11754006461682674,0.9879558570679777,0.6757619736587254,0.126,0.7938879836828863,0.7118911355954077,0.8819978254867755,1.0166859976783442,289,0.2404024315487545,0.2204256545609798,0.017396568882387543,0.3440441238545892,0.1464576511960524,0.0312735699572366,0.6,0.0,False,False,0.0,0
H,1835086311,208,289,0.9893934880010657,0.9894000128149761,0.09495765716603523,0.9893934880010657,0.696279606185883,0.2,0.7948828897416017,0.7249584017983023,0.867824007610211,1.0509408621782728,297,0.2957727872833122,0.1922085553698089,0.08052889171289651,0.24081272686962532,0.17012982336056462,0.020547215403792563,0.0,0.2,False,False,0.0,0
H,1835086311,209,297,0.9895716961758609,0.989723781070834,0.06989536694289564,0.9895716961758609,0.694869468574542,0.326,0.798018226249324,0.714339664397447,0.8810416068491899,1.0160042781065417,297,0.007864783613247854,0.3405537483305521,0.10124878996685095,0.22099854242449463,0.3156306622907407,0.013703473374113817,0.6,0.2,False,False,0.0,0
H,1835086311,210,297,0.9900880971833933,0.9900883351003841,0.12132255049224591,0.9900880971833933,0.6850023279657579,0.126,0.7999793822029643,0.7073021002360397,0.8810299697809485,1.0035418114744181,293,0.045992738230812194,0.18160921377973951,0.15101262321751185,0.31878448892558936,0.24046261808338804,0.062138317762959056,0.6,0.0,False,False,0.0,0
H,1835086311,211,293,0.9897707022465716,0.9900015104859071,0.06657706820140706,0.9897707022465716,0.6842765629754678,0.326,0.8012812597380193,0.7182821119363583,0.8752450887016769,1.0241896501802334,291,0.26681395890150733,0.19383465845564524,0.00601751980057805,0.23017322308639493,0.21159057949411642,0.09157006026175785,0.6,0.2,False,False,0.0,0
H,1835086311,212,291,0.9860908301961265,0.9882604537353016,0.04872674412884722,0.9860908301961265,0.6849347903961817,0.456,0.8020835147893755,0.7277504283561061,0.8794802632377283,1.0316604499728557,292,0.25478027520707197,0.19357759789242182,0.04321647634153437,0.17184400538267428,0.2587984170310954,0.0777832281452022,0.4,0.4,False,False,0.0,0
H,1835086311,213,292,0.9906742795906371,0.9906743056704589,0.13892507497167733,0.9906742795906371,0.7111158983660918,0.05600000000000001,0.7936024562793239,0.7314275859498138,0.8915322369139554,1.0337875105441126,297,0.1883084876439119,0.14936404013652477,0.04407742860072994,0.29641875370795384,0.31921993312528035,0.0026113567855990984,0.4,0.0,False,False,0.0,0
H,1835086311,214,297,0.9894287873293329,0.9908650609869482,0.05203123971815401,0.9894287873293329,0.7087590020693261,0.4,0.7972555008957416,0.7254557471621372,0.8926607834010074,1.0193584924975347,295,0.06999425637267573,0.2104992908348006,0.006447083516962657,0.2751354832629549,0.2514088508922375,0.18651503512036852,0.0,0.4,False,False,0.0,0
H,1835086311,215,295,0.9886672218156617,0.9886696343420684,0.1028715593843938,0.9886672218156617,0.7222745854470655,0.2,0.7883480770386099,0.7343574041914088,0.8770499773087626,1.0620993027922256,304,0.2521805548422304,0.20558991558269682,0.034759638573094734,0.3087648706850416,0.16827636123927955,0.030428659077656798,0.0,0.2,False,False,0.0,0
H,1835086311,216,304,0.9882201014386749,0.988220422098328,0.11893176705106967,0.9882201014386749,0.7062291573900332,0.126,0.7855736000030453,0.7475880238580089,0.8796197331160284,1.0818834860682363,298,0.3118561234521325,0.22745430381091392,0.03984106950276298,0.16605247887632904,0.25137376769071035,0.003422256667151175,0.6,0.0,False,False,0.0,0
H,1835086311,217,298,0.9889976519452265,0.9908440699658361,0.05003153579195653,0.9889976519452265,0.7271872478162349,0.42400000000000004,0.7797749205207224,0.7460944924045421,0.8904375892079935,1.0745362861742402,304,0.13607337174291928,0.17988544791643243,0.08792156546918964,0.2643690573572164,0.29389914701784,0.03785141049640229,0.8,0.2,False,False,0.0,0
H,1835086311,218,304,0.9902808515109705,0.9906629282359258,0.06257023446432042,0.9902808515109705,0.7135945159497131,0.35,0.7809411724847395,0.7392050774817748,0.8908680720995814,1.0625104905372185,298,0.0676913712182478,0.2120690277928177,0.06669902441018519,0.33391361697324273,0.24737120906193621,0.07225575054357032,1.0,0.0,False,False,0.0,0
H,1835086311,219,298,0.9888230708336455,0.9888324503651952,0.09206424000412904,0.9888230708336455,0.7024969426921176,0.21400000000000002,0.7847819484459831,0.7340972184747568,0.9017812648896233,1.037297581599937,289,0.08565493583838547,0.22395285168770845,0.014364021532573861,0.35333635009764575,0.31914807201494905,0.003543768828737484,0.2,0.2,False,False,0.0,0
H,1835086311,220,289,0.9907372996930245,0.9920603340401831,0.05269455070356663,0.9907372996930245,0.7200197905775426,0.41400000000000003,0.7802938807213011,0.747392357551019,0.8787871854209153,1.0899504028399942,298,0.3809576967428349,0.17096328918171574,0.020285530968160843,0.2765014910094676,0.13592023510127182,0.015371756996548927,0.2,0.4,False,False,0.0,0
H,1835086311,221,298,0.9847476814283957,0.9847476840326688,0.15721739075339314,0.9847476814283957,0.7086574196090915,0.014000000000000002,0.7880818550533095,0.736763854280114,0.8844380961884322,1.0570354237168316,293,0.02176393258307508,0.19142771251688645,0.1456579425898706,0.32662135419625143,0.26764814654804225,0.04688091156587406,0.2,0.0,False,False,0.0,0
H,1835086311,222,293,0.9889032467432965,0.9889032705129769,0.13964913739551976,0.9889032467432965,0.7000580066015538,0.05600000000000001,0.7888014710526124,0.7322113692502983,0.8796968021872152,1.0552023333673468,290,0.09107134605237374,0.2669487072186495,0.019667035755911895,0.3474003175715134,0.21851257808813143,0.05640001531341987,0.4,0.0,False,False,0.0,0
H,1835086311,223,290,0.9909540702863588,0.9909540782917319,0.14832856094833272,0.9909540702863588,0.7021507977173904,0.0,0.7890481223962048,0.7283540854567128,0.8889409445081357,1.0384035391735549,289,0.0969160583616169,0.160607332039931,0.08443247609927543,0.25007674863940516,0.2860691126982097,0.12189827216156184,0.0,0.0,False,False,0.0,0
H,1835086311,224,289,0.9843162496251341,0.9854704305358232,0.05372834249796721,0.9843162496251341,0.6887320198788542,0.4,0.789314460881277,0.7342698918902895,0.8958407478662478,1.0384243144745817,289,0.2166688838301541,0.17544805267348343,0.11403488371821495,0.1308878935615207,0.27896948904462826,0.08399079717199849,0.0,0.4,False,False,0.0,0
H,1835086311,225,289,0.9854449571421737,0.9854572690341608,0.08987159802010079,0.9854449571421737,0.6736449601915688,0.22400000000000003,0.7906421392186215,0.7356468719458799,0.8965018558885476,1.0378587288270784,284,0.16363093312631086,0.1994514420896469,0.057552941742939887,0.19936048916577984,0.25122591404462297,0.12877827983069945,0.8,0.0,False,False,0.0,0
H,1835086311,226,284,0.9898506351606132,0.9901488737807801,0.0645380326588434,0.9898506351606132,0.6639891753916045,0.35,0.7883104399176508,0.7280931505480965,0.9068516702996928,1.01848212228789,279,0.05285777749388396,0.30214457833792535,0.052591987550771005,0.2406042979883705,0.34509256585796094,0.00670879277108829,1.0,0.0,False,False,0.0,0
H,1835086311,227,279,0.9715592985748783,0.9877661510470065,0.032716002350606774,0.9715592985748783,0.6654396187839045,0.526,0.7857455277376288,0.718316926054074,0.9142484223673535,0.9999308388479834,285,0.020355412917279724,0.33244715711343875,0.006807784431835021,0.34994074337292974,0.2904095954881497,3.930667636716634e-05,0.6,0.4,False,False,0.0,0
H,1835086311,228,285,0.9878039217111281,0.9878172684679928,0.08924819808913313,0.9878039217111281,0.6589680133512685,0.21400000000000002,0.7874307860461547,0.7257846150237328,0.8854227558226025,1.0409855191550084,281,0.22979419090453063,0.2598514320526306,0.041797543880669086,0.3438950801968651,0.11299587845992191,0.011665874505382593,0.2,0.2,False,False,0.0,0
H,1835086311,229,281,0.9907202020683245,0.9910578136573868,0.06355826983121345,0.9907202020683245,0.6446890966725985,0.35,0.7932846191360416,0.7146058912375982,0.8968804802403423,1.0043914017479307,275,0.0013813370631507377,0.2564203673706023,0.05023268045569376,0.21064695675675363,0.468944853753299,0.0123738046005005,1.0,0.0,False,False,0.0,0
H,1835086311,230,275,0.9893359622836245,0.9895786266632952,0.06617493040369246,0.9893359622836245,0.6400329830202213,0.35,0.8024538866165679,0.7117335199386813,0.8980833111815363,0.9875991533935627,269,0.09822404078703659,0.2156756458936216,0.06482264591957823,0.28382641001265846,0.2544543948261412,0.08299686256096393,1.0,0.0,False,False,0.0,0
H,1835086311,231,269,0.9890130103772284,0.9890132825370022,0.1202435315469974,0.9890130103772284,0.6452308418262396,0.126,0.7960977725456376,0.7165996148291316,0.9082749800633827,0.9910437126273626,273,0.19315963609230527,0.14835072964594226,0.03347987446379274,0.17471071604050425,0.3008035043146683,0.1494955394427871,0.6,0.0,False,False,0.0,0
H,1835086311,232,273,0.983533049869128,0.9835569732380656,0.08456843417899856,0.983533049869128,0.65125040876274,0.256,0.7975780707021968,0.7154211004017239,0.9174474820570444,0.977703854299271,273,0.12064332892561114,0.24755578136465778,0.018655439785900584,0.25671217041760813,0.3157669759732631,0.04066630353295919,0.4,0.2,False,False,0.0,0
H,1835086311,233,273,0.9855563442523279,0.9883895859658249,0.046603495923400746,0.9855563442523279,0.6487719443910532,0.456,0.8028025660419862,0.7185084500526876,0.9174062516308692,0.9755767300972252,272,0.173230058388124,0.19835368994559302,0.11904500116168383,0.18502698595896075,0.2585175888976459,0.06582667564799238,0.4,0.4,False,False,0.0,0
H,1835086311,234,272,0.9865641345468231,0.9865641380318075,0.15491321072478023,0.9865641345468231,0.6443638988785559,0.0,0.8047947742159093,0.7114301870259682,0.9256656264677823,0.954977202895883,273,0.048089493448937044,0.2885287150309771,0.020859992579443248,0.18003932265418038,0.3836632488883807,0.07881922739808159,0.0,0.0,False,False,0.0,0
H,1835086311,235,273,0.9937243233444121,0.9937304741327224,0.09546232181597869,0.9937243233444121,0.6422582204168652,0.22400000000000003,0.8023674669938905,0.7139170255077135,0.933099063821004,0.9535570339686624,274,0.1632293479130466,0.2056633056175133,0.02261810355990513,0.1367379613303358,0.3730001069068189,0.09875117467238027,0.8,0.0,False,False,0.0,0
H,1835086311,236,274,0.9892702021710029,0.9892734553481557,0.1004966944997366,0.9892702021710029,0.6203814746471044,0.22400000000000003,0.8081392823671375,0.7128776459731708,0.9397891574389037,0.9386384678319508,266,0.1207058967605373,0.3902741955715334,0.00010064532829559134,0.1660248491804761,0.31729118177288196,0.005603231386275598,0.8,0.0,False,False,0.0,0
H,1835086311,237,266,0.9882951024877495,0.9896729058276205,0.0523524900631167,0.9882951024877495,0.6263680603521712,0.41400000000000003,0.8056502248591912,0.7095563049372908,0.9361655792419191,0.9407791022716978,268,0.0915317657847323,0.22539227029819267,0.06421294299986938,0.2817477768776626,0.2517766877345289,0.08533855630501432,0.2,0.4,False,False,0.0,0
H,1835086311,238,268,0.9889524085686971,0.9889524103259345,0.1603828854202101,0.9889524085686971,0.640486963273328,0.0,0.8061959307836318,0.7028171715742044,0.9425490213177272,0.9249064653153949,272,0.046733523547227436,0.20564618729715148,0.06600777327087175,0.2557436050171438,0.3860082509342959,0.03986065993330961,0.0,0.0,False,False,0.0,0
H,1835086311,239,272,0.9864252106727499,0.9875886124435188,0.053682092511043264,0.9864252106727499,0.6530862632369175,0.41400000000000003,0.8034012058073657,0.7130496493446501,0.9179666301102339,0.9668528848528682,279,0.25466670436444855,0.20722349534715329,0.03514671230508187,0.27866129902851455,0.1483625546213973,0.07593923433340448,0.2,0.4,False,False,0.0,0
H,1835086311,240,279,0.9872174124776042,0.9872192050912817,0.10522401356609246,0.9872174124776042,0.6422605556589993,0.2,0.8083447178067111,0.7071741531911053,0.9261699670992105,0.9445807275164436,277,0.059712328921096965,0.3542405647563026,0.0013266119937899235,0.15893910987904264,0.35716623040032164,0.06861515404944617,0.0,0.2,False,False,0.0,0
H,1835086311,241,277,0.9881153553597201,0.9893272629608502,0.053370945752633535,0.9881153553597201,0.6522014186677488,0.41400000000000003,0.8095334523454365,0.7044762097344002,0.9274556091060141,0.9382928341652168,279,0.09575955253562696,0.30663149019692676,0.0684483236420443,0.25476051224196467,0.26951319358362336,0.0048869277998139825,0.2,0.4,False,False,0.0,0
H,1835086311,242,279,0.9864338339767302,0.9886195277160869,0.04867089355770946,0.9864338339767302,0.6590923408140973,0.456,0.8110589514605802,0.7023528775652352,0.9223571904495473,0.9388664207267523,281,0.10125597896943885,0.253002933274504,0.07016674760522873,0.29523637512859296,0.2382357112706735,0.04210225375156195,0.4,0.4,False,False,0.0,0
H,1835086311,243,281,0.9912806156843281,0.9912806610361725,0.13452572409343208,0.9912806156843281,0.6604432796854256,0.05600000000000001,0.8094474132563305,0.6975192893626296,0.9301214714045926,0.9264626438273313,278,0.06605069594570265,0.16216664282502644,0.11151095364719728,0.26425937140505135,0.38210882224603265,0.013903513930989469,0.4,0.0,False,False,0.0,0
H,1835086311,244,278,0.9904073094482321,0.9904095201323269,0.10358104696206065,0.9904073094482321,0.6662215025340786,0.2,0.8061120100815689,0.6972699687287286,0.9343746132023742,0.9257304277635576,278,0.12033304792788026,0.1703599428959434,0.0620260466211765,0.2758857326642288,0.2863264446912046,0.08506878519956648,0.0,0.2,False,False,0.0,0
H,1835086311,245,278,0.9933593282641756,0.9933597768073984,0.11630145882755277,0.9933593282641756,0.6747540712232556,0.126,0.8081406480542539,0.6922269863098278,0.9366350813561067,0.9145156764921258,279,0.06025645021919589,0.2388254314550556,0.01481248103740926,0.324663946175048,0.2784896473698497,0.08295204374344159,0.6,0.0,False,False,0.0,0
H,1835086311,246,279,0.9863044849413506,0.9863092321423284,0.09746451142478801,0.9863044849413506,0.665854366014471,0.2,0.8089314189629653,0.6854262903527173,0.9429715732204961,0.8985669768042224,282,0.03513316697976051,0.20110765594018237,0.12250019750085316,0.17898382940549365,0.3037031355211573,0.15857201465255305,0.0,0.2,False,False,0.0,0
H,1835086311,247,282,0.9899396412806375,0.9900342424047248,0.0736770645276733,0.9899396412806375,0.6675956963498308,0.326,0.8095496852230387,0.6825706571821523,0.9432578333869903,0.8938686087384625,280,0.08019601683838554,0.18525015644294618,0.07465693185024261,0.36141974334675614,0.2729170874427195,0.02556006407895009,0.6,0.2,False,False,0.0,0
H,1835086311,248,280,0.9852869610004549,0.986330177413395,0.054539906539292346,0.9852869610004549,0.6628725104770009,0.41400000000000003,0.8044171346369964,0.6756456802124294,0.9489320500482913,0.8851208609036392,280,0.027544448617309914,0.18406553972968834,0.07168037337559707,0.28471208059591663,0.36186197075203447,0.07013558692945354,0.2,0.4,False,False,0.0,0
H,1835086311,249,280,0.9883235290465334,0.9883268652939986,0.10028836445603787,0.9883235290465334,0.660314884163949,0.21400000000000002,0.8101115355523136,0.6746649104071656,0.9540388450434621,0.8729256371993639,279,0.09751892756697082,0.3084743901364536,0.01696629541834302,0.18143464424954694,0.31865254452698094,0.07695319810170458,0.2,0.2,False,False,0.0,0
H,1835086311,250,279,0.9896666934652912,0.9897440896161472,0.07527257553349673,0.9896666934652912,0.6783385755349086,0.326,0.8047960717525774,0.6847080255731215,0.9461000262048573,0.8992542849605879,287,0.234704508578927,0.28118386866742195,0.014722806576426457,0.22510668234687475,0.2373253283287068,0.006956805501642967,0.6,0.2,False,False,0.0,0
H,1835086311,251,287,0.9906889102998018,0.9906998292237924,0.09086958461366566,0.9906889102998018,0.6669103058034822,0.256,0.805974885428086,0.685182591874677,0.9514900235843716,0.8934712291728373,283,0.12137459475264512,0.1936106145019047,0.09302072619170887,0.18566789721832294,0.32510101717218715,0.08122515016323124,0.4,0.2,False,False,0.0,0
H,1835086311,252,283,0.986394655624458,0.987728230816351,0.052596546740416174,0.986394655624458,0.6651057636143703,0.42400000000000004,0.8025617319376787,0.6862399881877933,0.9391068811364987,0.9105054526515675,285,0.12895657383562723,0.23675461274295548,0.05208092770279488,0.3178906607572095,0.21382929955282085,0.05048792540859209,0.8,0.2,False,False,0.0,0
H,1835086311,253,285,0.9895011012468405,0.9895028746863196,0.10532800719767005,0.9895011012468405,0.6637077549778416,0.2,0.8050877038392852,0.6852516513682674,0.9351459834078919,0.910180410884261,286,0.10404578237329724,0.21059501218778098,0.19473148503282217,0.2082194790425549,0.2497489519252153,0.03265928943832919,0.0,0.2,False,False,0.0,0
H,1835086311,254,286,0.9909741023935504,0.9925028178115102,0.05154786994679391,0.9909741023935504,0.6506930076568388,0.42400000000000004,0.8017634894077978,0.6912480000695588,0.9416313850671028,0.9156019036237425,279,0.19073664087131015,0.22215937355828536,0.06517228637475228,0.19852762821640751,0.31716035352628924,0.0062437174529554615,0.8,0.2,False,False,0.0,0
H,1835086311,255,279,0.9877374446435856,0.9877374456987826,0.16443286061886175,0.9877374446435856,0.6421072257428753,0.0,0.8065815896004221,0.7046654178127277,0.9257271416997638,0.943738465164741,278,0.2872477218330857,0.18539135246355953,0.027212646677992534,0.16872606799995044,0.19129447569685626,0.1401277353285556,0.0,0.0,False,False,0.0,0
H,1835086311,256,278,0.9868589619141652,0.9868589809756749,0.1413897698835393,0.9868589619141652,0.6535165693005899,0.05600000000000001,0.8061990887177238,0.6979537094968893,0.9282164885602592,0.9326850983866128,283,0.044019532184974314,0.1624204235467191,0.09150448834405901,0.25481025893889253,0.27531030515235877,0.17193499183299635,0.4,0.0,False,False,0.0,0
H,1835086311,257,283,0.9873876946675546,0.9873877035874764,0.14743878641571212,0.9873876946675546,0.6488146613570616,0.05600000000000001,0.8064862747418573,0.6913365457870073,0.9353948397042333,0.9164263436905289,278,0.041006522062031585,0.22233048873207384,0.006804177903459135,0.29877836111139877,0.37212561764721247,0.05895483254382415,0.4,0.0,False,False,0.0,0
H,1835086311,258,278,0.9902808760192047,0.990398367430983,0.07195507616784017,0.9902808760192047,0.6665407029219697,0.326,0.8036478596741391,0.7020139379451589,0.9174275810539023,0.9521560910881538,284,0.253052743093774,0.17350919167052528,0.07887305317736923,0.275777873855167,0.1778611266004618,0.04092601160270268,0.6,0.2,False,False,0.0,0
H,1835086311,259,284,0.989264335161819,0.9894551728073017,0.06808639538888553,0.989264335161819,0.6628799679564826,0.35,0.7937565131216833,0.6984520390387137,0.9256848229485121,0.9505744662068016,284,0.08173497488515884,0.14545173594809668,0.18056781134027777,0.2512634271691204,0.3084682870508178,0.032513763606528474,1.0,0.0,False,False,0.0,0
H,1835086311,260,284,0.9883534847527418,0.988353492039195,0.1490566550841644,0.9883534847527418,0.6709639650486823,0.014000000000000002,0.791894004217296,0.6990208546195067,0.9144891599835133,0.9652604589977422,292,0.1311427191591086,0.28412214848709316,0.06341019664747947,0.23181442533759972,0.2068640966492622,0.08264641371945679,0.2,0.0,False,False,0.0,0
H,1835086311,261,292,0.990987270945832,0.9910242044562619,0.08117186918078985,0.990987270945832,0.6840361369069446,0.256,0.783980507466325,0.6921974718976689,0.9212057272725266,0.9584470272506075,298,0.039095750114218716,0.14962356782706634,0.14653489492051208,0.27389197033976087,0.290827416436823,0.10002640036161907,0.4,0.2,False,False,0.0,0
H,1835086311,262,298,0.985471660612992,0.98688006775478,0.052155120791145856,0.985471660612992,0.6887166576745266,0.42400000000000004,0.7840738308646111,0.693068179389771,0.9265690553415196,0.9539842585391332,300,0.1310072635873204,0.17254541407605,0.09645886744634984,0.233216409914769,0.2874195039812284,0.07935254099428235,0.8,0.2,False,False,0.0,0
H,1835086311,263,300,0.9896689660243729,0.9896953791220039,0.08382987760128881,0.9896689660243729,0.7009324250936204,0.256,0.7857369574990968,0.6999005177272394,0.9113283122518328,0.9774268640032643,303,0.20607184133696066,0.22916098826277442,0.033947064412655874,0.27386902359123516,0.18708081222232564,0.06987027017404829,0.4,0.2,False,False,0.0,0
H,1835086311,264,303,0.9874768769177509,0.9874768987940169,0.14029840182767242,0.9874768769177509,0.6839871941582142,0.05600000000000001,0.7929169683532356,0.697238864187441,0.9102717366116196,0.9660126566817014,293,0.09166715433204381,0.16999929304948352,0.053265248437867826,0.3647449442296998,0.2503812779248509,0.06994208202605408,0.4,0.0,False,False,0.0,0
H,1835086311,265,293,0.9866736075390332,0.9900748642954906,0.045162564451554976,0.9866736075390332,0.699521413948758,0.456,0.7908774260230236,0.7117540327136769,0.89280097261321,1.0080129280712147,301,0.30471389669509974,0.17117017605582358,0.05487626061465823,0.23535439837268998,0.16778204831376192,0.06610321994796663,0.4,0.4,False,False,0.0,0
H,1835086311,266,301,0.9896341598608316,0.9896345997382677,0.11642684423449873,0.9896341598608316,0.6854323892737694,0.126,0.7865919351108541,0.7190415213983451,0.901086261443769,1.0144674388994546,299,0.22343987900440124,0.1604086039074246,0.14867915703488874,0.11556966612293663,0.28782693045940017,0.06407576347094873,0.6,0.0,False,False,0.0,0
H,1835086311,267,299,0.9873128657095479,0.9873252809867163,0.08982010958071897,0.9873128657095479,0.6996950287078771,0.22400000000000003,0.7956587006871018,0.7080894791969604,0.9109776352993921,0.9769078746289858,302,4.2335665681145147e-07,0.25139714994008583,0.003603127586245099,0.2559540395178939,0.4697966565982998,0.01924860300081871,0.8,0.0,False,False,0.0,0
H,1835086311,268,302,0.9889571266352771,0.9890278784665414,0.07598129869470338,0.9889571266352771,0.7070209559613692,0.256,0.7916700569791242,0.7142742017696936,0.8982076047057216,1.0044862996199422,305,0.20736495665726462,0.16644280005684167,0.0481635250368056,0.33352562401267266,0.19163866468134313,0.052864429555072284,0.4,0.2,False,False,0.0,0
H,1835086311,269,305,0.9921348700058626,0.9921348780082229,0.14834103664044615,0.9921348700058626,0.7230041471699435,0.0,0.790377997634908,0.7119319540305137,0.9019042787529551,0.9987187348064234,310,0.10464327936630957,0.23615446514575533,0.06899659647583545,0.25326342710863864,0.2675871725890284,0.06935505931443264,0.0,0.0,False,False,0.0,0
H,1835086311,270,310,0.9897017079003495,0.9911447312530608,0.051996165777099146,0.9897017079003495,0.7195052406732636,0.4,0.7899342245332728,0.7090261852018575,0.9117138508776595,0.9844933601309224,312,0.09613536091086822,0.2206688865260254,0.001957248242030413,0.17661508432992018,0.40892315173349114,0.0957002682576647,0.0,0.4,False,False,0.0,0
H,1835086311,271,312,0.990689492183323,0.9906980963201555,0.09276609290148519,0.990689492183323,0.7264370516395942,0.22400000000000003,0.78889280292969,0.7167380868992976,0.9032309377938887,1.0058742357351904,314,0.22704013696916378,0.18412881332421768,0.057576628461953216,0.24152409833522295,0.2134423600199757,0.07628796288946674,0.8,0.0,False,False,0.0,0
H,1835086311,272,314,0.9850703898484253,0.9891842366859571,0.043641286471767245,0.9850703898484253,0.7341909104022273,0.456,0.7894356469833512,0.7185777474428444,0.9122993660271156,0.9977452247697162,314,0.15845706110639549,0.19024176880359028,0.07210729052648622,0.24661984803730969,0.29695761006307847,0.03561642146313981,0.4,0.4,False,False,0.0,0
H,1835086311,273,314,0.9868906645317356,0.9899903234211609,0.04590100099154959,0.9868906645317356,0.7313937842167344,0.456,0.7927597529723697,0.7203544419368034,0.9045881762498421,1.0045087821221614,310,0.15881977332626518,0.17916207433407688,0.16407421788943927,0.27788134841954093,0.21759373412719052,0.002468851903487358,0.4,0.4,False,False,0.0,0
H,1835086311,274,310,0.9878476617595768,0.9884471200870322,0.05896715255131575,0.9878476617595768,0.720852131915074,0.4,0.7912504740376425,0.7229203424287367,0.8792886072187587,1.039070503006149,311,0.16979528235966862,0.16905474455310301,0.094007615555733,0.33425428614131103,0.12579624296950404,0.1070918284206804,0.0,0.4,False,False,0.0,0
H,1835086311,275,311,0.9898257219166253,0.9898257230146852,0.16413272289822425,0.9898257219166253,0.7425343495498856,0.0,0.7871331973722351,0.7180453713381513,0.874557821202271,1.0430740230738476,323,0.07838807538564214,0.3272643963510209,0.029062768026041453,0.3100708705695496,0.2159903735269407,0.039223516140805326,0.0,0.0,False,False,0.0,0
H,1835086311,276,323,0.9928591851296742,0.9928651742372657,0.09566742666149548,0.9928591851296742,0.7455432472182817,0.21400000000000002,0.7885742540581281,0.7081959516233131,0.8831979742481963,1.0168403740605607,322,0.013160610650866314,0.3767225339463438,0.011889208728930612,0.27204840922181023,0.28047967583076244,0.045699561621286584,0.2,0.2,False,False,0.0,0
H,1835086311,277,322,0.9882189660644297,0.9886125264586597,0.062318019740317844,0.9882189660644297,0.7470215665049741,0.35,0.787036900092946,0.7029485341850766,0.8868487341912412,1.0071145828228056,324,0.06452975178661599,0.17815036678194918,0.15520951220715656,0.2832315508555515,0.25985278683932234,0.0590260315294044,1.0,0.0,False,False,0.0,0
H,1835086311,278,324,0.9732648360163374,0.9903259003887953,0.03232773628590994,0.9732648360163374,0.7340301173997227,0.526,0.7933032720194173,0.6942251237246254,0.8981638607721171,0.9743287205125813,319,0.017800203110032452,0.24787579175967198,0.002669606115062453,0.3711636857787104,0.34211374242848414,0.018376970808038465,0.6,0.4,False,False,0.0,0
H,1835086311,279,319,0.9869135718813024,0.9911084002089814,0.043501582840654404,0.9869135718813024,0.7448048357589494,0.456,0.7956542711713668,0.7025372591781021,0.8981480035789913,0.9830985481351626,319,0.22529239549634847,0.21041679202065888,0.09753668473088568,0.19144098882619578,0.24900264442042946,0.02631049450548183,0.4,0.4,False,False,0.0,0
H,1835086311,280,319,0.9904365923231735,0.9908297769451724,0.06234345645411824,0.9904365923231735,0.7558853843057758,0.35,0.8010747032946834,0.7104302370589581,0.9083332032210921,0.9763448283182783,316,0.225248010497015,0.17029011265322525,0.011472413558481479,0.20995054176719208,0.37856767549857356,0.0044712460255125226,1.0,0.0,False,False,0.0,0
H,1835086311,281,316,0.9938742529388708,0.9938860039987204,0.09031050809272566,0.9938742529388708,0.7658490626075759,0.22400000000000003,0.8011440523301799,0.7204824967679876,0.9073616945051048,0.9911340143781096,316,0.25717214452471726,0.20953173247570947,0.024613415695541162,0.22833892922363136,0.2493090580306099,0.031034720049790875,0.8,0.0,False,False,0.0,0
H,1835086311,282,316,0.990866652575826,0.9908721951022241,0.09626827440911358,0.990866652575826,0.7698309405982378,0.22400000000000003,0.8014711394819082,0.7147082399215712,0.9166255250545944,0.9728568789630284,317,0.06562334989978715,0.21788816336174066,0.12971374406643543,0.25220658623374304,0.3162426658270331,0.018325490611260757,0.8,0.0,False,False,0.0,0
H,1835086311,283,317,0.9788948939155607,0.9903035554724783,0.03553089842675101,0.9788948939155607,0.7663891516703684,0.526,0.801769116819547,0.7039743106398811,0.924962972549135,0.9492555384975547,319,1.8533929857029865e-05,0.22618124728753272,0.06077788329945874,0.3849310145183597,0.3279926403831932,9.868058159846382e-05,0.6,0.4,False,False,0.0,0
H,1835086311,284,319,0.9922985619158315,0.9922985791768825,0.1422233125152187,0.9922985619158315,0.7617292429192136,0.05600000000000001,0.8093512408258938,0.7061231582368879,0.9318532541275034,0.9362587552689963,312,0.15434453911250917,0.2042234207267511,0.16594739999189706,0.1718604255197847,0.2969328941664098,0.0066913204826482406,0.4,0.0,False,False,0.0,0
H,1835086311,285,312,0.9898876204251957,0.9899956432866936,0.07262066295715466,0.9898876204251957,0.772836080884163,0.326,0.8074591420616619,0.6978430879766924,0.938667928714753,0.9207150572181015,319,0.02532609564561041,0.18002834719465988,0.18266966029120238,0.24477773183599236,0.35909804377998417,0.00810012125255086,0.6,0.2,False,False,0.0,0
H,1835086311,286,319,0.9902083018199445,0.991357312676151,0.05381148852475428,0.9902083018199445,0.769905830987849,0.41400000000000003,0.8082326173491505,0.6935952722983388,0.9422522179183674,0.9107571362051972,319,0.07055423400601347,0.1912377503009617,0.12416308840639344,0.22713673305056312,0.2872554103754484,0.0996527838606198,0.2,0.4,False,False,0.0,0
H,1835086311,287,319,0.9925752108071236,0.9925781306752758,0.10138367437237153,0.9925752108071236,0.7758660093886569,0.2,0.8089013738155084,0.6914738433802347,0.9469381345079003,0.9027314583385876,322,0.09447918371015894,0.1857379762986594,0.07621643013657135,0.20940310586324934,0.2945556919068479,0.139607612084513,0.0,0.2,False,False,0.0,0
H,1835086311,288,322,0.989166740109593,0.989311621163686,0.0702783203330271,0.989166740109593,0.7688714047847099,0.35,0.8138966510404927,0.6943783858104641,0.9351603618395102,0.91230665330048,318,0.15597793249051473,0.22175400256402844,0.0026629769585259084,0.3059632516022765,0.21458020391199994,0.09906163247265456,1.0,0.0,False,False,0.0,0
H,1835086311,289,318,0.989609967837798,0.9907802601379183,0.05366076966063658,0.989609967837798,0.7822178301462678,0.41400000000000003,0.8109058956625939,0.693340519279748,0.9277905375751954,0.9215654502426758,325,0.1085131594975896,0.18472936158104367,0.03713620761002802,0.34569887337282185,0.23073105959818094,0.09319133834033598,0.2,0.4,False,False,0.0,0
H,1835086311,290,325,0.9913894335391046,0.9913894385359733,0.15208365242769173,0.9913894335391046,0.7911158956623592,0.05600000000000001,0.8127796744577738,0.7028219518638577,0.9152675148444273,0.9447663898899135,325,0.23935573185121256,0.21526324602595776,0.0018538926628116133,0.2753304250999627,0.2012801551337571,0.06691654922629829,0.4,0.0,False,False,0.0,0
H,1835086311,291,325,0.9919477437755654,0.9919496208801025,0.10489545728160284,0.9919477437755654,0.804116663173067,0.2,0.8112190253474246,0.7056613330101293,0.916223318944758,0.9494166688836742,327,0.16225598424330734,0.19407026821475257,0.09958711019338778,0.2736103049621839,0.26241277792386686,0.008063554462501656,0.0,0.2,False,False,0.0,0
H,1835086311,292,327,0.9915065836381688,0.9915066386706283,0.13298748417457829,0.9915065836381688,0.7981573859172918,0.05600000000000001,0.8122721416686163,0.7071202211112667,0.9155676781119857,0.950826430646746,322,0.14677443439554794,0.16217420320760786,0.10668753537345055,0.310153808577896,0.254833455308518,0.01937656313697983,0.4,0.0,False,False,0.0,0
H,1835086311,293,322,0.9930017185617468,0.9930313854776193,0.08293192224485013,0.9930017185617468,0.7868394842195702,0.256,0.8195963581823243,0.7154183088028273,0.9054950816051472,0.9639931206173565,314,0.23317623433904872,0.16789530297542296,0.1053175367595271,0.24944620904409306,0.2074208565218003,0.03674386036010793,0.4,0.2,False,False,0.0,0
H,1835086311,294,314,0.9893404645131635,0.9893719848601186,0.08242014770519662,0.9893404645131635,0.7765355731023423,0.256,0.8107255065937122,0.7178653559725996,0.9149455734446326,0.9677738830155189,314,0.16522453262392073,0.1546046246371025,0.10057203393832051,0.19700560293102642,0.3371124888961542,0.04548071697347571,0.4,0.2,False,False,0.0,0
H,1835086311,295,314,0.9875462866607282,0.9876389465062895,0.07382282788138728,0.9875462866607282,0.7726333168677636,0.326,0.8114730188340837,0.730914713746215,0.8956645928763198,1.0056508248037386,312,0.2992828196530672,0.20615800987197144,0.06457216132488279,0.2686013186537647,0.16106788388075263,0.00031780661556104215,0.6,0.2,False,False,0.0,0
H,1835086311,296,312,0.9901863640471341,0.990186397782795,0.1368722816007841,0.9901863640471341,0.7622675222126639,0.05600000000000001,0.8070066477956661,0.7441367373659228,0.8863686475198687,1.0403063457715562,311,0.3095969913377314,0.159116343373421,0.07055867481853217,0.1836614221161508,0.20135256965590395,0.07571399869826083,0.4,0.0,False,False,0.0,0
H,1835086311,297,311,0.993052591005373,0.9941857351013504,0.05394485409438426,0.993052591005373,0.7558339855072627,0.41400000000000003,0.8099176190044002,0.7490410100595684,0.8722302714011279,1.0603117988904363,307,0.21388886952427108,0.23996936952775463,0.013552351212980875,0.27271961446265314,0.1724924431662302,0.08737735210611014,0.2,0.4,False,False,0.0,0
H,1835086311,298,307,0.9894312417742476,0.9894580315003028,0.08371526608581532,0.9894312417742476,0.7721364991112166,0.256,0.8131788470803964,0.7415978549728257,0.8850072442610151,1.0304705069000228,310,0.06261119270294682,0.1988893718228743,0.010570148631667458,0.3540290300066173,0.3013650252648227,0.07253523157107157,0.4,0.2,False,False,0.0,0
H,1835086311,299,310,0.9925045658655233,0.9926438423237537,0.07061912923484387,0.9925045658655233,0.7662437437336357,0.326,0.8172082836876996,0.7394299594916777,0.8946855122123465,1.0113322997232845,309,0.1238999658436651,0.32987157691689906,0.01602320501439265,0.1602939162051731,0.29089496188716435,0.07901637413270575,0.6,0.2,False,False,0.0,0
