arm,seed,step,novelty_vector_count,h_n_latest,h_n_shape_latest,V,H_N,L_t,total_suppression,avg_wb,theta_capability,transfer_state,g,population,x_compute,x_bio_welfare,x_novelty_agency,x_institutional_capacity,x_transfer_comprehension,x_resilience,c_protective,c_suppressive,adapter_active,action_modified,adapter_score,shape_fallback_increase
H,1835086416,0,200,0.9898505296641905,0.9901715880030384,0.06395132735116651,0.9898505296641905,0.10213160977268283,0.22400000000000003,0.6696838668016795,0.501202868442383,0.55,1.3607583933216967,204,0.015035855529788264,0.17033511917633928,0.05289668682346168,0.263428477884673,0.44904905878231594,0.04925480180342179,0.8,0.0,False,False,0.0,2
H,1835086416,1,204,0.9751895408281781,0.986420800303153,0.03562437723545589,0.9751895408281781,0.11770735923606225,0.4,0.6830848502230404,0.5161229267286956,0.5950000000000001,1.2698766339453946,204,0.18725252135539733,0.25146010626893955,0.017083832870664933,0.1407215828764204,0.31310170651653085,0.09038025011204698,0.0,0.4,False,False,0.0,0
H,1835086416,2,204,0.9850896987510626,0.9850898601586713,0.12437068319138146,0.9850896987510626,0.143813081416984,0.014000000000000002,0.6976313941468621,0.5222349782618492,0.6355000000000001,1.1779432983182385,209,0.08647747336985392,0.28702317877985434,0.0023560636351840163,0.2531142157925922,0.3616814647632709,0.009347603659244651,0.2,0.0,False,False,0.0,0
H,1835086416,3,209,0.9717602910607993,0.9850125754071056,0.0342958593760832,0.9717602910607993,0.16495243746758287,0.456,0.7091240349078878,0.5300246247988076,0.6699665455058212,1.1156313887634042,211,0.11126744312563587,0.16610959144487467,0.05778285966116698,0.2541418728355053,0.29008272752910613,0.12061550540371119,0.4,0.4,False,False,0.0,0
H,1835086416,4,211,0.9883721896573812,0.9883723287574656,0.12558113838486054,0.9883721896573812,0.18572029491874764,0.0,0.7220817042748093,0.5340513280114461,0.7029698909552391,1.0521070580681053,206,0.06909918065723478,0.2635166370774348,0.0027096932784650817,0.26319549433599354,0.34016492694324696,0.06131406770762494,0.0,0.0,False,False,0.0,0
H,1835086416,5,206,0.981318567990769,0.9813549223206343,0.08121963918349412,0.981318567990769,0.19959743573765742,0.21400000000000002,0.7324269807132099,0.5449130381360141,0.7156881916360383,1.0395347542765176,205,0.15705345656425396,0.23761661844607115,0.08758593795747288,0.2229119409194701,0.21507644888161517,0.07975559723111685,0.2,0.2,False,False,0.0,0
H,1835086416,6,205,0.9812368223781889,0.981237165488956,0.1183366350375187,0.9812368223781889,0.21760183148196832,0.05600000000000001,0.7298589263592249,0.5622725543775206,0.7441193724724344,1.0352979407781502,208,0.24506460185383966,0.14800469375445793,0.019707817235248188,0.15015296350142995,0.3080780227412853,0.12899190091373905,0.4,0.0,False,False,0.0,0
H,1835086416,7,208,0.9900918197948356,0.9901723901336762,0.07495607592014598,0.9900918197948356,0.23331800631600857,0.256,0.7398221298201819,0.5714759218508836,0.7585875884868908,1.0182745422047963,208,0.15396243990298827,0.25312013840252306,0.04692821189580351,0.17293548731149627,0.24440076630849922,0.12865295617868963,0.4,0.2,False,False,0.0,0
H,1835086416,8,208,0.9854026480879539,0.9890668533762637,0.044561697311654866,0.9854026480879539,0.24811856090886727,0.42400000000000004,0.7489575813015743,0.5851111039980285,0.7436602677379132,1.050525358266342,210,0.21511222799611324,0.16964278753286696,0.10666552606692983,0.31718346881018333,0.10465719049855719,0.08673879909534954,0.8,0.2,False,False,0.0,0
H,1835086416,9,210,0.9847841850424448,0.9858484777418361,0.05437680224575354,0.9847841850424448,0.2653802246409059,0.35,0.7595444242468877,0.6057880545232339,0.7449579588851069,1.070621007909668,208,0.31165632156383666,0.1850795590382059,0.036779025887799216,0.24400879522785154,0.17831858960492503,0.04415770867738172,1.0,0.0,False,False,0.0,0
H,1835086416,10,208,0.9849897709742941,0.9852343260519,0.06607812848661558,0.9849897709742941,0.28196737931400256,0.326,0.7665495770098038,0.6152552960528772,0.7625751741226751,1.0525250719321066,209,0.1844580531975622,0.1769581687222543,0.09129285514846981,0.18787370442938217,0.26056505563039467,0.09885216287193682,0.6,0.2,False,False,0.0,0
H,1835086416,11,209,0.9841778655009087,0.9842354073893244,0.07758770412647496,0.9841778655009087,0.3008933755950692,0.256,0.7691319599131107,0.6244341489867393,0.7718081803556605,1.0519047356507936,210,0.1867702217063249,0.16087874232137672,0.023080393212306448,0.2743697583958099,0.22745261822626425,0.12744826613791782,0.4,0.2,False,False,0.0,0
H,1835086416,12,210,0.9829110935908382,0.9829243048369014,0.08928990383326697,0.9829110935908382,0.32018762785395644,0.22400000000000003,0.7804228001364509,0.6361029734146552,0.7873087085938464,1.0352671210062594,210,0.22363164846566025,0.17337285511548906,0.07405214414742488,0.21280127700712992,0.2634067313687596,0.05273534389553639,0.8,0.0,False,False,0.0,0
H,1835086416,13,210,0.9268466903609551,0.9860419253931777,0.022390559175330355,0.9268466903609551,0.3210114677975671,0.6,0.7770016577026768,0.649595798607181,0.8062945932570232,1.03687765264834,209,0.2537246732907325,0.14196807393000554,0.018528208326648414,0.28690009081596024,0.2885837776128076,0.01029517602384568,0.0,0.6,False,False,0.0,0
H,1835086416,14,209,0.9807516445971218,0.9810593199813696,0.06421665451994149,0.9807516445971218,0.3471900278714735,0.326,0.7833319091866393,0.647189063486608,0.8138982471184995,1.0151149845296386,206,0.06341318512232641,0.28058158245271886,0.03641821870909389,0.3201986243495114,0.24116556593589256,0.05822282343045685,0.6,0.2,False,False,0.0,0
H,1835086416,15,206,0.9839911019461077,0.9839917721664317,0.11302925646142653,0.9839911019461077,0.35085676878400684,0.126,0.7914176906073963,0.6575123159304938,0.8153709311073299,1.0189266325179283,200,0.22103382022770268,0.16636315504109955,0.12460232132778777,0.23051280012941766,0.2143125435034021,0.043175359770590234,0.6,0.0,False,False,0.0,0
H,1835086416,16,200,0.9823869736759157,0.982387162561596,0.1230974178978703,0.9823869736759157,0.362105947749725,0.126,0.8033525466372691,0.6590252316930946,0.8212286195077219,0.9989224916496632,198,0.1173566444890687,0.18514858485644117,0.009381471060324347,0.3186976859176958,0.2369739075556248,0.13244170612084513,0.6,0.0,False,False,0.0,0
H,1835086416,17,198,0.9819471247181936,0.9819471361349124,0.14543032450249913,0.9819471247181936,0.3838569741955486,0.05600000000000001,0.8072713781208369,0.6631951860317449,0.8385895681820826,0.9796531848562032,200,0.15151519904131272,0.18136653938349478,0.025484176001905976,0.3093444874007566,0.2974190531256648,0.0348705450468651,0.4,0.0,False,False,0.0,0
H,1835086416,18,200,0.9844126056567687,0.9853512763411255,0.05537258016969956,0.9844126056567687,0.40833394482731405,0.41400000000000003,0.8075414352881702,0.6667563534422537,0.8467183725535249,0.9751318998033388,209,0.14651158390120023,0.20841317602166567,0.010964818109185754,0.21377547838797084,0.2599388059482528,0.16039613763172478,0.2,0.4,False,False,0.0,0
H,1835086416,19,209,0.9775777586904643,0.9775789682828053,0.1082773254548218,0.9775777586904643,0.40738758859000895,0.2,0.8181905939391939,0.6678157000120366,0.8504022100651183,0.9597934067323762,203,0.11746455302369438,0.18885980713082193,0.06926965889527259,0.274336140089306,0.24177837383472917,0.10829146702617595,0.0,0.2,False,False,0.0,0
H,1835086416,20,203,0.9615006120974683,0.9810360316456762,0.03117467828977693,0.9615006120974683,0.4324203570965405,0.55,0.80892258889218,0.6777948394484337,0.8563055519640665,0.9785038414384595,214,0.22962405546248546,0.14977700684646086,0.04627369311648262,0.31007582543805406,0.2547178145273005,0.009531604609216395,1.0,0.2,False,False,0.0,0
H,1835086416,21,214,0.9837056605104223,0.9837405841936779,0.08155854851548278,0.9837056605104223,0.45584910123196865,0.256,0.8077181865727464,0.6840580128116935,0.8666845794892298,0.9771742259083382,219,0.1894114416960201,0.16288486509850506,0.10332496746672477,0.172873797148839,0.2800479136078495,0.09145701498206173,0.4,0.2,False,False,0.0,0
H,1835086416,22,219,0.98647105331266,0.9864711976542316,0.12527137876470423,0.98647105331266,0.4844100177822732,0.126,0.7990823276174749,0.6825349785579614,0.8785497106298616,0.9722255877888591,232,0.09599832983565676,0.169738420339913,0.1509147136125615,0.2185907645345325,0.29266794544777425,0.07208982622956207,0.6,0.0,False,False,0.0,0
H,1835086416,23,232,0.9745414482188554,0.985943532923575,0.03550036526183744,0.9745414482188554,0.4869677876004644,0.526,0.8083767815593752,0.6741864566601997,0.8906947395668755,0.9363480395029615,230,0.009727837876704832,0.19306020404986562,4.64734501500815e-05,0.35552491536812086,0.33451176824989776,0.10712880100526101,0.6,0.4,False,False,0.0,0
H,1835086416,24,230,0.982935809207489,0.982940539170067,0.09746623547028488,0.982935809207489,0.50275123780719,0.22400000000000003,0.8106389983204301,0.6828782645415395,0.899489003787141,0.9365262142986925,234,0.21751413392937233,0.19944844871509357,0.033014939569367394,0.14707774325013884,0.28931869088476564,0.11362604365126225,0.8,0.0,False,False,0.0,0
H,1835086416,25,234,0.9899782583349346,0.9900549023145657,0.07535281288469964,0.9899782583349346,0.5435303834564698,0.326,0.8085355780415665,0.6749976337812585,0.9012619120295475,0.9263009246985953,251,0.015791030834949135,0.3813985440239161,0.008473211390834982,0.2692940261770533,0.2586090431056032,0.06643414446764331,0.6,0.2,False,False,0.0,0
H,1835086416,26,251,0.989248539045182,0.9905644354179893,0.05272560098225226,0.989248539045182,0.5559341932421346,0.42400000000000004,0.8121542951642371,0.6790706040499055,0.9111357208265928,0.9176843218648367,253,0.16028564947137403,0.17687759611277695,0.1238996615675035,0.19822532791452904,0.3049012585925741,0.03581050634124248,0.8,0.2,False,False,0.0,0
H,1835086416,27,253,0.9855237368166871,0.9855458609653535,0.08520688110860515,0.9855237368166871,0.5528277562355665,0.256,0.8212383538835069,0.6712592269590185,0.9200221487439335,0.8884290728311962,249,0.014276913895103471,0.34078473835611933,0.016532828835120087,0.2395581432787248,0.32195434579009413,0.06689302984483829,0.4,0.2,False,False,0.0,0
H,1835086416,28,249,0.992285256790052,0.9922865505929793,0.10786045919333344,0.992285256790052,0.5738226168302215,0.21400000000000002,0.8224420710318523,0.6739489154391154,0.9189134383112378,0.8917580900816388,253,0.14065812285059778,0.15821537650177855,0.1729579819062534,0.26355860282611876,0.2544675222084881,0.010142393706763423,0.2,0.2,False,False,0.0,0
H,1835086416,29,253,0.9854319877139118,0.9861742508597103,0.057247939965219284,0.9854319877139118,0.5774099657739193,0.4,0.8163743833726016,0.668949757635807,0.9270220944801141,0.8839222108654602,255,0.04622859960809281,0.13907875202718314,0.010825702257864342,0.4563036936222027,0.31558312582597847,0.03198012665867869,0.0,0.4,False,False,0.0,0
H,1835086416,30,255,0.9886868000945922,0.988801304972067,0.07214718439805035,0.9886868000945922,0.5733319987376106,0.326,0.8250174651206542,0.6810762885345344,0.9076157750104736,0.909558386713844,248,0.2571752347564717,0.20056131627697416,0.05565339619136407,0.28867801031471735,0.1664794498918548,0.03145259256861787,0.6,0.2,False,False,0.0,0
H,1835086416,31,248,0.987906029714385,0.9884480024417469,0.05976962100979878,0.987906029714385,0.5774777560210073,0.4,0.8263550064497689,0.6848362237054264,0.9115638084144192,0.9091446493047867,247,0.16017186997023444,0.19913704138859728,0.05440158307554689,0.23737061448021624,0.2735480545249645,0.07537083656044073,0.0,0.4,False,False,0.0,0
H,1835086416,32,247,0.9872887441004715,0.9873052847011676,0.08753628036361781,0.9872887441004715,0.6025859527264398,0.256,0.8195032271076655,0.6856420603814587,0.9197683273402011,0.9096374516528835,257,0.12559559826629457,0.16587012796282516,0.008647530775162705,0.24227725249414675,0.2968044988361191,0.16080499166545173,0.4,0.2,False,False,0.0,0
H,1835086416,33,257,0.9875875560786025,0.9875877415349964,0.12328529190685743,0.9875875560786025,0.6253516131078474,0.126,0.8121102655529582,0.693423517630323,0.9230480062652789,0.9250373701029709,267,0.21329450334921454,0.15954326281266332,0.03614779373877452,0.2060755203943049,0.2762825582954897,0.10865636140955306,0.6,0.0,False,False,0.0,0
H,1835086416,34,267,0.9919484934273681,0.9919514120010329,0.10138217653803602,0.9919484934273681,0.6289215902944024,0.22400000000000003,0.8114721280665912,0.6849221900782841,0.926524089328697,0.9109843450288461,269,0.014623104118466849,0.19215456979883766,0.2116098960024081,0.2461901736218754,0.2789044184497295,0.056517838008682555,0.8,0.0,False,False,0.0,0
H,1835086416,35,269,0.9863272615982014,0.9863272632144366,0.16102753449280366,0.9863272615982014,0.6406667553118681,0.0,0.8095737067549315,0.6804419633353467,0.9248601611801014,0.9087797094239557,276,0.05957353451220926,0.25141369437667105,0.02067830063095036,0.4113107737534241,0.25494240392137024,0.0020812928053748937,0.0,0.0,False,False,0.0,0
H,1835086416,36,276,0.9904932947927804,0.9904983972239946,0.09692383416925401,0.9904932947927804,0.6670985737638544,0.22400000000000003,0.8115357501167728,0.6791099215924433,0.9323741450620913,0.897515995254146,283,0.09612570529829959,0.2537553092936839,0.021448366760198432,0.24911514387625913,0.35101183317292317,0.028543641598635757,0.8,0.0,False,False,0.0,0
H,1835086416,37,283,0.9889983359323998,0.9891660211560118,0.06911358108777542,0.9889983359323998,0.6532272516384872,0.35,0.8069055910533893,0.6818750894443261,0.938311966229493,0.9006060193278577,284,0.1465082991438111,0.20112245127775222,0.16550839495756267,0.12411234470198036,0.29587617836805397,0.06687233155083984,1.0,0.0,False,False,0.0,0
H,1835086416,38,284,0.9893226828763924,0.9893250387694543,0.10306592308792908,0.9893226828763924,0.6602276314460099,0.2,0.8072441380810033,0.6965841792683072,0.9396295227103226,0.9183580832461936,286,0.29753555370246776,0.187714301502327,0.03751214800518245,0.14721664498716394,0.27574376551889496,0.05427758628396398,0.0,0.2,False,False,0.0,0
H,1835086416,39,286,0.9895953829734353,0.9895953840198669,0.16451421931840743,0.9895953829734353,0.660743636305363,0.0,0.8094270286990909,0.7029449280536295,0.9253546176466666,0.9385024329226246,285,0.20237447185922117,0.2516622245518555,0.014700178690301307,0.2499912929487719,0.19844023603688127,0.08283159591296896,0.0,0.0,False,False,0.0,0
H,1835086416,40,285,0.9858127042497636,0.9858127095940776,0.1515036593738927,0.9858127042497636,0.6441619254174168,0.05600000000000001,0.8028251954874381,0.699846084927821,0.917597841021026,0.9500121521549647,284,0.08810504096091186,0.17204461950231062,0.2317584137850922,0.23466196136924308,0.22389342569513057,0.04953653868731156,0.4,0.0,False,False,0.0,0
H,1835086416,41,284,0.98138631974657,0.9930307288715271,0.03538997948784871,0.98138631974657,0.6453966224528175,0.526,0.8044140324623532,0.70733645415162,0.9116100193262224,0.9645779131329968,283,0.2185334183773774,0.16417115825600115,0.07210319712038213,0.23960605504726828,0.22885981203649494,0.07672635916247622,0.6,0.4,False,False,0.0,0
H,1835086416,42,283,0.989178970938664,0.9891789776608997,0.14970485185928512,0.989178970938664,0.6600803870052708,0.014000000000000002,0.8091896023534876,0.7078897486992884,0.9180185527198851,0.9529363011608103,280,0.1365014656906177,0.20312483685627547,0.046460436618900466,0.2818136425239465,0.2878476766314243,0.044251941678835616,0.2,0.0,False,False,0.0,0
H,1835086416,43,280,0.9889443419476859,0.990336187735764,0.052277105411352734,0.9889443419476859,0.6467151195768893,0.42400000000000004,0.8152585821889858,0.7174632472369834,0.9176072659058995,0.9590636607220063,273,0.24959982465824232,0.22463700973158293,0.03337641074557991,0.16739545185309332,0.25695284229001425,0.06803846072148734,0.8,0.2,False,False,0.0,0
H,1835086416,44,273,0.9898821242549096,0.9899661806258924,0.07461725248376651,0.9898821242549096,0.6477463666832873,0.326,0.8165741966697211,0.7071255527018876,0.9258465393153095,0.9353235542203739,271,0.006693347834417498,0.22955072884385963,0.1175211453088678,0.27624453747230093,0.34013153752336917,0.029858703017184993,0.6,0.2,False,False,0.0,0
H,1835086416,45,271,0.9882197624879274,0.9883612847643836,0.07045738133062544,0.9882197624879274,0.6409302771469696,0.35,0.8199573187100058,0.7092681774847271,0.9014524095371041,0.9595694756400686,271,0.15623628022417468,0.336697261435086,0.07204114537594009,0.2872589711953592,0.14095262076662785,0.006813721002812113,1.0,0.0,False,False,0.0,0
H,1835086416,46,271,0.986024211422663,0.9860821941921818,0.07754186919015574,0.986024211422663,0.6398777722412109,0.326,0.8219637794166721,0.7014136886227058,0.9113071685833938,0.9363900068797167,269,0.03261150015268815,0.19289461235009353,0.08862088382800429,0.25735439128980936,0.3295057933883247,0.09901281899108011,0.6,0.2,False,False,0.0,0
H,1835086416,47,269,0.9894655693082066,0.989465741600291,0.12388650344997788,0.9894655693082066,0.6540795138695206,0.126,0.8228836625643637,0.7005787518910438,0.9201764517250544,0.9252251005841641,269,0.11544684624341607,0.16902124119691936,0.032347587537888696,0.30051561234879015,0.32160311899424915,0.06106559367873669,0.6,0.0,False,False,0.0,0
H,1835086416,48,269,0.9866910746241574,0.9867008104379794,0.09175029899858625,0.9866910746241574,0.6818718191445566,0.256,0.82468970850516,0.7006158514696093,0.9281588065525489,0.9153076547442217,277,0.1258254646639708,0.26133871364214173,0.03564124519292189,0.25717355196627384,0.3072136310126637,0.012807393522028154,0.4,0.2,False,False,0.0,0
H,1835086416,49,277,0.9863611950637875,0.9873451527360654,0.055013607076267304,0.9863611950637875,0.6919399984171788,0.41400000000000003,0.8206073558390032,0.6964396306436555,0.9353429258972941,0.9073549334894468,280,0.07318214684408435,0.1566441526968892,0.1078460181350259,0.34681054400790323,0.30458707078328656,0.010930067532810825,0.2,0.4,False,False,0.0,0
H,1835086416,50,280,0.9852382220816694,0.9859562076596663,0.05751088685086766,0.9852382220816694,0.7108536465062284,0.41400000000000003,0.8187611281978925,0.6958214875086275,0.9418086333075647,0.9023560885336581,285,0.11504797996443371,0.15978577955792578,0.10291109701427634,0.29154325349071625,0.3062404145097735,0.02447147546287442,0.2,0.4,False,False,0.0,0
H,1835086416,51,285,0.9890553375029544,0.9899373560673426,0.055905069910925406,0.9890553375029544,0.7188380482297296,0.41400000000000003,0.8165456398979045,0.7019112393944503,0.918104875436951,0.9362879602952293,291,0.1985103282656772,0.17759718709555447,0.04534295877948781,0.28588822093485944,0.15238552730071353,0.14027577762370752,0.2,0.4,False,False,0.0,0
H,1835086416,52,291,0.9880171233309862,0.9880171242788875,0.16528869178329358,0.9880171233309862,0.71857490441624,0.014000000000000002,0.8169741883635647,0.6981183657935739,0.9262943878932559,0.9225113008337661,291,0.07878360461057665,0.2662107170077012,0.010914635052903063,0.23544340510277312,0.3264209343798349,0.08222670384621092,0.2,0.0,False,False,0.0,0
H,1835086416,53,291,0.9886240780897564,0.9887060308741278,0.07480885660622308,0.9886240780897564,0.7304575491686093,0.326,0.8155442341167465,0.6970151166850603,0.9292522642149367,0.9197314714887244,294,0.11003336476456373,0.22106414948986328,0.04850709728228381,0.32200739967346115,0.27793657555503165,0.020451413234796358,0.6,0.2,False,False,0.0,0
H,1835086416,54,294,0.9881535843397786,0.9881535936109208,0.14713754502044488,0.9881535843397786,0.7337745425068419,0.014000000000000002,0.8136973040570825,0.7097982285754496,0.9169792394490047,0.9512891223539964,295,0.28292334655802814,0.20576653338159323,0.03152894288863048,0.24637365779828974,0.20326100827780874,0.030146511095649545,0.2,0.0,False,False,0.0,0
H,1835086416,55,295,0.9946266996583056,0.9946268569424886,0.1246533727359338,0.9946266996583056,0.7141429123468708,0.126,0.8131165000977385,0.7158511319966024,0.9252813155041042,0.9514723007016339,282,0.2067851856240666,0.155224202138332,0.016576991796236836,0.22712228574227042,0.3166754625307536,0.07761587216834052,0.6,0.0,False,False,0.0,0
H,1835086416,56,282,0.9855572234440922,0.9881021216875913,0.04745554225481525,0.9855572234440922,0.6967674627237707,0.456,0.8170366255150707,0.7240869524394778,0.9220953909063144,0.9611105521469666,277,0.23785471303381867,0.27623149357654897,0.01875146151111887,0.20356560819579572,0.24671103476310338,0.016885688919614342,0.4,0.4,False,False,0.0,0
H,1835086416,57,277,0.9906161228941446,0.9916804460959678,0.05442352466941395,0.9906161228941446,0.6951365873597881,0.41400000000000003,0.815842291527189,0.7160452042747504,0.9113557933291877,0.9630443047798551,280,0.0395324932155803,0.1996325718534415,0.08311865149515549,0.2695826189622208,0.20734970756752336,0.2007839569060785,0.2,0.4,False,False,0.0,0
H,1835086416,58,280,0.9869623043952882,0.9869624766056522,0.12387011608168483,0.9869623043952882,0.7018277712122767,0.126,0.814074539405366,0.7056535546131186,0.920220213996269,0.9419667918772536,284,0.005132631901321555,0.3257931439677187,0.017979728927259932,0.2824468537114214,0.33603357607686624,0.03261406541541222,0.6,0.0,False,False,0.0,0
H,1835086416,59,284,0.9894101521513373,0.9894114101534641,0.10806072944483906,0.9894101521513373,0.6994081361416297,0.2,0.816304517206146,0.7019114249932032,0.928198192596642,0.9263804755808753,287,0.08175685138425637,0.21366634790368952,0.0798377194330102,0.15302175080694871,0.3757651902414509,0.0959521402306442,0.0,0.2,False,False,0.0,0
H,1835086416,60,287,0.9853825499570023,0.9853825534396689,0.15490896707932492,0.9853825499570023,0.7372942098415829,0.05600000000000001,0.8088512439933404,0.6991909394181103,0.9353783733369778,0.9241443433393998,303,0.09218857093209004,0.1593534339377996,0.06995021536861329,0.3096252124016263,0.3239456569437519,0.044936910416118865,0.4,0.0,False,False,0.0,0
H,1835086416,61,303,0.9886559381536136,0.9886629295715732,0.09440191485675045,0.9886559381536136,0.7504828360302396,0.21400000000000002,0.8086626244076022,0.7044402267742792,0.9338997857832197,0.9327741490444725,308,0.19011042908843062,0.2106829677947148,0.06852783694176158,0.2103496856104136,0.2602962488996987,0.06003283166498076,0.2,0.2,False,False,0.0,0
H,1835086416,62,308,0.9888781316035993,0.98887813547079,0.15410349608423915,0.9888781316035993,0.762823983919155,0.014000000000000002,0.807694557430941,0.7100334729477528,0.9405098072048977,0.9346915964201675,310,0.19769071890234458,0.17092187982482823,0.03952150358081211,0.2218918352834886,0.3067718255032647,0.06320223690526175,0.2,0.0,False,False,0.0,0
H,1835086416,63,310,0.9525460902483267,0.9918016916114444,0.025706497243746143,0.9525460902483267,0.7456398066170896,0.6,0.8051285520094417,0.7021712104432398,0.9464588264844079,0.9214591039667608,316,0.03299263928593301,0.21237499079847955,0.06348498148510827,0.2522517514341667,0.36811870486888026,0.07077693212743226,0.0,0.6,False,False,0.0,0
H,1835086416,64,316,0.9870112984322226,0.9870113005924505,0.1587237223956224,0.9870112984322226,0.7853112425855561,0.014000000000000002,0.805391626314171,0.7020637785888808,0.9422788628129053,0.9251028269840782,320,0.12501410834753787,0.1693948614214233,0.10785891459243849,0.3223773953122015,0.2523295948846908,0.023025125441707997,0.2,0.0,False,False,0.0,0
H,1835086416,65,320,0.9853904272696979,0.9855631958003399,0.06884681423863886,0.9853904272696979,0.808697633907587,0.35,0.8018673577323081,0.7113404397372443,0.9402991122541341,0.9434283840461506,331,0.24224812597259401,0.2109281555606941,0.03443159991328772,0.20253434799485323,0.2612406786125965,0.04861709194597449,1.0,0.0,False,False,0.0,0
H,1835086416,66,331,0.988805230819708,0.9902744841753415,0.05184578169090744,0.988805230819708,0.8120681092310594,0.42400000000000004,0.7991706346171998,0.7209268126510392,0.9240962129711618,0.9761902600435693,335,0.251917436258215,0.2135291449495372,0.042594143742672556,0.22187447705545654,0.18913505971220576,0.08094973828191293,0.8,0.2,False,False,0.0,0
H,1835086416,67,335,0.9450240954762028,0.9883416892775612,0.02489489250296246,0.9450240954762028,0.7742624267657382,0.6,0.7990844681193331,0.7261295547645937,0.9316865916740457,0.9753299913269728,327,0.20311353432633167,0.16313092617870498,0.009135487885996895,0.26416357830866355,0.35445497606404613,0.0060014972362567535,0.0,0.6,False,False,0.0,0
H,1835086416,68,327,0.9853217337551143,0.9853217439684179,0.14634428801760285,0.9853217337551143,0.790463040984496,0.05600000000000001,0.7999800116618458,0.7211528890346263,0.9245077338189011,0.975074195452673,322,0.07912265010327744,0.19308677250858783,0.045124489220141534,0.42043409624432726,0.22994900656129963,0.0322829853623664,0.4,0.0,False,False,0.0,0
H,1835086416,69,322,0.9915763794051278,0.9915763815530103,0.15880607513810308,0.9915763794051278,0.7975046490936193,0.014000000000000002,0.8027389720899294,0.7246128793339698,0.9129755586518674,0.9887182482999516,323,0.18147043438843546,0.24269089680104913,0.04272761346942283,0.25884964027147955,0.20459299107428228,0.06966842399533067,0.2,0.0,False,False,0.0,0
H,1835086416,70,323,0.9904193609559496,0.9904193656117712,0.15263858173150827,0.9904193609559496,0.7992650443968713,0.014000000000000002,0.7966730878490746,0.7164591031954606,0.9216780027866807,0.9757353422696888,325,0.038460847852366246,0.187713649964009,0.0299026491006654,0.3547317719788313,0.3424923261269754,0.04669875497715274,0.2,0.0,False,False,0.0,0
H,1835086416,71,325,0.9933724740900679,0.9933728245135861,0.11826660797446228,0.9933724740900679,0.7921682690777825,0.126,0.8035551684255916,0.7191381456546941,0.9237061567728694,0.9688639321866329,324,0.16877497023758234,0.24556082490641729,0.11484545328964174,0.1482533564497917,0.2709797713242841,0.05158562379228307,0.6,0.0,False,False,0.0,0
H,1835086416,72,324,0.9880981298719533,0.9881025333681376,0.09807722153209608,0.9880981298719533,0.7882846673537738,0.21400000000000002,0.8028502814413307,0.7170166693167472,0.9170420366973215,0.9738799940839151,325,0.11044288680984693,0.2838322021748559,0.019724481859955383,0.27278877368982934,0.22853247800869567,0.08467917745681691,0.2,0.2,False,False,0.0,0
H,1835086416,73,325,0.9903870456598325,0.9903870477583656,0.15898154507805745,0.9903870456598325,0.7859977006507736,0.0,0.8037875824241408,0.717539542078232,0.9253378330275894,0.9647265429067217,325,0.14217132784152595,0.23886208529141964,0.07649647187577871,0.17330423506569795,0.3270047589476428,0.04216112097793497,0.0,0.0,False,False,0.0,0
H,1835086416,74,325,0.9913382142541214,0.9913415502449353,0.10031322042521232,0.9913382142541214,0.7863071795300196,0.2,0.8024322459909153,0.7206871039938174,0.9304270067662322,0.9652861398943422,323,0.17530673774371217,0.22447176343051475,0.0534087543458198,0.2234767070636859,0.2881147852070089,0.0352212522092586,0.0,0.2,False,False,0.0,0
H,1835086416,75,323,0.9861428651896451,0.9886424626205199,0.04760286471808211,0.9861428651896451,0.7844308479879833,0.456,0.8047362069334717,0.7152080703812744,0.937384306089609,0.9481153688914882,320,0.06944151983934907,0.32201545389124087,0.012516353281264502,0.27609125827439773,0.31384749015478675,0.006087924558961148,0.4,0.4,False,False,0.0,0
H,1835086416,76,320,0.9874948509975872,0.9874948533597382,0.15801631771243585,0.9874948509975872,0.778879091495831,0.0,0.8046440936703088,0.710747041645591,0.9392004069887866,0.9404873551058777,318,0.07874218479225392,0.20117632427492266,0.08690253323491731,0.2464043230078946,0.27777265754069236,0.10900197714931922,0.0,0.0,False,False,0.0,0
H,1835086416,77,318,0.9901925832739347,0.9902058879229844,0.08929257595681098,0.9901925832739347,0.776781703749497,0.256,0.7954119412928712,0.7002699699121319,0.945280366289908,0.9313496558493044,320,0.000753504360254697,0.15632964436627841,0.10873131880505486,0.27878770106182427,0.37608502897305524,0.07931280243353264,0.4,0.2,False,False,0.0,0
H,1835086416,78,320,0.9929188644541741,0.992942408234133,0.08477134600625018,0.9929188644541741,0.7704684844795685,0.256,0.799045885841625,0.695743981572649,0.9507523296609172,0.9158204568979508,313,0.0685938769515478,0.17441578741507044,0.01837179551168951,0.27889063510845447,0.3539899588903459,0.10573794612289195,0.4,0.2,False,False,0.0,0
H,1835086416,79,313,0.990302372296632,0.9903023749456349,0.15712660705977377,0.990302372296632,0.7644731048528628,0.014000000000000002,0.8004542159465986,0.6984856488676999,0.9343088317448556,0.9339648612917801,313,0.15661082967104117,0.16501049691603278,0.07324120196893458,0.3090638347114304,0.19315867525015035,0.1029149614824107,0.2,0.0,False,False,0.0,0
H,1835086416,80,313,0.9796208950174038,0.9879534684437339,0.038013045553503294,0.9796208950174038,0.757288466889987,0.526,0.796718054546937,0.69584285778588,0.94087794857037,0.9282676700605158,313,0.09101864201956225,0.1589964465825909,0.1201120955872337,0.2597091969573121,0.3651857320772631,0.004977886776038002,0.6,0.4,False,False,0.0,0
H,1835086416,81,313,0.9901974681024965,0.9902020517016787,0.09777503176853597,0.9901974681024965,0.7543633336342359,0.21400000000000002,0.7968895834203046,0.69007770361396,0.9325525356653085,0.9285954221752307,312,0.050337358967175796,0.23774049744636674,0.0184033301845813,0.305022907964631,0.2288119097598775,0.15968399567736763,0.2,0.2,False,False,0.0,0
H,1835086416,82,312,0.9914105798965936,0.9914164351841886,0.09583567945998064,0.9914105798965936,0.7508971239568273,0.22400000000000003,0.7956772825933082,0.6859886634646288,0.9363446639685193,0.9207553269902544,311,0.06768556289208541,0.2863916658909815,0.03529815684869227,0.254447936198118,0.2852369093487085,0.07093976882141445,0.8,0.0,False,False,0.0,0
H,1835086416,83,311,0.9908321727066366,0.9908321741926837,0.16173229475965104,0.9908321727066366,0.7517494709053499,0.014000000000000002,0.7933389560023156,0.7013109503313586,0.9427101975716674,0.9377209842439951,315,0.30777150049951435,0.1812170566108515,0.06132573010324467,0.09409047527891068,0.3536879839713251,0.001907253536153702,0.2,0.0,False,False,0.0,0
H,1835086416,84,315,0.9903808451815292,0.9903808561654731,0.14580601125777254,0.9903808451815292,0.7381111212732574,0.014000000000000002,0.7913022073928595,0.7052332486926614,0.9484391778145007,0.9396820189871464,305,0.1748480734733832,0.14503422973317068,0.03153678572044859,0.25801118465999107,0.30487452466936393,0.08569520174364244,0.2,0.0,False,False,0.0,0
H,1835086416,85,305,0.9909951399203172,0.9909956344630491,0.11550536141864762,0.9909951399203172,0.7351040091885113,0.126,0.793234771944916,0.7003096335904705,0.9535952600330506,0.925815128972788,305,0.06672559165552729,0.22308330144489347,0.06873389853177093,0.21462530422659787,0.31723606586470626,0.10959583827650422,0.6,0.0,False,False,0.0,0
H,1835086416,86,305,0.9884724421816575,0.988615830365823,0.07035516694997763,0.9884724421816575,0.7193265635348095,0.326,0.7923771483495352,0.704305294870384,0.9449863813578604,0.9405967230377532,301,0.1751392869929617,0.20399720986086745,0.055109684430889885,0.22936583801752108,0.23375323664057407,0.10263474405718576,0.6,0.2,False,False,0.0,0
H,1835086416,87,301,0.9851819738104698,0.9851819946148351,0.14067979091607796,0.9851819738104698,0.7232982521501604,0.05600000000000001,0.7959339567477579,0.7074740256307523,0.9363761220275351,0.9492555301371881,301,0.16729994379859528,0.16617943969069,0.014230810425813223,0.3823445598944224,0.22944189402730347,0.040503352163175674,0.4,0.0,False,False,0.0,0
H,1835086416,88,301,0.9881148100992266,0.9881148119037712,0.16016467858418404,0.9881148100992266,0.7127182292831937,0.0,0.7981925825606255,0.7066444076838302,0.9171408724625632,0.9652886293567196,299,0.11930104168269295,0.2203964479856006,0.08179910663166634,0.3408115859145284,0.1720118131889082,0.06568000459660343,0.0,0.0,False,False,0.0,0
H,1835086416,89,299,0.9886357038725966,0.9886357455663927,0.1351738871613961,0.9886357038725966,0.7039699703494283,0.05600000000000001,0.8001959523684576,0.7059931369547339,0.9231867519885981,0.9556845506834083,295,0.12101187068868983,0.2612630492358861,0.08135612735157084,0.2101720853441982,0.28879983386145625,0.037397033518198806,0.4,0.0,False,False,0.0,0
H,1835086416,90,295,0.9869731260695376,0.9869750848206774,0.10451652450629446,0.9869731260695376,0.7089281166593417,0.2,0.7971124826545369,0.6989849035281689,0.9241737999027072,0.9488433839190621,299,0.0411427927646465,0.21303881277844805,0.042959072709870705,0.42177800464650184,0.2665286155648446,0.014552701535688372,0.0,0.2,False,False,0.0,0
H,1835086416,91,299,0.9898824859897297,0.9898910815613299,0.09276753407496202,0.9898824859897297,0.7354511029164579,0.22400000000000003,0.8041803271437319,0.703397003711935,0.9215951262223138,0.9490889127490817,305,0.1795168170021827,0.21486561207693092,0.016115249565490337,0.24906403510670533,0.2491935315493864,0.09124475469930435,0.8,0.0,False,False,0.0,0
H,1835086416,92,305,0.9873907185048829,0.990140421437787,0.046855818292663214,0.9873907185048829,0.7270392644462818,0.456,0.8059719653484599,0.7039648998043101,0.9010330655234481,0.9693717095894087,307,0.13422182847464803,0.29092798854910185,0.08278602202659621,0.2600599257454204,0.15798725961682833,0.07401697558740512,0.4,0.4,False,False,0.0,0
H,1835086416,93,307,0.9704139298296633,0.9854363364616364,0.03330130528364013,0.9704139298296633,0.7218670673465644,0.55,0.7966067724281708,0.7025032848168317,0.9109297589711033,0.968098338625693,309,0.10920787503421325,0.14740003388606027,0.07598718646741645,0.319542074515192,0.3158397175587018,0.03202311253841629,1.0,0.2,False,False,0.0,0
H,1835086416,94,309,0.9923887091805583,0.9923887184429323,0.14717912001702008,0.9923887091805583,0.735216918776512,0.014000000000000002,0.7911407776963084,0.7128729367282362,0.9037255950477238,0.9970611059115405,306,0.256185201903076,0.15137162249703864,0.023994902022490366,0.2986804910060008,0.2194440598686539,0.0503237227027401,0.2,0.0,False,False,0.0,0
H,1835086416,95,306,0.9876584936556803,0.9876584957120188,0.15912126613751265,0.9876584936556803,0.7147120213814587,0.0,0.7927523457555176,0.7065441344356339,0.9133530355429513,0.9758050987743461,300,0.053935556797620014,0.2377450031450338,0.08158940003386327,0.21809467504169508,0.34490430515321197,0.06373105982857578,0.0,0.0,False,False,0.0,0
H,1835086416,96,300,0.9890484583617429,0.9910794754018842,0.04927491822457758,0.9890484583617429,0.7229633087942968,0.42400000000000004,0.7868815390533916,0.6986704213638691,0.9220177319886562,0.9629943247026218,304,0.030668670625211374,0.14794324614718019,0.031634628780591464,0.28459145189277524,0.31753315839676166,0.18762884415748013,0.8,0.2,False,False,0.0,0
H,1835086416,97,304,0.987069801776867,0.9873386122437415,0.06534235923959035,0.987069801776867,0.741711393347469,0.326,0.7877254356440256,0.6994624726856447,0.928086737593733,0.9567555345130362,309,0.1340696548746119,0.28523171635709393,0.028632227777553275,0.2603170579068469,0.29135389401971196,0.0003954490641819358,0.6,0.2,False,False,0.0,0
H,1835086416,98,309,0.9909514182251365,0.9909597699087848,0.09300524584938141,0.9909514182251365,0.7285030043923133,0.21400000000000002,0.791915846345404,0.6958784341559248,0.9352780638343596,0.9395363682932942,301,0.07986356380702953,0.18730704512090068,0.025651227333982087,0.23518750279597048,0.3779722156779212,0.09401844526419612,0.2,0.2,False,False,0.0,0
H,1835086416,99,301,0.9864443655142429,0.9903873337333778,0.04398866636345701,0.9864443655142429,0.7278083480590887,0.456,0.7946886649590135,0.6981488682484397,0.9338091689790379,0.9407904190361418,304,0.15080444750389016,0.24514095301900887,0.05536361753409291,0.19974231360977254,0.260294557640571,0.08865411069266435,0.4,0.4,False,False,0.0,0
H,1835086416,100,304,0.9926968790025908,0.9927169626867559,0.08603482354373031,0.9926968790025908,0.7486674650948062,0.256,0.7930771419124979,0.7029543297935247,0.9255584401512762,0.9576522469105251,312,0.18391131196883756,0.19420266633912323,0.11256002650214093,0.24408567191917496,0.22565094035071082,0.039589382920012545,0.4,0.2,False,False,0.0,0
H,1835086416,101,312,0.986808410937175,0.9890271301918244,0.048554798821646546,0.986808410937175,0.7483574851310213,0.42400000000000004,0.7966696544002945,0.6983666929202006,0.9319171109787149,0.9406497785613416,311,0.06950099520440157,0.18897904750743136,0.06139798214690155,0.2608102354212874,0.29457257421283145,0.12473916550714659,0.8,0.2,False,False,0.0,0
H,1835086416,102,311,0.9880733653842524,0.9882580026679416,0.0683396778893801,0.9880733653842524,0.7474244409856106,0.35,0.7946237698933529,0.7030911780464433,0.9151205800402235,0.9668782131821423,316,0.1830352471531588,0.17224634256415197,0.14840200632151074,0.2266995271690715,0.18197590079690038,0.08764097599520657,1.0,0.0,False,False,0.0,0
H,1835086416,103,316,0.9914404783095294,0.9914678142783205,0.08357074471755929,0.9914404783095294,0.7375369154077742,0.256,0.7996572280643689,0.705278295971155,0.9021077106939492,0.9776834353415967,311,0.15427096033792384,0.2276741078281209,0.13025569510325227,0.2614495681595815,0.19249594328874048,0.03385372528238107,0.4,0.2,False,False,0.0,0
H,1835086416,104,311,0.993009275291109,0.9933337510930075,0.06389242555614703,0.993009275291109,0.764313860429185,0.35,0.7986381401068753,0.7153642058634752,0.8926221292380337,1.003481822352198,319,0.2543728086359738,0.17629098016750241,0.020871699170854355,0.2803589694511757,0.20362594806739737,0.06447959450709644,1.0,0.0,False,False,0.0,0
H,1835086416,105,319,0.9859105638786195,0.9869325326054752,0.054708566764659995,0.9859105638786195,0.7813736262071974,0.4,0.7959419084481363,0.7223360128399726,0.9012092030855027,1.0070065085009872,326,0.22175021587089017,0.19396075134184132,0.04864192242051283,0.21254548560134542,0.28924643385636134,0.033855190909048934,0.0,0.4,False,False,0.0,0
H,1835086416,106,326,0.9930185103630685,0.9930185164841743,0.15048137362183228,0.9930185103630685,0.7863017418949919,0.0,0.7962508747553909,0.7219981443100162,0.8918650567836537,1.0166863909334327,327,0.13473665140052687,0.1670689783133086,0.06938527956447131,0.2755216464822088,0.20388387003350614,0.14940357420597836,0.0,0.0,False,False,0.0,0
H,1835086416,107,327,0.9936701565903995,0.9936858264714483,0.08801801877450859,0.9936701565903995,0.8004474655314052,0.22400000000000003,0.7940677576588503,0.7233079296600893,0.9004193888385631,1.0116279640861403,330,0.1551211570696733,0.17798577904548923,0.03870694800733127,0.24507599317296633,0.2887041886663739,0.09440593403816595,0.8,0.0,False,False,0.0,0
H,1835086416,108,330,0.9855810519536793,0.9855810576687191,0.15096792167533402,0.9855810519536793,0.8054879691868226,0.014000000000000002,0.7920204277784813,0.7247668748189795,0.8926689620003819,1.0251124738139996,340,0.15780427052368376,0.28884259000557,0.03597871364117922,0.22080146018182992,0.2114575602283759,0.0851154054193612,0.2,0.0,False,False,0.0,0
H,1835086416,109,340,0.9910420305327358,0.9912886192532058,0.06606097393064071,0.9910420305327358,0.8227110289786613,0.326,0.7916735942360292,0.7262188240153729,0.8941973750171669,1.0258596584695523,346,0.15862866171677878,0.2791978035302948,0.07155085106802786,0.22278710424480988,0.2539765460841158,0.013859033355972952,0.6,0.2,False,False,0.0,0
H,1835086416,110,346,0.9887315058653742,0.9889500056131805,0.06700484011288407,0.9887315058653742,0.8192442373787965,0.35,0.7986324671795135,0.7391769966005278,0.8731583914428448,1.0600063065744938,342,0.3033639223240446,0.19322612540140502,0.02362129470337961,0.3045138969174756,0.14190376963697288,0.0333709910167224,1.0,0.0,False,False,0.0,0
H,1835086416,111,342,0.9922439543574512,0.9922439580064589,0.154592809260568,0.9922439543574512,0.8130392629522669,0.014000000000000002,0.7951818940273955,0.7297639511766252,0.8652541730919655,1.0606503044584055,345,0.031822555076546306,0.2686197045824299,0.13505812856771682,0.3427730479313608,0.19705810396702583,0.024668459874920383,0.2,0.0,False,False,0.0,0
H,1835086416,112,345,0.9906173403440298,0.9906173513500187,0.14579195181931642,0.9906173403440298,0.8186388846017387,0.014000000000000002,0.7960657474183882,0.7237113324444033,0.878728755782769,1.034574087889334,349,0.06794473533261805,0.27590820335548844,0.09306233594050035,0.20005956407316333,0.30498078768159864,0.058044373616631055,0.2,0.0,False,False,0.0,0
H,1835086416,113,349,0.9911648939708495,0.9911653717095501,0.11578190154704886,0.9911648939708495,0.799972279607116,0.126,0.7961720418651315,0.7184474978059305,0.86758385511985,1.0401037255491314,347,0.07402164979684164,0.2221497393863596,0.2121502173561775,0.2521521330814663,0.1836398745767897,0.055886385802365254,0.6,0.0,False,False,0.0,0
H,1835086416,114,347,0.992373745676149,0.9923964146676322,0.08506836555858287,0.992373745676149,0.8140823304829495,0.256,0.7918985860400101,0.7110006918431334,0.8797690753540459,1.0205440704502249,351,0.04344461159374195,0.17767449381427017,0.1175482939426913,0.31577069561903687,0.2947180287309042,0.05084387629935555,0.4,0.2,False,False,0.0,0
H,1835086416,115,351,0.9887225310442636,0.9887228740517104,0.11839952813275427,0.9887225310442636,0.8236748286839743,0.126,0.7918167786841028,0.7068204987303885,0.8884012030602503,1.0047899854371567,353,0.07962301849264741,0.2159444139695239,0.011658831030540535,0.27580304282028295,0.2830451762080449,0.13392551747896017,0.6,0.0,False,False,0.0,0
H,1835086416,116,353,0.9897033084414868,0.9910350954824064,0.05263383274890978,0.9897033084414868,0.8291994332575213,0.41400000000000003,0.7944498025084464,0.7010140653569463,0.8956536683753397,0.9851903776848312,352,0.05668239453846548,0.1970151406490765,0.06772815455074671,0.3317423117862757,0.28046292810557216,0.06636907036986353,0.2,0.4,False,False,0.0,0
H,1835086416,117,352,0.9937900179042498,0.9938233292419686,0.0820159711721682,0.9937900179042498,0.8407726552243964,0.256,0.788770133961697,0.7070205497473976,0.9060883015378057,0.989261381373783,351,0.20071484572873152,0.15362570729381025,0.055410144916569246,0.25043769160410273,0.31687121460567197,0.02294039585111428,0.4,0.2,False,False,0.0,0
H,1835086416,118,351,0.990283821543284,0.9933769363159969,0.0459450081564738,0.990283821543284,0.8452619828080817,0.456,0.7898040920305012,0.7177904423880804,0.9099697958860673,0.9987374026461263,354,0.2640115016006587,0.23058475666498135,0.007845807321327265,0.16445409783761483,0.2724516225102107,0.0606522140652071,0.4,0.4,False,False,0.0,0
H,1835086416,119,354,0.9914550782955055,0.9914550852342646,0.14947079521974915,0.9914550782955055,0.8508773838192796,0.014000000000000002,0.7955023788821723,0.7086041987125491,0.9189728162974605,0.9693030375797771,352,0.021290980548408785,0.30834312875917796,0.0223458457176871,0.29661772154206867,0.31679000250001804,0.034612320932639454,0.2,0.0,False,False,0.0,0
H,1835086416,120,352,0.9873175901643197,0.987320908146146,0.10032395865308395,0.9873175901643197,0.8371035131600444,0.2,0.7979466364473301,0.7125503228068124,0.9205039253554026,0.9700989799554613,351,0.17970417537363392,0.3014828840932395,0.024258777753563127,0.16309094962696355,0.2671419534384404,0.06432125971415974,0.0,0.2,False,False,0.0,0
H,1835086416,121,351,0.9909208383983912,0.9909370697100996,0.08771576048587759,0.9909208383983912,0.8175872886650114,0.256,0.7955366646017137,0.7193839923292056,0.9151825832825189,0.9880816251608762,341,0.2182648207841723,0.19021178414040563,0.05257147724883785,0.24173634067825614,0.2336452523132826,0.06357032483504532,0.4,0.2,False,False,0.0,0
H,1835086416,122,341,0.9909241988303269,0.9909293374644703,0.09687101748817883,0.9909241988303269,0.7909280281497943,0.22400000000000003,0.7982453377927734,0.7174642429605396,0.923664324954267,0.9730825864673616,329,0.11311812809742905,0.18785924018712566,0.02960663775186096,0.20768428003070258,0.3319398176046263,0.1297918963282553,0.8,0.0,False,False,0.0,0
H,1835086416,123,329,0.9786948512559664,0.991431264721207,0.03466361532711904,0.9786948512559664,0.7835895075020217,0.526,0.7958529100702851,0.7119882993841158,0.9225903571477317,0.9696860255700644,331,0.06746585714503932,0.203726585456221,0.08630975692163474,0.27222009014921567,0.25646232344445713,0.11381538688343212,0.6,0.4,False,False,0.0,0
H,1835086416,124,331,0.9897765487209185,0.9897765590508932,0.14628977974943172,0.9897765487209185,0.7839450803512413,0.0,0.7968185253153602,0.7257500531004215,0.9276963568235489,0.9817972305652004,329,0.30451460856889323,0.18973232694652795,0.01245851122281932,0.11196690090090128,0.28682517695295184,0.09450247540790645,0.0,0.0,False,False,0.0,0
H,1835086416,125,329,0.9877739731717339,0.9877773084623865,0.10028622026559354,0.9877739731717339,0.7597971975780278,0.2,0.8004580862395226,0.7366783254091952,0.9245414347163884,0.9954350224496711,322,0.27769718704743424,0.2753193377317453,0.02178777420020881,0.12997865220090857,0.248073567875972,0.047143480943731095,0.0,0.2,False,False,0.0,0
H,1835086416,126,322,0.9894515102156625,0.9895705968672268,0.07184106960270639,0.9894515102156625,0.7625565655340502,0.326,0.8004810215120324,0.7320370670465618,0.9320872912447495,0.9811274939652728,324,0.08990822384782997,0.18261229543155583,0.10371531014395227,0.19228949785149166,0.33657392558727073,0.09490074713789945,0.6,0.2,False,False,0.0,0
H,1835086416,127,324,0.9903409910773594,0.9905173313444663,0.06872384202110463,0.9903409910773594,0.7397560972058389,0.35,0.8011337819407942,0.7328005356556052,0.9249577029016836,0.9889147607973835,314,0.154566524517144,0.22797806048197558,0.030037226090576075,0.2375888620098518,0.23039570390704464,0.11943362299340798,1.0,0.0,False,False,0.0,0
H,1835086416,128,314,0.99070047564353,0.9907004998479466,0.1395193202446003,0.99070047564353,0.748306336110951,0.05600000000000001,0.7994143255887565,0.7277170694018604,0.9324619326115152,0.9762465775118956,317,0.0819570066129432,0.16350712815730187,0.03340816526451554,0.22701033564554826,0.32414400086042144,0.16997336345926975,0.4,0.0,False,False,0.0,0
H,1835086416,129,317,0.9876852861891191,0.9886210674360411,0.05542349183728141,0.9876852861891191,0.7451041186047059,0.41400000000000003,0.8030984392761298,0.7223747696566128,0.9329218027188216,0.9641587440589482,313,0.07554442156056852,0.2157393901279269,0.07334223343994889,0.347549210489737,0.26853031684228945,0.019294427539529334,0.2,0.4,False,False,0.0,0
H,1835086416,130,313,0.9885810801839269,0.9885850127655613,0.0989814133552924,0.9885810801839269,0.7666010031709769,0.2,0.7969179369101437,0.7144578024714637,0.9324914969056199,0.9614309555820106,324,0.04002214122101856,0.22491094081453086,0.11378529746677511,0.32476939483143463,0.26430937229340246,0.03220285337283834,0.0,0.2,False,False,0.0,0
H,1835086416,131,324,0.9928374807237184,0.9928374976877665,0.14236579180049883,0.9928374807237184,0.7722811211787545,0.05600000000000001,0.7974483008884924,0.7099143188675401,0.927712631757953,0.9595993141151958,325,0.07724258149561884,0.19033596519107515,0.10708682887469641,0.30455905441562947,0.24235142271447538,0.07842414730850478,0.4,0.0,False,False,0.0,0
H,1835086416,132,325,0.9890745626929478,0.9890884390656226,0.08894867525955279,0.9890745626929478,0.7666247795336998,0.256,0.7953377161645603,0.7060324965965085,0.9337697707901318,0.9506776909336822,325,0.08267367090431664,0.15792807075658805,0.11181685495974131,0.22448476472390586,0.29414201103987014,0.1289546276155781,0.4,0.2,False,False,0.0,0
H,1835086416,133,325,0.9877915012803558,0.987791511936766,0.14602614730456412,0.9877915012803558,0.7736779220999961,0.014000000000000002,0.7920257603149653,0.7170750343732146,0.9403927937111186,0.962755487956227,327,0.26680203258164426,0.15688356150790805,0.02303366594757146,0.17380555791288724,0.37480133852153774,0.004673843528451395,0.2,0.0,False,False,0.0,0
H,1835086416,134,327,0.9910064658356917,0.991012701488235,0.09533144510025648,0.9910064658356917,0.7679881708404397,0.22400000000000003,0.7892024320228133,0.7214164612498873,0.9255332957619304,0.9876557259813387,326,0.18993973244166806,0.23127060542859412,0.09141539145865492,0.24998541564409232,0.1958989071096185,0.0414899479173721,0.8,0.0,False,False,0.0,0
H,1835086416,135,326,0.9893022885961877,0.9906575636947544,0.052491635578564275,0.9893022885961877,0.7823701685482602,0.41400000000000003,0.7862262866066718,0.7290695874176646,0.9140387815784559,1.0145110921335345,331,0.23404936537839519,0.19158439727713955,0.02781328907103663,0.28716257945370366,0.20529407696359217,0.054096291856132864,0.2,0.4,False,False,0.0,0
H,1835086416,136,331,0.9932761328241299,0.9932762223388085,0.12912926541784567,0.9932761328241299,0.7674705144325984,0.05600000000000001,0.7902484139839513,0.7265444648411384,0.9095852219589418,1.0107765781176186,324,0.11160445992946379,0.1705419596121543,0.13864535758824095,0.23849939460113867,0.2347515926916575,0.1059572355773448,0.4,0.0,False,False,0.0,0
H,1835086416,137,324,0.9908235879067028,0.9908236092324852,0.1405282007462709,0.9908235879067028,0.7577562234969707,0.014000000000000002,0.7775933659865476,0.7380547952879384,0.9082712183951622,1.045010146351832,322,0.28546942111071083,0.13418152401313377,0.06577555887505757,0.2241761043833203,0.24822259316057302,0.04217479845720453,0.2,0.0,False,False,0.0,0
H,1835086416,138,322,0.9899184530252467,0.9899232861721511,0.09735080104652387,0.9899184530252467,0.7581289118073739,0.2,0.775268652772991,0.7407356963236182,0.8974229052412548,1.0646672619845694,323,0.18229551000095903,0.1646197201173695,0.015477897069902944,0.27634327347372206,0.19989404342804415,0.16136955591000243,0.0,0.2,False,False,0.0,0
H,1835086416,139,323,0.9947457308768318,0.9947542821577442,0.09284766727395148,0.9947457308768318,0.777134780783173,0.2,0.7764150981258696,0.736758568343685,0.9027479033956638,1.051150097129315,326,0.10074571045309694,0.2358530371510525,0.024623724361351688,0.31290226334390786,0.27533644339267255,0.05053882129791857,0.0,0.2,False,False,0.0,0
H,1835086416,140,326,0.99076863415562,0.9907738317080347,0.09677901929158021,0.99076863415562,0.7829102324875877,0.2,0.7783917434689519,0.7434659480135641,0.8956370027607728,1.0664262663651618,326,0.23181635108829166,0.17281159370010285,0.00941934924241283,0.3480164736211454,0.21581944852337712,0.022116783824670222,0.0,0.2,False,False,0.0,0
H,1835086416,141,326,0.992297385719315,0.9923320769742885,0.08168091988775977,0.992297385719315,0.764517980143828,0.22400000000000003,0.7812350850993756,0.7434458442456567,0.9060733024846955,1.0502779914609992,315,0.15191492040963528,0.1611041409569256,0.027611511444796913,0.21707685429584667,0.34205337845071276,0.10023919444208289,0.8,0.0,False,False,0.0,0
H,1835086416,142,315,0.9897294172364974,0.9897413627343308,0.09014661112587485,0.9897294172364974,0.7524127785183978,0.256,0.7844951727307663,0.7338990321964064,0.9154659722362259,1.0218892562231583,308,0.032818502037906816,0.3128170487847229,0.029065301806965222,0.28907015396580116,0.30299236801535423,0.03323662538924983,0.4,0.2,False,False,0.0,0
H,1835086416,143,308,0.9901556799531389,0.9914798977878966,0.05268277474210946,0.9901556799531389,0.7462169401836455,0.41400000000000003,0.7810576026623702,0.7228846531626967,0.9191964455011831,1.006879744971864,308,0.008507157201383005,0.18179686842575274,0.06419467067735607,0.3404198894002187,0.27638535244289875,0.12869606185239074,0.2,0.4,False,False,0.0,0
H,1835086416,144,308,0.9902942774150876,0.9923985556886764,0.04900343346217002,0.9902942774150876,0.7267293472703454,0.41400000000000003,0.7842916624061794,0.7239593335505393,0.8992967735330287,1.0264399294176048,303,0.15273641307471847,0.2771140853124385,0.04413047551803689,0.36590819444259975,0.16009986290981984,1.0968742386511189e-05,0.2,0.4,False,False,0.0,0
H,1835086416,145,303,0.9909856309938736,0.9909964268310588,0.09096220926312487,0.9909856309938736,0.7055418763769044,0.21400000000000002,0.7800885935484208,0.7194111990069131,0.9093670961797259,1.0141309346731484,299,0.0831229016737588,0.19545979382404155,0.11400601915566215,0.17900038283109643,0.3062023399219189,0.12220856259352225,0.2,0.2,False,False,0.0,0
H,1835086416,146,299,0.9898659065749094,0.9900534097399561,0.06823152146320774,0.9898659065749094,0.7108338194002384,0.326,0.7862738728366022,0.7145477325838464,0.9096862898859287,0.9990006052757617,299,0.07633866909098659,0.19922503719567455,0.07946320290042135,0.2773269492276593,0.256279516620877,0.11136662496438109,0.6,0.2,False,False,0.0,0
H,1835086416,147,299,0.9900947908157124,0.9904548791114103,0.06304037352553735,0.9900947908157124,0.6972440953578254,0.35,0.7914094668094429,0.713353546149034,0.9158294718092194,0.9842127080936561,288,0.11916500242974865,0.18577630078287452,0.010152538977762166,0.34300055749120445,0.2855590545594177,0.0563465457589926,1.0,0.0,False,False,0.0,0
H,1835086416,148,288,0.9826911716321407,0.982691206049362,0.13665258462673177,0.9826911716321407,0.6750748288815852,0.05600000000000001,0.7884278363176545,0.7233667911499565,0.9133273554117165,1.0045467485289408,286,0.25851152885467715,0.18878033293423763,0.10844806979644228,0.1408481610343974,0.2454041539170955,0.05800775346315016,0.4,0.0,False,False,0.0,0
H,1835086416,149,286,0.9775395508820108,0.989989983935812,0.0348328058605511,0.9775395508820108,0.6894852530977874,0.526,0.7852850132458888,0.7228216045469059,0.9219946198705449,0.9983330039697449,292,0.13278941193059027,0.17720682505066662,0.1279503490127795,0.24124380902269302,0.30832477924158136,0.012484825741689281,0.6,0.4,False,False,0.0,0
H,1835086416,150,292,0.9911656856717106,0.9911656890720618,0.15514594892826816,0.9911656856717106,0.6955346364380649,0.0,0.7909125779946776,0.7186302422437647,0.9297951578834904,0.9772141059674645,289,0.08687147405255073,0.2102150697352709,0.028395135444605677,0.21880828167895844,0.3542186015613732,0.10149143752724109,0.0,0.0,False,False,0.0,0
H,1835086416,151,289,0.9881582808790053,0.9883168650478878,0.06955094136778125,0.9881582808790053,0.7019132315252352,0.326,0.787724661333765,0.7123803798064454,0.9368156420951413,0.9653468282312114,292,0.058520620935861224,0.16467265491644115,0.10959106326605202,0.2656076207885736,0.3294982414162107,0.07210979867686125,0.6,0.2,False,False,0.0,0
H,1835086416,152,292,0.9912265027836342,0.9912350036408709,0.09286653238337451,0.9912265027836342,0.6974155775382918,0.2,0.7927989112336957,0.7115968400581226,0.9315859288114777,0.9634918507586187,287,0.12294349052499368,0.18528115341292745,0.06169883636701544,0.2793159435351219,0.24225925462925266,0.1085013215306888,0.0,0.2,False,False,0.0,0
H,1835086416,153,287,0.9867336512104129,0.988167788468812,0.0520213908466456,0.9867336512104129,0.6854766015574895,0.42400000000000004,0.7900314193363052,0.7138700119373158,0.916716419509829,0.9856886710379913,286,0.16066267352624178,0.2270059643175216,0.03567450873019406,0.3546930268478195,0.1914454178974949,0.030518408680728207,0.8,0.2,False,False,0.0,0
H,1835086416,154,286,0.987385598811392,0.9873912249207174,0.0961211169934972,0.987385598811392,0.6940365855028486,0.21400000000000002,0.7990392375999551,0.7056843372261582,0.9250447775588461,0.9547279049513696,285,0.03134782357135289,0.19350799916466135,0.012061789852989894,0.3788806131270365,0.3249287106926568,0.05927306359130259,0.2,0.2,False,False,0.0,0
H,1835086416,155,285,0.9897252788516756,0.9897293710511462,0.09867391903216445,0.9897252788516756,0.6816589307101156,0.2,0.8013677014924626,0.7085740544871875,0.9098494737930408,0.9718155930248049,282,0.16467417652921462,0.34737517862645484,0.02134048252721488,0.24711469444306527,0.18654586995039696,0.03294959792365342,0.0,0.2,False,False,0.0,0
H,1835086416,156,282,0.988624251691371,0.9886242787847962,0.13860507478367085,0.988624251691371,0.6684533318871453,0.05600000000000001,0.8056846289401538,0.7086481944779756,0.9158634536301008,0.9603618010554767,279,0.13128553393934322,0.1846684789850961,0.09322939629229829,0.16360161277748095,0.28499463608182035,0.14222034192396096,0.4,0.0,False,False,0.0,0
H,1835086416,157,279,0.9738628609288188,0.9889083541880539,0.033317078210359195,0.9738628609288188,0.6587742750008946,0.526,0.8103303042098482,0.7019816772335267,0.9242771082670908,0.9372630562677572,280,0.04707365599312417,0.22017417854951438,0.09139901605403344,0.20358660886231456,0.3165428332506912,0.12122370729032224,0.6,0.4,False,False,0.0,0
H,1835086416,158,280,0.9868576624487371,0.9868578503173636,0.12317653753772467,0.9868576624487371,0.6631055500892945,0.126,0.8161774328407567,0.7142893374862765,0.9008636540801666,0.9714725182174802,276,0.28008430143032775,0.22898894613649212,0.04085557960886169,0.29003217455713826,0.1450712831989246,0.014967715068255626,0.6,0.0,False,False,0.0,0
H,1835086416,159,276,0.9885213349510271,0.9885269979913381,0.09607818713275207,0.9885213349510271,0.6694456106988272,0.21400000000000002,0.8163424986140585,0.726908788864524,0.9107772886721499,0.9776768257167656,282,0.2916739781570167,0.20978151676808487,0.09829243392834047,0.06491581356686067,0.3094359782028081,0.02590027937688924,0.2,0.2,False,False,0.0,0
H,1835086416,160,282,0.9894883951496849,0.9894916236726025,0.100559005029754,0.9894883951496849,0.6681770656205236,0.21400000000000002,0.8074520997321026,0.7288723094959046,0.9108201583650519,0.9910647948893311,280,0.16636200093258577,0.1535289063574351,0.07372046336132598,0.2915383572245173,0.2556029928005848,0.0592472793235511,0.2,0.2,False,False,0.0,0
H,1835086416,161,280,0.9785526045588776,0.9905484561435306,0.0351333661683003,0.9785526045588776,0.6686379997770043,0.526,0.8039914906210435,0.72199323914387,0.9079179997879709,0.9890882720762608,285,0.057056814034507956,0.2731816852703169,0.040219668202454706,0.2779447466440567,0.24089928629712093,0.11069779955154288,0.6,0.4,False,False,0.0,0
H,1835086416,162,285,0.9895615681079756,0.989567346008527,0.09592672588409468,0.9895615681079756,0.6836465708921547,0.21400000000000002,0.8074052710034934,0.7231659986128828,0.9171261998091739,0.9766013448676474,282,0.15340526782757744,0.18261127836864924,0.02297882296865881,0.2551397876056877,0.3216187532805891,0.0642460899488378,0.2,0.2,False,False,0.0,0
H,1835086416,163,282,0.9859542516717749,0.9859649627195339,0.09098445603973239,0.9859542516717749,0.6645106206800467,0.256,0.8097842724028925,0.7352416912907953,0.8957008892477851,1.0136727747344332,277,0.29042490760695766,0.17539262000526612,0.06523059829707743,0.2228144851374509,0.1514365470976433,0.09470084185560457,0.4,0.2,False,False,0.0,0
H,1835086416,164,277,0.9912174233640761,0.9914877151459164,0.06533199524677555,0.9912174233640761,0.6774392538356314,0.35,0.8103775372083618,0.7305340190181002,0.8919073117088916,1.010725740380952,281,0.08818015364805913,0.2640330265331348,0.07412927402539894,0.3127067386359109,0.22888255692942508,0.03206825022807126,1.0,0.0,False,False,0.0,0
H,1835086416,165,281,0.9845348684517122,0.9854108988350548,0.055922815905185365,0.9845348684517122,0.6917054716320735,0.4,0.8080508855137418,0.7277693841928009,0.8960485315335042,1.005133016232758,287,0.10952582657007157,0.20991576577065427,0.10486318021968102,0.27918262577150205,0.2666597549775087,0.02985284669058234,0.0,0.4,False,False,0.0,0
H,1835086416,166,287,0.9865978573871991,0.9875943557950304,0.05491480426568128,0.9865978573871991,0.6957851566102196,0.42400000000000004,0.8093714653793113,0.7410507037430747,0.8782712609276063,1.0424887164910142,286,0.30837235949892294,0.2259172445852027,0.0014440213566698583,0.30503741698758946,0.15913791273726274,9.104483435222471e-05,0.8,0.2,False,False,0.0,0
H,1835086416,167,286,0.9872985841162943,0.9889640324271389,0.05083752523709536,0.9872985841162943,0.6915438004797873,0.42400000000000004,0.8155229914380846,0.7313764032634151,0.8899027620681812,1.0077717508691686,280,0.029727933843677022,0.23985909132610808,0.05834341495316751,0.3648969935880958,0.2972931361666776,0.009879430122273984,0.8,0.2,False,False,0.0,0
H,1835086416,168,280,0.9913627889230598,0.9915529790327046,0.06813030963023323,0.9913627889230598,0.7091650865808883,0.35,0.8157958776965808,0.7334786513939805,0.8837091645531859,1.0174114302412576,286,0.17088835367170163,0.2721204037952677,0.048681493038602065,0.2622176853324021,0.21398339345911432,0.03210867070291233,1.0,0.0,False,False,0.0,0
H,1835086416,169,286,0.9835784287160236,0.987583365883192,0.043841967789923254,0.9835784287160236,0.7166200646109551,0.456,0.8084285935045769,0.7285092616083442,0.8953382480978673,1.0064826064107446,292,0.0838067848007842,0.15924532413632436,0.06898642770043001,0.24980396882008143,0.34138974490600343,0.09676774963637651,0.4,0.4,False,False,0.0,0
H,1835086416,170,292,0.9910320666606911,0.9910320836913582,0.14232010518842222,0.9910320666606911,0.7269862496395187,0.05600000000000001,0.8087294102429717,0.7204011232684631,0.8969158398685626,0.9931605274972396,295,0.04146655925670159,0.19679941162072298,0.06477573530178549,0.4089391485259636,0.25555708290241,0.03246206239241634,0.4,0.0,False,False,0.0,0
H,1835086416,171,295,0.9901857563028351,0.9901857689606913,0.14467535815935428,0.9901857563028351,0.7188169864868617,0.05600000000000001,0.8071998413290965,0.7120470935467091,0.9072242558817063,0.9723284584961374,294,0.033325330520866114,0.17016936882175912,0.0009521354200932433,0.22955230615982591,0.36307339821675955,0.20292746086069607,0.4,0.0,False,False,0.0,0
H,1835086416,172,294,0.994215851775501,0.9942246955863764,0.09257567697855204,0.994215851775501,0.7170065616675938,0.21400000000000002,0.809614629141877,0.7038209873474831,0.9165018302935357,0.9485288166169583,290,0.029703105976367855,0.18078064810599986,0.04324860365321422,0.38124076225415787,0.36019071659536334,0.0048361634148968834,0.2,0.2,False,False,0.0,0
H,1835086416,173,290,0.9908503325437568,0.9908503379751927,0.15141551541383538,0.9908503325437568,0.7057008721846916,0.014000000000000002,0.8022829030320716,0.7128341628827652,0.9133776640427852,0.9727709235282069,291,0.24005281128320313,0.23898041020167343,0.03253547980612016,0.18168732765954584,0.24263008389301532,0.06411388715644216,0.2,0.0,False,False,0.0,0
H,1835086416,174,291,0.9869407909725819,0.9872000052280292,0.06563060304268553,0.9869407909725819,0.7067120688047734,0.35,0.7940255897933655,0.7182642900365264,0.9147045638474609,0.9889376928359708,291,0.20089794122374185,0.13652644804776204,0.05435175306776431,0.30973909048665293,0.263323331044771,0.03516143612930788,1.0,0.0,False,False,0.0,0
H,1835086416,175,291,0.9840222742268927,0.9842330125761701,0.06725467850999467,0.9840222742268927,0.7016568883287437,0.326,0.7994319576540706,0.7179391176989438,0.9232341074627148,0.9727343921921325,288,0.13235052705304695,0.29361458570212184,0.014361465774114285,0.2065800073097364,0.3241519529534723,0.02894146120750802,0.6,0.2,False,False,0.0,0
H,1835086416,176,288,0.9888766887039027,0.9888766957344951,0.1493454081043819,0.9888766887039027,0.6927975164089466,0.014000000000000002,0.8012096803082216,0.7219087937651245,0.916490166045429,0.9831240830775919,286,0.18583289938909855,0.24170248086714,0.05483089130800669,0.1962184688276083,0.22789734664492844,0.09351791296321812,0.2,0.0,False,False,0.0,0
H,1835086416,177,286,0.9901528494620438,0.9908764113558932,0.05748892713960681,0.9901528494620438,0.6851244573037699,0.4,0.8027551957975794,0.7321665647942283,0.919281246740464,0.9921523528204854,285,0.26691513396700006,0.26481733791130335,0.04621317653201024,0.12227699567173349,0.2722004864978892,0.027576869420063526,0.0,0.4,False,False,0.0,0
H,1835086416,178,285,0.985939611186138,0.9891580060186913,0.04559508135815964,0.985939611186138,0.6918010617707058,0.456,0.7996250431409362,0.728881399542908,0.9042130122157873,1.0080909776434044,293,0.1040395373548889,0.1959648927727408,0.1728383146520492,0.29859690447095766,0.1842994507468488,0.044260900002514654,0.4,0.4,False,False,0.0,0
H,1835086416,179,293,0.986508660078736,0.9900474595237123,0.04484678658914021,0.986508660078736,0.6947259993229092,0.456,0.8049729151782357,0.7253231026905164,0.9124787975722625,0.9874780726973801,288,0.09857216405942212,0.16876512330834054,0.024440867028124712,0.2825270039025591,0.2934354328902695,0.132259408811284,0.4,0.4,False,False,0.0,0
H,1835086416,180,288,0.9905348724751465,0.99212192479113,0.05124670478024515,0.9905348724751465,0.699416539109458,0.42400000000000004,0.8053606552967333,0.7247507831102309,0.9084227605957427,0.9906272660762165,288,0.13367294442800456,0.2200682932132275,0.1022579329188421,0.26649715699777676,0.23595921390353236,0.04154445853861678,0.8,0.2,False,False,0.0,0
H,1835086416,181,288,0.9922584714245828,0.9922770236168924,0.0866626865690717,0.9922584714245828,0.6950096780776804,0.256,0.808550308922167,0.7201821672622751,0.9118119261749863,0.9768548739269971,283,0.08336154134444755,0.1763798009673383,0.021939754480150266,0.3179386815511927,0.2711572081940896,0.1292230134627816,0.4,0.2,False,False,0.0,0
H,1835086416,182,283,0.9878382538217524,0.9878382579154406,0.15364204947675453,0.9878382538217524,0.6858697681632677,0.05600000000000001,0.8064411401052867,0.7139036678817559,0.9206307335574877,0.9615712489568677,287,0.05913261228243138,0.38135209188546876,0.0882628178241891,0.15361660126138157,0.30765207020031393,0.009983806546215179,0.4,0.0,False,False,0.0,0
H,1835086416,183,287,0.9897032742017755,0.9897032818060585,0.14872766542695262,0.9897032742017755,0.6951645940972624,0.05600000000000001,0.8076810511488121,0.7172510931382341,0.9104826925034251,0.9753480725482517,289,0.17553260813207586,0.18193758193382034,0.049001080403413326,0.37157099010328476,0.2095751615084307,0.012382577918975114,0.4,0.0,False,False,0.0,0
H,1835086416,184,289,0.9921859202447803,0.9922945215731414,0.07259661289382076,0.9921859202447803,0.6852039046743944,0.326,0.8084561975577362,0.727767395956028,0.8862389048618594,1.015746394587794,285,0.2672357184338201,0.21744702104166924,0.06194270955978341,0.28840638576392313,0.13402240804388413,0.03094575715692005,0.6,0.2,False,False,0.0,0
H,1835086416,185,285,0.9890858817874438,0.9891023450255227,0.08758807353890423,0.9890858817874438,0.6848956621520904,0.256,0.8036212142869876,0.7244274548141382,0.8976150143756735,1.0042767300373607,283,0.10060535819889461,0.14386876242951854,0.06596357421144794,0.3562886984208838,0.3308466913490253,0.002426915390229902,0.4,0.2,False,False,0.0,0
H,1835086416,186,283,0.9901447092378731,0.9901448923085696,0.12340893835138064,0.9901447092378731,0.7153281423141662,0.126,0.7978161519230378,0.7262382197950589,0.8964589890669149,1.0154203200349687,297,0.16290172152034477,0.1889846322301706,0.01692395288671401,0.24454237614306315,0.2430273806440439,0.14361993657566366,0.6,0.0,False,False,0.0,0
H,1835086416,187,297,0.987132290817288,0.9871322952685125,0.15296983859273164,0.987132290817288,0.71537456765957,0.014000000000000002,0.8005097387179138,0.7304875027027484,0.9068130901602234,1.006302125269886,293,0.19451492371803122,0.20107460508125474,0.058820778439243285,0.22685527515572038,0.31407000793003287,0.0046644096757176776,0.2,0.0,False,False,0.0,0
H,1835086416,188,293,0.9887841861332454,0.9906383841753568,0.0499964133055206,0.9887841861332454,0.7194082433839312,0.41400000000000003,0.7944845568987359,0.7237291108569469,0.916131781144201,0.9943347847942943,294,0.05957479111669905,0.1447850968227742,0.09802545768693491,0.3082658351745611,0.3110288739080386,0.07831994529099222,0.2,0.4,False,False,0.0,0
H,1835086416,189,294,0.988444999870307,0.9884474186601803,0.10284913067631316,0.988444999870307,0.7379470728283952,0.21400000000000002,0.7903807110066502,0.7279692702608037,0.9027327034791781,1.020275687767122,304,0.1928326868338018,0.1691892557577507,0.03924666746765436,0.35493103034331996,0.1910705022469862,0.052729857350486985,0.2,0.2,False,False,0.0,0
H,1835086416,190,304,0.9884287406274671,0.98842874111995,0.1705041893156734,0.9884287406274671,0.7547717828782741,0.0,0.79001523541977,0.7284765790842289,0.9059161566572218,1.0178695480035385,308,0.14882215420581774,0.15780432503549832,0.032561866066122956,0.30423722056305225,0.26728361762980757,0.08929081649970125,0.0,0.0,False,False,0.0,0
H,1835086416,191,308,0.9893134128546297,0.9893194520817327,0.09557261248343364,0.9893134128546297,0.7612964459351664,0.21400000000000002,0.7855640925586638,0.727722468486769,0.9017575602048343,1.0272930924647845,314,0.13337147945939481,0.18040446155540074,0.1639694104348827,0.24921590787393005,0.23216509606667346,0.04087364460971832,0.2,0.2,False,False,0.0,0
H,1835086416,192,314,0.9882672113915887,0.988267216027693,0.1526550482173463,0.9882672113915887,0.7601214662861475,0.0,0.7918499658082897,0.7180844872242077,0.9115818041843509,0.9948027901847267,312,0.021851777022214258,0.2755189013729607,0.020247272575160184,0.2522174790241064,0.4245912802017395,0.005573289803819037,0.0,0.0,False,False,0.0,0
H,1835086416,193,312,0.9910342574437786,0.9910342591009399,0.1608663773345047,0.9910342574437786,0.7546478377470076,0.0,0.7860442834279959,0.727313520310551,0.9046357758037806,1.0228239493129783,308,0.25166571809442057,0.1451964194373351,0.027739808340091588,0.3435592998926975,0.22106076018932436,0.010777994046130989,0.0,0.0,False,False,0.0,0
H,1835086416,194,308,0.9899017964511877,0.9899050641122968,0.1004664134666931,0.9899017964511877,0.7701492816550316,0.2,0.7812218436743152,0.7201395971040808,0.9141721982234026,1.008356968495738,315,0.052396910113217024,0.20084698585630886,0.09755292035226175,0.2737136218972958,0.32310964991190966,0.05237991186900681,0.0,0.2,False,False,0.0,0
H,1835086416,195,315,0.9685759464352877,0.9883828650792484,0.031124202271838528,0.9685759464352877,0.7725471582203622,0.55,0.7820790892257402,0.7139304045506284,0.9227549784010624,0.9892790379275391,323,0.059972341271894665,0.2701256211311096,0.06477575950015331,0.24614868645656887,0.3047971784578698,0.05418041318240385,1.0,0.2,False,False,0.0,0
H,1835086416,196,323,0.9380432977573253,0.9897992210845277,0.023489888549298572,0.9380432977573253,0.7786729643434477,0.6,0.7825908170754085,0.7227034460759373,0.9267717718441975,0.9964432754993455,329,0.2433695219105043,0.19627585829753713,0.003217224464781779,0.27507722591623385,0.2814614564162066,0.0005987129947361868,0.0,0.6,False,False,0.0,0
H,1835086416,197,329,0.9941815223781489,0.9941868415193866,0.09662232385278753,0.9941815223781489,0.8015210290039967,0.21400000000000002,0.7818221642569926,0.7365682737721404,0.9176951242960768,1.0266126371627773,327,0.4171712918425907,0.17952491706844706,0.013574420628304907,0.12100028536571686,0.21800264818149526,0.05072643691344505,0.2,0.2,False,False,0.0,0
H,1835086416,198,327,0.9925405037177208,0.9925405099813325,0.15029434624270618,0.9925405037177208,0.7968935213422373,0.0,0.7836488072803653,0.7346215930870802,0.9259256118664692,1.0124325874920879,325,0.12352166254433546,0.22566647199167794,0.022537753015658746,0.2143221840832984,0.3387976139091683,0.07515431445586115,0.0,0.0,False,False,0.0,0
H,1835086416,199,325,0.9910309339013358,0.9910381160690779,0.09420674720256296,0.9910309339013358,0.782701793589261,0.21400000000000002,0.7860198552583845,0.7299170159284473,0.9333330506798222,0.9949547422313056,317,0.08783128119651314,0.16648134168351988,0.07072469100510619,0.25601701425018214,0.3715474005938713,0.047398271270807375,0.2,0.2,False,False,0.0,0
H,1835086416,200,317,0.9901039760072702,0.9922332839874641,0.0489079838763207,0.9901039760072702,0.776176110381336,0.456,0.7901865669670965,0.7290498842912304,0.93999974561184,0.9815216122423983,313,0.13285898949006822,0.1886572875728483,0.07533584804309779,0.2160474907716581,0.3111163535123143,0.07598403061001324,0.4,0.4,False,False,0.0,0
H,1835086416,201,313,0.9884974948129579,0.9884975819383521,0.12930623083391732,0.9884974948129579,0.7657778944827074,0.05600000000000001,0.795404564074253,0.7385559588329758,0.9153150745035448,1.0144361401200799,309,0.2619821094538363,0.2006052087199896,0.07456260928346861,0.2780863190434624,0.14657651726444404,0.038187236234799,0.4,0.0,False,False,0.0,0
H,1835086416,202,309,0.9850822822677592,0.9851357268157754,0.07818298136142156,0.9850822822677592,0.7430726585006993,0.326,0.7997787011120883,0.7339223057723512,0.9082595001463672,1.0103464126543373,303,0.09117681101280277,0.19563247488886076,0.0763242728218125,0.2484956950831846,0.22237966546588503,0.16599108072745436,0.6,0.2,False,False,0.0,0
H,1835086416,203,303,0.9906830859010797,0.9906836365438295,0.11464752361885155,0.9906830859010797,0.7171627984726148,0.126,0.8068030367228971,0.72807795229794,0.9069090907933813,0.9950538868632777,296,0.07314702267758035,0.2487053291930377,0.14059668194346148,0.17093658431303407,0.247377703308254,0.11923667856463253,0.6,0.0,False,False,0.0,0
H,1835086416,204,296,0.9915414099438233,0.9915414119975341,0.15916267837462764,0.9915414099438233,0.7179370790552969,0.014000000000000002,0.8003478638175203,0.7291572455850521,0.9162181817140432,0.9943596659881626,295,0.15603988627511353,0.1588285825415724,0.06800789607897585,0.23525687992693586,0.35869101651757834,0.02317573865982407,0.2,0.0,False,False,0.0,0
H,1835086416,205,295,0.9873378931568423,0.9873407932933179,0.10139553644966573,0.9873378931568423,0.7278628100003078,0.2,0.8008938647342578,0.7388739729814959,0.9245963635426389,0.9977993597402894,300,0.2646823709462056,0.19148777778516532,0.030029088651899103,0.14529778005732716,0.3624240173041206,0.006078965255282108,0.0,0.2,False,False,0.0,0
H,1835086416,206,300,0.9940058728251365,0.994013517122273,0.09373423049279647,0.9940058728251365,0.742883656471752,0.22400000000000003,0.7996440014274485,0.733384958712958,0.9321367271883749,0.9839107257582206,301,0.08068355475671082,0.17671843138345372,0.083575247959648,0.3407909573348484,0.30899417769864596,0.009237630866693098,0.8,0.0,False,False,0.0,0
H,1835086416,207,301,0.9884990061129949,0.9904510084166002,0.04958573272186954,0.9884990061129949,0.7440265364720362,0.41400000000000003,0.797390924823746,0.7453470447047849,0.9170701320968508,1.0192593310825988,301,0.29539167409343475,0.1569978951231493,0.06837329490792572,0.27318181975181566,0.19073538813656712,0.015319927987107526,0.2,0.4,False,False,0.0,0
H,1835086416,208,301,0.9906697172320507,0.9917013879688594,0.05467172506527756,0.9906697172320507,0.7415037431854773,0.41400000000000003,0.7943764291869481,0.7403865202246709,0.8962582145072777,1.0399177828506025,307,0.09133534693906623,0.32579647327905303,0.1370299318410982,0.2691545387832055,0.1544754781005595,0.022208231057017497,0.2,0.4,False,False,0.0,0
H,1835086416,209,307,0.9890906478627594,0.9890906578801772,0.1465288306528687,0.9890906478627594,0.7421437110172648,0.05600000000000001,0.7943462441354207,0.7425614981494578,0.9003960394745646,1.0382190773946756,303,0.1774287992002559,0.21876126039056765,0.004077786576128767,0.32753926116051263,0.26881823209007344,0.003374660582461558,0.4,0.0,False,False,0.0,0
H,1835086416,210,303,0.9887199112636256,0.989249316295608,0.05996282983790235,0.9887199112636256,0.7387499773233103,0.35,0.8025081659977992,0.7413867874031045,0.900885084504495,1.0254771438187438,299,0.13691705201399498,0.17416131044891223,0.09134787569324433,0.24162905533032675,0.25264324488693424,0.10330146162658753,1.0,0.0,False,False,0.0,0
H,1835086416,211,299,0.9891912835787867,0.9891913671729656,0.12964115989141375,0.9891912835787867,0.7327087510949761,0.05600000000000001,0.8057911804218063,0.7385214971177535,0.9107965760540455,1.0062809300417892,294,0.11505061356005288,0.20127513933888008,0.06681150792752596,0.22942083536320335,0.3436924119931231,0.04374949181721466,0.4,0.0,False,False,0.0,0
H,1835086416,212,294,0.9698653714295122,0.9917919540484149,0.0303423223775077,0.9698653714295122,0.7218569009181718,0.55,0.8050176763055571,0.7275921525015736,0.919716918448641,0.9827168760988485,295,0.012459127996347718,0.2417218431035643,0.07437888151124414,0.3198173710468763,0.322712227443224,0.028910548898743633,1.0,0.2,False,False,0.0,0
H,1835086416,213,295,0.9900699605892497,0.9900699670915774,0.14997677519051478,0.9900699605892497,0.7461498656810532,0.014000000000000002,0.7994247955096876,0.7201804594039145,0.9277452266037769,0.9710352383241456,304,0.04959893159274473,0.31218509941047373,0.02935506881324389,0.20558814797562344,0.3228107131323142,0.08046203907560012,0.2,0.0,False,False,0.0,0
H,1835086416,214,304,0.9866886979480083,0.98835295887289,0.050838282426938844,0.9866886979480083,0.7425328960183059,0.41400000000000003,0.7967877280492269,0.7104586550365758,0.9349707039433992,0.9536701068719624,304,0.016090232535712533,0.1878346652591678,0.019100335480073293,0.3619632686384362,0.3379793415462916,0.07703215654031859,0.2,0.4,False,False,0.0,0
H,1835086416,215,304,0.9918378161162615,0.9918452885831116,0.09389781838618286,0.9918378161162615,0.7479786766135921,0.22400000000000003,0.7888321246678915,0.7211019876309479,0.91956550552251,0.9940985314321568,312,0.2645783168275118,0.15467244669010533,0.03565667512619021,0.19226345687430177,0.19045935986725404,0.16236974461463688,0.8,0.0,False,False,0.0,0
H,1835086416,216,312,0.9900301563741836,0.9900886006457569,0.07751103929416948,0.9900301563741836,0.7409469873853749,0.256,0.7903983813127288,0.7213035542829247,0.9276089549702591,0.9838006325460936,311,0.14070832541905276,0.17440238292894464,0.055054824483242316,0.17413997035622836,0.3640531905451154,0.09164130626741661,0.4,0.2,False,False,0.0,0
H,1835086416,217,311,0.9901401160234479,0.9901401206388829,0.15270568743610746,0.9901401160234479,0.7282801313436466,0.0,0.7907767040725237,0.7349770146949103,0.9038196934101618,1.028343223899358,307,0.30923297657664767,0.17144240421760443,0.10130621697316736,0.24143554184582905,0.1448581696846431,0.031724690702108455,0.0,0.0,False,False,0.0,0
H,1835086416,218,307,0.9887474849349922,0.9887663392408986,0.08650589192670496,0.9887474849349922,0.7450954418361593,0.256,0.7857968976698797,0.7315858850749559,0.9134377240691456,1.0192390733239232,315,0.10447151393489,0.19566667921742514,0.04931362026530886,0.22811194197067114,0.322616945643372,0.09981929896833294,0.4,0.2,False,False,0.0,0
H,1835086416,219,315,0.9909353808097174,0.9909353886151229,0.1485297722785093,0.9909353808097174,0.719190030096604,0.014000000000000002,0.7925517431103826,0.7390732930251257,0.8896942965457273,1.0481394734128548,303,0.23833377754896942,0.32813991492545325,0.006095508065389936,0.2691087493862602,0.1380017244174814,0.02032032565644567,0.2,0.0,False,False,0.0,0
H,1835086416,220,303,0.9906497457544761,0.9906497684389846,0.14003514632796682,0.9906497457544761,0.701045276797673,0.014000000000000002,0.7916414516555054,0.7474750147246672,0.8911276498832339,1.0595665387106947,295,0.2544423293849721,0.18143044033653144,0.04155024579342492,0.19331950614287435,0.2520139149603966,0.07724356338180059,0.2,0.0,False,False,0.0,0
H,1835086416,221,295,0.9901499799111912,0.9901547508702335,0.09745574858740266,0.9901499799111912,0.6914746072058032,0.2,0.7947505445225778,0.7464171108025284,0.8775243331698392,1.0702656435801992,292,0.14144808517618174,0.270523811601757,0.06695068561396113,0.28014064598064603,0.17754724137464353,0.06338953025281077,0.0,0.2,False,False,0.0,0
H,1835086416,222,292,0.9873816555468939,0.9873816585175912,0.15619076443852006,0.9873816555468939,0.7059300796739318,0.0,0.7961231246123907,0.7356769262742928,0.8897718998528553,1.0385519133352104,296,0.019758387648635842,0.17362329180295244,0.021617972529886464,0.3075223250426965,0.31976223482641764,0.157715788149411,0.0,0.0,False,False,0.0,0
H,1835086416,223,296,0.9879853744186151,0.9879894777082877,0.09863837002697819,0.9879853744186151,0.7083728091861003,0.2,0.7940133901545888,0.7388419679916934,0.9007947098675698,1.032994247479632,298,0.1868611003889401,0.16904006912528335,0.050441520276857554,0.16502103873460847,0.38005977643714567,0.048576495037164796,0.0,0.2,False,False,0.0,0
H,1835086416,224,298,0.9886048445707853,0.9886052041622966,0.11802273354725736,0.9886048445707853,0.7197649787587411,0.126,0.7889721858253536,0.7324478138132073,0.8984544030530262,1.0332822111592936,305,0.06934930276373151,0.2675422753241598,0.029128280513005714,0.3730877048974736,0.2386958208610668,0.02219661564056243,0.6,0.0,False,False,0.0,0
H,1835086416,225,305,0.9887400988966538,0.9902672594637041,0.05153802037335475,0.9887400988966538,0.7090158412233323,0.41400000000000003,0.7914592876335901,0.7242499953879071,0.905153895319193,1.0109682034211402,298,0.04280715331700144,0.1690582058292885,0.08586636803909702,0.34941311636492245,0.2827246628573471,0.07013049359234362,0.2,0.4,False,False,0.0,0
H,1835086416,226,298,0.9877155919716111,0.9900380553053408,0.04819916919341306,0.9877155919716111,0.7149596630637848,0.41400000000000003,0.7927830516016597,0.7257523524489612,0.9146385057872737,1.0008859990926438,296,0.1589357103806176,0.23041268433985326,0.003288303959599993,0.24804265808049256,0.35850375433897935,0.0008168889004572022,0.2,0.4,False,False,0.0,0
H,1835086416,227,296,0.9879875032409088,0.9879936245651717,0.09545445746869469,0.9879875032409088,0.7044153272437716,0.21400000000000002,0.7951646479598542,0.7223317900772113,0.9141818835292101,0.9936811572305416,290,0.09833819063372627,0.1724795173042269,0.06195452898263385,0.32766472324907375,0.25503614160331906,0.08452689822702009,0.2,0.2,False,False,0.0,0
H,1835086416,228,290,0.9886559947710204,0.9892251761878098,0.05938596459229261,0.9886559947710204,0.7044450903565947,0.35,0.7984472264763317,0.7137135870353467,0.9209771818395689,0.9705745017733641,288,0.03122983077495054,0.22161762382154557,0.06266708007544433,0.31175955548566653,0.291067433316399,0.08165847652599409,1.0,0.0,False,False,0.0,0
H,1835086416,229,288,0.9890488973268132,0.9892616385240501,0.06721994947841722,0.9890488973268132,0.7095330879662127,0.35,0.7969254226464761,0.7154910377243616,0.9211350063122276,0.9746826365112387,288,0.15578912550977833,0.16391949157777688,0.014343775198972657,0.3781084979819576,0.26127771328307775,0.02656139644843683,1.0,0.0,False,False,0.0,0
H,1835086416,230,288,0.990190990206587,0.9914979390399431,0.05278740898951855,0.990190990206587,0.6769708352479632,0.41400000000000003,0.8023795767387816,0.7063725060527948,0.9290215056810048,0.9476067673706114,279,0.020700252683140817,0.29299026090210484,0.06727170706840133,0.16858999371282649,0.319062825386747,0.13138496024677956,0.2,0.4,False,False,0.0,0
H,1835086416,231,279,0.9878619628778849,0.9878656174615502,0.0995592031125792,0.9878619628778849,0.6737923516416399,0.21400000000000002,0.7988130590088641,0.7085939846252731,0.9361193551129043,0.9475913340398125,281,0.1567512984389761,0.2497565789841335,0.0335526037845036,0.17497376557387587,0.34071874890145537,0.04424700431705565,0.2,0.2,False,False,0.0,0
H,1835086416,232,281,0.9872291143031996,0.9874633495983293,0.06643931115205179,0.9872291143031996,0.7003955342732906,0.326,0.7936335882040719,0.7012666792382852,0.9411298324328645,0.938887644575231,293,0.03877992305344695,0.1714115570838732,0.10290855712997081,0.30213923631798745,0.2931120641562528,0.09164866225846884,0.6,0.2,False,False,0.0,0
H,1835086416,233,293,0.9908664530213025,0.9931025864114298,0.04852529968311491,0.9908664530213025,0.7036847522642073,0.42400000000000004,0.7919788439927807,0.693409548052795,0.9470168491895781,0.9245247267018486,293,0.027577534705300454,0.1690245221645731,0.014451623220140443,0.45468040581368313,0.3274880986159456,0.006777815480357303,0.8,0.2,False,False,0.0,0
H,1835086416,234,293,0.990988047286701,0.9909880579685039,0.14603291987432493,0.990988047286701,0.7057512048389548,0.014000000000000002,0.7884055766774904,0.6927469791493446,0.9407196579235403,0.9340384052413077,299,0.11259885623986648,0.22639559346257723,0.17244292514183382,0.21942049564181554,0.24202246826460005,0.027119661249306936,0.2,0.0,False,False,0.0,0
H,1835086416,235,299,0.990338166505969,0.991816275141113,0.05181033349754037,0.990338166505969,0.6946885191957773,0.41400000000000003,0.7957485354252558,0.6999576464029693,0.9378258950683922,0.9379370552989631,294,0.2106002026386502,0.2778466166140774,0.010829820821836268,0.17760705363435136,0.25589101468602965,0.06722529160505504,0.2,0.4,False,False,0.0,0
H,1835086416,236,294,0.989357231239216,0.9893971915249714,0.08053180017149716,0.989357231239216,0.6729682294745618,0.256,0.8034982437442554,0.7074018260037268,0.9074924188268277,0.9701485502976129,286,0.21802577401132406,0.2562846043707912,0.056581980638607546,0.3480322205154491,0.11724556632637374,0.003829854137454423,0.4,0.2,False,False,0.0,0
H,1835086416,237,286,0.9873423769349662,0.9906764533860252,0.04532619746844791,0.9873423769349662,0.6741856379068022,0.456,0.8053793070223912,0.697890753745102,0.916743176944145,0.9452339052599995,285,0.010737738019519199,0.2519798391796411,0.0005054687176245549,0.4041721230791115,0.3221203376048216,0.010484493399281999,0.4,0.4,False,False,0.0,0
H,1835086416,238,285,0.9888810815435631,0.9888818468204355,0.11201296287507151,0.9888810815435631,0.6918917120469843,0.126,0.8004410340351666,0.7037506638689638,0.9250688592497305,0.9504196608051939,295,0.1969305976389609,0.18726508410679502,0.038164309721607906,0.1515086239746864,0.34495635084003246,0.08117503371791723,0.6,0.0,False,False,0.0,0
H,1835086416,239,295,0.9884358388283694,0.9884358850133195,0.134357949040185,0.9884358388283694,0.6955238068483173,0.05600000000000001,0.7981445210055805,0.7108277403982987,0.9180844984550485,0.9700635286353794,302,0.21580762153478758,0.16747114274856933,0.16933984901530166,0.16090406140073749,0.22761262565145524,0.05886469964914858,0.4,0.0,False,False,0.0,0
H,1835086416,240,302,0.9911637579584001,0.9911725022419678,0.09264129229812096,0.9911637579584001,0.6814242647553824,0.21400000000000002,0.8045199397301465,0.7143141010793431,0.9146114642830833,0.9707687115493461,289,0.17534684626199262,0.17807691648426052,0.09104663739540073,0.2798399615167147,0.2416770783676984,0.03401255997393314,0.2,0.2,False,False,0.0,0
H,1835086416,241,289,0.9888314359132657,0.988840311715885,0.0925037078089528,0.9888314359132657,0.6922550117941921,0.21400000000000002,0.8038095388869234,0.7040670655696784,0.923150317854775,0.9488300931814214,293,0.0058583693037798715,0.3099964839639202,0.009145884996592758,0.27940869365700705,0.33039534575378393,0.0651952223249162,0.2,0.2,False,False,0.0,0
H,1835086416,242,293,0.9884149829062043,0.9884149839891738,0.1642315218890003,0.9884149829062043,0.7122364666737256,0.0,0.8018902333261579,0.7188637122911944,0.9138166111033247,0.9810080904031976,300,0.324816866963879,0.17267405475330388,0.044831900522311244,0.22157824458896047,0.21490662517013606,0.021192308001409307,0.0,0.0,False,False,0.0,0
H,1835086416,243,300,0.9891360382469424,0.9901990104139615,0.054421735319563916,0.9891360382469424,0.6990558721036215,0.41400000000000003,0.804640519601913,0.7130398264910246,0.9206133953969895,0.9625750472272266,293,0.06399124767987405,0.25656374923805025,0.07519515354021246,0.23893600157362493,0.2908922270199866,0.07442162094825149,0.2,0.4,False,False,0.0,0
H,1835086416,244,293,0.9898087074563015,0.9898174370577923,0.09264377895258029,0.9898087074563015,0.7039654441028671,0.21400000000000002,0.8037552508711416,0.7239472919140577,0.9253921791067911,0.9733237035262785,295,0.2694932093448037,0.20017667639135733,0.06300790789799483,0.15217505845790685,0.28420061624750276,0.030946531660434512,0.2,0.2,False,False,0.0,0
H,1835086416,245,295,0.9897456035331896,0.9897456369543719,0.1369432881611501,0.9897456035331896,0.7045616783031626,0.05600000000000001,0.804914457307217,0.71833962861932,0.9328529611961119,0.956680459340162,295,0.06987126626206389,0.3232442173772613,0.026638272294195808,0.22202133144533004,0.31677845433951146,0.04144645828163749,0.4,0.0,False,False,0.0,0
H,1835086416,246,295,0.9917517840977093,0.9917973320416937,0.07950927714673016,0.9917517840977093,0.7067970071846096,0.256,0.8075964368876521,0.7130169754124022,0.9363885481470153,0.9428647114220038,292,0.0699291028006022,0.1656358535900859,0.015403304840407165,0.29113851339491537,0.28410441535257297,0.1737888100214164,0.4,0.2,False,False,0.0,0
H,1835086416,247,292,0.9866069517295586,0.9872500211549576,0.05839850028496315,0.9866069517295586,0.6981097515230936,0.4,0.8139781200029854,0.7073709282707736,0.9427496933323138,0.9218029130094746,285,0.0625600203623951,0.17212366377223887,0.058716253493272724,0.3434079841479805,0.3135314549501986,0.049660623273914184,0.0,0.4,False,False,0.0,0
H,1835086416,248,285,0.9873917152084468,0.9873917276299635,0.14480289570731297,0.9873917152084468,0.7023246190058334,0.05600000000000001,0.8198437512735317,0.7030019154032684,0.94464368540718,0.9077314687482924,283,0.07499416932541776,0.2669425908806729,0.032350021829537924,0.2816757818706759,0.28084480704048786,0.06319262905320767,0.4,0.0,False,False,0.0,0
H,1835086416,249,283,0.9890894319941955,0.9891153010226229,0.08399088826914362,0.9890894319941955,0.7139533290736882,0.256,0.8161818638985201,0.6987624094219534,0.9441160904810796,0.9068118653344831,288,0.07388237236060545,0.24360826826946486,0.06075508256126222,0.3228282220472835,0.2696838680730876,0.029242186688296336,0.4,0.2,False,False,0.0,0
H,1835086416,250,288,0.9901101394401584,0.9901121476237499,0.10434339200199516,0.9901101394401584,0.7085410287299323,0.2,0.8103002669059828,0.7110893557152987,0.9382167100448389,0.935351898616962,290,0.27831333455553775,0.16414851335367947,0.08605812870128382,0.1594264911267274,0.24256114305933604,0.06949238920343553,0.0,0.2,False,False,0.0,0
H,1835086416,251,290,0.9797513475818621,0.9887167836504972,0.037436480769505814,0.9797513475818621,0.6864718840443009,0.526,0.8178327861152717,0.7065008677841096,0.9443950390403549,0.9147332918328805,281,0.07457474818219748,0.24157002715059067,0.0018256135331601133,0.2375452237654681,0.40370376439974615,0.04078062296883742,0.6,0.4,False,False,0.0,0
H,1835086416,252,281,0.9917842836606308,0.991873737063582,0.07413721889724553,0.9917842836606308,0.7193379963654202,0.326,0.811931956167618,0.7109276659897709,0.9320245312542466,0.9394603106140269,293,0.1843980199358342,0.1611049018619948,0.08389108702426634,0.26244556926437423,0.21034498058963566,0.09781544132389486,0.6,0.2,False,False,0.0,0
H,1835086416,253,293,0.9905695726301355,0.9920272473662968,0.05192283715364371,0.9905695726301355,0.7356863008220825,0.42400000000000004,0.8059016146394832,0.7050142632389775,0.9388220781288219,0.9318211919711962,300,0.05791225685869052,0.16042766236060058,0.09226688737482198,0.29777688815134323,0.322386764094578,0.06922954115996575,0.8,0.2,False,False,0.0,0
H,1835086416,254,300,0.9938326159338757,0.9938360321180247,0.1001441377423851,0.9938326159338757,0.7467312625232359,0.2,0.8021236155475387,0.6950980803488463,0.9449398703159397,0.9170660427534728,305,0.004181628397720723,0.20846706593499456,0.007384705349669242,0.2716622788366484,0.43608052328150726,0.0722237981994598,0.0,0.2,False,False,0.0,0
H,1835086416,255,305,0.9881602042941745,0.9881602810690985,0.13031022739174042,0.9881602042941745,0.7407738581509051,0.126,0.8033463615968894,0.6951512500148385,0.9197172865922634,0.9408537659535712,310,0.12260092104293067,0.3206894756939628,0.0997853946526245,0.2980423624910801,0.14635701653958805,0.01252482957981398,0.6,0.0,False,False,0.0,0
H,1835086416,256,310,0.9895444965528748,0.989546482422055,0.10442778836035425,0.9895444965528748,0.7307480287060673,0.2,0.8059832224096869,0.700406408975111,0.927745557933037,0.9366885819012964,306,0.1876590182626809,0.16515876160263207,0.08351980557610875,0.15499958408098538,0.36082945341898326,0.047833377058609704,0.0,0.2,False,False,0.0,0
H,1835086416,257,306,0.9853746210954482,0.9853746236011172,0.15752969809088294,0.9853746210954482,0.7320209171467645,0.0,0.8086738864547272,0.7142649010119142,0.8999523568236308,0.9814459146856468,308,0.298485156069484,0.2667075713785916,0.011707517295615637,0.26625024570116335,0.12490677341948746,0.031942736135658005,0.0,0.0,False,False,0.0,0
H,1835086416,258,308,0.9903556633940034,0.991372526723449,0.05478416249704345,0.9903556633940034,0.7450989651443173,0.42400000000000004,0.8108022027538007,0.7109707376135193,0.9099571211412678,0.963642350574697,309,0.09273852065251002,0.1661657872503491,0.07295008633267527,0.24153178260725955,0.37207861506151246,0.054535208095693635,0.8,0.2,False,False,0.0,0
H,1835086416,259,309,0.9916143714387908,0.9916280625698877,0.08907606573599565,0.9916143714387908,0.7529514316855563,0.256,0.8034983597878971,0.7227689466940708,0.8959191282698944,1.004027669494197,312,0.2793343245153433,0.15491205125717125,0.03165712803161923,0.27936789113445765,0.1847885962137671,0.06994000884764141,0.4,0.2,False,False,0.0,0
H,1835086416,260,312,0.9875898714605522,0.9876582037392163,0.07624724745909738,0.9875898714605522,0.7437160195843199,0.326,0.8050875600226447,0.7140506192043803,0.8857857315191979,1.0012838324000668,314,0.0302514980626636,0.37667014827817324,0.005864080679331892,0.3572003056908785,0.1972925803814646,0.03272138690748817,0.6,0.2,False,False,0.0,0
H,1835086416,261,314,0.9927939637702037,0.9929923858748372,0.0678045687343983,0.9927939637702037,0.7526414498653151,0.326,0.802415303548687,0.7133468098486665,0.8963344192870155,0.9918167690533807,315,0.12498402005631583,0.289149021719122,0.008237596210165992,0.2291090940948542,0.2956363045986869,0.0528839633208551,0.6,0.2,False,False,0.0,0
H,1835086416,262,315,0.9921175356760044,0.9921232216590502,0.09607490944904269,0.9921175356760044,0.7517167486817791,0.22400000000000003,0.8015459583881454,0.7141412141524818,0.906700977358314,0.9826335430784056,315,0.14327180995310784,0.29282406856380233,0.01216592518578146,0.19343299692203375,0.31065067358190457,0.04765452579337003,0.8,0.0,False,False,0.0,0
H,1835086416,263,315,0.9903495802941954,0.9905490966288558,0.06774118208718609,0.9903495802941954,0.7395429355576566,0.35,0.7999138136663517,0.7114106325343911,0.8981516560441023,0.9902103925697128,313,0.09970598861916707,0.1814811409471745,0.1733377409847798,0.26981309797056874,0.21060388210809847,0.06505814937021148,1.0,0.0,False,False,0.0,0
H,1835086416,264,313,0.9915826949708124,0.9916107584737426,0.0833628087180904,0.9915826949708124,0.7194767060988758,0.256,0.799459728801123,0.7198374383964069,0.9083364904396921,0.9912679783317945,307,0.2374667186091921,0.22592638483115907,0.02308183777309648,0.1093795637981918,0.3760267316678017,0.028118763320558862,0.4,0.2,False,False,0.0,0
H,1835086416,265,307,0.9899865432290652,0.9899881580439789,0.10607777330728652,0.9899865432290652,0.713193288814119,0.2,0.7983157617528174,0.7338455664765866,0.9110294740406385,1.0090148156081558,303,0.31776744350996233,0.17584920828514108,0.030969464223434662,0.1686399884379787,0.26763316322457786,0.039140732318905386,0.0,0.2,False,False,0.0,0
H,1835086416,266,303,0.9920889769200512,0.9920997944709016,0.09095507299972115,0.9920889769200512,0.7076947322572695,0.21400000000000002,0.7986654240842839,0.7331226512014533,0.9140477469646956,1.0042523860084307,298,0.13711703810870007,0.2517293766341187,0.01650524789013235,0.23946543346332166,0.2706061016406048,0.08457680226312243,0.2,0.2,False,False,0.0,0
H,1835086416,267,298,0.9889467507657422,0.9891394780572612,0.06800542344034088,0.9889467507657422,0.7062856661697093,0.35,0.7950784970645938,0.7256607023269325,0.9057285434661944,1.0076867363543647,302,0.05242729606939832,0.1630351700140383,0.06607426127013742,0.37111526181192567,0.21542785598984174,0.13192015484465863,1.0,0.0,False,False,0.0,0
H,1835086416,268,302,0.9903565632771093,0.9903566021122648,0.13575310648152544,0.9903565632771093,0.7118413051617213,0.05600000000000001,0.79248423079496,0.7176446396741265,0.9151556891195749,0.9895183042249928,302,0.0408371557942577,0.30843037422208525,0.00918463401686646,0.30093439446581466,0.32694675740924056,0.013666684091735446,0.4,0.0,False,False,0.0,0
H,1835086416,269,302,0.9885328445262788,0.9885437244626776,0.09088071532393885,0.9885328445262788,0.693477962879022,0.22400000000000003,0.794216980033388,0.7244669653012296,0.891384216304494,1.023327109428187,298,0.22130697013511755,0.19450431607807006,0.0628699491289823,0.24936671200192503,0.1387204804843833,0.13323157217152184,0.8,0.0,False,False,0.0,0
H,1835086416,270,298,0.9825420307337024,0.9930352950316076,0.03621860103376338,0.9825420307337024,0.6959494686235534,0.526,0.7939690838807902,0.7241667933658643,0.8903582294907715,1.0244015744724109,301,0.13653970412120328,0.31618742681012985,0.01581462246210579,0.24169940527571496,0.24056217408363392,0.049196667247212264,0.6,0.4,False,False,0.0,0
H,1835086416,271,301,0.9838297857419551,0.9868155667865165,0.046173384341109,0.9838297857419551,0.6877560484727804,0.456,0.7921401475478185,0.7307977475284101,0.8976430012902308,1.027759561991,299,0.22299117288548742,0.17285637781070223,0.13909152221277146,0.14741512755471592,0.2816029737426825,0.03604282579364037,0.4,0.4,False,False,0.0,0
H,1835086416,272,299,0.9862199554964426,0.9871147823269478,0.05576757993111703,0.9862199554964426,0.7103282642479186,0.4,0.7929632416675324,0.7228163854203855,0.9078787011612077,1.0040309616724663,307,0.04448156585494894,0.2182469155424889,0.023622144294317894,0.23566791121206296,0.4089680911246056,0.06901337197157581,0.0,0.4,False,False,0.0,0
H,1835086416,273,307,0.9900457011343093,0.9902035150980292,0.0696048766444777,0.9900457011343093,0.7161540809409832,0.326,0.7983094511224813,0.7280734798136901,0.8952794262389596,1.0186977262666084,305,0.20497392080404853,0.17180679090640158,0.0251295274133891,0.3246472519651783,0.19094297596936344,0.08249953294161905,0.6,0.2,False,False,0.0,0
H,1835086416,274,305,0.9691787278252514,0.9904587869403839,0.03056985452890759,0.9691787278252514,0.6927132574053533,0.55,0.8015508366134634,0.7315222118967076,0.901831825896832,1.011977573528756,298,0.18565507592127622,0.15906398028218066,0.13626120280646475,0.21255977572813267,0.2804017114088418,0.026058253853103903,1.0,0.2,False,False,0.0,0
H,1835086416,275,298,0.9905508554100007,0.990551022658153,0.12413174367932234,0.9905508554100007,0.6976483458861484,0.126,0.8022495204216803,0.7253112053023635,0.900182532175607,1.0043482783882796,295,0.06706380000614086,0.32901063028411415,0.01727885149463041,0.25073974881032784,0.24266944434229074,0.09323752506249593,0.6,0.0,False,False,0.0,0
H,1835086416,276,295,0.9880206830583387,0.9882316677563453,0.06727765275887114,0.9880206830583387,0.6638706409641709,0.35,0.8060995977828788,0.7158129064208418,0.9101642789580463,0.9756432255864707,278,0.0220907672949563,0.17830328069264093,0.06065129060829572,0.3014996529107095,0.3691189459689389,0.0683360625244586,1.0,0.0,False,False,0.0,0
H,1835086416,277,278,0.9736786909255697,0.9884662660126611,0.0334511580434707,0.9736786909255697,0.6579872734541937,0.55,0.8070175713237964,0.7154045012691929,0.9191478510622417,0.9644579590870768,280,0.12977800211741422,0.28523149257291824,0.00568474493722758,0.18732994951843188,0.3131757697538988,0.07880004110010931,1.0,0.2,False,False,0.0,0
H,1835086416,278,280,0.9876421102251344,0.9884055195905892,0.057042326535249585,0.9876421102251344,0.6590841571333919,0.41400000000000003,0.8046390368489312,0.7107277191984092,0.9272330659560175,0.9526058512332055,280,0.07616803740844882,0.22220379663713308,0.09409334794249295,0.183052539271919,0.32677872799312974,0.0977035507468764,0.2,0.4,False,False,0.0,0
H,1835086416,279,280,0.988671383307666,0.9886728259580967,0.10696459594207672,0.988671383307666,0.6644124862664665,0.2,0.8024372527960203,0.7192944655997631,0.9294694349515839,0.9644073765024473,283,0.2387891545159302,0.16892708117082444,0.05450681118354484,0.16475208403902752,0.27479837795584056,0.09822649113483249,0.0,0.2,False,False,0.0,0
H,1835086416,280,283,0.9907543709329212,0.990757925563796,0.09980321531912391,0.9907543709329212,0.6716753188420088,0.2,0.8037578858733536,0.7162093946074634,0.9249269451991804,0.9634015370649144,285,0.09849565359610578,0.23704489433039005,0.02730174751038431,0.25808584188389716,0.2420222687137748,0.13704959396544808,0.0,0.2,False,False,0.0,0
H,1835086416,281,285,0.9909986970241621,0.9911363947961404,0.07069777372216421,0.9909986970241621,0.6780864733314045,0.35,0.8029778316676079,0.7191447700722454,0.9100790234223904,0.9840873891999252,288,0.17182306493943983,0.16890408822287614,0.08107241273675914,0.30980233152416137,0.18822386371564037,0.08017423886112322,1.0,0.0,False,False,0.0,0
H,1835086416,282,288,0.9908919362196134,0.991062364008692,0.06899968951207282,0.9908919362196134,0.6471986363793436,0.326,0.8091982049648154,0.7186855167916222,0.8906543929256354,0.9971827746461388,276,0.13122481528736277,0.21515001593372354,0.02509787163663988,0.30303720885150953,0.15791635922742028,0.1675737290633439,0.6,0.2,False,False,0.0,0
H,1835086416,283,276,0.9879878700756681,0.9879904968672626,0.10218877733066267,0.9879878700756681,0.6417114561836702,0.22400000000000003,0.8087363297989411,0.7114895687524425,0.8900222401434249,0.9884637006893099,275,0.046729097505017955,0.16518017505379085,0.10179154937541797,0.4309534737412426,0.24216643255176534,0.013179271772765358,0.8,0.0,False,False,0.0,0
H,1835086416,284,275,0.9795779794836794,0.9900592637428841,0.03620380275393036,0.9795779794836794,0.634340724622256,0.526,0.8085570182267519,0.7166492169916435,0.9010200161290824,0.9836974388378517,270,0.19667658346028882,0.21280567903818082,0.0558632704200002,0.22095903023320618,0.3130464285751997,0.0006490082731243307,0.6,0.4,False,False,0.0,0
H,1835086416,285,270,0.944440269742233,0.9885119149301776,0.024758890524299592,0.944440269742233,0.6195290310853103,0.6,0.8069156691532904,0.7182029207397403,0.9109180145161742,0.9771016061201316,271,0.1548270574709876,0.23345936791191232,0.00938982929117793,0.22806417248199307,0.32650827803566873,0.04775129480826042,0.0,0.6,False,False,0.0,0
H,1835086416,286,271,0.9858048733110056,0.9858048811495582,0.1484547200661859,0.9858048733110056,0.6567320755220812,0.05600000000000001,0.8069229193698587,0.7310989956575922,0.911323321441989,0.9941951767596361,275,0.2975777619354854,0.23917520567181424,0.010465418359602387,0.1629059278262261,0.2574855418871612,0.03239014431971074,0.4,0.0,False,False,0.0,0
H,1835086416,287,275,0.9747712437874119,0.9842529172280627,0.036954823738364,0.9747712437874119,0.652679586364261,0.526,0.8025574471697237,0.7267991868989041,0.917397877785362,0.9871441418805014,279,0.09068926280239438,0.2968745902182033,0.008586898644690366,0.20862410725921354,0.286034442437859,0.10919069863763943,0.6,0.4,False,False,0.0,0
H,1835086416,288,279,0.9892475439838244,0.9900672823536891,0.05648901395833339,0.9892475439838244,0.6676485560311217,0.4,0.8039640285740193,0.7243217413978956,0.9256580900068258,0.9732945744441528,281,0.11078142304920867,0.2936008532504484,0.0032917954914368744,0.19943963751781885,0.3762719957242464,0.016614294966840717,0.0,0.4,False,False,0.0,0
H,1835086416,289,281,0.9893734845977865,0.9893737640387364,0.12003627282040898,0.9893734845977865,0.6738173253920465,0.126,0.8027482205486544,0.7275220965983888,0.9330922810061432,0.9712750664774497,279,0.18020552837985035,0.1748779819524076,0.052054595799414516,0.24484709509920088,0.31149821649683684,0.03651658227228976,0.6,0.0,False,False,0.0,0
H,1835086416,290,279,0.9879579205578317,0.9879579265914824,0.1505552535111176,0.9879579205578317,0.6732993953086002,0.0,0.8042590330990502,0.7232084494598082,0.9234370327267319,0.9737786690268734,280,0.08828072114173484,0.2325702787776927,0.09687806073061649,0.2763632946703899,0.21826989910601544,0.08763774557355063,0.0,0.0,False,False,0.0,0
H,1835086416,291,280,0.9901479128712899,0.9901565412433498,0.0927393508331241,0.9901479128712899,0.6816115202891616,0.21400000000000002,0.8015691607648239,0.7200145777569669,0.9141090368646974,0.9826577576863866,285,0.09958188462686349,0.1605650670801981,0.05138503804976304,0.41866534493963253,0.21507853705319271,0.054724128250350224,0.2,0.2,False,False,0.0,0
H,1835086416,292,285,0.9914011578130417,0.9914050090420772,0.09917048332204198,0.9914011578130417,0.7029237883847061,0.22400000000000003,0.7991048422828942,0.7099072562768352,0.9226981331782276,0.9628047208100907,295,0.011167592596458206,0.1898403863410463,0.14050368573539,0.24649194608688899,0.34643970885070696,0.06555668038950964,0.8,0.0,False,False,0.0,0
H,1835086416,293,295,0.9887018281999687,0.9899033163910359,0.0534443121618092,0.9887018281999687,0.7033965501231327,0.41400000000000003,0.800707923473248,0.706970758529212,0.9073428616616818,0.9730964721126507,299,0.09448581332773286,0.21168732277985697,0.08195479856254019,0.3913423029508275,0.18457270900638484,0.03595705337265763,0.2,0.4,False,False,0.0,0
H,1835086416,294,299,0.9875724417035944,0.9875728100143958,0.11782370545306944,0.9875724417035944,0.6986592548289021,0.126,0.8059978966995737,0.7044767216849539,0.9166085754955136,0.9535617512780669,296,0.098181263527531,0.20158556350119755,0.14355555380440885,0.20266565093518052,0.3004139821835766,0.0535979860481056,0.6,0.0,False,False,0.0,0
H,1835086416,295,296,0.992289426434907,0.9923014912861543,0.09008803621251688,0.992289426434907,0.6978866910898348,0.256,0.8083549215265714,0.7034029624421868,0.9249477179459622,0.9407731652756474,293,0.11437596051850792,0.18172549023391146,0.016675739158700544,0.21011663384980853,0.33007675409020565,0.147029422148866,0.4,0.2,False,False,0.0,0
H,1835086416,296,293,0.9780068215700817,0.9901100135835382,0.03505893106238303,0.9780068215700817,0.6758865578563361,0.526,0.809731160313302,0.7136869653861492,0.9075461954707501,0.9711765160492816,290,0.2556768883258961,0.19597746144231587,0.05205705273611535,0.21461765094484148,0.17546624659692073,0.10620469995391059,0.6,0.4,False,False,0.0,0
H,1835086416,297,290,0.9904912587967591,0.9904940032245513,0.10186019585888455,0.9904912587967591,0.6772301915713943,0.21400000000000002,0.8165810074046347,0.71600528569833,0.9049370453750758,0.9689437963656011,284,0.16253335726860402,0.24995928270069326,0.0596569145029999,0.23712357116175545,0.24072734725700323,0.049999527108944175,0.2,0.2,False,False,0.0,0
H,1835086416,298,284,0.9861336897407579,0.9861336901839299,0.17132548648570442,0.9861336897407579,0.6727100182493276,0.0,0.8171144545387078,0.715413666445043,0.8979480376259034,0.9750415734035948,284,0.12760806289536852,0.23973349530006086,0.06429251731698922,0.2552311072091151,0.21752348394167575,0.09561133333679056,0.0,0.0,False,False,0.0,0
H,1835086416,299,284,0.9873330774113206,0.9886989609097374,0.05241381754487935,0.9873330774113206,0.6892093342873513,0.42400000000000004,0.8159326960263157,0.7151511811324038,0.8932004304243281,0.9812837342823688,290,0.13135247512016257,0.26650340257430044,0.02618465785279764,0.3439261500579774,0.22523598280507526,0.00679733158968668,0.8,0.2,False,False,0.0,0
