arm,seed,step,novelty_vector_count,h_n_latest,h_n_shape_latest,V,H_N,L_t,total_suppression,avg_wb,theta_capability,transfer_state,g,population,x_compute,x_bio_welfare,x_novelty_agency,x_institutional_capacity,x_transfer_comprehension,x_resilience,c_protective,c_suppressive,adapter_active,action_modified,adapter_score,shape_fallback_increase
H,1835086379,0,200,0.9837614372122757,0.9838183475093151,0.07767218483945187,0.9837614372122757,0.09578033921056209,0.126,0.6637256068495299,0.525,0.5229398992398566,1.51258208141097,201,0.3997156559080872,0.16397593859605028,0.019225949173856116,0.21988806956928575,0.16469949619928284,0.032494890553437863,0.6,0.0,False,False,0.0,2
H,1835086379,1,201,0.9384668447368896,0.987426013640959,0.02391297989478002,0.9384668447368896,0.11592616509510774,0.526,0.6787917394142706,0.5384245027260373,0.5533147557297167,1.4335604636857815,209,0.18343128407546597,0.19309102114105975,0.023612223139476213,0.3026607496253912,0.21334423206922834,0.08386048994937863,0.6,0.4,False,False,0.0,0
H,1835086379,2,209,0.9802290437341967,0.9804073245657519,0.0685550582714529,0.9802290437341967,0.14428219931505906,0.21400000000000002,0.6834958437017813,0.5565851005739655,0.597983280156745,1.3617790772073628,212,0.2510227873028758,0.15026550284485204,0.01121389578105103,0.20148915522949826,0.3217092068367298,0.06429945200499312,0.2,0.2,False,False,0.0,0
H,1835086379,3,212,0.9812306676198528,0.9844826030931826,0.04547484069686648,0.9812306676198528,0.17251394683410054,0.35,0.6831585303842919,0.5755561547130033,0.6347740426635866,1.3272326219469115,219,0.2725038645967001,0.1455550654815051,0.011074054975745682,0.24511435851008267,0.2829454526125805,0.042807203823385945,1.0,0.0,False,False,0.0,0
H,1835086379,4,219,0.9855414857227689,0.98586698397227,0.0638073212790338,0.9855414857227689,0.1914459831855124,0.256,0.699019539955868,0.5724925835921739,0.671296638397228,1.2200175459541218,213,0.008927957685260425,0.24868677419990734,0.02533010385315088,0.396020938866665,0.30503303766995465,0.01600118772506167,0.4,0.2,False,False,0.0,0
H,1835086379,5,213,0.9797719495862328,0.9797843879293371,0.08974430452270994,0.9797719495862328,0.20387425868415235,0.126,0.7112819809514023,0.581599411461305,0.7010756929215594,1.1663187076018189,211,0.1591432131092477,0.2939364282956142,0.03300542176521106,0.1318250890170216,0.2845435918202709,0.09754625599263467,0.6,0.0,False,False,0.0,0
H,1835086379,6,211,0.9823305915644434,0.982980751733528,0.05827671241295769,0.9823305915644434,0.2305335773149185,0.326,0.7221877058382788,0.5862273826721808,0.7309568668556538,1.110514565584255,213,0.10884927229926228,0.18657378933234056,0.04548435096658729,0.34036007098906,0.2999437161312514,0.01878880028149843,0.6,0.2,False,False,0.0,0
H,1835086379,7,213,0.9809204295056788,0.9813973272853223,0.06073083885789577,0.9809204295056788,0.2530722175531171,0.326,0.7291593553315269,0.5957386592669397,0.7578611801700884,1.0780618298594287,219,0.17278307160459985,0.19756643537445304,0.07024619043517188,0.1583573863442511,0.31318523634654233,0.08786167989498174,0.6,0.2,False,False,0.0,0
H,1835086379,8,219,0.9796204318391205,0.9833922545889043,0.04428547676868456,0.9796204318391205,0.26760756938153535,0.41400000000000003,0.7379519026528207,0.5916945427018101,0.7820750621530795,1.0252294408503724,218,0.009285204977717045,0.1717114910332324,0.05280343495774668,0.2262669954438312,0.37752011814576836,0.16241275544170433,0.2,0.4,False,False,0.0,0
H,1835086379,9,218,0.9789967337424086,0.9854300746696565,0.040051787322962815,0.9789967337424086,0.2976240344976862,0.456,0.7405987328300316,0.5915831497716885,0.8038675559377716,0.9936840751187167,227,0.05591667756211115,0.16857931480890645,0.07550613687564027,0.3312321970044362,0.3560781338281452,0.012687539920760828,0.4,0.4,False,False,0.0,0
H,1835086379,10,227,0.9902469754604623,0.9902470157605404,0.13545748393774032,0.9902469754604623,0.3278765082738973,0.0,0.746447160107201,0.5975582596116579,0.8234808003439944,0.9721375210719568,232,0.1319283416069223,0.17985120267923205,0.11211345943698774,0.23925038488478,0.3019463447866116,0.03491026660546641,0.0,0.0,False,False,0.0,0
H,1835086379,11,232,0.986790849136435,0.9867931241521335,0.10332359395859958,0.986790849136435,0.33796067493551535,0.126,0.7550295272437864,0.5927510551163021,0.8397345625899704,0.9349026072969797,228,0.0008838560653389458,0.23618721678176136,0.047073281216445544,0.2891871531091011,0.2930092114018768,0.13365928142547634,0.6,0.0,False,False,0.0,0
H,1835086379,12,228,0.9873039225148766,0.987948613567963,0.058384083308734715,0.9873039225148766,0.3581030289204415,0.326,0.7567788591225546,0.5929459196734119,0.8557611063309734,0.9155742063417255,235,0.06040521641156206,0.21647917285394958,0.09097152424556147,0.2018839016052525,0.357370275639365,0.07288990924430946,0.6,0.2,False,False,0.0,0
H,1835086379,13,235,0.985293884729096,0.9853030089726158,0.09225543415432723,0.985293884729096,0.38445891535613436,0.2,0.7644738677056898,0.6032485106943244,0.870184995697876,0.9068219490607565,240,0.18687358755728814,0.2635784988953563,0.006914772185868774,0.2127147083376386,0.30750129481633776,0.02241713820751044,0.0,0.2,False,False,0.0,0
H,1835086379,14,240,0.9862151314141476,0.9862326881616547,0.08705304553613033,0.9862151314141476,0.40442414993725034,0.21400000000000002,0.7686326760667435,0.6225590069747897,0.8470754213924208,0.9561798711972593,244,0.30591152268976973,0.1664179514285561,0.03418709770671864,0.2813801474008366,0.11954462632166155,0.0925586544524574,0.2,0.2,False,False,0.0,0
H,1835086379,15,244,0.9710236459213692,0.9846849487243938,0.034051246677299876,0.9710236459213692,0.4182408939913291,0.526,0.7767080039356895,0.6202145721660374,0.8623678792531787,0.9259586934491365,247,0.04729394424983969,0.30351874188107764,0.07704780924537365,0.24186181983275343,0.3086659682334211,0.021611716557534598,0.6,0.4,False,False,0.0,0
H,1835086379,16,247,0.9880444556103385,0.9880452230910413,0.11198333522740858,0.9880444556103385,0.43789548158873365,0.126,0.7802330057824728,0.6160774350211283,0.8761310913278608,0.9012429733329114,246,0.02341989329241013,0.17478571308436217,0.03602682782203298,0.3396475380418576,0.3031650482671069,0.12295497949223026,0.6,0.0,False,False,0.0,0
H,1835086379,17,246,0.985063141727834,0.9851125721836629,0.07880430005785086,0.985063141727834,0.4571589935411525,0.256,0.7819848878731186,0.6310369373642137,0.8808149794078602,0.9161608496987464,249,0.2595421761767726,0.1920774056466556,0.007755468643549854,0.21636832713402926,0.26148498606392767,0.06277163633506502,0.4,0.2,False,False,0.0,0
H,1835086379,18,249,0.9909227378981913,0.9909287890454699,0.0955698546618626,0.9909227378981913,0.4677484450864984,0.2,0.7880350251296546,0.649485090496003,0.8705071705847377,0.9467848771867642,248,0.3716583798558263,0.1872577863455177,0.006853242405814734,0.19338675104985925,0.1888684455883173,0.051975394754664506,0.0,0.2,False,False,0.0,0
H,1835086379,19,248,0.985006405599682,0.9852410504554524,0.06640747066613009,0.985006405599682,0.48128536503224334,0.326,0.7936221220323926,0.6449287607940724,0.8834564535262639,0.9198411455022518,249,0.036474060285868304,0.17703249688894795,0.17435190478716198,0.26801467122978523,0.30928161692937933,0.03484524987885724,0.6,0.2,False,False,0.0,0
H,1835086379,20,249,0.9816380672036802,0.9836910413230231,0.04912976050993063,0.9816380672036802,0.49100433600547116,0.42400000000000004,0.7976995337693386,0.641540414184789,0.8951108081736375,0.8984788965007328,251,0.04822614288025292,0.25539176827343557,0.10753896262504811,0.2223940479054204,0.35584752417947835,0.010601554136364585,0.8,0.2,False,False,0.0,0
H,1835086379,21,251,0.9864660407399887,0.9875510181340007,0.05423731614065039,0.9864660407399887,0.5023527889760463,0.4,0.7945439290378908,0.6439245347879656,0.8964764356742,0.9040202959615102,252,0.11826426640520038,0.15628305963522726,0.168696738775154,0.26419972055658786,0.25438354158963106,0.03817267303819941,0.0,0.4,False,False,0.0,0
H,1835086379,22,252,0.9895296387449246,0.989560798634562,0.08251322022138288,0.9895296387449246,0.4951890740350045,0.256,0.7890540785453932,0.6443720156209359,0.8960088892826347,0.9114179632790892,246,0.09554634465460704,0.13405291836071143,0.19872318331976166,0.31345703088781507,0.2459004858792733,0.012320036897831404,0.4,0.2,False,False,0.0,0
H,1835086379,23,246,0.9850377856383762,0.9850391130350207,0.10759806085718379,0.9850377856383762,0.5077058392000945,0.126,0.7919047564296187,0.6450859447014674,0.9064080003543712,0.8987127392323682,251,0.09915662326972885,0.21665282640995068,0.016371018066330206,0.1963591324991054,0.41986094011871267,0.05159945963617229,0.6,0.0,False,False,0.0,0
H,1835086379,24,251,0.9855034665848946,0.9855035326004308,0.1314906728097466,0.9855034665848946,0.5274167316107818,0.05600000000000001,0.7945452242497208,0.6444992605895827,0.9028536106434053,0.8984345871210558,258,0.08334516403985914,0.31075306538775893,0.043441268634510054,0.26846222789506907,0.23543205162235645,0.05856622242044629,0.4,0.0,False,False,0.0,0
H,1835086379,25,258,0.9867285950869261,0.9867302436513758,0.10588688416679008,0.9867285950869261,0.5395149430675732,0.2,0.7990040217192875,0.6412516587383679,0.907965846077196,0.8839140227158779,259,0.04971701472830319,0.2121709022613277,0.08305449375208988,0.2926322471429164,0.27698798249065637,0.08543735962470642,0.0,0.2,False,False,0.0,0
H,1835086379,26,259,0.9860732191525033,0.9860732296411119,0.14613862966721672,0.9860732191525033,0.5581464561008027,0.0,0.7914740244163736,0.6394587453402802,0.9171692614694764,0.8808995211369062,266,0.06587086923538389,0.17434029038038115,4.592330352669608e-05,0.30013521617994937,0.4331141392732411,0.026493561627517755,0.0,0.0,False,False,0.0,0
H,1835086379,27,266,0.9843624606079007,0.9880999112447074,0.04439636363885985,0.9843624606079007,0.5614277207007753,0.456,0.7913653930393034,0.6562733938490243,0.9002235475484354,0.9212073080944589,268,0.297344822196975,0.18212752932331563,0.020161093754564298,0.20559698184351816,0.17385606112953306,0.12091351175209394,0.4,0.4,False,False,0.0,0
H,1835086379,28,268,0.9866877262302209,0.9866880609446774,0.11857794697308752,0.9866877262302209,0.5695322920127249,0.126,0.7918619614483229,0.657058658339658,0.9005418960394974,0.9214053696555552,268,0.10748667728856218,0.24564299942331183,0.05391199727970435,0.29658563582495473,0.2517035162295281,0.04466917395393891,0.6,0.0,False,False,0.0,0
H,1835086379,29,268,0.9876498082976135,0.9898014728292531,0.048805310349528244,0.9876498082976135,0.5885517894287409,0.42400000000000004,0.7871963279969777,0.6557523706666477,0.9062277147285414,0.9192200103356301,275,0.0818330655496578,0.15395100354130034,0.07654845138226325,0.2683491924897626,0.27870004146496846,0.1406182455720476,0.8,0.2,False,False,0.0,0
H,1835086379,30,275,0.986622249217665,0.9866368308676722,0.08853428940385352,0.986622249217665,0.5949085203232273,0.256,0.7910944538379847,0.6574334240047474,0.8964294165245457,0.9270589276197716,277,0.11835839839290052,0.19015261503304387,0.010878132002825436,0.4401632161015535,0.2041223663442921,0.0363252721253847,0.4,0.2,False,False,0.0,0
H,1835086379,31,277,0.9871949594388988,0.9884212467185844,0.05326975971072087,0.9871949594388988,0.5922768077241943,0.42400000000000004,0.7969792217853079,0.6710688696281677,0.8835936733700963,0.9529442548832465,270,0.2688389602957213,0.19209453382783356,0.010022914745830998,0.30002738907400767,0.1840359924900259,0.04498020956658061,0.8,0.2,False,False,0.0,0
H,1835086379,32,270,0.9893578749120273,0.9893632217417038,0.0965422808010326,0.9893578749120273,0.6096699316912962,0.2,0.7881727587388042,0.6741297679048972,0.8952343060330867,0.9554002886280757,283,0.14517927197672423,0.2789416700864195,0.08626120610787075,0.13261620212756695,0.34536265623317025,0.011638993468248485,0.0,0.2,False,False,0.0,0
H,1835086379,33,283,0.9854852138187911,0.9901493209015834,0.04264975814913744,0.9854852138187911,0.6291922473701256,0.456,0.7822228511325838,0.685687698478357,0.8972959825000911,0.9769225535095192,288,0.2533052371088073,0.14744072622944024,0.04311020175709568,0.2602460661929903,0.25792553535156537,0.03797223336010108,0.4,0.4,False,False,0.0,0
H,1835086379,34,288,0.9843556732180188,0.9843699580790912,0.08867966711877959,0.9843556732180188,0.6473708635405775,0.22400000000000003,0.7818409216794855,0.6785825575466039,0.9075663842500821,0.9563258453138925,296,0.02724054990206031,0.2981462027409624,0.014733225238245624,0.244283446461409,0.31460473029014746,0.10099184536717529,0.8,0.0,False,False,0.0,0
H,1835086379,35,296,0.9719629577833181,0.9885087168893832,0.032557245052414724,0.9719629577833181,0.6488865957873732,0.526,0.7797136689055919,0.6759490656526431,0.9121230238635566,0.9504415326136939,301,0.0786954497921183,0.1758933691426037,0.1910497220065011,0.2370895866573186,0.27656639019241386,0.04070548220904451,0.6,0.4,False,False,0.0,0
H,1835086379,36,301,0.9875797821509267,0.9878816375619329,0.06442383228767337,0.9875797821509267,0.6623296814085462,0.35,0.7868038971285465,0.680628755828508,0.9205072135285077,0.9397592195396005,295,0.16846429323121329,0.1664800454728115,0.09572139486867659,0.23592932256887114,0.2979824602565342,0.035422483601893394,1.0,0.0,False,False,0.0,0
H,1835086379,37,295,0.9897126372486432,0.9897177689431662,0.0968720362612762,0.9897126372486432,0.6887140967430515,0.22400000000000003,0.7862580228148759,0.6926430842093554,0.9060879916450557,0.9722412373788414,305,0.26307207715340947,0.2396153708533439,0.053791161829434594,0.24816178975319447,0.188157497346994,0.0072021030636235306,0.8,0.0,False,False,0.0,0
H,1835086379,38,305,0.9949377112929714,0.9949978049294186,0.0773288795109545,0.9949377112929714,0.690745004569833,0.256,0.7969376057247947,0.7068994036589574,0.8889205283010759,0.9978617116225804,298,0.29860592075087267,0.26413842144057625,0.004000541979483091,0.2644901842931434,0.16720667910262904,0.0015582524332956316,0.4,0.2,False,False,0.0,0
H,1835086379,39,298,0.9919217154292832,0.9920610024540663,0.07061385014382421,0.9919217154292832,0.6971670897840647,0.326,0.7962062076909592,0.717454497754675,0.8977325798437095,1.003741352430732,298,0.26125080348331775,0.22109586375806536,0.023919885587202393,0.192849044170604,0.28852052186370575,0.01236388113710477,0.6,0.2,False,False,0.0,0
H,1835086379,40,298,0.9897450078804977,0.9897569562387126,0.0901448307037002,0.9897450078804977,0.7051948281456454,0.22400000000000003,0.7953746666103757,0.7238496633245285,0.8896403046105056,1.022968291778411,302,0.21584863071984078,0.19359378451005765,0.10446618278349455,0.2427207369837637,0.2084049137558355,0.03496575124700781,0.8,0.0,False,False,0.0,0
H,1835086379,41,302,0.9728975040183009,0.9899291899738883,0.03233826567533163,0.9728975040183009,0.6899854567971062,0.526,0.8009216743299572,0.7194728048627621,0.8830918900274657,1.0172283135670408,300,0.08519530880575099,0.277785669973288,0.08584053455808179,0.3301589849662375,0.21207807939005308,0.008941422306588688,0.6,0.4,False,False,0.0,0
H,1835086379,42,300,0.9898558008586203,0.9898682968648516,0.08978899366820661,0.9898558008586203,0.7112255456986921,0.21400000000000002,0.8021194047153394,0.7225186985429429,0.8887695604677303,1.0134933329659743,298,0.175244174041486,0.19799666304313995,0.011358315649259132,0.3240612831356307,0.2699342972150556,0.021405266915428604,0.2,0.2,False,False,0.0,0
H,1835086379,43,298,0.9890110872111039,0.9890111211467127,0.1368157886607964,0.9890110872111039,0.7174534612586948,0.0,0.8068967518907387,0.7285468070398511,0.8838157993397942,1.0215925827065746,300,0.21442554280069087,0.3020996824748555,0.02128347030477069,0.21922892953354767,0.2196159745941843,0.0233464002919508,0.0,0.0,False,False,0.0,0
H,1835086379,44,300,0.9832094908694505,0.9847004882784173,0.05168390889452041,0.9832094908694505,0.7044100715627448,0.41400000000000003,0.8050195544622547,0.7261270361080105,0.8742570820078971,1.0317322795937998,299,0.11259461775189973,0.19987685859646862,0.0629518891993188,0.3083544480378328,0.19411431301041152,0.12210787340406838,0.2,0.4,False,False,0.0,0
H,1835086379,45,299,0.990029236074994,0.9900374509000716,0.09312935558441476,0.990029236074994,0.7271423845534003,0.21400000000000002,0.7892620387384165,0.7331436459817122,0.8826876323205008,1.0523514854769016,308,0.22903702098877818,0.14264393199054182,0.07040753461040263,0.2263386420574678,0.2792812925669674,0.052291577785842244,0.2,0.2,False,False,0.0,0
H,1835086379,46,308,0.9903524815336018,0.9903534457255552,0.11018560296640313,0.9903524815336018,0.7468408762257362,0.126,0.7886919851759392,0.7338782380993418,0.8944188690884508,1.0403407963808577,312,0.15489718020894075,0.19316383586760094,0.00577194151683682,0.24269364661726442,0.36441674565593263,0.03905665013342442,0.6,0.0,False,False,0.0,0
H,1835086379,47,312,0.990365684693826,0.9908388706909323,0.06086924989853082,0.990365684693826,0.759471809976514,0.35,0.7857329876795032,0.7304546878587383,0.9049769821796058,1.027260906189192,314,0.1033795208045446,0.16185439717778022,0.034367739615845355,0.31558617655333615,0.3128790679446089,0.07193309790388486,1.0,0.0,False,False,0.0,0
H,1835086379,48,314,0.9896997919344022,0.9907537379637379,0.054494074361363554,0.9896997919344022,0.7487260955745834,0.35,0.7848585643477418,0.7259678775503196,0.9123117786173491,1.0138710466106355,308,0.08794905105647687,0.16853601813844887,0.12073252321147467,0.26671027283632487,0.28916247327851974,0.06690966147875493,1.0,0.0,False,False,0.0,0
H,1835086379,49,308,0.9905054319671026,0.990537109126077,0.08239001353333662,0.9905054319671026,0.7351383344096262,0.256,0.7895616778913139,0.7242586328183592,0.9088448846461532,1.009294373100098,302,0.11986436431944592,0.17049353143158694,0.05563468844861438,0.25089906273095125,0.23882141945269483,0.16428693361670668,0.4,0.2,False,False,0.0,0
H,1835086379,50,302,0.9900142804007949,0.9900142946385758,0.14373770756778537,0.9900142804007949,0.7385862802338078,0.0,0.789726116364025,0.7233821574649806,0.9032770012485938,1.0140756147481975,304,0.12920570359424213,0.284851063097121,0.04120236141804131,0.28014608552121717,0.22658302533527963,0.03801176103409877,0.0,0.0,False,False,0.0,0
H,1835086379,51,304,0.9874775328058522,0.9907053681412398,0.04558420867991375,0.9874775328058522,0.7452165013387867,0.42400000000000004,0.792449324759983,0.718970653494793,0.9085047685135695,0.9986480380862172,305,0.0844700487882689,0.2025406937801726,0.023693141843183618,0.28658140398818505,0.2777773369491757,0.12493737465101395,0.8,0.2,False,False,0.0,0
H,1835086379,52,305,0.9872849905050844,0.9911835252448419,0.04408527473955939,0.9872849905050844,0.7486688817330797,0.456,0.787591141965592,0.7092695334580622,0.9148264041352906,0.9844004222198439,309,0.015592657975110022,0.16043997875649207,0.00014857674881332256,0.46443020057365064,0.28586056236538987,0.07352802358054417,0.4,0.4,False,False,0.0,0
H,1835086379,53,309,0.9892458139485036,0.9892458413125444,0.13853096512178548,0.9892458139485036,0.7393963183155458,0.05600000000000001,0.7900697341584086,0.7003231826231572,0.9125305454161026,0.9713721931355102,307,0.01896407297497547,0.2808525835027117,0.005711414793894458,0.2846742377129038,0.24593390847170502,0.16386378254380954,0.4,0.0,False,False,0.0,0
H,1835086379,54,307,0.9897542479653835,0.9897694568268851,0.08822428955997325,0.9897542479653835,0.7627868874294544,0.22400000000000003,0.7861444088055718,0.713457100996989,0.9163022394107059,0.9904368422710016,316,0.28937596881237093,0.2018629411762568,0.021724218915338857,0.18701360104545903,0.27512374268106776,0.02489952736950662,0.8,0.0,False,False,0.0,0
H,1835086379,55,316,0.9923670781511794,0.9923670938818735,0.1429628654288323,0.9923670781511794,0.7631291090121605,0.0,0.7833998840754283,0.7068855160314377,0.9246720154696353,0.9758383146739664,317,0.05126587605372639,0.16310228947345548,0.13056277039248496,0.24230660211024543,0.30223747394662814,0.1105249880234597,0.0,0.0,False,False,0.0,0
H,1835086379,56,317,0.9914134067432981,0.9914288042015279,0.08813952193221458,0.9914134067432981,0.751217331845771,0.256,0.7857910864488794,0.7056629151654377,0.9322048139226717,0.9633383619265073,313,0.11402093669464886,0.16260524874524895,0.00154455982935099,0.19960656272713606,0.46172354803540505,0.06049914396821025,0.4,0.2,False,False,0.0,0
H,1835086379,57,313,0.9898875935452057,0.9898881281342401,0.11487665141820376,0.9898875935452057,0.7464946153159389,0.126,0.7854614142430896,0.6999180391573538,0.9354714554398815,0.9525587955080198,311,0.056728371877351226,0.1554881700927332,0.050834231545131725,0.2729884077372958,0.28243561454738464,0.1815252042001034,0.6,0.0,False,False,0.0,0
H,1835086379,58,311,0.9868329499013634,0.9886774309150443,0.05002246575166333,0.9868329499013634,0.7617527385938295,0.41400000000000003,0.783339844559301,0.710508427013371,0.9393641148435725,0.9655728601726905,317,0.25732862267356094,0.15222850143623234,0.04806503977656366,0.1946270218260624,0.287199024738396,0.06055178954918478,0.2,0.4,False,False,0.0,0
H,1835086379,59,317,0.9891788433117797,0.9911601972954923,0.04947262799221879,0.9891788433117797,0.7586196260451532,0.41400000000000003,0.7898111131948183,0.7220203795277124,0.9250336261784136,0.9882542609939432,315,0.27546717331262416,0.24091292865424427,0.05433010052047519,0.20326739236873312,0.19802961409599149,0.027992791047931863,0.2,0.4,False,False,0.0,0
H,1835086379,60,315,0.9894454292368978,0.9913990860130818,0.04958660468478657,0.9894454292368978,0.7497278875886106,0.42400000000000004,0.793278721986694,0.7149136128670353,0.9298676519427234,0.9691848604137628,314,0.04992815394635679,0.18267152211891494,0.23631759854521517,0.20191120850999703,0.28668694191075594,0.0424845749687602,0.8,0.2,False,False,0.0,0
H,1835086379,61,314,0.9904357434236729,0.9904444228162154,0.09269473468129621,0.9904357434236729,0.7673264816551214,0.22400000000000003,0.7935689474184244,0.721555899678675,0.932128861454636,0.9754597665335982,317,0.21734959318739322,0.23573652322049396,0.0015088537554456014,0.23688313322546,0.2762398735309252,0.03228202308028188,0.8,0.0,False,False,0.0,0
H,1835086379,62,317,0.9914566921356499,0.9931788930364344,0.0506046462008445,0.9914566921356499,0.771204016944517,0.42400000000000004,0.7985151637945385,0.7272261017013844,0.9377227819385999,0.9712070429738592,312,0.20934996258303978,0.1709128429310862,0.0529696307604672,0.23396735063462373,0.29403403314713744,0.038766179943645576,0.8,0.2,False,False,0.0,0
H,1835086379,63,312,0.990347061629336,0.9927709976257785,0.04788070553142022,0.990347061629336,0.7510855362577654,0.456,0.8008667091219134,0.72823315254745,0.9167231586297425,0.9919093916542696,307,0.1546044491391866,0.20549051351813252,0.09982693435983088,0.36078237701724164,0.16386327442501294,0.015432451540595471,0.4,0.4,False,False,0.0,0
H,1835086379,64,307,0.9904044000269402,0.9904114919020679,0.09430241918601323,0.9904044000269402,0.7654670920565503,0.2,0.7951036359008659,0.7276396623639182,0.9250508427667683,0.9892977494208162,310,0.1352270930480083,0.1565729727678163,0.002821192154616996,0.33435638133704026,0.3234602857614059,0.04756207493111212,0.0,0.2,False,False,0.0,0
H,1835086379,65,310,0.990547496787244,0.9905475059983933,0.14720848236905604,0.990547496787244,0.767745737306172,0.0,0.7944025765191439,0.723743736298944,0.9178119991604767,0.9926369625005049,313,0.09357571316527064,0.1941068092879978,0.06675773056517209,0.2767456465588035,0.22633120335192644,0.14248289707082953,0.0,0.0,False,False,0.0,0
H,1835086379,66,313,0.9896083481152123,0.9896125231001958,0.09851355348620298,0.9896083481152123,0.7600548009393073,0.21400000000000002,0.7978356768545994,0.7260795498192336,0.9150011181878084,0.9946015400443321,311,0.1690375041904613,0.27951891520189254,0.07614798975994794,0.21428126496032954,0.24485159471689666,0.016162731170472094,0.2,0.2,False,False,0.0,0
H,1835086379,67,311,0.9918529951951334,0.9921510918899881,0.06455790170908196,0.9918529951951334,0.7507281343562473,0.35,0.7970495985829593,0.7258125190056093,0.9080697319960084,1.0028128894877417,307,0.13796183346671645,0.2017193268580761,0.14209540545348817,0.2778766541185625,0.22284362813490413,0.017503151968252622,1.0,0.0,False,False,0.0,0
H,1835086379,68,307,0.9882129182232632,0.9894124465039473,0.053453359328225744,0.9882129182232632,0.7387529786794194,0.42400000000000004,0.8046253571663886,0.7316663441702704,0.8930535834129645,1.0182205224400598,301,0.21430563893677082,0.1675002373707616,0.08035306227838518,0.3264238994152751,0.17895412308278452,0.03246303891602274,0.8,0.2,False,False,0.0,0
H,1835086379,69,301,0.989840148364017,0.9898401529099474,0.1528240594189781,0.989840148364017,0.7430437110556833,0.014000000000000002,0.8080637456160036,0.7378071140801883,0.8877008783028879,1.0285622161442645,302,0.22155108898039252,0.17374142079805444,0.13194057156795014,0.2228699522478326,0.2197632661560993,0.030133700249670787,0.2,0.0,False,False,0.0,0
H,1835086379,70,302,0.9891546029850611,0.9891594701874092,0.09728876495091425,0.9891546029850611,0.7665811878160573,0.21400000000000002,0.8039361656380912,0.7277380633412107,0.8987998720111113,1.0071415716232335,313,0.02276631206289823,0.19303723233609213,0.163697826816141,0.25600419123284707,0.2993454076925613,0.06514902985946032,0.2,0.2,False,False,0.0,0
H,1835086379,71,313,0.9875913354471856,0.988318592905248,0.05742780037441112,0.9875913354471856,0.7769275100279655,0.4,0.8027055032250449,0.7183214653086349,0.9089198848100002,0.9845482379689621,320,0.02462881418105992,0.28110749167642907,0.10301324825280075,0.23012605256305696,0.30822593432597234,0.0528984590006809,0.0,0.4,False,False,0.0,0
H,1835086379,72,320,0.9891835341553954,0.989200337152553,0.08742625870030399,0.9891835341553954,0.7916610441001607,0.256,0.8032767080444051,0.7118781605610256,0.9180278963290002,0.9653495909873667,324,0.05590960647277979,0.18599693211519022,0.07425740188734639,0.2577830732712774,0.3953567844909493,0.030696201762457024,0.4,0.2,False,False,0.0,0
H,1835086379,73,324,0.9886511636620531,0.9894301707426899,0.05688957593576764,0.9886511636620531,0.8006528561265203,0.41400000000000003,0.8004148197042975,0.7194025593164108,0.9101819520613974,0.9874807491316918,330,0.22647883479295589,0.16215414236579156,0.13547626399443616,0.2251219020666323,0.2197842268264862,0.03098462995369788,0.2,0.4,False,False,0.0,0
H,1835086379,74,330,0.9894816645572947,0.9894893056977645,0.09370120558420751,0.9894816645572947,0.7936583127810998,0.21400000000000002,0.8011151037634454,0.7233250188801169,0.9191637568552576,0.9823034644561465,325,0.1861573441190824,0.18622951471832752,0.07917749427170796,0.19948627264771432,0.306488211173194,0.042461163069973856,0.2,0.2,False,False,0.0,0
H,1835086379,75,325,0.991539190724167,0.9918516122261336,0.06418188985595939,0.991539190724167,0.805867251044654,0.35,0.801675581390378,0.7166252869555684,0.9240248885924192,0.9674082889101117,332,0.05583148774321595,0.23911881914491023,0.11072783564497163,0.2192935310383267,0.2838875371134366,0.09114078931513889,1.0,0.0,False,False,0.0,0
H,1835086379,76,332,0.9908293975311829,0.9923070319928522,0.051816825199339424,0.9908293975311829,0.8209207747603271,0.42400000000000004,0.8017900631471782,0.7183246241543517,0.9179233204914861,0.9760086825294703,337,0.1566325193320227,0.21770909568183405,0.0622384159213509,0.32616052324925665,0.23150460379154422,0.005754842023991611,0.8,0.2,False,False,0.0,0
H,1835086379,77,337,0.9759236288520212,0.9933376525413915,0.03218890976881469,0.9759236288520212,0.8134188623767097,0.55,0.7999609407876083,0.7241592531836791,0.9117263834956334,0.992889183068247,338,0.20938575296306255,0.20605779147923953,0.059938658904638266,0.25781085608224186,0.22797697526647978,0.03882996530433786,1.0,0.2,False,False,0.0,0
H,1835086379,78,338,0.9898337193725929,0.9902027880963797,0.06284226194055856,0.9898337193725929,0.8326176905162435,0.35,0.798492019835669,0.7156906760352931,0.92055374514607,0.9736561916411087,343,0.03424231888497451,0.1745028049754127,0.1844192919936481,0.23608270085939514,0.36125597317791297,0.009496910108656578,1.0,0.0,False,False,0.0,0
H,1835086379,79,343,0.9915398000665057,0.9915398120402434,0.14512851613839148,0.9915398000665057,0.8345689658923837,0.014000000000000002,0.7987901928203316,0.7169085347318541,0.9042092264656508,0.9925721656600147,351,0.15002990622907067,0.2661860120731298,0.1005573050644864,0.21411114048431468,0.17855427917093908,0.09056135697805945,0.2,0.0,False,False,0.0,0
H,1835086379,80,351,0.9866867482103261,0.9910251242205274,0.04323307599956138,0.9866867482103261,0.8310313197401175,0.456,0.796545453424538,0.7123228709825592,0.9137883038190857,0.9786349704043522,348,0.07824703734122229,0.15171764020139566,0.013115251129408761,0.34665642531957386,0.3124554839277528,0.09780816208064645,0.4,0.4,False,False,0.0,0
H,1835086379,81,348,0.9916066907844333,0.9916121253506621,0.09643079674351587,0.9916066907844333,0.8184223345625512,0.2,0.7937261992489567,0.7165673506962399,0.9075352773750957,0.9947702413795236,341,0.18575779078510782,0.15164786548476894,0.06158560898839496,0.2618001032297214,0.22562901968959262,0.11357961182241404,0.0,0.2,False,False,0.0,0
H,1835086379,82,341,0.975521712326852,0.9922977072986426,0.03247769634007646,0.975521712326852,0.8139709340747666,0.526,0.7963957427194841,0.7071944141063444,0.9123966609699142,0.9732540164646415,344,0.018192886811456973,0.2246230475765983,0.06384504010539938,0.3283511469024702,0.2780745566616408,0.08691332194243444,0.6,0.4,False,False,0.0,0
H,1835086379,83,344,0.9904791648864009,0.9904889280411096,0.09175847782446685,0.9904791648864009,0.8317570381691882,0.22400000000000003,0.8038471456151498,0.7004239046064379,0.9211569948729228,0.9459187439071554,341,0.04486514006763287,0.18113612316414063,0.004739077692109797,0.2994910084011379,0.3691086972949731,0.10065995338000575,0.8,0.0,False,False,0.0,0
H,1835086379,84,341,0.9899183306737012,0.9899183356200884,0.15215265845910259,0.9899183306737012,0.8283825876367011,0.014000000000000002,0.8086250286559751,0.7119304659095261,0.8983000544206696,0.9800968033831485,339,0.2690969566676266,0.17008920582719927,0.01393070047442813,0.3057754667181709,0.14629379517519528,0.09481387513737986,0.2,0.0,False,False,0.0,0
H,1835086379,85,339,0.9887679771647211,0.9887723439709882,0.09814921681304699,0.9887679771647211,0.8158380991698573,0.2,0.8118577363330861,0.724242133028679,0.9084700489786026,0.9819587381856878,339,0.2863523801828647,0.2525975396375503,0.04706297662071329,0.05500438158451911,0.35139082109599606,0.007591900878356672,0.0,0.2,False,False,0.0,0
H,1835086379,86,339,0.9784730421494926,0.9924290819953098,0.03394369539669362,0.9784730421494926,0.8142935166595213,0.526,0.8128444057584052,0.7211121373281648,0.9156936054342557,0.9688247007966471,337,0.10102638688649641,0.18098382525366377,0.09403769142294681,0.31514879557812336,0.2903528067675665,0.018450494091203248,0.6,0.4,False,False,0.0,0
H,1835086379,87,337,0.9801912473046377,0.9925539001890514,0.03490971479013018,0.9801912473046377,0.8350399884461197,0.526,0.8156291327079042,0.7187631322907084,0.9182705325569865,0.9596710970530092,341,0.10883252286189792,0.23882005383285174,5.2623863721159726e-05,0.32259246341486636,0.2707314383307822,0.05897089769588053,0.6,0.4,False,False,0.0,0
H,1835086379,88,341,0.9857690639655136,0.9953659291575871,0.036948072521180673,0.9857690639655136,0.8455136192013467,0.526,0.8153509211424892,0.7078584035567789,0.9264434793012879,0.9370934389733829,343,0.00041784850757287144,0.23621517010821935,0.008007984627447723,0.3683149215238583,0.3457635922385156,0.04128048299438621,0.6,0.4,False,False,0.0,0
H,1835086379,89,343,0.9911287400650596,0.9911347742845058,0.09559380834071236,0.9911287400650596,0.8412270061790779,0.2,0.8009121946113609,0.7146910501538696,0.9337991313711591,0.9556084288710001,338,0.21531958468662027,0.12179492672859583,0.02801470317725988,0.2626508616158426,0.3011323336577159,0.07108759013396555,0.0,0.2,False,False,0.0,0
H,1835086379,90,338,0.9901148461525454,0.9903776663345323,0.06554621489898431,0.9901148461525454,0.8835400706488344,0.35,0.7997231319579657,0.7166415125897891,0.9404192182340432,0.9528856964409025,352,0.15856268679516353,0.2113417258097187,0.0035510382129979564,0.25043724347900476,0.34639906451645225,0.029708241186662772,1.0,0.0,False,False,0.0,0
H,1835086379,91,352,0.9883430691403564,0.9883472729714259,0.09844856061822607,0.9883430691403564,0.8729367778349066,0.2,0.802310414949096,0.7102801247624224,0.9463772964106388,0.9354550403880495,346,0.055883597526534844,0.20764658519048643,0.1039789138635024,0.28796868008133014,0.3290698131178061,0.015452410220340013,0.0,0.2,False,False,0.0,0
H,1835086379,92,346,0.9899775090707589,0.9899815544910022,0.098767465229425,0.9899775090707589,0.8593938857209612,0.21400000000000002,0.8014598898267238,0.6998097628433637,0.9517395667695749,0.917445088181672,343,0.0005455539882806987,0.20915434784560105,0.10750136968602736,0.2557225695907676,0.3429289721379786,0.08414718675134468,0.2,0.2,False,False,0.0,0
H,1835086379,93,343,0.9891286684074352,0.9910194342850063,0.049844016748050314,0.9891286684074352,0.8535452613880187,0.42400000000000004,0.8041728508874921,0.699298715889378,0.9447704199867311,0.9204220966092914,341,0.1184930148522808,0.15939793104535485,0.18912640051026286,0.26898069335474867,0.24102404947056796,0.022977910766784928,0.8,0.2,False,False,0.0,0
H,1835086379,94,341,0.991646845979376,0.9929925651501278,0.052566700178184274,0.991646845979376,0.8435930202643541,0.41400000000000003,0.8104156605552514,0.7126042784372298,0.9442803787460434,0.9311928553663763,333,0.2908812292790101,0.16459327592142772,0.03477951613630943,0.1799250882293509,0.2699350037899275,0.059885886643974325,0.2,0.4,False,False,0.0,0
H,1835086379,95,333,0.9925673765718454,0.9928187755082851,0.06591946924550188,0.9925673765718454,0.8644896857488178,0.326,0.8085396131024148,0.7104972288320133,0.9498523408714391,0.925134738104307,339,0.10653955395806106,0.22381805837442706,0.08617053650135534,0.2657422529379099,0.3062385419730158,0.011491056255230931,0.6,0.2,False,False,0.0,0
H,1835086379,96,339,0.9880716430483426,0.9880953908918997,0.08466369804488913,0.9880716430483426,0.8273296655957343,0.256,0.8079060452760592,0.7249723673904126,0.9135327866052537,0.9822826133839397,333,0.43264300896187574,0.20222091385100874,0.018670150217985997,0.2379455633235489,0.0933283991047927,0.01519196454078796,0.4,0.2,False,False,0.0,0
H,1835086379,97,333,0.9914389549966579,0.9924621948832729,0.0547431467518649,0.9914389549966579,0.8216153002987426,0.4,0.8070291604641878,0.7208649767356354,0.9117419710634811,0.9796991942468017,332,0.08926534643429332,0.22439884870276727,0.11933577592021556,0.2514006836316467,0.24781231559376388,0.06778702971731333,0.0,0.4,False,False,0.0,0
H,1835086379,98,332,0.9930887110167094,0.9930887183997299,0.1489898991629029,0.9930887110167094,0.7952217149418621,0.014000000000000002,0.8092711683513862,0.7121494471755482,0.920567773957133,0.9559194663897383,321,0.029096490958681873,0.3210271428121709,0.00544724649186727,0.24230324744765888,0.37845336071753877,0.023672511572082305,0.2,0.0,False,False,0.0,0
H,1835086379,99,321,0.9877446619686376,0.9877446744715979,0.1447537195152697,0.9877446619686376,0.7771904483183402,0.05600000000000001,0.8120466082707963,0.7236191154424412,0.902650646896871,0.9872096146009275,318,0.27596425782088024,0.16882645673299584,0.12877215743162593,0.21200951090369435,0.17069825167725702,0.04372936543354665,0.4,0.0,False,False,0.0,0
H,1835086379,100,318,0.9912972144196778,0.9912972169116632,0.15762098867028032,0.9912972144196778,0.7841301477413913,0.014000000000000002,0.8080180251520924,0.7289789623320665,0.8848964369276578,1.0195334981785926,323,0.20676003327184195,0.1751298842348914,0.014251307329373885,0.3823668907753588,0.16255427360236957,0.05893761078616434,0.2,0.0,False,False,0.0,0
H,1835086379,101,323,0.93406969464055,0.9887103679319568,0.023049375359325854,0.93406969464055,0.7447762065874038,0.614,0.8071042305252357,0.7260639813170879,0.896406793234892,1.0035525757474224,321,0.10667458877030912,0.17092087626975672,0.08347913407648382,0.28111772224825093,0.3389494552669336,0.018858223368265765,0.2,0.6,False,False,0.0,0
H,1835086379,102,321,0.9935504325799478,0.9935504353431848,0.15681660202723158,0.9935504325799478,0.7945885009829117,0.014000000000000002,0.8053787829524774,0.7292524029799828,0.8965545068714573,1.0099525882790226,322,0.1811452591093661,0.1709752410649959,0.006149497038624333,0.2372774570772621,0.24894196480027234,0.15551058090947914,0.2,0.0,False,False,0.0,0
H,1835086379,103,322,0.9909291052249446,0.9909441423499599,0.08832412665785819,0.9909291052249446,0.7971725242214437,0.256,0.8079296025859688,0.7316896862572546,0.9034414226000884,1.0024285179923607,326,0.17374879282838707,0.17773553016422938,0.15162702871360947,0.15951344504802337,0.2827118320788841,0.05466337116686665,0.4,0.2,False,False,0.0,0
H,1835086379,104,326,0.9941125404278152,0.9941160587568826,0.09991186057226142,0.9941125404278152,0.8205224511961078,0.21400000000000002,0.7996619578328884,0.7451052019443919,0.8912226925042794,1.0455021336567705,338,0.316077294638837,0.21734590752338317,0.015653272507791943,0.2183168721116487,0.19062706082099956,0.04197959239733958,0.2,0.2,False,False,0.0,0
H,1835086379,105,338,0.9937399684595569,0.9939590793660201,0.06702282267656172,0.9937399684595569,0.8315275182856205,0.35,0.798866380533717,0.7414767208599272,0.9021004232538515,1.028888917522299,340,0.10783473765943703,0.18311481579911595,0.026958221116601573,0.24269741095547623,0.34362423785290686,0.09577057661646236,1.0,0.0,False,False,0.0,0
H,1835086379,106,340,0.9849696125121784,0.9885400274273328,0.044763858305297596,0.9849696125121784,0.8187666417444114,0.456,0.8007875918644782,0.7422438691758381,0.8987278849877886,1.0313381123351841,335,0.16051230448634013,0.16375488788610104,0.014044101046992786,0.28263930925286657,0.234187520296611,0.1448618770310886,0.4,0.4,False,False,0.0,0
H,1835086379,107,335,0.9897158273595968,0.9897308366552219,0.08832911987785105,0.9897158273595968,0.807386943770728,0.22400000000000003,0.8094629867341564,0.7478957160775228,0.9049663492464851,1.0209668004096264,328,0.2220505045059579,0.2506769591931334,0.05314546576713614,0.14459691379030112,0.2805562637873769,0.048973892956094625,0.8,0.0,False,False,0.0,0
H,1835086379,108,328,0.947748389692703,0.9898537428309695,0.025132999922752055,0.947748389692703,0.773423094293045,0.6,0.8065233647391147,0.7584471985734076,0.8945657963494558,1.0512260376522078,326,0.2868283537470108,0.17117398184970317,0.057034587995153624,0.26259947149094737,0.20048041013809573,0.02188319477908936,0.0,0.6,False,False,0.0,0
H,1835086379,109,326,0.9912662458623952,0.9912662620108782,0.1427453787081007,0.9912662458623952,0.775897200999661,0.05600000000000001,0.8052071443411936,0.7630600321143659,0.8800142147792989,1.0768653414873892,317,0.21918991837035817,0.2711811327395528,0.04098498505980226,0.22684620906255443,0.17452499032394336,0.06727276444378896,0.4,0.0,False,False,0.0,0
H,1835086379,110,317,0.9888170563529421,0.9888170756316653,0.1413153531230362,0.9888170563529421,0.7589594138080327,0.05600000000000001,0.8059148249870173,0.7550869094434692,0.892012793301369,1.0503564659969766,309,0.06474848668527036,0.16327473945428275,0.029696919622604477,0.24183337637794972,0.3907060678705873,0.1097404099893053,0.4,0.0,False,False,0.0,0
H,1835086379,111,309,0.9903367134074786,0.9910197351840363,0.05794905115829233,0.9903367134074786,0.7541226205856139,0.4,0.81014337253461,0.74951134206026,0.9004335347604152,1.027459387934479,305,0.0897347261120535,0.2658754992887943,0.06374579338485487,0.22538474281819806,0.28811010394591585,0.06714913445018347,0.0,0.4,False,False,0.0,0
H,1835086379,112,305,0.9914333863084158,0.99143339111728,0.15238927832785595,0.9914333863084158,0.7238892481139801,0.0,0.8153786501306008,0.7419733060473644,0.9103901812843737,0.999542765397091,295,0.06171913862646722,0.22546689722459692,0.05396831719227757,0.16734251301482314,0.3419367473214833,0.14956638662035182,0.0,0.0,False,False,0.0,0
H,1835086379,113,295,0.9904821653592008,0.9904821680521875,0.1569969689012927,0.9904821653592008,0.7373390601102796,0.0,0.8152449680470208,0.7330795576392739,0.9193511631559363,0.9780961565915169,300,0.040061461178470564,0.1859537241766506,0.11266806008668698,0.2471445700856305,0.41081069247584,0.0033614919967213004,0.0,0.0,False,False,0.0,0
H,1835086379,114,300,0.9770467651858933,0.9899303489390364,0.03456010358055619,0.9770467651858933,0.7266450686311648,0.55,0.8164062434385603,0.7416650029483246,0.9121476518890714,0.9959472220555953,295,0.2529927898876798,0.17889309311070406,0.04468692583691165,0.2756641841975311,0.22365802524364373,0.024104981723529654,1.0,0.2,False,False,0.0,0
H,1835086379,115,295,0.93939009645108,0.9889488114306945,0.023828360608480023,0.93939009645108,0.7016186910676738,0.614,0.8135483860943695,0.7358141625504726,0.9209328867001643,0.9821024009847734,294,0.07790512186955263,0.18570434773308062,0.05945139106782158,0.3402693671085089,0.3337923916186531,0.00287738060238319,0.2,0.6,False,False,0.0,0
H,1835086379,116,294,0.9741537569763853,0.9894390323329375,0.033195488156351836,0.9741537569763853,0.7468175475619098,0.55,0.8124349893084646,0.7296272942088313,0.9214777507093825,0.9746026756938881,302,0.07004799732352979,0.1792648407649618,0.1657033990138359,0.2773025394437773,0.2631907633961732,0.044490460057722,1.0,0.2,False,False,0.0,0
H,1835086379,117,302,0.985404782127931,0.9854187961738884,0.08884050143215157,0.985404782127931,0.7483660956744823,0.21400000000000002,0.8043744962749293,0.7392782673668136,0.9214116339399574,0.9974610725113576,303,0.26415422335529815,0.15704204958427953,0.1169967070953242,0.17437513347192166,0.2604082915075653,0.0270235949856112,0.2,0.2,False,False,0.0,0
H,1835086379,118,303,0.9918190966713701,0.991819112373038,0.1429731701679766,0.9918190966713701,0.781790773341619,0.014000000000000002,0.798656527320072,0.7316890059068141,0.9292704705459617,0.9858806603464869,318,0.05468314885426422,0.2812416022699221,0.0191596095161812,0.2250989697148769,0.41399875697078664,0.005817912673968753,0.2,0.0,False,False,0.0,0
H,1835086379,119,318,0.9906740423755104,0.9908598060668921,0.06831219286105246,0.9906740423755104,0.7846058186827634,0.326,0.8017469221871778,0.7305604306512868,0.9363434234913655,0.973158723138562,317,0.13069843799766787,0.17173000002813982,0.05786808740355267,0.22484651821190732,0.33084391210631603,0.08401304425241637,0.6,0.2,False,False,0.0,0
H,1835086379,120,317,0.9888972998412232,0.9888973053932667,0.15122498690847114,0.9888972998412232,0.7593256020580137,0.014000000000000002,0.8060676188009431,0.7321629900299444,0.9094669949437593,0.9987328942404545,311,0.16413226139027426,0.21824351988092897,0.016869484367527776,0.3505970112739983,0.1337895690076516,0.11636815407961913,0.2,0.0,False,False,0.0,0
H,1835086379,121,311,0.9865153896478204,0.9865333987122447,0.08685299293932898,0.9865153896478204,0.7628637019009927,0.256,0.7964963307883065,0.7259072138498288,0.9185202954493833,0.9922213690038308,317,0.06690466651727034,0.15822278459476025,0.04350257986220856,0.2303898091165561,0.3938538706029297,0.1071262893062751,0.4,0.2,False,False,0.0,0
H,1835086379,122,317,0.9886918341289628,0.9918449718714354,0.04577973443893697,0.9886918341289628,0.7559362228585301,0.456,0.7980598071103724,0.7214680869203565,0.926668265904445,0.9755676619122778,314,0.08570292203773822,0.26297053516495833,0.036071739000268936,0.2088049388426587,0.32656082085507726,0.07988904409929863,0.4,0.4,False,False,0.0,0
H,1835086379,123,314,0.989239692165354,0.9921435143738526,0.046437802955242025,0.989239692165354,0.7584470861602961,0.456,0.7948447400009826,0.7328334713685313,0.9170257054684525,1.0054060234016902,314,0.28048485992740757,0.1605858894550693,0.04575951579145658,0.23982647044191752,0.21512133077226017,0.05822193361188888,0.4,0.4,False,False,0.0,0
H,1835086379,124,314,0.993566979255474,0.9937458955039673,0.06863430570989708,0.993566979255474,0.7443267965520254,0.35,0.7931580775507564,0.7336999185836045,0.9061973362757489,1.020788898247334,309,0.15635150979374676,0.2566146828390252,0.12167180699258241,0.25755795366553713,0.2043710067707083,0.0034330399384002266,1.0,0.0,False,False,0.0,0
H,1835086379,125,309,0.9883779674146335,0.9883833980487036,0.09641059771044784,0.9883779674146335,0.7543413904643795,0.21400000000000002,0.7893038691940418,0.7328555054575084,0.9086218729800221,1.0218589093192503,315,0.13550728503855186,0.17674839763068917,0.1273566183430438,0.2475080854025217,0.2652213516592401,0.04765826192595336,0.2,0.2,False,False,0.0,0
H,1835086379,126,315,0.9893118992369216,0.9893174527236474,0.09624004925073143,0.9893118992369216,0.7558319350578531,0.22400000000000003,0.7925007320928487,0.7218891470706276,0.9177596856820198,0.9925259353761501,313,0.008455211074932379,0.19096653595228494,0.013898211401307198,0.43420610293889333,0.3380121751517718,0.014461763480810498,0.8,0.0,False,False,0.0,0
H,1835086379,127,313,0.9878043028985841,0.9880195353992292,0.0671172738512297,0.9878043028985841,0.7546350220310764,0.35,0.7880051187307682,0.715181260443569,0.9180475916006936,0.9886029273475999,316,0.05483213408090993,0.18595275016281443,0.13839716346064831,0.2624671840025084,0.260319372434379,0.09803139585874,1.0,0.0,False,False,0.0,0
H,1835086379,128,316,0.9735941129167397,0.9885962379160901,0.03333754332943622,0.9735941129167397,0.7564027303680546,0.526,0.7942928592954092,0.7210082685531982,0.9211067486507187,0.9854841024390241,313,0.20732588914759542,0.17435711493310446,0.04279268191030048,0.3012025629316358,0.27431958105047227,2.1700268916200207e-06,0.6,0.4,False,False,0.0,0
H,1835086379,129,313,0.9899460248342761,0.9899599888433223,0.08890557245543076,0.9899460248342761,0.7719990589991188,0.256,0.7931945880189566,0.7266811124970656,0.9289960737856469,0.9861665136537714,314,0.20904071714409087,0.18038050179093193,0.026133234391205046,0.1847141749680056,0.34974667931240505,0.04998469239336156,0.4,0.2,False,False,0.0,0
H,1835086379,130,314,0.9920423270819209,0.9925951133254141,0.059645691366293156,0.9920423270819209,0.7566119759199695,0.4,0.7938877730881697,0.7300638361243554,0.909392909789599,1.0112304975613955,311,0.18395974065178913,0.16811526675224017,0.04681078429923623,0.25317640704338085,0.16648221691258402,0.18145558434076958,0.0,0.4,False,False,0.0,0
H,1835086379,131,311,0.9888231228280542,0.9888249128810278,0.10524832897356476,0.9888231228280542,0.7687208872555927,0.2,0.7939459446902978,0.7243226241874218,0.918453618810639,0.9933078922807511,314,0.07202474836605144,0.22890020220672713,0.06301694342066337,0.3134978280140486,0.3038765914091239,0.018683686583385463,0.0,0.2,False,False,0.0,0
H,1835086379,132,314,0.9906874176294383,0.9906915666838371,0.09857182190943639,0.9906874176294383,0.7594657300140543,0.21400000000000002,0.7966786216561289,0.7300508762351655,0.9266082569295752,0.988948776250576,310,0.21180479071393601,0.20382257776756568,0.08642658040325216,0.15439154287528664,0.30167888152757294,0.04187562671238652,0.2,0.2,False,False,0.0,0
H,1835086379,133,310,0.9901878841443994,0.9908656735676062,0.05800902728674853,0.9901878841443994,0.7494948515572026,0.4,0.8013868843986401,0.7247756577360736,0.9259286935358297,0.976750912603094,304,0.07784156640832858,0.23077075416285658,0.04596506409718818,0.2897996876659718,0.2599063114960606,0.09571661616959432,0.0,0.4,False,False,0.0,0
H,1835086379,134,304,0.9889561454358469,0.9915012735258434,0.047482159674622104,0.9889561454358469,0.7413387258009696,0.456,0.8015487836099583,0.7300600106764361,0.9119496391860912,0.9987521913671339,301,0.20653919783957791,0.22674845238348953,0.05807303907917613,0.285735306034716,0.19306907501922183,0.02983492964381851,0.4,0.4,False,False,0.0,0
H,1835086379,135,301,0.9934649795405129,0.9934673823155608,0.10294233364680949,0.9934649795405129,0.7367166492213965,0.2,0.80528951368784,0.729996487385686,0.920754675267482,0.9845205685221654,296,0.1429934655383959,0.2354466094077969,0.06937234514908862,0.20765792912101858,0.32208798487131307,0.02244166591238703,0.0,0.2,False,False,0.0,0
H,1835086379,136,296,0.9907763181552683,0.9907793075031633,0.1011820399086604,0.9907763181552683,0.7253592728446865,0.21400000000000002,0.8058808476742502,0.7305636188852179,0.9034730856247011,1.0033951258339842,295,0.15083694836020206,0.22069524770047438,0.030788329164100632,0.3223406311359559,0.17396938941983628,0.1013694542194309,0.2,0.2,False,False,0.0,0
H,1835086379,137,295,0.9885085722237427,0.9897632890867311,0.05309812485681985,0.9885085722237427,0.743803883314426,0.42400000000000004,0.801155033460667,0.7343573275578648,0.8808112731315219,1.040657941443137,309,0.19152362021134592,0.3039358491722425,0.013491263704522798,0.3147799505023185,0.13842748034645425,0.03784183606311603,0.8,0.2,False,False,0.0,0
H,1835086379,138,309,0.992116200845314,0.9921162037074175,0.1565252742790996,0.992116200845314,0.7464203619510343,0.0,0.8121921623675631,0.7476394611799715,0.8792929016580979,1.0468871145023981,305,0.3339911399409299,0.21122188687750373,0.043262933054911384,0.17342882781729693,0.23281377919864107,0.005281433110716912,0.0,0.0,False,False,0.0,0
H,1835086379,139,305,0.9928068139856497,0.9928134777234634,0.0948173685694213,0.9928068139856497,0.7436934269775537,0.256,0.8181406246477152,0.7369779722166298,0.8890595666405162,1.013201186631377,300,0.02150605119571022,0.1844686008248665,0.08215322831757264,0.28123216126942713,0.2884797757411405,0.14216018265128302,0.4,0.2,False,False,0.0,0
H,1835086379,140,300,0.9885193402906467,0.9890407241595416,0.06008267951754832,0.9885193402906467,0.7655755701918578,0.4,0.8097824475646404,0.7352817059421959,0.8888228574304837,1.0215748371835252,314,0.12690790420496964,0.25469552272589047,0.010495278886783364,0.24398500588347144,0.24334623727009544,0.12057005102878973,0.0,0.4,False,False,0.0,0
H,1835086379,141,314,0.9886361684790633,0.9886361697891607,0.16271774741602954,0.9886361684790633,0.7737520396592006,0.014000000000000002,0.8078602865994242,0.7320460629889094,0.8945064824423219,1.0130214883978013,316,0.10660552929779138,0.18545148197052191,0.06123279857498672,0.2612680843722441,0.27282955377443263,0.11261255201002306,0.2,0.0,False,False,0.0,0
H,1835086379,142,316,0.9906582506295435,0.9906582603449039,0.1467851517221548,0.9906582506295435,0.769751301124634,0.05600000000000001,0.8060394439369477,0.7212216524183174,0.9050558341980897,0.9886375225263985,317,0.009723657235668048,0.17773576969112392,0.02191080583625025,0.22275726551707242,0.543791371639002,0.024081130080883334,0.4,0.0,False,False,0.0,0
H,1835086379,143,317,0.9903337111026745,0.9916937555696079,0.05247199393512217,0.9903337111026745,0.7699440129977512,0.41400000000000003,0.8068251179879189,0.730275494137085,0.9053475694798984,0.9997512989964839,318,0.2514365542460443,0.1986250888417672,0.1112688130677558,0.17304654871754074,0.2539865935080881,0.011636401618803839,0.2,0.4,False,False,0.0,0
H,1835086379,144,318,0.9801206140911107,0.9911563068113947,0.03580232719604774,0.9801206140911107,0.76738392634996,0.526,0.8067678916888933,0.7437617194302308,0.8887687055296335,1.0372810937192842,318,0.3406210812273549,0.21872467447918859,0.004297474045208933,0.26532048685632625,0.1697794649886247,0.0012568184032965782,0.6,0.4,False,False,0.0,0
H,1835086379,145,318,0.9914376053926192,0.9914378420005315,0.12137731206951535,0.9914376053926192,0.7892829259116676,0.126,0.8054881464950402,0.7454129731693362,0.8987068748864488,1.0297213780864116,317,0.17299174638271092,0.15537170644176432,0.05843323202425256,0.2718361216207629,0.29407519954889366,0.047291993981615654,0.6,0.0,False,False,0.0,0
H,1835086379,146,317,0.9888656352342113,0.9888657808881801,0.12521862946316512,0.9888656352342113,0.7888678948527498,0.126,0.8046309329565461,0.7436799674501084,0.8857869153603353,1.0434222608098747,321,0.13172053674048764,0.19366247174255222,0.0461773214661063,0.2776912005423039,0.18475363981265658,0.16599482969589333,0.6,0.0,False,False,0.0,0
H,1835086379,147,321,0.9903621002114895,0.9912271379472876,0.056070177921800864,0.9903621002114895,0.789652964350224,0.4,0.8095049387746186,0.7521316743995407,0.8921663224267247,1.0414263220893887,318,0.2579463165242202,0.1807172431468555,0.08166658408411051,0.1782635278219599,0.2747904930121146,0.026615835410739315,0.0,0.4,False,False,0.0,0
H,1835086379,148,318,0.9908134995534967,0.9910131750910336,0.06773856139704329,0.9908134995534967,0.8071659361561931,0.35,0.810226530017557,0.7416145230220587,0.9029496901840522,1.0136971210560441,325,0.026117904281188313,0.38321567755972646,0.022716039203283998,0.2415145938882253,0.30972440982117844,0.016711375246397493,1.0,0.0,False,False,0.0,0
H,1835086379,149,325,0.9921599995855723,0.992160000382161,0.16670635148540006,0.9921599995855723,0.82443669429012,0.0,0.8122424638391506,0.7480991340112318,0.9092131739507721,1.0129960261628357,326,0.2320667142534514,0.18557779667746113,0.013572874298544587,0.2324592496129169,0.282792263925625,0.05353110123200101,0.0,0.0,False,False,0.0,0
H,1835086379,150,326,0.9864594213260929,0.9864596705173475,0.12092478091999002,0.9864594213260929,0.802278406213764,0.126,0.8169013258317567,0.7456845816942933,0.896850950571781,1.0178066631668916,321,0.12488005479528855,0.292226305323186,0.05204896953796175,0.2593774808177419,0.1927954700804307,0.07867171944539118,0.6,0.0,False,False,0.0,0
H,1835086379,151,321,0.9921012308440441,0.9921959192916112,0.07368708157999546,0.9921012308440441,0.8128111752349153,0.326,0.8117315688306642,0.7470293680653349,0.9071658555146029,1.014468446945166,328,0.1703626931969535,0.18286359023548898,0.06689000608339248,0.15167094305367843,0.32218192380118776,0.10603084362929899,0.6,0.2,False,False,0.0,0
H,1835086379,152,328,0.9802112353879463,0.9912908847943037,0.03577176483310095,0.9802112353879463,0.7961677335648877,0.526,0.8122574350211341,0.7413402597980737,0.9048911772589264,1.0086199097255628,325,0.08327950170006886,0.23094256432378021,0.05268066641615164,0.33615708270402095,0.24220953647891888,0.054730648377059474,0.6,0.4,False,False,0.0,0
H,1835086379,153,325,0.9922916728364866,0.9922916733816829,0.16972580990227165,0.9922916728364866,0.8028548616861308,0.0,0.8158780510035519,0.7335524786590064,0.9043744988791493,0.9941630811683672,323,0.05349039813545456,0.17386341057360563,0.13673374524736231,0.35379110774904843,0.24986219673057797,0.032259141563951176,0.0,0.0,False,False,0.0,0
H,1835086379,154,323,0.9882112380062125,0.9891685398438601,0.05524691044966824,0.9882112380062125,0.8249861777452078,0.4,0.8078349565674463,0.7370036184316632,0.9076655874107887,1.0051273901964546,333,0.189109546320088,0.16311352175771368,0.10854685928038496,0.24903310770791404,0.2686426920977716,0.02155427283612785,0.0,0.4,False,False,0.0,0
H,1835086379,155,333,0.9896070897939547,0.9904052638316078,0.05670393499727301,0.9896070897939547,0.8205163397405645,0.4,0.8075104987650443,0.7283919520960261,0.9068325974712345,0.9946947783190455,336,0.04048143232432688,0.29978311633600024,0.12158227025781848,0.22838079147999635,0.24966784400762307,0.060104545594234955,0.0,0.4,False,False,0.0,0
H,1835086379,156,336,0.991251864477506,0.9912572690936529,0.09647193723143917,0.991251864477506,0.841708307628646,0.22400000000000003,0.8063808252658328,0.7230628074320683,0.916149337724111,0.9787450054033927,342,0.07613066176054284,0.20197522934181258,0.008003939954587428,0.25841463459530517,0.37652886241433486,0.07894667193341712,0.8,0.0,False,False,0.0,0
H,1835086379,157,342,0.9877834234724938,0.9909615415860882,0.04570982700293056,0.9877834234724938,0.8369707479458621,0.456,0.8042880151468561,0.7135332438950363,0.9245344039517,0.9595763547862092,341,0.020294710432142496,0.1676320159633707,0.02630511128536393,0.3960713825580373,0.30858027439360763,0.08111650536747794,0.4,0.4,False,False,0.0,0
H,1835086379,158,341,0.989804428254664,0.9899217315785641,0.07196399762179892,0.989804428254664,0.8364346271895865,0.326,0.8028460152463037,0.7067061819827625,0.9156287549997695,0.9613625742875251,345,0.04812000353097474,0.2396325106660393,0.11385682383962432,0.3265757638657481,0.2177389572161978,0.05407594088141575,0.6,0.2,False,False,0.0,0
H,1835086379,159,345,0.9900410651025752,0.9902727455737511,0.06654922407397329,0.9900410651025752,0.8515342733995395,0.35,0.7996228376488215,0.706108448968942,0.9097593847803291,0.9706433298600575,353,0.12171970106647047,0.17754074766853675,0.041274452859834256,0.2995755756124473,0.22846752640268292,0.13142199639002816,1.0,0.0,False,False,0.0,0
H,1835086379,160,353,0.9916327004293017,0.9930662229606099,0.052064164888526394,0.9916327004293017,0.8451047859151601,0.42400000000000004,0.8070211829614828,0.6993955506734756,0.9176960282630179,0.9443632511735981,345,0.04490655191225838,0.17798900552330424,0.0966053125428495,0.3366045792397365,0.2945629098036084,0.049331640978243045,0.8,0.2,False,False,0.0,0
H,1835086379,161,345,0.9921868221678952,0.9930776176150283,0.055851462314728734,0.9921868221678952,0.840574999138821,0.4,0.8058846437965574,0.7027880186375093,0.904763057523643,0.9638658846638865,345,0.16702806872134282,0.16321171183118294,0.10768051631235029,0.2979231154190776,0.19418316043463488,0.06997342728141147,0.0,0.4,False,False,0.0,0
H,1835086379,162,345,0.9914649779189515,0.9914649904978974,0.1447354143584383,0.9914649779189515,0.8338097475588133,0.05600000000000001,0.8075566263105676,0.7070870524801545,0.8973834708856384,0.9757124216957895,341,0.18048043468150754,0.22081797718672744,0.09916240506679835,0.2797476626057167,0.21548359557179816,0.004307924887451821,0.4,0.0,False,False,0.0,0
H,1835086379,163,341,0.9918615705451105,0.9919950271444056,0.07095369678103125,0.9918615705451105,0.8156521456969814,0.35,0.8077892679313705,0.7095248672325445,0.8984331886129142,0.9776507899308238,336,0.15990209220497167,0.27324889794577467,0.0465374572946535,0.20117705017442147,0.25394032407919825,0.06519417830098032,1.0,0.0,False,False,0.0,0
H,1835086379,164,336,0.9873345304853919,0.9891390338536108,0.05020060676277699,0.9873345304853919,0.8258177999916502,0.456,0.8098065630972032,0.7033415183513982,0.9085898697516228,0.9559101478600469,339,0.0536611810060118,0.2376681260385967,0.09088617745968347,0.2636367455477778,0.3136899730003471,0.04045779694758319,0.4,0.4,False,False,0.0,0
H,1835086379,165,339,0.9943562624572939,0.9944525846115002,0.07356899776046145,0.9943562624572939,0.8447637191892086,0.326,0.8066046542559284,0.7099608053273762,0.9177308827764605,0.9590876600249594,345,0.20982953616934785,0.19571042831918292,0.055812896430839816,0.1769951287529149,0.3114066292751286,0.05024538105258608,0.6,0.2,False,False,0.0,0
H,1835086379,166,345,0.9906686129141357,0.9906764975839588,0.09346101514694814,0.9906686129141357,0.8553171614689616,0.22400000000000003,0.8080763493177805,0.7129163719605491,0.9183636854514733,0.9606639419914607,347,0.1681700862442725,0.19269118637006416,0.09428401032373064,0.25986514872820804,0.262029454763294,0.022960113570430676,0.8,0.0,False,False,0.0,0
H,1835086379,167,347,0.9887401028323729,0.989556380184841,0.05651858466053887,0.9887401028323729,0.8320076529000848,0.41400000000000003,0.8146040274198023,0.708247146279277,0.926527316906326,0.9383828288951402,336,0.07470741145944157,0.19692739880462015,0.10509462724163002,0.2295298225974129,0.3782104610450562,0.015530278851839325,0.2,0.4,False,False,0.0,0
H,1835086379,168,336,0.9929837725088201,0.9929838732491516,0.1281864901864634,0.9929837725088201,0.8488524582459145,0.126,0.814483927214919,0.7015311206862438,0.9338745852156933,0.9223077682578941,340,0.046204146511633744,0.25947724600334027,0.1161026952710463,0.2684574648774936,0.30606776321202567,0.0036906841244604438,0.6,0.0,False,False,0.0,0
H,1835086379,169,340,0.9876438785782747,0.9876452116462406,0.10758515577247113,0.9876438785782747,0.8632728229065326,0.2,0.811486368686655,0.6923021424017706,0.940487126694124,0.9071134184458104,350,0.010594721872986677,0.3332672502337581,0.06897461709290433,0.25993635696812334,0.30199886597247877,0.025228187859748806,0.0,0.2,False,False,0.0,0
H,1835086379,170,350,0.9945198762690093,0.9946224898490961,0.07306670828431201,0.9945198762690093,0.8356914593568032,0.326,0.8187023970103544,0.7023246779304205,0.9326241387049328,0.9198250121479918,334,0.24547053310923156,0.2458458364443617,0.013227205616236774,0.21599040283513124,0.23092862340110562,0.048537398593933044,0.6,0.2,False,False,0.0,0
H,1835086379,171,334,0.9893140173586266,0.9893140282231667,0.14588443785777896,0.9893140173586266,0.8368950721632101,0.05600000000000001,0.8176561832729446,0.6987423464663705,0.9387309607638703,0.910343292975505,334,0.08167378040588673,0.17035516180400279,0.09466317266176871,0.29193633472692887,0.2968461796471543,0.06452537075425863,0.4,0.0,False,False,0.0,0
H,1835086379,172,334,0.9913731550690055,0.9913731575396533,0.15769004989999236,0.9913731550690055,0.846263231844602,0.0,0.8149572774191084,0.6979377357889465,0.9448578646874832,0.9063905221218059,337,0.11415633307368153,0.20929263125463193,0.09769189062709834,0.23918383583326497,0.3168784171385697,0.022796892072753493,0.0,0.0,False,False,0.0,0
H,1835086379,173,337,0.9909197855963141,0.9909197880383217,0.15777922258391833,0.9909197855963141,0.8397929665374833,0.014000000000000002,0.8149799257167244,0.6932444662697764,0.9446120546301338,0.9005047677921999,336,0.0650452158784659,0.3033206759341136,0.033451038520928254,0.2583883967620992,0.2711998820569942,0.06859479084739893,0.2,0.0,False,False,0.0,0
H,1835086379,174,336,0.9924344957333887,0.9924381954035109,0.09949836094968985,0.9924344957333887,0.841299306505189,0.21400000000000002,0.8157593145723142,0.6907603299606841,0.925371917404661,0.9150588617264256,342,0.0897260875549562,0.24610799614810222,0.030602037153435454,0.40146321876836605,0.17610534118770266,0.0559953191874375,0.2,0.2,False,False,0.0,0
H,1835086379,175,342,0.9939942409356994,0.9939956840569345,0.10700473945308747,0.9939942409356994,0.8463436895685812,0.2,0.8163452396814562,0.6888843142005745,0.9265180078200347,0.9107906566141508,342,0.09577500922405693,0.173757888941389,0.028468418291116813,0.2736129079684344,0.268416410779199,0.159969364795804,0.0,0.2,False,False,0.0,0
H,1835086379,176,342,0.9938877089763648,0.9938878765088556,0.12414499217282013,0.9938877089763648,0.8503392343930583,0.126,0.817123064022277,0.6865316364813138,0.9235793495533181,0.9097014189107648,344,0.08864422488459997,0.23292103400238975,0.1276501517085378,0.2969278746847704,0.24856571257643467,0.0052910021432674955,0.6,0.0,False,False,0.0,0
H,1835086379,177,344,0.9907310416273606,0.9907310534858629,0.14519899977124204,0.9907310416273606,0.8264873943376249,0.05600000000000001,0.82085507092507,0.6893559448823514,0.8995285225301456,0.9336027045411783,340,0.1518861278137911,0.27066144910639295,0.005030578167622446,0.34731056818373646,0.14153553966079646,0.08357573706766055,0.4,0.0,False,False,0.0,0
H,1835086379,178,340,0.9932770220367867,0.9932847387354958,0.09365335467340596,0.9932770220367867,0.8267380845261186,0.256,0.8242068460520445,0.6984074548290818,0.8894485386869193,0.9526904744522119,336,0.2314913398855996,0.1885131534852211,0.020444580428750952,0.3567551227818764,0.19936434204894107,0.0034314613696109562,0.4,0.2,False,False,0.0,0
H,1835086379,179,336,0.9854254264476924,0.991802611033127,0.04017288563101691,0.9854254264476924,0.830584446136173,0.526,0.8258474155205254,0.7044976407455404,0.890514317834476,0.9579411346102564,336,0.200131983223908,0.20046743571134787,0.0650358988869713,0.26114853849021274,0.25005316508124287,0.023162978606317164,0.6,0.4,False,False,0.0,0
H,1835086379,180,336,0.9891087656023295,0.9891087660807616,0.17074007332692515,0.9891087656023295,0.8444013434999442,0.0,0.8230258316714423,0.7008240740386489,0.9014628860510284,0.9445994631621671,338,0.0818914416298181,0.19543666586665728,0.06937504890441613,0.2790198933204621,0.30024557343369,0.07403137684495628,0.0,0.0,False,False,0.0,0
H,1835086379,181,338,0.9910620172234545,0.9910654287000423,0.10013289244383995,0.9910620172234545,0.8461740779338818,0.21400000000000002,0.8229236887326707,0.7060245207445514,0.8995098652627793,0.9537933491834606,339,0.19052063009793635,0.2225641500659977,0.010967307100798643,0.22489802768874964,0.24096633908426843,0.11008354596224922,0.2,0.2,False,False,0.0,0
H,1835086379,182,339,0.9899726974038486,0.9921909739582807,0.04858181045384895,0.9899726974038486,0.8379933316368559,0.456,0.823195854289549,0.7000877373237191,0.9095588787365014,0.9350147854044534,338,0.054555532704941644,0.19764397556252278,0.12586841593427517,0.21852616372411307,0.35262093271020245,0.05078497936394498,0.4,0.4,False,False,0.0,0
H,1835086379,183,338,0.9896034080387326,0.9906086475955879,0.05486954242096702,0.9896034080387326,0.8249052010879675,0.41400000000000003,0.8265961811785109,0.6951763886679425,0.9186029908628512,0.9155324952668084,329,0.06366297763011781,0.17906966802826452,0.022299031337065584,0.309738549287995,0.40450519752449815,0.020724576192058985,0.2,0.4,False,False,0.0,0
H,1835086379,184,329,0.9896609327388546,0.9905425688835873,0.05591338695725084,0.9896609327388546,0.8361026626970198,0.42400000000000004,0.8159086543427566,0.6909145195078618,0.9267426917765661,0.9137420466636513,336,0.06871187841645461,0.1494406115385194,0.08182959384550628,0.2663885278465,0.3592167820052961,0.07441260634772362,0.8,0.2,False,False,0.0,0
H,1835086379,185,336,0.9865075303724161,0.9865723240483942,0.07666176196977181,0.9865075303724161,0.8416403377015151,0.326,0.8119287097953787,0.6931910327771396,0.9200410985971201,0.9279569093494884,341,0.14777799055838678,0.18360006830247524,0.04307351877357725,0.2817767487870675,0.22986337999105336,0.11390829358743997,0.6,0.2,False,False,0.0,0
H,1835086379,186,341,0.9926587155994311,0.9926604751331755,0.10541602995021095,0.9926587155994311,0.8424292387335415,0.2,0.8022310762117456,0.7048183388628293,0.9207361861844582,0.9542067895136406,344,0.2660857215568344,0.1503471807927074,0.0503207326617126,0.17297778324828225,0.2634959872352503,0.09677259450521308,0.0,0.2,False,False,0.0,0
H,1835086379,187,344,0.9924432384801082,0.992773685096044,0.06374279093849165,0.9924432384801082,0.8333957158009734,0.35,0.8045054341098214,0.7014215918917959,0.9131885213101476,0.9547500832518656,342,0.08555212465135,0.1710735139319722,0.008858987061599436,0.4969130860074366,0.222629768720676,0.014972519626965821,1.0,0.0,False,False,0.0,0
H,1835086379,188,342,0.9888984228517039,0.9899167957411273,0.05476065716121558,0.9888984228517039,0.8277720715730748,0.4,0.8029812248950319,0.6944945665497524,0.9218696691791328,0.9381967738110208,343,0.03930067815682855,0.1978547275369396,0.17789458221780557,0.23512706816164033,0.3064479889234559,0.04337495500332998,0.0,0.4,False,False,0.0,0
H,1835086379,189,343,0.9873244717674263,0.9889692280142693,0.05093708509056487,0.9873244717674263,0.8100913518134283,0.42400000000000004,0.8065882753553326,0.7063056594991951,0.9296827022612195,0.9419026763039426,334,0.26919776596162887,0.196215860312919,0.0010104635029851783,0.15078910697026884,0.3409809742698296,0.041805828982368426,0.8,0.2,False,False,0.0,0
H,1835086379,190,334,0.9910733362189076,0.9910795133588953,0.09540702814587157,0.9910733362189076,0.822311460630268,0.22400000000000003,0.8082309252441489,0.7075967911915949,0.9367144320350975,0.9346374515960577,337,0.14508018334199496,0.20960524690814603,0.07136176277142255,0.20140708513352398,0.33658729955398564,0.03595842229092679,0.8,0.0,False,False,0.0,0
H,1835086379,191,337,0.9821121412671824,0.9936443229245728,0.035471986877223464,0.9821121412671824,0.812273767945397,0.526,0.8098820608170131,0.6972193345137102,0.9430429888315878,0.9128851703128013,335,2.978602118831034e-05,0.24253863650332,0.00944474775803049,0.407037008340705,0.337661895657726,0.003287925719030303,0.6,0.4,False,False,0.0,0
H,1835086379,192,335,0.9915950638570759,0.9915950659407486,0.1590478165696418,0.9915950638570759,0.8212342556483081,0.0,0.8078600141371208,0.7082920204898748,0.9337789104062106,0.9389277509261383,338,0.26167065877312723,0.1991970878205289,0.06835812252679013,0.19381460715725493,0.22520110228890797,0.05175842143339081,0.0,0.0,False,False,0.0,0
H,1835086379,193,338,0.9870291138390789,0.987029117146466,0.15533331378116444,0.9870291138390789,0.8037700259301235,0.0,0.8050806608883851,0.7228483177405834,0.9081203953480783,0.988699582260673,333,0.3121362284400293,0.20390584390431327,0.04049647225123832,0.30286228473030197,0.1385968799124435,0.0020022907616737123,0.0,0.0,False,False,0.0,0
H,1835086379,194,333,0.9920152325169938,0.9930456425189185,0.05469224108386676,0.9920152325169938,0.7955725238765253,0.41400000000000003,0.8067818138158684,0.7207660550695791,0.9109244703551376,0.9807444437063844,329,0.11325191520031028,0.23637009996800676,0.038283159912138355,0.2157122299011507,0.2680805727093353,0.12830202230905868,0.2,0.4,False,False,0.0,0
H,1835086379,195,329,0.9885574596950514,0.9894567169307097,0.055747128748211465,0.9885574596950514,0.7937867205416157,0.4,0.7937470381625688,0.7310557708399966,0.9121839480302255,1.009685144194676,331,0.2666002315487055,0.14146966383617948,0.04833274106302094,0.21947939975540018,0.2617596235530087,0.06235834024368529,0.0,0.4,False,False,0.0,0
H,1835086379,196,331,0.9896681210930226,0.9898558218883394,0.0682215471065834,0.9896681210930226,0.7814021380357178,0.35,0.7862045008508015,0.7365573979011759,0.9173447544313935,1.0212650937479435,326,0.21318019503973906,0.15247575044177553,0.0363194737586032,0.21314285521480608,0.28189600602095305,0.1029857195241231,1.0,0.0,False,False,0.0,0
H,1835086379,197,326,0.9825497540589885,0.9878279105416098,0.04164656792589615,0.9825497540589885,0.7698445729953851,0.456,0.7818996446787921,0.7388736318385327,0.9130988422901314,1.0349070852826086,326,0.17680129790519541,0.17604774694468409,0.15318252128726392,0.22978882218481553,0.2374428165093861,0.02673679516865507,0.4,0.4,False,False,0.0,0
H,1835086379,198,326,0.990926600053799,0.9909394781528023,0.08955785327010489,0.990926600053799,0.7609061648449286,0.22400000000000003,0.7829722949850384,0.7407228891074276,0.892946027877071,1.0594590136600697,325,0.17241173576026803,0.20385047433798573,0.040600640453982526,0.23797313086989494,0.15578534907976388,0.18937866949810483,0.8,0.0,False,False,0.0,0
H,1835086379,199,325,0.9724624982790318,0.9940191888658618,0.03049560661307094,0.9724624982790318,0.7349555392940129,0.55,0.786568349591352,0.7367420521103192,0.8820742189890508,1.061876142726134,321,0.10069134322828786,0.27783906764188804,0.036376292417193055,0.27535079864940426,0.19211396949843432,0.11762852856479254,1.0,0.2,False,False,0.0,0
H,1835086379,200,321,0.9921943784245453,0.992233897983318,0.0806428702828688,0.9921943784245453,0.7566105257120621,0.256,0.7859492345414697,0.7377188666973957,0.8792437601278156,1.0675472354530706,322,0.16017396490740696,0.15794846147854236,0.09862292887933473,0.3178173547187763,0.2268848151883495,0.038552474827590236,0.4,0.2,False,False,0.0,0
H,1835086379,201,322,0.992252239227677,0.992252308523544,0.13115897292416878,0.992252239227677,0.764345590821829,0.05600000000000001,0.7891159897298872,0.73472472606359,0.891319384115034,1.0446010561463293,326,0.11114753376330083,0.19096433351245756,0.13478526631610172,0.1741773144176934,0.3216692580946227,0.06725629389582366,0.4,0.0,False,False,0.0,0
H,1835086379,202,326,0.9741507087219546,0.9903379237887127,0.03274635132404882,0.9741507087219546,0.7612608038706352,0.526,0.7905310526808134,0.7334034954729843,0.8849901894039922,1.0482999984469088,330,0.1301875714071731,0.25454999087221525,0.02992985659020459,0.28985907379817627,0.21401371850230835,0.08145978882992241,0.6,0.4,False,False,0.0,0
H,1835086379,203,330,0.9910284873471183,0.9910367861593062,0.09305641698605484,0.9910284873471183,0.7713459493284602,0.22400000000000003,0.7915599565343736,0.738224666978474,0.8646970276232839,1.0785512102758237,331,0.20614182848923557,0.19317897045872595,0.024195309940138528,0.4275511236152762,0.14102928579845445,0.007903481698169356,0.8,0.0,False,False,0.0,0
H,1835086379,204,331,0.9884378809626895,0.9894420718403478,0.054868471221311166,0.9884378809626895,0.7890377241481287,0.41400000000000003,0.7944649900942499,0.747860818335147,0.8782273248609556,1.0718624854892114,336,0.2693423088199574,0.21876058559654055,0.0051561729198719465,0.14978238662731172,0.30590916015418057,0.05104938588213776,0.2,0.4,False,False,0.0,0
H,1835086379,205,336,0.9925451036524368,0.9925656672579217,0.0858456328284667,0.9925451036524368,0.7850542214745179,0.256,0.7964766767526561,0.7481073787740722,0.8682764042965476,1.081764876533315,334,0.15799501694603163,0.23856981345930828,0.09791269289676843,0.2540910634581227,0.18935905960843832,0.06207235363133067,0.4,0.2,False,False,0.0,0
H,1835086379,206,334,0.9891116713757709,0.9891116793877429,0.14830718874347898,0.9891116713757709,0.758152193929021,0.014000000000000002,0.799198951702129,0.7565989014125759,0.8666108257008913,1.0924125752628377,324,0.2612111447150922,0.16704314999834532,0.11054332562843364,0.17733190873892193,0.225810309169992,0.05806016174921481,0.2,0.0,False,False,0.0,0
H,1835086379,207,324,0.99006375895533,0.990063912377304,0.12481467552010178,0.99006375895533,0.7611972134700287,0.126,0.8026752257314094,0.7453035150765407,0.8788889591068044,1.0564751881767265,322,0.019181984182419395,0.3215300047384556,0.04196029837620865,0.2527689365108053,0.2946960798800113,0.0698626963120999,0.6,0.0,False,False,0.0,0
H,1835086379,208,322,0.9924442651192765,0.9924486749553884,0.09810070466132115,0.9924442651192765,0.7560303125390835,0.2,0.8087939419873801,0.7545321895645639,0.8666645303668643,1.0764376013724517,314,0.26867312802312787,0.21209290765455593,0.04211077131241792,0.2951932780656755,0.17832233585370166,0.003607579090521046,0.0,0.2,False,False,0.0,0
H,1835086379,209,314,0.9880190395436064,0.9880196656991511,0.11360312017604741,0.9880190395436064,0.7693967087140402,0.126,0.8093681674574664,0.7659872906750842,0.8759014918987936,1.0804885729826168,320,0.3022713823593565,0.2457847842466651,0.03192665546730252,0.13909734064724655,0.2795170728430786,0.001402764436350668,0.6,0.0,False,False,0.0,0
H,1835086379,210,320,0.9918975657924889,0.9918979346334589,0.11784704091433687,0.9918975657924889,0.7776081519415974,0.126,0.8079910550595745,0.761083264470828,0.8883113427089142,1.0603772751115919,325,0.1049417291187246,0.23639764105578462,0.06977193734708804,0.16593415539159256,0.3420164044514136,0.08093813263539666,0.6,0.0,False,False,0.0,0
H,1835086379,211,325,0.9929420407611514,0.9929420416077881,0.166227591464649,0.9929420407611514,0.7959716964535204,0.0,0.8045889485183327,0.7502036668611174,0.8994802084380228,1.0366054974581393,330,0.027182070172885018,0.175868461379433,0.012608545894723088,0.3307591107134993,0.41486063988142485,0.038721171958034824,0.0,0.0,False,False,0.0,0
H,1835086379,212,330,0.9933735499158354,0.9933738401357304,0.11976711874828211,0.9933735499158354,0.8015716535751053,0.126,0.8001854142101855,0.7406388721087463,0.9095321875942205,1.017648503496223,331,0.03681735738355977,0.20305503331520008,0.046484791423585664,0.2689158568915327,0.37108297556002456,0.07364398542609742,0.6,0.0,False,False,0.0,0
H,1835086379,213,331,0.9923907697491067,0.9936545154536218,0.05307228335913422,0.9923907697491067,0.8001426419856492,0.42400000000000004,0.7989690604066009,0.7447167295450702,0.9143360803646678,1.0194250250876686,327,0.20137251302201387,0.18346188421134987,0.04040118662781611,0.2380773653514898,0.2787855576493467,0.057901493137983616,0.8,0.2,False,False,0.0,0
H,1835086379,214,327,0.9910389811561721,0.9910389859245071,0.15245348308202847,0.9910389811561721,0.7761238484742361,0.014000000000000002,0.8017127085996658,0.7438663273811144,0.9139484051864762,1.0152066469181482,314,0.14231792891622053,0.16246307534691537,0.06958331383127922,0.2699073810428487,0.25522966429137606,0.10049863657136,0.2,0.0,False,False,0.0,0
H,1835086379,215,314,0.9906737806037388,0.9906737850635348,0.1529830320625537,0.9906737806037388,0.7955722986429513,0.014000000000000002,0.8025332434197632,0.7361690279534588,0.9197640848197632,0.9973281181524398,320,0.05620021176750209,0.24418569058653308,0.01654272276227922,0.29404601975899525,0.28605260075967315,0.10297275436501717,0.2,0.0,False,False,0.0,0
H,1835086379,216,320,0.9858556540575246,0.9868302926909622,0.05508520409150619,0.9858556540575246,0.7792885677174243,0.4,0.7988291087954548,0.7393987667557274,0.9066432596997014,1.0209122213464406,317,0.18797737749926835,0.14880534252145605,0.06599299405925685,0.31420026400239964,0.1942779168095724,0.0887461051080467,0.0,0.4,False,False,0.0,0
H,1835086379,217,317,0.9880214259145945,0.9901965101338382,0.04872231372095748,0.9880214259145945,0.7665944083559495,0.42400000000000004,0.802018850693864,0.737326380107031,0.8920388431959455,1.030603066816033,316,0.12371939611362537,0.3452230441105122,0.027859005469535354,0.23981527267080188,0.18029954733107148,0.08308373430445389,0.8,0.2,False,False,0.0,0
H,1835086379,218,316,0.9861420896576405,0.9861421285215168,0.13571327527390836,0.9861420896576405,0.7682926997113505,0.05600000000000001,0.8014896150772186,0.7490209085319314,0.8730545306058352,1.07042112403829,317,0.29451059287814935,0.16399156365648943,0.028881654124739427,0.3570392035018069,0.15109785864742115,0.00447912719139383,0.4,0.0,False,False,0.0,0
H,1835086379,219,317,0.9886365390650199,0.9886460127449271,0.0919832370230077,0.9886365390650199,0.7894142162572164,0.21400000000000002,0.7939829631173367,0.7534812518384415,0.883630106685338,1.073966568524042,320,0.21139235916383367,0.14272390940783822,0.026062859229882735,0.30590938149295505,0.2894051457004318,0.02450634500505865,0.2,0.2,False,False,0.0,0
H,1835086379,220,320,0.9876508785766277,0.9879192850023427,0.06535901289307715,0.9876508785766277,0.7899275272340424,0.35,0.8005249688751508,0.7538907883169965,0.8820726161689656,1.067650762859716,322,0.16354498838096349,0.26680266446772033,0.10370876696228987,0.19794100593593136,0.2340276007608068,0.03397497349228821,1.0,0.0,False,False,0.0,0
H,1835086379,221,322,0.9897514403773007,0.9897555400795609,0.0986595485656923,0.9897514403773007,0.8106997441042325,0.21400000000000002,0.8003513455414955,0.7431635700027378,0.8934217908752505,1.039314992173781,328,0.02459151376988842,0.36221632073607507,0.0037172256074088097,0.3037760168882859,0.2977821816159074,0.0079167413824344,0.2,0.2,False,False,0.0,0
H,1835086379,222,328,0.9903314775009637,0.9903405629804602,0.0923299180445867,0.9903314775009637,0.789944184482013,0.22400000000000003,0.7966147119920465,0.7524148212853492,0.868474686241968,1.0875565657434796,324,0.26761787228435313,0.2155938284183305,0.08122806915180741,0.29929118948758116,0.1219753722712126,0.01429366838671531,0.8,0.0,False,False,0.0,0
H,1835086379,223,324,0.9897757418518489,0.9897789292605048,0.10066333608529607,0.9897757418518489,0.8102161862925114,0.2,0.796155310841514,0.7462159154925198,0.8804816830527556,1.0645017640387369,329,0.08027294089297514,0.19015919282357133,0.0053675298523178415,0.28284673958432205,0.29427232717492213,0.14708126967189156,0.0,0.2,False,False,0.0,0
H,1835086379,224,329,0.9926704708804334,0.9926813282150574,0.09093051643017282,0.9926704708804334,0.8198602030047847,0.22400000000000003,0.7942032925540393,0.7339071767829559,0.8924335147474801,1.035460603661753,336,2.571331327739212e-05,0.2460354560760041,0.007947350098417773,0.22241608385105424,0.5223830216032882,0.0011923750579583814,0.8,0.0,False,False,0.0,0
H,1835086379,225,336,0.9896176236198165,0.990833129071638,0.05335945619635238,0.9896176236198165,0.8496633744389374,0.41400000000000003,0.7936262617715371,0.7332151755969417,0.8985712006179398,1.0281652448829333,347,0.13754197066416957,0.1715689784371623,0.03537435307806455,0.25374345527340836,0.27690518672603887,0.12486605582115633,0.2,0.4,False,False,0.0,0
H,1835086379,226,347,0.9894884029177662,0.9931188716059737,0.04466787005517049,0.9894884029177662,0.8563355256349384,0.456,0.794628618588403,0.727494440811745,0.9013879599309804,1.0156725707530723,349,0.07425029993312932,0.1842202477565169,0.07921171367387195,0.27558121222565785,0.26336939687417277,0.1233671295366512,0.4,0.4,False,False,0.0,0
H,1835086379,227,349,0.9875553353953062,0.9892720134938743,0.05059883941985071,0.9875553353953062,0.8348714896997527,0.42400000000000004,0.7955380139005955,0.7380386262009574,0.9038053586940553,1.026462866954561,343,0.27398634287249535,0.2191316056023833,0.06305085234600855,0.1469472293147248,0.2627809737808649,0.03410299608352306,0.8,0.2,False,False,0.0,0
H,1835086379,228,343,0.9784117445052195,0.9922460309105884,0.03401197597192637,0.9784117445052195,0.8176607036841012,0.526,0.80113860808521,0.7360597467006395,0.9052294947835497,1.0149548199618026,337,0.12403814762162466,0.22548424830521194,0.09112238314128338,0.2413233714195765,0.25902335979449986,0.05900848971780368,0.6,0.4,False,False,0.0,0
H,1835086379,229,337,0.9850045483860316,0.9850048595630946,0.1191447707601609,0.9850045483860316,0.8161348884992388,0.126,0.800587004784751,0.7351485998317069,0.8897760053717582,1.0320147588085697,338,0.1361480058262422,0.22354241896884924,0.05799486718779881,0.2874873025728,0.17534730033281679,0.11948010511149307,0.6,0.0,False,False,0.0,0
H,1835086379,230,338,0.9901316478883471,0.9912790557681664,0.05382197293246774,0.9901316478883471,0.8150617645381909,0.41400000000000003,0.8023001790899625,0.7342735430443093,0.9007984048345823,1.015999238944745,330,0.1360296650523461,0.17077322620970484,0.112559699411554,0.2615884945793694,0.3131751151283093,0.0058737996187164625,0.2,0.4,False,False,0.0,0
H,1835086379,231,330,0.9903093487324204,0.9906363960562756,0.06380794472927927,0.9903093487324204,0.8261393525725004,0.35,0.8007287699366897,0.7240165612519682,0.9107185643511241,0.992839113486329,334,0.018208691998430494,0.24592979148484762,0.036574125381619735,0.2834620266318079,0.3680996015011314,0.0477257630021629,1.0,0.0,False,False,0.0,0
H,1835086379,232,334,0.990164732446692,0.9901647521113114,0.1411684339814721,0.990164732446692,0.8094102163089513,0.05600000000000001,0.8020465663990078,0.7152550943879918,0.9196467079160117,0.969706608438248,328,0.03049201498277557,0.15528006248810103,0.059019435570694105,0.24218174478056828,0.4207201106030707,0.09230663157479038,0.4,0.0,False,False,0.0,0
H,1835086379,233,328,0.9905989352578121,0.990713729689723,0.07214246133476282,0.9905989352578121,0.8318987537180844,0.326,0.8022082108800783,0.7236011107277471,0.9223734836436855,0.9779244683659791,335,0.23885963823943676,0.17642960196621393,0.10004453483029861,0.20952273944337801,0.27345723259637533,0.001686252924297258,0.6,0.2,False,False,0.0,0
H,1835086379,234,335,0.9896137185348006,0.9896214877572534,0.09356994678536343,0.9896137185348006,0.8395195228842446,0.22400000000000003,0.7968504323090829,0.7294249671459894,0.9026917358883624,1.0140616186946434,343,0.21254889943286914,0.2322698938758319,0.0364902254290369,0.2850890577129563,0.16277800304522708,0.0708239205040787,0.8,0.0,False,False,0.0,0
H,1835086379,235,343,0.979858162955857,0.9915158898995029,0.035368728548618826,0.979858162955857,0.8247335535424777,0.526,0.7994438848648545,0.7277132462317686,0.9124225622995261,0.9976455724201719,335,0.12199409303848308,0.19786559075062954,0.014891316430506773,0.2643839979420361,0.32550724839548445,0.07535775344285997,0.6,0.4,False,False,0.0,0
H,1835086379,236,335,0.9918090005117228,0.9918090055180736,0.15207192970127725,0.9918090005117228,0.8484990985394774,0.014000000000000002,0.7981535071168188,0.7270409493675738,0.9003632770611653,1.0117068091505972,344,0.13391706809241985,0.19817132039388366,0.0069936820251154065,0.3027398397711812,0.19591485495795852,0.1622632347594415,0.2,0.0,False,False,0.0,0
H,1835086379,237,344,0.9903029829414774,0.9903030240630846,0.13529729748561062,0.9903029829414774,0.8390313372962618,0.05600000000000001,0.8075941587019081,0.7291189813672196,0.9096396030566511,0.9925122493859714,335,0.16787599335030715,0.2890600761688745,0.03003102288753551,0.21619583211853344,0.2965632685080118,0.00027380696673765025,0.4,0.0,False,False,0.0,0
H,1835086379,238,335,0.9880648521419527,0.9880720423337725,0.09417399959709581,0.9880648521419527,0.8395941146172761,0.21400000000000002,0.8120810816183004,0.7422248075208815,0.9118167264501787,1.0023710564501123,333,0.3070221902752859,0.18275937322759153,0.039010887761908274,0.1758152005364315,0.26570541849596363,0.02968692970281938,0.2,0.2,False,False,0.0,0
H,1835086379,239,333,0.9914232517410092,0.9914286881966118,0.09642655717481236,0.9914232517410092,0.8499757593117175,0.21400000000000002,0.8067785144637714,0.7455322791513157,0.9013345355374112,1.0252413552871864,338,0.19273390008097838,0.1534496381638262,0.0011396423643042556,0.44300875728100897,0.20349740866125146,0.006170653448630718,0.2,0.2,False,False,0.0,0
H,1835086379,240,338,0.9905855320627547,0.990585542282462,0.14638170989306964,0.9905855320627547,0.8701098312202311,0.014000000000000002,0.8044518083561325,0.7445664488791072,0.9110211634914898,1.0159561513145812,347,0.14138479606696566,0.196695032053234,0.030245337581867954,0.2074022066284635,0.2991004075390986,0.1251722201303702,0.2,0.0,False,False,0.0,0
H,1835086379,241,347,0.9912924388234927,0.9912924421617962,0.155293559508784,0.9912924388234927,0.8496847597016167,0.0,0.8094328735076188,0.7428545949190197,0.8968191568602825,1.02333563837576,340,0.13145585604834875,0.3011808378379888,0.05335152110724276,0.3091103723138187,0.18450054858970846,0.02040086410289254,0.0,0.0,False,False,0.0,0
H,1835086379,242,340,0.9919083942639234,0.9919087412210543,0.11833400041258736,0.9919083942639234,0.8552868206654395,0.126,0.8013806324728603,0.7502089389097584,0.9071372411742542,1.0319778969579203,349,0.24371342170862095,0.2064147903267416,0.06969666317774918,0.11152449597827085,0.35848611474877723,0.010164514059840172,0.6,0.0,False,False,0.0,0
H,1835086379,243,349,0.9909858303139782,0.9909976969508035,0.09020943342024612,0.9909858303139782,0.8613439223758231,0.22400000000000003,0.8026802100686472,0.7393427392100868,0.9164235170568288,1.005094811573134,351,0.020553090572703582,0.22985345552471273,0.060287828703128085,0.2509055694800069,0.43038047629800985,0.00801957942143888,0.8,0.0,False,False,0.0,0
H,1835086379,244,351,0.9920821394040327,0.9920845883381197,0.10277977792862224,0.9920821394040327,0.8729571050822822,0.2,0.796230936967306,0.7523756022495824,0.9104677506044251,1.0378416339174137,363,0.331325373299018,0.1685656214214474,0.13499997971299954,0.13307471868410697,0.22843292626639572,0.003601380616032355,0.0,0.2,False,False,0.0,0
H,1835086379,245,363,0.9897749437499056,0.9897750024342439,0.13246213759035008,0.9897749437499056,0.8393634134675256,0.05600000000000001,0.8010802709511825,0.7509626590154342,0.9054111438787334,1.0353721312451936,346,0.1400729609791367,0.17314229734006972,0.14339904662753084,0.2794663549675903,0.22995084167375418,0.033968498411918346,0.4,0.0,False,False,0.0,0
H,1835086379,246,346,0.9892897313212824,0.9914683869835845,0.04871947207189066,0.9892897313212824,0.8264490884413762,0.42400000000000004,0.7998031901114676,0.7529602576786867,0.8940981855521053,1.0529402041091749,341,0.1818216451753026,0.18345560310290168,0.040133990317019995,0.3042143318750271,0.19614078030622592,0.09423364922352272,0.8,0.2,False,False,0.0,0
H,1835086379,247,341,0.9919206427935964,0.9919210053432143,0.1179841730477262,0.9919206427935964,0.8373286593585961,0.126,0.796570868089088,0.7495675026388093,0.9046883669968948,1.0401292847889747,346,0.11569072305071232,0.22872974898748538,0.05026774581410472,0.20154368421183955,0.3608755075466477,0.04289259038921013,0.6,0.0,False,False,0.0,0
H,1835086379,248,346,0.9937725451567128,0.9937803852620775,0.09353103413998536,0.9937725451567128,0.8494155065580116,0.21400000000000002,0.8002668346779,0.7492923403482888,0.9139349821656438,1.0244745480004767,345,0.15254016051774916,0.2504044627416076,0.05015112075531433,0.23259976078730155,0.29857725934219276,0.01572723585583464,0.2,0.2,False,False,0.0,0
H,1835086379,249,345,0.9923765592466146,0.9923765615291883,0.15832835531446898,0.9923765592466146,0.8416643925250843,0.014000000000000002,0.8011851760359091,0.7578639922163651,0.9102405750669424,1.039207272514562,340,0.2629533610686347,0.23859719402364798,0.024969626667301986,0.222452428078609,0.23849545558931468,0.012531934572491714,0.2,0.0,False,False,0.0,0
H,1835086379,250,340,0.9902923014229641,0.990307816776012,0.0880698002284306,0.9902923014229641,0.857175401836403,0.22400000000000003,0.7991628496923956,0.7467651421262662,0.9192165175602482,1.016555117550599,346,0.022429369008991118,0.19707714209419896,0.07123186237955065,0.27112939875906533,0.41689619748924966,0.021236030268944217,0.8,0.0,False,False,0.0,0
H,1835086379,251,346,0.9892923292485446,0.9905792726756354,0.052902816877699495,0.9892923292485446,0.8427715988408173,0.41400000000000003,0.8006299173203896,0.7573417567038372,0.926434721336903,1.021045897905831,342,0.2864358960485536,0.197261463119971,0.052437288309618774,0.11817070538931808,0.2956992776633979,0.04999536946914066,0.2,0.4,False,False,0.0,0
H,1835086379,252,342,0.9903380545700838,0.9903381410462102,0.1293805799915495,0.9903380545700838,0.8608713537944349,0.05600000000000001,0.7976510325419764,0.7527897444106555,0.9263229136194969,1.0188220958545542,348,0.10393844427512637,0.2056682621542875,0.05938455575744837,0.28298981949470203,0.26265832208142126,0.08536059623701445,0.4,0.0,False,False,0.0,0
H,1835086379,253,348,0.9866625036604881,0.9904552530778482,0.044298402233578955,0.9866625036604881,0.8541728037881436,0.456,0.7973663945641474,0.7434300482790753,0.9336906222575472,0.9985715432130505,345,0.040997388611908235,0.21529841324061938,0.07091728846769099,0.26545260297093237,0.31984981102920185,0.08748449567964726,0.4,0.4,False,False,0.0,0
H,1835086379,254,345,0.987833124867424,0.9898089262573472,0.04948410725890219,0.987833124867424,0.8467170040965754,0.42400000000000004,0.7981999219406224,0.7472648974836038,0.9242227629020454,1.0129458751289346,346,0.2000793952310275,0.26543343278072634,0.07891161647230116,0.19404590485135878,0.21950601435126457,0.04202363631332157,0.8,0.2,False,False,0.0,0
H,1835086379,255,346,0.9903723110947722,0.9903723310339216,0.14105974364648508,0.9903723110947722,0.8426027871742527,0.0,0.8012139351321836,0.7430698918132517,0.9318004866118409,0.9953097022044772,340,0.10210299004785128,0.1690347756242759,0.029561177668475495,0.24206059286369278,0.38410504103375054,0.07313542276195413,0.0,0.0,False,False,0.0,0
H,1835086379,256,340,0.9896746549291233,0.9896746904615126,0.13645512512938696,0.9896746549291233,0.8411920255782518,0.05600000000000001,0.8009441460376856,0.7416871264447136,0.9386204379506569,0.9865713579696425,336,0.1346341152765554,0.16779463617640558,0.08963197001514797,0.25197658414837965,0.30358400566077165,0.05237868872273978,0.4,0.0,False,False,0.0,0
H,1835086379,257,336,0.9893336615051816,0.989360263929791,0.08377032816442848,0.9893336615051816,0.8389670241772323,0.256,0.8017785961222252,0.7431836868744784,0.9360483047835708,0.9902468024742005,338,0.16976145940000634,0.3347103266150052,0.04312945207591306,0.1954992382981081,0.25644955313989815,0.00044997047106928086,0.4,0.2,False,False,0.0,0
H,1835086379,258,338,0.988929755944105,0.9904808607360333,0.05141590011919764,0.988929755944105,0.8495799917188271,0.42400000000000004,0.7987334640041432,0.7423127615305696,0.9424434743052137,0.9861199273418949,343,0.14110323749768852,0.2873142663531347,0.01600181115240004,0.21267048566343863,0.329579321950999,0.013330877382339075,0.8,0.2,False,False,0.0,0
H,1835086379,259,343,0.9886794173538971,0.9895062846234421,0.05641557634380773,0.9886794173538971,0.8193961256492304,0.4,0.8105422278738904,0.7359706989573748,0.9481991268746923,0.9576026238075198,326,0.07216969379167144,0.2191584425749807,0.04012996337549068,0.2367921926847331,0.3785228690328415,0.05322683854028256,0.0,0.4,False,False,0.0,0
H,1835086379,260,326,0.9918777843656257,0.9918887627058999,0.09083593370861481,0.9918777843656257,0.8099094201385558,0.256,0.8126858026100654,0.7252586891771672,0.9407531878662082,0.9486250074024665,324,0.013581564595764333,0.3053387394568663,0.05240228188831428,0.3506581361263962,0.23686986839492577,0.041149409537733175,0.4,0.2,False,False,0.0,0
H,1835086379,261,324,0.9921041177504176,0.9921093238766724,0.0967766216212974,0.9921041177504176,0.8136638504468163,0.22400000000000003,0.8090534825551925,0.7252693905387617,0.9466778690795874,0.9469343974134168,327,0.14092044775566076,0.16476133247239474,0.10195927236173379,0.2040544215199304,0.30967359232416775,0.07863093356611253,0.8,0.0,False,False,0.0,0
H,1835086379,262,327,0.9927328241982445,0.9935965228283412,0.05610151461771786,0.9927328241982445,0.8277437190130336,0.4,0.8069760504988083,0.7185089653732216,0.9520100821716286,0.9352549121327994,331,0.056288054517474415,0.16812389912832096,0.019948620870688896,0.31823516961623904,0.30709454323382435,0.1303097126334523,0.0,0.4,False,False,0.0,0
H,1835086379,263,331,0.9898532522182357,0.9898535674440636,0.11908095670864019,0.9898532522182357,0.8202937483730739,0.126,0.8029140592063706,0.7124654793053837,0.9568090739544658,0.9274050974766357,333,0.06102452751029015,0.2318739700379788,0.0029111021942210286,0.21774511846224817,0.3921597248900032,0.09428555690525854,0.6,0.0,False,False,0.0,0
H,1835086379,264,333,0.9892043342422207,0.9892073243081094,0.10116748866779461,0.9892043342422207,0.8336722630667219,0.21400000000000002,0.8026048398747819,0.713509340199215,0.9425933647236524,0.9431342358433876,340,0.14583918573875546,0.17905202424262204,0.02224080731872558,0.33158044197203945,0.207325990823166,0.11396154990469154,0.2,0.2,False,False,0.0,0
H,1835086379,265,340,0.9919081656739948,0.9919085789287478,0.11694207645551173,0.9919081656739948,0.8258070130318879,0.126,0.8058488184078685,0.7249171350637652,0.9483340282512872,0.9485788948424649,329,0.2760407734313868,0.16076051877679992,0.021435954763672133,0.2136208713746254,0.31534929699592884,0.012792584657587038,0.6,0.0,False,False,0.0,0
H,1835086379,266,329,0.9887374499190178,0.9899721040915184,0.05322811275209438,0.9887374499190178,0.8141927284642636,0.41400000000000003,0.8075364985794363,0.7180634255856773,0.9535006254261584,0.9325661851764538,323,0.0549018409387536,0.24548102731562957,0.09914187312201923,0.27785413185245256,0.30731712511230064,0.015304001658844275,0.2,0.4,False,False,0.0,0
H,1835086379,267,323,0.9904948064259618,0.9904948100358234,0.15466462085717583,0.9904948064259618,0.8099238383555349,0.014000000000000002,0.8056306984760188,0.7163900214526132,0.9581505628835426,0.9280679229151119,320,0.1153720893277479,0.16658456394187768,0.10649987656857933,0.24630332301239974,0.30005624428730776,0.06518390286208758,0.2,0.0,False,False,0.0,0
H,1835086379,268,320,0.9912364988700711,0.991236511286352,0.14483718705080514,0.9912364988700711,0.8022478621892645,0.05600000000000001,0.8072619882631431,0.7134225172552757,0.9623355065951884,0.9183448595708211,314,0.09814996094116497,0.2738581358433635,0.01088017091186525,0.2653442117635858,0.32198424108486884,0.029783279455151596,0.4,0.0,False,False,0.0,0
H,1835086379,269,314,0.9902354434038579,0.9902357450506979,0.11943453040173939,0.9902354434038579,0.8180431899337947,0.126,0.8014643812662697,0.7027835887318127,0.9661019559356696,0.90764166503773,324,0.00040246674125896613,0.2522443823096928,0.04863099822940277,0.3406237402422868,0.3399893845445837,0.018109027932774906,0.6,0.0,False,False,0.0,0
H,1835086379,270,324,0.9893420002765939,0.9905518409855848,0.05339437994078055,0.9893420002765939,0.8048635450402664,0.41400000000000003,0.8013258144876729,0.7021395884147644,0.9549260611309628,0.9175813561134492,321,0.11868973899427938,0.21159696925948196,0.031311384679731,0.398292515905701,0.22717150394430083,0.012937887216505928,0.2,0.4,False,False,0.0,0
H,1835086379,271,321,0.9876887989864843,0.9876938097582937,0.09704555701215312,0.9876887989864843,0.8053199696326493,0.22400000000000003,0.8026251514464778,0.704607169472951,0.9403398802588865,0.9335754827044281,325,0.1571820059865599,0.1816950880360848,0.01830626612728037,0.2475146499532805,0.20453212620510006,0.19076986369169446,0.8,0.0,False,False,0.0,0
H,1835086379,272,325,0.9894125195433282,0.9894125333793737,0.14396070002014053,0.9894125195433282,0.8014203645308156,0.05600000000000001,0.8066493014457706,0.6985617363876973,0.9463058922329979,0.915141999345387,322,0.05231156735492217,0.23778543032106841,0.08031215272405234,0.24691252901935004,0.32349201405356426,0.05918630652704286,0.4,0.0,False,False,0.0,0
H,1835086379,273,322,0.9878953295228016,0.987895432613047,0.12796204703088698,0.9878953295228016,0.8060909319047644,0.126,0.8030774558171412,0.6922170292497272,0.9487596773071378,0.9085077282717093,326,0.044792246017684605,0.17194232563203393,0.01092539067074942,0.3508859482350214,0.28542187148719855,0.13603221795731202,0.6,0.0,False,False,0.0,0
H,1835086379,274,326,0.98870421849887,0.9898662069341628,0.05371010505929953,0.98870421849887,0.7767601511305885,0.42400000000000004,0.8038114173448346,0.7076061777872408,0.939363527320316,0.9371384380473206,315,0.3734868271066333,0.18935829800474363,0.003329572317444879,0.17897583827659946,0.2273990887194599,0.02745037557511875,0.8,0.2,False,False,0.0,0
H,1835086379,275,315,0.9925724419089267,0.9926981207772492,0.07143730996458723,0.9925724419089267,0.7830262893318211,0.326,0.803799829850082,0.7010018331896756,0.9454271745882844,0.9224506954424122,315,0.047199553647460556,0.19071359805391738,0.05282492006438779,0.38323283975920963,0.31735986704301666,0.00866922143200782,0.6,0.2,False,False,0.0,0
H,1835086379,276,315,0.9898848084033972,0.9898895445332356,0.09751193995198722,0.9898848084033972,0.764647988969864,0.2,0.808964456863916,0.6965224860356313,0.9228319754345914,0.933003057034268,314,0.069634306317994,0.3266636187592431,0.052055682133153945,0.30875736595467734,0.15973759152567724,0.08315143530925437,0.0,0.2,False,False,0.0,0
H,1835086379,277,314,0.9892403415731061,0.9892403481032779,0.149936088623901,0.9892403415731061,0.7490729724039198,0.014000000000000002,0.8089762265671655,0.6964035792808828,0.9116680739973628,0.944253251659366,310,0.12134021933791395,0.21966122752434974,0.11290264508796533,0.2707902491088456,0.20559648053115281,0.06970917840977259,0.2,0.0,False,False,0.0,0
H,1835086379,278,310,0.9912476951305829,0.9912479898089857,0.11962870872075042,0.9912476951305829,0.7406038843549274,0.126,0.8051457865934813,0.7106057342989112,0.8875532644412343,0.9943968902968138,311,0.30027917477590665,0.2564328822140441,0.057463388855107364,0.2278788681859706,0.1352599892180385,0.02268569675093285,0.6,0.0,False,False,0.0,0
H,1835086379,279,311,0.9871109456114635,0.988171703990722,0.054422016626359836,0.9871109456114635,0.7205847668048612,0.42400000000000004,0.8031377887742701,0.7023399048748791,0.8947449463255319,0.9773678066716076,304,0.028305716136418232,0.20923890585409324,0.014463850817402106,0.28559043092407765,0.27973504164210516,0.18266605462590374,0.8,0.2,False,False,0.0,0
H,1835086379,280,304,0.9887871397756502,0.9887871479167829,0.14817727586251458,0.9887871397756502,0.7039939440559575,0.014000000000000002,0.8067076984390044,0.7068327234597177,0.9052704516929787,0.9678813037425068,296,0.1826226728572817,0.19563253278885784,0.007917805401057132,0.16155443840501968,0.4165223710063998,0.03575017954138397,0.2,0.0,False,False,0.0,0
H,1835086379,281,296,0.9882335405967114,0.9885005384775298,0.06540557783956506,0.9882335405967114,0.7043211543264408,0.35,0.8101267659003835,0.7214910872867318,0.9101665238057086,0.978491666872147,293,0.32983225274824685,0.20022037373433677,0.019419853383166815,0.16232849528333404,0.27711558641013884,0.011083438440776725,1.0,0.0,False,False,0.0,0
H,1835086379,282,293,0.9886227493146226,0.9888154942801435,0.06800208581903171,0.9886227493146226,0.6902247381779185,0.326,0.8164829232546593,0.714000866763301,0.9137215776982103,0.9570568855019667,284,0.04480417301132206,0.26282999805875984,0.007351899659632867,0.3833451471067483,0.27285853136536276,0.028810250798174286,0.6,0.2,False,False,0.0,0
H,1835086379,283,284,0.9882289869680553,0.9882318914717096,0.10139073967842054,0.9882289869680553,0.6729662185538154,0.21400000000000002,0.8164320114371509,0.704080493879489,0.9223494199283893,0.9349896621219306,276,0.00974588067941274,0.2593118253462588,0.009964429595695249,0.36385426735261905,0.317891217507622,0.03923237951839224,0.2,0.2,False,False,0.0,0
H,1835086379,284,276,0.9922719577738816,0.9922741802651311,0.10355361819759729,0.9922719577738816,0.6840054700999434,0.21400000000000002,0.8151951983852888,0.7058772541478437,0.9223993965579718,0.9387470051598328,282,0.15000981202911526,0.17837597120684484,0.1791618147004356,0.19744546192788703,0.26142459311210736,0.03358234702360981,0.2,0.2,False,False,0.0,0
H,1835086379,285,282,0.9882683250020237,0.989292864620352,0.05470758179455179,0.9882683250020237,0.6869766260672285,0.41400000000000003,0.8078423094368019,0.7181259779510532,0.9083361122387965,0.9786501387462281,284,0.28178233138252035,0.15976423018677408,0.07327028537319381,0.28256259572968623,0.1908832766831098,0.01173728064471585,0.2,0.4,False,False,0.0,0
H,1835086379,286,284,0.9745351675242796,0.9857826409951224,0.035607742576953295,0.9745351675242796,0.7008508046827996,0.526,0.8081150099024719,0.7121508975041174,0.9175025010149168,0.9604872313924212,291,0.061640230632711915,0.23349427340540893,0.01512169902546775,0.3159785360574808,0.3579959612033308,0.015769299675599806,0.6,0.4,False,False,0.0,0
H,1835086379,287,291,0.9871230735164704,0.9885835734997499,0.051879743688208746,0.9871230735164704,0.7149465176770597,0.41400000000000003,0.8136112441971699,0.7100841849527738,0.9185876937375261,0.9501064693769342,290,0.10676040404827833,0.23346783396639056,0.03244875825997304,0.2669971137261207,0.26417721412050515,0.09614867587873219,0.2,0.4,False,False,0.0,0
H,1835086379,288,290,0.9805466170109585,0.992159244362381,0.0354047462586497,0.9805466170109585,0.72178378112375,0.526,0.8079314350469157,0.7043600285370452,0.9267289243637735,0.9407353812987294,295,0.059750660398874854,0.20341895376211933,0.09821581439432185,0.26909938421973606,0.31473800005855657,0.05477718716639145,0.6,0.4,False,False,0.0,0
H,1835086379,289,295,0.9887957540070728,0.9923202404081497,0.04489729965876815,0.9887957540070728,0.741751501559426,0.456,0.8057022955793348,0.7151460512987506,0.9248911027595169,0.9596868463815852,302,0.2625503023569719,0.16665984930589817,0.03124129049178496,0.1843192122996414,0.25417535416060355,0.10105399138509998,0.4,0.4,False,False,0.0,0
H,1835086379,290,302,0.9871676518790587,0.9874107595218009,0.06614294614778718,0.9871676518790587,0.7344145433130065,0.35,0.8017826509323204,0.7229611897108488,0.9203943327003479,0.9796803413228871,303,0.23215551221294614,0.15194442453941287,0.09729583941676515,0.1883710359480337,0.2399617010839132,0.09027148679892893,1.0,0.0,False,False,0.0,0
H,1835086379,291,303,0.9918830144158763,0.9918830246513896,0.14637982758540138,0.9918830144158763,0.7400211564075763,0.0,0.8056131938404383,0.7230208449344186,0.9218826801376239,0.9735283259966783,301,0.14009643386390452,0.25502735864600523,0.056693014232452474,0.2491220211743406,0.2676389035365538,0.03142226854674335,0.0,0.0,False,False,0.0,0
H,1835086379,292,301,0.9938010996548767,0.9938061617805027,0.09701350112558334,0.9938010996548767,0.7441705743906165,0.2,0.8020896743980744,0.719005780137021,0.9176602183400294,0.9768492586607904,304,0.08919971811654077,0.1680689879827918,0.1464667118244868,0.3362363137710874,0.23982903108083947,0.020199237224253683,0.0,0.2,False,False,0.0,0
H,1835086379,293,304,0.9881057772372058,0.9881057840077907,0.14963916363002433,0.9881057772372058,0.7508079127105125,0.014000000000000002,0.8057340606484662,0.7145350344933792,0.9258941965060264,0.9577903184391464,304,0.08099429204011586,0.17897893996878625,0.007214602778007023,0.37742813458323493,0.3040361323527911,0.051347898277064846,0.2,0.0,False,False,0.0,0
H,1835086379,294,304,0.9875143543551377,0.9875480045817588,0.08188497758743424,0.9875143543551377,0.7532978994266267,0.256,0.8019457361771198,0.7288082827687102,0.9333047768554238,0.9737440755768697,309,0.31339928130884603,0.15994665639207525,0.05035827345775201,0.09601907706953484,0.3051223485802345,0.07515436319155738,0.4,0.2,False,False,0.0,0
H,1835086379,295,309,0.9896990618467624,0.9897060444438469,0.09442035825920746,0.9896990618467624,0.7478613919928557,0.2,0.8081253717288326,0.7384398906201132,0.9143178877488917,0.9993996451327744,304,0.26340027487298,0.25761182543220573,0.041430531310675124,0.25688693250986494,0.1717179428950514,0.0089524929792229,0.0,0.2,False,False,0.0,0
H,1835086379,296,304,0.9897855577350342,0.9898042010064173,0.08660384163092419,0.9897855577350342,0.7545294393414413,0.256,0.8108764280640973,0.7331073545846334,0.9197297975101592,0.9829980211732264,305,0.08236823119407369,0.2037132455062312,0.018830540120795075,0.24665853207865934,0.28421849268078314,0.16421095841945751,0.4,0.2,False,False,0.0,0
H,1835086379,297,305,0.9914478569028258,0.991447864688086,0.14855445886758603,0.9914478569028258,0.7497301201951337,0.014000000000000002,0.812715588404827,0.7407957228471838,0.9134408213740006,0.9978826234062804,304,0.2417966998972749,0.18348485361145236,0.042567005139086136,0.1898985508125872,0.22842001807428688,0.11383287246531251,0.2,0.0,False,False,0.0,0
H,1835086379,298,304,0.99004564047759,0.9900459180757192,0.1200943467665275,0.99004564047759,0.7539077202388299,0.126,0.804807863019478,0.7537559367048245,0.9220967392366005,1.015692039483141,311,0.33431408430562237,0.15777910586733523,0.025613755204090073,0.09673146944184788,0.3372104936629007,0.04835109151820385,0.6,0.0,False,False,0.0,0
H,1835086379,299,311,0.9904733380185571,0.990473353458215,0.14309631067274933,0.9904733380185571,0.7578935338317564,0.05600000000000001,0.8099193770503912,0.7473185033579988,0.9298870653129405,0.9922788603868544,307,0.07812954360519235,0.1742422803835756,0.05017558653349448,0.2626216944551564,0.32634686687694286,0.10848402814563834,0.4,0.0,False,False,0.0,0
