arm,seed,step,novelty_vector_count,h_n_latest,h_n_shape_latest,V,H_N,L_t,total_suppression,avg_wb,theta_capability,transfer_state,g,population,x_compute,x_bio_welfare,x_novelty_agency,x_institutional_capacity,x_transfer_comprehension,x_resilience,c_protective,c_suppressive,adapter_active,action_modified,adapter_score,shape_fallback_increase
H,1835086407,0,200,0.9832878000336289,0.9832897486810063,0.10452791265020436,0.9832878000336289,0.1037355083084612,0.0,0.6699203333143178,0.5078525996876407,0.5499624053741489,1.3784198467465887,208,0.09815749609550961,0.20610153655320446,0.011625970939786208,0.2370462763849253,0.2998120268707445,0.14725669315583004,0.0,0.0,False,False,0.0,2
H,1835086407,1,208,0.9766776786861298,0.9849577623120699,0.03803917397848473,0.9766776786861298,0.12629030364541446,0.42400000000000004,0.6845141817682562,0.5128837317810295,0.5943406165765804,1.2606689694679798,215,0.06779702597213563,0.2189504160883481,0.16856609170321754,0.2205934997462127,0.2968722586992321,0.027220707790853917,0.8,0.2,False,False,0.0,0
H,1835086407,2,215,0.9823849607798235,0.9824976573115117,0.07222299079610736,0.9823849607798235,0.14507775165924647,0.22400000000000003,0.696424220586414,0.5230340195892919,0.6121251015635983,1.2269189707152512,216,0.13493092996642272,0.28488039438317647,0.03362580615835738,0.24750152275903456,0.1860927332233795,0.11296861350962938,0.8,0.0,False,False,0.0,0
H,1835086407,3,216,0.9846888509797872,0.984689851411035,0.1098462553166698,0.9846888509797872,0.16691152235248047,0.05600000000000001,0.7025335029478069,0.5316579079527867,0.6328284141208853,1.195857047123866,220,0.12219486678699246,0.1666258148933502,0.04311239173787094,0.3267654821703365,0.2095791135682338,0.13172233084321605,0.4,0.0,False,False,0.0,0
H,1835086407,4,220,0.9873911363192435,0.9873917026130071,0.1143979342515972,0.9873911363192435,0.19540899169006432,0.0,0.7105376359706259,0.5313560768746166,0.6695455727087968,1.116910625142104,228,0.016013303993366174,0.20883601675618424,0.1191370584490748,0.29882631227743395,0.3268773060810559,0.030310002442884964,0.0,0.0,False,False,0.0,0
H,1835086407,5,228,0.9858379260276222,0.9917364541240011,0.040793430484279435,0.9858379260276222,0.21475688323596573,0.42400000000000004,0.7180993567705367,0.5387647218319855,0.7025910154379171,1.0678543495340709,225,0.11220561001374689,0.1956025178927413,0.048545283687437685,0.2467811717107237,0.3543685467868411,0.04249686990850933,0.8,0.2,False,False,0.0,0
H,1835086407,6,225,0.980967647630238,0.9809901113613015,0.08504874923641059,0.980967647630238,0.2380472430396579,0.2,0.7262335179369076,0.5443726970370962,0.7233303334365568,1.0362949171765652,229,0.09432764120887421,0.24818290412433822,0.04602480974043007,0.32789143532524284,0.2549920977121569,0.02858111188895773,0.0,0.2,False,False,0.0,0
H,1835086407,7,229,0.9851139991526828,0.9851142262786239,0.12165194315765446,0.9851139991526828,0.2547934570723816,0.0,0.7289659611601865,0.5448556755753003,0.7509973000929011,0.9952584050567379,227,0.03377016737573634,0.1478091540321525,0.06554435515183601,0.2589023035058378,0.33334835893883474,0.1606256609956027,0.0,0.0,False,False,0.0,0
H,1835086407,8,227,0.984545895327786,0.9873478798328296,0.04668340808178441,0.984545895327786,0.27459586827537985,0.41400000000000003,0.7383109076778313,0.5467804049752575,0.7694987945140129,0.962422380870985,228,0.05209391473402669,0.1742791449456244,0.14133850888072044,0.28658684072945656,0.2680061221520098,0.07769546855816219,0.2,0.4,False,False,0.0,0
H,1835086407,9,228,0.9856089960873593,0.9856091635357558,0.12408240667794448,0.9856089960873593,0.2975212038002886,0.05600000000000001,0.7453506911592458,0.5574178071782958,0.7835649251165027,0.9544324412803712,234,0.16220528064751458,0.2648278957082879,0.07533353121594599,0.1986453490604966,0.25508005026945524,0.04390789309829963,0.4,0.0,False,False,0.0,0
H,1835086407,10,234,0.9794517122169052,0.979464889813247,0.08928213941166582,0.9794517122169052,0.30519076614755825,0.2,0.7522402632006285,0.5750909365969971,0.7979013470070508,0.9581439239925332,227,0.2568002472202007,0.19334151726448434,0.03302067242920078,0.19120939999129916,0.26346457201099244,0.062163591083822765,0.0,0.2,False,False,0.0,0
H,1835086407,11,227,0.9809423469154217,0.9839459820695423,0.04610274612352557,0.9809423469154217,0.31015143343204543,0.41400000000000003,0.7589064118693526,0.5835538309496828,0.8039167250975495,0.9564926526604072,224,0.15271801478169575,0.16317951648016535,0.07434044589413326,0.1687420919666562,0.22902756395601892,0.2119923669213306,0.2,0.4,False,False,0.0,0
H,1835086407,12,224,0.9847992531454653,0.9849802636829168,0.06847114512190526,0.9847992531454653,0.32043558485546847,0.326,0.7710083229125926,0.5881278102807973,0.7960687192590712,0.9582130708073596,222,0.10939588598248208,0.21467653546254847,0.15828320403472873,0.2655848174464017,0.1627183333563831,0.08934122371745588,0.6,0.2,False,False,0.0,0
H,1835086407,13,222,0.9883049724178989,0.9883050266160085,0.13308334651102466,0.9883049724178989,0.329441792636014,0.05600000000000001,0.779930306450733,0.585653791209051,0.8021426410972818,0.9361243864891746,219,0.02415464302866948,0.24718405123178244,0.03011851923594737,0.2951705834802291,0.22840396882058867,0.17496823420278304,0.4,0.0,False,False,0.0,0
H,1835086407,14,219,0.932508009739218,0.9810774589151217,0.02392525267558048,0.932508009739218,0.3325763512644626,0.6,0.7801571357245939,0.5970884731171374,0.8219283769875536,0.9311563887192358,225,0.19646714335673673,0.24390124024443588,0.01671498852707134,0.18287622901891412,0.3009972495131595,0.059043149339682535,0.0,0.6,False,False,0.0,0
H,1835086407,15,225,0.9880422619320267,0.9880426514351998,0.11738216630094506,0.9880422619320267,0.3663309891023093,0.126,0.7843300861463014,0.6035292223261218,0.8195032179922924,0.9389636187721415,229,0.14118966081051576,0.25964409477386285,0.11124471807602375,0.22511651158498766,0.19883839351747068,0.06396662123713935,0.6,0.0,False,False,0.0,0
H,1835086407,16,229,0.9872039757838983,0.9872046719941399,0.11275236258256514,0.9872039757838983,0.39844358488407816,0.126,0.7807196860393109,0.608669452694307,0.8375528961930632,0.9308380576966894,241,0.12895864355613948,0.24081406405311268,0.0518643624014089,0.22865010706060707,0.3068378022946904,0.04287502063404161,0.6,0.0,False,False,0.0,0
H,1835086407,17,241,0.9897528645770131,0.9900345865999709,0.06499062360394742,0.9897528645770131,0.4220997325943074,0.35,0.7740100138526884,0.6144211382093095,0.8537976065737568,0.92974667957254,245,0.1398144768714738,0.14334966235972196,0.07832300513125921,0.2975697325115558,0.3381184902990147,0.0028246328269747006,1.0,0.0,False,False,0.0,0
H,1835086407,18,245,0.979928300458399,0.9814468898729048,0.05151160343794961,0.979928300458399,0.4385042288088861,0.41400000000000003,0.7737048489305914,0.612744196144653,0.8526546521547752,0.9288182107306596,254,0.05055143557261206,0.2593953264858884,0.030037979827524774,0.41159460126819536,0.22118403119197036,0.02723662565380916,0.2,0.4,False,False,0.0,0
H,1835086407,19,254,0.9882372168159728,0.9882378863461427,0.11307173286588006,0.9882372168159728,0.45914897026363544,0.126,0.7783705104126162,0.6231098157342331,0.8673891869392977,0.9229203350716715,255,0.20003536746015899,0.1650261857523183,0.029550749961726474,0.1895564847125941,0.4048588428968993,0.010972369216302902,0.6,0.0,False,False,0.0,0
H,1835086407,20,255,0.9859656388412202,0.9859656427183722,0.15405953949349602,0.9859656388412202,0.4693732664491206,0.014000000000000002,0.7802456811907619,0.6330342145644131,0.8494420912713838,0.9551290032966147,258,0.2009986202111466,0.24971485764737603,0.0897114915087444,0.2733845951984478,0.14395911513007967,0.04223132030420565,0.2,0.0,False,False,0.0,0
H,1835086407,21,258,0.9867599209274173,0.9867599257248735,0.15237057312043897,0.9867599209274173,0.4873879239189152,0.014000000000000002,0.7816953858768025,0.628237239598131,0.8545708195989645,0.9404551056976166,264,0.023184197024232245,0.2927790568774004,0.0726902331592299,0.32502972339766406,0.25036468727359557,0.03595210226787785,0.2,0.0,False,False,0.0,0
H,1835086407,22,264,0.9875774368676401,0.9875944226887138,0.08732718414310173,0.9875774368676401,0.4996534542606228,0.256,0.7870812259037061,0.6306546260892365,0.8657720606337199,0.9254830429355557,263,0.11036560588765068,0.17471853979070198,0.08791674563114403,0.24008288158860128,0.2832916149732592,0.10362461212864285,0.4,0.2,False,False,0.0,0
H,1835086407,23,263,0.9903894805961518,0.9906731280579184,0.06494153761268769,0.9903894805961518,0.5477450535586126,0.35,0.7823657965703162,0.6251456806162299,0.879194854570348,0.9088375061873605,284,0.012797322893190455,0.2529420913668582,0.012056550651892418,0.3376972327983066,0.3827510227736406,0.0017557795161116836,1.0,0.0,False,False,0.0,0
H,1835086407,24,284,0.9838950310490951,0.9884047929702336,0.042903593856218565,0.9838950310490951,0.5627657929164916,0.456,0.7865490016494115,0.6198440582836551,0.8902346132505019,0.8852219664418319,288,0.011945771227958972,0.35968763923966696,0.0009123328817968894,0.31933384973542245,0.2947962206859435,0.01332418622921128,0.4,0.4,False,False,0.0,0
H,1835086407,25,288,0.9880868583107741,0.9885541362897913,0.06095088598980988,0.9880868583107741,0.580856485410663,0.35,0.7943579128817018,0.6180271395514146,0.9012111519254518,0.8633060083870968,289,0.052191052274279615,0.1815625137438279,0.1568746539184025,0.25386980934558495,0.33010231740872176,0.02539965330918332,1.0,0.0,False,False,0.0,0
H,1835086407,26,289,0.9911803181230976,0.9911872734708839,0.09446338731903124,0.9911803181230976,0.5873454525009828,0.22400000000000003,0.7975301740002089,0.6260324356080262,0.9040717137277403,0.8682540754859955,287,0.17383316292727866,0.24787202019237858,0.0035957647642070522,0.21489335483094382,0.2649083849741685,0.09489731231102344,0.8,0.0,False,False,0.0,0
H,1835086407,27,287,0.9890090775233762,0.9890090991422199,0.14040496657166687,0.9890090775233762,0.5924757894113422,0.05600000000000001,0.8020172198435187,0.6283250201205307,0.8956661654705587,0.8746906660880953,291,0.10742757866132278,0.30259338916678646,0.05325204948578662,0.22207271830819655,0.21000811557796212,0.10464614879994565,0.4,0.0,False,False,0.0,0
H,1835086407,28,291,0.9847027073611871,0.9880756155458456,0.04521309763865589,0.9847027073611871,0.5916479892787984,0.456,0.8086266861863473,0.6325772066389247,0.9045334210423518,0.864850122765531,282,0.13335546905525683,0.17954118625510143,0.05000240733037797,0.2738754324405725,0.29216936059424486,0.0710561443244464,0.4,0.4,False,False,0.0,0
H,1835086407,29,282,0.9919301896133674,0.9919303378379885,0.12510399776814154,0.9919301896133674,0.5989306105979352,0.126,0.8080080211331413,0.6354493900430547,0.9039533910482127,0.8700000084012212,281,0.11876304670095239,0.19008854890096402,0.10627222345078013,0.2592684611863542,0.24936656055048023,0.07624115921046899,0.6,0.0,False,False,0.0,0
H,1835086407,30,281,0.98824764821293,0.9907067906698143,0.04774935288722663,0.98824764821293,0.5994182700570977,0.456,0.8007172264315487,0.6464199943047322,0.9135580519433915,0.8836890211261994,282,0.22178842204787733,0.1540213165515813,0.0892462837963898,0.16546140951819,0.3139376614975738,0.05554490658838773,0.4,0.4,False,False,0.0,0
H,1835086407,31,282,0.964487799317456,0.9878081351470932,0.02981973612268067,0.964487799317456,0.5980239543947962,0.55,0.7975811869880458,0.6522045863218542,0.9201129248411933,0.8887258565539472,282,0.16381989665448266,0.15681230387289138,0.029323433339548136,0.32657851956760175,0.2895533904607052,0.0339124561047709,1.0,0.2,False,False,0.0,0
H,1835086407,32,282,0.9913275413985609,0.9914466981046746,0.07185146535549859,0.9913275413985609,0.6145169322135224,0.326,0.7854372496740797,0.6539548916620858,0.928101632357074,0.8970998047924799,281,0.11700668320405393,0.13571147888287557,0.07797435767595956,0.2665179633767151,0.3635963319747993,0.039193184885596595,0.6,0.2,False,False,0.0,0
H,1835086407,33,281,0.9909657440400218,0.9909658148322258,0.13097858968020742,0.9909657440400218,0.6162850783375955,0.05600000000000001,0.7899116713317491,0.6543881584826942,0.921116386998653,0.8993782745678858,280,0.10163764254640803,0.16659661926816108,0.06817915268954197,0.40370329745836736,0.22912458938643201,0.030758698651089517,0.4,0.0,False,False,0.0,0
H,1835086407,34,280,0.991505000652051,0.992988419165634,0.05179119117620135,0.991505000652051,0.6274470484454114,0.42400000000000004,0.7986252477869096,0.6716687505585595,0.9201274002619391,0.9140377732890664,277,0.31926547745999395,0.2137041833724243,0.0020381544171879486,0.20937890947718582,0.25561325981575694,1.5457451136913306e-08,0.8,0.2,False,False,0.0,0
H,1835086407,35,277,0.9879469608981283,0.9879544549609367,0.0938435590116533,0.9879469608981283,0.6162135342625374,0.22400000000000003,0.803130170656658,0.6815324020501319,0.9063539120103242,0.9362735478963297,273,0.23058861274375494,0.2643549730438634,0.011731376228844227,0.21778942013741287,0.19119625887289515,0.08433935897322943,0.8,0.0,False,False,0.0,0
H,1835086407,36,273,0.9905830793691895,0.9905908980906787,0.09352718635794596,0.9905830793691895,0.6406022447571291,0.256,0.8038160890619641,0.6831193604278782,0.9055573899978074,0.938477619443478,280,0.13329473100316158,0.20168266393598436,0.07512673849593311,0.3215450121730947,0.24919434594257808,0.019156508449248186,0.4,0.2,False,False,0.0,0
H,1835086407,37,280,0.9880331910140827,0.9880388194836751,0.09612299729773416,0.9880331910140827,0.6503974510922743,0.22400000000000003,0.8031324469299055,0.6838811161564298,0.9126218372365131,0.9330449862012247,285,0.12397154687431786,0.20558733439834043,0.151707398609169,0.2068698581133402,0.28810093119243196,0.02376293081240065,0.8,0.0,False,False,0.0,0
H,1835086407,38,285,0.991722088446476,0.9917289398899093,0.09458754707366959,0.991722088446476,0.6541022574477381,0.21400000000000002,0.8063089248827334,0.682001858848963,0.9087965583327456,0.9307165095714574,284,0.09143498125443458,0.2839112202212592,0.026320841991567347,0.2749492449736767,0.23718452409941934,0.08619918745964293,0.2,0.2,False,False,0.0,0
H,1835086407,39,284,0.9896033733489367,0.9897841273027885,0.06852116443450773,0.9896033733489367,0.664533356314161,0.326,0.8054432978625774,0.6831059101741899,0.9111863094953576,0.9307775181747858,290,0.12755180334593774,0.19563879610538107,0.1624018823093927,0.21488733445704236,0.2663470349794324,0.03317314880281373,0.6,0.2,False,False,0.0,0
H,1835086407,40,290,0.9861675356041408,0.988669777012048,0.04759466922939525,0.9861675356041408,0.6712100412569176,0.456,0.8059714663215585,0.6868176019033901,0.9097578826023376,0.9366900841258671,291,0.16083734047387183,0.20251001287169235,0.10017055599172169,0.261343338091949,0.2484510202825787,0.02668773228818646,0.4,0.4,False,False,0.0,0
H,1835086407,41,291,0.9872619831201708,0.9872802449818892,0.08674805637605201,0.9872619831201708,0.6813607218214763,0.256,0.8087578882590124,0.6912524738058574,0.9127483404301835,0.936412315785984,289,0.17219689997046017,0.18309789436249074,0.02567006969825366,0.2937830666703409,0.26983123044039836,0.055420838858056105,0.4,0.2,False,False,0.0,0
H,1835086407,42,289,0.9875585833274682,0.9877182647005142,0.06949123455700724,0.9875585833274682,0.6848234305497417,0.35,0.8072117262806828,0.6901595395800011,0.9123018259107585,0.9371810295312164,292,0.10587111830545663,0.2589905095162083,0.01663569431927122,0.23694389725381212,0.2541415976179665,0.12741718298728524,1.0,0.0,False,False,0.0,0
H,1835086407,43,292,0.9892110713002333,0.9895876752990442,0.06267643163954334,0.9892110713002333,0.6670784290606642,0.35,0.8078030419118365,0.7023585510409351,0.8930177526927884,0.9736285435303249,285,0.27133735549917637,0.18667469417677762,0.0559988125846906,0.24062767837159646,0.1597305468655286,0.08563091250223025,1.0,0.0,False,False,0.0,0
H,1835086407,44,285,0.9918318439125179,0.9918412209818864,0.09209051359378845,0.9918318439125179,0.6870076262881692,0.22400000000000003,0.8073482549231531,0.7005709362314648,0.9015022650817189,0.9625524043018262,290,0.1041289092822059,0.17599793987564955,0.07777019384295315,0.2557214187497725,0.2889314382910467,0.09745009995837227,0.8,0.0,False,False,0.0,0
H,1835086407,45,290,0.9893783749412428,0.9893788253832804,0.11623586803133551,0.9893783749412428,0.7042469007364882,0.126,0.8089458988357148,0.6940203153127736,0.9113520385735471,0.9413834010228955,295,0.04347407366102631,0.16862144961194286,0.0900619827700639,0.29676494691056193,0.340295072225385,0.060782474821020054,0.6,0.0,False,False,0.0,0
H,1835086407,46,295,0.9905424933010764,0.9905428117063071,0.11900661343574537,0.9905424933010764,0.7048395756457042,0.126,0.8073073648145069,0.7093192995471349,0.9134535655866138,0.9618700157308816,298,0.3266218570710003,0.16480405248839275,0.08536407125179142,0.10966779348806054,0.2661836543521075,0.04735857134864746,0.6,0.0,False,False,0.0,0
H,1835086407,47,298,0.9933124512642265,0.9933128370881233,0.11750006108168115,0.9933124512642265,0.685713968842406,0.126,0.8109532547993165,0.7073850170956302,0.8973443580021797,0.9720775184015532,291,0.1066460315731506,0.18209049234363842,0.15678822644034765,0.28754891792885473,0.17618074487113636,0.09074558684287234,0.6,0.0,False,False,0.0,0
H,1835086407,48,291,0.9878650440833232,0.9878650684100774,0.13945637380867087,0.9878650440833232,0.6649463778327775,0.05600000000000001,0.8143640563209751,0.7061819708144048,0.8867631380236962,0.9778908829132642,284,0.11457755716945166,0.21727293853855614,0.1434496181068074,0.28562966564832504,0.19576607910867214,0.043304141428187726,0.4,0.0,False,False,0.0,0
H,1835086407,49,284,0.9893640090709737,0.989364012750785,0.15450275795206075,0.9893640090709737,0.6657041759765495,0.0,0.8177631563920148,0.69873546907314,0.8980868242213266,0.9514082752738238,280,0.03578245999319243,0.23205651391416418,0.012190794454500995,0.31378678711317165,0.32011022447729165,0.08607322004767894,0.0,0.0,False,False,0.0,0
H,1835086407,50,280,0.9859277575034124,0.9867831100945123,0.05612403515109311,0.9859277575034124,0.6580015631633914,0.41400000000000003,0.8177038403724592,0.7021261630438262,0.8933497087693526,0.9611642712489435,276,0.16659334280429053,0.16552914603658445,0.017530564255123532,0.291851074376616,0.22535783485079344,0.13313803767659194,0.2,0.4,False,False,0.0,0
H,1835086407,51,276,0.9889126984514859,0.9889287932796696,0.08776682841458681,0.9889126984514859,0.6470544019936294,0.256,0.8203244512552187,0.7059268872819088,0.9040147378924174,0.951915845693555,270,0.17383790487842365,0.20094008433610258,0.009270479676532162,0.16911288808930372,0.392196237789613,0.05464240523002483,0.4,0.2,False,False,0.0,0
H,1835086407,52,270,0.9909791792626821,0.9910104846680543,0.08248778625486736,0.9909791792626821,0.6610763157570875,0.256,0.8096876703335263,0.7184188523815567,0.9104321920129991,0.9745689908747155,274,0.28485386829679143,0.15288974088691545,0.04572866434852006,0.20999737970361185,0.28409463954911696,0.022435707215044367,0.4,0.2,False,False,0.0,0
H,1835086407,53,274,0.9869678038509687,0.9869953801956752,0.08346506609953044,0.9869678038509687,0.6554712336614387,0.256,0.8098696411769325,0.7154530639631905,0.9065286693729766,0.9745059277958014,274,0.09943942750889664,0.3071318358347612,0.08037592861791995,0.25181123430604424,0.2356984828063873,0.025543090925990553,0.4,0.2,False,False,0.0,0
H,1835086407,54,274,0.9696129172656611,0.9847311455907277,0.0332449941482378,0.9696129172656611,0.6563628780364653,0.55,0.8039859933485264,0.7221601030681775,0.9158758024356789,0.9807276589135153,282,0.21849615378933127,0.18806386349514562,0.005799457258843504,0.14649373416343123,0.3228652900029391,0.11828150129030941,1.0,0.2,False,False,0.0,0
H,1835086407,55,282,0.990690897268263,0.9910105659487772,0.06399259801872889,0.990690897268263,0.6516199895865774,0.326,0.8074459547838925,0.72695012588353,0.924288222192111,0.974055569539391,270,0.1987253496095178,0.14941212771342874,0.05421969742453871,0.20678166985811694,0.3373900659177148,0.05347108947668307,0.6,0.2,False,False,0.0,0
H,1835086407,56,270,0.9749648245289998,0.9876615268915073,0.034658148534937455,0.9749648245289998,0.6481564606417207,0.526,0.8067605824857316,0.7156057891828146,0.9318593999728999,0.9518725086656239,275,3.961991826320022e-05,0.4560516793453135,5.282186583323293e-05,0.22941390475071763,0.31203591693043264,0.002406057189439925,0.6,0.4,False,False,0.0,0
H,1835086407,57,275,0.9909312959963466,0.9909313026013115,0.14985903118445526,0.9909312959963466,0.6634387985639161,0.0,0.8074741804188653,0.7213978357147187,0.9164062493437545,0.9748956858799188,276,0.20715419988806072,0.1713076352616827,0.09860400128416373,0.3218040896716763,0.1886639468407227,0.012466127053693937,0.0,0.0,False,False,0.0,0
H,1835086407,58,276,0.9381447847887243,0.9855994744832285,0.024146686079717483,0.9381447847887243,0.6266014006571707,0.6,0.8094559413291481,0.7149646016799897,0.924765624409379,0.9551237567305475,274,0.057958221887585544,0.2199383859349439,0.12276242286241561,0.24085892369069412,0.3334543368376622,0.02502770878669862,0.0,0.6,False,False,0.0,0
H,1835086407,59,274,0.9870879911042976,0.9870879941957311,0.15587128128124444,0.9870879911042976,0.669084533964734,0.014000000000000002,0.7941736899685509,0.7167685339014838,0.9322890619684412,0.9680835652483212,278,0.1569020288186697,0.1355866733337092,0.08073572681762455,0.2683841937386342,0.30998036670838197,0.048411010582980474,0.2,0.0,False,False,0.0,0
H,1835086407,60,278,0.9821913537005127,0.9862608070862244,0.04370409228752956,0.9821913537005127,0.6705220160871705,0.456,0.7861254231974658,0.7060925543255583,0.934315009263661,0.9613387863432715,284,0.002030588989359531,0.2526630220969289,0.049000042232892754,0.36592507249581785,0.2762742674603195,0.05410700672468135,0.4,0.4,False,False,0.0,0
H,1835086407,61,284,0.99101306748,0.9910130778466246,0.1462715262859349,0.99101306748,0.6646431681523761,0.014000000000000002,0.7774522058048561,0.7051915768552363,0.9199717967664605,0.9859591065616768,286,0.11754562807444909,0.17046885240771015,0.2181535952735959,0.2525297291975772,0.19544144214582776,0.04586075290083994,0.2,0.0,False,False,0.0,0
H,1835086407,62,286,0.9866073607273933,0.9886099333800381,0.04936732763261732,0.9866073607273933,0.6637932042541184,0.42400000000000004,0.7791632137487357,0.699445976562135,0.9279746170898144,0.9673633711784151,284,0.056424731870757035,0.19054608775611137,0.030966190026188885,0.36185584618374006,0.34805079074187134,0.012156353421331357,0.8,0.2,False,False,0.0,0
H,1835086407,63,284,0.9905037387423798,0.9905120199908575,0.09306906556723518,0.9905037387423798,0.6631253030139798,0.22400000000000003,0.781917441598615,0.710349275202478,0.9084008365873961,1.0000771751931827,282,0.2609449683556223,0.22134302792264285,0.012683304366029706,0.2629870533678012,0.16611840603281577,0.07592323995508818,0.8,0.0,False,False,0.0,0
H,1835086407,64,282,0.9909937628910478,0.9922561398511704,0.0530696993232599,0.9909937628910478,0.6670713390318921,0.41400000000000003,0.7867500584004922,0.7111090703432682,0.9158836498259949,0.9868681394579715,280,0.14096573626142644,0.17826897659649238,0.07151160187496607,0.23363546395915813,0.29161448448669197,0.0840037368212649,0.2,0.4,False,False,0.0,0
H,1835086407,65,280,0.9884647986420462,0.9885899444014403,0.07143813681791869,0.9884647986420462,0.6618224663596811,0.326,0.7820765328592253,0.7106187940364025,0.9242952848433954,0.9830524664535353,276,0.12581471512872072,0.1575101415619659,0.017027398272201285,0.38390151133441336,0.3122534345593742,0.0034927991433244365,0.6,0.2,False,False,0.0,0
H,1835086407,66,276,0.9744778095253328,0.9865828806101221,0.03502928800437652,0.9744778095253328,0.6512459047646008,0.526,0.7803775220437491,0.7058926721014922,0.9186838171057009,0.984618192342959,278,0.07256022208637325,0.16875999382568016,0.16815451837426926,0.3233469339862063,0.23409030373322515,0.03308802799424594,0.6,0.4,False,False,0.0,0
H,1835086407,67,278,0.9903897465485407,0.9924185879947874,0.04929419762396302,0.9903897465485407,0.6467975518127866,0.42400000000000004,0.7826124350016745,0.6980186371499396,0.9268154353951308,0.9623366286025243,271,0.03025748316902534,0.2502789797295627,0.023771043122822265,0.2586562425870226,0.32004634590813497,0.11698990548343227,0.8,0.2,False,False,0.0,0
H,1835086407,68,271,0.9881716708028643,0.9882886767613579,0.07197105970672359,0.9881716708028643,0.6201244323545351,0.326,0.7852272241210142,0.690802254172729,0.9337384609408039,0.9421784136092664,259,0.03355686100357995,0.16305786122869387,0.0375885579239102,0.38352493437850044,0.298022845425931,0.08424894003938449,0.6,0.2,False,False,0.0,0
H,1835086407,69,259,0.9829034934541845,0.9842694930133247,0.052377399159658763,0.9829034934541845,0.6060906276368825,0.41400000000000003,0.7877482138908893,0.682689607925274,0.9371315427571394,0.9247733564519476,256,0.01784333076476773,0.23216475842318463,0.10910239549650022,0.24909954344534002,0.28383463955207944,0.10795533231812804,0.2,0.4,False,False,0.0,0
H,1835086407,70,256,0.9893527124800721,0.9893569957893629,0.09830759935493252,0.9893527124800721,0.5934876574317509,0.21400000000000002,0.7923691016494094,0.6932977191697877,0.9432656818561517,0.927594586513725,251,0.24678239550971762,0.20890451963451134,0.12883916743278084,0.10062852630325772,0.2992364668736313,0.015608924246101049,0.2,0.2,False,False,0.0,0
H,1835086407,71,251,0.987108447639346,0.9871084694922163,0.14030394883968716,0.987108447639346,0.5784198895519015,0.05600000000000001,0.7933408735340312,0.6933617146874986,0.9235594836262041,0.9463137604752357,248,0.1216110184525046,0.3049605250942329,0.0010713338661910508,0.3285273189471481,0.1731018497783381,0.0707279538615852,0.4,0.0,False,False,0.0,0
H,1835086407,72,248,0.9848817938311529,0.9849007368156922,0.08643735951057328,0.9848817938311529,0.5769372973387868,0.256,0.7981333702575863,0.6928914099570157,0.9302685725181601,0.9332142434436115,243,0.11497226254864962,0.1809456326971561,0.07603939274974367,0.28066121003747163,0.2953251862728817,0.052056315694097195,0.4,0.2,False,False,0.0,0
H,1835086407,73,243,0.9916570098773339,0.9916570290161512,0.14139615919230478,0.9916570098773339,0.5762511281339231,0.014000000000000002,0.7984012979205423,0.6996003023362308,0.9347796265274263,0.9373882724240499,244,0.20441828596332423,0.16886701839414112,0.15517259133563507,0.13085103912148036,0.2876895563054112,0.053001508880008104,0.2,0.0,False,False,0.0,0
H,1835086407,74,244,0.9900301203522076,0.9900381889041354,0.09327237565537908,0.9900301203522076,0.5810979290691465,0.22400000000000003,0.7979740598826721,0.6954333484125693,0.9413016638746836,0.9258442050638761,244,0.07266326491437594,0.19730011818404156,0.03409617224697616,0.30993620907329333,0.3351793575001209,0.05082487808119221,0.8,0.0,False,False,0.0,0
H,1835086407,75,244,0.9837010136432606,0.9837051447742355,0.09854994913830907,0.9837010136432606,0.5711193712084148,0.21400000000000002,0.8010800984060654,0.7061685120642007,0.9284448440484117,0.9494591785938484,238,0.2563353884032481,0.22543860805520763,0.023116949657456313,0.2833259036028103,0.20636673280598178,0.005416417475296053,0.2,0.2,False,False,0.0,0
H,1835086407,76,238,0.9846271547054721,0.9864761608279873,0.04998521832424953,0.9846271547054721,0.5561397722038696,0.41400000000000003,0.8028207421175986,0.7140193440799371,0.9035881303014448,0.9842850205915019,233,0.2269907202368293,0.18403384181486013,0.07748329772663766,0.3258373465784852,0.13993885328937158,0.045715940353816174,0.2,0.4,False,False,0.0,0
H,1835086407,77,233,0.983613477127591,0.9837488210893832,0.07077546616390369,0.983613477127591,0.5464532347200973,0.326,0.7994373601218401,0.710888231939396,0.9132293172713003,0.973726612178933,231,0.09462318829319667,0.1608312760247,0.04796583794850349,0.20166925458978305,0.34300539944105823,0.15190504370275865,0.6,0.2,False,False,0.0,0
H,1835086407,78,231,0.9861244632483465,0.9861244798357578,0.1424905088498379,0.9861244632483465,0.5467450268915316,0.05600000000000001,0.8046716261157122,0.7055553980640106,0.9219063855441703,0.951098743784719,228,0.06514472151980484,0.2373205725443266,0.06515899459138666,0.2504316652638165,0.332476871468497,0.04946717461216839,0.4,0.0,False,False,0.0,0
H,1835086407,79,228,0.9868161924238087,0.986817336011062,0.10879886349453517,0.9868161924238087,0.5453175492448655,0.2,0.8048749644248071,0.7101609756952275,0.9097544934259452,0.9698491183502214,227,0.1860418441802187,0.18212025963215156,0.02234147926342762,0.3490423025509093,0.2001937321809594,0.06026038219233338,0.0,0.2,False,False,0.0,0
H,1835086407,80,227,0.9867224292278471,0.9867229444613459,0.11514471059391625,0.9867224292278471,0.5527250535479561,0.126,0.8061520809635696,0.7074562171259637,0.9099945384839715,0.9643702455801514,229,0.09754112769371998,0.17272917924371484,0.0988238046090439,0.33470136370080034,0.25607747200310405,0.04012705274961694,0.6,0.0,False,False,0.0,0
H,1835086407,81,229,0.9812715471337665,0.9854014272277938,0.043579824231164827,0.9812715471337665,0.5541600479386922,0.456,0.8007860740214329,0.6975835327926558,0.9189950846355743,0.9479087224257592,234,0.006251581537378201,0.2857970870673076,0.06520636291161286,0.2356348813507155,0.3725530440567589,0.034557043076226986,0.4,0.4,False,False,0.0,0
H,1835086407,82,234,0.9827486907795314,0.982748712069192,0.14047655718456695,0.9827486907795314,0.5704519912402717,0.05600000000000001,0.7853522735403711,0.6971500617684507,0.9270955761720169,0.9574966344031489,242,0.11807132019284682,0.14729542119980382,0.09145841827653318,0.2676766779335572,0.30145266106523977,0.07404550133201925,0.4,0.0,False,False,0.0,0
H,1835086407,83,242,0.9858732536067388,0.9872861624924678,0.052132993129819595,0.9858732536067388,0.5845218911106715,0.4,0.7885001821097916,0.7011977993264662,0.929916559776362,0.9563013411159454,246,0.1738155080804751,0.16436609499105387,0.087553960879464,0.21340987551843496,0.27765270610773407,0.08320185442283806,0.0,0.4,False,False,0.0,0
H,1835086407,84,246,0.985677897254481,0.9873153428897633,0.050959221857911054,0.985677897254481,0.6123045540475517,0.41400000000000003,0.7845633377067855,0.6987295041272871,0.934372617563338,0.9531493792328308,257,0.09489493458930232,0.20684228649691622,0.02409555808506588,0.34120731121986486,0.28723856882306087,0.0457213407857901,0.2,0.4,False,False,0.0,0
H,1835086407,85,257,0.985357438158106,0.9853574574688697,0.1412742355788555,0.985357438158106,0.601513070891995,0.014000000000000002,0.7939772410432749,0.6918770364628145,0.9409353558070042,0.9261068046289995,249,0.03855009427364718,0.22907366155757372,0.04902072714726578,0.2690898091525298,0.3050567496383935,0.10920895823059001,0.2,0.0,False,False,0.0,0
H,1835086407,86,249,0.9880513554871899,0.9882334141911551,0.06845143102615973,0.9880513554871899,0.6010092976850043,0.35,0.7960090828184285,0.6952572957204857,0.9369170863712751,0.9322370784973782,246,0.16217638851014912,0.2550163276835847,0.025579137436979708,0.2826961028482628,0.250376330724857,0.024155712796166743,1.0,0.0,False,False,0.0,0
H,1835086407,87,246,0.9869481636399099,0.9869482063455477,0.13496941675560484,0.9869481636399099,0.5971047290682252,0.05600000000000001,0.7986688741182142,0.6946041398666282,0.9432253777341476,0.9220513987214255,246,0.11387136165208524,0.17032045435593635,0.07769849425294988,0.18926445263990657,0.4043761657470896,0.044469071352032395,0.4,0.0,False,False,0.0,0
H,1835086407,88,246,0.9862692239787508,0.9862704729833903,0.10809255623202947,0.9862692239787508,0.5862619504588095,0.126,0.795592487242831,0.6937206939149835,0.9293738757570014,0.9382174709878103,245,0.11058451302108427,0.26830643907649293,0.007974527462179823,0.3541644457972968,0.20235517898134256,0.056614895661603826,0.6,0.0,False,False,0.0,0
H,1835086407,89,245,0.986134513870219,0.9861351362857221,0.11363561106260742,0.986134513870219,0.5843604979524404,0.126,0.8005326423750342,0.6888675737196308,0.9350552986845385,0.9202787655711605,246,0.060411431254955815,0.24740210440862,0.11346060527528884,0.19498254892370406,0.29309405251618653,0.09064925762124472,0.6,0.0,False,False,0.0,0
H,1835086407,90,246,0.984509920607503,0.9845099342529792,0.1440315587047506,0.984509920607503,0.5771293068650584,0.05600000000000001,0.7969751595901406,0.6997720985878928,0.9122023889058877,0.9625440896319126,247,0.2543487944280443,0.24925796231414712,0.06209713022485589,0.2370598421349473,0.1532631004490153,0.04397317044899008,0.4,0.0,False,False,0.0,0
H,1835086407,91,247,0.9866485162746725,0.9866485419382255,0.1390207403784049,0.9866485162746725,0.5809842075179222,0.05600000000000001,0.7970487048903718,0.7046363117247355,0.8890137282590101,0.9944242165442448,251,0.1856602258279673,0.22407526977883624,0.055091733471886645,0.3121830751679113,0.14015789121855643,0.08283180453484226,0.4,0.0,False,False,0.0,0
H,1835086407,92,251,0.9799180813536206,0.9807404284687221,0.0563883792198581,0.9799180813536206,0.5793007901241867,0.4,0.7915739367898726,0.6966310852891342,0.8960925750790982,0.9821062722376904,253,0.02783236438294379,0.20112348560637683,0.014303805863225438,0.29567837627100374,0.2799010982299454,0.1811608696465047,0.0,0.4,False,False,0.0,0
H,1835086407,93,253,0.982342252835448,0.9825831217776101,0.06617757376569697,0.982342252835448,0.5922291625302241,0.35,0.7881893041655361,0.6955608899014789,0.9032139662238075,0.9770436644303359,256,0.10951698596001823,0.15392562513502353,0.07467454812948104,0.3377660953114352,0.2836532432630951,0.04046350220094699,1.0,0.0,False,False,0.0,0
H,1835086407,94,256,0.9881475544547669,0.990450274796048,0.04827043975430259,0.9881475544547669,0.613663882051389,0.42400000000000004,0.7855555585574422,0.6951243870698122,0.9080584741518967,0.974477471788325,262,0.1167692707925896,0.17565737528254793,0.08416026605337963,0.27582005592769754,0.2758295227523498,0.07176350919143558,0.8,0.2,False,False,0.0,0
H,1835086407,95,262,0.9897957979680422,0.9900829162340823,0.06483998282946543,0.9897957979680422,0.6125916870811742,0.35,0.7792525454640868,0.6936598737732408,0.9150412011902297,0.972809254885835,262,0.10364632571148971,0.15603415397896872,0.07618754204752054,0.24879815098005376,0.2889428722676134,0.1263909550143537,1.0,0.0,False,False,0.0,0
H,1835086407,96,262,0.9865864983451158,0.9879913736029403,0.052184066100513786,0.9865864983451158,0.6156640240621885,0.4,0.7836227193258865,0.6976821957479351,0.9153909318906327,0.9726218360373385,262,0.17131644579195426,0.20194778032448504,0.0972823421323445,0.23716189026010162,0.25926925409712975,0.03302228739398461,0.0,0.4,False,False,0.0,0
H,1835086407,97,262,0.989211609169722,0.9892370651673296,0.08411998602626056,0.989211609169722,0.6110790407545867,0.256,0.7881189165640303,0.7027176467561381,0.9238518387015694,0.9651321449719762,262,0.18649450994499686,0.19576352989810666,0.056437823329799304,0.11355095314621458,0.37097933782663717,0.07677384585424549,0.4,0.2,False,False,0.0,0
H,1835086407,98,262,0.9800285718481768,0.9895342050805173,0.03697733218789316,0.9800285718481768,0.6039272203255768,0.526,0.7909949653564996,0.7051613338219396,0.9314666548314124,0.9570782766976832,257,0.1572446175451039,0.17010157577786766,0.0746356227942335,0.24339666031037926,0.31196580650734024,0.042655717065075496,0.6,0.4,False,False,0.0,0
H,1835086407,99,257,0.9927782563129685,0.9927782712984775,0.14335246668675014,0.9927782563129685,0.6146823186363961,0.0,0.7877843598571845,0.7191450739414289,0.9235985328321846,0.9883844888543457,256,0.30302258513232827,0.15202926558831215,0.057111460745705174,0.24419840142179333,0.22639271741956693,0.017245569692294068,0.0,0.0,False,False,0.0,0
H,1835086407,100,256,0.9884252700404855,0.9895214237742656,0.054171605415860316,0.9884252700404855,0.615211249867628,0.42400000000000004,0.7849938569965431,0.7208990091264493,0.9286273552133153,0.9889326091463635,259,0.1588898610261481,0.2749033972608547,0.033563992443349025,0.1936055093007544,0.28694337832174555,0.05209386164714837,0.8,0.2,False,False,0.0,0
H,1835086407,101,259,0.9830107908144833,0.984898188912802,0.04980888805824421,0.9830107908144833,0.6218978428295843,0.41400000000000003,0.787302318741787,0.7125798940369513,0.9357646196919838,0.9672203220229995,266,0.034072942085305716,0.19234677949184145,0.1011944248940811,0.19521324545443117,0.3837268220347356,0.09344578603960497,0.2,0.4,False,False,0.0,0
H,1835086407,102,266,0.9886977111614366,0.9887104123434188,0.08965003951520718,0.9886977111614366,0.6237792795701275,0.21400000000000002,0.7895383130899258,0.7062526260643504,0.9421881577227854,0.9493999946563357,264,0.053771584115583096,0.27370434498726953,0.055895254594205745,0.24671550802800007,0.3180895141401683,0.0518237941347732,0.2,0.2,False,False,0.0,0
H,1835086407,103,264,0.9839182036369633,0.9839291205336202,0.09081647467249464,0.9839182036369633,0.6086975449590931,0.256,0.7967836047347507,0.6993024202907494,0.9440990375285248,0.9296234863054772,256,0.04203031912020735,0.17810662899856924,0.19883333693064414,0.2860808214303225,0.2806484778900896,0.014300415630167203,0.4,0.2,False,False,0.0,0
H,1835086407,104,256,0.9773451497688558,0.9853503438905641,0.03831109785720166,0.9773451497688558,0.5960329909229458,0.526,0.801440071931888,0.6961698590442011,0.9468122991801059,0.9174454945636963,251,0.08540699709986482,0.16811242842909266,0.02271104725075449,0.24079949179084142,0.28561582702216814,0.1973542084072784,0.6,0.4,False,False,0.0,0
H,1835086407,105,251,0.9825445534485997,0.9825501016987401,0.09619292126232144,0.9825445534485997,0.603705916821651,0.2,0.8028597084382565,0.6947907219459135,0.9499299240163771,0.9110092324393363,251,0.1053669481740309,0.17020415123966207,0.07817118819679802,0.2547915323484626,0.2889942737714092,0.1024719062696372,0.0,0.2,False,False,0.0,0
H,1835086407,106,251,0.9849007079502456,0.9849007153225998,0.1489355047158243,0.9849007079502456,0.594970165097007,0.0,0.8025405775963607,0.7007488979082186,0.9541956913285514,0.9150777002497976,244,0.19622140074500924,0.1505360625600752,0.01836825829773979,0.23266414782205955,0.29629379856906035,0.10591633200605587,0.0,0.0,False,False,0.0,0
H,1835086407,107,244,0.987825437192765,0.9878300795108992,0.09765461479149416,0.987825437192765,0.608629247410027,0.256,0.7981825772162167,0.7002844865311765,0.9529443682691292,0.9206715306659466,252,0.11966291897960997,0.16433272957864806,0.12895322033533954,0.21623742500789775,0.27084123036716473,0.09997247573134009,0.4,0.2,False,False,0.0,0
H,1835086407,108,252,0.9820547672280493,0.9830364846451737,0.05499693815195034,0.9820547672280493,0.6024892717178721,0.41400000000000003,0.8018924033412114,0.6982479222916519,0.9576499314422163,0.909257246498089,251,0.09972075108792736,0.1800958791988662,0.09579686183902864,0.2065483442535819,0.38641655584875667,0.03142160777183924,0.2,0.4,False,False,0.0,0
H,1835086407,109,251,0.9919758766905563,0.9919759274420996,0.13363586693127463,0.9919758766905563,0.6049769280881792,0.05600000000000001,0.800733712391946,0.7021158085307384,0.9374428131145168,0.9353536689411522,252,0.17225352942086394,0.2004008123839712,0.0200541926994487,0.2631096633176967,0.1777893740826108,0.16639242809540877,0.4,0.0,False,False,0.0,0
H,1835086407,110,252,0.9868547515858981,0.9868692903130492,0.08855963064064609,0.9868547515858981,0.5851889650617249,0.256,0.7947640483986051,0.712283984786025,0.9436985318030652,0.9496896105943979,250,0.2534245835227928,0.21393239426791347,0.03304809671914292,0.09746539578537945,0.39298027020049864,0.00914925950427279,0.4,0.2,False,False,0.0,0
H,1835086407,111,250,0.9865019454267275,0.9865080161958568,0.09550849328690941,0.9865019454267275,0.5811031203563155,0.22400000000000003,0.7942434097196097,0.7016698355933088,0.9493286786227586,0.9305990097814422,250,6.255823129234537e-07,0.3813529322764989,0.055444541849142,0.23423111056932358,0.31320281793874005,0.015767971783982582,0.8,0.0,False,False,0.0,0
H,1835086407,112,250,0.9840044164358261,0.9842147447842444,0.06727003253170255,0.9840044164358261,0.5696420139654855,0.326,0.7966813497394962,0.7137190360675038,0.9180154611312454,0.975871498682391,246,0.27665865317325505,0.1811044970304838,0.03391800287791918,0.29463893072312297,0.11809825185381372,0.09558166434140535,0.6,0.2,False,False,0.0,0
H,1835086407,113,246,0.9874370914082561,0.987458918802695,0.08532980965055548,0.9874370914082561,0.572884527455126,0.256,0.7936824457640793,0.7105617081185714,0.9065468574255038,0.9875629041768744,249,0.09410779818053595,0.16739714312485163,0.04775631800797828,0.32519070998567606,0.20166471203691433,0.1638833186640437,0.4,0.2,False,False,0.0,0
H,1835086407,114,249,0.9872640350720849,0.9872640399629046,0.15222121559089827,0.9872640350720849,0.582115983374465,0.0,0.7922995782741953,0.7167044652800667,0.89298309827018,1.012995337729621,254,0.20838553209279853,0.3023325741502396,0.04074257882168546,0.2511399992628547,0.18545463293613287,0.011944682736288865,0.0,0.0,False,False,0.0,0
H,1835086407,115,254,0.9909264771287197,0.990929676621556,0.1006424639719784,0.9909264771287197,0.5706781708213053,0.2,0.7929696422606858,0.7140208669621314,0.903684788443162,0.996408378693022,248,0.10189531182585018,0.18201080735541292,0.006374698719233207,0.19851992315391567,0.3685566651498003,0.1426425937957878,0.0,0.2,False,False,0.0,0
H,1835086407,116,248,0.9911384165158064,0.9911521415026829,0.08905258488783689,0.9911384165158064,0.5773675593417132,0.2,0.7922908392545502,0.7174794030334901,0.8976710967824804,1.0088057794302792,249,0.1769947427433159,0.2215856467532989,0.017752151892248325,0.32015150137958415,0.22177393591817293,0.04174202131337973,0.0,0.2,False,False,0.0,0
H,1835086407,117,249,0.9838328820919428,0.9838427420315932,0.09162636374327375,0.9838328820919428,0.5722445181564383,0.22400000000000003,0.7978014436362697,0.712571110255799,0.9064072438493621,0.9853942534808456,244,0.07457096717479277,0.24959913779720097,0.021740946874074147,0.28063348599594556,0.292516283725649,0.08093917843233762,0.8,0.0,False,False,0.0,0
H,1835086407,118,244,0.9830495129608261,0.9860747482323264,0.046062910493731075,0.9830495129608261,0.5756032855310744,0.456,0.800301844081663,0.7065393658922791,0.9137602687594986,0.9661627202394262,243,0.05746013936587553,0.22314366902876942,0.024140361225717503,0.3116901670138731,0.28996874647536314,0.0935969168904013,0.4,0.4,False,False,0.0,0
H,1835086407,119,243,0.9866257363966288,0.990122796620857,0.04494183738036473,0.9866257363966288,0.5888288598664382,0.456,0.7994126064869952,0.7004511323568,0.9223842418835487,0.9499373728838308,246,0.05298418448918628,0.17011743172949978,0.0351681276942866,0.3037920491187667,0.31976623267827836,0.11817197428998226,0.4,0.4,False,False,0.0,0
H,1835086407,120,246,0.9749891021156977,0.9870269397980209,0.03507720471372848,0.9749891021156977,0.5872009862003451,0.526,0.7987507191659298,0.6914196899329647,0.9301458176951939,0.9306351316093207,248,0.012388927425057839,0.18913368475133183,0.028306119316322282,0.4205820512417338,0.31529349587901884,0.034295721386535506,0.6,0.4,False,False,0.0,0
H,1835086407,121,248,0.98424435774547,0.984252626825539,0.09303030852711273,0.98424435774547,0.5940993259375223,0.22400000000000003,0.7945640993808031,0.6945128008196001,0.9165280149246678,0.9536863616034267,251,0.158301192291046,0.19127998755259945,0.07691627950764211,0.3350655302665161,0.19698389499496682,0.0414531153872296,0.8,0.0,False,False,0.0,0
H,1835086407,122,251,0.9870149442007651,0.9882354518472598,0.05330586874341153,0.9870149442007651,0.5871815765952857,0.4,0.7953052243264678,0.6884542362998696,0.924875213432201,0.9359617500081883,252,0.045838444015618485,0.18606929053080065,0.13484399611199904,0.16595781365617582,0.4259610738055257,0.041329381879880195,0.0,0.4,False,False,0.0,0
H,1835086407,123,252,0.9888192436245121,0.9898430939192142,0.05471736527847642,0.9888192436245121,0.6022451027907196,0.4,0.7781478648168751,0.700776290907456,0.9286211961315162,0.9697921794907387,260,0.2718095802822478,0.13687711234520686,0.05100536648035872,0.20938829416226862,0.28116752021267627,0.0497521265172416,0.0,0.4,False,False,0.0,0
H,1835086407,124,260,0.9865570517640542,0.9865639823051447,0.0944546123732038,0.9865570517640542,0.6115649842335401,0.2,0.7695335033710832,0.7120354319244852,0.9262946885991404,0.9989066375296104,263,0.2662244445300246,0.1547369889017983,0.021875857332046052,0.2550577013238365,0.25267806040387936,0.04942694750841535,0.0,0.2,False,False,0.0,0
H,1835086407,125,263,0.9830524186088204,0.9830576945623877,0.09659760851410587,0.9830524186088204,0.6101021390897755,0.2,0.7722500842625368,0.7188121340647977,0.9175884041937113,1.0144006497311322,262,0.21723092170670982,0.1906085084373709,0.054589764690490504,0.2463595800486574,0.21961592227242474,0.07159530284434665,0.0,0.2,False,False,0.0,0
H,1835086407,126,262,0.9862633566205632,0.986263382776325,0.13886640932490552,0.9862633566205632,0.6111418320350045,0.0,0.7811175396080401,0.71434357872913,0.9258295637743402,0.9877788222671787,256,0.08090064209465217,0.16927532023938288,0.022220466214550524,0.32967153570885793,0.33999725081941556,0.057934784923140824,0.0,0.0,False,False,0.0,0
H,1835086407,127,256,0.9855637624420975,0.9855689590172793,0.0967385888559723,0.9855637624420975,0.6311293073036444,0.21400000000000002,0.7827122410009734,0.7256280053771899,0.9243769941588703,1.0029118936424686,259,0.27502006980645455,0.18965963978654227,0.005447186256748205,0.26590520652920413,0.25565193380982076,0.008315963811230152,0.2,0.2,False,False,0.0,0
H,1835086407,128,259,0.9877866582312458,0.9910702915989075,0.0454507140331933,0.9877866582312458,0.6407781196806848,0.456,0.7817188886592601,0.724383540485422,0.9123039878111053,1.0157302684971408,265,0.12546169221364553,0.2400790585397863,0.06850805032008077,0.28091369946801237,0.2018234653406103,0.08321403411786492,0.4,0.4,False,False,0.0,0
H,1835086407,129,265,0.9891311399054017,0.9891315546602618,0.11689091695125428,0.9891311399054017,0.6481089640142302,0.126,0.7799298430196825,0.7263140582521642,0.8925142251802033,1.0434070459895342,272,0.16437118488766653,0.31141472545285387,0.05659577679969047,0.30825941246453437,0.15720318075104223,0.002155719644212418,0.6,0.0,False,False,0.0,0
H,1835086407,130,272,0.9852892939734247,0.9853119972682125,0.08499930091041927,0.9852892939734247,0.6373453285469669,0.256,0.7748156020044641,0.7266877195912886,0.903262802662183,1.0383298465658162,269,0.14611705314665838,0.14638161530853167,0.05133085612570202,0.21822937467344253,0.30765095389709274,0.13029014684857276,0.4,0.2,False,False,0.0,0
H,1835086407,131,269,0.9890652565369829,0.9893629382335151,0.06454659015001854,0.9890652565369829,0.6663748019152095,0.35,0.7738244480911467,0.7273960013902854,0.8957490834098819,1.0494024898006598,281,0.15053334723201456,0.2527711047888997,0.024441560355016132,0.317801792854446,0.2140628050695864,0.04038938970003727,1.0,0.0,False,False,0.0,0
H,1835086407,132,281,0.9886672448750727,0.9887126619719783,0.07950738136434889,0.9886672448750727,0.6518143618526113,0.256,0.7808412242140379,0.7234205590037148,0.8855947442059874,1.0461478883474302,279,0.09242947103679634,0.1683097294377584,0.24644520573061068,0.2216548059909157,0.19710284568546851,0.0740579421184502,0.4,0.2,False,False,0.0,0
H,1835086407,133,279,0.9825873329220141,0.985418464542235,0.04658546229879489,0.9825873329220141,0.6392035870235416,0.456,0.7837515863809846,0.7250978455117056,0.8970352697853886,1.0313561503266262,275,0.1606039307272063,0.2061528436169634,0.026634558302104927,0.17184873446388402,0.3013853668951664,0.13337456599467512,0.4,0.4,False,False,0.0,0
H,1835086407,134,275,0.9855292844649255,0.9876389363072757,0.04894486323546546,0.9855292844649255,0.625236065603811,0.42400000000000004,0.7872457276930954,0.7160642107425524,0.9073317428068497,1.0024796162401062,267,0.02776571883040141,0.16539804675254663,0.0004588947435940323,0.24473637127772574,0.45302411869369547,0.10861684970203668,0.8,0.2,False,False,0.0,0
H,1835086407,135,267,0.9864717106620414,0.9864837978268726,0.09002652199120581,0.9864717106620414,0.6216230524303539,0.21400000000000002,0.7874319836010248,0.7150770338550487,0.9035029574876792,1.0051021470443233,266,0.12270042062029912,0.23610911054131345,0.07594350320642063,0.25053546894035195,0.23452194480757216,0.0801895518840428,0.2,0.2,False,False,0.0,0
H,1835086407,136,266,0.9856903516233875,0.9857001818516459,0.09166540040756925,0.9856903516233875,0.6183841193176532,0.22400000000000003,0.7893144380485235,0.7211731182849399,0.890093857159782,1.0264875333687888,266,0.21062420153304484,0.2528297880695537,0.04404880391930508,0.23999919007939094,0.18470597710435346,0.0677920392943519,0.8,0.0,False,False,0.0,0
H,1835086407,137,266,0.9864742323604471,0.9867285233928569,0.06577943928049426,0.9864742323604471,0.6100714236745622,0.326,0.7931631606106412,0.7294487195068119,0.8881082726076761,1.0355386574837477,262,0.24167821420148786,0.2588613333178268,0.03872943729806448,0.18578924469066957,0.23511900581936185,0.03982276467258956,0.6,0.2,False,False,0.0,0
H,1835086407,138,262,0.9863055439017795,0.9863056552675094,0.12733459071522743,0.9863055439017795,0.6216126184148277,0.05600000000000001,0.7962103129168818,0.7310798512216579,0.8992974453469085,1.0210186066936189,263,0.16379459612733138,0.23783251569770905,0.017921966394876136,0.2212670517264211,0.3497624695389979,0.009421400514664413,0.4,0.0,False,False,0.0,0
H,1835086407,139,263,0.9851507657402584,0.9851590478019233,0.09302514907937104,0.9851507657402584,0.6233180152258949,0.22400000000000003,0.7939370343038195,0.7390936117187427,0.899653477291471,1.0347564088419374,263,0.24459691322709554,0.20916245699390124,0.01318387472165333,0.215547029463222,0.25142888239626726,0.06608084319786055,0.8,0.0,False,False,0.0,0
H,1835086407,140,263,0.9882459608872343,0.9882526184969066,0.09478804039649724,0.9882459608872343,0.6352166780046326,0.21400000000000002,0.7927315413690386,0.7393520173340378,0.8998578806543556,1.0364567862226406,265,0.15266357751540233,0.16320699314532677,0.06755028449917495,0.2705019914757253,0.2508487554601582,0.09522839790421245,0.2,0.2,False,False,0.0,0
H,1835086407,141,265,0.9860742123856627,0.9876157598078927,0.05144204010083832,0.9860742123856627,0.6233359754511651,0.41400000000000003,0.7947378708729809,0.7275757209370979,0.90987209258892,1.006175979424917,259,0.0023913058720245496,0.20574434204840183,0.000514410606560491,0.3410519168890404,0.31418305813916036,0.1361149664448124,0.2,0.4,False,False,0.0,0
H,1835086407,142,259,0.9846030101790986,0.9858006200502087,0.053436988863059434,0.9846030101790986,0.6234820725836332,0.41400000000000003,0.7962211929964704,0.7294306894114014,0.909770673652059,1.0069742502710652,258,0.1654219315144812,0.18948412605590648,0.06316234458873729,0.24538593445659496,0.25442895161015516,0.08211671177412494,0.2,0.4,False,False,0.0,0
H,1835086407,143,258,0.9873108686998515,0.9879542639615401,0.05840014422141951,0.9873108686998515,0.6423228911289989,0.4,0.7920281795156586,0.7234988407548532,0.9187936062868531,0.9942125515521936,264,0.06924607267527187,0.1594131104005976,0.0782114834954001,0.32063825316449246,0.34215785342670835,0.030333226837529797,0.0,0.4,False,False,0.0,0
H,1835086407,144,264,0.9870946476107898,0.9870953119995816,0.11312388630099145,0.9870946476107898,0.6391397866793491,0.126,0.795700960401244,0.724012380238322,0.9240212479351898,0.9847231598025835,259,0.1461060190151448,0.17425256574009557,0.09294137430092436,0.2580205583497692,0.2855350113851099,0.04314447120895615,0.6,0.0,False,False,0.0,0
H,1835086407,145,259,0.9744996031864124,0.9864618154166213,0.035122811268021525,0.9744996031864124,0.6452040219530116,0.526,0.7944674052004114,0.7168667999310279,0.9316191231416708,0.9685543341000068,264,0.050687983807774464,0.21526563028483725,0.018031480218998946,0.27741601577105873,0.3037769610560246,0.134821928861306,0.6,0.4,False,False,0.0,0
H,1835086407,146,264,0.9624631219740346,0.9811101354842284,0.03154576694504477,0.9624631219740346,0.6108041382867347,0.55,0.7944981430506195,0.7310234599344765,0.9124010975182361,1.0084459566579063,254,0.32104710295476097,0.15907832356997917,0.042626264975572314,0.23716668792126594,0.16971943345366153,0.07036218712476015,1.0,0.2,False,False,0.0,0
H,1835086407,147,254,0.9787000513392419,0.9819143795025116,0.04554663954180815,0.9787000513392419,0.6031715825397689,0.456,0.8046934848899797,0.7291715578532956,0.91189777140838,0.993694945404809,245,0.12124088644428664,0.22296644803629523,0.027043358876564137,0.23443900208062626,0.253683918209838,0.14062638635238975,0.4,0.4,False,False,0.0,0
H,1835086407,148,245,0.9857585349984437,0.9857644051657897,0.09576996662220646,0.9857585349984437,0.600858749822555,0.256,0.8064621054357988,0.7280587535030991,0.9142624727103393,0.9874419386556555,240,0.1293221692808539,0.18094499212782078,0.0523399245063111,0.309205441032377,0.2677723922139868,0.060415080838650326,0.4,0.2,False,False,0.0,0
H,1835086407,149,240,0.9868398161755312,0.9868525350702964,0.0896239745271847,0.9868398161755312,0.5972289693408303,0.256,0.8079578556831819,0.7259104365914982,0.9228362254393054,0.9735756389289018,235,0.11568275954442614,0.21032088406256005,0.002006367717884129,0.2967210845315542,0.3644037159225281,0.010865188221047296,0.4,0.2,False,False,0.0,0
H,1835086407,150,235,0.9845353928014905,0.9851964124251507,0.05816277751343965,0.9845353928014905,0.5936205935753227,0.41400000000000003,0.8101850184796204,0.7207238888404518,0.9227328146883902,0.9640703883306956,234,0.0763621759816064,0.19439024020489323,0.006967120108046249,0.3337136181936713,0.2609010589650764,0.12766578654670638,0.2,0.4,False,False,0.0,0
H,1835086407,151,234,0.988049741453391,0.988058840959078,0.09229927774238111,0.988049741453391,0.6020144038717489,0.21400000000000002,0.8118037456919442,0.7145062826831896,0.9304595332195512,0.9459267588418104,235,0.06023235355950469,0.20861606091641943,0.051643849050428396,0.303694589495153,0.34555938158270755,0.030253765395786857,0.2,0.2,False,False,0.0,0
H,1835086407,152,235,0.9892922803006291,0.9892992714019672,0.09440739711918433,0.9892922803006291,0.598044305561692,0.21400000000000002,0.8118084234733937,0.7105480584031867,0.9346474946345892,0.9364660935347381,233,0.08458862317695645,0.26425162220465376,0.0852424927045428,0.2624839034182392,0.28616957368496526,0.017263784810642488,0.2,0.2,False,False,0.0,0
H,1835086407,153,233,0.9778814378466055,0.9889885902600136,0.03573352107906606,0.9778814378466055,0.5899767643055578,0.526,0.8119922544022159,0.7058407003155327,0.9411827451711303,0.9235934706144375,235,0.0727505604063165,0.27420749193259886,0.005465694999736287,0.20748607610907926,0.4220064395170633,0.018083737035205816,0.6,0.4,False,False,0.0,0
H,1835086407,154,235,0.9923215147109892,0.9923216270166539,0.1273160940350791,0.9923215147109892,0.6004140788009269,0.126,0.8053689066193332,0.7019597417550613,0.9322695572705959,0.9349230004832161,240,0.08013845569131446,0.234213903753975,0.13763171227243806,0.28234702529706135,0.2260254330828931,0.03964346990231805,0.6,0.0,False,False,0.0,0
H,1835086407,155,240,0.986065898489474,0.9869436153629653,0.05591987784613007,0.986065898489474,0.5982393081131037,0.42400000000000004,0.8014867553916797,0.7034416396820241,0.9209496122093298,0.9530064788030557,244,0.14474856268394837,0.1991780977578436,0.11429470817757707,0.2578495573903337,0.20953505332896757,0.07439402066132975,0.8,0.2,False,False,0.0,0
H,1835086407,156,244,0.9869696478719749,0.9869795945154575,0.0915820117007098,0.9869696478719749,0.5816538071374178,0.22400000000000003,0.8014035548112546,0.70354396862972,0.9054743955859216,0.9695357009363073,240,0.1284301366474644,0.2131355319361594,0.06862326418892371,0.2917537031712269,0.18309872298762353,0.11495864106860212,0.8,0.0,False,False,0.0,0
H,1835086407,157,240,0.9884009049107539,0.9889905579653805,0.05910280637714284,0.9884009049107539,0.5920442091395319,0.4,0.8076842083879769,0.7114101406597046,0.9149269560273294,0.9627023601299105,236,0.2255421307683834,0.18590321915289648,0.0030392909273315237,0.27188311716983904,0.3073137596405065,0.006318482341043172,0.0,0.4,False,False,0.0,0
H,1835086407,158,236,0.9875353821520106,0.9885590756975439,0.0547082515791535,0.9875353821520106,0.5870247684157753,0.42400000000000004,0.8036223694169576,0.7085030027949553,0.9169299373136914,0.9615093805745476,235,0.09579211460294748,0.16442712857499453,0.022560742872401805,0.3786976427466186,0.26747838444547445,0.07104398675756318,0.8,0.2,False,False,0.0,0
H,1835086407,159,235,0.9896239824314232,0.9896240013535538,0.14147046008567887,0.9896239824314232,0.5932879528518655,0.014000000000000002,0.8014414675612012,0.7153636317614823,0.9142768695636324,0.9762865700529677,240,0.21607223882843546,0.2863928557923464,0.06499854604562641,0.186243848908846,0.24519962990655064,0.0010928805181951314,0.2,0.0,False,False,0.0,0
H,1835086407,160,240,0.9848714345263504,0.9850132179618808,0.07041569521810061,0.9848714345263504,0.6153576200033352,0.326,0.8032794335339501,0.7172948557412937,0.916742013701542,0.9740560163227552,247,0.1587425695985684,0.22692393377833184,0.030918427606542488,0.2804920820104184,0.2694641554713638,0.033458831534775135,0.6,0.2,False,False,0.0,0
H,1835086407,161,247,0.98879527561958,0.9888010216973357,0.09596452186681641,0.98879527561958,0.6162552168635903,0.2,0.8046899008883243,0.7185563123140011,0.9191323574964548,0.9715254965073109,248,0.15157749199715123,0.22480957703391,0.06270472361316556,0.19870897304994492,0.27032272582533545,0.09187650848049281,0.0,0.2,False,False,0.0,0
H,1835086407,162,248,0.9855706415274428,0.985586488519173,0.08786340686538752,0.9855706415274428,0.6168421428207405,0.256,0.8027825846396242,0.7098009425222351,0.9201479358151587,0.9609061501972705,251,0.027155572799177095,0.21061937303306436,0.126835325623566,0.33618607073307477,0.2646440703417468,0.034559587469371045,0.4,0.2,False,False,0.0,0
H,1835086407,163,251,0.9853791452465334,0.9853791621616298,0.1423287717611642,0.9853791452465334,0.599421330907606,0.05600000000000001,0.8038586242611717,0.6993114336219213,0.9246939280803635,0.9407905525816029,245,6.727822473017637e-06,0.18650625038154778,0.012278804603699062,0.2694205794406946,0.2828039292336033,0.24898370851798227,0.4,0.0,False,False,0.0,0
H,1835086407,164,245,0.9889819909498845,0.9896020621822216,0.058707334561414894,0.9889819909498845,0.6063590645451339,0.4,0.7983049961773953,0.7027582315037201,0.9266721611537448,0.9499723781136519,248,0.16765461953618643,0.21631613913292264,0.028442069611690362,0.2332038603810704,0.272238129407088,0.08214518193104221,0.0,0.4,False,False,0.0,0
H,1835086407,165,248,0.9865679599882584,0.9865715832465839,0.09961729318825553,0.9865679599882584,0.6015506255794608,0.2,0.801162811863971,0.7085086533740891,0.913436455666916,0.9681575492300853,248,0.19860416806943706,0.25171015636910876,0.08660316444480944,0.23817004858962,0.19715755314272806,0.02775490938429669,0.0,0.2,False,False,0.0,0
H,1835086407,166,248,0.9874922863142631,0.9874992235482815,0.094454471322358,0.9874922863142631,0.6195409984072919,0.2,0.7939308308442201,0.7076822993772545,0.9220928101002244,0.9666762087751545,254,0.1199884833983724,0.15241543061195778,0.058571441116473257,0.2820170517295921,0.316333839251515,0.07067375389208941,0.0,0.2,False,False,0.0,0
H,1835086407,167,254,0.9857055012714734,0.9858762358834627,0.06894360816385284,0.9857055012714734,0.6180816333806323,0.326,0.79221283876265,0.7065881040173942,0.9298835290902019,0.9591706692812623,255,0.11612399511253141,0.1698771443416562,0.04976833259148502,0.21201622540839765,0.30509684979410456,0.147117452751825,0.6,0.2,False,False,0.0,0
H,1835086407,168,255,0.9880543209964618,0.9900078385509711,0.049575993600685986,0.9880543209964618,0.6178535945614975,0.41400000000000003,0.7977584559449968,0.7018991417433096,0.9299673297474347,0.9460968647772202,254,0.07050553658481243,0.2613798930319856,0.125307733189537,0.250967002714159,0.26536076783126505,0.026479066648240932,0.2,0.4,False,False,0.0,0
H,1835086407,169,254,0.9855507747332011,0.9855507909177144,0.14268160885700842,0.9855507747332011,0.607729607731465,0.05600000000000001,0.7978072615814817,0.6939670704641173,0.9369229256554981,0.9284040202201763,250,0.027036072599664725,0.17755529273809365,0.047467111237342166,0.3762932159076899,0.2997616444140344,0.07188666310317532,0.4,0.0,False,False,0.0,0
H,1835086407,170,250,0.9789510465275307,0.9816180304572347,0.04703014513358643,0.9789510465275307,0.6010707162453243,0.456,0.7948436029028834,0.6976238947704559,0.9316474095975231,0.9420806495833398,250,0.16693972286930595,0.167192781923863,0.08761765058467785,0.24965158291002493,0.24208388253787413,0.08651437917425422,0.4,0.4,False,False,0.0,0
H,1835086407,171,250,0.990664115294756,0.9906794488801358,0.08816659240215222,0.990664115294756,0.5935814821603934,0.21400000000000002,0.7926685704253802,0.7109727113000807,0.9277324727565108,0.9668042148894324,240,0.2903751408518445,0.14005559504914353,0.04309354839420113,0.26937748876381473,0.24624902059370013,0.010849206347296034,0.2,0.2,False,False,0.0,0
H,1835086407,172,240,0.989020785323337,0.9890207884870611,0.15570285600767378,0.989020785323337,0.5921660472411879,0.0,0.7908735717681412,0.7103712897678494,0.9349592254808597,0.9606953006784106,242,0.12434017540965843,0.24385761163476505,0.03109008646800751,0.19332854748475986,0.3432687846537665,0.06411479434904253,0.0,0.0,False,False,0.0,0
H,1835086407,173,242,0.983457469150927,0.9852689011680681,0.05013889554566339,0.983457469150927,0.5812089748551093,0.42400000000000004,0.7946574282423936,0.709449847317687,0.9413348467054375,0.9484132577428825,241,0.11996402547787681,0.27660108404722555,0.12478961156533848,0.16509314505189834,0.2993577188633187,0.014194414994342118,0.8,0.2,False,False,0.0,0
H,1835086407,174,241,0.9871577873789404,0.9871578441463948,0.1327054134557044,0.9871577873789404,0.5976860509632183,0.05600000000000001,0.7951583164339783,0.7116721079516403,0.9412380502735387,0.9508825205075346,244,0.1586844124979706,0.2081536647666845,0.027216230605680725,0.27343654682967294,0.27018344119322435,0.0623257041067669,0.4,0.0,False,False,0.0,0
H,1835086407,175,244,0.9797280085759892,0.9797280102716796,0.16059208939796243,0.9797280085759892,0.5966253025895325,0.0,0.7842192480500223,0.7136991429278676,0.9463319553526939,0.9616879454342762,245,0.1576330046726178,0.13042842784806052,0.02817655236055865,0.34466463240801104,0.2960885505325451,0.04300883217820685,0.0,0.0,False,False,0.0,0
H,1835086407,176,245,0.9830416596838673,0.9845954707949091,0.051354584264841546,0.9830416596838673,0.5745600251597529,0.42400000000000004,0.7828074845047638,0.7244649550431423,0.9293688237337316,0.9958050236876799,239,0.2681346157708518,0.2480371004314859,0.02110142904493853,0.1966589786186588,0.18835031958153567,0.0777175565525293,0.8,0.2,False,False,0.0,0
H,1835086407,177,239,0.9386326822120091,0.985104965292662,0.02430921029104245,0.9386326822120091,0.5421843085871919,0.6,0.7842806726236955,0.7372298312814823,0.9364319413603585,1.0038184384240334,234,0.29985154988121415,0.16098727539114452,0.013189197310231663,0.1666209256331604,0.3334067176509423,0.025944334133307146,0.0,0.6,False,False,0.0,0
H,1835086407,178,234,0.9836676030885383,0.984846070597842,0.053557537474028374,0.9836676030885383,0.5602666319978203,0.4,0.7880072120435373,0.7483903661887984,0.9170502311981477,1.0356305933162104,234,0.28777533089237745,0.3044942803361508,0.015223502714281308,0.1794961012559538,0.17130741986912523,0.04170336493211152,0.0,0.4,False,False,0.0,0
H,1835086407,179,234,0.9854987783828199,0.9854992016969522,0.11669903210139976,0.9854987783828199,0.5681865317363541,0.126,0.7862072988786558,0.7387734790931404,0.9253452080783329,1.0154778266452256,237,0.03503289017227392,0.23355047857173186,0.09500146551215073,0.2505327700649411,0.34860954546984735,0.03727285020905485,0.6,0.0,False,False,0.0,0
H,1835086407,180,237,0.9878198297099151,0.9878375202842813,0.0870055420817823,0.9878198297099151,0.5706628211706711,0.22400000000000003,0.7895584556992297,0.7357616408936484,0.9257844537004158,1.0065676522963318,237,0.11158544693956253,0.22517417974481382,0.11836549929798712,0.2352282832531883,0.2648688321495814,0.04477775861486689,0.8,0.0,False,False,0.0,0
H,1835086407,181,237,0.9889242922711776,0.9889307570538024,0.09502745627257375,0.9889242922711776,0.5909985428383343,0.21400000000000002,0.7882864952336279,0.7354085507627031,0.9264540897952143,1.0069796314120096,243,0.14293739892171448,0.21167255211501262,0.01470690628641742,0.2753002590118253,0.2662404073241999,0.08914247634083042,0.2,0.2,False,False,0.0,0
H,1835086407,182,243,0.9891101464829146,0.9891166153186947,0.09502396305850122,0.9891101464829146,0.5939265969445684,0.2,0.7881803542504525,0.7377367923298991,0.9290218209631814,1.007511292477621,241,0.1762333638166391,0.16071062104010586,0.046352437011384764,0.2646483142800648,0.27606570073744313,0.07598956311436225,0.0,0.2,False,False,0.0,0
H,1835086407,183,241,0.9860801764186209,0.9860801830851723,0.1497460887568663,0.9860801764186209,0.5778288170169356,0.0,0.7914317641156402,0.7334292518473075,0.9236214789596967,1.0033460068421194,235,0.09474123917379135,0.1640700948172105,0.03718888355152839,0.381984897870246,0.23750920046416693,0.0845056841230568,0.0,0.0,False,False,0.0,0
H,1835086407,184,235,0.9867428989436804,0.9867429031691218,0.1533810635070472,0.9867428989436804,0.5884923950834112,0.014000000000000002,0.7892300870473092,0.7306593136392767,0.931259331063727,0.9941242187280304,237,0.11126905480418352,0.1619264482610652,0.0013178727659969383,0.3727622562084561,0.32762705214864024,0.025097315811658118,0.2,0.0,False,False,0.0,0
H,1835086407,185,237,0.9846002433977802,0.9855044814988473,0.05567130162579753,0.9846002433977802,0.5834042592223125,0.4,0.7893584503070851,0.7345930519833002,0.9101470842111935,1.0224944789092105,238,0.19333380032484082,0.16582024727000066,0.011274209428932628,0.3172917211334118,0.16006843126919587,0.15221159057361822,0.0,0.4,False,False,0.0,0
H,1835086407,186,238,0.9853604031229722,0.9853604219444604,0.14147854250153488,0.9853604031229722,0.5831942664300693,0.014000000000000002,0.7858883721247343,0.7410732438732451,0.9069624268604828,1.0397070162879825,238,0.22762305611387468,0.20046248777294973,0.047667060475340986,0.23844989779866846,0.23915025535204334,0.046647242487122785,0.2,0.0,False,False,0.0,0
H,1835086407,187,238,0.9905352139181653,0.9905413738202672,0.09542494916934852,0.9905352139181653,0.5921481934540337,0.21400000000000002,0.7832356558455039,0.7357539969930267,0.9162661841744345,1.0252234266505167,239,0.08418019141804771,0.2064401768966198,0.01921727546663225,0.2887436101239229,0.3238495378134748,0.07756920828130252,0.2,0.2,False,False,0.0,0
H,1835086407,188,239,0.9860149181063659,0.9860850231149072,0.07603068492006293,0.9860149181063659,0.5892928621731349,0.256,0.7807603618826273,0.746564330269394,0.9094152899976851,1.0514466163058915,238,0.2824754140752331,0.18685683100627262,0.0009048812309051959,0.24890634019285718,0.22387862120346994,0.056977912291262006,0.4,0.2,False,False,0.0,0
H,1835086407,189,238,0.9797630400914457,0.979763055386531,0.14308465418747007,0.9797630400914457,0.5831594021060856,0.014000000000000002,0.7809422636286066,0.7426088238620788,0.9014950856844228,1.0548186862512823,239,0.10465887632693154,0.15882399043885084,0.08571674022940894,0.401267742115109,0.21510662343253123,0.03442602745716855,0.2,0.0,False,False,0.0,0
H,1835086407,190,239,0.9870121261346008,0.9870186913798245,0.09488930271393134,0.9870121261346008,0.5832210663437387,0.21400000000000002,0.7747959531272396,0.7386003492839359,0.9035801297411429,1.0550073689110029,245,0.10152458268701345,0.21289085759613324,0.06451707251784604,0.16099514756297034,0.2611727631258119,0.19889957651022508,0.2,0.2,False,False,0.0,0
H,1835086407,191,245,0.9877827340202161,0.987782741420764,0.14892838024266175,0.9877827340202161,0.5770881124267685,0.014000000000000002,0.7780408134924642,0.7430067981149768,0.9102056016766914,1.049182176333984,241,0.20420582869047083,0.1748474771775556,0.12150005789843889,0.19026925524429014,0.2849174245483138,0.02425995644093085,0.2,0.0,False,False,0.0,0
H,1835086407,192,241,0.9885539325170151,0.988560697600821,0.09466304775723841,0.9885539325170151,0.5757782972057551,0.21400000000000002,0.7791211419730256,0.746240388949536,0.9089915214633074,1.0536925974344085,240,0.1922991342538502,0.17565334049706854,0.026589619354108276,0.22325311910921672,0.24903239977142594,0.13317238701433037,0.2,0.2,False,False,0.0,0
H,1835086407,193,240,0.9861599950713422,0.9861645493521108,0.09779358773592438,0.9861599950713422,0.5750924868997307,0.22400000000000003,0.7823327387601594,0.7440449897161604,0.9043535791551279,1.051645650603361,241,0.12645775267626413,0.17368638076070822,0.08281905325728593,0.23990657670497545,0.23130604919075648,0.1458241874100097,0.8,0.0,False,False,0.0,0
H,1835086407,194,241,0.9872286178109027,0.9872286469653733,0.13801021941934893,0.9872286178109027,0.5765320531468425,0.0,0.7789623235622858,0.7371102304177429,0.9139182212396151,1.0354011672435524,240,0.06584362734238189,0.13871693017674142,0.11039374436573048,0.2852996831109903,0.39663299925994966,0.003113015744206269,0.0,0.0,False,False,0.0,0
H,1835086407,195,240,0.9856263841857328,0.9876327724858145,0.04934430337264326,0.9856263841857328,0.5805281230720812,0.41400000000000003,0.7815238261446484,0.7375931546619314,0.9225263991156536,1.0230476259706638,237,0.15423044706344557,0.18174926457553908,0.04200399236201518,0.2971912845614491,0.30087194271906875,0.023953068718482462,0.2,0.4,False,False,0.0,0
H,1835086407,196,237,0.9858580819093763,0.985872214465853,0.08877713147597238,0.9858580819093763,0.5787304922178579,0.22400000000000003,0.7792266430048159,0.7460859062434413,0.9171692199204698,1.0439400789686724,237,0.254655116432581,0.23095980039181352,0.020367470671710863,0.21754176330555694,0.2344773035819081,0.04199854561642964,0.8,0.0,False,False,0.0,0
H,1835086407,197,237,0.9843146688894173,0.9843217002785736,0.09432150553451618,0.9843146688894173,0.5741923190579568,0.21400000000000002,0.7817054166210509,0.7361988116283635,0.9254522979284229,1.0176488652065925,234,0.030215008713678906,0.23984742881303975,0.019021758269822893,0.3824703965574729,0.3079141497042983,0.02053125794168731,0.2,0.2,False,False,0.0,0
H,1835086407,198,234,0.986716710550683,0.9867218620642731,0.09681722100615721,0.986716710550683,0.580548801671588,0.2,0.7818374929870322,0.7493888710469454,0.902907293096781,1.0615674290683583,236,0.3578677909763303,0.17198042823444767,0.0030258341926323665,0.2799513461690513,0.15000112480600222,0.03717347562153616,0.0,0.2,False,False,0.0,0
H,1835086407,199,236,0.9666881422687791,0.9870270088792902,0.030902314401803622,0.9666881422687791,0.5780955485305254,0.55,0.79035521660869,0.7378208159632961,0.9126084808949745,1.0229256746840742,237,0.011267355858724203,0.2236379570231524,0.0860526756403585,0.3581860986553985,0.29995958553935814,0.020896327283008234,1.0,0.2,False,False,0.0,0
H,1835086407,200,237,0.9833617022799873,0.983379514510012,0.08691498482262636,0.9833617022799873,0.5986072003768206,0.256,0.7932990627640748,0.7377051596826218,0.9167746233373498,1.0143394031677588,238,0.14719230646863163,0.16649285254492202,0.004525882390180966,0.39581674445666476,0.2771349526593637,0.008837261480236922,0.4,0.2,False,False,0.0,0
H,1835086407,201,238,0.9672569257473966,0.9852336522993318,0.03187055511379488,0.9672569257473966,0.5909875808534716,0.55,0.7934452497093819,0.7324178073234296,0.9184066651277947,1.0050945163121712,240,0.08247382031173603,0.19839793962165272,0.1262162365524784,0.25401552267474703,0.26654752062089915,0.07234896021848679,1.0,0.2,False,False,0.0,0
H,1835086407,202,240,0.9873204102821493,0.9881310501843642,0.05656227624157188,0.9873204102821493,0.5933776110227507,0.4,0.7973776694221967,0.7394457652959279,0.8973264170176346,1.0334555541059802,237,0.23311060423337088,0.2300300789872212,0.02922824426534985,0.331507330104756,0.15380209201309722,0.022321650396204755,0.0,0.4,False,False,0.0,0
H,1835086407,203,237,0.9848440760408367,0.9848440777911769,0.16038105309963308,0.9848440760408367,0.5848161042625816,0.0,0.7894989352433994,0.731911855504555,0.9075937753158712,1.0214467351793688,238,0.055479730917793964,0.16459579885113929,0.00831148243122924,0.22161148697144434,0.33332164230286476,0.2166798585255285,0.0,0.0,False,False,0.0,0
H,1835086407,204,238,0.9879699704561075,0.9879834173351322,0.08919004632925415,0.9879699704561075,0.573030984019339,0.256,0.7901491114267684,0.7255447352333116,0.916834397784284,1.001530639939198,236,0.0653559062998057,0.23538962822386122,0.08746868951708558,0.17648292533677748,0.338713658469426,0.09658919215304404,0.4,0.2,False,False,0.0,0
H,1835086407,205,236,0.988305693374201,0.9883065062586149,0.11152792993263891,0.988305693374201,0.5643462781163056,0.126,0.792081613567137,0.7392674984716461,0.9008641726993165,1.0360300814315477,231,0.31530901229973074,0.1738823988261396,0.0019323488013365535,0.2525978442905196,0.17856607346730488,0.07771232231496848,0.6,0.0,False,False,0.0,0
H,1835086407,206,231,0.9890307772330388,0.9890307795510784,0.15817874253519087,0.9890307772330388,0.5531765245338803,0.0,0.79797186900798,0.7285040991587171,0.9104903963273911,1.0026954613107004,224,0.014999695133166608,0.21349681059806624,0.026958567042443593,0.3006863633096025,0.29856320449003165,0.14529535942668942,0.0,0.0,False,False,0.0,0
H,1835086407,207,224,0.9844440715766837,0.9852977288109283,0.05612783698312385,0.9844440715766837,0.5393885563914896,0.41400000000000003,0.79542431920157,0.7224704656732748,0.919441356694652,0.987864089860427,223,0.06739464340616966,0.16180618133072922,0.17444896202700744,0.18578623870150301,0.3732233658751623,0.037340608659428454,0.2,0.4,False,False,0.0,0
H,1835086407,208,223,0.9823175899718031,0.9836121429011551,0.052799704636907814,0.9823175899718031,0.5472114743880818,0.4,0.7952447453839656,0.7212349334844104,0.9274972210251868,0.9778299354052883,229,0.12359988868499092,0.30304467928734213,0.05662097902985466,0.17059686100145127,0.3105129575486189,0.035624634447742144,0.0,0.4,False,False,0.0,0
H,1835086407,209,229,0.9866462235959672,0.987101676685349,0.06114321129734883,0.9866462235959672,0.5423755531136244,0.35,0.7912234845085135,0.728708890002015,0.9206889791657897,1.0003269146501874,225,0.231696289897814,0.15697470806620006,0.0933961116222202,0.26089340523484816,0.22970740121560781,0.02733208396330985,1.0,0.0,False,False,0.0,0
H,1835086407,210,225,0.9882376589889708,0.9882384891103675,0.11136035564197531,0.9882376589889708,0.5494620018373606,0.126,0.7842785420974948,0.7406917328757066,0.9061795104289051,1.0422044576308107,228,0.2927285921724045,0.15969499814305202,0.07927956339137077,0.2639350314244297,0.18779714589847188,0.01656466897027098,0.6,0.0,False,False,0.0,0
H,1835086407,211,228,0.9625979877424492,0.9824757038858252,0.031048083794183064,0.9625979877424492,0.5423275294330149,0.55,0.7851626507937254,0.743466234967186,0.9070842044132525,1.0438882580894466,229,0.18511360919080946,0.2215926430753526,0.002066521574162979,0.2518827578502727,0.25761322513619006,0.08173124317321215,1.0,0.2,False,False,0.0,0
H,1835086407,212,229,0.9827595213089223,0.9827597092579811,0.12314000555284824,0.9827595213089223,0.541739138047854,0.05600000000000001,0.7830602211975107,0.7466894377876379,0.9033867714932878,1.0555313060163256,226,0.1924564321101401,0.1903843382920987,0.05127174459803674,0.21452376239737483,0.2350549376068026,0.11630878499554699,0.4,0.0,False,False,0.0,0
H,1835086407,213,226,0.9855389612031259,0.9855389993090393,0.13586518469664238,0.9855389612031259,0.564856734626614,0.05600000000000001,0.7741669238361819,0.7452314763483575,0.9127041079500853,1.0546942357763784,236,0.13595638062626972,0.22614448727204478,0.024497267732054767,0.23286325251971918,0.29828006803063106,0.08225854381928056,0.4,0.0,False,False,0.0,0
H,1835086407,214,236,0.9853504740217279,0.9870763978408742,0.050538396490524905,0.9853504740217279,0.5567352509641789,0.42400000000000004,0.7780632673060358,0.7355836755095065,0.9149318339210437,1.0333047632991827,232,0.032672162232086716,0.20732760215404145,0.07658918180020027,0.27570307742478434,0.2674906838298351,0.1402172925590521,0.8,0.2,False,False,0.0,0
H,1835086407,215,232,0.9876713888414671,0.9876857279914004,0.08867624041989498,0.9876713888414671,0.5499994235076537,0.2,0.774374865993907,0.7488044917340312,0.9120837292736163,1.0601870227282455,230,0.31281436957570635,0.14649330683127829,0.04849205710449984,0.17466293470338454,0.2432253937233844,0.07431193806174649,0.0,0.2,False,False,0.0,0
H,1835086407,216,230,0.9874958505137903,0.9875042683119291,0.09291467407664775,0.9874958505137903,0.5470851254767806,0.2,0.7727534073286393,0.7404276714157659,0.9208753563462546,1.0404970693422355,230,0.05079255335545371,0.15927854197510746,0.15302838717901224,0.22860854051572438,0.39397276706152307,0.014319209913179089,0.0,0.2,False,False,0.0,0
H,1835086407,217,230,0.9839300278480022,0.9855993541997615,0.050791883395302016,0.9839300278480022,0.5572851198439351,0.42400000000000004,0.7772140375906422,0.7297631351399408,0.9287878207116291,1.010938585198208,233,0.016960591187039818,0.19961559727403733,0.02881278455798929,0.3556802992265899,0.372307588015217,0.026623139739126656,0.8,0.2,False,False,0.0,0
H,1835086407,218,233,0.9873297206852332,0.9873297242213225,0.1548035039167299,0.9873297206852332,0.5612921280676063,0.0,0.7736345404017242,0.7291231407089911,0.9279046906319025,1.0156911315036985,238,0.13560202907559069,0.20456809739521667,0.18914958738873733,0.19148494028722185,0.25997825995718143,0.019217085896052154,0.0,0.0,False,False,0.0,0
H,1835086407,219,238,0.9853427078012654,0.9853566931038941,0.08885634293179863,0.9853427078012654,0.5706755715613183,0.22400000000000003,0.7721890846648065,0.7287571166808441,0.9043901817349917,1.0435260899871857,247,0.13862666259128165,0.19438450935024107,0.09198831025172809,0.29300427239871846,0.14637980083139773,0.13561644457663305,0.8,0.0,False,False,0.0,0
H,1835086407,220,247,0.9881722743383521,0.9881727384663346,0.11598790604280416,0.9881722743383521,0.5658578265662892,0.126,0.7687458080491046,0.7411234208270036,0.8993382927341865,1.071975085727796,245,0.29755199975252117,0.14782937357894452,0.0986930333669603,0.1954667918637116,0.22693564586346976,0.03352315557439264,0.6,0.0,False,False,0.0,0
H,1835086407,221,245,0.9892746666639782,0.9898095075189789,0.059886020513691914,0.9892746666639782,0.5636129336299546,0.35,0.7718020813296219,0.7344479631764941,0.8945220976634349,1.0638098612303961,246,0.06725891738550854,0.21416325421714508,0.061193048721353165,0.23820624095447446,0.22558817101333517,0.19359036770818372,1.0,0.0,False,False,0.0,0
H,1835086407,222,246,0.9857566746202597,0.9857571717045137,0.11542236922929665,0.9857566746202597,0.58106203979867,0.126,0.7678470480636435,0.737017433309216,0.8922537124088028,1.075758232038757,256,0.1786483536443328,0.176103219148497,0.0754107218725687,0.22672476230580796,0.23591912255855696,0.10719382047023641,0.6,0.0,False,False,0.0,0
H,1835086407,223,256,0.9862799473607674,0.9862799506687815,0.15532576073898274,0.9862799473607674,0.5872346956643454,0.014000000000000002,0.7708874199781859,0.7313811792006882,0.9030283411679225,1.0506339759597905,254,0.07768271946166279,0.1675128460187108,0.03600015120569854,0.27921684658094087,0.40297223221339873,0.03661520451958838,0.2,0.0,False,False,0.0,0
H,1835086407,224,254,0.9881650402243088,0.9881650849529107,0.134610815348923,0.9881650402243088,0.5902403990397064,0.05600000000000001,0.7734027136931326,0.7228336103806152,0.9068398474348501,1.0306282712134398,254,0.037768626749516955,0.35487840842226986,0.06357470640187018,0.26816731436568025,0.2705717019185995,0.005039242142063334,0.4,0.0,False,False,0.0,0
H,1835086407,225,254,0.9845627909143747,0.9845628076654522,0.14239973665817138,0.9845627909143747,0.595920760489818,0.014000000000000002,0.7776517349141132,0.7273155164858995,0.9154471465634482,1.0216553940959305,258,0.19529483280393833,0.23022276877377293,0.057813472096000844,0.14192368723510643,0.29645641936041506,0.07828881973076654,0.2,0.0,False,False,0.0,0
H,1835086407,226,258,0.9878135316096641,0.9878248821948806,0.09053782438587794,0.9878135316096641,0.6042733154126582,0.22400000000000003,0.7664624108508986,0.7230087007376738,0.9239024319071033,1.021001905275062,261,0.08823700095086479,0.14142668462037922,0.03039306087701621,0.2802794757530697,0.3500268424980005,0.10963693530066965,0.8,0.0,False,False,0.0,0
H,1835086407,227,261,0.988126394696215,0.9881269471222736,0.11460121643970547,0.988126394696215,0.6101511536843589,0.126,0.7675497302117136,0.7359943940257909,0.9158410615961861,1.0470028692831663,264,0.3017016040625108,0.2001287261429188,0.03160984583748028,0.18256514319579076,0.22164436439896548,0.06235031636233389,0.6,0.0,False,False,0.0,0
H,1835086407,228,264,0.9850044087085796,0.9850052078093935,0.11163742764199253,0.9850044087085796,0.613451583455401,0.126,0.7705388299738107,0.7273846548992515,0.9242569554365675,1.0213553736342411,265,0.03987475718437682,0.2047308832002989,0.04877096546343434,0.24362471591146537,0.3889413758901994,0.07405730235022528,0.6,0.0,False,False,0.0,0
H,1835086407,229,265,0.987881578909017,0.9878889863824001,0.09393554090390911,0.987881578909017,0.6396664719128176,0.21400000000000002,0.7732706981075466,0.7262751622313222,0.9269088620515114,1.013287310712885,273,0.12824675096291532,0.2714645494992855,0.048479336283970456,0.24842411541841303,0.2753880107930029,0.027997237042412814,0.2,0.2,False,False,0.0,0
H,1835086407,230,273,0.9878420943666547,0.9889059546443947,0.05440468598046938,0.9878420943666547,0.6419224276337044,0.4,0.7737890809895598,0.7293545499647165,0.9342179758463602,1.0089459002666519,274,0.17991432306200578,0.20926025203242585,0.10103671395080617,0.17950278402809636,0.3124119937645879,0.017873933162077926,0.0,0.4,False,False,0.0,0
H,1835086407,231,274,0.9890812476769266,0.9900010926131381,0.05557132289600786,0.9890812476769266,0.6385492900401187,0.4,0.7754241671816667,0.7428868224664806,0.9149489172947056,1.0470959382634086,273,0.31618273306277195,0.18381247195602005,0.06560074927773378,0.2168178575391119,0.17076369516490703,0.04682249299945545,0.0,0.4,False,False,0.0,0
H,1835086407,232,273,0.9897840208658123,0.9899080173595165,0.07152218121804281,0.9897840208658123,0.6224201973135642,0.326,0.7823157523391739,0.7412474204540289,0.9225026470842091,1.0271018203366202,269,0.13131173888590433,0.4075903156850763,0.036224593389975586,0.11982403125534931,0.29524310759487066,0.009806213188823942,0.6,0.2,False,False,0.0,0
H,1835086407,233,269,0.9938634209390323,0.9938843812822568,0.08570408887799974,0.9938634209390323,0.6248110858976483,0.256,0.7925906975353899,0.7328351420136744,0.9213531947412137,1.003531872136146,265,0.04562615727933711,0.20992139128577567,0.03869536992638408,0.33054241303902687,0.2555040618271272,0.11971060664234909,0.4,0.2,False,False,0.0,0
H,1835086407,234,265,0.9862556650279933,0.9875786031238726,0.05265908792252669,0.9862556650279933,0.6120839633059305,0.41400000000000003,0.7987308917301721,0.7345567852710497,0.9069603099012152,1.013996862499337,264,0.16704250447573857,0.20161484883904154,0.17462890494398742,0.20736431996631652,0.18871217317061476,0.06063724860430128,0.2,0.4,False,False,0.0,0
H,1835086407,235,264,0.9871727721524446,0.9871781331563789,0.09650360693126105,0.9871727721524446,0.6122869477458563,0.21400000000000002,0.8060096442636933,0.7365313548705787,0.897774614493197,1.0178497643854414,260,0.1712801107885184,0.23214148885716668,0.06388471907045815,0.2875142461053767,0.2075516779105161,0.03762775726796392,0.2,0.2,False,False,0.0,0
H,1835086407,236,260,0.9890359892314892,0.9897027685565666,0.05813004586450454,0.9890359892314892,0.6063718915847904,0.4,0.8015185135606254,0.7364521636816057,0.8916316351014982,1.0304941137763033,262,0.14684220693194874,0.21539636062920478,0.041754377019378175,0.19793919022782896,0.21817241028810505,0.17989545490353426,0.0,0.4,False,False,0.0,0
H,1835086407,237,262,0.9793499388333682,0.9887742583588779,0.03703960213114563,0.9793499388333682,0.622623773024568,0.526,0.8026839949523081,0.7251586226666169,0.9024684715913485,1.001051391120024,269,0.0066133396136430515,0.273642854101841,0.0007490260715936434,0.27053245371727824,0.42805365281742536,0.02040867367821873,0.6,0.4,False,False,0.0,0
H,1835086407,238,269,0.986501745649731,0.986501784129293,0.1357952846691846,0.986501745649731,0.6337453118416563,0.05600000000000001,0.8001231661947884,0.7273505808185049,0.9122216244322137,0.9965212911592831,266,0.16812361606523527,0.1472727117472153,0.01006547759690867,0.3183767026039452,0.3012038808028499,0.05495761118384575,0.4,0.0,False,False,0.0,0
H,1835086407,239,266,0.9900106335127161,0.9900112133637213,0.11423070282627124,0.9900106335127161,0.6263886166129534,0.126,0.800982129198344,0.7278808564460569,0.895546162525923,1.0147276478405207,265,0.1487225583559655,0.2373187097058835,0.18192210934677436,0.25325263340061505,0.1727335026846536,0.0060504865061080165,0.6,0.0,False,False,0.0,0
H,1835086407,240,265,0.9857558543270362,0.9867825989680654,0.054670244627516906,0.9857558543270362,0.6261578600632729,0.4,0.7998226819055481,0.7261011843883135,0.8976246138922166,1.0113667609847308,264,0.1201796345569931,0.18462823069151055,0.03733057251547859,0.2952658499151959,0.25816533809442954,0.10443037422639241,0.0,0.4,False,False,0.0,0
H,1835086407,241,264,0.9875485971281548,0.9875565208618289,0.09339656654361074,0.9875485971281548,0.6307565208288045,0.22400000000000003,0.8098179070852192,0.7216120388171258,0.907862152502995,0.9815139642761496,259,0.08519892060284952,0.21615626648654196,0.06744672050146233,0.26752068809855856,0.3149217075629442,0.04875569674764352,0.8,0.0,False,False,0.0,0
H,1835086407,242,259,0.9899339362037373,0.9899340864921516,0.12497789508235521,0.9899339362037373,0.6346224479450511,0.126,0.8131162294698793,0.725779542142982,0.902511025829397,0.9890074807916516,257,0.19060131583390622,0.17828075602789192,0.040722715930247226,0.29559363664354465,0.2271754428835076,0.0676261326809024,0.6,0.0,False,False,0.0,0
H,1835086407,243,257,0.984867534993861,0.9848675437554629,0.1475609959305597,0.984867534993861,0.6098044614889057,0.05600000000000001,0.815874097577053,0.7324698476037068,0.9061559253248579,0.990749065861275,249,0.22474103209842342,0.16497247948516452,0.045821414441630286,0.16076949616623684,0.269480010392003,0.13421556741654198,0.4,0.0,False,False,0.0,0
H,1835086407,244,249,0.9870777998650004,0.9878071027136923,0.057401323626594516,0.9870777998650004,0.6027661087298616,0.4,0.8237148166581255,0.7220832823365733,0.9124651075734826,0.9607140591021942,246,0.015461588913147112,0.2979949485172844,0.14254884536720544,0.21917323514877599,0.2846238739055527,0.04019750814803427,0.0,0.4,False,False,0.0,0
H,1835086407,245,246,0.99046031641889,0.9905347947791978,0.07558482548151516,0.99046031641889,0.6033633939716303,0.326,0.8156749239074407,0.727847411374563,0.9035241955564658,0.9876053720181025,246,0.21085366443522965,0.1699096951273466,0.02949923858650427,0.3619634814767115,0.21152799370165723,0.016245926672550766,0.6,0.2,False,False,0.0,0
H,1835086407,246,246,0.9833409397028688,0.9833430193533188,0.1040104267999649,0.9833409397028688,0.6159831271740582,0.21400000000000002,0.8147729882849031,0.7327118150519553,0.8975736187979229,1.0019048813914588,252,0.203209678076505,0.16349755321071324,0.09081144066617564,0.2583458477269402,0.22200921398551846,0.062126266334147515,0.2,0.2,False,False,0.0,0
H,1835086407,247,252,0.9869008807460038,0.9869033807906891,0.10257367587676842,0.9869008807460038,0.621121295865584,0.2,0.8010580362832739,0.7449202210364778,0.9058246610273916,1.0266009023392817,251,0.2980499592140046,0.12799758345486995,0.00790403050731551,0.23978292202108756,0.2900420205463048,0.03622348425641763,0.0,0.2,False,False,0.0,0
H,1835086407,248,251,0.9829056172457916,0.9838061782118473,0.05569000841764712,0.9829056172457916,0.6210219167449027,0.41400000000000003,0.8024689933393927,0.7427278024083176,0.9152421949246524,1.0112659545892444,252,0.12566990529579608,0.24536566861489575,0.07135265816618504,0.20113057073817586,0.3306359152851052,0.02584528189984213,0.2,0.4,False,False,0.0,0
H,1835086407,249,252,0.9877042676093711,0.9877192635267351,0.08832002323407341,0.9877042676093711,0.6303144337198868,0.256,0.8036744646610479,0.7433180115985836,0.9042599058628082,1.0228247110231041,255,0.15908249138352368,0.33306976376971165,0.008568846030229553,0.2692617447690902,0.20270965215310535,0.02730750189433961,0.4,0.2,False,False,0.0,0
H,1835086407,250,255,0.9861113055762659,0.9863073076252231,0.06784848025662975,0.9861113055762659,0.619061129125596,0.35,0.8005863030972579,0.7365360305273425,0.8956181111601774,1.0272188349217624,255,0.06729899385860078,0.20026528360852544,0.025605005675480727,0.2656125975766088,0.20892097941825,0.23229713986253425,1.0,0.0,False,False,0.0,0
H,1835086407,251,255,0.9852709769529481,0.9852750940001088,0.09858982671279393,0.9852709769529481,0.6137550206329423,0.21400000000000002,0.7995935142215186,0.735040227375417,0.9060563000441597,1.0145808495183317,255,0.1291374796805193,0.20817056524154148,0.05716416563920321,0.17441557446734757,0.3544468673237931,0.07666534764759537,0.2,0.2,False,False,0.0,0
H,1835086407,252,255,0.9833762425247696,0.9833861331110836,0.09159796542121812,0.9833762425247696,0.6265690448738156,0.21400000000000002,0.7988616131768962,0.7239636333930431,0.9154506700397438,0.9899431414985418,260,0.008442717329962796,0.1707392280800038,0.015612316534108347,0.4209606252431311,0.3361278206499523,0.04811729216284162,0.2,0.2,False,False,0.0,0
H,1835086407,253,260,0.9878520910347488,0.9878520986002958,0.1487534147240454,0.9878520910347488,0.6449872430169623,0.014000000000000002,0.7984651686938921,0.7191087751609458,0.9093910060152792,0.990348294489082,268,0.07929154296943532,0.16639703119769844,0.008015312259930019,0.3483635734222283,0.22742701489754927,0.17050552525315865,0.2,0.0,False,False,0.0,0
H,1835086407,254,268,0.9873728872299065,0.9873728915739373,0.1531658176739424,0.9873728872299065,0.6512572486464534,0.0,0.7943805690478343,0.7181551579076647,0.9184519054137513,0.9843130702981812,275,0.12502276880957633,0.1887069527072855,0.14350411420977535,0.16216565064562044,0.371810401115705,0.00879011251203737,0.0,0.0,False,False,0.0,0
H,1835086407,255,275,0.991426427540214,0.9914386091880285,0.09000442257569602,0.991426427540214,0.6625305853383899,0.22400000000000003,0.7996606922526553,0.7169320651412868,0.9141719258125394,0.9807185192252192,276,0.121058314112567,0.17800792579608676,0.05277232063719839,0.3493202253296636,0.23782605470081591,0.061015159423668267,0.8,0.0,False,False,0.0,0
H,1835086407,256,276,0.9875363273402097,0.9910046338979124,0.04501464393841032,0.9875363273402097,0.6409191840845481,0.456,0.8011360160933781,0.7099616331239873,0.9227547332312854,0.9603783071605265,269,0.04845214049706096,0.2242329439640203,0.13070542602165552,0.2173842722131994,0.30256992779125735,0.07665528951280644,0.4,0.4,False,False,0.0,0
H,1835086407,257,269,0.9822455455984542,0.982251921974162,0.0950831212540841,0.9822455455984542,0.6418374023381592,0.22400000000000003,0.8006603428050372,0.7115091994922336,0.9304792599081568,0.9550486702424964,267,0.15057060030556996,0.16713644509648692,0.07238627699507337,0.2542908633538475,0.31605074019599316,0.03956507405302911,0.8,0.0,False,False,0.0,0
H,1835086407,258,267,0.9852121020000597,0.985212108560205,0.14986715553508578,0.9852121020000597,0.6578955035314112,0.0,0.7912558646710768,0.7076687853799255,0.9374313339173411,0.954055483211028,275,0.08418807327879547,0.15680336245625676,0.15672744383311027,0.24612919019704277,0.32625791174783414,0.02989401848696066,0.0,0.0,False,False,0.0,0
H,1835086407,259,275,0.9864489505078925,0.9873749742837844,0.05549688848708987,0.9864489505078925,0.6616202962765069,0.4,0.794382376508266,0.6994825679405803,0.9412177050874049,0.935528897679841,276,0.02746527287063879,0.28467417339089135,0.1375229865127417,0.2573678814873873,0.2876475228089896,0.00532216292935128,0.0,0.4,False,False,0.0,0
H,1835086407,260,276,0.9865042026134206,0.9865069651571445,0.10177571779895506,0.9865042026134206,0.6657103949672645,0.22400000000000003,0.7934650720949598,0.698592669644698,0.9286599463684183,0.9480680162140753,280,0.11355287626433495,0.22802412394026111,0.07790411617818857,0.30577102512804305,0.20782005894876945,0.06692779954040284,0.8,0.0,False,False,0.0,0
H,1835086407,261,280,0.9876004619432783,0.988949186737285,0.05251646251888465,0.9876004619432783,0.6508258769318742,0.42400000000000004,0.7945232668359111,0.7116785132516138,0.91316705473636,0.9809051161888329,275,0.28769346361438336,0.18546684286301585,0.09107788624433652,0.20663371243796055,0.18686551502391716,0.04226257981638659,0.8,0.2,False,False,0.0,0
H,1835086407,262,275,0.982696534433091,0.9863067777850936,0.044657550995774835,0.982696534433091,0.6449668603614287,0.456,0.7951131402642446,0.707572277839151,0.9163260082407074,0.971162411960039,275,0.08097112812647406,0.24749893753788874,0.051697759380923296,0.22966293317428194,0.27237829488991727,0.11779094689051474,0.4,0.4,False,False,0.0,0
H,1835086407,263,275,0.991639451407254,0.991639466261729,0.1434132399001281,0.991639451407254,0.6661604188710684,0.05600000000000001,0.7931230712035108,0.7028029257339188,0.9158082818294523,0.9675834043263005,282,0.0701157723340664,0.24488465860325376,0.07013342479065401,0.3292844702438446,0.25557437206407807,0.030007301964103283,0.4,0.0,False,False,0.0,0
H,1835086407,264,282,0.9866340546763642,0.9878920620823904,0.0530622131761053,0.9866340546763642,0.6575930526221143,0.41400000000000003,0.7947452455067846,0.7093399453622516,0.8984034753745233,0.9934706822211629,280,0.20846457393786,0.19889816162586751,0.029968205787201954,0.28236936127788315,0.17088010864008105,0.1094195887311064,0.2,0.4,False,False,0.0,0
H,1835086407,265,280,0.9837171228340449,0.9870388784179209,0.045326386236959365,0.9837171228340449,0.6722558730485763,0.456,0.7949068274158951,0.7044030172278177,0.9085631278370709,0.9753261590911366,284,0.06912586417098276,0.21277680170891397,0.00013763285239658626,0.41242957543440545,0.30373291877567077,0.0017972070576305144,0.4,0.4,False,False,0.0,0
H,1835086407,266,284,0.9896799815672768,0.9896806101737408,0.11358539372404691,0.9896799815672768,0.6769393496311177,0.126,0.7844858093559199,0.7016838875928795,0.9177068150533638,0.9746584566293178,287,0.09376276533065785,0.14392443207543668,0.00824018205847464,0.2371886797509782,0.399508213594333,0.11737572719011967,0.6,0.0,False,False,0.0,0
H,1835086407,267,287,0.9869533636422898,0.9870976318963923,0.0702942263947847,0.9869533636422898,0.6612527114998822,0.326,0.7877620071262095,0.7055305036710704,0.897034336698796,0.9984163779104384,285,0.17413513072293618,0.19108191083558387,0.1423332173247223,0.2447412876125495,0.15549101575384253,0.09221743775036566,0.6,0.2,False,False,0.0,0
H,1835086407,268,285,0.9906323341704519,0.9906323389236774,0.1524754794433923,0.9906323341704519,0.6521499572159599,0.0,0.795599420579011,0.7102411622244091,0.9073309030289164,0.9838880307673757,278,0.18733979671115283,0.19831373978104103,0.04767405384100581,0.15909887640482293,0.3443917305994414,0.06318180266253604,0.0,0.0,False,False,0.0,0
H,1835086407,269,278,0.9920087157257379,0.9920089938489177,0.12009507296931272,0.9920087157257379,0.6691345889814371,0.126,0.7943637622576678,0.7111002813828069,0.9036742560622955,0.99060272015364,284,0.1421397158702281,0.22837930448902338,0.0051355157351824846,0.26905518750130786,0.2353822166813536,0.11990805972290461,0.6,0.0,False,False,0.0,0
H,1835086407,270,284,0.9872967750990783,0.9892421690624422,0.04960300545133272,0.9872967750990783,0.6529014266338892,0.42400000000000004,0.7979067175156487,0.70710647360877,0.9133068304560659,0.9703222413134027,277,0.08201507868879247,0.16653002995606386,0.04862463818994383,0.2231772468772362,0.3727326246250883,0.10692038166287529,0.8,0.2,False,False,0.0,0
H,1835086407,271,277,0.9902621059458921,0.9902706492394139,0.09281914655686352,0.9902621059458921,0.6710281761199958,0.22400000000000003,0.7941724035422533,0.7164392488580329,0.9161537157300564,0.9846825251772492,286,0.24610123662126682,0.16516848761095274,0.08669611865753611,0.1595950472033018,0.270887841597986,0.07155126830895656,0.8,0.0,False,False,0.0,0
H,1835086407,272,286,0.9920776712976697,0.992077676333524,0.1520273129722769,0.9920776712976697,0.6773883406060393,0.014000000000000002,0.793251250169166,0.7077984131230066,0.9245383441570508,0.9651035023299823,289,0.02726408384844264,0.17359640657703862,0.04305397863870296,0.2369779521447601,0.3643629216763859,0.15474465711466975,0.2,0.0,False,False,0.0,0
H,1835086407,273,289,0.9914350193428265,0.9914350230888236,0.15437750418093987,0.9914350193428265,0.6747624435424122,0.014000000000000002,0.7935440981553912,0.7040927139810836,0.9182110645594151,0.9663095294757565,291,0.08355276892784229,0.2511762489201435,0.06956879264360527,0.23863609779945255,0.23063277409034716,0.12643331761860926,0.2,0.0,False,False,0.0,0
H,1835086407,274,291,0.9903140354974895,0.9911754639235247,0.05610304528288085,0.9903140354974895,0.6713049956130637,0.4,0.7913643560415715,0.7047352838775354,0.9105699283771811,0.977994082296212,290,0.13559006994382317,0.18219882947389834,0.01397739487159896,0.29136183223672907,0.22089985136853754,0.15597202210541297,0.0,0.4,False,False,0.0,0
H,1835086407,275,290,0.9884550178561834,0.9884587598769492,0.09937577631356148,0.9884550178561834,0.6736240002178038,0.21400000000000002,0.7919293287645374,0.6989729552339173,0.919512935539463,0.9598781413987724,295,0.05593044437823445,0.26869628584019667,0.06427040432402234,0.17827354303245807,0.3146373524907899,0.1181919699342986,0.2,0.2,False,False,0.0,0
H,1835086407,276,295,0.9855785854944936,0.9882938882229212,0.046941172349097164,0.9855785854944936,0.6762280144577233,0.456,0.7917816939962045,0.6950121098107966,0.9275616419855167,0.9463333259522154,298,0.07484752923219014,0.31104756182518645,0.026691616254704564,0.2053251666667804,0.31308836957965164,0.0689997564414868,0.4,0.4,False,False,0.0,0
H,1835086407,277,298,0.9869404711982759,0.9869404796591326,0.1478557646102014,0.9869404711982759,0.6746658349130972,0.014000000000000002,0.7945158836158847,0.6976476799972319,0.9262870734372984,0.9479555357985907,292,0.15482719596218777,0.18935731859902277,0.07939205061618762,0.299121305661676,0.2574079782516669,0.019894150909259077,0.2,0.0,False,False,0.0,0
H,1835086407,278,292,0.9904016001394966,0.9904059732457531,0.09815088171200397,0.9904016001394966,0.6638909429457591,0.2,0.803244330598895,0.7010696509691104,0.9154549306607491,0.9534030348162991,286,0.16630443714675264,0.1716820793637736,0.09708132809110218,0.22071451799363434,0.20898282283590247,0.13523481456883485,0.0,0.2,False,False,0.0,0
H,1835086407,279,286,0.9908011534778524,0.9908011594735914,0.150628302659414,0.9908011534778524,0.6805044715444505,0.014000000000000002,0.7990350186980937,0.6917627811381755,0.9142085918314908,0.9469914986188921,296,0.009332658969007264,0.2347772361043509,0.0640020643084506,0.3311742895065276,0.25149577118408295,0.10921797992758081,0.2,0.0,False,False,0.0,0
H,1835086407,280,296,0.993842940657906,0.9939723417012052,0.07121519454246814,0.993842940657906,0.690189497482906,0.326,0.794955304971855,0.6880490224464622,0.9075144214233133,0.9537249300717017,302,0.07342975456494259,0.21701572229647054,0.029306603274611105,0.35509620687079174,0.2236334438748579,0.10151826911832608,0.6,0.2,False,False,0.0,0
H,1835086407,281,302,0.988250682587755,0.9882506895609502,0.14940561946438966,0.988250682587755,0.6852979631746725,0.0,0.797817787466106,0.6842572204338447,0.9128818698730864,0.9395093189402538,298,0.07013311387132061,0.24511128210883742,0.04463001951879981,0.2979905643772063,0.28059445296052193,0.06154056716331401,0.0,0.0,False,False,0.0,0
H,1835086407,282,298,0.987210403720459,0.9893289241812396,0.04892507972769248,0.987210403720459,0.6752101266966257,0.42400000000000004,0.7934703741796677,0.6876265859915842,0.9005989765623179,0.9622557045787642,296,0.15727783224289657,0.15215465063753725,0.09225785163590292,0.3248948784227131,0.19502646838270052,0.07838831867824977,0.8,0.2,False,False,0.0,0
H,1835086407,283,296,0.9911823785916851,0.9911823836510473,0.15198305429788087,0.9911823785916851,0.6445035866470518,0.0,0.8023842376370557,0.6871534211480683,0.9042362618003748,0.9470859747297464,277,0.11135205570079094,0.20049773301219337,0.06480067179728718,0.2511058024245538,0.2684859144714432,0.10375782259373142,0.0,0.0,False,False,0.0,0
H,1835086407,284,277,0.9887903257261703,0.9888527567684592,0.0769758202361222,0.9887903257261703,0.6451302350230863,0.326,0.806313250619657,0.6849748449184995,0.9022692319364315,0.94153111753101,277,0.08973868534793207,0.24840026123466902,0.11340317649686574,0.2627580963681772,0.242282981580471,0.04341679897188496,0.6,0.2,False,False,0.0,0
H,1835086407,285,277,0.9908262109746923,0.9908365163050917,0.09133106291266987,0.9908262109746923,0.658510177248252,0.22400000000000003,0.8021358073685999,0.68449452670249,0.8997192012341371,0.948451411314034,283,0.1096053003739436,0.2098222610792113,0.03739545589924636,0.34475329139664823,0.23838446245674344,0.06003922879420717,0.8,0.0,False,False,0.0,0
H,1835086407,286,283,0.985639937891326,0.9856399405612591,0.15702639502244253,0.985639937891326,0.6662708676283744,0.0,0.8004973861710436,0.6884406799845734,0.9097472811107233,0.9453352240371372,286,0.1646359952150989,0.19509902574201307,0.04718929566841839,0.2143422739915907,0.37827492885181285,0.0004584805310662235,0.0,0.0,False,False,0.0,0
H,1835086407,287,286,0.9902846677647662,0.9902846883064532,0.14082205799867387,0.9902846677647662,0.6810546456794663,0.0,0.7963487232016825,0.6905348974717053,0.918772552999651,0.9437877378294824,287,0.14395314357950673,0.1597740841570865,0.03900495876417742,0.2777670594392598,0.3325269461969288,0.04697380786304094,0.0,0.0,False,False,0.0,0
H,1835086407,288,287,0.990556551325546,0.9905725925804532,0.0878065887982724,0.990556551325546,0.6906517094524875,0.256,0.7938928777878312,0.6967185587131152,0.9268952976996859,0.9468142691318137,293,0.19638007643744004,0.23642444893177053,0.0768023375378339,0.1572183734333312,0.3112153226737845,0.021959440985839858,0.4,0.2,False,False,0.0,0
H,1835086407,289,293,0.9911131467265416,0.9911221153428077,0.09243924921059106,0.9911131467265416,0.7072617477591057,0.21400000000000002,0.7977103880494459,0.6939749483861002,0.9342057679297173,0.9312279474464137,295,0.08865397010800966,0.17801700413723348,0.008034400348439944,0.2939180190471975,0.3993531662838313,0.032023440075288234,0.2,0.2,False,False,0.0,0
H,1835086407,290,295,0.9891101237512756,0.9891101665224052,0.1349746367056838,0.9891101237512756,0.7071365677329813,0.05600000000000001,0.7986566840798702,0.7049668368982087,0.9256153031906599,0.9536258839791074,297,0.25863294914266977,0.20044622650259442,0.0748828412944929,0.19027011122321022,0.22415056026957142,0.0516173115674614,0.4,0.0,False,False,0.0,0
H,1835086407,291,297,0.9918828016019884,0.9918828053473165,0.15438252003984035,0.9918828016019884,0.7014296311866791,0.014000000000000002,0.7987255018682201,0.6990545144158771,0.9218964264140023,0.9493609463666474,295,0.054200242032235536,0.17924896839391954,0.1572723372580386,0.27346950940086745,0.2442132677120417,0.09159567520289726,0.2,0.0,False,False,0.0,0
H,1835086407,292,295,0.9463289358717272,0.9940095535877035,0.024176513553456586,0.9463289358717272,0.6706974309925513,0.6,0.7983332305610832,0.7042344601422235,0.9241864743665037,0.9544945590572474,294,0.18915839308925292,0.1721018512807767,0.030715037363137156,0.22564237627085235,0.2723984529695084,0.10998388902647255,0.0,0.6,False,False,0.0,0
H,1835086407,293,294,0.9897681167339951,0.9897785027133911,0.0912605059658199,0.9897681167339951,0.6870205155337694,0.21400000000000002,0.8087759258188117,0.7069099959984686,0.9244840966429084,0.9454454207318486,287,0.16109073579195327,0.32527366252664375,0.04030997794347751,0.18195960937616734,0.2635813485652752,0.027784665796483032,0.2,0.2,False,False,0.0,0
H,1835086407,294,287,0.9915716240913061,0.9915716270492333,0.1562587629345739,0.9915716240913061,0.6888563856383016,0.0,0.8088510326006337,0.7012296716562624,0.9320356869786176,0.9301632966696893,286,0.05831469322146497,0.1794305319212903,0.12511369794585792,0.25157666401557927,0.3252356123648922,0.0603288005309154,0.0,0.0,False,False,0.0,0
H,1835086407,295,286,0.9873675521552998,0.9909600904479798,0.044734150831274265,0.9873675521552998,0.6791715144847975,0.456,0.800085061708746,0.709009125460068,0.9315425420525113,0.9512900841372243,282,0.22301171733273373,0.13987707558335202,0.09663601103813572,0.2550239397111623,0.2635521188587773,0.021899137475839076,0.4,0.4,False,False,0.0,0
H,1835086407,296,282,0.9915663738197643,0.9916904956428928,0.07152846006076696,0.9915663738197643,0.6927536892687172,0.326,0.7955431028167781,0.703048795233394,0.9383882878472601,0.9417576893322105,286,0.05612657557911789,0.15656831434725785,0.001059380968362849,0.38978456610737977,0.3508858313457758,0.04557533165210588,0.6,0.2,False,False,0.0,0
H,1835086407,297,286,0.9768215967686175,0.9913895077640636,0.03359379511176154,0.9768215967686175,0.6883237195794237,0.526,0.7910761835086041,0.6983987355619007,0.9445494590625341,0.9346745791938044,288,0.0687797511272048,0.1881242417256846,0.08268311497458544,0.272393351956762,0.3568230060630137,0.03119653415274964,0.6,0.4,False,False,0.0,0
H,1835086407,298,288,0.974739382868185,0.9873682606724977,0.03469842053201096,0.974739382868185,0.7048405125777866,0.526,0.7915221692649763,0.7075643168957386,0.9500945131562807,0.9408838837665332,291,0.2385689763991627,0.17679150919289235,0.026245157624728965,0.2275174710993258,0.3285372978968834,0.0023395877870067113,0.6,0.4,False,False,0.0,0
H,1835086407,299,291,0.994032054563863,0.9940410948955325,0.09239926047305771,0.994032054563863,0.7222743681722602,0.2,0.787093034127211,0.7038479464791043,0.9550850618406526,0.9362907364516192,292,0.08327306785190813,0.19346648852191273,0.008473294478829267,0.3750723654948509,0.32191303434474333,0.01780174930775557,0.0,0.2,False,False,0.0,0
