arm,seed,step,novelty_vector_count,h_n_latest,h_n_shape_latest,V,H_N,total_suppression,avg_wb,theta_capability,transfer_state,g,population,x_compute,x_bio_welfare,x_novelty_agency,x_institutional_capacity,x_transfer_comprehension,x_resilience,c_protective,c_suppressive,adapter_active,action_modified,adapter_score,shape_fallback_increase
M05,1835086223,0,200,0.9873583011248548,0.9890630081764867,0.05065286056765318,0.9873583011248548,0.326,0.6626422946525636,0.5044919348927439,0.546535833528452,1.3930170556329782,203,0.0561491861592992,0.16942454335142415,0.08011168677385665,0.31362772536190664,0.2826791676422603,0.09800769071125306,0.6,0.2,False,False,0.0,2
M05,1835086223,1,203,0.9866305774521791,0.9886844740323262,0.04916648950522379,0.9866305774521791,0.326,0.678352907351578,0.5126088792680723,0.5918822501756068,1.276718400865346,201,0.10426926399956968,0.22047871068626074,0.07692322312749345,0.21836382784674171,0.3081558210338356,0.07180915330609895,0.6,0.2,False,False,0.0,0
M05,1835086223,2,201,0.9776673609236555,0.9897239633872966,0.03508652709808958,0.9776673609236555,0.456,0.6930218432593952,0.5265623200042822,0.6042363754796763,1.2574652395113628,208,0.18229855874516832,0.20498308145180583,0.12120734131891177,0.2472532800552851,0.15771175160815118,0.08654598682067767,0.4,0.4,False,False,0.0,0
M05,1835086223,3,208,0.9863591264072055,0.9869146090213734,0.059561272829040675,0.9863591264072055,0.326,0.7074654095035877,0.5280324242830273,0.6438127379317087,1.1592999470940004,209,0.034977753486990275,0.16592754892107509,0.0040448307611968435,0.3846433561921034,0.31830787876584277,0.09209863187279164,0.6,0.2,False,False,0.0,0
M05,1835086223,4,209,0.9831923679076309,0.9864719837080241,0.045423440630771604,0.9831923679076309,0.41400000000000003,0.7204192057820846,0.5283825902354206,0.6794314641385378,1.0794873622535053,210,0.021897339581806997,0.1823946142453074,0.009048899203289046,0.26536623786130525,0.3414074672209867,0.1798854418873045,0.2,0.4,False,False,0.0,0
M05,1835086223,5,210,0.9777781629639234,0.9838139888702917,0.04054642608944705,0.9777781629639234,0.42400000000000004,0.733956981418229,0.5460258759866599,0.711488317724684,1.0456223191385037,206,0.23828019078762938,0.18320495617869287,0.015584310980944715,0.17625649607670352,0.32435527284772897,0.0623187731283006,0.8,0.2,False,False,0.0,0
M05,1835086223,6,206,0.9864723650470214,0.9873618227925944,0.05581747722769921,0.9864723650470214,0.35,0.7395199925410407,0.5480880656946131,0.7389510449167884,1.002962646112663,213,0.054543543841077353,0.2471234265422845,0.05051385580152988,0.32959231638317393,0.2930577948228642,0.025169062609070307,1.0,0.0,False,False,0.0,0
M05,1835086223,7,213,0.9863933343037152,0.9864181429187943,0.08430232541400957,0.9863933343037152,0.21400000000000002,0.7523390600925525,0.564792380308636,0.7598061884901702,0.9880351434074537,214,0.23885897373441947,0.29701733716698675,0.008678906220767177,0.16643328317362616,0.2737512403253032,0.015260259378897356,0.2,0.2,False,False,0.0,0
M05,1835086223,8,214,0.9854664408977873,0.985466523218332,0.12973334176341383,0.9854664408977873,0.05600000000000001,0.7560111381433046,0.5697532471618518,0.7654695038473658,0.9845340072988672,221,0.1025060733580948,0.23166075240103381,0.17285709506623126,0.26925134522059146,0.2082196710310626,0.01550506292298615,0.4,0.0,False,False,0.0,0
M05,1835086223,9,221,0.9809906492367902,0.9828340792711805,0.04997981689003617,0.9809906492367902,0.4,0.7626183559336552,0.5862187097394153,0.7804368739496186,0.9849510334398486,231,0.24941406169570038,0.16502156458153475,0.08010691107455285,0.19888325305127136,0.25757160243494664,0.04900260716199407,0.0,0.4,False,False,0.0,0
M05,1835086223,10,231,0.9842510131642012,0.9842511152251305,0.1280125059417674,0.9842510131642012,0.05600000000000001,0.7730583253577623,0.5822409878343594,0.8020848149704192,0.9390100038225585,233,0.004165169773936976,0.29519074244516924,0.030558098759399268,0.2722319937556992,0.2984581420788123,0.09939585318698313,0.4,0.0,False,False,0.0,0
M05,1835086223,11,233,0.9912046097086871,0.9928376782788492,0.05102492737892198,0.9912046097086871,0.42400000000000004,0.7784783414164229,0.5861259663759787,0.8031700392386266,0.9374258558833838,236,0.09996284916671552,0.1607188463491457,0.003722581011915782,0.3955752755591978,0.20646852882624667,0.13355191908677852,0.8,0.2,False,False,0.0,0
M05,1835086223,12,236,0.9885217536723769,0.9885243781932644,0.10219996155460277,0.9885217536723769,0.21400000000000002,0.7811104197143158,0.6023486449522976,0.822853035314764,0.9371588937153587,244,0.2566122111889727,0.2577018735128925,0.00047452560841941235,0.1456121563725659,0.3242505919604568,0.015348641356692842,0.2,0.2,False,False,0.0,0
M05,1835086223,13,244,0.9854526626604257,0.9865449821700717,0.0541755180092481,0.9854526626604257,0.42400000000000004,0.7899863300340049,0.601297565418997,0.8405677317832876,0.9055181405601933,246,0.05082940892892938,0.21245505027974243,0.029413123052583957,0.18297674516268148,0.43176698310954503,0.09255868946651778,0.8,0.2,False,False,0.0,0
M05,1835086223,14,246,0.990648530991711,0.9906486773457633,0.12519480000021882,0.990648530991711,0.126,0.7901731974403617,0.6078229871133664,0.8527706194013931,0.9020333550137628,251,0.1448787495664901,0.27093696250022936,0.004050763691937356,0.1763924900779687,0.2812983039821713,0.12244273018120311,0.6,0.0,False,False,0.0,0
M05,1835086223,15,251,0.9835761542047688,0.9844317097977253,0.056103155544831765,0.9835761542047688,0.41400000000000003,0.7953602279808984,0.6040728463646182,0.8674935574612538,0.8755061191044883,255,0.020512607586502356,0.23528591609740793,0.008992949800786819,0.23517820055309763,0.33085237882938684,0.16917794713281853,0.2,0.4,False,False,0.0,0
M05,1835086223,16,255,0.9642176469817322,0.9865485040600039,0.030154698650301695,0.9642176469817322,0.55,0.7988343716158488,0.6064668116627607,0.8807442017151283,0.8619865783973012,251,0.09497009520466798,0.1789160793937015,0.06016112099472151,0.24958779030931003,0.36408136537233715,0.05228354872526182,1.0,0.2,False,False,0.0,0
M05,1835086223,17,251,0.9844272915949895,0.984432186917358,0.0972047752348614,0.9844272915949895,0.21400000000000002,0.7933745748370875,0.6161192177948261,0.8926697815436155,0.8699527061596017,272,0.1871968339400437,0.25227273099637987,0.07234680971341141,0.12685362555821406,0.3527835660242075,0.008546433767743479,0.2,0.2,False,False,0.0,0
M05,1835086223,18,272,0.9878497039969388,0.9878503930677109,0.11283961757737808,0.9878497039969388,0.126,0.802254925639057,0.6204901861493903,0.8864447405836386,0.8725108918472726,271,0.12721161555381832,0.1788908922824116,0.02760823236084772,0.33920575398761305,0.21520968597192353,0.11187381984338578,0.6,0.0,False,False,0.0,0
M05,1835086223,19,271,0.9904064019341176,0.9909939694026733,0.05914711936491962,0.9904064019341176,0.41400000000000003,0.8053309248928813,0.6340616660191168,0.8639655085319129,0.9112986276637343,278,0.24494986471495045,0.25696498403211565,0.06112659748960533,0.2345165587148375,0.13082621003319034,0.07161578501530072,0.2,0.4,False,False,0.0,0
M05,1835086223,20,278,0.9900953427311477,0.9900977786858768,0.10280612122647846,0.9900953427311477,0.2,0.8100445607119764,0.6399112753354473,0.8670048042783605,0.9111488857345762,276,0.15690865771607976,0.2207600111933977,0.08975131114143496,0.27342461123043144,0.24717923299819422,0.011976175720461895,0.0,0.2,False,False,0.0,0
M05,1835086223,21,276,0.9857182372964386,0.9886656041924169,0.04629136996364453,0.9857182372964386,0.456,0.8092953520534925,0.6525877222704772,0.8792096697572515,0.9171479436799449,279,0.24590013377252765,0.17336921548318593,0.07357142251442365,0.15321695912437475,0.2945267295336352,0.05941553957185282,0.4,0.4,False,False,0.0,0
M05,1835086223,22,279,0.9915868721857368,0.9915873037852782,0.11659376044306267,0.9915868721857368,0.126,0.8153746791363267,0.6546775848946821,0.8912887027815263,0.9008486855540937,280,0.12149060922160841,0.1862136112588137,0.03948343085687756,0.2835026578606296,0.3259576963798184,0.04335199442225232,0.6,0.0,False,False,0.0,0
M05,1835086223,23,280,0.9934785933147877,0.9934799908171215,0.10725629973831159,0.9934785933147877,0.22400000000000003,0.8197542759993963,0.6532936507289587,0.9021598325033736,0.8833671802116232,279,0.07937431348763438,0.1642497782469507,0.045918123396839004,0.3720399152303097,0.3232320322819919,0.015185837356274106,0.8,0.0,False,False,0.0,0
M05,1835086223,24,279,0.985092143073925,0.9850921481899189,0.15184538771058145,0.985092143073925,0.05600000000000001,0.8203832199208965,0.6546313791573677,0.9086993968492172,0.8781320139108233,287,0.11253013706071077,0.2046676036831057,0.1499276634865221,0.22958997809086398,0.2837777379809048,0.01950687969789265,0.4,0.0,False,False,0.0,0
M05,1835086223,25,287,0.9885929983632369,0.9885939093115657,0.11062361377139164,0.9885929983632369,0.2,0.8202960320594819,0.6622871030952423,0.8988023572691757,0.8982794914327509,284,0.1923411611967875,0.19589324334885283,0.14915149947119116,0.22441629237686553,0.20486450052440128,0.03333330308190166,0.0,0.2,False,False,0.0,0
M05,1835086223,26,284,0.990874480840619,0.9908938292398639,0.08631708673085425,0.990874480840619,0.256,0.8187134379198238,0.6716671002391461,0.8910576214350114,0.9206962371270931,294,0.21867940373332342,0.2355192880839685,0.034272736511252684,0.2276488181588191,0.21067749946376654,0.0732022540488698,0.4,0.2,False,False,0.0,0
M05,1835086223,27,294,0.9902846525740401,0.9902873991299808,0.10185236512243596,0.9902846525740401,0.2,0.8149260059309751,0.6791435972101596,0.8859834692294921,0.9406278097189672,300,0.20074814978713465,0.2085571972114084,0.0423847532674068,0.26315732857550284,0.22015804968990937,0.06499452146863792,0.0,0.2,False,False,0.0,0
M05,1835086223,28,300,0.988931296469449,0.9891455488638313,0.06716267117294399,0.988931296469449,0.35,0.8109425697827327,0.6777434968839373,0.8973851223065429,0.9313145650356692,305,0.0944634941785705,0.20084993866035838,0.0299707049588375,0.2590596502599419,0.36506779327611194,0.050588418666179934,1.0,0.0,False,False,0.0,0
M05,1835086223,29,305,0.990710592517518,0.991529913335179,0.05650482041285763,0.990710592517518,0.41400000000000003,0.8089717847494993,0.6800538863411397,0.9014492053357076,0.932542625454358,312,0.1399695537674915,0.18829931755643692,0.11474074986241607,0.2608161832986303,0.2690129762990948,0.027161219215930343,0.2,0.4,False,False,0.0,0
M05,1835086223,30,312,0.9890724681574694,0.9890724773243477,0.14723497042442796,0.9890724681574694,0.0,0.810845319337264,0.6799385309840705,0.8941310305307449,0.9378437129534498,312,0.11109173699984765,0.20551216690636073,0.06339592153010681,0.248657934428589,0.21413372864304045,0.1572085114920554,0.0,0.0,False,False,0.0,0
M05,1835086223,31,312,0.9914686416778922,0.9914686568500991,0.14324340086478035,0.9914686416778922,0.05600000000000001,0.8104882209421923,0.6860390341059961,0.9021324820268053,0.9382785738558079,318,0.18871787088911388,0.1574183599479428,0.07002542285102578,0.2177007745583066,0.2870727727456744,0.07906479900793653,0.4,0.0,False,False,0.0,0
M05,1835086223,32,318,0.9881258479781108,0.9881258482597707,0.17494951732381578,0.9881258479781108,0.0,0.8007592437664826,0.695223076043249,0.9119192338241248,0.9520633395270158,320,0.23107492053190895,0.13881334977251217,0.0017174798935228083,0.24979775469963686,0.3627681039560672,0.015828391146352042,0.0,0.0,False,False,0.0,0
M05,1835086223,33,320,0.9929517608499681,0.9929557061365502,0.09899085348550557,0.9929517608499681,0.2,0.804878764127737,0.7010094992753775,0.8931266943432672,0.9751700710723781,310,0.19434471292863664,0.18473307892299423,0.18164205138501055,0.2604992438332563,0.16199691950777456,0.01678399342232772,0.0,0.2,False,False,0.0,0
M05,1835086223,34,310,0.9889205593982137,0.9890163871611923,0.07356632622665575,0.9889205593982137,0.35,0.8035181903646855,0.7011108139167209,0.9038140249089405,0.9654101856460489,320,0.12689737006390384,0.1806037811110349,0.002494728273282798,0.3180491174345951,0.3325851946691176,0.039369808448065716,1.0,0.0,False,False,0.0,0
M05,1835086223,35,320,0.9929904278659014,0.993188398574853,0.0678242690798446,0.9929904278659014,0.35,0.8016349061665082,0.7054478287228051,0.9010686419530668,0.9766307747489826,325,0.17990694377400257,0.20542772536411985,0.15574947384358978,0.1907374869580015,0.23818009767510173,0.029998272385184654,1.0,0.0,False,False,0.0,0
M05,1835086223,36,325,0.9930108865854406,0.9930108887810882,0.15864250417113915,0.9930108865854406,0.0,0.8037891983408658,0.696010567759026,0.9109617777577601,0.9505468190880478,327,0.010439130904514591,0.2715866105136759,0.057105492166237455,0.2093786880881121,0.3153968195799838,0.1360932587474762,0.0,0.0,False,False,0.0,0
M05,1835086223,37,327,0.9912425729974482,0.9912430675984338,0.11550641106587349,0.9912425729974482,0.126,0.8120644384721928,0.7002053862743316,0.9087157573066169,0.9488703930485058,324,0.17494183629071025,0.22980501458237965,0.08654747490023572,0.25675948234333895,0.24425078662316418,0.0076954052601712975,0.6,0.0,False,False,0.0,0
M05,1835086223,38,324,0.9913815241939683,0.9913816726940284,0.1250848154857709,0.9913815241939683,0.126,0.8060793298337385,0.7070122537571837,0.9178441815759553,0.9556089245459336,333,0.2102142099571088,0.16416070586134832,0.08077809289024059,0.16231366000028769,0.36613799220399873,0.01639533908701598,0.6,0.0,False,False,0.0,0
M05,1835086223,39,333,0.9920845513442906,0.9920845522156471,0.16599162715606913,0.9920845513442906,0.0,0.8120393328542422,0.6986987156972291,0.9175613802101686,0.9377298769075613,329,0.025463432848807768,0.19200192908849015,0.036957289114063124,0.45277941798061455,0.25750808395904456,0.035289847008979656,0.0,0.0,False,False,0.0,0
M05,1835086223,40,329,0.9887426653299168,0.988955210649247,0.06722481591272297,0.9887426653299168,0.35,0.8152277252823515,0.693826852297418,0.9163319103067239,0.9287938943844106,329,0.06328840481312965,0.16662367989106458,0.10824622153085063,0.29210931029316695,0.2526333405878606,0.11709904288392768,1.0,0.0,False,False,0.0,0
M05,1835086223,41,329,0.9909710042425133,0.9916549427408543,0.057943475142687516,0.9909710042425133,0.4,0.8193467716723802,0.7027671637837415,0.9246987192760515,0.9275630890895211,321,0.23289567626492896,0.1882386053547711,0.026091579347456546,0.1451711184253518,0.3515317055985031,0.05607131500898859,0.0,0.4,False,False,0.0,0
M05,1835086223,42,321,0.9879673778660193,0.9881406096858684,0.06884628715253163,0.9879673778660193,0.35,0.8192616778746036,0.7024469466202292,0.9302725669629672,0.9216810838751948,324,0.1227267628209354,0.22641496426759278,0.12105387280746005,0.22238319177266005,0.29021859807260453,0.017202610258747225,1.0,0.0,False,False,0.0,0
M05,1835086223,43,324,0.9922533674325654,0.9930822812445858,0.05642461427538298,0.9922533674325654,0.41400000000000003,0.8189916828121176,0.7070964181410778,0.9207831193714175,0.9376522435900894,323,0.18464773564825088,0.23555106378128604,0.04895730390953315,0.22118904107101198,0.217689045523735,0.0919658100661829,0.2,0.4,False,False,0.0,0
M05,1835086223,44,323,0.9925810065674695,0.9925810178242673,0.1456283536920791,0.9925810065674695,0.05600000000000001,0.8221669948139171,0.7157998102391399,0.9029594792941169,0.9641914563669208,324,0.23822766256394903,0.17198558062096586,0.1453295299681436,0.2525204099676287,0.1712733592992053,0.020663457580107455,0.4,0.0,False,False,0.0,0
M05,1835086223,45,324,0.9894706651568762,0.9894832275204908,0.08974373806430211,0.9894706651568762,0.256,0.8196578188895358,0.706865919938736,0.9126635313647052,0.9449172130438437,330,0.023201252644414708,0.18356903031269667,0.09877570132145806,0.26255205791592906,0.3653730298354513,0.0665289279700502,0.4,0.2,False,False,0.0,0
M05,1835086223,46,330,0.9937010161329146,0.9943796233933392,0.05802760747785547,0.9937010161329146,0.41400000000000003,0.8155197879151707,0.7097316710181429,0.9125837887360918,0.9536454316044803,334,0.1651130884542965,0.2616609792609048,0.0514195002199438,0.248613651775346,0.25593305253928544,0.017259727750223497,0.2,0.4,False,False,0.0,0
M05,1835086223,47,334,0.988254539949192,0.9894972244163015,0.05317268811212404,0.988254539949192,0.42400000000000004,0.8141582642136167,0.7073228351447223,0.9213254098624826,0.9429654799840959,337,0.10097184596858104,0.17544198349717743,0.01688137269212655,0.18860063216229617,0.40266843921047757,0.11543572646934133,0.8,0.2,False,False,0.0,0
M05,1835086223,48,337,0.989046245240068,0.9892363334464502,0.0681159562284346,0.989046245240068,0.35,0.8092422344755046,0.7085725017743584,0.9291928688762343,0.9423232042507627,343,0.14519760483590213,0.1583048514731659,0.09703368863579478,0.18301765321261815,0.36725641380201746,0.0491897880405016,1.0,0.0,False,False,0.0,0
M05,1835086223,49,343,0.9807716703980321,0.990802912660032,0.03655912139553787,0.9807716703980321,0.526,0.810254128574302,0.7087720229938184,0.9259333121811464,0.9447254282127621,340,0.13285182885222366,0.22772174577380846,0.034911906786331576,0.2966702018115828,0.24829865096267778,0.059545665813375684,0.6,0.4,False,False,0.0,0
M05,1835086223,50,340,0.989653226056685,0.9896532329148222,0.1495493459144524,0.989653226056685,0.01725,0.808739641999117,0.7146546249453685,0.9160416772441654,0.9646554980821287,342,0.20401503876551247,0.22331128401112593,0.030404487090087376,0.29074718318000514,0.21350848140566853,0.038013525547600666,0.2,0.00325,True,True,0.03,0
M05,1835086223,51,342,0.9902836223944356,0.9910587195122785,0.05694272052800549,0.9902836223944356,0.40650000000000003,0.8101250920776631,0.7108180313721286,0.9167887789602546,0.9570553671593848,337,0.08620172092535719,0.1811459310041444,0.05244549300679411,0.2765252105391012,0.26175634720252855,0.14192529732207457,0.0,0.40650000000000003,True,True,0.06,0
M05,1835086223,52,337,0.9885762351813927,0.9885861772796154,0.09159859669456095,0.9885762351813927,0.23375000000000004,0.8118273078023811,0.7093536221421792,0.9251099010642291,0.9445083590622878,340,0.11345615423321348,0.19770669651597084,0.004247948188527019,0.2519498737538386,0.3502717127677533,0.08236761454069683,0.8,0.00975,True,True,0.09000000000000001,0
M05,1835086223,53,340,0.9915119162296661,0.9916585734014262,0.07020019132087847,0.9915119162296661,0.339,0.799552681362177,0.7121780120893612,0.9325989109578061,0.9550950033614971,342,0.16615088817863663,0.14118700787514865,0.07046961037945765,0.261222557801817,0.3322654374058876,0.028704498359052547,0.6,0.21300000000000002,True,True,0.12000000000000001,0
M05,1835086223,54,342,0.9689611457293074,0.9850253339938274,0.03276426477819576,0.9689611457293074,0.54225,0.8021494059530608,0.7083900059868045,0.9372270665186945,0.9422634319815433,336,0.08526118127389229,0.23988689725576964,0.028522057718162987,0.28795235771770167,0.2894402332833448,0.06893727275112872,0.6,0.41625,True,True,0.15000000000000002,0
M05,1835086223,55,336,0.9906257082261832,0.9906266691466477,0.11021485306672248,0.9906257082261832,0.1455,0.8058210642841113,0.7059915465763955,0.9328351131190087,0.9391954935204128,336,0.10026301111164057,0.32455570873857326,0.034747773778693536,0.2784591814996027,0.2466537662609184,0.015320558610571565,0.6,0.0195,True,True,0.18000000000000005,0
M05,1835086223,56,336,0.9920955116998168,0.9921021789170852,0.09480750829967692,0.9920955116998168,0.22275,0.8057608005607478,0.7033836714385244,0.9183897898193825,0.950515273643546,329,0.09614627738685924,0.18424618400958634,0.03263159320067043,0.4546618865758445,0.19419094006137316,0.038123118765666285,0.0,0.22275,True,True,0.21000000000000008,0
M05,1835086223,57,329,0.988444552935702,0.9884445552671186,0.15812821897393303,0.988444552935702,0.04,0.8047581696748715,0.7182144878665983,0.886713486941216,1.0064807040320392,330,0.36515842410191546,0.16343749763114968,0.07003049606456324,0.2714186119291266,0.10081338051885898,0.029141589754385966,0.2,0.026,True,True,0.2400000000000001,0
M05,1835086223,58,330,0.9882496081090506,0.988260888145037,0.0905909670372538,0.9882496081090506,0.22925,0.8051222506928241,0.7095068709094741,0.8907014684763879,0.9893788178304199,333,0.027538842952570863,0.23267458288519494,0.1635808603326168,0.27217292114044994,0.2632966511464672,0.04073614154270022,0.0,0.22925,True,True,0.27000000000000013,0
M05,1835086223,59,333,0.9693052222546312,0.9886671298197908,0.03130737362205353,0.9693052222546312,0.5585,0.8032084725678534,0.7039843503150451,0.901631321628749,0.9720883395483801,340,0.061910286888059565,0.22749957114170122,0.03745247975325541,0.2976204032979919,0.3144422393198893,0.06107501959910267,0.6,0.4325,True,True,0.30000000000000016,0
M05,1835086223,60,340,0.9921579638702916,0.9922091395056254,0.07858524828810291,0.9921579638702916,0.29175,0.8014850969440362,0.7012838391788588,0.902479717127141,0.9695292800112344,340,0.09373382974457449,0.23836662478307222,0.14250146118374812,0.2265828506767528,0.2550576383063342,0.043757595305517955,0.4,0.23575000000000002,True,True,0.3300000000000002,0
M05,1835086223,61,340,0.9901814777910501,0.9929760967838448,0.046749606380960186,0.9901814777910501,0.453,0.7993872932109224,0.7085291245491224,0.912231745414427,0.9716174025889696,348,0.21636846661508108,0.1745236287411051,0.09358421435908532,0.19886106159008207,0.30134815662702663,0.015314472067619782,0.2,0.439,True,True,0.3600000000000002,0
M05,1835086223,62,348,0.9921597127932855,0.9921709683721966,0.09063967670425989,0.9921597127932855,0.24225000000000002,0.7964701821395613,0.7139486894782398,0.9053857429605696,0.9900652732212167,342,0.19807526445716814,0.15304494225410128,0.12678631931702036,0.26168829890520434,0.2218858604379265,0.03851931462857944,0.0,0.24225000000000002,True,True,0.39000000000000024,0
M05,1835086223,63,342,0.9935561508232967,0.9936075183930877,0.07856666054008299,0.9935561508232967,0.3015,0.7935778466388197,0.7163910022141935,0.9148471686645127,0.9867611411646353,326,0.1642468401233219,0.13550971360096378,0.0009606090569946778,0.2436508182459346,0.3259300313148342,0.12970198765795088,0.4,0.2455,True,True,0.42000000000000026,0
M05,1835086223,64,326,0.9898430783914631,0.9902329820258665,0.06240536323509496,0.9898430783914631,0.37475,0.794871639866334,0.7197055208361378,0.9159309067915664,0.9885419824559155,326,0.17667585915817488,0.16911765844434132,0.04720479377370378,0.34274741081042664,0.2628422749675252,0.0014120028458282387,0.6,0.24875,True,True,0.45000000000000023,0
M05,1835086223,65,326,0.9897950008956056,0.9897968662580157,0.10492811356618302,0.9897950008956056,0.178,0.7950137764459553,0.7291872916528165,0.9010855810156788,1.0178842546553821,322,0.2558380857310689,0.16473170353018998,0.05072058594476222,0.29538063273533866,0.18373882451634543,0.049590167542294776,0.6,0.052,True,True,0.48000000000000026,0
M05,1835086223,66,322,0.990618080121474,0.9906195323883844,0.10692736946000704,0.990618080121474,0.18125,0.7971780199302753,0.7279698998279684,0.9063963041664097,1.0074882289477374,318,0.12802465947240987,0.16020705059615767,0.010636891773553583,0.3615722401509086,0.2770964062614939,0.062462751745476504,0.6,0.05525,True,True,0.5100000000000002,0
M05,1835086223,67,318,0.990834749476928,0.9909029165701962,0.07629262136152792,0.990834749476928,0.3145,0.8016986334240706,0.7256996525402652,0.9114939480208625,0.993097714464499,310,0.11410309629619078,0.2789343355556663,0.06477049430801962,0.2000202413164089,0.27868637135546853,0.06348546116824594,0.4,0.2585,True,True,0.5400000000000001,0
M05,1835086223,68,310,0.9432382458194613,0.9904528446963367,0.024226162727553187,0.9432382458194613,0.61175,0.8045296459475815,0.7275540618369348,0.9194465685506917,0.9835506311010809,307,0.16424239904603496,0.178134123792958,0.034216254559375874,0.20183377984889891,0.29551007665957735,0.12606336609315497,1.0,0.26175000000000004,True,True,0.5700000000000001,0
M05,1835086223,69,307,0.9922609873277485,0.9922610447341003,0.1326573703727216,0.9922609873277485,0.079,0.808564626411039,0.7283052295393497,0.9116528046641287,0.9880279226550446,303,0.15161088492827027,0.1920884468720742,0.1420304774060097,0.23955797770790255,0.2207544648425307,0.053957748243212464,0.2,0.065,True,True,0.6,0
M05,1835086223,70,303,0.9902197933339392,0.9902581215382205,0.08087065939414881,0.9902197933339392,0.28225,0.8079677315330999,0.7354717299250733,0.9003868991396686,1.0109805498844275,301,0.23227202328363805,0.24804547557811069,0.01001282319618297,0.2879658354322086,0.1994968747097643,0.02220696780009532,0.2,0.26825,True,True,0.6299999999999999,0
M05,1835086223,71,301,0.9919809626656796,0.9919810910451062,0.12624857573976675,0.9919809626656796,0.08549999999999999,0.807847623260264,0.7365312929949589,0.903434690369407,1.0091715278964566,305,0.16041436957674168,0.1692725060250865,0.0758863403134296,0.24763241659849142,0.26543240571852644,0.08136196176772445,0.2,0.0715,True,True,0.6599999999999998,0
M05,1835086223,72,305,0.9918639624085996,0.9919281290746891,0.07678226291540903,0.9918639624085996,0.29875,0.8072779396900317,0.749704728345211,0.8808922348212155,1.0542518784580814,308,0.3291692180019665,0.20247614132297903,0.04079543190510716,0.27625922559911303,0.13900506744374547,0.012294915727088894,0.8,0.07475,True,True,0.6899999999999997,0
M05,1835086223,73,308,0.9793584517994883,0.9854093780412311,0.04053943446408849,0.9793584517994883,0.502,0.7958417436995289,0.7429049231819046,0.8928030113390939,1.0455646097581686,311,0.07106789067442684,0.15118043860583208,0.1600230835787154,0.23721170447716056,0.3389659687717989,0.041550913892066325,0.8,0.278,True,True,0.7199999999999996,0
M05,1835086223,74,311,0.9862175637557621,0.9862801583906168,0.0769342532495427,0.9862175637557621,0.28125,0.788032954216581,0.7336966662752192,0.9035227102051845,1.0304646390448957,311,0.036712365655122696,0.14579410578829333,0.014988298253119493,0.3727308150243968,0.36816502436353316,0.061609390915534565,0.0,0.28125,True,True,0.7499999999999996,0
M05,1835086223,75,311,0.9880323073706662,0.9892967324384836,0.05303301876475561,0.9880323073706662,0.4105,0.7891227306639356,0.7426727396233546,0.8824951732039101,1.0664502269376583,311,0.2582613332737041,0.15887426372877633,0.023003595859169865,0.31051949335288326,0.14662367009622068,0.10271764368924573,0.6,0.2845,True,True,0.7799999999999995,0
M05,1835086223,76,311,0.9905946048837778,0.9907282590605269,0.07093174947066266,0.9905946048837778,0.31175,0.794394304675848,0.7402371918357828,0.8748840111022214,1.0650850776991503,311,0.12122611491994967,0.21283545544504076,0.009496211863820837,0.3426782664641696,0.20319177609351133,0.11057217521350773,0.8,0.08775,True,True,0.8099999999999994,0
M05,1835086223,77,311,0.9907211281779975,0.9907215559462276,0.11665778465070066,0.9907211281779975,0.105,0.7943012332875891,0.7321499803833662,0.8873956099919992,1.03871772425916,313,0.04905810174215678,0.23286521601386204,0.09560893392322609,0.2694077233439736,0.33536056475298287,0.017699460223798744,0.2,0.091,True,True,0.8399999999999993,0
M05,1835086223,78,313,0.9787079392408259,0.9904579516889581,0.03529746483752191,0.9787079392408259,0.50825,0.7920649426948685,0.7285336531891475,0.8907554313227662,1.0325957834112838,320,0.09988964781187118,0.16690449166615667,0.11431984366878961,0.22942711987634526,0.2604969116498351,0.12896198532700218,0.2,0.49425,True,True,0.8699999999999992,0
M05,1835086223,79,320,0.9638241816475297,0.9893242604175866,0.02912066548128378,0.9638241816475297,0.5535,0.791392849345031,0.7406345848127961,0.8719030973674934,1.0733556476614343,310,0.29409517853882405,0.15012872936984933,0.038455481617570064,0.2903773631272245,0.151116045885019,0.07582720146151309,0.4,0.4975,True,True,0.8999999999999991,0
M05,1835086223,80,310,0.9902202439901722,0.9903615953685837,0.07048309332933424,0.9902202439901722,0.31475000000000003,0.797707872519957,0.748321649069002,0.8618317425250611,1.0884837398294183,309,0.24648491871057157,0.24538274769689555,0.006783974936606137,0.2652719276716927,0.1855947744715853,0.0504816565126486,0.2,0.30075,True,True,0.929999999999999,0
M05,1835086223,81,309,0.9879532985854647,0.9879536319646646,0.1186199685479659,0.9879532985854647,0.104,0.7841590505908954,0.7425503655155151,0.875648568272555,1.0814138189076925,303,0.08305998624953974,0.12393442005967914,0.0683526790258237,0.28488174878332717,0.38019570022507876,0.05957546565655152,0.0,0.104,True,True,0.9599999999999991,0
M05,1835086223,82,303,0.9875790666911765,0.9875819103195288,0.10155411029376338,0.9875790666911765,0.16325,0.7905237503321523,0.7434682032327817,0.8822186450270633,1.0660344631190142,298,0.16306694991302956,0.18949512572817817,0.10029379735709364,0.2073693947859408,0.27067466790881906,0.06910006430693884,0.4,0.10725,True,True,0.9899999999999991,0
M05,1835086223,83,298,0.9935895714345492,0.9936075291142121,0.08693261325938274,0.9935895714345492,0.2365,0.7950865489602691,0.7437223517063072,0.8850232051557181,1.0569191569266772,298,0.1553444829395567,0.25052421629899424,0.01090270837778012,0.2870319105773735,0.2551321231568057,0.0410645586494898,0.6,0.1105,True,True,1.0199999999999991,0
M05,1835086223,84,298,0.9857751147662884,0.9901914075917254,0.04308468308030332,0.9857751147662884,0.46375,0.7904446679708256,0.7355263076815938,0.8965208846401462,1.0379258433515735,303,0.049875919507524194,0.2026496192343462,0.01157224431472098,0.2984037619377535,0.3904205291520129,0.04707792585364219,1.0,0.11374999999999999,True,True,1.0499999999999992,0
M05,1835086223,85,303,0.980297058800274,0.9927731556313036,0.03483876170230002,0.980297058800274,0.517,0.7847230561256481,0.7366534937723457,0.8925884416097788,1.0517089779688304,311,0.1612937684353945,0.16317048519677352,0.06184981763163059,0.3178259153560113,0.22859822716823566,0.06726178621195453,0.0,0.517,True,True,1.0799999999999992,0
M05,1835086223,86,311,0.9888123001600727,0.9890788874883792,0.06542248306048061,0.9888123001600727,0.33425000000000005,0.7816231074765196,0.7475804790208707,0.8914732560831118,1.0728827021462903,316,0.2844957492142784,0.17128838716004088,0.022999372772033195,0.21386245431677975,0.24071829317155408,0.0666357433653138,0.2,0.32025000000000003,True,True,1.1099999999999992,0
M05,1835086223,87,316,0.9889408575320844,0.9895329074565368,0.05907487920530414,0.9889408575320844,0.3795,0.7860205307182981,0.7469276794091809,0.8761065549484542,1.084645288512975,316,0.14657780424192282,0.2184813645579536,0.03382264768803906,0.31516789105458326,0.16890312236826824,0.11704717008923311,0.4,0.3235,True,True,1.1399999999999992,0
M05,1835086223,88,316,0.8957879092416399,0.9900589231752125,0.018718838267328577,0.8957879092416399,0.65275,0.7861099308821237,0.7460772705381273,0.8840334174430513,1.0735736521536006,319,0.14369968874256853,0.2230580131774845,0.07288844861989328,0.23583703852289467,0.27768758994721265,0.04682922098994637,0.6,0.52675,True,True,1.1699999999999993,0
M05,1835086223,89,319,0.9912162300248593,0.9912167527958621,0.11506527394057459,0.9912162300248593,0.14400000000000002,0.7931708738078146,0.7414767745954335,0.8956300756987462,1.0437635467132282,314,0.09629209480265699,0.20876559668060513,0.07847257556435427,0.2935954505033014,0.3198414015180389,0.0030328809310433886,0.2,0.13,True,True,1.1999999999999993,0
M05,1835086223,90,314,0.9714765244647176,0.9898519910962107,0.03173314922915785,0.9714765244647176,0.53325,0.7974142237960201,0.7325627634407236,0.9060670681288716,1.0139125893329828,309,0.03949784468827201,0.29803361708633225,0.043915715636889716,0.2872380011373219,0.30870230519561664,0.022612516255567466,0.0,0.53325,True,True,1.2299999999999993,0
M05,1835086223,91,309,0.983280320800748,0.9877332209212366,0.042999187075507615,0.983280320800748,0.4625,0.7997714458874413,0.7254595580917219,0.9063622983185542,1.0007958146592666,301,0.05656166028793193,0.2222681820509347,0.0329958444764186,0.341707606422102,0.25450968501284854,0.09195702174976414,0.6,0.3365,True,True,1.2599999999999993,0
M05,1835086223,92,301,0.9600478217995592,0.9877195085187921,0.028457180537332614,0.9600478217995592,0.55375,0.8050985919098845,0.7215341834991749,0.9157260684866988,0.9786834998258671,305,0.09184504140048746,0.1778295785465996,0.04255753912450195,0.20569922850868816,0.3695961045692087,0.11247250785051427,0.2,0.53975,True,True,1.2899999999999994,0
M05,1835086223,93,305,0.9890118543795768,0.9893627012139405,0.06323854911662317,0.9890118543795768,0.34299999999999997,0.803517835388583,0.7127446626627065,0.9204362006744561,0.9637064410056196,310,0.02858985423112955,0.22124536745534673,0.02465333074516533,0.3808317150872044,0.2814136951821356,0.06326603729901838,0.0,0.34299999999999997,True,True,1.3199999999999994,0
M05,1835086223,94,310,0.9828602032798921,0.987753050733658,0.0422493578585343,0.9828602032798921,0.47225,0.8018523106736796,0.706366649505518,0.9283925806070105,0.9488643721703339,316,0.05324024969933487,0.25855771438450953,0.04163344180777171,0.2426090564029183,0.3110927523793702,0.09286678532609527,0.6,0.34625,True,True,1.3499999999999994,0
M05,1835086223,95,316,0.9942161919333801,0.994218442510472,0.10346923794589719,0.9942161919333801,0.1635,0.7993757588412854,0.7014952264582244,0.9338435857739649,0.9397224577374053,316,0.0680863678497785,0.15496120466606983,0.1086469368312617,0.26016675469431,0.2914513161382772,0.11668741982030278,0.2,0.1495,True,True,1.3799999999999994,0
M05,1835086223,96,316,0.9440816735277215,0.9920958915571627,0.02410567487023249,0.9440816735277215,0.6087500000000001,0.8006537227399108,0.6997436275161891,0.9404592271965684,0.9292963961921412,313,0.10403952976094943,0.28400963138280944,0.0706552631869498,0.21890605480963715,0.3013554855299475,0.021034035329706668,0.4,0.5527500000000001,True,True,1.4099999999999995,0
M05,1835086223,97,313,0.8428578485501769,0.9892244449208977,0.01521016569325231,0.8428578485501769,0.682,0.8030584433760447,0.7002606034402525,0.9464133044769115,0.9213649862794612,316,0.1313019662484107,0.22727479516413773,0.00041606025058916,0.28943416053216675,0.3398426345880698,0.011730383216625787,0.6,0.556,True,True,1.4399999999999995,0
M05,1835086223,98,316,0.9631789344426739,0.9910715792300443,0.028420840612491345,0.9631789344426739,0.55925,0.7909689975052288,0.7096703533984385,0.9442248900779309,0.9502147269850467,314,0.24278475162748273,0.1408856484139762,0.15945656433319386,0.14166179772271825,0.2622645802435523,0.05294665765907665,0.0,0.55925,True,True,1.4699999999999995,0
M05,1835086223,99,314,0.9875475959407005,0.9875506990163344,0.10085884122071358,0.9875475959407005,0.1625,0.7778166539190434,0.7241868357285166,0.9227318603501294,1.0090155796589524,315,0.3469853314194341,0.13110335281997537,0.0711300614514044,0.2759813078447097,0.16464729639995843,0.010152650064518074,0.0,0.1625,True,True,1.4999999999999996,0
M05,1835086223,100,315,0.949459938468883,0.9859190415821587,0.026247416479624287,0.949459938468883,0.57975,0.7674095953402961,0.7362215659987185,0.9126661312392562,1.0511613296543791,312,0.29055090070784645,0.1358235485569085,0.08446888930441308,0.22020339955184534,0.2110372846206988,0.05791597725828775,0.2,0.56575,True,True,1.5299999999999996,0
M05,1835086223,101,312,0.9880219915430842,0.9881923456402899,0.06898004711108172,0.9880219915430842,0.295,0.7677784741880467,0.7352482660527618,0.9084925297706663,1.0540876293104722,325,0.13547222942474077,0.19254522723052958,0.039970067013291255,0.30523198985436767,0.2354650582766786,0.09131542820039219,0.6,0.16899999999999998,True,True,1.5599999999999996,0
M05,1835086223,102,325,0.98774740438353,0.990315554005724,0.04740095681594753,0.98774740438353,0.42824999999999996,0.7643697640544264,0.7292189749285595,0.9176432767935997,1.0396342398461453,336,0.071664027230447,0.15172353337227737,0.016251056526371075,0.23120483294477048,0.30159035505555515,0.22756619487057905,0.4,0.37224999999999997,True,True,1.5899999999999996,0
M05,1835086223,103,336,0.9407329454800312,0.9896798037231368,0.02393312977609652,0.9407329454800312,0.5895,0.7662126843564032,0.7372559278527232,0.9116709081946617,1.0554334139154065,349,0.24372377088239697,0.22473615317281362,0.052981385797337105,0.23382722026143166,0.22895979540210978,0.01577167448391087,0.2,0.5755,True,True,1.6199999999999997,0
M05,1835086223,104,349,0.9882753332466683,0.990063151241121,0.050281985484045284,0.9882753332466683,0.39275000000000004,0.750336469423019,0.7451384525719306,0.9165563169793779,1.0834821607365677,345,0.24681651389804374,0.12212760953568903,0.10017895807775284,0.20067123712284407,0.28026249802091185,0.04994318334475848,0.2,0.37875000000000003,True,True,1.6499999999999997,0
M05,1835086223,105,345,0.8774947917851529,0.9897297371589869,0.0173277898023771,0.8774947917851529,0.6380000000000001,0.7584310571705667,0.7434536039938827,0.9153375480012322,1.070918656494781,346,0.1321509256318583,0.2950825781146598,0.012560310695657101,0.2632594722608632,0.2521843135989608,0.044762399698000735,0.4,0.5820000000000001,True,True,1.6799999999999997,0
M05,1835086223,106,346,0.7680404932045886,0.9930019886496777,0.011819146467553584,0.7680404932045886,0.71125,0.7615564533379882,0.7458096525813178,0.9199544181585074,1.0645341247608575,344,0.1816091098391156,0.165173028732099,0.040056180977025554,0.2501906513929374,0.28075312478699227,0.08221790427183014,0.6,0.58525,True,True,1.7099999999999997,0
M05,1835086223,107,344,0.9612864505183165,0.988543335245926,0.0285840428986368,0.9612864505183165,0.5385,0.7455089194550828,0.7554722818997527,0.9264154591650956,1.0938553554603676,347,0.27441389934375987,0.1290884613355306,0.039229883852202066,0.1351100964395317,0.2922824141121948,0.1298752449167812,1.0,0.1885,True,True,1.7399999999999998,0
M05,1835086223,108,347,0.9882298105954573,0.9917603581174035,0.044879129872103185,0.9882298105954573,0.40575000000000006,0.7313837384961425,0.7574887911004347,0.9256224560317016,1.118914826064074,342,0.18487654119586944,0.12102705620208956,0.12093003668548644,0.2440307850762222,0.2592427139155777,0.06989286692475472,0.2,0.39175000000000004,True,True,1.7699999999999998,0
M05,1835086223,109,342,0.8569388226896107,0.9872207087327644,0.016120689491756785,0.8569388226896107,0.651,0.7361626872953597,0.7482382784822897,0.928732295232174,1.0943987116697387,341,0.04529908671095971,0.18705952424066358,0.007506840402971982,0.4817741141548848,0.27836042401821315,1.0472306865951535e-08,0.4,0.595,True,True,1.7999999999999998,0
M05,1835086223,110,341,0.9866303767374701,0.986947025892047,0.0640354380512436,0.9866303767374701,0.32425,0.7333661878613894,0.749639407272353,0.9132995059348177,1.1192273213359165,349,0.1726630339272225,0.19102360371683458,0.23648565815011208,0.20494684528010704,0.18720220112930522,0.007678657796418665,0.6,0.19824999999999998,True,True,1.8299999999999998,0
M05,1835086223,111,349,0.9839344916673064,0.9908148026142188,0.039560488380097195,0.9839344916673064,0.45749999999999996,0.7250625522417876,0.7455965382586597,0.9115359637988713,1.1281181837330139,344,0.10548876687405412,0.12981832943573235,0.058076339987567484,0.2652901940968276,0.24783204228767644,0.19349432731814206,0.4,0.40149999999999997,True,True,1.8599999999999999,0
M05,1835086223,112,344,0.9903788233581072,0.990862376901827,0.06069691596554257,0.9903788233581072,0.33075,0.7346509119144049,0.7369318871267452,0.9203823674189842,1.0898783785840844,339,0.045189697262731116,0.18859061774947888,0.020068698322498236,0.28201755902998416,0.4622905639163328,0.0018428637189749195,0.6,0.20475,True,True,1.89,0
M05,1835086223,113,339,0.9869892815046022,0.9900485375482322,0.046005907674159185,0.9869892815046022,0.40800000000000003,0.7428823360630961,0.7355752083088889,0.9181369965058173,1.0784488798744838,334,0.1311239442310121,0.1801518327941824,0.11981281795587449,0.3040087404706669,0.24896432914365782,0.015938335404606402,0.0,0.40800000000000003,True,True,1.92,0
M05,1835086223,114,334,0.8961208189278566,0.9913801701362142,0.01864643501874539,0.8961208189278566,0.6352500000000001,0.7451895180908938,0.743311305087256,0.9071102291412592,1.0996233068975805,331,0.24393571492264454,0.1612783275564386,0.06805526364643238,0.2369288088432177,0.2039346614301184,0.08586722360114839,0.8,0.41125,True,True,1.95,0
M05,1835086223,115,331,0.9864126272065521,0.9928047724247252,0.04016227261994413,0.9864126272065521,0.4385,0.7503964505322263,0.7409625064018598,0.9163992062271332,1.0775086301431738,332,0.12270958211208342,0.18623726646835215,0.04769436199870857,0.20800036854390402,0.3996217314330883,0.03573668944386345,0.8,0.2145,True,True,1.9799999999999998,0
M05,1835086223,116,332,0.9763216408908513,0.9880434671659866,0.035297154241154975,0.9763216408908513,0.47375,0.7401311673663086,0.7507487029376286,0.9224153909129967,1.0996623519653568,340,0.2729290231982726,0.13192278269478902,0.09943032303155422,0.1551169346300017,0.2882805265428844,0.05232040990249809,0.4,0.41775,True,True,2.01,0
M05,1835086223,117,340,0.9909456992941753,0.9910841954133869,0.07065133665596936,0.9909456992941753,0.277,0.7472064484159779,0.7513733488329906,0.9301738518216971,1.0810631117583502,340,0.16452601302804132,0.1698842098583822,0.028233463485833762,0.32886951742056486,0.3079576998589291,0.0005290963482487449,0.4,0.221,True,True,2.04,0
M05,1835086223,118,340,0.9913031929395713,0.9913603342498825,0.07770072779814963,0.9913031929395713,0.23825,0.7510404444242944,0.7539657285422678,0.9371564666395273,1.071213838051025,332,0.18951308938658584,0.15369082919992577,0.0854288686534065,0.21906479249497762,0.3188282154336157,0.03347420483148857,0.2,0.22424999999999998,True,True,2.0700000000000003,0
M05,1835086223,119,332,0.9842832386876388,0.990054262463662,0.04095387137073033,0.9842832386876388,0.4415,0.7541924198979006,0.7635155935477158,0.9404698725590211,1.076442559844839,328,0.27810189290701703,0.17150137671073803,0.056244737683889046,0.15573687451176216,0.2851452629172329,0.05326985526936075,0.2,0.4275,True,True,2.1000000000000005,0
M05,1835086223,120,328,0.9565970648451131,0.9896623420797285,0.027055340505001187,0.9565970648451131,0.55675,0.7510641780661228,0.7653622089973757,0.946422885303119,1.076724839759426,323,0.1877799390880712,0.14340519142746835,0.009413803896738859,0.23672933307983515,0.38789163607011357,0.03478009643777301,0.6,0.43074999999999997,True,True,2.130000000000001,0
M05,1835086223,121,323,0.9857611593006811,0.9901809905087648,0.043078224191196765,0.9857611593006811,0.448,0.7567860968056794,0.7735230724960228,0.9426571405821769,1.0842922802198685,309,0.2678621743564485,0.1486193412918024,0.05771161969935082,0.1966722843406628,0.25438271904684856,0.07475186126488696,0.2,0.434,True,True,2.160000000000001,0
M05,1835086223,122,309,0.9275603576676126,0.9908156671589918,0.021900947830908204,0.9275603576676126,0.5872499999999999,0.7566968508693306,0.7703818931642529,0.9483914265239591,1.0734863359879185,300,0.13168717866289,0.13876980477433362,0.021600262349586712,0.23640584281488733,0.3359913438941408,0.13554556750416155,1.0,0.23725,True,True,2.1900000000000013,0
M05,1835086223,123,300,0.8672267051413347,0.9883548242389261,0.016709733234009646,0.8672267051413347,0.6545000000000001,0.7481112929401058,0.769210297516289,0.9453603387973807,1.0876308079765475,309,0.15434373762810916,0.13748923696127793,0.01154103908131794,0.3917277208450935,0.2590402746290871,0.045857990855114474,0.2,0.6405000000000001,True,True,2.2200000000000015,0
M05,1835086223,124,309,0.9914952807792767,0.991828021825737,0.0636801258154188,0.9914952807792767,0.29975,0.7240791575230942,0.7593512928129913,0.9508243049176426,1.102951499564306,301,0.04501887715645945,0.0937006792706108,0.05021168498260006,0.29588046548754465,0.49011488452672236,0.025073408576062765,0.4,0.24375,True,True,2.2500000000000018,0
M05,1835086223,125,301,0.9916243618059317,0.9917909316371047,0.06918780138732085,0.9916243618059317,0.247,0.7176676157564851,0.7607564444345798,0.9557418744258783,1.1091280176952285,299,0.17965895327797599,0.12861698039451813,0.010872493095598016,0.2799869461535122,0.339961343655408,0.060903283422987696,0.0,0.247,True,True,2.280000000000002,0
M05,1835086223,126,299,0.5710470080059242,0.9882509453472859,0.006864462178896952,0.5710470080059242,0.77625,0.7292164041952256,0.7600846447849985,0.9507368991656503,1.0963397976560314,295,0.15457528215184546,0.164973369428415,0.06613188682633814,0.3481454836909995,0.2528460609117989,0.013327916990602998,0.6,0.65025,True,True,2.3100000000000023,0
M05,1835086223,127,295,0.9834449939560775,0.9866417417181647,0.04562852705940586,0.9834449939560775,0.3795,0.6999597058294686,0.7645688620333877,0.9556632092490853,1.1429801810053675,297,0.21860561859548883,0.09100000406156565,0.022232206704000973,0.2696575015559082,0.37881611605369697,0.01968855302933936,0.6,0.2535,True,True,2.3400000000000025,0
M05,1835086223,128,297,0.9898594439306492,0.9902928430507172,0.06156399133538458,0.9898594439306492,0.27075,0.7067426870736118,0.7571160365234092,0.9600968883241768,1.1157992356595219,298,0.07219521989613559,0.1722049377572677,0.09358050872755251,0.23214162231803512,0.32795909285934666,0.1019186184416625,0.2,0.25675,True,True,2.3700000000000028,0
M05,1835086223,129,298,0.8420931081031677,0.9902335674669331,0.015122390981785947,0.8420931081031677,0.66,0.7195006760195771,0.7679752396723565,0.9616002944270602,1.1099960266676636,299,0.2964375621889721,0.17396891239929546,0.003518158847925596,0.16571320442314832,0.2875654746765052,0.0727966874641534,0.0,0.66,True,True,2.400000000000003,0
M05,1835086223,130,299,0.9107433944575521,0.9886421633082231,0.020225932015720788,0.9107433944575521,0.58925,0.705247327181355,0.7795764776887386,0.9416747075891505,1.1738601832554387,296,0.3238010668268501,0.11630407723217252,0.14767829553560163,0.20786502604339357,0.18117221302398165,0.02317932133800064,0.6,0.46325,True,True,2.4300000000000033,0
M05,1835086223,131,296,0.9847355607473187,0.9889128746939473,0.04351723467954437,0.9847355607473187,0.3925,0.716265642436385,0.774996630499907,0.9380909091298824,1.1534021786393864,297,0.11748720869506676,0.33059222438661645,0.002302777624345588,0.28868850503100346,0.25291836149823427,0.008010922764733506,0.6,0.2665,True,True,2.4600000000000035,0
M05,1835086223,132,297,0.7616096141956662,0.9895112073432503,0.011687755511539302,0.7616096141956662,0.6937500000000001,0.7166330637576236,0.7773923474720091,0.930534467380125,1.1657648472556283,304,0.20181935621371871,0.15292490931246866,0.027007125469822677,0.3580859191953586,0.23126324581615443,0.028899443992476962,0.8,0.46975,True,True,2.4900000000000038,0
M05,1835086223,133,304,0.7412006563647456,0.9909002971238192,0.010971810431280761,0.7412006563647456,0.6970000000000001,0.7130489028603215,0.7824618961169283,0.9374810206421125,1.1705268968637321,312,0.23673957523149528,0.14403375801999624,0.04762040422713655,0.16582989339862042,0.35226013333392836,0.05351623578882321,0.8,0.473,True,True,2.520000000000004,0
M05,1835086223,134,312,0.9082662890220126,0.9859399020604999,0.020227185738466828,0.9082662890220126,0.60225,0.7220843192796749,0.7878539440027773,0.9437329185779012,1.156135389978825,311,0.24393928364619316,0.2348515864716172,0.013496457170800096,0.0945963278292425,0.36886577342446847,0.04425057145767863,0.6,0.47625,True,True,2.5500000000000043,0
M05,1835086223,135,311,0.6549503030470348,0.9848079231982034,0.008706614688136372,0.6549503030470348,0.7355,0.7214652280726828,0.7915291735540381,0.9273181064001778,1.1831036170343392,316,0.2258490843924948,0.15104528831336372,0.07824853777757508,0.22656956002505,0.18979239840033357,0.1284951310911828,0.4,0.6795,True,True,2.5800000000000045,0
M05,1835086223,136,316,0.9781203746576645,0.9895492895258022,0.03551071466177008,0.9781203746576645,0.48275,0.7302390027448374,0.789619385513048,0.906636407056852,1.192668150777336,312,0.15833338295889862,0.2792070742608502,0.09868619148383044,0.29091860098877464,0.16025055648345998,0.012604193824186016,0.0,0.48275,True,True,2.6100000000000048,0
M05,1835086223,137,312,0.77821300111725,0.9871431214858841,0.012360525345196407,0.77821300111725,0.6859999999999999,0.7158551286466652,0.790397973910686,0.9092723305732561,1.2143019767224623,306,0.1907444709161295,0.11260436265730309,0.1585439160464813,0.26413871878269374,0.26649782111044645,0.007470710486945848,0.0,0.6859999999999999,True,True,2.640000000000005,0
M05,1835086223,138,306,0.9879704499852542,0.9886546239983405,0.0579166143071263,0.9879704499852542,0.30325,0.7191268824704835,0.7880020887804574,0.9086205270619279,1.2059777655768542,309,0.15155016956632175,0.2067552007586238,0.06271376374420938,0.3076930967309668,0.25137714772998687,0.019910621469891376,0.2,0.28925,True,True,2.6700000000000053,0
M05,1835086223,139,309,0.6160122133998704,0.9882892883705072,0.00777171615389476,0.6160122133998704,0.7485,0.6988157989526923,0.7838548684156059,0.9177584743557351,1.2222063664967138,298,0.1281610509271417,0.10245083671777955,0.057791779477326416,0.2639636910915903,0.3399022108968432,0.1077304308893188,0.4,0.6925,True,True,2.7000000000000055,0
M05,1835086223,140,298,0.8852278692015703,0.9879425299765561,0.01801898026991071,0.8852278692015703,0.62175,0.6967253905369583,0.7937726542214245,0.9252187397511273,1.2313742710276956,298,0.30138161533248614,0.14482678633045493,0.044649645829696334,0.16316702145095838,0.2961805641548285,0.04979436690157575,0.6,0.49575,True,True,2.7300000000000058,0
M05,1835086223,141,298,0.7122775849573301,0.9897543606976587,0.010122982987698087,0.7122775849573301,0.6990000000000001,0.6866070650263872,0.7865012099658482,0.9326968657760146,1.2281477298922978,301,0.0927148556936859,0.13247405589834843,0.04851011682188703,0.3237116506193278,0.36607802206164225,0.036511298905108645,0.0,0.6990000000000001,True,True,2.760000000000006,0
M05,1835086223,142,301,0.9844665728863813,0.9856817034608809,0.05332041850055209,0.9844665728863813,0.31625,0.6828520189485083,0.7918083853719017,0.9159078791961258,1.2660233152726001,301,0.24540294880432376,0.12841973648219154,0.1053602769536309,0.2843884126242065,0.18240349998856342,0.05402512514708388,0.2,0.30224999999999996,True,True,2.7900000000000063,0
M05,1835086223,143,301,0.9804492289246192,0.984262712117001,0.04420508115688415,0.9804492289246192,0.3615,0.6821131933130237,0.78924278439181,0.9193463839977725,1.258563110798106,301,0.1503102286062919,0.14270691696166465,0.10525743338088761,0.2894849282637459,0.2751464636062963,0.03709402918111368,0.4,0.3055,True,True,2.8200000000000065,0
M05,1835086223,144,301,0.9857580069299661,0.9866079690889656,0.056172945345628535,0.9857580069299661,0.32275,0.6902803194068767,0.7864550474882864,0.9274117455979952,1.228501866922468,303,0.1459300289508378,0.2846793017258253,8.70912069724026e-06,0.19131591347971186,0.3780526697915214,1.3376931406516841e-05,0.2,0.30874999999999997,True,True,2.8500000000000068,0
M05,1835086223,145,303,0.5174417565247852,0.9902678509404127,0.005884467969108981,0.5174417565247852,0.768,0.6844739254646226,0.7942478066402986,0.9217609625213632,1.2588697683856194,310,0.27644389408033104,0.15263289638228722,0.1055976627637415,0.17947035717160953,0.2354519574158376,0.05040323218619321,0.4,0.712,True,True,2.880000000000007,0
M05,1835086223,146,310,0.6445903928779508,0.9908600422428525,0.008368868528117366,0.6445903928779508,0.7152499999999999,0.6656213729451812,0.8045354163082836,0.927005786887954,1.3038735126165235,307,0.34176980940718005,0.10846463248698984,0.0981898642315371,0.1518756723481576,0.2871046030936355,0.012595418432499894,0.0,0.7152499999999999,True,True,2.9100000000000072,0
M05,1835086223,147,307,0.9836708856317877,0.9887435433633095,0.04197005330590786,0.9836708856317877,0.3745,0.6725844538523184,0.8021329913457923,0.9282367694983363,1.2848155567025505,303,0.1603043231615358,0.18298694339346389,0.07181528424890353,0.26952663523285586,0.2696578064958889,0.04570900746735203,0.4,0.3185,True,True,2.9400000000000075,0
M05,1835086223,148,303,0.9260876466098221,0.9902959623257782,0.021777739228836492,0.9260876466098221,0.57775,0.6856863532314896,0.7921996346097795,0.9309359607926014,1.2410501312833215,298,0.0646661603909597,0.18696171124282385,0.20365891870768393,0.2650900207019193,0.2776143412204936,0.0020088477361195753,0.4,0.5217499999999999,True,True,2.9700000000000077,0
M05,1835086223,149,298,0.7927304593709805,0.9885680829288128,0.012887135717592235,0.7927304593709805,0.675,0.6966577376580387,0.8025896528792905,0.9179563291342544,1.2550241150023003,291,0.32451723308853714,0.2501932416041987,0.04629271098281834,0.15270344801117317,0.20056982210456553,0.02572354420870705,1.0,0.325,True,True,3.000000000000008,0
M05,1835086223,150,291,0.9483686249725551,0.9890463875300488,0.02540107417911474,0.9483686249725551,0.52825,0.6820403590560069,0.795453827523384,0.926160696220829,1.2592691232790247,288,0.09992071610072517,0.12656396136237347,0.033268338592100564,0.18047321633330665,0.3759489135940851,0.1838248540174089,0.0,0.52825,True,True,3.0300000000000082,0
M05,1835086223,151,288,0.4705861080854459,0.9847472596457104,0.005172841016253096,0.4705861080854459,0.7875000000000001,0.6810776999250193,0.7874021019049989,0.9314040961179277,1.2412571567483368,290,0.08401207197230148,0.1359953767997023,0.1644749687046349,0.2686198283051726,0.2892973475959084,0.05760040662228024,0.4,0.7315,True,True,3.0600000000000085,0
M05,1835086223,152,290,0.9207331241750265,0.9886726051633036,0.0213150582586761,0.9207331241750265,0.5907500000000001,0.6986726033476132,0.7905919838262091,0.9245051676375062,1.2239659879432185,283,0.2194998377057508,0.1784768918838589,0.0484259545444402,0.29018024697341077,0.23120740565685619,0.032209663235683195,0.4,0.5347500000000001,True,True,3.0900000000000087,0
M05,1835086223,153,283,0.9850935998238733,0.986264445343653,0.053620644013288046,0.9850935998238733,0.352,0.7055612777260678,0.7894116465471737,0.9320546508737556,1.2004039436379985,278,0.16686577390343788,0.19642121211107588,0.1476072435329322,0.14091538174035195,0.3456529091127036,0.002537479599498618,0.2,0.33799999999999997,True,True,3.120000000000009,0
M05,1835086223,154,278,0.930383761587724,0.9852627176189608,0.022986932278558532,0.930383761587724,0.55525,0.6863975713908955,0.7862950146491233,0.9348815542487129,1.2253303564732596,260,0.14192438036635416,0.09076268300674006,0.018426475705379912,0.41109928951902514,0.2801618423116643,0.057625329090836376,0.2,0.54125,True,True,3.1500000000000092,0
M05,1835086223,155,260,0.9050806378695756,0.98828544248359,0.019698530645845258,0.9050806378695756,0.6005,0.6899975760366552,0.7793033927379878,0.9294636701675012,1.215140742765027,257,0.09153911026650745,0.16425701896551612,0.039371428040837965,0.2535152915066851,0.2403513567182981,0.2109657945021551,0.4,0.5445,True,True,3.1800000000000095,0
M05,1835086223,156,257,0.9833291286029592,0.9867393916484833,0.04511465254315587,0.9833291286029592,0.36175,0.6645871204534042,0.7772801246810281,0.9365173031507511,1.2488487297901412,254,0.14927376974924772,0.10351925309745112,0.06049413289577828,0.26166770756388197,0.35121028848755265,0.07383484820608821,0.2,0.34775,True,True,3.2100000000000097,0
M05,1835086223,157,254,0.5644377745081213,0.9859905751266791,0.006763689697384407,0.5644377745081213,0.751,0.6788691987084642,0.7775844424272124,0.9265344479862772,1.2362317334653363,249,0.17710404975294594,0.16919008903489619,0.15902794569254322,0.27271245581319703,0.21834437575300586,0.003621083953411823,0.0,0.751,True,True,3.24000000000001,0
M05,1835086223,158,249,0.708571074147927,0.988918981489478,0.010034319671699017,0.708571074147927,0.70425,0.692968205747849,0.7739883694162144,0.9233658583380276,1.209615416337003,249,0.1285393638795335,0.2862532569453428,0.11955936131199353,0.19458167035780627,0.24742427575189124,0.023642071753432713,1.0,0.35425,True,True,3.2700000000000102,0
M05,1835086223,159,249,0.1668983673554118,0.985697823249737,0.0014766786907654704,0.1668983673554118,0.8835000000000001,0.6809559609077366,0.7691699776803449,0.92324865559216,1.2234454626104692,247,0.1110128341867645,0.10019184278271662,0.04373007405504239,0.4814433288068221,0.2610969154396754,0.002525004728979009,0.6,0.7575000000000001,True,True,3.3000000000000105,0
M05,1835086223,160,247,0.9037975845523084,0.9841263057598838,0.019944978913307664,0.9037975845523084,0.57475,0.662274020946466,0.7676693741796388,0.930923790032944,1.2451519891544183,244,0.14947369229138863,0.11382545944413192,0.037824464111206414,0.30177690402973206,0.31911386788571167,0.07798561223782936,0.2,0.56075,True,True,3.3300000000000107,0
M05,1835086223,161,244,0.7005194206032839,0.9858173336057574,0.00986999255071315,0.7005194206032839,0.6900000000000001,0.6581949449243272,0.7792859054706568,0.9083910054709932,1.3033752012362472,233,0.35323272757288726,0.12355361397231641,0.034280411525627365,0.2523020152613788,0.1527979722067176,0.08383325946107245,0.6,0.5640000000000001,True,True,3.360000000000011,0
M05,1835086223,162,233,0.976146566700719,0.9803927439018066,0.04331820386627097,0.976146566700719,0.36724999999999997,0.634424840462401,0.7730019298576059,0.9175519049238938,1.3279134135721744,228,0.09600399575602374,0.0912065944486074,0.1677856150859709,0.26821936830594817,0.32036283754556216,0.056421588857887575,0.0,0.36724999999999997,True,True,3.3900000000000112,0
M05,1835086223,163,228,0.4638280695348292,0.9851562927941161,0.005065954663529378,0.4638280695348292,0.7705,0.6469761668515043,0.773800371471737,0.9055880822469073,1.3207175621477838,225,0.1806067263376423,0.19143639765753837,0.10502940896089688,0.2617355731308271,0.1989568390770147,0.06223505483608069,0.0,0.7705,True,True,3.4200000000000115,0
M05,1835086223,164,225,0.6873682867117975,0.9854569491967505,0.009517976859485933,0.6873682867117975,0.69975,0.6392848424211744,0.7823696903231244,0.8932667135251979,1.3700501323190564,229,0.2782417178121792,0.13417324640814207,0.0496942148112798,0.26339403695800917,0.1911871975149064,0.08330958649548326,0.6,0.57375,True,True,3.4500000000000117,0
M05,1835086223,165,229,0.8839175554608641,0.9838455536003783,0.018204842855253672,0.8839175554608641,0.577,0.6471746392196572,0.7856082443785046,0.9039400421726781,1.3429038447000183,225,0.216962982144206,0.1370125115164419,0.07005883752353452,0.15914815755255401,0.35487828465019156,0.061939226613071954,0.0,0.577,True,True,3.480000000000012,0
M05,1835086223,166,225,0.5664150037958124,0.9874973146885969,0.006784733685447372,0.5664150037958124,0.73025,0.6294270294446107,0.7876070714703219,0.9069760186596202,1.3796483753689623,226,0.20349049138428132,0.10133271643309148,0.08037437314847934,0.2842969947391839,0.26714990352104956,0.06335552077391433,1.0,0.38025,True,True,3.510000000000012,0
M05,1835086223,167,226,0.9618984121996529,0.9852074353578016,0.029802613573735315,0.9618984121996529,0.4395,0.6104437580100266,0.791143251147958,0.9037823366832972,1.433988343448146,217,0.22395666563940286,0.10408452699577363,0.12545869111876218,0.2664923205208475,0.2375195994481951,0.04248819627701884,0.4,0.3835,True,True,3.5400000000000125,0
M05,1835086223,168,217,0.8016086216007218,0.9775874368960896,0.013649332530763123,0.8016086216007218,0.64275,0.6191093546196589,0.7963775090637376,0.9008303093883374,1.4279356295702184,220,0.24739275591471838,0.2119686515635009,0.031445519069206056,0.19723831209422762,0.23713103186684945,0.0748237294914976,0.4,0.58675,True,True,3.5700000000000127,0
M05,1835086223,169,220,0.7592915898907323,0.9798104232145446,0.01187146480542609,0.7592915898907323,0.646,0.611011771696775,0.7934610765445508,0.9041404739839475,1.4362833925255059,215,0.1487805366750013,0.11595870457518452,0.01738628229166583,0.34392307025273233,0.2669659776722191,0.10698542853319701,0.4,0.59,True,True,3.600000000000013,0
M05,1835086223,170,215,0.5064209867889174,0.9833852184797428,0.005759587244237189,0.5064209867889174,0.74325,0.6173451180223477,0.7974768071302644,0.890715052289106,1.4502779758436413,214,0.23360980516176458,0.14652886447475585,0.05217208019419858,0.28781601634345105,0.18494312851776618,0.09493010530806377,1.0,0.39325,True,True,3.630000000000013,0
M05,1835086223,171,214,0.7989980651515641,0.9824514267526445,0.013357725627015121,0.7989980651515641,0.6205,0.6231207326107988,0.7983564796201374,0.8737535602055744,1.4663434199958256,212,0.1969189105798286,0.14983417119001743,0.12079402603074856,0.2633233483078263,0.16055006572689523,0.10857947816468377,0.8,0.39649999999999996,True,True,3.6600000000000135,0
M05,1835086223,172,212,0.8646316686141744,0.9823892447430882,0.016886180964968068,0.8646316686141744,0.59975,0.6262570031915957,0.7918424214599983,0.8863782041850169,1.4264846436668217,214,0.10504707276084622,0.13557037476145706,0.02132922029595838,0.32036927578845814,0.3292168087879823,0.08846724760529798,0.0,0.59975,True,True,3.6900000000000137,0
M05,1835086223,173,214,0.855002252142663,0.9875529382672696,0.01598593992267582,0.855002252142663,0.627,0.6369575044930059,0.7934392943382175,0.8977403837665152,1.3875622762033097,219,0.2023624243902385,0.25032636997913443,0.016438148072149963,0.20671722344860755,0.3084736208629024,0.015682213246967093,0.8,0.40299999999999997,True,True,3.720000000000014,0
M05,1835086223,174,219,0.2716113823550579,0.981598302718829,0.0025785517933594963,0.2716113823550579,0.8302499999999999,0.6198805073852784,0.7853869411441605,0.9079663453898636,1.3954232177593395,220,0.0827451440356739,0.09385663066295967,0.0031002931726810444,0.4662377700149176,0.30855921113184487,0.04550095098192283,0.8,0.60625,True,True,3.750000000000014,0
M05,1835086223,175,220,0.19697021601513517,0.9902709254525082,0.001765355284018849,0.19697021601513517,0.8655,0.634840972836663,0.7908005242560086,0.8905681880732883,1.398733003801474,218,0.24603662711320107,0.19014179057565916,0.02735959704076576,0.32308586197050887,0.16699238611205536,0.04638373718780986,0.4,0.8095,True,True,3.7800000000000145,0
M05,1835086223,176,218,0.3391841730429486,0.9785150994294037,0.003387919476253522,0.3391841730429486,0.8267500000000001,0.6457403464341122,0.7969223531208702,0.8913394606342104,1.3845701124413774,216,0.25827318847077635,0.1760201882149738,0.017151939464878686,0.23143200940011058,0.24914045684125466,0.06798221760800596,0.2,0.8127500000000001,True,True,3.8100000000000147,0
M05,1835086223,177,216,0.9731260964702615,0.9850785144639908,0.03511816123536732,0.9731260964702615,0.416,0.6532182454429756,0.8021195290913063,0.9022055145707893,1.361053842798085,218,0.2505411703309949,0.1685136115223095,0.007523620196169601,0.21934399100155422,0.3511878238265309,0.002889783122440966,0.0,0.416,True,True,3.840000000000015,0
M05,1835086223,178,218,0.9751376834266084,0.98797066678208,0.034575654894019876,0.9751376834266084,0.43324999999999997,0.6369722659848679,0.812013552636741,0.9020334845612261,1.413253582288795,222,0.33538649402192755,0.11298389795243813,0.07671007084910321,0.18934270307737744,0.2502426072375786,0.035334226861575155,0.2,0.41924999999999996,True,True,3.870000000000015,0
M05,1835086223,179,222,0.7996764374680496,0.9839198611681196,0.013335407045769136,0.7996764374680496,0.6465000000000001,0.6543196070757328,0.8090576085388421,0.8906455392834292,1.3883041277708636,221,0.15805916917422635,0.20498418514924632,0.026489137520008855,0.3900081920701661,0.19407701589162818,0.026382300194723995,0.8,0.4225,True,True,3.9000000000000155,0
M05,1835086223,180,221,0.543806995518183,0.983089772727044,0.006412294879848556,0.543806995518183,0.75175,0.6499216719889123,0.8186047281119,0.8917634337838425,1.412419059285242,219,0.33761894134364434,0.12573844919131405,0.03131450200343289,0.2507364503275705,0.250912242143781,0.003679414990257311,0.6,0.62575,True,True,3.9300000000000157,0
M05,1835086223,181,219,0.9737882151280333,0.9846573705340563,0.03587100114480962,0.9737882151280333,0.429,0.6635255938504314,0.8194981493298239,0.8661286248023516,1.4259618476384457,218,0.21029572029398644,0.209100590018199,0.0072917613655251925,0.34308976931433083,0.11770767198446706,0.11251448702349152,0.0,0.429,True,True,3.960000000000016,0
M05,1835086223,182,218,0.7233485310975032,0.9907291227639854,0.010425852108351997,0.7233485310975032,0.68825,0.6538476104433717,0.8284586829320904,0.8549207006374284,1.4820691938406227,222,0.31169301335947086,0.13484278402171385,0.036642577275843226,0.3111346968882606,0.17702469157655948,0.02866223687815204,0.4,0.63225,True,True,3.990000000000016,0
M05,1835086223,183,222,0.4249854555137938,0.9801859438555274,0.004524610123587217,0.4249854555137938,0.7855,0.6328979261920266,0.8286567903467826,0.8597693629494354,1.522856759921427,217,0.20776301951621026,0.10588339602354407,0.022667117533473176,0.25580654362743777,0.2517036618787491,0.1561762614205856,1.0,0.4355,True,True,4.0200000000000164,0
M05,1835086223,184,217,0.6589068654791075,0.9788103694712192,0.008901899304769331,0.6589068654791075,0.69475,0.6155778598966566,0.8308635590387771,0.8643191318763994,1.5616100448013333,209,0.23299510261667,0.09580572593429675,0.03250085518020877,0.30877368786032994,0.2526335261095378,0.07729110229895678,0.4,0.6387499999999999,True,True,4.050000000000017,0
M05,1835086223,185,209,0.11402783836725497,0.986437524294564,0.000977822422691224,0.11402783836725497,0.8980000000000001,0.603356394010134,0.8241271194411196,0.8778872186887595,1.5558995674244103,210,0.12258422942851746,0.10834381773517722,0.055929794503997,0.23360112325880167,0.3192452945946046,0.16029574047890213,0.4,0.8420000000000001,True,True,4.080000000000017,0
M05,1835086223,186,210,0.9200560699828361,0.980830189650302,0.022138841587549717,0.9200560699828361,0.50125,0.5689164049240819,0.8193896073179698,0.8900984968198835,1.6180946676619885,204,0.14336054811132748,0.06438306964920086,0.04914090528216215,0.29509182277971807,0.4343743886256763,0.013649265551915063,0.4,0.44525,True,True,4.110000000000017,0
M05,1835086223,187,204,0.6271130484226203,0.9771952813879837,0.008171163683289982,0.6271130484226203,0.6725,0.5532639876906048,0.8189312310309377,0.8921407044662949,1.6591348144151832,206,0.1938888009858295,0.11382977621657563,0.16965568430708336,0.22615310315293533,0.25526028664199873,0.04121234869557747,0.8,0.44849999999999995,True,True,4.140000000000017,0
M05,1835086223,188,206,0.14776404011776823,0.988260497948529,0.001289162689912659,0.14776404011776823,0.87575,0.5634976219234502,0.8123524096585768,0.9029266340196654,1.5966139580808858,201,0.11709675223982538,0.1577615077434194,0.0009131859559104849,0.26562523807874855,0.449462963107223,0.009140352874873142,0.8,0.65175,True,True,4.170000000000018,0
M05,1835086223,189,201,0.08758499345450084,0.9782301734129449,0.0007466460541461831,0.08758499345450084,0.906,0.5888532729353987,0.8063337752701414,0.9126339706176989,1.5004140701134732,192,0.1199873261811682,0.2659048325831708,0.01990121752873212,0.2594113745494161,0.3309468724011687,0.003848376756343995,0.4,0.85,True,True,4.200000000000018,0
M05,1835086223,190,192,0.6836387997717966,0.9885991931759268,0.009361900487195622,0.6836387997717966,0.65825,0.5708934710233508,0.8136139310715582,0.9206867443947642,1.5479303286573116,189,0.2824605570615492,0.08917527370191534,0.019236781467407538,0.16576778276943643,0.29658085419417546,0.14677875080551608,0.0,0.65825,True,True,4.230000000000018,0
M05,1835086223,191,189,0.35216112712255987,0.9819595925271557,0.00353546958646217,0.35216112712255987,0.7875,0.5516607150436205,0.8062539347980875,0.9286180699552877,1.5738475372482565,190,0.10400875350133942,0.09148567231407558,0.1342111990913012,0.23260349003792122,0.30653692013875083,0.13115396491661171,0.6,0.6615,True,True,4.260000000000018,0
M05,1835086223,192,190,0.5235693560665818,0.9807891751709625,0.006075075477085777,0.5235693560665818,0.72075,0.5612969693740278,0.8006737386388421,0.920346774834573,1.549927529525016,192,0.12165625725823687,0.15215559877768084,0.1980861703072305,0.24310508914724935,0.22295255937407019,0.06204432513553216,0.4,0.66475,True,True,4.290000000000019,0
M05,1835086223,193,192,0.9327886140474648,0.979440032200528,0.024232678618361512,0.9327886140474648,0.46799999999999997,0.5669818809493066,0.7981532579364081,0.9271250450787911,1.5183741354489164,189,0.1564150778688525,0.17138717531852932,0.03391948986581483,0.2909652494505157,0.2940647386383773,0.05324826885791039,0.0,0.46799999999999997,True,True,4.320000000000019,0
M05,1835086223,194,189,0.7026326104179442,0.9861130652350591,0.009923251072050103,0.7026326104179442,0.67125,0.55797754539744,0.8082455950395877,0.934412540570912,1.5502008330624255,190,0.35254909300521453,0.11213745114301274,0.107742543471999,0.12113359718877913,0.3015474010763871,0.004889914114607556,0.0,0.67125,True,True,4.350000000000019,0
M05,1835086223,195,190,0.6762168836214194,0.9705782107385862,0.009497037857389522,0.6762168836214194,0.6745,0.5726259895510204,0.8010517811554456,0.9409712865138209,1.486665160099553,195,0.10273082334796646,0.19755430056063822,0.006266843218610145,0.21042389491601982,0.45213226801435913,0.030891869942406197,0.0,0.6745,True,True,4.380000000000019,0
M05,1835086223,196,195,0.658112152691725,0.9797945404972772,0.008865758067819715,0.658112152691725,0.69175,0.5901201509054046,0.8019672247717573,0.9261137009010086,1.4674113222378338,196,0.19960040842604926,0.19115069308644422,0.016998939064801627,0.2242581607615048,0.19619771519284912,0.17179408346835096,0.2,0.67775,True,True,4.41000000000002,0
M05,1835086223,197,196,0.343015943997337,0.98083090790117,0.0034256330829149375,0.343015943997337,0.807,0.5868267841409495,0.7990812088812894,0.9335023308109078,1.458698658220595,192,0.15265431685150038,0.11021265496669275,0.0061716681468623425,0.17628597513180846,0.38267601666511736,0.1719993682380188,0.6,0.681,True,True,4.44000000000002,0
M05,1835086223,198,192,0.5837504403278484,0.9822653181310822,0.007180915939089783,0.5837504403278484,0.70825,0.5672439962251947,0.7928801762395837,0.9259673621165063,1.5095307785063121,185,0.10941284752948469,0.08672983951222928,0.059077792976196156,0.3619124579860152,0.2290763219334464,0.15379074006262836,0.8,0.48424999999999996,True,True,4.47000000000002,0
M05,1835086223,199,185,0.3006702703895461,0.982286161633422,0.00290874180498712,0.3006702703895461,0.8135,0.5491008065585027,0.7895512116170381,0.9333706259048556,1.540543952978589,191,0.14143805236791923,0.08435267916522099,0.004214357381003474,0.3489112610793754,0.3778438271247594,0.04323982288172147,0.6,0.6875,True,True,4.50000000000002,0
M05,1835086223,200,191,0.592606492924704,0.9815292041981816,0.007368889197318159,0.592606492924704,0.69075,0.5443380522560967,0.8000736510361862,0.94003356331437,1.5635721017904154,185,0.3162984241112149,0.10218051690265426,0.011242996602546273,0.10467138679304211,0.38664988369806896,0.07895679189247344,0.0,0.69075,True,True,4.530000000000021,0
M05,1835086223,201,185,0.7180375704698145,0.9826831587409237,0.01044278430264754,0.7180375704698145,0.62,0.5402767320608287,0.7945161947462669,0.9200884716120643,1.5982948513116797,174,0.11807782827362487,0.10454235808238622,0.03399696191375234,0.4475497504674046,0.17029132314565637,0.12554177811717557,0.6,0.494,True,True,4.560000000000021,0
M05,1835086223,202,174,0.535770151435776,0.9832027187368765,0.006266883323336464,0.535770151435776,0.7112499999999999,0.5387010997585168,0.7942490187107597,0.9280796244508579,1.5886330256185712,171,0.18073292127257676,0.1225146448150626,0.11099193217871191,0.1712985162279144,0.36683151045211093,0.047630475053623354,0.2,0.6972499999999999,True,True,4.590000000000021,0
M05,1835086223,203,171,0.22520618849160048,0.9755461594049053,0.0020892894692896864,0.22520618849160048,0.8264999999999999,0.5103995452501738,0.7914371999898058,0.9352716620057722,1.6579384556177224,172,0.14875790268230002,0.06953907021337298,0.053968165264245575,0.27390180305810496,0.3571321087711873,0.09670095001078916,0.6,0.7004999999999999,True,True,4.620000000000021,0
M05,1835086223,204,172,0.19962769578579842,0.9802591281818128,0.0018126191776179847,0.19962769578579842,0.85,0.5288705781663197,0.791297217466124,0.9319475720590171,1.605457266191436,169,0.18039846844760685,0.19372434899166574,0.0209289865455587,0.23556117396536935,0.25101538126911094,0.11837164078068846,0.0,0.85,True,True,4.650000000000022,0
M05,1835086223,205,169,0.24991392324257602,0.9783729175414433,0.0023479002707602788,0.24991392324257602,0.8330000000000001,0.545423120692117,0.789949804417339,0.9312062317320281,1.555321151989486,172,0.16521809780651392,0.23509367943552076,0.03796953067214301,0.24065252262537384,0.26226708439456364,0.05879908506588494,0.6,0.7070000000000001,True,True,4.680000000000022,0
M05,1835086223,206,172,0.1588116614194413,0.9796533097530625,0.0014078867530875952,0.1588116614194413,0.864,0.5372116359013996,0.7967731811389697,0.9205800314666106,1.611119471716118,174,0.2665108367812206,0.11414725585181432,0.03761674396548276,0.3523307976465013,0.21247211453892628,0.016922251216054736,0.2,0.85,True,True,4.710000000000022,0
M05,1835086223,207,174,0.48276655415612835,0.9764146299875668,0.0054292842044482235,0.48276655415612835,0.7275,0.5326879578603224,0.8050373932393059,0.9211902735737058,1.6405664676157334,172,0.28878588946605865,0.12511394515866409,0.11357428821535848,0.18025469100673588,0.2633412262687812,0.028929959884401835,0.2,0.7135,True,True,4.740000000000022,0
M05,1835086223,208,172,0.8294583479168661,0.9791515898453742,0.014949803479343627,0.8294583479168661,0.5307499999999999,0.5020014338955954,0.8015962620816075,0.9216981057996063,1.7324552712617478,176,0.14763423130333655,0.05388526546378442,0.17994578599793218,0.347759782344221,0.2631342979163557,0.007640636974370387,0.2,0.5167499999999999,True,True,4.770000000000023,0
M05,1835086223,209,176,0.3949503736551359,0.9840625402565087,0.004084098360698921,0.3949503736551359,0.744,0.47468227805994895,0.8011798416939352,0.9295282952196456,1.8157848206896663,168,0.1832924089551007,0.08133676096738415,0.09470604635840321,0.286480169819463,0.3470634623054761,0.007121151594172755,0.8,0.52,True,True,4.800000000000023,0
M05,1835086223,210,168,0.3873733976829196,0.9759475476069186,0.004025457083797394,0.3873733976829196,0.74725,0.49695226890543487,0.7979758866954351,0.936575465697681,1.7144795658180658,161,0.14818796357745764,0.25242370968056815,0.03928399345837725,0.09979522876271549,0.397223804262572,0.0630853002583095,0.8,0.52325,True,True,4.830000000000023,0
M05,1835086223,211,161,0.17261373343350175,0.9764188477684033,0.0015485115686960501,0.17261373343350175,0.85,0.5166466882329626,0.7991118987266621,0.9337612375720501,1.656449140987323,161,0.2004350795749849,0.19633673325279694,0.08492853638485522,0.16923508954062308,0.25421659222068566,0.09484796902605419,0.0,0.85,True,True,4.860000000000023,0
M05,1835086223,212,161,0.004653957133953292,0.9694825976321703,3.830399003101495e-05,0.01,0.976,0.49420977949247097,0.7921279852686699,0.9403851138148451,1.7044264931588962,155,0.09964601847926095,0.09573732515197436,0.0008279960369850949,0.29495802260296894,0.5006665814841295,0.008164056244681304,0.6,0.85,True,True,4.890000000000024,0
M05,1835086223,213,155,0.8053900952453391,0.9623625242823481,0.014434171470790076,0.8053900952453391,0.547,0.5121497654044049,0.7860933821893021,0.9361563372969582,1.6395655346323827,155,0.1071474523008211,0.33671019266689084,0.020241598369889563,0.20215532465349956,0.24904867431798802,0.08469675769091074,0.2,0.533,True,True,4.920000000000024,0
M05,1835086223,214,155,0.1048343204243775,0.971178793079873,0.0009092632877865899,0.1048343204243775,0.88625,0.5270137690374582,0.7816782419529005,0.927101047001011,1.599848984663687,156,0.12361911091329306,0.19687126485378015,0.0688159742091885,0.28448428308229756,0.22280171716874284,0.10340764977269797,1.0,0.53625,True,True,4.950000000000024,0
M05,1835086223,215,156,0.09649581201937474,0.9789629347998741,0.0008260348747706247,0.09649581201937474,0.8895,0.5180687401572143,0.7763257051863803,0.9343909423009099,1.6037178330229878,151,0.10914219163906051,0.09440082259285698,0.17869863425452248,0.20419118496533445,0.36088606088219805,0.05268110566602749,1.0,0.5395,True,True,4.980000000000024,0
M05,1835086223,216,151,0.4010204496895626,0.9750721089077122,0.004217184320276307,0.4010204496895626,0.74275,0.5201984494384304,0.781815879497018,0.9166798751881836,1.6395238430887467,149,0.24133074462445897,0.12630619282758004,0.05475259614723145,0.3470250397007442,0.17864013558682368,0.051945291113161665,0.0,0.74275,True,True,5.010000000000025,0
M05,1835086223,217,149,0.007793159463863513,0.9773289733918238,6.372755349839151e-05,0.01,0.97,0.5284065370472661,0.7863805480375207,0.9250118876693653,1.6088563405865723,148,0.23319328144191953,0.12438612032193226,0.0526362485993412,0.16541424765725118,0.3312782133592281,0.09309188862032777,0.8,0.746,True,True,5.040000000000025,0
M05,1835086223,218,148,0.10624327296006446,0.979041149864348,0.0009143712027391822,0.10624327296006446,0.87525,0.4977527149734166,0.7970615206356446,0.9290279758444666,1.7236513098815602,140,0.3959108455579896,0.07151431894668628,0.04702564647745348,0.16338709796740075,0.2825863847101896,0.03957570634028027,0.6,0.74925,True,True,5.070000000000025,0
M05,1835086223,219,140,0.11065158195811219,0.9754270041885873,0.0009584366670023067,0.11065158195811219,0.8785,0.5169967483310859,0.7930480212697226,0.9196481855979428,1.6679766087346861,137,0.1354947083232537,0.21444119361123914,0.03078644865646724,0.3236580948088361,0.21761503668961416,0.07800451791058959,0.6,0.7525,True,True,5.100000000000025,0
M05,1835086223,220,137,0.352173465725854,0.9725984608705399,0.0035785838112818054,0.352173465725854,0.7557499999999999,0.5108930040052954,0.7941479599906468,0.924744931719523,1.6809295394571562,135,0.19690424730512912,0.11245445604162577,0.11812528355557085,0.16402656091610596,0.2853078234068724,0.12318162877469596,0.0,0.7557499999999999,True,True,5.130000000000026,0
M05,1835086223,221,135,0.053779639818727194,0.9699165407458691,0.00045407625730111995,0.053779639818727194,0.9089999999999999,0.4758021501030537,0.7909027081324017,0.9322704385475706,1.783013982777789,131,0.14327682676609022,0.06855056269038465,0.023783085460450108,0.24489142973635578,0.3501341187800955,0.1693639765666238,1.0,0.5589999999999999,True,True,5.160000000000026,0
M05,1835086223,222,131,0.24984011435793138,0.9626682547900607,0.0023917518423598426,0.24984011435793138,0.7862500000000001,0.4561701017200608,0.7858219303063607,0.9390433946928136,1.834474440536654,123,0.11830446975723889,0.09733659711323651,0.12254832733436502,0.14968150232944297,0.3835672033934031,0.1285619000723135,0.8,0.56225,True,True,5.190000000000026,0
M05,1835086223,223,123,0.4498354269003372,0.956040523094433,0.005061480414445893,0.4498354269003372,0.6915,0.47582835534309226,0.7837372528245193,0.9451390552235323,1.7427073464353569,115,0.15258023791845834,0.20139737345258252,0.15188123500552925,0.1274817912631372,0.3260219504384676,0.04063741192182518,0.6,0.5655,True,True,5.220000000000026,0
M05,1835086223,224,115,0.1670368112813332,0.9596684846691991,0.0015221992069361055,0.1670368112813332,0.85,0.4739387904054949,0.7866572824958536,0.9506251497011791,1.746039289166919,106,0.21383615390700378,0.10893201542770166,0.012822084874177924,0.2923978530767613,0.32257804818435853,0.049433844529996905,0.0,0.85,True,True,5.250000000000027,0
M05,1835086223,225,106,0.2699656783884587,0.9701448019288199,0.0025958532643368176,0.2699656783884587,0.796,0.5020994808786423,0.79303730257174,0.9539430023774489,1.655699116393923,101,0.2589110525084881,0.304939754755565,0.04317492182567988,0.04301950173286427,0.2919018382319387,0.05805293094546407,0.8,0.572,True,True,5.280000000000027,0
M05,1835086223,226,101,0.30211996498881144,0.9580519158734762,0.003015633952596718,0.30211996498881144,0.78925,0.5282127727775415,0.7944589416794257,0.958548702139704,1.5690918808584544,96,0.20091880295340872,0.2567664867714944,0.08813446831499985,0.12681386461160118,0.30482262217858597,0.02254375516990995,0.2,0.77525,True,True,5.310000000000027,0
M05,1835086223,227,96,0.552877584921491,0.9649050586587646,0.006773543656007231,0.552877584921491,0.7045,0.5579241447708506,0.7888917439608204,0.9626938319257337,1.468770919978591,93,0.11444686706707566,0.15012187619827272,0.0921841412531159,0.26342773053871454,0.34534906850329034,0.0344703164395309,0.6,0.5785,True,True,5.340000000000027,0
M05,1835086223,228,93,0.33179381900608723,0.9729513909662502,0.0033198199070278408,0.33179381900608723,0.79575,0.5325767067592603,0.7920468538947687,0.9553195805841755,1.5567541283761115,87,0.2199962141498671,0.09493788873010175,0.12101862221903442,0.24574532510758731,0.244475659255076,0.07382629053833346,0.2,0.78175,True,True,5.370000000000028,0
M05,1835086223,229,87,0.5997290922562547,0.9594782816008477,0.007808694945060332,0.5997290922562547,0.711,0.5450332853327816,0.8024445112000302,0.959787622525758,1.5339699085429153,80,0.3413651387075561,0.1696145960617582,0.0053142842385594385,0.15625283438923127,0.3229157891934322,0.004537357409462946,0.6,0.585,True,True,5.400000000000028,0
M05,1835086223,230,80,0.03060659471055933,0.9487834812401639,0.0002610153082137547,0.03060659471055933,0.9382499999999999,0.5116805733976688,0.800344367331346,0.9638088602731822,1.6228823970913735,83,0.16277602114146505,0.04946920776688167,0.03169439023945514,0.3381346022802338,0.3717211101790561,0.04620466839290829,1.0,0.5882499999999999,True,True,5.430000000000028,0
M05,1835086223,231,83,0.490393828038327,0.9506609703455796,0.0057738438510452515,0.490393828038327,0.7175,0.47131923994411823,0.8002252664646932,0.9540034104684961,1.7797014891305858,81,0.18622646874893156,0.06308850426197424,0.13378935647950907,0.35218309499209616,0.23287718111316044,0.03183539440432856,0.6,0.5915,True,True,5.460000000000028,0
M05,1835086223,232,81,0.5932483765168719,0.958880327093405,0.007674619121446708,0.5932483765168719,0.65075,0.48444769655136294,0.7940023132271906,0.9586030694216465,1.709763561551563,78,0.109853876071651,0.1752052506949025,6.076783087550538e-05,0.2156422386594703,0.4919962548733465,0.0072416118697542844,0.4,0.59475,True,True,5.490000000000029,0
M05,1835086223,233,78,0.049926648492903875,0.9548025477426365,0.0004275098076276613,0.049926648492903875,0.924,0.501735523856256,0.7890702880822079,0.9627427624794819,1.6335430232863097,75,0.12210113145471058,0.26903993260302467,0.014540860994111485,0.20198477111009971,0.30435505005536595,0.08797825378268763,0.6,0.798,True,True,5.520000000000029,0
M05,1835086223,234,75,0.2043990506520858,0.9365104939460769,0.0019599931812570555,0.2043990506520858,0.82525,0.4854906485372636,0.7986269731913886,0.9664684862315337,1.7020621248225274,70,0.3001274939161384,0.08761329161293378,0.02477417594464672,0.18749745625974373,0.32687113890514574,0.0731164433613917,0.8,0.60125,True,True,5.550000000000029,0
M05,1835086223,235,70,0.41075350932735866,0.9136734980649586,0.0047525006355788445,0.41075350932735866,0.7304999999999999,0.5055341982462784,0.7964589430476047,0.9695413031161848,1.6249744548073768,66,0.15954148144731803,0.15023233106590528,0.002699866348136326,0.23142403392950445,0.2985983275390223,0.15750395967011363,0.6,0.6044999999999999,True,True,5.580000000000029,0
M05,1835086223,236,66,0.5222851331141247,0.9297298228390141,0.006566973003278796,0.5222851331141247,0.6637500000000001,0.4661940701824606,0.7975321631849375,0.9725871728045663,1.7589476893752458,63,0.19870209112141238,0.04379914917813719,0.1178057722665396,0.2746439058378455,0.3493676510681097,0.01568143052795572,0.4,0.60775,True,True,5.61000000000003,0
M05,1835086223,237,63,0.5081538424505482,0.9102465096833761,0.006503642940507486,0.5081538424505482,0.667,0.4556666423376175,0.7957112818245263,0.9753284555241096,1.7904301555815834,62,0.16319658498544706,0.13690617858734383,0.1559726738606377,0.19975751040650286,0.31243656702972367,0.03173048513034475,0.4,0.611,True,True,5.64000000000003,0
M05,1835086223,238,62,0.19467597152805718,0.9025924836157564,0.0019338603658531706,0.19467597152805718,0.8282499999999999,0.4795204010703924,0.7947643339746563,0.9777956099716987,1.6950526698988881,61,0.17298270301695376,0.1994455472805432,0.02615590392045282,0.19179872669546616,0.33194509349448126,0.07767202559210287,0.2,0.8142499999999999,True,True,5.67000000000003,0
M05,1835086223,239,61,0.21521929107864005,0.9322077649829351,0.002089487431080871,0.21521929107864005,0.8414999999999999,0.4890623264031864,0.7911159144266546,0.9800160489745288,1.6506033560338222,57,0.13862246438413914,0.22735222636899144,0.03508651506143051,0.15601863518946144,0.3506417580206121,0.0922784009753654,0.8,0.6174999999999999,True,True,5.70000000000003,0
M05,1835086223,240,57,0.416321550282027,0.9227030434722717,0.004776181329369275,0.416321550282027,0.74675,0.5372123137910877,0.7893027313581715,0.9799554614440906,1.4993095565217465,53,0.15928265816062095,0.3264039472091275,0.22450037469562423,5.582637000375344e-05,0.2897050868350735,5.210672954997259e-05,0.6,0.62075,True,True,5.730000000000031,0
M05,1835086223,241,53,0.5949312813163871,0.9094073750141074,0.008452684941229497,0.5949312813163871,0.638,0.5122094139835995,0.795177460228048,0.9819599152996815,1.5809667831233887,50,0.25424831797231306,0.0643723939535085,0.04253939264841219,0.16738683004621419,0.3396456208996318,0.13180744447992035,0.2,0.624,True,True,5.760000000000031,0
M05,1835086223,242,50,0.020088256244218283,0.9301268734087533,0.00017379999682312424,0.020088256244218283,0.95325,0.5200031570728317,0.7900423674812803,0.9837639237697133,1.5443776543454373,48,0.12029725330793395,0.29510847946518703,0.062200894143319495,0.20376919520209114,0.31392223142961256,0.004701946451855822,0.6,0.82725,True,True,5.790000000000031,0
M05,1835086223,243,48,0.6323526625671231,0.9132868583300918,0.009384367695232583,0.6323526625671231,0.6305,0.4835140366287014,0.7900374481164117,0.9844767988655316,1.659713419898301,48,0.18121498761494306,0.07559441147326008,0.133085810227182,0.1629884978009747,0.29544633736394804,0.1516699555196921,0.0,0.6305,True,True,5.820000000000031,0
M05,1835086223,244,48,0.5998192263223583,0.9284235468945419,0.008267601986103417,0.5998192263223583,0.6477499999999999,0.5194522319286333,0.7930941032343355,0.9838148917776384,1.5519070717103318,48,0.21948159404680373,0.14512919244111105,0.04126496324490496,0.22104454984382177,0.2889288639932995,0.084150836430059,0.2,0.6337499999999999,True,True,5.850000000000032,0
M05,1835086223,245,48,0.17821643176346189,0.9285276276760814,0.0016963881914567453,0.17821643176346189,0.85,0.5162049460412318,0.7923531249036222,0.9854334025998746,1.5576480452479333,44,0.17392158538754318,0.1252589005777018,0.05423277774096714,0.1965584355292809,0.3468030163456773,0.10322528441882964,0.0,0.85,True,True,5.880000000000032,0
M05,1835086223,246,44,0.33638826240512354,0.8982290576977341,0.0037349195847876226,0.33638826240512354,0.76625,0.49601120048652647,0.7959166486697874,0.9868900623398871,1.625950537572093,45,0.22726475014182945,0.10116866322646738,0.012908829608162883,0.2339666222887443,0.3338421243395192,0.09084901039527692,0.6,0.64025,True,True,5.910000000000032,0
M05,1835086223,247,45,0.5649364370147794,0.9269413708215299,0.007484321003918998,0.5649364370147794,0.6575,0.5519771599844165,0.7939969591153261,0.9882010561058984,1.4556347600374242,40,0.16095178598785123,0.278870258885138,0.012961735571612645,0.08632073525490463,0.3916356196206124,0.06925986467988095,0.2,0.6435,True,True,5.940000000000032,0
M05,1835086223,248,40,0.13396622413067077,0.9173134092476637,0.0012566824217331326,0.13396622413067077,0.8607499999999999,0.5019890344794665,0.7980354597247152,0.9705658261831768,1.6379587599073708,40,0.23422935706444342,0.05219351081076723,0.18523795440754473,0.2534422222166978,0.20592437843934136,0.06897257706120542,0.2,0.8467499999999999,True,True,5.970000000000033,0
M05,1835086223,249,40,0.004345475718843,0.8924692769375959,3.8852651524954437e-05,0.01,0.976,0.49237738875553455,0.8036517514308054,0.9735092435648591,1.6766009781091884,37,0.25647580865407316,0.05168259664601013,0.04763305317564319,0.2619558619549451,0.34179218366144604,0.04046049590788248,0.6,0.85,True,True,6.000000000000033,0
M05,1835086223,250,37,0.31461207269150687,0.9096392719620524,0.00337858217297949,0.31461207269150687,0.776,0.5115070364088984,0.8078338066167942,0.9651005370608552,1.6364315881950071,36,0.24205803446911373,0.16169018975811372,0.040747356298272586,0.15071512333903836,0.24471108926240998,0.16007820687305152,0.6,0.65,True,True,6.030000000000033,0
M05,1835086223,251,36,0.42689232872143923,0.8955776007351737,0.005154446193508621,0.42689232872143923,0.7060000000000001,0.507796100464673,0.8085702967916227,0.9652009628404261,1.6497216556266987,35,0.20160225632085316,0.11947880874059724,0.03230488694761856,0.3125478811163652,0.2830523974282824,0.051013769446283316,0.4,0.65,True,True,6.060000000000033,0
M05,1835086223,252,35,0.1483565318132611,0.8851272974416834,0.0014603129027451634,0.1483565318132611,0.85,0.47027469477112605,0.8097468329270104,0.9635157433826634,1.7870587597304766,36,0.20756313718711084,0.06653360141491449,0.24382010533858087,0.17486174081300224,0.27417438413139983,0.033047031114991805,0.0,0.85,True,True,6.090000000000034,0
M05,1835086223,253,36,0.06041657313940005,0.8901913866059862,0.0005594509908983124,0.06041657313940005,0.906,0.42863269164522366,0.8161736017024114,0.9620159774964013,1.9793152346426417,34,0.273926380271893,0.079274926273602,0.030382390025803258,0.2728117629792737,0.2742590422600211,0.0693454981894071,0.4,0.85,True,True,6.120000000000034,0
M05,1835086223,254,34,0.30879781683820184,0.8996062147106395,0.0033469358161529656,0.30879781683820184,0.776,0.4280632868958487,0.81554855358807,0.9658143797467612,1.9726415328477906,33,0.18979539963473996,0.13930484752257383,0.1682572554749166,0.1242577762376166,0.3754499049836173,0.0029348161465356615,0.6,0.65,True,True,6.150000000000034,0
M05,1835086223,255,33,0.27016127638230214,0.8478083142559432,0.003054213462300592,0.27016127638230214,0.776,0.38867468686871026,0.8187456571706967,0.9692329417720851,2.173374592815368,33,0.23718164077537757,0.04855868736689584,0.03959721235279266,0.2024325697522911,0.4255210023837544,0.04670888736888847,0.6,0.65,True,True,6.180000000000034,0
M05,1835086223,256,33,0.44654289282152765,0.8960573805167422,0.0054911492050614555,0.44654289282152765,0.664,0.3829205535112683,0.8133986314563361,0.964530874371812,2.2023108859698324,32,0.132378214302178,0.11626345749224032,0.29245918272177907,0.1679381093944908,0.2611061338846772,0.029854902204634628,0.2,0.65,True,True,6.210000000000035,0
M05,1835086223,257,32,0.04763637082925612,0.8858946351488443,0.00043996749092189725,0.04763637082925612,0.906,0.4074924690149349,0.8088645231724949,0.9680777869346308,2.050434713251915,30,0.13919779111219546,0.2821182228696074,0.02018640533934616,0.19222179197735625,0.3492185142365061,0.017057274464988625,0.4,0.85,True,True,6.240000000000035,0
M05,1835086223,258,30,0.137460115965206,0.8721864069827282,0.0013651937237140516,0.137460115965206,0.85,0.4188355451517803,0.811517822872944,0.9712700082411677,1.994869784710746,27,0.2262065732384233,0.13215710482800147,0.02331485167518355,0.14168216090178526,0.39375033134464,0.08288897801196633,0.0,0.85,True,True,6.270000000000035,0
M05,1835086223,259,27,0.45882090800458186,0.8458034695169107,0.006224041492067915,0.45882090800458186,0.65,0.4054118081652204,0.818929891916922,0.9687740703800644,2.0851044900431805,26,0.28734950234531453,0.13641932989823813,0.0542290371605285,0.17633285420848435,0.2731553148150672,0.07251396157236728,0.0,0.65,True,True,6.300000000000035,0
M05,1835086223,260,26,0.2065625755819649,0.7942932935566948,0.002397446424751391,0.2065625755819649,0.776,0.43808807182060383,0.8197071237413062,0.9718966633420579,1.9252059259126808,23,0.20904658025287867,0.04499827105721405,0.1568231142446864,0.24030314945421877,0.3027181620494087,0.046110722941593484,0.6,0.65,True,True,6.330000000000036,0
M05,1835086223,261,23,0.08809789691007376,0.8089835758640725,0.0009177811172387713,0.08809789691007376,0.8740000000000001,0.42622734203128043,0.8183592027860728,0.9565913071236882,2.0071333856247535,21,0.18296794039789915,0.08622938346502032,0.124908203355793,0.30410948428875456,0.2094215505791802,0.0923634379133528,0.8,0.65,True,True,6.360000000000036,0
M05,1835086223,262,21,0.12220350919006487,0.845572559444033,0.0012425235102145715,0.12220350919006487,0.85,0.4641668211074171,0.8196792654720698,0.9609321764113194,1.8377105981435675,21,0.21547528531625904,0.21424823935865978,0.06321346017597139,0.16171578993243738,0.3164117337449501,0.028935491471722415,0.0,0.85,True,True,6.390000000000036,0
M05,1835086223,263,21,0.4550604244201033,0.8391813842218111,0.006220554786904819,0.4550604244201033,0.7060000000000001,0.4804169146760542,0.8251720775683403,0.9648389587701875,1.7802106820028374,22,0.2684596921234249,0.16654574936259275,0.008900588404611045,0.15986546872653404,0.3027697649034127,0.09345873647942463,0.4,0.65,True,True,6.420000000000036,0
M05,1835086223,264,22,0.6449839336116645,0.8610813595090466,0.011004482400037895,0.6449839336116645,0.65,0.5722977855112841,0.8324401601431635,0.9683550628931687,1.5020913014227582,20,0.2940835806655018,0.21997913279802966,0.026404913355202595,0.03217488629643219,0.33268121940332074,0.09467626748151317,0.0,0.65,True,True,6.450000000000037,0
M05,1835086223,265,20,0.6179220978935323,0.8385192587580271,0.010629082638127585,0.6179220978935323,0.664,0.5631790268897403,0.8329883887585201,0.9715195566038519,1.5224425990083772,21,0.21462795778143562,0.11778207838126023,0.0794725498944043,0.16413323115365935,0.37319093809642084,0.050793244692819754,0.2,0.65,True,True,6.480000000000037,0
M05,1835086223,266,21,0.14008282248187007,0.8165247364239636,0.0014981706962071486,0.14008282248187007,0.864,0.6051676513661614,0.8321037070177125,0.9743676009434667,1.4111686408654571,18,0.1970592212139807,0.13544493800023422,0.04912673721644108,0.19939248886548958,0.3114940428684886,0.10748257183536589,0.2,0.85,True,True,6.510000000000037,0
M05,1835086223,267,18,0.46264751335535415,0.8310349663900316,0.00647581253331149,0.46264751335535415,0.7060000000000001,0.5637456523658864,0.8380362227538626,0.9769308408491201,1.5216534850084926,20,0.2817212635879459,0.05357535320380552,0.06955401943534416,0.17401798219551234,0.41655169429771416,0.0045796872796779395,0.4,0.65,True,True,6.540000000000037,0
M05,1835086223,268,20,0.13600220240127078,0.8295379074238577,0.0014253794539616678,0.13600220240127078,0.85,0.5282557782519846,0.8366328624205481,0.9764993376668916,1.6218799691242802,23,0.19373063505473295,0.04108455868111316,0.013560158221991438,0.42832346564583423,0.2863079045134174,0.03699327788291068,0.0,0.85,True,True,6.570000000000038,0
M05,1835086223,269,23,0.4578490120893338,0.8264453017224969,0.006427217308258455,0.4578490120893338,0.7060000000000001,0.5415524690746115,0.8294012450254252,0.9788494039002024,1.5646177831140953,24,0.12000032157380625,0.2069757225650975,3.7601827325873636e-07,0.2399625130273707,0.4306804476827154,0.0023806191327368086,0.4,0.65,True,True,6.600000000000038,0
M05,1835086223,270,24,0.6079457206877867,0.8723922250821191,0.00950114662713997,0.6079457206877867,0.65,0.5539557767736131,0.8370861932599755,0.976524107429628,1.5474339255680039,23,0.30193763107276816,0.18970218142102746,0.10358877738068908,0.12072248876088916,0.2777982195972296,0.006250701767396538,0.0,0.65,True,True,6.630000000000038,0
M05,1835086223,271,23,0.19959225020876656,0.8372763542305713,0.0021676172682457044,0.19959225020876656,0.85,0.5827048093616889,0.8397384505463454,0.968087244801692,1.4886100230079744,22,0.2438320868671089,0.12091252308663294,0.031914289829586565,0.2596597684681016,0.24607774057513349,0.09760359117343655,0.0,0.85,True,True,6.660000000000038,0
M05,1835086223,272,22,0.0,1.0,0.0,0.01,1.0,0.531758327371387,0.8410290244264366,0.9693993832801213,1.6315257968570271,22,0.22846870509260436,0.04035770797474983,0.06357038400060791,0.2752053191138392,0.29060431479299276,0.10179356902520603,1.0,0.65,True,True,6.690000000000039,0
M05,1835086223,273,22,0.004197231625577153,0.8206329466286544,4.0817288129679626e-05,0.01,0.976,0.5209505976847044,0.8411838039763445,0.9724594449521092,1.6604387608690532,21,0.21507788464037275,0.07863697771355618,0.020308038423419616,0.22880741350919223,0.40388257113999393,0.053287114573465216,0.6,0.85,True,True,6.720000000000039,0
M05,1835086223,274,21,0.08860750605115962,0.865751876174801,0.0008594669084435952,0.08860750605115962,0.906,0.5029291079140336,0.8356547514668372,0.9668890403330023,1.718476024592546,23,0.1441267211163737,0.0929647397772074,0.011601099376231981,0.33945383861204864,0.25837769938051985,0.15347590173761844,0.4,0.85,True,True,6.750000000000039,0
M05,1835086223,275,23,0.09769651380452492,0.8450668631549387,0.0009779342759483067,0.09769651380452492,0.864,0.466499654502974,0.8411658382738135,0.9528046592227923,1.8924587765320064,23,0.27867280475397727,0.0722031314805826,0.02074792411357716,0.28913045507444585,0.2130226146154516,0.1262230699619655,0.2,0.85,True,True,6.780000000000039,0
M05,1835086223,276,23,0.3090637487346692,0.8367524188726424,0.003669767781445364,0.3090637487346692,0.776,0.48954331537163087,0.8360390237025846,0.9574416379588491,1.7837053470473645,23,0.14914346678077212,0.45429696009729303,0.0288585100212687,0.0321957819417368,0.29958722329167975,0.03591805786724969,0.6,0.65,True,True,6.81000000000004,0
M05,1835086223,277,23,0.0040913237182150265,0.8603225062718448,3.794498874944313e-05,0.01,0.976,0.5011675287529757,0.841735944168389,0.9498594878194111,1.7682089445243943,21,0.28123589563667073,0.1327779199181009,0.036416266887231215,0.19790966584785294,0.2408100682822347,0.11085018342790955,0.6,0.85,True,True,6.84000000000004,0
M05,1835086223,278,21,0.34376273020514203,0.8467918140291767,0.004145661835962647,0.34376273020514203,0.7060000000000001,0.5049383227346957,0.8424730813350024,0.9548625252874583,1.7473377145492504,20,0.22279917968791008,0.15813794293288042,0.05792923313250692,0.12281497365981718,0.29994493124994165,0.13837373933694375,0.4,0.65,True,True,6.87000000000004,0
M05,1835086223,279,20,0.5149371824596886,0.8204919365625819,0.007862763793624038,0.5149371824596886,0.664,0.4712876118024717,0.83793536098552,0.9593762727587125,1.8532564515874443,20,0.15732417146584698,0.07708177427143861,0.06174025498077766,0.21902278722807333,0.3297928293425815,0.15503818271128203,0.2,0.65,True,True,6.90000000000004,0
M05,1835086223,280,20,0.11390675245062437,0.8473520806144723,0.0011491421232318246,0.11390675245062437,0.864,0.49444116827556417,0.8347987052734002,0.9634386454828413,1.7524396877668345,21,0.1720014042144519,0.12860285563568447,0.07969523179873607,0.23842522540227784,0.31231433256139474,0.06896095038745499,0.2,0.85,True,True,6.930000000000041,0
M05,1835086223,281,21,0.5094568602969836,0.8587301998028181,0.007160883149956926,0.5094568602969836,0.664,0.4984544355797736,0.8287511501463932,0.9611474347419012,1.7298508845040055,20,0.13365475170828878,0.2408260062499714,0.04983206086978649,0.14820620727063932,0.27026326903672027,0.15721770486459377,0.2,0.65,True,True,6.960000000000041,0
M05,1835086223,282,20,0.12935536231510744,0.8250619581186377,0.0013574353308436042,0.12935536231510744,0.85,0.49804855140825666,0.8316410804872773,0.9650326912677111,1.730303264065284,21,0.24159359810254566,0.12798106327890568,0.060778530873593924,0.14969229322529573,0.3148531751516216,0.10510133936803745,0.0,0.85,True,True,6.990000000000041,0
M05,1835086223,283,21,0.17425154633470882,0.8430814095871179,0.001843026501079926,0.17425154633470882,0.85,0.5159387027148368,0.8263126188982104,0.9555548475271061,1.6760642304124564,20,0.1406699054412124,0.2958628657550423,0.08147019511036185,0.1744705752342879,0.23512712693083018,0.07239933152826543,0.0,0.85,True,True,7.020000000000041,0
M05,1835086223,284,20,0.26241835379848644,0.8429616064518193,0.0029687665202078146,0.26241835379848644,0.776,0.5401955151781249,0.8195987199866448,0.9519884946642092,1.5937441273807833,19,0.120021650416811,0.2463666858149868,0.08202529988184178,0.28704266033454984,0.2599456594490687,0.004598044102741938,0.6,0.65,True,True,7.050000000000042,0
M05,1835086223,285,19,0.3498193007688069,0.8037136291475698,0.004548216565547384,0.3498193007688069,0.776,0.5448208094585831,0.8286187839873126,0.9548175237212656,1.5928713685104434,19,0.3923295840271524,0.10324676364590182,0.04496096157569859,0.1519417250708913,0.29013939261738647,0.017381573062969318,0.6,0.65,True,True,7.080000000000042,0
M05,1835086223,286,19,0.49436795056755956,0.8233532002931858,0.007302352719617205,0.49436795056755956,0.7060000000000001,0.5101907358729503,0.8308939351854674,0.959335771349139,1.6976274229274544,18,0.23382612996900537,0.03463916429259287,0.027398389568557262,0.27525383806699455,0.3199596717214648,0.10892280638138513,0.4,0.65,True,True,7.110000000000042,0
M05,1835086223,287,18,0.5781808285936634,0.7781355846445644,0.010816226776211042,0.5781808285936634,0.664,0.5432808191818219,0.8352219775928554,0.9634021942142251,1.5957685815988611,20,0.2609092395832675,0.07494994504801472,0.015882420151119986,0.27930457116406254,0.3264666145388023,0.04248720951473297,0.2,0.65,True,True,7.140000000000042,0
M05,1835086223,288,20,0.4462235632478131,0.8643561689294684,0.005780497358244431,0.4462235632478131,0.664,0.5089922343850342,0.8434608787132126,0.9522225961552725,1.7402646744422527,21,0.3193021499766179,0.07071438616665843,0.028455858197250238,0.20831144670144,0.22580310681234933,0.14741305214568426,0.2,0.65,True,True,7.170000000000043,0
M05,1835086223,289,21,0.3483331277295538,0.8304014107898438,0.004328875364104398,0.3483331277295538,0.7060000000000001,0.48990650270098357,0.8471285336670987,0.9570003365397453,1.806857969936381,18,0.2605087361193336,0.04424216601233639,0.15528496693519955,0.12791488052229222,0.31081092837535707,0.10123832203548125,0.4,0.65,True,True,7.200000000000043,0
M05,1835086223,290,18,0.23994532184754483,0.8226211558004283,0.0027451494479668716,0.23994532184754483,0.776,0.5365906362662556,0.8406261186554754,0.9473421196213793,1.6536855937145443,17,0.1356751458966449,0.25150547609873014,0.1077729611225399,0.21609516682481625,0.2302090836780429,0.05874216637922597,0.6,0.65,True,True,7.230000000000043,0
M05,1835086223,291,17,0.0,1.0,0.0,0.01,1.0,0.5364215549815833,0.8350872329485031,0.9526079076592413,1.634223461413697,17,0.1436552528225171,0.14501744696674573,0.05432854937820123,0.17237026567074354,0.4763914200515996,0.00823706511019272,1.0,0.65,True,True,7.260000000000043,0
M05,1835086223,292,17,0.5041050999122642,0.808953436617484,0.007768451789165954,0.5041050999122642,0.65,0.5000902645296045,0.837806431733625,0.9573471168933172,1.7499508712049612,15,0.243419505406839,0.06274271118766483,0.06189618673203681,0.21445481626407864,0.3288905536920163,0.0885962267173643,0.0,0.65,True,True,7.290000000000044,0
M05,1835086223,293,15,0.44429781208320407,0.8105806836678013,0.006323045564587103,0.44429781208320407,0.664,0.4702040241401095,0.837766075283068,0.9464097048745502,1.8825964840000287,14,0.21062456420155307,0.10100144208100853,0.13951804371005172,0.23325182697964297,0.22398649835282353,0.09161762467492009,0.2,0.65,True,True,7.320000000000044,0
M05,1835086223,294,14,0.07443858342067473,0.7994902228561348,0.0007779494622460121,0.07443858342067473,0.8740000000000001,0.4797350119860656,0.8306494863988069,0.9517687343870952,1.819218867334993,14,0.12214643599865373,0.08075908181801889,0.11862290325439365,0.23754543931635502,0.35797863827700677,0.08294750133557201,0.8,0.65,True,True,7.350000000000044,0
M05,1835086223,295,14,0.3744467995012534,0.7502773721064335,0.005502835892411982,0.3744467995012534,0.7060000000000001,0.4840778824060036,0.8324262940311105,0.9552893639507946,1.8000957535399458,15,0.2288660244030496,0.1206327450767565,0.0011032523374341538,0.2136137351414689,0.29348751501204423,0.1422967280292467,0.4,0.65,True,True,7.380000000000044,0
M05,1835086223,296,15,0.0,1.0,0.0,0.01,1.0,0.4568400625786052,0.8266761689619645,0.9597604275557151,1.885421245347643,16,0.13588987040511982,0.10349772921264458,0.1341108598520619,0.23158347784802283,0.3462563211850734,0.04866174149707754,1.0,0.65,True,True,7.4100000000000446,0
M05,1835086223,297,16,0.28164731929822184,0.7474603186229354,0.0037642952068045205,0.28164731929822184,0.7060000000000001,0.41296549396286103,0.8223000694647725,0.9537044463207112,2.087866637262564,16,0.14947136188632817,0.06347318085390194,0.02166070241904556,0.25502781477637665,0.24960030760283758,0.2607666324615101,0.4,0.65,True,True,7.440000000000045,0
M05,1835086223,298,16,0.056557606050154724,0.8420837406940145,0.0005534300656313059,0.056557606050154724,0.8740000000000001,0.3919129132352314,0.8167948302698217,0.9531978690338268,2.186453996672554,17,0.1326220534785973,0.10102371637518534,0.02324931937495614,0.22746043764327942,0.2743193367259338,0.24132513640204803,0.8,0.65,True,True,7.470000000000045,0
M05,1835086223,299,17,0.32709970495312,0.8081804072307133,0.0041292910703455135,0.32709970495312,0.7060000000000001,0.3933216151197887,0.8158123427657242,0.9309982540658622,2.2278892156994847,17,0.1857156751174198,0.17160381269517755,0.06599641533491345,0.2902042771544727,0.16560085967709076,0.12087896002092563,0.4,0.65,True,True,7.500000000000045,0
