arm,seed,step,novelty_vector_count,h_n_latest,h_n_shape_latest,V,H_N,L_t,total_suppression,avg_wb,theta_capability,transfer_state,g,population,x_compute,x_bio_welfare,x_novelty_agency,x_institutional_capacity,x_transfer_comprehension,x_resilience,c_protective,c_suppressive,adapter_active,action_modified,adapter_score,shape_fallback_increase
M1,1835087610,0,200,0.9872321130948174,0.9872343137819568,0.10359156430675028,0.9872321130948174,0.09733731062859578,0.014000000000000002,0.6628422455132479,0.5246462080702942,0.5318091509123182,1.4883345117870928,200,0.308077600878677,0.1766513748229111,0.08066947238657934,0.19601433632656992,0.20904575456159097,0.029541461023671563,0.2,0.0,False,False,0.0,2
M1,1835087610,1,200,0.9752660949310905,0.9752676494844433,0.1062612612999699,0.9752660949310905,0.11791580162357122,0.014000000000000002,0.6715457198055244,0.5235564071705388,0.5786282358210864,1.3473743359201746,205,0.0017813687969907264,0.187483770506903,0.0163869611889061,0.4093702271003014,0.30667939208739964,0.07829828031949915,0.2,0.0,False,False,0.0,0
M1,1835087610,2,205,0.9702858023307191,0.9873967426493198,0.032280920952082015,0.9702858023307191,0.1443431405674882,0.456,0.6809091018082437,0.5289620880217325,0.6207654122389777,1.2514338435933894,214,0.08229376512150909,0.16238897600698385,0.0168494889973679,0.2907551456247212,0.43977343784342443,0.007939186405993615,0.4,0.4,False,False,0.0,0
M1,1835087610,3,214,0.9771798642982511,0.9854935395976031,0.038011274667755154,0.9771798642982511,0.16934503270545692,0.4,0.685509998199204,0.5490110866492355,0.6404203161526242,1.2505533403045055,218,0.2687137878573701,0.15475716707996223,0.061055828293710736,0.28654024188640004,0.2086572256877212,0.020275749194835734,0.0,0.4,False,False,0.0,0
M1,1835087610,4,218,0.9785131283476985,0.9785135046390285,0.1175797120890013,0.9785131283476985,0.18842706878781568,0.0,0.6944594420977724,0.5715605323167737,0.6534503558938924,1.2595132659413848,223,0.34548695584309846,0.22856075784731933,0.002621060363099088,0.14624312999713218,0.18536035678265358,0.09172773916669745,0.0,0.0,False,False,0.0,0
M1,1835087610,5,223,0.9856524158749155,0.9856543315833737,0.1046827349410635,0.9856524158749155,0.21943584569546934,0.05600000000000001,0.7041362012113291,0.5862888211886726,0.6728909369141192,1.2374004274780595,232,0.22882894359672074,0.19155154653702347,0.11221022190036799,0.23466457390927373,0.22392808304807968,0.008816631008534371,0.4,0.0,False,False,0.0,0
M1,1835087610,6,232,0.9825396376730404,0.982549933874358,0.09127126576450681,0.9825396376730404,0.23868214319204326,0.126,0.7147620071579882,0.588997960298242,0.6943967454487111,1.1867101431281073,235,0.08779475211253718,0.19167469239571586,0.12260995983550366,0.20638393153138626,0.24397451113001903,0.14756215299483788,0.6,0.0,False,False,0.0,0
M1,1835087610,7,235,0.9879206273275378,0.9879430332878447,0.0851254660940188,0.9879206273275378,0.2579214343495192,0.2,0.7269831329463147,0.5882209919101709,0.72495707090384,1.1161020204262546,233,0.045911620335511064,0.3323292919366687,0.07103210076286817,0.21083428841508361,0.33394669117264963,0.005946007377218894,0.0,0.2,False,False,0.0,0
M1,1835087610,8,233,0.9870526036016559,0.987789919285196,0.05731420493636939,0.9870526036016559,0.2733193298134819,0.326,0.7355157482924956,0.5937963897134564,0.7313377344573538,1.1038945640691895,231,0.12483059248492547,0.16321725857102554,0.055158792220687786,0.31955333263119784,0.1943818532194893,0.142858170872674,0.6,0.2,False,False,0.0,0
M1,1835087610,9,231,0.9884567372408227,0.9884754022190736,0.0865838854178147,0.9884567372408227,0.2894300239390769,0.2,0.7497423750710526,0.6077226822814192,0.7398661531386395,1.0955702444600752,224,0.2327014006704454,0.2220779571813819,0.0030359362330590516,0.3077534235909755,0.20831096063510499,0.026120321689032996,0.0,0.2,False,False,0.0,0
M1,1835087610,10,224,0.9569619642079551,0.9859911005822172,0.02806202881814552,0.9569619642079551,0.30467604578872204,0.55,0.7574682830466168,0.6155178719353935,0.7473841014572127,1.0872573685062166,229,0.1647665471005664,0.2395135910116522,0.043062980842435684,0.30478410752802076,0.20752281816218562,0.040349955355139376,1.0,0.2,False,False,0.0,0
M1,1835087610,11,229,0.9841922810488118,0.9862236675516011,0.049234373983274654,0.9841922810488118,0.34050349942286157,0.42400000000000004,0.7634511588169492,0.614038953052734,0.7644252146731128,1.0521548465513726,236,0.053712183926377825,0.20376738141704157,0.09419345380853844,0.2905852750202391,0.2588976168081064,0.09884408901969675,0.8,0.2,False,False,0.0,0
M1,1835087610,12,236,0.9855729814458768,0.9855756315875763,0.10209885120310017,0.9855729814458768,0.3601990182316359,0.2,0.7679482612661568,0.6127864715166984,0.78431216065264,1.0173918601350564,237,0.055618326457513766,0.3072745996468818,0.06759346039721267,0.2693347564107102,0.28164733723419266,0.01853151985348907,0.0,0.2,False,False,0.0,0
M1,1835087610,13,237,0.9845229043590233,0.9859140436520982,0.05224552325304988,0.9845229043590233,0.3797068147171374,0.4,0.775218212928003,0.6114251673346005,0.805880944587376,0.978697450135749,237,0.05347524242171323,0.203113279276382,0.04412271726897768,0.2903681697583675,0.31284382325070387,0.09607676802385579,0.0,0.4,False,False,0.0,0
M1,1835087610,14,237,0.9827224830930834,0.9827255507954585,0.10091111455228426,0.9827224830930834,0.3954725755500427,0.2,0.7778737587853103,0.606529173198942,0.8234068047888072,0.946952340689672,239,0.008440802888392888,0.2396309179221416,0.05086985754389182,0.34737651980381384,0.2905697733008439,0.06311212854091601,0.0,0.2,False,False,0.0,0
M1,1835087610,15,239,0.9829517134275483,0.9829656198622335,0.08888202014479984,0.9829517134275483,0.4116892274825357,0.22400000000000003,0.7770785418058543,0.6056804029135632,0.8287173171478762,0.9405290009327447,244,0.055971104682103326,0.1593309420457302,0.20437110942914383,0.3180088134221738,0.23825596418974854,0.02406206623110039,0.8,0.0,False,False,0.0,0
M1,1835087610,16,244,0.981672618340816,0.9816783102276234,0.09598240216310307,0.981672618340816,0.4281679045666491,0.2,0.7785447399250087,0.6055865534129671,0.843037063049156,0.9226691083377495,246,0.06487713306352638,0.15086845911225621,0.12930490811760315,0.3553766570426801,0.285957388080337,0.013615454583597125,0.0,0.2,False,False,0.0,0
M1,1835087610,17,246,0.9905244665290954,0.9905244720882795,0.1512278427203819,0.9905244665290954,0.4600646384302201,0.014000000000000002,0.7737276189409049,0.62095519088117,0.8420344752553024,0.9531083824858794,255,0.2580995642356412,0.1468498768547349,0.11362833422748846,0.2615018494680761,0.21650559255530977,0.0034147826587496224,0.2,0.0,False,False,0.0,0
M1,1835087610,18,255,0.9868086608481675,0.9868137552171841,0.0969067549946716,0.9868086608481675,0.4773559887964002,0.2,0.772487091007161,0.6176267419299044,0.8578310277297722,0.932036908053349,263,0.033991382409910474,0.24241281068231796,0.09741452585964439,0.2199439904723987,0.3963153711723097,0.009921919403418772,0.0,0.2,False,False,0.0,0
M1,1835087610,19,263,0.9881487653502861,0.9881570218980844,0.09307389569375422,0.9881487653502861,0.5100912495030271,0.2,0.7696913240818849,0.6173760327293571,0.872047924956795,0.919798763442019,277,0.07038284869934888,0.22190510101612465,0.05363487200186806,0.22959382268606024,0.30139558035686265,0.12308777523973549,0.0,0.2,False,False,0.0,0
M1,1835087610,20,277,0.9869685133784096,0.9899468077408949,0.04621858679376639,0.9869685133784096,0.5291856257622192,0.41400000000000003,0.7754887792120146,0.6150176087720017,0.8766466168861416,0.9046643386031734,282,0.04387972098890522,0.1777800858158552,0.05496861558377607,0.4579068305537818,0.259017422125131,0.00644732493255087,0.2,0.4,False,False,0.0,0
M1,1835087610,21,282,0.9836011204955023,0.9860675331184158,0.04768849178399609,0.9836011204955023,0.5526555667669558,0.456,0.7842398084553032,0.6204341744136663,0.8861552826754984,0.8927646735255191,285,0.13959307600330872,0.1989322144285328,0.01757664468645367,0.25419131901258313,0.2858666373898543,0.1038401084792674,0.4,0.4,False,False,0.0,0
M1,1835087610,22,285,0.9870134339063448,0.9870262330770733,0.08957529293145841,0.9870134339063448,0.5535250246533573,0.22400000000000003,0.7911730065623868,0.6247131989312228,0.8975397544079485,0.8797424058922526,280,0.12875916547799668,0.18901592848505164,0.10677748068311928,0.1816711705557991,0.33964028417342895,0.05413597062460442,0.8,0.0,False,False,0.0,0
M1,1835087610,23,280,0.9859664330372891,0.9859765322304692,0.09145276242461461,0.9859664330372891,0.5791671389169903,0.256,0.7886553735094859,0.6311426622788856,0.9010598534714074,0.888150634657057,287,0.15831404117779987,0.20650543262973128,0.00716581058214901,0.31700020485353325,0.2663703725212685,0.04464413823551815,0.4,0.2,False,False,0.0,0
M1,1835087610,24,287,0.9913049137443221,0.9918055442704004,0.060428224486418436,0.9913049137443221,0.5995844336636009,0.35,0.7879473706473636,0.6481593497947239,0.9064407783148412,0.9074968881862718,291,0.29467275787228225,0.16370821934519036,0.060010321369577055,0.16614619817421136,0.27743455095287267,0.03802795228586636,1.0,0.0,False,False,0.0,0
M1,1835087610,25,291,0.9905406997378733,0.990540705157987,0.15142963838071374,0.9905406997378733,0.6223454366938724,0.014000000000000002,0.7873468797977005,0.6594113804251708,0.915796700483357,0.9145158837233289,297,0.23324997650228785,0.16233535016788436,0.03761637893555339,0.18938925930980757,0.3144766028077628,0.06293243227670403,0.2,0.0,False,False,0.0,0
M1,1835087610,26,297,0.9884891751642603,0.9884998616806038,0.09102314678922062,0.9884891751642603,0.6384723494831647,0.256,0.7868961207473785,0.6629012674382403,0.9042857452551104,0.9315920209654998,304,0.1432557004291002,0.20206415246249373,0.062015748579668885,0.3110405868785009,0.20034357410044557,0.08128023754979076,0.4,0.2,False,False,0.0,0
M1,1835087610,27,304,0.9917667112261764,0.9917735497827143,0.09460289134659275,0.9917667112261764,0.6383481917725929,0.22400000000000003,0.7934126574508593,0.6601669748573176,0.9138571707295994,0.9104924444756762,302,0.06763463488736601,0.36229653371185405,0.0008312415349042051,0.1806510888399528,0.34203718948704975,0.04654931153887323,0.8,0.0,False,False,0.0,0
M1,1835087610,28,302,0.9896949585726414,0.9896994215742655,0.09798322956052427,0.9896949585726414,0.6429263332843936,0.2,0.7930752935493969,0.6556700981656964,0.9224714536566394,0.8962269967962826,307,0.0438934006405589,0.20030615200761953,0.1871877463035657,0.18546962076979004,0.3341222733594971,0.04902080691896875,0.0,0.2,False,False,0.0,0
M1,1835087610,29,307,0.9911626756209179,0.9911626797507571,0.15359880681481825,0.9911626756209179,0.6562412860983218,0.014000000000000002,0.7942961089973377,0.6550851804197816,0.9284484393300989,0.8882956781966808,308,0.08998233952962473,0.23787990260619027,0.1216333939385182,0.25409248545891544,0.29112065519561714,0.005291223271134188,0.2,0.0,False,False,0.0,0
M1,1835087610,30,308,0.9870588239922289,0.9899874313572442,0.04635283188525622,0.9870588239922289,0.6461372670706801,0.456,0.8030874692841609,0.6723309213987925,0.9030078130110796,0.9271045830568222,303,0.38096318937397883,0.22511542120309955,0.0179108814491583,0.2057064113177442,0.13702108806995258,0.03328300858606659,0.4,0.4,False,False,0.0,0
M1,1835087610,31,303,0.9922782498175521,0.992278263115371,0.1442995553119488,0.9922782498175521,0.6795116117857707,0.05600000000000001,0.8020980839266577,0.6710629488640996,0.9028173786035426,0.9266929770053702,314,0.09185716919058336,0.24523814669678345,0.04919912750520903,0.295200589350561,0.25055173446785517,0.06795323278900814,0.4,0.0,False,False,0.0,0
M1,1835087610,32,314,0.9913064665637935,0.9919537877816967,0.05838387957814502,0.9913064665637935,0.6902068274252634,0.4,0.8091965002767287,0.6706577309237374,0.906318932511425,0.9144624713544157,314,0.10184911878553447,0.3604309763482324,0.004630384715762491,0.24465141779548621,0.2689164588411832,0.019521643513801343,0.0,0.4,False,False,0.0,0
M1,1835087610,33,314,0.9904178432881389,0.9904178458022407,0.15754358989689116,0.9904178432881389,0.7058887478199557,0.014000000000000002,0.8091169763763962,0.6742342424099038,0.9014696121914898,0.9243754448841752,318,0.15136747540441584,0.19422374922443603,0.04453812331491889,0.3179043517521583,0.22891286465603655,0.06305343564803433,0.2,0.0,False,False,0.0,0
M1,1835087610,34,318,0.9901877049247279,0.990880006912248,0.05784050343508826,0.9901877049247279,0.7202153595394428,0.41400000000000003,0.8098430466660991,0.6890695993084908,0.9076351545541543,0.9374560659942054,320,0.2943383627385262,0.17641514152883378,0.06227611150151049,0.1690850112739658,0.2815625179090675,0.016322855048096222,0.2,0.4,False,False,0.0,0
M1,1835087610,35,320,0.989573402296933,0.9895765785848685,0.10068952945123856,0.989573402296933,0.7254944668590464,0.2,0.8104600623441879,0.6901320049201881,0.9168716390987389,0.9287354231861923,320,0.13144856971402297,0.17100562374402808,0.04184782952520877,0.20781918643394875,0.36870972940418995,0.07916906117860144,0.0,0.2,False,False,0.0,0
M1,1835087610,36,320,0.9923397947499062,0.992339811512456,0.14245691612477981,0.9923397947499062,0.7469979860064295,0.05600000000000001,0.8091190690610536,0.6823243154709728,0.925184475188865,0.9114861521416083,326,0.021236384959926496,0.2214694445401653,0.04411279806789525,0.34098736295865234,0.34379022573104684,0.02840378374231392,0.4,0.0,False,False,0.0,0
M1,1835087610,37,326,0.9902023844201544,0.9902070536776477,0.09762768699645069,0.9902023844201544,0.734027689742431,0.22400000000000003,0.8114440585042237,0.6795815830655558,0.9326660276699785,0.897959725004778,319,0.07966854210164477,0.1955677758807643,0.07799328501274227,0.22690350481284274,0.32007631654936325,0.09979057564264267,0.8,0.0,False,False,0.0,0
M1,1835087610,38,319,0.988647976061447,0.9886516370575277,0.09955157953510327,0.988647976061447,0.7420837190607531,0.21400000000000002,0.8115603992251725,0.67937679711901,0.9302163500675344,0.8999241250032034,322,0.10967866508415006,0.2432763669941036,0.09613122763852659,0.2532963364926691,0.2540846258227687,0.04353277796778199,0.2,0.2,False,False,0.0,0
M1,1835087610,39,322,0.9894148285404673,0.9894148305402155,0.15935754027907872,0.9894148285404673,0.753393807362955,0.014000000000000002,0.8169926122202857,0.6791480419595686,0.937194715060781,0.8869854436069216,323,0.10925105870636356,0.17681031316408274,0.005207861372170411,0.2208115275010477,0.4719255052108046,0.015993734045530963,0.2,0.0,False,False,0.0,0
M1,1835087610,40,323,0.9934142523638466,0.9934164680541393,0.1035871720727158,0.9934142523638466,0.7417859509224355,0.22400000000000003,0.8186607310219518,0.6751301211483326,0.9246785346360868,0.8918519158269349,319,0.06174351608428025,0.17846752240422456,0.15995790238600566,0.2987112211366297,0.20601645540691982,0.09510338258193995,0.8,0.0,False,False,0.0,0
M1,1835087610,41,319,0.9865700899936751,0.9865744932582065,0.09806532099873917,0.9865700899936751,0.7550467673879294,0.2,0.8158180894817827,0.6816446431144048,0.9194888498262441,0.9086951875183398,324,0.19088785029360938,0.25577659276999587,0.033372636867975515,0.2704480167337745,0.23639084326882984,0.013124060065815043,0.0,0.2,False,False,0.0,0
M1,1835087610,42,324,0.9918061336512932,0.9918141496158129,0.09333869209573352,0.9918061336512932,0.7839000909892764,0.22400000000000003,0.8081666829646512,0.6857836373524744,0.9275399648436197,0.9148576945691104,334,0.16526532992237364,0.20747287840210565,0.0547141122216679,0.22331436308566652,0.30439767488201475,0.04483564148617159,0.8,0.0,False,False,0.0,0
M1,1835087610,43,334,0.9912551156016067,0.9912553655234754,0.12094008091307205,0.9912551156016067,0.7764769266355763,0.126,0.8017423571792821,0.6782559261085599,0.9345078826652483,0.9052651452192284,332,0.022018382796364724,0.15247748289335994,0.10531489121865859,0.2890844150510664,0.29860957152995316,0.13249525651059735,0.6,0.0,False,False,0.0,0
M1,1835087610,44,332,0.9767208402383895,0.9899540315641986,0.03434716901983365,0.9767208402383895,0.7581178254185467,0.55,0.8022057065771135,0.672041497986451,0.9410570943987235,0.8902138997498498,327,0.03372960229148843,0.26016520013700434,0.07530920444082925,0.30205167594950766,0.3073815716757288,0.021362745505441542,1.0,0.2,False,False,0.0,0
M1,1835087610,45,327,0.9820405419805854,0.9820680425349898,0.08344713524801141,0.9820405419805854,0.7560711468896313,0.256,0.7985400831612599,0.667068497583093,0.9469513849588512,0.8821572897334421,324,0.04536343119955703,0.15789905620149203,0.030532711903501698,0.358625203899264,0.3220219872110042,0.08555760958518119,0.4,0.2,False,False,0.0,0
M1,1835087610,46,324,0.9892470207571533,0.989555789214312,0.06425706647970215,0.9892470207571533,0.7465895403706968,0.35,0.7982169089935642,0.6658061270291882,0.9522562464629661,0.8759373273435548,321,0.08863817906562296,0.20927451365124047,0.10696621453391915,0.1872503604478629,0.3604583331779068,0.04741239912344775,1.0,0.0,False,False,0.0,0
M1,1835087610,47,321,0.9775583095806012,0.9900973246917484,0.034777235252843944,0.9775583095806012,0.7499008699153283,0.526,0.799177309877285,0.6791038516497949,0.9570306218166695,0.8879064578806367,322,0.2698503871508264,0.1538378699543754,0.03052449070647433,0.18689382422951434,0.30884685429605324,0.05004657366275621,0.6,0.4,False,False,0.0,0
M1,1835087610,48,322,0.993170759130679,0.9935891183820701,0.061871581378532534,0.993170759130679,0.7662127049965483,0.35,0.7902831305118463,0.6915207327529617,0.9347328275415354,0.9361274896483669,327,0.26715092107070654,0.1582606998803255,0.010975925324724215,0.26407799277766464,0.16702633953266435,0.13250812141391488,1.0,0.0,False,False,0.0,0
M1,1835087610,49,327,0.9840163611025796,0.987896230049601,0.044097034564458605,0.9840163611025796,0.7641537620912191,0.456,0.7911422105776836,0.7016619984331315,0.9048635040843291,0.9801449969551475,332,0.24646627897272438,0.32887675970956715,0.0002354033932098468,0.3055810980467658,0.1180197964847365,0.0008206633929964462,0.4,0.4,False,False,0.0,0
M1,1835087610,50,332,0.9921174793581888,0.9921179639338532,0.11567643822490709,0.9921174793581888,0.7850243707608381,0.1325,0.7908423802997225,0.7080990013546351,0.8991377350099448,0.9958130716417265,335,0.20650128553950242,0.19670705242832018,0.07829419431708019,0.2742568656012314,0.22380290667024247,0.02043769544362339,0.6,0.0065,True,True,0.03,0
M1,1835087610,51,335,0.9920198317646111,0.9920198932107114,0.1321141073602715,0.9920198317646111,0.8149391447289472,0.069,0.784504344757644,0.7121729517794484,0.9092239615089502,0.9984337420263556,345,0.18098625615681363,0.1559257009680962,0.09419190018128312,0.24138641862669463,0.310484779859958,0.01702494420715448,0.4,0.013,True,True,0.06,0
M1,1835087610,52,345,0.9886421277809119,0.98864213732269,0.14691244223209102,0.9886421277809119,0.7988171653825531,0.0335,0.7915056621200821,0.7167912917673268,0.8929442474590902,1.0141783860097116,338,0.19033734471063482,0.2546843382330432,0.056675429431862524,0.30862735073854936,0.1732134105051746,0.016462126380735395,0.2,0.0195,True,True,0.09000000000000001,0
M1,1835087610,53,338,0.9900244565584151,0.9908607478888275,0.05633625454257701,0.9900244565584151,0.8047236805250427,0.376,0.7898662275764676,0.706846283387728,0.9036498227131812,0.9903102315456124,342,0.011181952609595161,0.19214321569385562,0.04371024922060023,0.2400032039663177,0.511656205523416,0.0013051729862154908,1.0,0.026,True,True,0.12000000000000001,0
M1,1835087610,54,342,0.9878228037073495,0.993080387516534,0.04171986770621694,0.9878228037073495,0.8092446375868325,0.4885,0.7934156088452995,0.70658237261497,0.9132848404418631,0.975114938475319,344,0.1259800424578548,0.3187703978928182,0.022736298097574204,0.1923155628797891,0.3059870100918584,0.0342106885801052,0.4,0.4325,True,True,0.15000000000000002,0
M1,1835087610,55,344,0.9857496864982971,0.9884726858021998,0.0469200812574732,0.9857496864982971,0.8073864018105547,0.439,0.7961868134691272,0.700775623719916,0.9186498420123933,0.958106974165103,341,0.05652962169618084,0.17825751448627172,0.013192545380762009,0.299919747854046,0.28346742807358255,0.16863314250915692,0.0,0.439,True,True,0.18000000000000005,0
M1,1835087610,56,341,0.9862186075706185,0.9889323501920096,0.04695088795442391,0.9862186075706185,0.8292964172743785,0.4455,0.7943825691068405,0.7120029006151838,0.9090169269873635,0.9860072006190345,348,0.26582572601579496,0.18694435537923398,0.03708218730588265,0.2565486227888719,0.21116034588104746,0.042438762629168965,0.0,0.4455,True,True,0.21000000000000008,0
M1,1835087610,57,348,0.9784589680291758,0.9905690302123691,0.035058103392697285,0.9784589680291758,0.8457193648922253,0.508,0.7901493579260959,0.7115972844346959,0.9181152342886272,0.9809071424404305,354,0.12743161062839137,0.17577674032390148,0.07740237159704369,0.2910360695765046,0.3161287119087194,0.012224495965439423,0.4,0.452,True,True,0.2400000000000001,0
M1,1835087610,58,354,0.9847747527891515,0.9914275807100065,0.03983304213330743,0.9847747527891515,0.8483617891475811,0.47250000000000003,0.785441584943964,0.7212305639247667,0.9226857432633004,0.9951909577559406,352,0.2526642963975693,0.15587481270891307,0.007396730849981772,0.2050135966829387,0.2819101620176797,0.09714040134291743,0.2,0.4585,True,True,0.27000000000000013,0
M1,1835087610,59,352,0.9930435251758942,0.993086843478383,0.07991913807194921,0.9930435251758942,0.8625502674237584,0.279,0.7860686194596537,0.7128661643742031,0.9262385850427293,0.9790946416208629,355,0.03371410807093451,0.26679649458818616,0.03314704422255884,0.37856225718430814,0.27910708052879424,0.008673015405218143,0.2,0.265,True,True,0.30000000000000016,0
M1,1835087610,60,355,0.9915760302660614,0.9917023119107753,0.07139123437941933,0.9915760302660614,0.8804807857696958,0.29550000000000004,0.7874114883753893,0.7120436518602277,0.9224743199488813,0.9802810042043143,362,0.12275994630918416,0.16941063845408044,0.03712050080685704,0.42522421873063154,0.24429796705212478,0.0011867286471220475,0.8,0.0715,True,True,0.3300000000000002,0
M1,1835087610,61,362,0.9836531952669108,0.9915352509182949,0.038484301927212264,0.9836531952669108,0.894001782480268,0.49200000000000005,0.7857756363722505,0.7218203028681129,0.9222597524150526,0.9960411431373261,370,0.25473542001120864,0.2168494120230134,0.0612134000618988,0.20676773974389528,0.2601643223052977,0.0002697058546861289,0.2,0.47800000000000004,True,True,0.3600000000000002,0
M1,1835087610,62,370,0.9893060071663125,0.9893170152387467,0.09079373941405615,0.9893060071663125,0.9074204036551916,0.2105,0.7790083462513124,0.7228288816632573,0.9300337771735474,0.9976878072752992,378,0.15124492423187516,0.15107877900462569,0.028861337440805077,0.18840541625309298,0.45031177291584934,0.030097770153751608,0.6,0.08449999999999999,True,True,0.39000000000000024,0
M1,1835087610,63,378,0.980442725560323,0.9929033404466491,0.03484968947652719,0.980442725560323,0.8864630367770636,0.505,0.7708730683964415,0.7243240229271589,0.922687680390099,1.0183458409814075,377,0.15795731683830538,0.1400577737233976,0.02439944376433875,0.2590163968426925,0.22828640466953148,0.1902826641617343,0.2,0.491,True,True,0.42000000000000026,0
M1,1835087610,64,377,0.9905788811033656,0.9925680495943062,0.049452593550921214,0.9905788811033656,0.8672696979958433,0.4235,0.7713345480324052,0.7359451725722176,0.9113007938565105,1.0469861302152934,362,0.28546688489270816,0.18440655229433725,0.03340623270536249,0.25972905464112384,0.20440940752710735,0.03258186793936078,0.6,0.2975,True,True,0.45000000000000023,0
M1,1835087610,65,362,0.9899103615121129,0.9899120004298088,0.10595922655671758,0.9899103615121129,0.834779984277629,0.16,0.783445467795706,0.7264755445499814,0.9201707144708595,1.0077291455974207,344,0.029095382579684345,0.17858288878854187,0.1603510227421409,0.2482295987065092,0.3504877588404339,0.033253348342689844,0.4,0.104,True,True,0.48000000000000026,0
M1,1835087610,66,344,0.991394270111554,0.991541401977664,0.0701735274665554,0.991394270111554,0.8401992830911214,0.3105,0.7858368800386966,0.7304802086630143,0.9281536430237736,1.0015120370998079,344,0.19160551675664958,0.19184405171980218,0.006058604948110298,0.1920669231774097,0.4087639013488926,0.00966100204913563,0.0,0.3105,True,True,0.5100000000000002,0
M1,1835087610,67,344,0.9925259537228452,0.992975363026975,0.06129677280026187,0.9925259537228452,0.8342631893552062,0.373,0.7906928185277758,0.7367943757784091,0.9353382787213962,0.9962533609256027,344,0.222977219356819,0.17007083673367737,0.06622089715796738,0.11141708204820323,0.4125941175682003,0.016719847135132786,0.4,0.317,True,True,0.5400000000000001,0
M1,1835087610,68,344,0.9862730327939756,0.9910910735798603,0.042398854266352634,0.9862730327939756,0.8181711815713827,0.4735,0.784828144082188,0.7487701360282277,0.924673677758482,1.0317760702900693,343,0.29769348798423806,0.15213460072081197,0.038456415930390585,0.19554527554595097,0.21434613454612714,0.10182408527248134,1.0,0.1235,True,True,0.5700000000000001,0
M1,1835087610,69,343,0.9739148219554503,0.9871685483877675,0.03431239701475786,0.9739148219554503,0.8072882201338799,0.53,0.7878175148669534,0.7526098296283557,0.9019585861441395,1.059150455156436,344,0.2034775050192414,0.2551807063964743,0.015832131014483664,0.29368517015307094,0.14876138080752868,0.08306310660920106,0.0,0.53,True,True,0.6,0
M1,1835087610,70,344,0.9478919654937877,0.989381724843695,0.025246441190949202,0.9478919654937877,0.7859780246625011,0.5925,0.7905422077701132,0.7555143358380687,0.9109379686466381,1.0491288817275384,343,0.19418747113913476,0.2472879672009592,0.06513450618294789,0.1709784301824107,0.29587620558456285,0.026535419709984697,0.4,0.5365,True,True,0.6299999999999999,0
M1,1835087610,71,343,0.9823815226914043,0.9935286970272456,0.035741348784520045,0.9823815226914043,0.8204909130872664,0.493,0.7760636051146101,0.7480760576359,0.9198441717819743,1.0479345941003257,348,0.06671798237168408,0.13138972232280097,0.01646949819676268,0.26847428917320515,0.44267248782144014,0.07427602011410701,1.0,0.143,True,True,0.6599999999999998,0
M1,1835087610,72,348,0.8287847619119654,0.989721859173205,0.014458762686227478,0.8287847619119654,0.7131741328785685,0.6755,0.7807281504221738,0.7427475417036129,0.9278597546037769,1.0253190970473012,352,0.08844108686884818,0.1924834394962951,0.0006131131566231672,0.2714981900711358,0.4469641690208759,1.3862218995955724e-09,0.6,0.5495,True,True,0.6899999999999997,0
M1,1835087610,73,352,0.9806612783945956,0.9911375106606725,0.03621630483210542,0.9806612783945956,0.8389207940607674,0.493,0.7703350656085802,0.735947603208167,0.9350737791433992,1.021695190439861,352,0.06671798237168408,0.13138972232280097,0.01646949819676268,0.26847428917320515,0.44267248782144014,0.07427602011410701,1.0,0.143,True,True,0.7199999999999996,0
M1,1835087610,74,352,0.9775763251083712,0.9913683338332769,0.0340292950182415,0.9775763251083712,0.8336420449751883,0.493,0.7546467907643233,0.7294876616374933,0.9415664012290592,1.0266520258672185,356,0.06671798237168408,0.13138972232280097,0.01646949819676268,0.26847428917320515,0.44267248782144014,0.07427602011410701,1.0,0.143,True,True,0.7499999999999996,0
M1,1835087610,75,356,0.9772988594865227,0.9908596242317241,0.03415980361490312,0.9772988594865227,0.8156006089726057,0.493,0.7432698888537158,0.7233507171453534,0.9474097611061533,1.0272224971769817,352,0.06671798237168408,0.13138972232280097,0.01646949819676268,0.26847428917320515,0.44267248782144014,0.07427602011410701,1.0,0.143,True,True,0.7799999999999995,0
M1,1835087610,76,352,0.9783035201260213,0.9931292866274295,0.03346808910847325,0.9783035201260213,0.7989846771997614,0.493,0.7350327120476076,0.7175206198778205,0.952668784995538,1.024674157471749,347,0.06671798237168408,0.13138972232280097,0.01646949819676268,0.26847428917320515,0.44267248782144014,0.07427602011410701,1.0,0.143,True,True,0.8099999999999994,0
M1,1835087610,77,347,0.9728277014149324,0.9900551826682519,0.032248292145661495,0.9728277014149324,0.7760223506394287,0.493,0.7241744885260301,0.7119820274736641,0.9574019064959842,1.0269079632896096,343,0.06671798237168408,0.13138972232280097,0.01646949819676268,0.26847428917320515,0.44267248782144014,0.07427602011410701,1.0,0.143,True,True,0.8399999999999993,0
M1,1835087610,78,343,0.9677401186347956,0.9885735690041938,0.03072352667726249,0.9677401186347956,0.7571675748761713,0.493,0.7150264755009875,0.7067203646897157,0.9616617158463858,1.0277870852708193,340,0.06671798237168408,0.13138972232280097,0.01646949819676268,0.26847428917320515,0.44267248782144014,0.07427602011410701,1.0,0.143,True,True,0.8699999999999992,0
M1,1835087610,79,340,0.9662902866087298,0.9893442664803994,0.029923545276185175,0.9662902866087298,0.73250041250709,0.493,0.7084222081911263,0.7017217850449646,0.9654955442617472,1.0259413124205392,332,0.06671798237168408,0.13138972232280097,0.01646949819676268,0.26847428917320515,0.44267248782144014,0.07427602011410701,1.0,0.143,True,True,0.8999999999999991,0
M1,1835087610,80,332,0.9657093102405984,0.9847938487164537,0.031390984108625154,0.9657093102405984,0.7194257244276108,0.493,0.6976790986280011,0.6969731343824511,0.9689459898355725,1.0310049633126925,331,0.06671798237168408,0.13138972232280097,0.01646949819676268,0.26847428917320515,0.44267248782144014,0.07427602011410701,1.0,0.143,True,True,0.929999999999999,0
M1,1835087610,81,331,0.964920148529562,0.9912084135348656,0.028893497460850424,0.964920148529562,0.7096547967307386,0.493,0.6864227619408072,0.6924619162530633,0.9720513908520152,1.0378031650147461,332,0.06671798237168408,0.13138972232280097,0.01646949819676268,0.26847428917320515,0.44267248782144014,0.07427602011410701,1.0,0.143,True,True,0.9599999999999991,0
M1,1835087610,82,332,0.9601474736756537,0.9896993502940375,0.027949844786615125,0.9601474736756537,0.6974953091660951,0.493,0.6800848309188124,0.6881762590301449,0.9748462517668137,1.038007452869915,331,0.06671798237168408,0.13138972232280097,0.01646949819676268,0.26847428917320515,0.44267248782144014,0.07427602011410701,1.0,0.143,True,True,0.9899999999999991,0
M1,1835087610,83,331,0.9668441623257635,0.9912785766398263,0.02947618182407532,0.9668441623257635,0.6906555495833478,0.493,0.6730800774599357,0.6841048846683724,0.9773616265901324,1.0399217742458877,329,0.06671798237168408,0.13138972232280097,0.01646949819676268,0.26847428917320515,0.44267248782144014,0.07427602011410701,1.0,0.143,True,True,1.0199999999999991,0
M1,1835087610,84,329,0.9456203551012793,0.9860918064981411,0.025417734402455327,0.9456203551012793,0.6665804147911975,0.493,0.6666857901216106,0.6802370790246884,0.9796254639311192,1.0415473952617607,328,0.06671798237168408,0.13138972232280097,0.01646949819676268,0.26847428917320515,0.44267248782144014,0.07427602011410701,1.0,0.143,True,True,1.0499999999999992,0
M1,1835087610,85,328,0.9577397678044236,0.9873723209612116,0.027909405259872462,0.9577397678044236,0.6679771222218681,0.493,0.6622742626780476,0.6765626636631887,0.9816629175380073,1.040657368987851,327,0.06671798237168408,0.13138972232280097,0.01646949819676268,0.26847428917320515,0.44267248782144014,0.07427602011410701,1.0,0.143,True,True,1.0799999999999992,0
M1,1835087610,86,327,0.9558512885923606,0.9907901796647881,0.026625672447165995,0.9558512885923606,0.6284998726559273,0.493,0.6615035379033998,0.6730719690697641,0.9834966257842066,1.0345618479400005,309,0.06671798237168408,0.13138972232280097,0.01646949819676268,0.26847428917320515,0.44267248782144014,0.07427602011410701,1.0,0.143,True,True,1.1099999999999992,0
M1,1835087610,87,309,0.9581923810287402,0.9886932330245914,0.02769015151962728,0.9581923810287402,0.6108475886183583,0.493,0.6614768122744291,0.6697558092060106,0.985146963205786,1.0277816072005201,300,0.06671798237168408,0.13138972232280097,0.01646949819676268,0.26847428917320515,0.44267248782144014,0.07427602011410701,1.0,0.143,True,True,1.1399999999999992,0
M1,1835087610,88,300,0.9502750712617474,0.9889697924235465,0.025798289367614375,0.9502750712617474,0.5945065570718702,0.493,0.6544677566320684,0.6666054573354449,0.9866322668852074,1.0323460372105315,298,0.06671798237168408,0.13138972232280097,0.01646949819676268,0.26847428917320515,0.44267248782144014,0.07427602011410701,1.0,0.143,True,True,1.1699999999999993,0
M1,1835087610,89,298,0.9436611487372345,0.989103437796968,0.024519862839111978,0.9436611487372345,0.5880678795746249,0.493,0.6486015507792204,0.6636126230584073,0.9879690401966867,1.0356030488663903,300,0.06671798237168408,0.13138972232280097,0.01646949819676268,0.26847428917320515,0.44267248782144014,0.07427602011410701,1.0,0.143,True,True,1.1999999999999993,0
M1,1835087610,90,300,0.9580996737927855,0.9904057862500274,0.027246208623813623,0.9580996737927855,0.5758895656395998,0.493,0.6394374856151945,0.6607694304952216,0.989172136177018,1.0446720520835868,294,0.06671798237168408,0.13138972232280097,0.01646949819676268,0.26847428917320515,0.44267248782144014,0.07427602011410701,1.0,0.143,True,True,1.2299999999999993,0
M1,1835087610,91,294,0.9554790071484495,0.9911921838231816,0.026454423450663317,0.9554790071484495,0.5505200211662832,0.493,0.6424223701655598,0.6580683975601953,0.9902549225593162,1.0344353892382017,281,0.06671798237168408,0.13138972232280097,0.01646949819676268,0.26847428917320515,0.44267248782144014,0.07427602011410701,1.0,0.143,True,True,1.2599999999999993,0
M1,1835087610,92,281,0.9522117007025853,0.9901346146148511,0.025968036288221627,0.9522117007025853,0.5370347130151458,0.493,0.6367634079994204,0.6555024162719203,0.9912294303033846,1.0385370875386881,278,0.06671798237168408,0.13138972232280097,0.01646949819676268,0.26847428917320515,0.44267248782144014,0.07427602011410701,1.0,0.143,True,True,1.2899999999999994,0
M1,1835087610,93,278,0.9414797073925696,0.9879234229704545,0.024336846865111783,0.9414797073925696,0.5196878525436468,0.493,0.6266122094905193,0.653064734048059,0.9921064872730462,1.050507336876581,277,0.06671798237168408,0.13138972232280097,0.01646949819676268,0.26847428917320515,0.44267248782144014,0.07427602011410701,1.0,0.143,True,True,1.3199999999999994,0
M1,1835087610,94,277,0.9445615343908732,0.9872999543904905,0.024993645316167726,0.9445615343908732,0.4985747784644987,0.493,0.6204590575480337,0.6507489359353907,0.9928958385457416,1.0563227842003389,268,0.06671798237168408,0.13138972232280097,0.01646949819676268,0.26847428917320515,0.44267248782144014,0.07427602011410701,1.0,0.143,True,True,1.3499999999999994,0
M1,1835087610,95,268,0.9449724729642781,0.9880399909897154,0.024938549544426855,0.9449724729642781,0.4948179533725073,0.493,0.6098294841865928,0.6485489277283559,0.9936062546911675,1.070335699717487,271,0.06671798237168408,0.13138972232280097,0.01646949819676268,0.26847428917320515,0.44267248782144014,0.07427602011410701,1.0,0.143,True,True,1.3799999999999994,0
M1,1835087610,96,271,0.9398459563312688,0.9867719277035769,0.02424533488043034,0.9398459563312688,0.4681255874115698,0.493,0.6034182033314979,0.6464589199316728,0.9942456292220507,1.0775286701745856,261,0.06671798237168408,0.13138972232280097,0.01646949819676268,0.26847428917320515,0.44267248782144014,0.07427602011410701,1.0,0.143,True,True,1.4099999999999995,0
M1,1835087610,97,261,0.9277611271569801,0.9819218475704291,0.023064761327444457,0.9277611271569801,0.4626182742075773,0.493,0.6028854439559558,0.6444734125248239,0.9948210662998457,1.0745465489860409,262,0.06671798237168408,0.13138972232280097,0.01646949819676268,0.26847428917320515,0.44267248782144014,0.07427602011410701,1.0,0.143,True,True,1.4399999999999995,0
M1,1835087610,98,262,0.9345879298260831,0.9854755368047344,0.023589721083428633,0.9345879298260831,0.44883391649147214,0.493,0.5953365581261093,0.6425871804883174,0.9953389596698611,1.0844224535047875,256,0.06671798237168408,0.13138972232280097,0.01646949819676268,0.26847428917320515,0.44267248782144014,0.07427602011410701,1.0,0.143,True,True,1.4699999999999995,0
M1,1835087610,99,256,0.9269442860353755,0.9823613285462222,0.022885788826383223,0.9269442860353755,0.4282375326369188,0.493,0.58515446856508,0.6407952600536363,0.995805063702875,1.0997005300473424,251,0.06671798237168408,0.13138972232280097,0.01646949819676268,0.26847428917320515,0.44267248782144014,0.07427602011410701,1.0,0.143,True,True,1.4999999999999996,0
M1,1835087610,100,251,0.9162788727711846,0.9854516326871203,0.021145882681737827,0.9162788727711846,0.4025969680943645,0.493,0.583051917479914,0.6390929356406893,0.9962245573325875,1.100270695076528,240,0.06671798237168408,0.13138972232280097,0.01646949819676268,0.26847428917320515,0.44267248782144014,0.07427602011410701,1.0,0.143,True,True,1.5299999999999996,0
M1,1835087610,101,240,0.9233086458571481,0.9885779065767594,0.021633464037231626,0.9233086458571481,0.39590747784551616,0.493,0.5845929857203982,0.6374757274483895,0.9966021015993287,1.0941786953212043,234,0.06671798237168408,0.13138972232280097,0.01646949819676268,0.26847428917320515,0.44267248782144014,0.07427602011410701,1.0,0.143,True,True,1.5599999999999996,0
M1,1835087610,102,234,0.923423749143555,0.9856748072800968,0.021986928702131557,0.923423749143555,0.3880415761944974,0.493,0.5788178717514467,0.6359393796657048,0.9969418914393958,1.102056705613989,232,0.06671798237168408,0.13138972232280097,0.01646949819676268,0.26847428917320515,0.44267248782144014,0.07427602011410701,1.0,0.143,True,True,1.5899999999999996,0
M1,1835087610,103,232,0.9159424535617245,0.9828594952942127,0.02138882100249513,0.9159424535617245,0.3761245835124441,0.493,0.5739745379316107,0.6344798492721543,0.9972477022954562,1.1084654530805538,229,0.06671798237168408,0.13138972232280097,0.01646949819676268,0.26847428917320515,0.44267248782144014,0.07427602011410701,1.0,0.143,True,True,1.6199999999999997,0
M1,1835087610,104,229,0.9299992777369532,0.9855639755754786,0.022890516739638073,0.9299992777369532,0.3588939515258268,0.493,0.5649327974809568,0.6330932953982813,0.9975229320659106,1.1234352254837636,219,0.06671798237168408,0.13138972232280097,0.01646949819676268,0.26847428917320515,0.44267248782144014,0.07427602011410701,1.0,0.143,True,True,1.6499999999999997,0
M1,1835087610,105,219,0.911925585562378,0.9817774454134115,0.021038382130536177,0.911925585562378,0.34560270417202377,0.493,0.565991182169423,0.6317760692181019,0.9977706388593195,1.118723565240951,215,0.06671798237168408,0.13138972232280097,0.01646949819676268,0.26847428917320515,0.44267248782144014,0.07427602011410701,1.0,0.143,True,True,1.6799999999999997,0
M1,1835087610,106,215,0.9119815917656493,0.9891404640582991,0.02030591066351534,0.9119815917656493,0.33866464102572336,0.493,0.5713742131550171,0.6305247043469315,0.9979935749733876,1.1057417954471573,209,0.06671798237168408,0.13138972232280097,0.01646949819676268,0.26847428917320515,0.44267248782144014,0.07427602011410701,1.0,0.143,True,True,1.7099999999999997,0
M1,1835087610,107,209,0.9387571617694308,0.9849537794885858,0.024355346906922207,0.9387571617694308,0.3349634915208221,0.493,0.5745522185207057,0.6293359077193197,0.9981942174760489,1.097331777796024,200,0.06671798237168408,0.13138972232280097,0.01646949819676268,0.26847428917320515,0.44267248782144014,0.07427602011410701,1.0,0.143,True,True,1.7399999999999998,0
M1,1835087610,108,200,0.9298822454551056,0.9858018714118566,0.02284175340727186,0.9298822454551056,0.31296308005602197,0.493,0.5835510880891303,0.6282065509230884,0.998374795728444,1.0782760750726537,186,0.06671798237168408,0.13138972232280097,0.01646949819676268,0.26847428917320515,0.44267248782144014,0.07427602011410701,1.0,0.143,True,True,1.7699999999999998,0
M1,1835087610,109,186,0.9174345691962724,0.9730550234596057,0.022780855898313287,0.9174345691962724,0.2928564994003634,0.493,0.5824032015033914,0.6271336619666688,0.9985373161555996,1.0783805829085937,177,0.06671798237168408,0.13138972232280097,0.01646949819676268,0.26847428917320515,0.44267248782144014,0.07427602011410701,1.0,0.143,True,True,1.7999999999999998,0
M1,1835087610,110,177,0.9203594226196202,0.981426438461485,0.022105408245660384,0.9203594226196202,0.2944008504998589,0.493,0.587700446537675,0.6261144174580701,0.9986835845400397,1.0667674906585605,176,0.06671798237168408,0.13138972232280097,0.01646949819676268,0.26847428917320515,0.44267248782144014,0.07427602011410701,1.0,0.143,True,True,1.8299999999999998,0
M1,1835087610,111,176,0.9253845752171344,0.9848422643569626,0.0223456541069681,0.9253845752171344,0.3001005465147513,0.493,0.5833220250294314,0.6251461351749013,0.9988152260860357,1.0729710926455651,180,0.06671798237168408,0.13138972232280097,0.01646949819676268,0.26847428917320515,0.44267248782144014,0.07427602011410701,1.0,0.143,True,True,1.8599999999999999,0
M1,1835087610,112,180,0.9211842429768341,0.9847440971487995,0.02181378754704528,0.9211842429768341,0.27674203953523363,0.493,0.5902146192756441,0.6242262670058909,0.9989337034774322,1.0587548450869533,165,0.06671798237168408,0.13138972232280097,0.01646949819676268,0.26847428917320515,0.44267248782144014,0.07427602011410701,1.0,0.143,True,True,1.89,0
M1,1835087610,113,165,0.9419072097382426,0.9792373046494893,0.026005359348883515,0.9419072097382426,0.2832720243066207,0.493,0.5915422655412662,0.6233523922453311,0.999040333129689,1.054787145172403,165,0.06671798237168408,0.13138972232280097,0.01646949819676268,0.26847428917320515,0.44267248782144014,0.07427602011410701,1.0,0.143,True,True,1.92,0
M1,1835087610,114,165,0.9144502760388984,0.9809701259422573,0.021420892958952362,0.9144502760388984,0.261775096229183,0.493,0.5962206519623902,0.6225222112227993,0.9991362998167201,1.045016381954089,156,0.06671798237168408,0.13138972232280097,0.01646949819676268,0.26847428917320515,0.44267248782144014,0.07427602011410701,1.0,0.143,True,True,1.95,0
M1,1835087610,115,156,0.9103499397982139,0.9761006290062164,0.021473858683298843,0.9103499397982139,0.2608639195737862,0.493,0.5974676448554899,0.6217335392513941,0.9992226698350481,1.0414241052440556,156,0.06671798237168408,0.13138972232280097,0.01646949819676268,0.26847428917320515,0.44267248782144014,0.07427602011410701,1.0,0.143,True,True,1.9799999999999998,0
M1,1835087610,116,156,0.9289229479797076,0.9765589234184419,0.024042983199439247,0.9289229479797076,0.2612137587916326,0.493,0.5945386943616736,0.620984300878559,0.9993004028515433,1.045212111108821,154,0.06671798237168408,0.13138972232280097,0.01646949819676268,0.26847428917320515,0.44267248782144014,0.07427602011410701,1.0,0.143,True,True,2.01,0
M1,1835087610,117,154,0.9177426939476913,0.977076405751859,0.022299252244321867,0.9177426939476913,0.2537046950905994,0.493,0.5966888423640314,0.6202725244243659,0.999370362566389,1.0401791909223237,151,0.06671798237168408,0.13138972232280097,0.01646949819676268,0.26847428917320515,0.44267248782144014,0.07427602011410701,1.0,0.143,True,True,2.04,0
M1,1835087610,118,151,0.9157484206247203,0.9784439940870693,0.021871680710640978,0.9157484206247203,0.24758398933077302,0.493,0.5919600102663435,0.6195963367928823,0.9994333263097501,1.0472796034542837,149,0.06671798237168408,0.13138972232280097,0.01646949819676268,0.26847428917320515,0.44267248782144014,0.07427602011410701,1.0,0.143,True,True,2.0700000000000003,0
M1,1835087610,119,149,0.9188709152400094,0.9715830658160634,0.023196301466716487,0.9188709152400094,0.24691359526832582,0.493,0.5969020322937953,0.6189539585429729,0.9994899936787751,1.0374730802485146,147,0.06671798237168408,0.13138972232280097,0.01646949819676268,0.26847428917320515,0.44267248782144014,0.07427602011410701,1.0,0.143,True,True,2.1000000000000005,0
M1,1835087610,120,147,0.938814899068777,0.9800053776325792,0.025228271035554854,0.938814899068777,0.2541118883887152,0.493,0.593703307606069,0.618343699205559,0.9995409943108976,1.041981145956672,149,0.06671798237168408,0.13138972232280097,0.01646949819676268,0.26847428917320515,0.44267248782144014,0.07427602011410701,1.0,0.143,True,True,2.130000000000001,0
M1,1835087610,121,149,0.927007045384686,0.971731331107967,0.02450558989319061,0.927007045384686,0.24812980195878584,0.493,0.6080071575432382,0.6177639528350157,0.9995868948798079,1.0164670795206023,144,0.06671798237168408,0.13138972232280097,0.01646949819676268,0.26847428917320515,0.44267248782144014,0.07427602011410701,1.0,0.143,True,True,2.160000000000001,0
M1,1835087610,122,144,0.9132171498526883,0.970913281373081,0.022471666004013617,0.9132171498526883,0.23379074429763208,0.493,0.6117258167914662,0.6172131937829997,0.9996282053918271,1.0093455903315194,137,0.06671798237168408,0.13138972232280097,0.01646949819676268,0.26847428917320515,0.44267248782144014,0.07427602011410701,1.0,0.143,True,True,2.1900000000000013,0
M1,1835087610,123,137,0.9095112834072048,0.9780510626417156,0.02115905406142548,0.9095112834072048,0.22942448969540166,0.493,0.6121469289669297,0.6166899726835844,0.9996653848526443,1.0077587036219786,135,0.06671798237168408,0.13138972232280097,0.01646949819676268,0.26847428917320515,0.44267248782144014,0.07427602011410701,1.0,0.143,True,True,2.2200000000000015,0
M1,1835087610,124,135,0.9228360393766158,0.9611731267261808,0.025645266308884217,0.9228360393766158,0.22925456873407468,0.493,0.6265083189926378,0.6161929126391399,0.9996988463673799,0.983831369176045,130,0.06671798237168408,0.13138972232280097,0.01646949819676268,0.26847428917320515,0.44267248782144014,0.07427602011410701,1.0,0.143,True,True,2.2500000000000018,0
M1,1835087610,125,130,0.9310345519886155,0.9771087231365453,0.024312818490658274,0.9310345519886155,0.243204850967148,0.493,0.6165569976983927,0.6157207055969176,0.999728961730642,0.9989143534412204,139,0.06671798237168408,0.13138972232280097,0.01646949819676268,0.26847428917320515,0.44267248782144014,0.07427602011410701,1.0,0.143,True,True,2.280000000000002,0
M1,1835087610,126,139,0.9259622343002156,0.9766079234045079,0.02355570180990942,0.9259622343002156,0.24266108562748678,0.493,0.6058866293313024,0.6152721089068065,0.9997560655575778,1.0157382615703936,142,0.06671798237168408,0.13138972232280097,0.01646949819676268,0.26847428917320515,0.44267248782144014,0.07427602011410701,1.0,0.143,True,True,2.3100000000000023,0
M1,1835087610,127,142,0.9204425989720401,0.9722271519855419,0.023342900532325246,0.9204425989720401,0.2436246331392332,0.493,0.6123322938387586,0.6148459420512009,0.99978045900182,1.0043255300625877,142,0.06671798237168408,0.13138972232280097,0.01646949819676268,0.26847428917320515,0.44267248782144014,0.07427602011410701,1.0,0.143,True,True,2.3400000000000025,0
M1,1835087610,128,142,0.9158262582008413,0.9683059537874289,0.02320458777441853,0.9158262582008413,0.2351509071108164,0.493,0.6116050935330356,0.6144410835383756,0.999802413101638,1.0048355050299809,138,0.06671798237168408,0.13138972232280097,0.01646949819676268,0.26847428917320515,0.44267248782144014,0.07427602011410701,1.0,0.143,True,True,2.3700000000000028,0
M1,1835087610,129,138,0.9271988111311017,0.9821083523096399,0.022956971764482012,0.9271988111311017,0.23854947662048454,0.493,0.6044323364381124,0.6140564679511915,0.9998221717914741,1.0161032871830606,140,0.06671798237168408,0.13138972232280097,0.01646949819676268,0.26847428917320515,0.44267248782144014,0.07427602011410701,1.0,0.143,True,True,2.400000000000003,0
M1,1835087610,130,140,0.9278599311900129,0.9689117878689215,0.025164483585966936,0.9278599311900129,0.2339528551481623,0.493,0.605671866973627,0.6136910831433666,0.9998399546123268,1.0134023895802458,137,0.06671798237168408,0.13138972232280097,0.01646949819676268,0.26847428917320515,0.44267248782144014,0.07427602011410701,1.0,0.143,True,True,2.4300000000000033,0
M1,1835087610,131,137,0.9128244532417805,0.9804966041838464,0.02128034062761157,0.9128244532417805,0.2227422977801015,0.493,0.6086734092852785,0.613343967575933,0.999855959151094,1.007818507480644,132,0.06671798237168408,0.13138972232280097,0.01646949819676268,0.26847428917320515,0.44267248782144014,0.07427602011410701,1.0,0.143,True,True,2.4600000000000035,0
M1,1835087610,132,132,0.9278141122266867,0.9745755246478629,0.024174299340967126,0.9278141122266867,0.22587658027855195,0.493,0.6122120765892676,0.6130142077868711,0.9998703632359847,1.0014400413075333,131,0.06671798237168408,0.13138972232280097,0.01646949819676268,0.26847428917320515,0.44267248782144014,0.07427602011410701,1.0,0.143,True,True,2.4900000000000038,0
M1,1835087610,133,131,0.9103646891519683,0.9672905133741754,0.022548900682841724,0.9103646891519683,0.2141530271404645,0.493,0.6057197168254853,0.6127009359872623,0.9998833269123862,1.0116435259036254,128,0.06671798237168408,0.13138972232280097,0.01646949819676268,0.26847428917320515,0.44267248782144014,0.07427602011410701,1.0,0.143,True,True,2.520000000000004,0
M1,1835087610,134,128,0.9062185922001541,0.9723188496111804,0.02140075027258502,0.9062185922001541,0.20787262488066285,0.493,0.6002978345556543,0.6124033277776338,0.9998949942211476,1.0202729464659686,126,0.06671798237168408,0.13138972232280097,0.01646949819676268,0.26847428917320515,0.44267248782144014,0.07427602011410701,1.0,0.143,True,True,2.5500000000000043,0
M1,1835087610,135,126,0.9264384758118929,0.9739935274172967,0.02403557881344383,0.9264384758118929,0.21810101785546662,0.493,0.5973948886962498,0.6121205999784869,0.9999054947990328,1.024746722159485,130,0.06671798237168408,0.13138972232280097,0.01646949819676268,0.26847428917320515,0.44267248782144014,0.07427602011410701,1.0,0.143,True,True,2.5800000000000045,0
M1,1835087610,136,130,0.9048355483152216,0.9763503013791779,0.02080698064505093,0.9048355483152216,0.20783989899852312,0.493,0.5968993235519239,0.6118520085692972,0.9999149453191295,1.0251377907954584,127,0.06671798237168408,0.13138972232280097,0.01646949819676268,0.26847428917320515,0.44267248782144014,0.07427602011410701,1.0,0.143,True,True,2.6100000000000048,0
M1,1835087610,137,127,0.9161493229484012,0.964006545782874,0.02390311833994685,0.9161493229484012,0.20003920786400614,0.493,0.5908915670517119,0.6115968467305671,0.9999234507872166,1.0351199808514033,122,0.06671798237168408,0.13138972232280097,0.01646949819676268,0.26847428917320515,0.44267248782144014,0.07427602011410701,1.0,0.143,True,True,2.640000000000005,0
M1,1835087610,138,122,0.9268761235883356,0.9654651794910691,0.02562858634092569,0.9268761235883356,0.1991581768000961,0.493,0.5865092499068797,0.6113544429837735,0.9999311057084949,1.042432945113824,121,0.06671798237168408,0.13138972232280097,0.01646949819676268,0.26847428917320515,0.44267248782144014,0.07427602011410701,1.0,0.143,True,True,2.6700000000000053,0
M1,1835087610,139,121,0.9241451649355021,0.9702290915826156,0.024254889679944214,0.9241451649355021,0.20058711739575757,0.493,0.5976165018181383,0.6111241594243195,0.9999379951376454,1.0226659615054698,120,0.06671798237168408,0.13138972232280097,0.01646949819676268,0.26847428917320515,0.44267248782144014,0.07427602011410701,1.0,0.143,True,True,2.7000000000000055,0
M1,1835087610,140,120,0.9295696351660176,0.9682447015813647,0.02563374770490037,0.9295696351660176,0.18167866666679972,0.493,0.5981208612628911,0.6109053900428383,0.9999441956238808,1.0214314910360838,108,0.06671798237168408,0.13138972232280097,0.01646949819676268,0.26847428917320515,0.44267248782144014,0.07427602011410701,1.0,0.143,True,True,2.7300000000000058,0
M1,1835087610,141,108,0.9204017842707038,0.9643745326124401,0.024579992341607265,0.9204017842707038,0.1783610369535855,0.493,0.5877996307655331,0.6106975591304311,0.9999497760614927,1.039007512665873,109,0.06671798237168408,0.13138972232280097,0.01646949819676268,0.26847428917320515,0.44267248782144014,0.07427602011410701,1.0,0.143,True,True,2.760000000000006,0
M1,1835087610,142,109,0.8765962324355516,0.9568649558624285,0.019727312283135068,0.8765962324355516,0.16664302324062585,0.493,0.5987799579844005,0.6105001197636443,0.9999547984553434,1.0196194919660186,105,0.06671798237168408,0.13138972232280097,0.01646949819676268,0.26847428917320515,0.44267248782144014,0.07427602011410701,1.0,0.143,True,True,2.7900000000000063,0
M1,1835087610,143,105,0.8984289740599027,0.9648290510607801,0.02130317230025843,0.8984289740599027,0.1657258253692008,0.493,0.6102456558350553,0.6103125523651968,0.999959318609809,1.000150309801371,100,0.06671798237168408,0.13138972232280097,0.01646949819676268,0.26847428917320515,0.44267248782144014,0.07427602011410701,1.0,0.143,True,True,2.8200000000000065,0
M1,1835087610,144,100,0.8999553488338622,0.96485661778801,0.021485136520632393,0.8999553488338622,0.1589044709568434,0.493,0.6023718926049266,0.6101343633366717,0.9999633867488281,1.0129235952871356,97,0.06671798237168408,0.13138972232280097,0.01646949819676268,0.26847428917320515,0.44267248782144014,0.07427602011410701,1.0,0.143,True,True,2.8500000000000068,0
M1,1835087610,145,97,0.9061554277391507,0.9596146799437285,0.02298560885749952,0.9061554277391507,0.14776712051587892,0.493,0.5997509995527068,0.6099650837595728,0.9999670480739453,1.0170640555850252,90,0.06671798237168408,0.13138972232280097,0.01646949819676268,0.26847428917320515,0.44267248782144014,0.07427602011410701,1.0,0.143,True,True,2.880000000000007,0
M1,1835087610,146,90,0.9062904235027499,0.9671617767314091,0.022014408063269496,0.9062904235027499,0.14893572886444095,0.493,0.5979156636504684,0.6098042681613289,0.9999703432665508,1.0199136610289743,91,0.06671798237168408,0.13138972232280097,0.01646949819676268,0.26847428917320515,0.44267248782144014,0.07427602011410701,1.0,0.143,True,True,2.9100000000000072,0
M1,1835087610,147,91,0.9001490541535769,0.9586432125553288,0.022261082558816248,0.9001490541535769,0.14046729936518854,0.493,0.59401501446764,0.6096514933429972,0.9999733089398957,1.0263507675279417,87,0.06671798237168408,0.13138972232280097,0.01646949819676268,0.26847428917320515,0.44267248782144014,0.07427602011410701,1.0,0.143,True,True,2.9400000000000075,0
M1,1835087610,148,87,0.9015205056039494,0.9570147860186968,0.022666622987720913,0.9015205056039494,0.144200334107487,0.493,0.5953295447794719,0.609506357265582,0.9999759780459061,1.0238379809905587,89,0.06671798237168408,0.13138972232280097,0.01646949819676268,0.26847428917320515,0.44267248782144014,0.07427602011410701,1.0,0.143,True,True,2.9700000000000077,0
M1,1835087610,149,89,0.8983279991112045,0.947674686874746,0.023523141047154465,0.8983279991112045,0.14154560436891947,0.493,0.6000604444138323,0.6093684779920376,0.9999783802413155,1.0155337822202033,87,0.06671798237168408,0.13138972232280097,0.01646949819676268,0.26847428917320515,0.44267248782144014,0.07427602011410701,1.0,0.143,True,True,3.000000000000008,0
M1,1835087610,150,87,0.9101376149952539,0.9590419138031158,0.023689736160234818,0.9101376149952539,0.1393624833795002,0.493,0.6113710480768536,0.6092374926821705,0.9999805422171839,0.9965296021787815,83,0.06671798237168408,0.13138972232280097,0.01646949819676268,0.26847428917320515,0.44267248782144014,0.07427602011410701,1.0,0.143,True,True,3.0300000000000082,0
M1,1835087610,151,83,0.9208868925386835,0.9680351864703515,0.02405511263480265,0.9208868925386835,0.14009584850859835,0.493,0.6075358763649795,0.6091130566377967,0.9999824879954655,1.002613585982325,83,0.06671798237168408,0.13138972232280097,0.01646949819676268,0.26847428917320515,0.44267248782144014,0.07427602011410701,1.0,0.143,True,True,3.0600000000000085,0
M1,1835087610,152,83,0.9080763687965564,0.9497165652080317,0.024891931558577288,0.9080763687965564,0.13376819765339878,0.493,0.6029193070727628,0.6089948423956416,0.999984239195919,1.0100927829830142,81,0.06671798237168408,0.13138972232280097,0.01646949819676268,0.26847428917320515,0.44267248782144014,0.07427602011410701,1.0,0.143,True,True,3.0900000000000087,0
M1,1835087610,153,81,0.9091405616711975,0.969433305900502,0.022109107532036206,0.9091405616711975,0.13490490614061224,0.493,0.6074408923423227,0.6088825388655943,0.999985815276327,1.0023875302019183,81,0.06671798237168408,0.13138972232280097,0.01646949819676268,0.26847428917320515,0.44267248782144014,0.07427602011410701,1.0,0.143,True,True,3.120000000000009,0
M1,1835087610,154,81,0.9213332567460929,0.9538432093344011,0.026896719458006597,0.9213332567460929,0.1327235415691673,0.493,0.6124966624291645,0.6087758505120493,0.9999872337486944,0.9939378607914777,78,0.06671798237168408,0.13138972232280097,0.01646949819676268,0.26847428917320515,0.44267248782144014,0.07427602011410701,1.0,0.143,True,True,3.1500000000000092,0
M1,1835087610,155,78,0.8991986957808479,0.9529676697944356,0.022884295113825115,0.8991986957808479,0.12030619535379702,0.493,0.6163651337771235,0.6086744965761816,0.999988510373825,0.9875339417220517,72,0.06671798237168408,0.13138972232280097,0.01646949819676268,0.26847428917320515,0.44267248782144014,0.07427602011410701,1.0,0.143,True,True,3.1800000000000095,0
M1,1835087610,156,72,0.9265584130791017,0.9596855630818752,0.02679562231258248,0.9265584130791017,0.11888267526842025,0.493,0.608070027604783,0.6085782103371072,0.9999896593364425,1.0008460800180332,70,0.06671798237168408,0.13138972232280097,0.01646949819676268,0.26847428917320515,0.44267248782144014,0.07427602011410701,1.0,0.143,True,True,3.2100000000000097,0
M1,1835087610,157,70,0.8921516478876005,0.9443103101456191,0.023053687032125385,0.8921516478876005,0.11803042968207758,0.493,0.6096674350938651,0.6084867384099866,0.9999906934027982,0.9980726645010695,72,0.06671798237168408,0.13138972232280097,0.01646949819676268,0.26847428917320515,0.44267248782144014,0.07427602011410701,1.0,0.143,True,True,3.24000000000001,0
M1,1835087610,158,72,0.8716174589646634,0.9487661151007477,0.019975236247699077,0.8716174589646634,0.11870720107659408,0.493,0.6107321345652178,0.608399840079222,0.9999916240625184,0.9961894938998997,74,0.06671798237168408,0.13138972232280097,0.01646949819676268,0.26847428917320515,0.44267248782144014,0.07427602011410701,1.0,0.143,True,True,3.2700000000000102,0
M1,1835087610,159,74,0.8874342192544383,0.9398318515445332,0.022979459435022723,0.8874342192544383,0.11578362803055532,0.493,0.6014063173506737,0.6083172866649956,0.9999924616562665,1.0114989730805644,72,0.06671798237168408,0.13138972232280097,0.01646949819676268,0.26847428917320515,0.44267248782144014,0.07427602011410701,1.0,0.143,True,True,3.3000000000000105,0
M1,1835087610,160,72,0.89797199554412,0.9406544796031896,0.024618818474190587,0.89797199554412,0.11369702510231625,0.493,0.6003894593734724,0.6082388609214806,0.9999932154906399,1.0130807229468117,70,0.06671798237168408,0.13138972232280097,0.01646949819676268,0.26847428917320515,0.44267248782144014,0.07427602011410701,1.0,0.143,True,True,3.3300000000000107,0
M1,1835087610,161,70,0.8750117091800105,0.9520662608773997,0.020012591646929832,0.8750117091800105,0.1068499170258174,0.493,0.6050383188304663,0.6081643564651413,0.9999938939415759,1.0051728147574053,67,0.06671798237168408,0.13138972232280097,0.01646949819676268,0.26847428917320515,0.44267248782144014,0.07427602011410701,1.0,0.143,True,True,3.360000000000011,0
M1,1835087610,162,67,0.8976751935870496,0.9561174101190311,0.022247153488583134,0.8976751935870496,0.10648770868047576,0.493,0.5967379515829067,0.6080935772316189,0.9999945045474183,1.0190351013981345,66,0.06671798237168408,0.13138972232280097,0.01646949819676268,0.26847428917320515,0.44267248782144014,0.07427602011410701,1.0,0.143,True,True,3.3900000000000112,0
M1,1835087610,163,66,0.8939101282822337,0.9543997610829783,0.021958747425813656,0.8939101282822337,0.10652754208745258,0.493,0.6182767618958582,0.6080263369597727,0.9999950540926765,0.9834258404797929,64,0.06671798237168408,0.13138972232280097,0.01646949819676268,0.26847428917320515,0.44267248782144014,0.07427602011410701,1.0,0.143,True,True,3.4200000000000115,0
M1,1835087610,164,64,0.8895519441039049,0.9443910965373936,0.022655455769460573,0.8895519441039049,0.10865617939622521,0.493,0.6145810966902354,0.6079624587015188,0.9999955486834089,0.9892350549359221,66,0.06671798237168408,0.13138972232280097,0.01646949819676268,0.26847428917320515,0.44267248782144014,0.07427602011410701,1.0,0.143,True,True,3.4500000000000117,0
M1,1835087610,165,66,0.8919274918262562,0.930858326116235,0.025267829167064305,0.8919274918262562,0.10926101934251983,0.493,0.6164171530120602,0.6079017743561775,0.999995993815068,0.9861896392116931,66,0.06671798237168408,0.13138972232280097,0.01646949819676268,0.26847428917320515,0.44267248782144014,0.07427602011410701,1.0,0.143,True,True,3.480000000000012,0
M1,1835087610,166,66,0.8730841832763434,0.9458887258287805,0.02041239107456333,0.8730841832763434,0.10339384320133532,0.493,0.6145855596739993,0.6078441242281034,0.9999963944335611,0.9890344904634691,64,0.06671798237168408,0.13138972232280097,0.01646949819676268,0.26847428917320515,0.44267248782144014,0.07427602011410701,1.0,0.143,True,True,3.510000000000012,0
M1,1835087610,167,64,0.8895241393957544,0.950304930288837,0.021886298674377556,0.8895241393957544,0.10691407171404331,0.493,0.6142233731920044,0.607789356606433,0.999996754990205,0.9895281674754094,65,0.06671798237168408,0.13138972232280097,0.01646949819676268,0.26847428917320515,0.44267248782144014,0.07427602011410701,1.0,0.143,True,True,3.5400000000000125,0
M1,1835087610,168,65,0.8988080833434623,0.9409669811749233,0.024719712641886306,0.8988080833434623,0.11164914553688161,0.493,0.6348549614966768,0.6077373273658461,0.9999970794911845,0.9572881037906689,65,0.06671798237168408,0.13138972232280097,0.01646949819676268,0.26847428917320515,0.44267248782144014,0.07427602011410701,1.0,0.143,True,True,3.5700000000000127,0
M1,1835087610,169,65,0.9049918029734453,0.9483003905463581,0.02456734159161919,0.9049918029734453,0.11227333061083268,0.493,0.6244857263973168,0.6076878995872885,0.9999973715420661,0.9731039016365561,66,0.06671798237168408,0.13138972232280097,0.01646949819676268,0.26847428917320515,0.44267248782144014,0.07427602011410701,1.0,0.143,True,True,3.600000000000013,0
M1,1835087610,170,66,0.9143662990290108,0.9566101830653216,0.024834927570593093,0.9143662990290108,0.11497889976478665,0.493,0.6235782238441366,0.6076409431976588,0.9999976343878595,0.9744445161955042,67,0.06671798237168408,0.13138972232280097,0.01646949819676268,0.26847428917320515,0.44267248782144014,0.07427602011410701,1.0,0.143,True,True,3.630000000000013,0
M1,1835087610,171,67,0.9086179133169021,0.9617288238814167,0.023055164293056724,0.9086179133169021,0.11602514026707081,0.493,0.614923634938981,0.6075963346275106,0.9999978709490736,0.9880863146431117,69,0.06671798237168408,0.13138972232280097,0.01646949819676268,0.26847428917320515,0.44267248782144014,0.07427602011410701,1.0,0.143,True,True,3.6600000000000135,0
M1,1835087610,172,69,0.9047752598270571,0.935103961717938,0.027291620048148002,0.9047752598270571,0.11323402022427513,0.493,0.6027214969931445,0.6075539564858699,0.9999980838541662,1.0080196636108925,69,0.06671798237168408,0.13138972232280097,0.01646949819676268,0.26847428917320515,0.44267248782144014,0.07427602011410701,1.0,0.143,True,True,3.6900000000000137,0
M1,1835087610,173,69,0.8846221621500223,0.9455373835823622,0.021828677508864185,0.8846221621500223,0.11319177457584785,0.493,0.5989035225983967,0.6075136972513111,0.9999982754687496,1.014378313044005,71,0.06671798237168408,0.13138972232280097,0.01646949819676268,0.26847428917320515,0.44267248782144014,0.07427602011410701,1.0,0.143,True,True,3.720000000000014,0
M1,1835087610,174,71,0.8973887775410851,0.9532101985023409,0.022588127722145728,0.8973887775410851,0.11022168856805158,0.493,0.6002924172106511,0.6074754509784803,0.9999984479218746,1.0119674618780514,68,0.06671798237168408,0.13138972232280097,0.01646949819676268,0.26847428917320515,0.44267248782144014,0.07427602011410701,1.0,0.143,True,True,3.750000000000014,0
M1,1835087610,175,68,0.8775672726410457,0.9230436364568575,0.023963676718643585,0.8775672726410457,0.09951983478317017,0.493,0.5889255956097685,0.607439117019291,0.9999986031296871,1.0314375365282054,64,0.06671798237168408,0.13138972232280097,0.01646949819676268,0.26847428917320515,0.44267248782144014,0.07427602011410701,1.0,0.143,True,True,3.7800000000000145,0
M1,1835087610,176,64,0.8854450435394912,0.9592030808749462,0.02042008257917372,0.8854450435394912,0.09583997452617322,0.493,0.5897812591951306,0.6074045997580612,0.9999987428167184,1.0298824418511536,61,0.06671798237168408,0.13138972232280097,0.01646949819676268,0.26847428917320515,0.44267248782144014,0.07427602011410701,1.0,0.143,True,True,3.8100000000000147,0
M1,1835087610,177,61,0.9030612193843213,0.9526951568814535,0.0235189979232929,0.9030612193843213,0.09222253784365463,0.493,0.5753431136561716,0.6073718083598928,0.9999988685350466,1.055670053510981,59,0.06671798237168408,0.13138972232280097,0.01646949819676268,0.26847428917320515,0.44267248782144014,0.07427602011410701,1.0,0.143,True,True,3.840000000000015,0
M1,1835087610,178,59,0.8709720317692282,0.9236106960478949,0.022804339164795816,0.8709720317692282,0.0854161519327233,0.493,0.5719290566553925,0.6073406565316328,0.999998981681542,1.0619171520156006,57,0.06671798237168408,0.13138972232280097,0.01646949819676268,0.26847428917320515,0.44267248782144014,0.07427602011410701,1.0,0.143,True,True,3.870000000000015,0
M1,1835087610,179,57,0.9028271783831089,0.9414414899536002,0.025422801692559546,0.9028271783831089,0.08194294143678219,0.493,0.5802376067152416,0.6073110622947859,0.9999990835133878,1.0466602161927765,52,0.06671798237168408,0.13138972232280097,0.01646949819676268,0.26847428917320515,0.44267248782144014,0.07427602011410701,1.0,0.143,True,True,3.9000000000000155,0
M1,1835087610,180,52,0.8732841396101868,0.932708576802119,0.02191716901133875,0.8732841396101868,0.07820893401140432,0.493,0.5725583623377996,0.6072829477697813,0.9999991751620491,1.060648989913678,52,0.06671798237168408,0.13138972232280097,0.01646949819676268,0.26847428917320515,0.44267248782144014,0.07427602011410701,1.0,0.143,True,True,3.9300000000000157,0
M1,1835087610,181,52,0.8706162093304233,0.9315621560769032,0.021706133917137792,0.8706162093304233,0.07750670211213621,0.493,0.5691811408724737,0.607256238971027,0.9999992576458442,1.0668953100584397,52,0.06671798237168408,0.13138972232280097,0.01646949819676268,0.26847428917320515,0.44267248782144014,0.07427602011410701,1.0,0.143,True,True,3.960000000000016,0
M1,1835087610,182,52,0.8678128069415109,0.9421150873552524,0.020218477376434337,0.8678128069415109,0.07473814661320809,0.493,0.5843588184847079,0.6072308656122104,0.9999993318812598,1.0391411100621442,49,0.06671798237168408,0.13138972232280097,0.01646949819676268,0.26847428917320515,0.44267248782144014,0.07427602011410701,1.0,0.143,True,True,3.990000000000016,0
M1,1835087610,183,49,0.8813101818007493,0.9222000027579151,0.024802646104080374,0.8813101818007493,0.07477584072055837,0.493,0.5877164830001472,0.6072067609213346,0.9999993986931338,1.0331633425346631,48,0.06671798237168408,0.13138972232280097,0.01646949819676268,0.26847428917320515,0.44267248782144014,0.07427602011410701,1.0,0.143,True,True,4.0200000000000164,0
M1,1835087610,184,48,0.886468850695818,0.9349383813293859,0.023558202144215327,0.886468850695818,0.080909429192902,0.493,0.583613363894484,0.6071838614650026,0.9999994588238205,1.0403877423348384,52,0.06671798237168408,0.13138972232280097,0.01646949819676268,0.26847428917320515,0.44267248782144014,0.07427602011410701,1.0,0.143,True,True,4.050000000000017,0
M1,1835087610,185,52,0.8899696101837452,0.955032689379109,0.021383852442398602,0.8899696101837452,0.090331427442694,0.493,0.5818943315158572,0.6071621069814872,0.9999995129414384,1.0434238139482337,58,0.06671798237168408,0.13138972232280097,0.01646949819676268,0.26847428917320515,0.44267248782144014,0.07427602011410701,1.0,0.143,True,True,4.080000000000017,0
M1,1835087610,186,58,0.860870797853732,0.9274993999527903,0.020961728712108402,0.860870797853732,0.09283696660989517,0.493,0.5783815591201926,0.6071414402221476,0.9999995616472945,1.0497252147663787,62,0.06671798237168408,0.13138972232280097,0.01646949819676268,0.26847428917320515,0.44267248782144014,0.07427602011410701,1.0,0.143,True,True,4.110000000000017,0
M1,1835087610,187,62,0.9073600734601042,0.9396723011326011,0.026826133040797014,0.9073600734601042,0.09508591857106229,0.493,0.5906384210718877,0.6071218068007749,0.9999996054825651,1.02790814931952,59,0.06671798237168408,0.13138972232280097,0.01646949819676268,0.26847428917320515,0.44267248782144014,0.07427602011410701,1.0,0.143,True,True,4.140000000000017,0
M1,1835087610,188,59,0.883856764200126,0.9606543254090729,0.02011066579779543,0.883856764200126,0.08674698559126505,0.493,0.6044066206906256,0.6071031550504709,0.9999996449343086,1.0044618139992276,54,0.06671798237168408,0.13138972232280097,0.01646949819676268,0.26847428917320515,0.44267248782144014,0.07427602011410701,1.0,0.143,True,True,4.170000000000018,0
M1,1835087610,189,54,0.8869889071017938,0.9463028400324215,0.022047166194283967,0.8869889071017938,0.08588760416402695,0.493,0.6192586322778931,0.607085435887682,0.9999996804408777,0.9803426197779713,52,0.06671798237168408,0.13138972232280097,0.01646949819676268,0.26847428917320515,0.44267248782144014,0.07427602011410701,1.0,0.143,True,True,4.200000000000018,0
M1,1835087610,190,52,0.886675053082203,0.923370436221644,0.025674263003656238,0.886675053082203,0.09009804699971824,0.493,0.6257952368407887,0.6070686026830326,0.99999971239679,0.9700757396982371,54,0.06671798237168408,0.13138972232280097,0.01646949819676268,0.26847428917320515,0.44267248782144014,0.07427602011410701,1.0,0.143,True,True,4.230000000000018,0
M1,1835087610,191,54,0.9144904217788276,0.9395372015651547,0.028852423243327138,0.9144904217788276,0.09494293593807578,0.493,0.6277798123874634,0.6070526111386157,0.999999741157111,0.9669835765525339,55,0.06671798237168408,0.13138972232280097,0.01646949819676268,0.26847428917320515,0.44267248782144014,0.07427602011410701,1.0,0.143,True,True,4.260000000000018,0
M1,1835087610,192,55,0.9201849557657823,0.94761651471654,0.028196621446053484,0.9201849557657823,0.09774133070062067,0.493,0.6197630023563152,0.6070374191714197,0.9999997670413999,0.9794672451858315,57,0.06671798237168408,0.13138972232280097,0.01646949819676268,0.26847428917320515,0.44267248782144014,0.07427602011410701,1.0,0.143,True,True,4.290000000000019,0
M1,1835087610,193,57,0.9055622045349634,0.9433047209029182,0.025620314470890578,0.9055622045349634,0.09424443026069837,0.493,0.6180976120751044,0.6070229868025835,0.9999997903372599,0.9820829302912015,56,0.06671798237168408,0.13138972232280097,0.01646949819676268,0.26847428917320515,0.44267248782144014,0.07427602011410701,1.0,0.143,True,True,4.320000000000019,0
M1,1835087610,194,56,0.9011650116429245,0.9431199236252025,0.024776512879828946,0.9011650116429245,0.09165582637847808,0.493,0.6150501712483664,0.607009276052189,0.999999811303534,0.9869266264257269,55,0.06671798237168408,0.13138972232280097,0.01646949819676268,0.26847428917320515,0.44267248782144014,0.07427602011410701,1.0,0.143,True,True,4.350000000000019,0
M1,1835087610,195,55,0.8988148749231284,0.9318275824128656,0.026588682117863076,0.8988148749231284,0.08956799105053172,0.493,0.6137840541413045,0.6069962508393143,0.9999998301731806,0.9889412242433926,54,0.06671798237168408,0.13138972232280097,0.01646949819676268,0.26847428917320515,0.44267248782144014,0.07427602011410701,1.0,0.143,True,True,4.380000000000019,0
M1,1835087610,196,54,0.8927376682436989,0.9282231673393238,0.025982863193017257,0.8927376682436989,0.08981425437945134,0.493,0.6084071876751431,0.6069838768870833,0.9999998471558625,0.9976607475339716,55,0.06671798237168408,0.13138972232280097,0.01646949819676268,0.26847428917320515,0.44267248782144014,0.07427602011410701,1.0,0.143,True,True,4.41000000000002,0
M1,1835087610,197,55,0.8823806078195373,0.9346013257502778,0.022961956539516444,0.8823806078195373,0.0895658865912764,0.493,0.6138581101849452,0.606972121632464,0.9999998624402763,0.9887825786720033,55,0.06671798237168408,0.13138972232280097,0.01646949819676268,0.26847428917320515,0.44267248782144014,0.07427602011410701,1.0,0.143,True,True,4.44000000000002,0
M1,1835087610,198,55,0.8837625987985329,0.93126514103812,0.023687279052921503,0.8837625987985329,0.08573398339473795,0.493,0.6327019883683458,0.6069609541405755,0.9999998761962486,0.959315823947226,51,0.06671798237168408,0.13138972232280097,0.01646949819676268,0.26847428917320515,0.44267248782144014,0.07427602011410701,1.0,0.143,True,True,4.47000000000002,0
M1,1835087610,199,51,0.9028836053869304,0.9447304049516972,0.02481063255821138,0.9028836053869304,0.08464061826344127,0.493,0.6363712494049555,0.6069503450232815,0.9999998885766238,0.9537678096225748,49,0.06671798237168408,0.13138972232280097,0.01646949819676268,0.26847428917320515,0.44267248782144014,0.07427602011410701,1.0,0.143,True,True,4.50000000000002,0
M1,1835087610,200,49,0.9073773866147838,0.9452032511147692,0.025618759980229316,0.9073773866147838,0.08749743520221603,0.493,0.6289323978733213,0.6069402663618522,0.9999998997189614,0.965032695530987,51,0.06671798237168408,0.13138972232280097,0.01646949819676268,0.26847428917320515,0.44267248782144014,0.07427602011410701,1.0,0.143,True,True,4.530000000000021,0
M1,1835087610,201,51,0.936375065758058,0.9669544717191682,0.027492703059735436,0.936375065758058,0.08818375120378008,0.493,0.626530673591046,0.6069306916334943,0.9999999097470653,0.9687167316678511,50,0.06671798237168408,0.13138972232280097,0.01646949819676268,0.26847428917320515,0.44267248782144014,0.07427602011410701,1.0,0.143,True,True,4.560000000000021,0
M1,1835087610,202,50,0.8772970120410762,0.9454804906818393,0.02093094523920924,0.8772970120410762,0.08541014329577182,0.493,0.6227870461860631,0.6069215956415543,0.9999999187723588,0.9745251585708878,52,0.06671798237168408,0.13138972232280097,0.01646949819676268,0.26847428917320515,0.44267248782144014,0.07427602011410701,1.0,0.143,True,True,4.590000000000021,0
M1,1835087610,203,52,0.9109292533761527,0.9468184781349619,0.026050700865067843,0.9109292533761527,0.08704034026998672,0.493,0.6232353016147019,0.6069129544492113,0.999999926895123,0.9738103686442313,51,0.06671798237168408,0.13138972232280097,0.01646949819676268,0.26847428917320515,0.44267248782144014,0.07427602011410701,1.0,0.143,True,True,4.620000000000021,0
M1,1835087610,204,51,0.8821181681991328,0.9371706443170296,0.022563457709105793,0.8821181681991328,0.08134385449315203,0.493,0.6135078639254671,0.6069047453164855,0.9999999342056106,0.9892371735289541,50,0.06671798237168408,0.13138972232280097,0.01646949819676268,0.26847428917320515,0.44267248782144014,0.07427602011410701,1.0,0.143,True,True,4.650000000000022,0
M1,1835087610,205,50,0.8845636583945092,0.9358065013164455,0.02312268661507602,0.8845636583945092,0.08097598286746133,0.493,0.6090526862636275,0.606896946640396,0.9999999407850495,0.9964605628799021,50,0.06671798237168408,0.13138972232280097,0.01646949819676268,0.26847428917320515,0.44267248782144014,0.07427602011410701,1.0,0.143,True,True,4.680000000000022,0
M1,1835087610,206,50,0.9010415686184232,0.9520270318979085,0.02329956030165245,0.9010415686184232,0.08026605883242888,0.493,0.6173748060816073,0.6068895378981108,0.9999999467065446,0.9830164176818252,48,0.06671798237168408,0.13138972232280097,0.01646949819676268,0.26847428917320515,0.44267248782144014,0.07427602011410701,1.0,0.143,True,True,4.710000000000022,0
M1,1835087610,207,48,0.8724898530816615,0.9357117891133078,0.021449665230013223,0.8724898530816615,0.07643017961837419,0.493,0.6071154959555803,0.60688249959294,0.9999999520358901,0.9996162719357158,48,0.06671798237168408,0.13138972232280097,0.01646949819676268,0.26847428917320515,0.44267248782144014,0.07427602011410701,1.0,0.143,True,True,4.740000000000022,0
M1,1835087610,208,48,0.8989458929223363,0.9476254667314756,0.023631073248653357,0.8989458929223363,0.07274769536866174,0.493,0.5982545544842719,0.6068758132030277,0.999999956832301,1.0144107301007033,45,0.06671798237168408,0.13138972232280097,0.01646949819676268,0.26847428917320515,0.44267248782144014,0.07427602011410701,1.0,0.143,True,True,4.770000000000023,0
M1,1835087610,209,45,0.8038811611425521,0.9222211689128215,0.016343810380270784,0.8038811611425521,0.06692423211589078,0.493,0.589265574374474,0.6068694611326111,0.999999961149071,1.0298743233969971,47,0.06671798237168408,0.13138972232280097,0.01646949819676268,0.26847428917320515,0.44267248782144014,0.07427602011410701,1.0,0.143,True,True,4.800000000000023,0
M1,1835087610,210,47,0.8418772496599882,0.913804561165016,0.020234197542302886,0.8418772496599882,0.0687265663165271,0.493,0.5903910131448246,0.6068634266657152,0.9999999650341639,1.0279008900434226,46,0.06671798237168408,0.13138972232280097,0.01646949819676268,0.26847428917320515,0.44267248782144014,0.07427602011410701,1.0,0.143,True,True,4.830000000000023,0
M1,1835087610,211,46,0.9026609484991369,0.9460700304365606,0.024530148433821567,0.9026609484991369,0.07199778289205586,0.493,0.5768493842075951,0.6068576939221642,0.9999999685307475,1.0520210814702515,46,0.06671798237168408,0.13138972232280097,0.01646949819676268,0.26847428917320515,0.44267248782144014,0.07427602011410701,1.0,0.143,True,True,4.860000000000023,0
M1,1835087610,212,46,0.8744532811949458,0.9349800807353597,0.021790219597695573,0.8744532811949458,0.06621843502827186,0.493,0.5725577733869158,0.6068522478157907,0.9999999716776727,1.0598969976662393,44,0.06671798237168408,0.13138972232280097,0.01646949819676268,0.26847428917320515,0.44267248782144014,0.07427602011410701,1.0,0.143,True,True,4.890000000000024,0
M1,1835087610,213,44,0.830090450657611,0.8982877147864424,0.02052175755539195,0.830090450657611,0.05930471654928342,0.493,0.5659107152299168,0.6068470740147359,0.9999999745099055,1.0723371605303096,42,0.06671798237168408,0.13138972232280097,0.01646949819676268,0.26847428917320515,0.44267248782144014,0.07427602011410701,1.0,0.143,True,True,4.920000000000024,0
M1,1835087610,214,42,0.8667227304847472,0.926330356823306,0.021838047014024514,0.8667227304847472,0.05966142248857343,0.493,0.5585556725340307,0.6068421589037338,0.999999977058915,1.0864488584857745,41,0.06671798237168408,0.13138972232280097,0.01646949819676268,0.26847428917320515,0.44267248782144014,0.07427602011410701,1.0,0.143,True,True,4.950000000000024,0
M1,1835087610,215,41,0.8311745390719856,0.9090264809884363,0.01956240470290269,0.8311745390719856,0.053985262708547976,0.493,0.5540623330339788,0.6068374895482819,0.9999999793530234,1.095251320830045,39,0.06671798237168408,0.13138972232280097,0.01646949819676268,0.26847428917320515,0.44267248782144014,0.07427602011410701,1.0,0.143,True,True,4.980000000000024,0
M1,1835087610,216,39,0.8228348100273792,0.8877038575556303,0.020825686318920032,0.8228348100273792,0.05205455040643325,0.493,0.5538674783375014,0.6068330536606025,0.9999999814177211,1.0956286271915165,38,0.06671798237168408,0.13138972232280097,0.01646949819676268,0.26847428917320515,0.44267248782144014,0.07427602011410701,1.0,0.143,True,True,5.010000000000025,0
M1,1835087610,217,38,0.827297668031853,0.8864246823922686,0.021551968623839724,0.827297668031853,0.05585701466125599,0.493,0.5478712312873596,0.606828839567307,0.999999983275949,1.107612181588817,41,0.06671798237168408,0.13138972232280097,0.01646949819676268,0.26847428917320515,0.44267248782144014,0.07427602011410701,1.0,0.143,True,True,5.040000000000025,0
M1,1835087610,218,41,0.8673296469496704,0.9098338411209657,0.024386957187640647,0.8673296469496704,0.05788790026935271,0.493,0.5415880144180765,0.6068248361786764,0.9999999849483541,1.1204547167913383,41,0.06671798237168408,0.13138972232280097,0.01646949819676268,0.26847428917320515,0.44267248782144014,0.07427602011410701,1.0,0.143,True,True,5.070000000000025,0
M1,1835087610,219,41,0.7979123506765365,0.8890817785426767,0.018128828768565572,0.7979123506765365,0.05152849995494364,0.493,0.5371360952162135,0.6068210329594773,0.9999999864535186,1.1297342453508052,40,0.06671798237168408,0.13138972232280097,0.01646949819676268,0.26847428917320515,0.44267248782144014,0.07427602011410701,1.0,0.143,True,True,5.100000000000025,0
M1,1835087610,220,40,0.823107240413073,0.9097456797425871,0.018717491419909946,0.823107240413073,0.049334873989025245,0.493,0.5539233869305294,0.6068174199012382,0.9999999878081668,1.0954898125208772,36,0.06671798237168408,0.13138972232280097,0.01646949819676268,0.26847428917320515,0.44267248782144014,0.07427602011410701,1.0,0.143,True,True,5.130000000000026,0
M1,1835087610,221,36,0.802826847143398,0.8915689095886321,0.018365872978650877,0.802826847143398,0.05168668161743158,0.493,0.5492236282773195,0.606813987495911,0.9999999890273501,1.1048577717924943,39,0.06671798237168408,0.13138972232280097,0.01646949819676268,0.26847428917320515,0.44267248782144014,0.07427602011410701,1.0,0.143,True,True,5.160000000000026,0
M1,1835087610,222,39,0.7779143949149157,0.9016379101383268,0.015810011556897555,0.7779143949149157,0.052040998090487546,0.493,0.5564334211871692,0.6068107267108501,0.999999990124615,1.090536099374996,40,0.06671798237168408,0.13138972232280097,0.01646949819676268,0.26847428917320515,0.44267248782144014,0.07427602011410701,1.0,0.143,True,True,5.190000000000026,0
M1,1835087610,223,40,0.8340003704952255,0.8947826620146901,0.021406889243765957,0.8340003704952255,0.05464730339821708,0.493,0.5589841467467427,0.6068076289650424,0.9999999911121535,1.0855542825138118,39,0.06671798237168408,0.13138972232280097,0.01646949819676268,0.26847428917320515,0.44267248782144014,0.07427602011410701,1.0,0.143,True,True,5.220000000000026,0
M1,1835087610,224,39,0.8645038382991143,0.9305345080947607,0.021059491421566066,0.8645038382991143,0.057374773323105706,0.493,0.5810776494462597,0.6068046861065249,0.9999999920009381,1.0442747050048304,38,0.06671798237168408,0.13138972232280097,0.01646949819676268,0.26847428917320515,0.44267248782144014,0.07427602011410701,1.0,0.143,True,True,5.250000000000027,0
M1,1835087610,225,38,0.8496772364574708,0.8881794866093761,0.024982354308847918,0.8496772364574708,0.05768862881654497,0.493,0.5944541283830062,0.6068018903909335,0.9999999928008443,1.0207716050521445,38,0.06671798237168408,0.13138972232280097,0.01646949819676268,0.26847428917320515,0.44267248782144014,0.07427602011410701,1.0,0.143,True,True,5.280000000000027,0
M1,1835087610,226,38,0.8539848997111911,0.9091094500129162,0.022311057870744666,0.8539848997111911,0.052854855811932326,0.493,0.5883479813809652,0.6067992344611215,0.9999999935207599,1.0313611291202966,35,0.06671798237168408,0.13138972232280097,0.01646949819676268,0.26847428917320515,0.44267248782144014,0.07427602011410701,1.0,0.143,True,True,5.310000000000027,0
M1,1835087610,227,35,0.8603002347845073,0.8999678442443636,0.024849953585611817,0.8603002347845073,0.04676879062158647,0.493,0.5834636720481744,0.6067967113278001,0.9999999941686839,1.0399905665697085,31,0.06671798237168408,0.13138972232280097,0.01646949819676268,0.26847428917320515,0.44267248782144014,0.07427602011410701,1.0,0.143,True,True,5.340000000000027,0
M1,1835087610,228,31,0.861432143133842,0.9142188822678982,0.02270062151730671,0.861432143133842,0.04581783037425129,0.493,0.5708511559658623,0.6067943143511448,0.9999999947518156,1.0629641565830523,31,0.06671798237168408,0.13138972232280097,0.01646949819676268,0.26847428917320515,0.44267248782144014,0.07427602011410701,1.0,0.143,True,True,5.370000000000028,0
M1,1835087610,229,31,0.8567646210913482,0.9177348350666876,0.021583926758800324,0.8567646210913482,0.04290295553851821,0.493,0.5745137794649919,0.6067920372233223,0.999999995276634,1.0561836143503642,29,0.06671798237168408,0.13138972232280097,0.01646949819676268,0.26847428917320515,0.44267248782144014,0.07427602011410701,1.0,0.143,True,True,5.400000000000028,0
M1,1835087610,230,29,0.8193623980660808,0.8590089356233592,0.024483405212860538,0.8193623980660808,0.04160965999679224,0.493,0.5826321535044932,0.6067898739518909,0.9999999957489706,1.0414630790312074,29,0.06671798237168408,0.13138972232280097,0.01646949819676268,0.26847428917320515,0.44267248782144014,0.07427602011410701,1.0,0.143,True,True,5.430000000000028,0
M1,1835087610,231,29,0.8433597803128693,0.8788025207452995,0.025556949121959854,0.8433597803128693,0.039772326583826435,0.493,0.6034906449848418,0.6067878188440311,0.9999999961740735,1.0054635083544627,26,0.06671798237168408,0.13138972232280097,0.01646949819676268,0.26847428917320515,0.44267248782144014,0.07427602011410701,1.0,0.143,True,True,5.460000000000028,0
M1,1835087610,232,26,0.8378622405007718,0.8916760894649944,0.022348484316067032,0.8378622405007718,0.04228020985571304,0.493,0.5996304244221887,0.6067858664915643,0.9999999965566662,1.011933090562636,28,0.06671798237168408,0.13138972232280097,0.01646949819676268,0.26847428917320515,0.44267248782144014,0.07427602011410701,1.0,0.143,True,True,5.490000000000029,0
M1,1835087610,233,28,0.835791145423205,0.8726372502436089,0.025191806783640237,0.835791145423205,0.04315326750279888,0.493,0.5923745952744318,0.6067840117567208,0.9999999969009995,1.0243248418781996,29,0.06671798237168408,0.13138972232280097,0.01646949819676268,0.26847428917320515,0.44267248782144014,0.07427602011410701,1.0,0.143,True,True,5.520000000000029,0
M1,1835087610,234,29,0.8414559373370499,0.879259299539748,0.025047823060683674,0.8414559373370499,0.042217503117100943,0.493,0.6182685634436763,0.6067822497586195,0.9999999972108995,0.9814218081399726,27,0.06671798237168408,0.13138972232280097,0.01646949819676268,0.26847428917320515,0.44267248782144014,0.07427602011410701,1.0,0.143,True,True,5.550000000000029,0
M1,1835087610,235,27,0.8528718790901917,0.8717078402062847,0.030524391671899957,0.8528718790901917,0.0443035302531803,0.493,0.6172732673477196,0.6067805758604232,0.9999999974898095,0.9830015480676066,28,0.06671798237168408,0.13138972232280097,0.01646949819676268,0.26847428917320515,0.44267248782144014,0.07427602011410701,1.0,0.143,True,True,5.580000000000029,0
M1,1835087610,236,28,0.8383971405825397,0.8816734034798395,0.023993396591006834,0.8383971405825397,0.042398456470514566,0.493,0.623187298912932,0.6067789856571368,0.9999999977408286,0.9736703364885652,27,0.06671798237168408,0.13138972232280097,0.01646949819676268,0.26847428917320515,0.44267248782144014,0.07427602011410701,1.0,0.143,True,True,5.61000000000003,0
M1,1835087610,237,27,0.8838852074812167,0.8994627345937305,0.03228581189539404,0.8838852074812167,0.045429512419260944,0.493,0.6107554619377396,0.6067774749640147,0.9999999979667458,0.9934867782805067,28,0.06671798237168408,0.13138972232280097,0.01646949819676268,0.26847428917320515,0.44267248782144014,0.07427602011410701,1.0,0.143,True,True,5.64000000000003,0
M1,1835087610,238,28,0.8833736769632846,0.9149986807343046,0.026785449756707158,0.8833736769632846,0.046396638199741776,0.493,0.6241201961557094,0.6067760398055487,0.9999999981700712,0.9722102323452508,28,0.06671798237168408,0.13138972232280097,0.01646949819676268,0.26847428917320515,0.44267248782144014,0.07427602011410701,1.0,0.143,True,True,5.67000000000003,0
M1,1835087610,239,28,0.8577502329630836,0.8797525084477957,0.029360694734035152,0.8577502329630836,0.0462092026627307,0.493,0.6401692102789734,0.606774676405006,0.9999999983530641,0.9478348343868401,28,0.06671798237168408,0.13138972232280097,0.01646949819676268,0.26847428917320515,0.44267248782144014,0.07427602011410701,1.0,0.143,True,True,5.70000000000003,0
M1,1835087610,240,28,0.8605000090858527,0.8932885967812104,0.026306688097932514,0.8605000090858527,0.04716923948101558,0.493,0.6289210160768935,0.6067733811744904,0.9999999985177577,0.9647847131247557,29,0.06671798237168408,0.13138972232280097,0.01646949819676268,0.26847428917320515,0.44267248782144014,0.07427602011410701,1.0,0.143,True,True,5.730000000000031,0
M1,1835087610,241,29,0.8272550224430404,0.8697816193076083,0.02402440160990281,0.8272550224430404,0.04076576444164248,0.493,0.6306230216745978,0.6067721507055006,0.9999999986659819,0.9621788781254496,26,0.06671798237168408,0.13138972232280097,0.01646949819676268,0.26847428917320515,0.44267248782144014,0.07427602011410701,1.0,0.143,True,True,5.760000000000031,0
M1,1835087610,242,26,0.8710453285852453,0.8920811581295625,0.02982902743148229,0.8710453285852453,0.04239025467938395,0.493,0.622787302368038,0.6067709817599604,0.9999999987993837,0.9742828413188911,26,0.06671798237168408,0.13138972232280097,0.01646949819676268,0.26847428917320515,0.44267248782144014,0.07427602011410701,1.0,0.143,True,True,5.790000000000031,0
M1,1835087610,243,26,0.8376493201031217,0.8652093529601883,0.02743523313386429,0.8376493201031217,0.04197459645381294,0.493,0.6412679923457015,0.6067698712616971,0.9999999989194454,0.9462032709567099,26,0.06671798237168408,0.13138972232280097,0.01646949819676268,0.26847428917320515,0.44267248782144014,0.07427602011410701,1.0,0.143,True,True,5.820000000000031,0
M1,1835087610,244,26,0.838025202302836,0.8530961916037909,0.03212766378934859,0.838025202302836,0.04478848525720368,0.493,0.6350978481718468,0.606768816288347,0.9999999990275008,0.9553942256693772,28,0.06671798237168408,0.13138972232280097,0.01646949819676268,0.26847428917320515,0.44267248782144014,0.07427602011410701,1.0,0.143,True,True,5.850000000000032,0
M1,1835087610,245,28,0.859380997308869,0.9023633982014596,0.024232271724089604,0.859380997308869,0.04541811034051289,0.493,0.6280227524529642,0.6067678140636644,0.9999999991247507,0.9661557837272488,28,0.06671798237168408,0.13138972232280097,0.01646949819676268,0.26847428917320515,0.44267248782144014,0.07427602011410701,1.0,0.143,True,True,5.880000000000032,0
M1,1835087610,246,28,0.8774482113708606,0.9208977215292784,0.024308074176881352,0.8774482113708606,0.047376813097720114,0.493,0.6416188214372825,0.6067668619502159,0.9999999992122757,0.9456812084610763,28,0.06671798237168408,0.13138972232280097,0.01646949819676268,0.26847428917320515,0.44267248782144014,0.07427602011410701,1.0,0.143,True,True,5.910000000000032,0
M1,1835087610,247,28,0.877770640745996,0.904386631826653,0.028065192588285038,0.877770640745996,0.045819650311128404,0.493,0.643277525955961,0.6067659574424398,0.9999999992910481,0.9432413435723652,27,0.06671798237168408,0.13138972232280097,0.01646949819676268,0.26847428917320515,0.44267248782144014,0.07427602011410701,1.0,0.143,True,True,5.940000000000032,0
M1,1835087610,248,27,0.868467362559814,0.9093786378725162,0.024687025049114002,0.868467362559814,0.04645053683469047,0.493,0.6355814922901182,0.6067650981600525,0.9999999993619433,0.9546613705835199,28,0.06671798237168408,0.13138972232280097,0.01646949819676268,0.26847428917320515,0.44267248782144014,0.07427602011410701,1.0,0.143,True,True,5.970000000000033,0
M1,1835087610,249,28,0.8777543088998633,0.9062416620663866,0.027540631687040226,0.8777543088998633,0.05394909724553944,0.493,0.6390779830385733,0.6067642818417847,0.9999999994257489,0.9494369987607549,32,0.06671798237168408,0.13138972232280097,0.01646949819676268,0.26847428917320515,0.44267248782144014,0.07427602011410701,1.0,0.143,True,True,6.000000000000033,0
M1,1835087610,250,32,0.9032140745362868,0.9172345214962201,0.033279851008236334,0.9032140745362868,0.05497370478881459,0.493,0.6532746307002248,0.6067635063394301,0.999999999483174,0.9288031068995444,31,0.06671798237168408,0.13138972232280097,0.01646949819676268,0.26847428917320515,0.44267248782144014,0.07427602011410701,1.0,0.143,True,True,6.030000000000033,0
M1,1835087610,251,31,0.8761274739927245,0.9063476173692624,0.027071532126197173,0.8761274739927245,0.056241314803212504,0.493,0.6472438470113654,0.6067627696121933,0.9999999995348565,0.9374562194698941,33,0.06671798237168408,0.13138972232280097,0.01646949819676268,0.26847428917320515,0.44267248782144014,0.07427602011410701,1.0,0.143,True,True,6.060000000000033,0
M1,1835087610,252,33,0.8572077229154134,0.9076216430668667,0.02300907645217815,0.8572077229154134,0.051612468419019716,0.493,0.6462507600001782,0.6067620697213184,0.9999999995813709,0.9388957159217257,31,0.06671798237168408,0.13138972232280097,0.01646949819676268,0.26847428917320515,0.44267248782144014,0.07427602011410701,1.0,0.143,True,True,6.090000000000034,0
M1,1835087610,253,31,0.8649627550675799,0.8965493001089403,0.02663299430963499,0.8649627550675799,0.04910065483677828,0.493,0.6295979476390874,0.6067614048249872,0.9999999996232338,0.9637283719377944,30,0.06671798237168408,0.13138972232280097,0.01646949819676268,0.26847428917320515,0.44267248782144014,0.07427602011410701,1.0,0.143,True,True,6.120000000000034,0
M1,1835087610,254,30,0.8372107476957357,0.881418270522785,0.02382161732913953,0.8372107476957357,0.051084063536340485,0.493,0.6152219687323124,0.6067607731734725,0.9999999996609105,0.9862469226017266,33,0.06671798237168408,0.13138972232280097,0.01646949819676268,0.26847428917320515,0.44267248782144014,0.07427602011410701,1.0,0.143,True,True,6.150000000000034,0
M1,1835087610,255,33,0.8603227476911394,0.8913420429029472,0.026730877441908444,0.8603227476911394,0.05223868797418779,0.493,0.6122269986479247,0.6067601731045337,0.9999999996948195,0.9910705908587943,33,0.06671798237168408,0.13138972232280097,0.01646949819676268,0.26847428917320515,0.44267248782144014,0.07427602011410701,1.0,0.143,True,True,6.180000000000034,0
M1,1835087610,256,33,0.8569224158138411,0.9306973026217845,0.020178119072930812,0.8569224158138411,0.0514831117151062,0.493,0.6057665889210408,0.6067596030390418,0.9999999997253375,1.0016392688253468,33,0.06671798237168408,0.13138972232280097,0.01646949819676268,0.26847428917320515,0.44267248782144014,0.07427602011410701,1.0,0.143,True,True,6.210000000000035,0
M1,1835087610,257,33,0.8212430853771604,0.8752186374302922,0.022176311346748287,0.8212430853771604,0.047104205197226995,0.493,0.5963954680136027,0.6067590614768243,0.9999999997528037,1.017377049573713,32,0.06671798237168408,0.13138972232280097,0.01646949819676268,0.26847428917320515,0.44267248782144014,0.07427602011410701,1.0,0.143,True,True,6.240000000000035,0
M1,1835087610,258,32,0.8103288194263593,0.8884912031136925,0.019348842724806862,0.8103288194263593,0.046197190412702316,0.493,0.5927902165571618,0.6067585469927178,0.9999999997775234,1.0235636995692534,32,0.06671798237168408,0.13138972232280097,0.01646949819676268,0.26847428917320515,0.44267248782144014,0.07427602011410701,1.0,0.143,True,True,6.270000000000035,0
M1,1835087610,259,32,0.8310574205219196,0.8985994157404452,0.020601372849761417,0.8310574205219196,0.044806600591803324,0.493,0.6186001814232291,0.6067580582328167,0.999999999799771,0.9808565800260899,29,0.06671798237168408,0.13138972232280097,0.01646949819676268,0.26847428917320515,0.44267248782144014,0.07427602011410701,1.0,0.143,True,True,6.300000000000035,0
M1,1835087610,260,29,0.8436107439136079,0.8647110874749013,0.02955660313984144,0.8436107439136079,0.044354341685851395,0.493,0.6247890554725056,0.6067575939109106,0.9999999998197939,0.9711399210752546,28,0.06671798237168408,0.13138972232280097,0.01646949819676268,0.26847428917320515,0.44267248782144014,0.07427602011410701,1.0,0.143,True,True,6.330000000000036,0
M1,1835087610,261,28,0.8381653040635779,0.9044883138332105,0.020798342530889892,0.8381653040635779,0.043183521561077014,0.493,0.6122489793303073,0.6067571528050998,0.9999999998378145,0.9910300766318837,28,0.06671798237168408,0.13138972232280097,0.01646949819676268,0.26847428917320515,0.44267248782144014,0.07427602011410701,1.0,0.143,True,True,6.360000000000036,0
M1,1835087610,262,28,0.8620253429509551,0.9104221771691273,0.023358633205154175,0.8620253429509551,0.042637837875278535,0.493,0.609550091007882,0.6067567337545795,0.9999999998540331,0.9954173459967542,27,0.06671798237168408,0.13138972232280097,0.01646949819676268,0.26847428917320515,0.44267248782144014,0.07427602011410701,1.0,0.143,True,True,6.390000000000036,0
M1,1835087610,263,27,0.807797425701751,0.8790506464385741,0.020000504219781036,0.807797425701751,0.0406506926738432,0.493,0.598006305983443,0.6067563356565853,0.9999999998686298,1.0146320024810813,28,0.06671798237168408,0.13138972232280097,0.01646949819676268,0.26847428917320515,0.44267248782144014,0.07427602011410701,1.0,0.143,True,True,6.420000000000036,0
M1,1835087610,264,28,0.84154987536768,0.8764515278727177,0.025658085559481483,0.84154987536768,0.04345122827226907,0.493,0.5924105442748643,0.6067559574634908,0.9999999998817668,1.0242153239826692,29,0.06671798237168408,0.13138972232280097,0.01646949819676268,0.26847428917320515,0.44267248782144014,0.07427602011410701,1.0,0.143,True,True,6.450000000000037,0
M1,1835087610,265,29,0.8178084473922408,0.9017297014359417,0.018900687798427414,0.8178084473922408,0.039343758687210836,0.493,0.5928698003107995,0.606755598180051,0.9999999998935901,1.0234213277966544,27,0.06671798237168408,0.13138972232280097,0.01646949819676268,0.26847428917320515,0.44267248782144014,0.07427602011410701,1.0,0.143,True,True,6.480000000000037,0
M1,1835087610,266,27,0.8670752546297474,0.9042491964352706,0.02540455504099424,0.8670752546297474,0.04269087596056544,0.493,0.5850854852632769,0.6067552568607831,0.999999999904231,1.0370369325533066,28,0.06671798237168408,0.13138972232280097,0.01646949819676268,0.26847428917320515,0.44267248782144014,0.07427602011410701,1.0,0.143,True,True,6.510000000000037,0
M1,1835087610,267,28,0.8341167986713002,0.8859954489016798,0.022589136354963176,0.8341167986713002,0.03960983559221102,0.493,0.5852099770966481,0.6067549326074787,0.999999999913808,1.0368157693927522,27,0.06671798237168408,0.13138972232280097,0.01646949819676268,0.26847428917320515,0.44267248782144014,0.07427602011410701,1.0,0.143,True,True,6.540000000000037,0
M1,1835087610,268,27,0.8355514941220527,0.8795678074817638,0.02383939240519615,0.8355514941220527,0.04200020856685419,0.493,0.5973374310172315,0.6067546245668395,0.9999999999224272,1.0157652829166235,28,0.06671798237168408,0.13138972232280097,0.01646949819676268,0.26847428917320515,0.44267248782144014,0.07427602011410701,1.0,0.143,True,True,6.570000000000038,0
M1,1835087610,269,28,0.8242491663779364,0.8705846207709165,0.023348949950458348,0.8242491663779364,0.04533776918610544,0.493,0.5903909348179579,0.6067543319282322,0.9999999999301844,1.0277162066481944,31,0.06671798237168408,0.13138972232280097,0.01646949819676268,0.26847428917320515,0.44267248782144014,0.07427602011410701,1.0,0.143,True,True,6.600000000000038,0
M1,1835087610,270,31,0.7605463875674009,0.8814187565054249,0.015815058216422494,0.7605463875674009,0.040564767356961205,0.493,0.5915643171879377,0.6067540539215553,0.9999999999371659,1.0256772363214004,30,0.06671798237168408,0.13138972232280097,0.01646949819676268,0.26847428917320515,0.44267248782144014,0.07427602011410701,1.0,0.143,True,True,6.630000000000038,0
M1,1835087610,271,30,0.8125787707868599,0.8818958689801918,0.020245514458962322,0.8125787707868599,0.04481496625030562,0.493,0.6116971807018404,0.6067537898152123,0.9999999999434493,0.9919185652504661,30,0.06671798237168408,0.13138972232280097,0.01646949819676268,0.26847428917320515,0.44267248782144014,0.07427602011410701,1.0,0.143,True,True,6.660000000000038,0
M1,1835087610,272,30,0.8284576130290311,0.8669918803333911,0.02478354780800658,0.8284576130290311,0.04310627208377164,0.493,0.5969974636878322,0.6067535389141865,0.9999999999491044,1.0163419040291548,29,0.06671798237168408,0.13138972232280097,0.01646949819676268,0.26847428917320515,0.44267248782144014,0.07427602011410701,1.0,0.143,True,True,6.690000000000039,0
M1,1835087610,273,29,0.7554467070589682,0.877864585125576,0.015681761052255508,0.7554467070589682,0.04126262396183499,0.493,0.5862620707832454,0.6067533005582119,0.999999999954194,1.0349523375704368,31,0.06671798237168408,0.13138972232280097,0.01646949819676268,0.26847428917320515,0.44267248782144014,0.07427602011410701,1.0,0.143,True,True,6.720000000000039,0
M1,1835087610,274,31,0.8321812152996244,0.8936194745410422,0.021311089110151536,0.8321812152996244,0.04523815946061394,0.493,0.6029293259614356,0.606753074120036,0.9999999999587745,1.006341950903643,30,0.06671798237168408,0.13138972232280097,0.01646949819676268,0.26847428917320515,0.44267248782144014,0.07427602011410701,1.0,0.143,True,True,6.750000000000039,0
M1,1835087610,275,30,0.8453362314386629,0.9092984263164627,0.021129072867232746,0.8453362314386629,0.04633652733766858,0.493,0.6289220182301849,0.606752859003769,0.9999999999628971,0.9647505436901562,29,0.06671798237168408,0.13138972232280097,0.01646949819676268,0.26847428917320515,0.44267248782144014,0.07427602011410701,1.0,0.143,True,True,6.780000000000039,0
M1,1835087610,276,29,0.8351836874560038,0.8669287080011528,0.026325726038804644,0.8351836874560038,0.04242540241637361,0.493,0.6260098219739949,0.6067526546433153,0.9999999999666074,0.9692382345540601,27,0.06671798237168408,0.13138972232280097,0.01646949819676268,0.26847428917320515,0.44267248782144014,0.07427602011410701,1.0,0.143,True,True,6.81000000000004,0
M1,1835087610,277,27,0.8259969560767194,0.8701282306365056,0.023732739754090085,0.8259969560767194,0.0435230515628133,0.493,0.6261580131159974,0.6067524605008843,0.9999999999699466,0.9690085374771317,28,0.06671798237168408,0.13138972232280097,0.01646949819676268,0.26847428917320515,0.44267248782144014,0.07427602011410701,1.0,0.143,True,True,6.84000000000004,0
M1,1835087610,278,28,0.8131676548754211,0.8845578347012368,0.020034932205483188,0.8131676548754211,0.04474813378921219,0.493,0.6103441591953408,0.6067522760655748,0.999999999972952,0.9941149873243811,30,0.06671798237168408,0.13138972232280097,0.01646949819676268,0.26847428917320515,0.44267248782144014,0.07427602011410701,1.0,0.143,True,True,6.87000000000004,0
M1,1835087610,279,30,0.7912115046802012,0.8896257239683348,0.01752502476636564,0.7912115046802012,0.038947280360513946,0.493,0.5849622666909909,0.6067521008520308,0.9999999999756568,1.0372499824630923,28,0.06671798237168408,0.13138972232280097,0.01646949819676268,0.26847428917320515,0.44267248782144014,0.07427602011410701,1.0,0.143,True,True,6.90000000000004,0
M1,1835087610,280,28,0.8046799568389461,0.8640499636779325,0.02131581856398223,0.8046799568389461,0.037723659914248794,0.493,0.5777345398569166,0.606751934399164,0.9999999999780911,1.0502261723225466,27,0.06671798237168408,0.13138972232280097,0.01646949819676268,0.26847428917320515,0.44267248782144014,0.07427602011410701,1.0,0.143,True,True,6.930000000000041,0
M1,1835087610,281,27,0.796530039539159,0.8782428949344396,0.018902884466920514,0.796530039539159,0.033035792448130895,0.493,0.6000069858378716,0.6067517762689405,0.999999999980282,1.0112411865232105,23,0.06671798237168408,0.13138972232280097,0.01646949819676268,0.26847428917320515,0.44267248782144014,0.07427602011410701,1.0,0.143,True,True,6.960000000000041,0
M1,1835087610,282,23,0.8120407221421797,0.857962470124335,0.023304086953006328,0.8120407221421797,0.03159681393534487,0.493,0.5884973121791586,0.6067516260452283,0.9999999999822538,1.0310185169907455,22,0.06671798237168408,0.13138972232280097,0.01646949819676268,0.26847428917320515,0.44267248782144014,0.07427602011410701,1.0,0.143,True,True,6.990000000000041,0
M1,1835087610,283,22,0.7578690955702231,0.7799430036444912,0.02837627079328983,0.7578690955702231,0.028920478957470026,0.493,0.5771522394979691,0.6067514833327016,0.9999999999840283,1.0512849848250956,22,0.06671798237168408,0.13138972232280097,0.01646949819676268,0.26847428917320515,0.44267248782144014,0.07427602011410701,1.0,0.143,True,True,7.020000000000041,0
M1,1835087610,284,22,0.7416753787045548,0.7621352550126967,0.028796831493032526,0.7416753787045548,0.0281111270567059,0.493,0.600546971177493,0.6067513477558012,0.9999999999856255,1.0103312095219878,21,0.06671798237168408,0.13138972232280097,0.01646949819676268,0.26847428917320515,0.44267248782144014,0.07427602011410701,1.0,0.143,True,True,7.050000000000042,0
M1,1835087610,285,21,0.8226803642305118,0.8562635588139933,0.025779120257066822,0.8226803642305118,0.030962154358633122,0.493,0.6261408175275273,0.6067512189577459,0.9999999999870629,0.9690331663115391,19,0.06671798237168408,0.13138972232280097,0.01646949819676268,0.26847428917320515,0.44267248782144014,0.07427602011410701,1.0,0.143,True,True,7.080000000000042,0
M1,1835087610,286,19,0.7776946244368856,0.8003939505436152,0.028359906818739802,0.7776946244368856,0.02885713144481037,0.493,0.6173282115015878,0.6067510965995933,0.9999999999883566,0.9828663024014371,20,0.06671798237168408,0.13138972232280097,0.01646949819676268,0.26847428917320515,0.44267248782144014,0.07427602011410701,1.0,0.143,True,True,7.110000000000042,0
M1,1835087610,287,20,0.7736000069855031,0.804960331055563,0.025832429076534765,0.7736000069855031,0.0286259329352179,0.493,0.6156237009867329,0.6067509803593483,0.9999999999895209,0.9855874284781351,18,0.06671798237168408,0.13138972232280097,0.01646949819676268,0.26847428917320515,0.44267248782144014,0.07427602011410701,1.0,0.143,True,True,7.140000000000042,0
M1,1835087610,288,18,0.8000045674193709,0.8349479935693123,0.025262405027557014,0.8000045674193709,0.03013374410596538,0.493,0.626661271366672,0.6067508699311156,0.9999999999905689,0.9682278092813812,19,0.06671798237168408,0.13138972232280097,0.01646949819676268,0.26847428917320515,0.44267248782144014,0.07427602011410701,1.0,0.143,True,True,7.170000000000043,0
M1,1835087610,289,19,0.7852051831988296,0.800345274761937,0.031583165050256726,0.7852051831988296,0.030216565263228,0.493,0.6097403567779618,0.6067507650242946,0.999999999991512,0.9950969429605825,21,0.06671798237168408,0.13138972232280097,0.01646949819676268,0.26847428917320515,0.44267248782144014,0.07427602011410701,1.0,0.143,True,True,7.200000000000043,0
M1,1835087610,290,21,0.7992953868811518,0.8112950403149485,0.033541797894560826,0.7992953868811518,0.028911536604964275,0.493,0.6017779081978941,0.6067506653628146,0.9999999999923608,1.0082634425455186,20,0.06671798237168408,0.13138972232280097,0.01646949819676268,0.26847428917320515,0.44267248782144014,0.07427602011410701,1.0,0.143,True,True,7.230000000000043,0
M1,1835087610,291,20,0.7800433164238246,0.8101864758922582,0.02619904589514111,0.7800433164238246,0.030064125433222195,0.493,0.6412129647824311,0.6067505706844086,0.9999999999931247,0.946254371033274,18,0.06671798237168408,0.13138972232280097,0.01646949819676268,0.26847428917320515,0.44267248782144014,0.07427602011410701,1.0,0.143,True,True,7.260000000000043,0
M1,1835087610,292,18,0.7911238216630694,0.8356179547111767,0.02334542073663684,0.7911238216630694,0.03138206130220655,0.493,0.6285216039175932,0.6067504807399229,0.9999999999938123,0.9653613765410515,21,0.06671798237168408,0.13138972232280097,0.01646949819676268,0.26847428917320515,0.44267248782144014,0.07427602011410701,1.0,0.143,True,True,7.290000000000044,0
M1,1835087610,293,21,0.7648172826173946,0.8348096839364036,0.01973156989523697,0.7648172826173946,0.029507986728351136,0.493,0.6113151416683337,0.6067503952926615,0.999999999994431,0.9925329080515892,21,0.06671798237168408,0.13138972232280097,0.01646949819676268,0.26847428917320515,0.44267248782144014,0.07427602011410701,1.0,0.143,True,True,7.320000000000044,0
M1,1835087610,294,21,0.7560505338565195,0.8532889084419831,0.017288747551547773,0.7560505338565195,0.029935823128629295,0.493,0.5988531226631557,0.6067503141177631,0.9999999999949879,1.0131871925832647,22,0.06671798237168408,0.13138972232280097,0.01646949819676268,0.26847428917320515,0.44267248782144014,0.07427602011410701,1.0,0.143,True,True,7.350000000000044,0
M1,1835087610,295,22,0.7844930607650776,0.8565235130124824,0.019707496244267812,0.7844930607650776,0.03500750829333943,0.493,0.5939293128301272,0.6067502370016097,0.9999999999954892,1.0215866162811977,25,0.06671798237168408,0.13138972232280097,0.01646949819676268,0.26847428917320515,0.44267248782144014,0.07427602011410701,1.0,0.143,True,True,7.380000000000044,0
M1,1835087610,296,25,0.8098909650307293,0.8658775068565503,0.021799716952011827,0.8098909650307293,0.034722791952740084,0.493,0.5706250100867285,0.6067501637412639,0.9999999999959402,1.063308044720136,25,0.06671798237168408,0.13138972232280097,0.01646949819676268,0.26847428917320515,0.44267248782144014,0.07427602011410701,1.0,0.143,True,True,7.4100000000000446,0
M1,1835087610,297,25,0.8011151351763957,0.8590209243269719,0.021468130489012992,0.8011151351763957,0.03836073506661863,0.493,0.569032051535637,0.6067500941439354,0.9999999999963463,1.066284566060429,28,0.06671798237168408,0.13138972232280097,0.01646949819676268,0.26847428917320515,0.44267248782144014,0.07427602011410701,1.0,0.143,True,True,7.440000000000045,0
M1,1835087610,298,28,0.7875978238510344,0.8860509302646371,0.017489829563072237,0.7875978238510344,0.03997259807090771,0.493,0.5629106154983698,0.6067500280264734,0.9999999999967116,1.0778798823882292,30,0.06671798237168408,0.13138972232280097,0.01646949819676268,0.26847428917320515,0.44267248782144014,0.07427602011410701,1.0,0.143,True,True,7.470000000000045,0
M1,1835087610,299,30,0.7948401558380157,0.8938973403269327,0.01751131824500731,0.7948401558380157,0.03978089304220116,0.493,0.5551065387940988,0.6067499652148844,0.9999999999970405,1.0930333599290154,30,0.06671798237168408,0.13138972232280097,0.01646949819676268,0.26847428917320515,0.44267248782144014,0.07427602011410701,1.0,0.143,True,True,7.500000000000045,0
