arm,seed,step,novelty_vector_count,h_n_latest,h_n_shape_latest,V,H_N,L_t,total_suppression,avg_wb,theta_capability,transfer_state,g,population,x_compute,x_bio_welfare,x_novelty_agency,x_institutional_capacity,x_transfer_comprehension,x_resilience,c_protective,c_suppressive,adapter_active,action_modified,adapter_score,shape_fallback_increase
R20,1835087601,0,200,0.9739914792230542,0.9873211203790411,0.03426816353472164,0.9739914792230542,0.09731699466511937,0.42400000000000004,0.6658734382472739,0.5027895466301477,0.55,1.3728777265257686,201,0.03486933287684746,0.18332902599038114,0.16965860567703578,0.22689458883904573,0.3205739699717526,0.06467447664493729,0.8,0.2,False,False,0.0,2
R20,1835087601,1,201,0.9243990394484575,0.9880081001400416,0.02183396802537984,0.9243990394484575,0.11262720192810227,0.55,0.6775730689250604,0.5140367082268296,0.5825332279674259,1.3023187550722002,206,0.14233298660236524,0.17224839942268222,0.08351380584810608,0.2594742959490097,0.23766613983712948,0.10476437234070729,1.0,0.2,False,False,0.0,0
R20,1835087601,2,206,0.9888333562872625,0.9888613065437686,0.08337289383988707,0.9888333562872625,0.13274236694814134,0.126,0.6942220796214904,0.5222157466183007,0.6054244932651716,1.2424861432916774,198,0.11101092253515814,0.20547324755909052,0.15817789225775222,0.24129241049475442,0.20572294047244133,0.07832258668080334,0.6,0.0,False,False,0.0,0
R20,1835087601,3,198,0.9766950337085731,0.985219272388609,0.0378099622021034,0.9766950337085731,0.1543618699039758,0.41400000000000003,0.7054683968938913,0.5448487814563321,0.6357626282629023,1.2147962014562612,202,0.29679777711183036,0.16848094472046482,0.025956726693934912,0.2014871418654347,0.2544029216212394,0.05287448798709582,0.2,0.4,False,False,0.0,0
R20,1835087601,4,202,0.9808707832126936,0.9859837402829674,0.041884815571019196,0.9808707832126936,0.17149561302800698,0.42400000000000004,0.7215232025238569,0.5470199105989715,0.6550042400232249,1.1574672756649977,200,0.05516960269320017,0.205533052673239,0.027088627341025243,0.36283452533450355,0.21408937293306401,0.13528481902496814,0.8,0.2,False,False,0.0,0
R20,1835087601,5,200,0.9867761779250921,0.9867827733975537,0.09485083475946261,0.9867761779250921,0.1921830702736388,0.126,0.7350159672780683,0.5552228819298977,0.6895038160209024,1.095554301188432,197,0.1319245857609339,0.2132790161719106,0.04650802567295066,0.24548628263152833,0.3240201287258707,0.038781961036805826,0.6,0.0,False,False,0.0,0
R20,1835087601,6,197,0.9859718274149647,0.9860525857756426,0.07490433311616025,0.9859718274149647,0.21032098725472023,0.256,0.7422826280440369,0.5590588836850486,0.7058162208516936,1.067079118465015,203,0.08246432314557293,0.2190028705635737,0.03371004055448066,0.20502091448569734,0.22631393216440704,0.2334879190862682,0.4,0.2,False,False,0.0,0
R20,1835087601,7,203,0.981756319284312,0.9817977895182016,0.08017518642876707,0.981756319284312,0.23187849514010103,0.22400000000000003,0.7486061289397349,0.570825618355894,0.7160712108159719,1.0648633104925096,207,0.1839959856887216,0.20332732151370905,0.07945866672113672,0.32784657433966063,0.20418306024723842,0.0011883914895335008,0.8,0.0,False,False,0.0,0
R20,1835087601,8,207,0.9820346356705895,0.9853591307046402,0.045306266237199064,0.9820346356705895,0.2517198330608428,0.42400000000000004,0.7554255762102735,0.5760377385895941,0.7297509141186003,1.0449237601848105,211,0.10941751439368436,0.2543627209228589,0.1637416492741271,0.2450642425636184,0.22643412192112766,0.000979750924583567,0.8,0.2,False,False,0.0,0
R20,1835087601,9,211,0.9868618896381753,0.9868946631419034,0.08208985094514938,0.9868618896381753,0.2740389122593609,0.21400000000000002,0.7604023557948528,0.5821340129606901,0.7399925404042059,1.0345516543930868,215,0.12372701625719702,0.19075123689294937,0.028988185278889664,0.4114478225927357,0.21608358848732853,0.029002150490899645,0.2,0.2,False,False,0.0,0
R20,1835087601,10,215,0.9863522466445924,0.9863522941345084,0.134119356956341,0.9863522466445924,0.28975510100566065,0.014000000000000002,0.7642798994541783,0.5886130982907953,0.739856276003513,1.0409506055818831,218,0.1323223247267464,0.16599774148396315,0.13294433271919595,0.2936088734163393,0.16931494819863843,0.10581177945511676,0.2,0.0,False,False,0.0,0
R20,1835087601,11,218,0.9845530819573765,0.9845647268817677,0.09030772327545956,0.9845530819573765,0.3116352822223109,0.21400000000000002,0.768646792319923,0.5879818505132676,0.761314792920561,1.00478428276841,222,0.04749258921265062,0.21411192522762235,0.01206272821081576,0.3799735360081483,0.2772207225869967,0.06913849875376635,0.2,0.2,False,False,0.0,0
R20,1835087601,12,222,0.9884712341127564,0.9884844130046738,0.08935432273044336,0.9884712341127564,0.33009892966925325,0.22400000000000003,0.7764863829135299,0.5988145830609953,0.7757244002364865,0.9941480659918254,224,0.1903978134173889,0.17215627399720682,0.11707818648080211,0.18535258229617244,0.25270543303990795,0.08230971076852175,0.8,0.0,False,False,0.0,0
R20,1835087601,13,224,0.9842590836330773,0.9860884550039273,0.05006706995062753,0.9842590836330773,0.3436754303777822,0.41400000000000003,0.7837708067149737,0.6017448155160307,0.7864435074000115,0.97623807659239,224,0.09838702010106382,0.2270390945117324,0.1186262324137079,0.2569601708377276,0.24145773593586822,0.057529746199900186,0.2,0.4,False,False,0.0,0
R20,1835087601,14,224,0.9900698325359591,0.9900698341149844,0.16124308645448243,0.9900698325359591,0.3606582441703849,0.0,0.7850105282140851,0.6165693275097202,0.7783235554840806,1.0091280088859669,228,0.2488969096186375,0.159886148072316,0.09260040432633043,0.2351966886214144,0.1526219941203517,0.11079785524094993,0.0,0.0,False,False,0.0,0
R20,1835087601,15,228,0.9862116555704961,0.9862573337686227,0.07944195791900185,0.9862116555704961,0.3732049402449751,0.256,0.7893199541183479,0.6240331795897799,0.792318030700047,0.9978265614024812,229,0.16615398069432172,0.16233442871814102,0.15820089005357452,0.19756031008159147,0.2591341538218725,0.056616236630498744,0.4,0.2,False,False,0.0,0
R20,1835087601,16,229,0.9876680845789663,0.9876751742031206,0.09428292352638756,0.9876680845789663,0.3918372344636471,0.22400000000000003,0.790882008273482,0.6385875389174399,0.8130862276300423,0.9930523394982957,229,0.25945022883936225,0.15518733071913454,0.05317831087098628,0.1890419642258372,0.34293205712861285,0.0002101082160669502,0.8,0.0,False,False,0.0,0
R20,1835087601,17,229,0.9883995572722564,0.9884105134682158,0.09082404352692715,0.9883995572722564,0.4063454833670691,0.21400000000000002,0.7994095861920619,0.6366771556928471,0.8317776048670381,0.9575086202869799,226,0.06273742151598932,0.19242215981006439,0.08135282485813321,0.3005582357143287,0.3039323226342912,0.05899703546719324,0.2,0.2,False,False,0.0,0
R20,1835087601,18,226,0.9805639448264645,0.9841341218827688,0.044728831405959235,0.9805639448264645,0.43384803304479624,0.456,0.795690781858485,0.6457663476608689,0.8425953583056871,0.9631901221595364,234,0.19903812190830228,0.16084314275902178,0.003980605855922483,0.318794814708597,0.26997756962676417,0.0473657451413924,0.4,0.4,False,False,0.0,0
R20,1835087601,19,234,0.9871334376886403,0.9871334392482929,0.16131770660978886,0.9871334376886403,0.4451895928248321,0.014000000000000002,0.8074259466512221,0.6467787128248758,0.8373554861900184,0.9566281276946044,233,0.10375853183812773,0.23627015082277988,0.16453571352068946,0.2689324062971856,0.1950983185745,0.03140487894671728,0.2,0.0,False,False,0.0,0
R20,1835087601,20,233,0.9888197482564315,0.9888267634018779,0.09437626465285734,0.9888197482564315,0.45057867332880686,0.22400000000000003,0.8087098549126667,0.664439777183632,0.8533921451696013,0.9627515960982309,231,0.3343543482905684,0.21049489009567934,0.04606123853898117,0.10730556837808565,0.2988610379929233,0.002922916703762039,0.8,0.0,False,False,0.0,0
R20,1835087601,21,231,0.9831868087852673,0.9831921403092512,0.0965152938927375,0.9831868087852673,0.465892251658036,0.21400000000000002,0.8081637668616907,0.6631481769003481,0.8680529306526411,0.9452898548671352,233,0.08662985719872072,0.2015695389521933,0.015217489034602504,0.3582133593556395,0.3169511624704245,0.021418592988419555,0.2,0.2,False,False,0.0,0
R20,1835087601,22,233,0.9692939349351198,0.9884942182104439,0.03137270726236845,0.9692939349351198,0.48256191328996373,0.55,0.8061889951149858,0.6713128096646807,0.8752887161846746,0.951342150023656,237,0.20402552011687416,0.1814277619148148,0.031426065169727485,0.2803951790153515,0.27020539298648827,0.03252008079674375,1.0,0.2,False,False,0.0,0
R20,1835087601,23,237,0.9894045257147539,0.9904237717655705,0.05475791068045155,0.9894045257147539,0.5077224022174023,0.41400000000000003,0.7929510681200329,0.6877471691814466,0.8647644501970584,1.002962268691566,243,0.3424342294454392,0.14044001670398487,0.012147676885002557,0.2608326800066269,0.18502302815425595,0.05912236880469063,0.2,0.4,False,False,0.0,0
R20,1835087601,24,243,0.9866390168682458,0.9866390562023446,0.13562155274339302,0.9866390168682458,0.5155027478755284,0.014000000000000002,0.7967464441008592,0.6829511084728006,0.8782880051773525,0.9759611470088192,244,0.05739122188032815,0.22169973135931284,0.05263241858020417,0.2277287817331276,0.3823650128705794,0.05818283357644782,0.2,0.0,False,False,0.0,0
R20,1835087601,25,244,0.97872774357298,0.9787323382386567,0.09766309503743796,0.97872774357298,0.5075461775702267,0.21400000000000002,0.7953720599453246,0.6833425684632392,0.8879207952311421,0.9675956727702577,242,0.11923769267598232,0.19301976321052164,0.028826044948600915,0.18890015064867083,0.28730795285762417,0.18270839565860014,0.2,0.2,False,False,0.0,0
R20,1835087601,26,242,0.9889847695146783,0.9889847751942584,0.15104490760222006,0.9889847695146783,0.5208605317659274,0.014000000000000002,0.7968717222068694,0.6923352843564897,0.89126904609713,0.9748083178411081,243,0.2269980539551569,0.17987612609004097,0.04882733473609059,0.19218294941206396,0.2607016519455107,0.09141388386113683,0.2,0.0,False,False,0.0,0
R20,1835087601,27,243,0.9855721174908123,0.9855797698421149,0.09365802231600646,0.9855721174908123,0.5346873796461167,0.22400000000000003,0.7971899060031773,0.7012077596591417,0.8725587308626598,1.008068986865209,249,0.23111549400595668,0.20385627148844035,0.013208195727054511,0.3964641917823553,0.15208294687621382,0.0032729001199793195,0.8,0.0,False,False,0.0,0
R20,1835087601,28,249,0.9866011158088799,0.9866011178467274,0.159184641599479,0.9866011158088799,0.5641991799859846,0.0,0.7942153086158668,0.7077759532360668,0.8689523204445655,1.0255612479670813,259,0.20785726949852737,0.16055820533705092,0.022056058045440863,0.33035826395552875,0.21824731334085823,0.06092288982259389,0.0,0.0,False,False,0.0,0
R20,1835087601,29,259,0.9735215808928264,0.9857500703867582,0.03494181900975204,0.9735215808928264,0.5723763506486269,0.526,0.796561039855613,0.7023443250403183,0.8713984254872913,1.011845595846191,264,0.06196461832568593,0.18178152400425504,0.12284024113478632,0.33106333432528395,0.24670668543591148,0.05564359677407734,0.6,0.4,False,False,0.0,0
R20,1835087601,30,264,0.9865653671865651,0.987750835888129,0.053533830527508326,0.9865653671865651,0.6099465170814546,0.41400000000000003,0.7999502699940043,0.7023959512141928,0.8842585829385622,0.9929782279972095,273,0.12711053032363093,0.27425629409828217,0.020584930419257897,0.22423444513727103,0.3053884282224414,0.04842537179911648,0.2,0.4,False,False,0.0,0
R20,1835087601,31,273,0.9834412290188611,0.9842477588647788,0.05657139336836298,0.9834412290188611,0.6123961178020113,0.4,0.7998735917916472,0.6934169012430914,0.8870863771816585,0.9772533196641484,275,0.014259344870102586,0.17082657375652352,0.0482101041923455,0.4575690089168605,0.25626826268476266,0.05286670557940529,0.0,0.4,False,False,0.0,0
R20,1835087601,32,275,0.9915358850543775,0.9915365762565318,0.11284468196455914,0.9915358850543775,0.6305115187478257,0.126,0.8013122615435705,0.6899744603630814,0.8944643849660179,0.962649466133112,277,0.07785505227680711,0.26700105933051554,0.020306353230731777,0.2958666187591068,0.280433227512626,0.058537688890212755,0.6,0.0,False,False,0.0,0
R20,1835087601,33,277,0.986569252806732,0.9865692573993337,0.15271640586154225,0.986569252806732,0.6362215121532089,0.0,0.8095318536164473,0.6909441223719638,0.8865757079303669,0.9627048442355716,278,0.13085481283795616,0.19931188149938767,0.055459500855344686,0.34608454087803164,0.20778880730475377,0.060500456624526106,0.0,0.0,False,False,0.0,0
R20,1835087601,34,278,0.9886870241872572,0.9886870264746858,0.15828179291075023,0.9886870241872572,0.6600903095011047,0.014000000000000002,0.809423563589911,0.6917417057918356,0.8914195806103606,0.958707109224771,284,0.12930986923087484,0.21917095473267453,0.039569001209068755,0.33292482198885914,0.26750721736515215,0.011518135473370534,0.2,0.0,False,False,0.0,0
R20,1835087601,35,284,0.9869582674281371,0.986958269873137,0.1577375877885604,0.9869582674281371,0.6658942376523415,0.014000000000000002,0.8062584628719827,0.6851571666574072,0.8979877598797711,0.9463363048755894,287,0.03753182693954234,0.1819480504803885,0.06698487771202659,0.3484733663262527,0.2785506866522325,0.08651119188955743,0.2,0.0,False,False,0.0,0
R20,1835087601,36,287,0.9893426828089,0.9907793438728517,0.052028404300492735,0.9893426828089,0.664321808404597,0.42400000000000004,0.8074832582104643,0.6787906699650285,0.8926788016298162,0.9416881725610113,288,0.03614202050614432,0.24448083498918094,0.14387234651115033,0.2993640402506388,0.22244908869011093,0.053691669052774754,0.8,0.2,False,False,0.0,0
R20,1835087601,37,288,0.989790993073869,0.989802475549901,0.09046178354039149,0.989790993073869,0.661548630775209,0.256,0.8093092322785805,0.6772269110356761,0.8998562090161658,0.9299221557467463,283,0.09219718211123785,0.19683337503300488,0.008017186936109828,0.33063555075415796,0.28222643774665623,0.09009026741883319,0.4,0.2,False,False,0.0,0
R20,1835087601,38,283,0.9882451265629425,0.9882651195074876,0.0860350919911791,0.9882451265629425,0.6612302402305117,0.256,0.8081849035472087,0.6879326094039779,0.8784802051177591,0.9689540507371228,285,0.2445880490010697,0.20319725154395907,0.08405074211155342,0.27002630361920676,0.14304808501604965,0.05508956870816145,0.4,0.2,False,False,0.0,0
R20,1835087601,39,285,0.9922174739845038,0.9932413240243955,0.05474464818882505,0.9922174739845038,0.6726902717093559,0.41400000000000003,0.8094327633370858,0.6810330446452539,0.8806363365155896,0.9554122480071582,290,0.031213321393436057,0.31631577572769093,0.04420815365758899,0.26332141039567486,0.25002075954803177,0.09492057927757744,0.2,0.4,False,False,0.0,0
R20,1835087601,40,290,0.9921943876559651,0.9922027289780662,0.09302510572837194,0.9921943876559651,0.6832257729451542,0.21400000000000002,0.811490542461574,0.6846288739550119,0.8923647801385591,0.9454298877581135,292,0.15809351927525925,0.18256976597438382,0.02315223936840154,0.20226614098413367,0.2989603863726423,0.13495794802517946,0.2,0.2,False,False,0.0,0
R20,1835087601,41,292,0.9910909532709476,0.99138431150817,0.06467929486828992,0.9910909532709476,0.673255305339198,0.35,0.8119174096899813,0.6779551239686558,0.8962754791598506,0.9316388242542254,288,0.03197117139242976,0.17818485077815718,0.10352114959429651,0.3570461640096621,0.26573588517573715,0.06354077904971724,1.0,0.0,False,False,0.0,0
R20,1835087601,42,288,0.9912311386020719,0.9912370922554213,0.095701625142409,0.9912311386020719,0.6827439840897357,0.21400000000000002,0.8096751547895421,0.6708350337493687,0.9042100968990365,0.9162955341250971,292,0.022220824739321,0.17528136853983325,0.11967083964486057,0.2958247763181423,0.2878108282758551,0.09919136248198776,0.2,0.2,False,False,0.0,0
R20,1835087601,43,292,0.9883266940316118,0.9885070233311336,0.0685296100399385,0.9883266940316118,0.6647227819122344,0.35,0.8091667136174322,0.6639965637238783,0.9137890872091329,0.8980114115340814,287,0.02129102077472459,0.2650472702833305,0.10127721370456096,0.22779023853072264,0.37019340294567693,0.01440085376098446,1.0,0.0,False,False,0.0,0
R20,1835087601,44,287,0.9912617703070049,0.9919787671402671,0.05757033127415809,0.9912617703070049,0.683200322744818,0.4,0.8055728298627083,0.6600791946149526,0.9224101784882196,0.8883153107994032,293,0.05353073846585239,0.1872888281210244,0.08229758023056503,0.3127164578297388,0.30711622346486267,0.05705017188795667,0.0,0.4,False,False,0.0,0
R20,1835087601,45,293,0.9889542333901814,0.9889542344532973,0.1643831458802719,0.9889542333901814,0.6765116511483192,0.0,0.7988714356744435,0.6586615582645915,0.9277364457344577,0.8887115130679398,293,0.0823290422548314,0.21564917957198063,0.12687579522033257,0.24214452075730206,0.28783642547530014,0.04516503672025314,0.0,0.0,False,False,0.0,0
R20,1835087601,46,293,0.9875858768116373,0.9886676971150452,0.054269508118475876,0.9875858768116373,0.6789398037228255,0.4,0.7908889246765686,0.6582067058970918,0.9349628011610119,0.8901280288592894,294,0.09347781932162427,0.15158513013421426,0.03502899555314977,0.34322053082047,0.32950347721605683,0.047184046954484825,0.0,0.4,False,False,0.0,0
R20,1835087601,47,294,0.9901367584315758,0.9926274271823559,0.04766336992003281,0.9901367584315758,0.6649804897482015,0.42400000000000004,0.7884484715332638,0.6695904485038898,0.9000400257046716,0.9435699707900446,293,0.24117597377065714,0.23264063857531997,0.08110645519765623,0.27915628831709255,0.0928675232988042,0.07305312084047011,0.8,0.2,False,False,0.0,0
R20,1835087601,48,293,0.9907995443441432,0.993114631600534,0.04824918823939549,0.9907995443441432,0.663381583210677,0.42400000000000004,0.7924839401095363,0.6659334332898893,0.9100360231342044,0.9233827677918899,288,0.06028134013992472,0.23245474047109038,0.02280648879531373,0.2719303264398558,0.3078311773972235,0.10469592675659209,0.8,0.2,False,False,0.0,0
R20,1835087601,49,288,0.9889173679468075,0.9889174055427298,0.13599967814346348,0.9889173679468075,0.6634528537100363,0.05600000000000001,0.7908639343232207,0.6593949821993456,0.9090257161802736,0.9172077117197004,292,0.02197775717438365,0.3661456757241907,0.03143665702634429,0.26370117201504634,0.24996647679744835,0.06677226126258652,0.4,0.0,False,False,0.0,0
R20,1835087601,50,292,0.9857357076213222,0.9870574958053651,0.052661808578424375,0.9857357076213222,0.6646023319569881,0.4,0.7898080447990653,0.674910844126054,0.8944684406606984,0.9553441116206794,293,0.29357013795844566,0.20564376351497252,0.014809368156893632,0.24013151444581213,0.18172648049226092,0.06411873543161516,0.0,0.4,True,True,0.03,0
R20,1835087601,51,293,0.9889669495164429,0.9910528977561,0.04906227526764854,0.9889669495164429,0.6327780457596552,0.42400000000000004,0.79161191557193,0.6911653019197512,0.8450215965946286,1.0332413928269106,289,0.5018426375990472,0.21124730853271131,0.06411162518801701,0.2227984285833563,0.0,9.686800156811854e-11,0.8,0.2,True,True,0.06,0
R20,1835087601,52,289,0.977414393626187,0.9875699322428215,0.0364350786730374,0.977414393626187,0.627191482115233,0.526,0.7854354163071336,0.7066070368237637,0.8039687216539796,1.1189954610827606,299,0.3431102289413199,0.23274914477902872,0.11528618598034807,0.2767635744329146,0.017246423594069,0.01484444227231983,0.6,0.4,True,True,0.09000000000000001,0
R20,1835087601,53,299,0.9893296614975738,0.9893297255464397,0.13176226058328458,0.9893296614975738,0.646620694000639,0.014000000000000002,0.7847192271281705,0.7150378736118155,0.790683800176523,1.1524229835358872,307,0.23451485786549903,0.19159716595146975,0.032349359232819494,0.2453892611898383,0.1355597534397065,0.16058960232066694,0.2,0.0,True,True,0.12000000000000001,0
R20,1835087601,54,307,0.978548325436465,0.9913506449799768,0.03462188387146712,0.978548325436465,0.6190994908783796,0.526,0.784297038031031,0.7292859799312247,0.7550647048776845,1.2314963241810548,304,0.3431102289413199,0.23274914477902872,0.11528618598034807,0.2767635744329146,0.017246423594069,0.01484444227231983,0.6,0.4,True,True,0.15000000000000002,0
R20,1835087601,55,304,0.9793547589727152,0.9914333745214862,0.03508574321211901,0.9793547589727152,0.6137194356736223,0.526,0.7857645247967933,0.7428216809346635,0.7230075191087298,1.3075230075563051,307,0.3431102289413199,0.23274914477902872,0.11528618598034807,0.2767635744329146,0.017246423594069,0.01484444227231983,0.6,0.4,True,True,0.18000000000000005,0
R20,1835087601,56,307,0.9728970252128862,0.9884400280886595,0.03305434990670693,0.9728970252128862,0.5706602885531921,0.526,0.7917521194615172,0.7556805968879303,0.6941560519166706,1.3749658834177583,291,0.3431102289413199,0.23274914477902872,0.11528618598034807,0.2767635744329146,0.017246423594069,0.01484444227231983,0.6,0.4,True,True,0.21000000000000008,0
R20,1835087601,57,291,0.9867569257544314,0.9867867595527071,0.08283705611555525,0.9867569257544314,0.5994713314281298,0.256,0.7921164716239577,0.7537784018847817,0.7216621305757626,1.3186232498743318,290,0.1360229355155997,0.2061409568906703,0.052807183062202334,0.26711884854035045,0.2846084192537951,0.053301656737382165,0.4,0.2,True,True,0.2400000000000001,0
R20,1835087601,58,290,0.9887233558236753,0.9887471526021631,0.08465256119643502,0.9887233558236753,0.62262911525465,0.256,0.7972541937851568,0.7519713166317906,0.7464176013689453,1.2636377472686033,289,0.1360229355155997,0.2061409568906703,0.052807183062202334,0.26711884854035045,0.2846084192537951,0.053301656737382165,0.4,0.2,True,True,0.27000000000000013,0
R20,1835087601,59,289,0.9923620295879849,0.9923878080706985,0.08404509126224678,0.9923620295879849,0.6532860585769613,0.256,0.7935170531237032,0.7502545856414491,0.7686975250828098,1.229976776048182,295,0.1360229355155997,0.2061409568906703,0.052807183062202334,0.26711884854035045,0.2846084192537951,0.053301656737382165,0.4,0.2,True,True,0.30000000000000016,0
R20,1835087601,60,295,0.990682652017029,0.9907254028631006,0.08000515097031573,0.990682652017029,0.6724059885580005,0.256,0.7900151540715693,0.7486236912006247,0.7887494564252878,1.2014039952847664,298,0.1360229355155997,0.2061409568906703,0.052807183062202334,0.26711884854035045,0.2846084192537951,0.053301656737382165,0.4,0.2,True,True,0.3300000000000002,0
R20,1835087601,61,298,0.9933830989270169,0.9934096747485034,0.08381080619687947,0.9933830989270169,0.6738602007308635,0.256,0.7939417085701748,0.7470743414818414,0.806796194633518,1.166302917385451,290,0.1360229355155997,0.2061409568906703,0.052807183062202334,0.26711884854035045,0.2846084192537951,0.053301656737382165,0.4,0.2,True,True,0.3600000000000002,0
R20,1835087601,62,290,0.9906536861220256,0.9906841036565224,0.0827141878819193,0.9906536861220256,0.711539090224671,0.256,0.7920595960079538,0.7456024592489973,0.8230382590209253,1.1437456306058742,302,0.1360229355155997,0.2061409568906703,0.052807183062202334,0.26711884854035045,0.2846084192537951,0.053301656737382165,0.4,0.2,True,True,0.39000000000000024,0
R20,1835087601,63,302,0.9893839995072061,0.9893966897342883,0.08966243140426716,0.9893839995072061,0.7094786873649904,0.256,0.7934857961613584,0.7442041711277954,0.8376561169695917,1.119662617452137,296,0.1360229355155997,0.2061409568906703,0.052807183062202334,0.26711884854035045,0.2846084192537951,0.053301656737382165,0.4,0.2,True,True,0.42000000000000026,0
R20,1835087601,64,296,0.9888659115956369,0.9888868143608366,0.0856858585182944,0.9888659115956369,0.7128236566660987,0.256,0.7968298915608709,0.7428757974126535,0.8508121891233916,1.095763648533706,292,0.1360229355155997,0.2061409568906703,0.052807183062202334,0.26711884854035045,0.2846084192537951,0.053301656737382165,0.4,0.2,True,True,0.45000000000000023,0
R20,1835087601,65,292,0.9850813208496554,0.9850938464958423,0.0897316482198794,0.9850813208496554,0.7140822799962848,0.256,0.8020460664934368,0.7416138423832688,0.8626526540618115,1.0718710748616644,288,0.1360229355155997,0.2061409568906703,0.052807183062202334,0.26711884854035045,0.2846084192537951,0.053301656737382165,0.4,0.2,True,True,0.48000000000000026,0
R20,1835087601,66,288,0.9870210864698638,0.9870373998914671,0.08764420672493284,0.9870210864698638,0.7125239363075223,0.256,0.8065263035549801,0.7404149851053533,0.8733090725063893,1.051208084093,282,0.1360229355155997,0.2061409568906703,0.052807183062202334,0.26711884854035045,0.2846084192537951,0.053301656737382165,0.4,0.2,True,True,0.5100000000000002,0
R20,1835087601,67,282,0.989263262447153,0.9892808614019242,0.08705849655420315,0.989263262447153,0.7104426976838966,0.256,0.80580465834857,0.7392760706913336,0.8828998491065094,1.0391193511926273,278,0.1360229355155997,0.2061409568906703,0.052807183062202334,0.26711884854035045,0.2846084192537951,0.053301656737382165,0.4,0.2,True,True,0.5400000000000001,0
R20,1835087601,68,278,0.9917602048060116,0.9917765559771201,0.0876639362701417,0.9917602048060116,0.7209749288199941,0.256,0.8114578795252532,0.7381941019980149,0.8915315480466175,1.0203939461214406,277,0.1360229355155997,0.2061409568906703,0.052807183062202334,0.26711884854035045,0.2846084192537951,0.053301656737382165,0.4,0.2,True,True,0.5700000000000001,0
R20,1835087601,69,277,0.9922358541565235,0.9922546478988443,0.08655953559206289,0.9922358541565235,0.7198116921058438,0.256,0.8152646110762591,0.7371662317393621,0.8993000770927148,1.0054540115281076,273,0.1360229355155997,0.2061409568906703,0.052807183062202334,0.26711884854035045,0.2846084192537951,0.053301656737382165,0.4,0.2,True,True,0.6,0
R20,1835087601,70,273,0.9867483325144388,0.9867747350548179,0.08380953452333043,0.9867483325144388,0.7268498815589208,0.256,0.8102838011245873,0.736189754993642,0.9062917532342023,1.0025004690361077,277,0.1360229355155997,0.2061409568906703,0.052807183062202334,0.26711884854035045,0.2846084192537951,0.053301656737382165,0.4,0.2,True,True,0.6299999999999999,0
R20,1835087601,71,277,0.9901123918503537,0.9901233349618341,0.09084733767341267,0.9901123918503537,0.7438812812421031,0.256,0.8068996255547172,0.7352621020852079,0.9125842617615411,0.9985037329795087,282,0.1360229355155997,0.2061409568906703,0.052807183062202334,0.26711884854035045,0.2846084192537951,0.053301656737382165,0.4,0.2,True,True,0.6599999999999998,0
R20,1835087601,72,282,0.9890094039982994,0.9890305917329519,0.08557922836990128,0.9890094039982994,0.7311878049779684,0.256,0.8040402206965586,0.7343808318221955,0.918247519436146,0.9946809371046673,277,0.1360229355155997,0.2061409568906703,0.052807183062202334,0.26711884854035045,0.2846084192537951,0.053301656737382165,0.4,0.2,True,True,0.6899999999999997,0
R20,1835087601,73,277,0.9869472716776212,0.986970068710663,0.08497988656603317,0.9869472716776212,0.7324974495340183,0.256,0.8062774080791236,0.7335436250723337,0.9233444513432905,0.9853209398304059,276,0.1360229355155997,0.2061409568906703,0.052807183062202334,0.26711884854035045,0.2846084192537951,0.053301656737382165,0.4,0.2,True,True,0.7199999999999996,0
R20,1835087601,74,276,0.9867028743538783,0.9867293354937762,0.08379152075517056,0.9867028743538783,0.7217680070489582,0.256,0.8119591039555181,0.7327482786599651,0.9279316900597204,0.9725336669528639,269,0.1360229355155997,0.2061409568906703,0.052807183062202334,0.26711884854035045,0.2846084192537951,0.053301656737382165,0.4,0.2,True,True,0.7499999999999996,0
R20,1835087601,75,269,0.9904849059771126,0.990508972970129,0.08457685437471231,0.9904849059771126,0.7327942760563404,0.256,0.809185436750342,0.7319926995682148,0.9320602049045074,0.9705428755280439,272,0.1360229355155997,0.2061409568906703,0.052807183062202334,0.26711884854035045,0.2846084192537951,0.053301656737382165,0.4,0.2,True,True,0.7799999999999995,0
R20,1835087601,76,272,0.9883641243097674,0.9883737172970284,0.09188142463180068,0.9883641243097674,0.7347350151566161,0.256,0.8104468870275415,0.7312748994310521,0.9357758682648156,0.9642380536107704,272,0.1360229355155997,0.2061409568906703,0.052807183062202334,0.26711884854035045,0.2846084192537951,0.053301656737382165,0.4,0.2,True,True,0.8099999999999994,0
R20,1835087601,77,272,0.9908860347542279,0.9909002257301024,0.0887847886509051,0.9908860347542279,0.7246453774564684,0.256,0.8129516111909381,0.7305929893007475,0.9391199652890931,0.9569510664537776,266,0.1360229355155997,0.2061409568906703,0.052807183062202334,0.26711884854035045,0.2846084192537951,0.053301656737382165,0.4,0.2,True,True,0.8399999999999993,0
R20,1835087601,78,266,0.9881477656631799,0.9881570507439826,0.09213936450413984,0.9881477656631799,0.7185011838888569,0.256,0.809315586564087,0.7299451746769581,0.9421296526109428,0.9573299907129007,265,0.1360229355155997,0.2061409568906703,0.052807183062202334,0.26711884854035045,0.2846084192537951,0.053301656737382165,0.4,0.2,True,True,0.8699999999999992,0
R20,1835087601,79,265,0.9885127971520429,0.9885299699296459,0.08724758625618108,0.9885127971520429,0.7213846865843334,0.256,0.810480588794691,0.7293297507843581,0.9448383712006075,0.952409655294823,265,0.1360229355155997,0.2061409568906703,0.052807183062202334,0.26711884854035045,0.2846084192537951,0.053301656737382165,0.4,0.2,True,True,0.8999999999999991,0
R20,1835087601,80,265,0.9898126078857454,0.9898253490474834,0.0896339940471362,0.9898126078857454,0.7153927938887176,0.256,0.8134253884952252,0.7287450980863882,0.9472762179313058,0.9457607554858505,261,0.1360229355155997,0.2061409568906703,0.052807183062202334,0.26711884854035045,0.2846084192537951,0.053301656737382165,0.4,0.2,True,True,0.929999999999999,0
R20,1835087601,81,261,0.9857977416178161,0.9858079972601794,0.09132903549484958,0.9857977416178161,0.714625138270135,0.256,0.8113765939925084,0.7281896780233168,0.9494702799889342,0.9452369019635991,262,0.1360229355155997,0.2061409568906703,0.052807183062202334,0.26711884854035045,0.2846084192537951,0.053301656737382165,0.4,0.2,True,True,0.9599999999999991,0
R20,1835087601,82,262,0.9883785905758606,0.9883941896498036,0.08801156653092998,0.9883785905758606,0.709058399299569,0.256,0.804841249748626,0.7276620289633989,0.9514449358407998,0.9502455126573601,261,0.1360229355155997,0.2061409568906703,0.052807183062202334,0.26711884854035045,0.2846084192537951,0.053301656737382165,0.4,0.2,True,True,0.9899999999999991,0
R20,1835087601,83,261,0.9891635680170612,0.9891807821546342,0.0872336766735826,0.9891635680170612,0.7038168724646803,0.256,0.8128007510031894,0.727160762356477,0.9532221261074788,0.9385387871202024,256,0.1360229355155997,0.2061409568906703,0.052807183062202334,0.26711884854035045,0.2846084192537951,0.053301656737382165,0.4,0.2,True,True,1.0199999999999991,0
R20,1835087601,84,256,0.9858221825480484,0.9858366960822527,0.08856510270250922,0.9858221825480484,0.7176016508559531,0.256,0.8084896100430118,0.7266845590799011,0.95482159734749,0.9413459429726014,263,0.1360229355155997,0.2061409568906703,0.052807183062202334,0.26711884854035045,0.2846084192537951,0.053301656737382165,0.4,0.2,True,True,1.0499999999999992,0
R20,1835087601,85,263,0.9892046161646166,0.9892191335826872,0.08859023737489793,0.9892046161646166,0.7338189744731923,0.256,0.8047720394563328,0.7262321659671541,0.9562611214635,0.9436829367339068,269,0.1360229355155997,0.2061409568906703,0.052807183062202334,0.26711884854035045,0.2846084192537951,0.053301656737382165,0.4,0.2,True,True,1.0799999999999992,0
R20,1835087601,86,269,0.9869576555056119,0.9869712247168261,0.08910979812736144,0.9869576555056119,0.733598608536301,0.256,0.7967962125913745,0.7258023925100444,0.9575566931679089,0.9512762149813452,272,0.1360229355155997,0.2061409568906703,0.052807183062202334,0.26711884854035045,0.2846084192537951,0.053301656737382165,0.4,0.2,True,True,1.1099999999999992,0
R20,1835087601,87,272,0.988717392666388,0.9887372792460323,0.0860813557579001,0.988717392666388,0.728098093768459,0.256,0.7976378439952055,0.7253941077257902,0.9587227077018771,0.9485828285527397,269,0.1360229355155997,0.2061409568906703,0.052807183062202334,0.26711884854035045,0.2846084192537951,0.053301656737382165,0.4,0.2,True,True,1.1399999999999992,0
R20,1835087601,88,269,0.989698187729002,0.9897154269531226,0.08722638592142518,0.989698187729002,0.7304973514602,0.256,0.7930772647327554,0.7250062371807486,0.9597721207824483,0.9524849280855449,271,0.1360229355155997,0.2061409568906703,0.052807183062202334,0.26711884854035045,0.2846084192537951,0.053301656737382165,0.4,0.2,True,True,1.1699999999999993,0
R20,1835087601,89,271,0.9895170982532578,0.9895329174485208,0.0879091911536379,0.9895170982532578,0.7226107998174891,0.256,0.7930182729665659,0.7246377601629592,0.9607165925549626,0.9511356826383394,268,0.1360229355155997,0.2061409568906703,0.052807183062202334,0.26711884854035045,0.2846084192537951,0.053301656737382165,0.4,0.2,True,True,1.1999999999999993,0
R20,1835087601,90,268,0.9903072648296309,0.9903313278433366,0.08457674288072019,0.9903072648296309,0.7200409709617034,0.256,0.7951427160484794,0.7242877069960593,0.9615666171502253,0.9472980685178516,266,0.1360229355155997,0.2061409568906703,0.052807183062202334,0.26711884854035045,0.2846084192537951,0.053301656737382165,0.4,0.2,True,True,1.2299999999999993,0
R20,1835087601,91,266,0.9875489465938652,0.9875694502977829,0.08582868495636596,0.9875489465938652,0.7146271885377329,0.256,0.7940498302499607,0.7239551564875043,0.9623316392859618,0.947412573000925,265,0.1360229355155997,0.2061409568906703,0.052807183062202334,0.26711884854035045,0.2846084192537951,0.053301656737382165,0.4,0.2,True,True,1.2599999999999993,0
R20,1835087601,92,265,0.9911693754307351,0.9912092848925442,0.0805564963702139,0.9911693754307351,0.7187444616204172,0.256,0.79545149899629,0.7236392335043771,0.9630201592081247,0.944654552587534,265,0.1360229355155997,0.2061409568906703,0.052807183062202334,0.26711884854035045,0.2846084192537951,0.053301656737382165,0.4,0.2,True,True,1.2899999999999994,0
R20,1835087601,93,265,0.9854647254580104,0.9854873652104762,0.08502302754818526,0.9854647254580104,0.7049181275300138,0.256,0.7964783411814,0.7233391066704062,0.9636398271380713,0.942438965736103,261,0.1360229355155997,0.2061409568906703,0.052807183062202334,0.26711884854035045,0.2846084192537951,0.053301656737382165,0.4,0.2,True,True,1.3199999999999994,0
R20,1835087601,94,261,0.98696964796508,0.9869803111316634,0.09102831250268761,0.98696964796508,0.7365005385631596,0.256,0.7884210977657249,0.7230539861781339,0.9641975282750231,0.9511444401445494,275,0.1360229355155997,0.2061409568906703,0.052807183062202334,0.26711884854035045,0.2846084192537951,0.053301656737382165,0.4,0.2,True,True,1.3499999999999994,0
R20,1835087601,95,275,0.9939375909067666,0.993949766619719,0.09002843776808354,0.9939375909067666,0.7359620546450545,0.256,0.7908099234672094,0.7227831217104752,0.9646994592982798,0.947422854511148,272,0.1360229355155997,0.2061409568906703,0.052807183062202334,0.26711884854035045,0.2846084192537951,0.053301656737382165,0.4,0.2,True,True,1.3799999999999994,0
R20,1835087601,96,272,0.98976299783582,0.9897724253179667,0.09203121288226343,0.98976299783582,0.728352255103123,0.256,0.7887233684647487,0.7225258004661994,0.9651511972192108,0.9491466028897456,271,0.1360229355155997,0.2061409568906703,0.052807183062202334,0.26711884854035045,0.2846084192537951,0.053301656737382165,0.4,0.2,True,True,1.4099999999999995,0
R20,1835087601,97,271,0.9883670968447213,0.9883940019401389,0.08367249520053745,0.9883670968447213,0.7447222038718924,0.256,0.7871689753121199,0.7222813452841375,0.9655577613480488,0.9502987767041646,278,0.1360229355155997,0.2061409568906703,0.052807183062202334,0.26711884854035045,0.2846084192537951,0.053301656737382165,0.4,0.2,True,True,1.4399999999999995,0
R20,1835087601,98,278,0.9870434526753493,0.9870587063396399,0.08817904424771307,0.9870434526753493,0.7305099572947805,0.256,0.7844065377371217,0.7220491128611786,0.965923669064003,0.9529776730906853,274,0.1360229355155997,0.2061409568906703,0.052807183062202334,0.26711884854035045,0.2846084192537951,0.053301656737382165,0.4,0.2,True,True,1.4699999999999995,0
R20,1835087601,99,274,0.9931745590501667,0.9932088543529485,0.08177932551673703,0.9931745590501667,0.7193532265768261,0.256,0.7877401261944044,0.7218284920593676,0.9662529860083617,0.9483315585737793,267,0.1360229355155997,0.2061409568906703,0.052807183062202334,0.26711884854035045,0.2846084192537951,0.053301656737382165,0.4,0.2,True,True,1.4999999999999996,0
R20,1835087601,100,267,0.9873346511213358,0.9873626997223823,0.08333286248621748,0.9873346511213358,0.7139957836331046,0.256,0.7864705988359553,0.7216189022976472,0.9665493712582846,0.9492953779425507,267,0.1360229355155997,0.2061409568906703,0.052807183062202334,0.26711884854035045,0.2846084192537951,0.053301656737382165,0.4,0.2,True,True,1.5299999999999996,0
R20,1835087601,101,267,0.9895200633723045,0.9895630011299524,0.07996107956576497,0.9895200633723045,0.7233952331034933,0.256,0.7891398899449948,0.7214197920240129,0.9668161179832151,0.9455623558210831,269,0.1360229355155997,0.2061409568906703,0.052807183062202334,0.26711884854035045,0.2846084192537951,0.053301656737382165,0.4,0.2,True,True,1.5599999999999996,0
R20,1835087601,102,269,0.9864148806070526,0.9864424870968505,0.08345190898493743,0.9864148806070526,0.7201180705717042,0.256,0.7851182961097716,0.7212306372640602,0.9670561900356526,0.9499207175332987,270,0.1360229355155997,0.2061409568906703,0.052807183062202334,0.26711884854035045,0.2846084192537951,0.053301656737382165,0.4,0.2,True,True,1.5899999999999996,0
R20,1835087601,103,270,0.9833563015124397,0.9833703800905487,0.08878736681975244,0.9833563015124397,0.7153650559959185,0.256,0.7941367059488452,0.7210509402421051,0.9672722548828463,0.9386894713450181,266,0.1360229355155997,0.2061409568906703,0.052807183062202334,0.26711884854035045,0.2846084192537951,0.053301656737382165,0.4,0.2,True,True,1.6199999999999997,0
R20,1835087601,104,266,0.9820639071817026,0.9820765051625073,0.08966139252203563,0.9820639071817026,0.7124796224105242,0.256,0.7979930418090138,0.7208802280712479,0.9674667132453207,0.9337443308017268,264,0.1360229355155997,0.2061409568906703,0.052807183062202334,0.26711884854035045,0.2846084192537951,0.053301656737382165,0.4,0.2,True,True,1.6499999999999997,0
R20,1835087601,105,264,0.9898387277598356,0.9898484222069807,0.09180954527816984,0.9898387277598356,0.7275871816317184,0.256,0.7964720430057115,0.7207180515089334,0.9676417257715477,0.9351478424709303,268,0.1360229355155997,0.2061409568906703,0.052807183062202334,0.26711884854035045,0.2846084192537951,0.053301656737382165,0.4,0.2,True,True,1.6799999999999997,0
R20,1835087601,106,268,0.9856542120710369,0.9856892184619723,0.08155547148254985,0.9856542120710369,0.7387075083424641,0.256,0.7972378221672539,0.7205639837747347,0.967799237045152,0.9338978623372564,273,0.1360229355155997,0.2061409568906703,0.052807183062202334,0.26711884854035045,0.2846084192537951,0.053301656737382165,0.4,0.2,True,True,1.7099999999999997,0
R20,1835087601,107,273,0.9864780041740575,0.9864998822033899,0.08530363064728422,0.9864780041740575,0.752139952733866,0.256,0.7936525562080028,0.720417619427246,0.9679409971913958,0.9377887569782586,279,0.1360229355155997,0.2061409568906703,0.052807183062202334,0.26711884854035045,0.2846084192537951,0.053301656737382165,0.4,0.2,True,True,1.7399999999999998,0
R20,1835087601,108,279,0.9917140210431704,0.9917324253377945,0.0867220284297483,0.9917140210431704,0.7756052330225361,0.256,0.791441594055514,0.7202785732971317,0.9680685813230152,0.9401031319888803,287,0.1360229355155997,0.2061409568906703,0.052807183062202334,0.26711884854035045,0.2846084192537951,0.053301656737382165,0.4,0.2,True,True,1.7699999999999998,0
R20,1835087601,109,287,0.9882030854149779,0.9882448657868013,0.08016797774757585,0.9882030854149779,0.7796977237980925,0.256,0.7902301114549265,0.7201464794735232,0.9681834070414728,0.9412600630499705,290,0.1360229355155997,0.2061409568906703,0.052807183062202334,0.26711884854035045,0.2846084192537951,0.053301656737382165,0.4,0.2,True,True,1.7999999999999998,0
R20,1835087601,110,290,0.9886903705294527,0.9887257682820753,0.08149145823749944,0.9886903705294527,0.7586369107963836,0.256,0.7931683509472319,0.720020990341095,0.9682867501880845,0.937509746895346,281,0.1360229355155997,0.2061409568906703,0.052807183062202334,0.26711884854035045,0.2846084192537951,0.053301656737382165,0.4,0.2,True,True,1.8299999999999998,0
R20,1835087601,111,281,0.9870194315845484,0.987052197838927,0.08209288241094974,0.9870194315845484,0.758501780804682,0.256,0.7944202078881014,0.7199017756652882,0.9683797590200351,0.93578754068878,281,0.1360229355155997,0.2061409568906703,0.052807183062202334,0.26711884854035045,0.2846084192537951,0.053301656737382165,0.4,0.2,True,True,1.8599999999999999,0
R20,1835087601,112,281,0.9878483749808602,0.9878754871781827,0.08360728018571927,0.9878483749808602,0.7511475826929621,0.256,0.7945923898733076,0.7197885217232718,0.9684634669687906,0.935356724528549,278,0.1360229355155997,0.2061409568906703,0.052807183062202334,0.26711884854035045,0.2846084192537951,0.053301656737382165,0.4,0.2,True,True,1.89,0
R20,1835087601,113,278,0.9861228829457854,0.9861617412615277,0.08072832265900888,0.9861228829457854,0.7430342311005884,0.256,0.7931439326333447,0.7196809304783561,0.9685388041226706,0.9368519469886492,276,0.1360229355155997,0.2061409568906703,0.052807183062202334,0.26711884854035045,0.2846084192537951,0.053301656737382165,0.4,0.2,True,True,1.92,0
R20,1835087601,114,276,0.988506528789239,0.9885345774944194,0.08334227495877353,0.988506528789239,0.7573840264941608,0.256,0.7922149270308342,0.7195787187956864,0.9686066075611626,0.9377517046056583,281,0.1360229355155997,0.2061409568906703,0.052807183062202334,0.26711884854035045,0.2846084192537951,0.053301656737382165,0.4,0.2,True,True,1.95,0
R20,1835087601,115,281,0.9917269030212739,0.9917425284750554,0.08802503691032099,0.9917269030212739,0.7553342885679413,0.256,0.7960578693754329,0.71948161769715,0.9686676306558053,0.9330400268800869,278,0.1360229355155997,0.2061409568906703,0.052807183062202334,0.26711884854035045,0.2846084192537951,0.053301656737382165,0.4,0.2,True,True,1.9799999999999998,0
R20,1835087601,116,278,0.9895504277657291,0.9895653889949972,0.08835332168761899,0.9895504277657291,0.767733496083634,0.256,0.7938274599815167,0.7193893716535404,0.9687225514409838,0.9354885779936415,284,0.1360229355155997,0.2061409568906703,0.052807183062202334,0.26711884854035045,0.2846084192537951,0.053301656737382165,0.4,0.2,True,True,2.01,0
R20,1835087601,117,284,0.9879676507028718,0.9880004235180214,0.08209893201666246,0.9879676507028718,0.7773220939488918,0.256,0.7911553121018983,0.7193017379121114,0.9687719801476444,0.9384859862172518,289,0.1360229355155997,0.2061409568906703,0.052807183062202334,0.26711884854035045,0.2846084192537951,0.053301656737382165,0.4,0.2,True,True,2.04,0
R20,1835087601,118,289,0.9889973685679874,0.9890160797016287,0.08656857859343028,0.9889973685679874,0.784079284322993,0.256,0.7863712794594729,0.7192184858577538,0.968816465983639,0.9440428047830247,293,0.1360229355155997,0.2061409568906703,0.052807183062202334,0.26711884854035045,0.2846084192537951,0.053301656737382165,0.4,0.2,True,True,2.0700000000000003,0
R20,1835087601,119,293,0.990522523263162,0.9905469342963303,0.08446417499682812,0.990522523263162,0.7453790758057216,0.256,0.7924336404787307,0.7191393964061141,0.9688565032360341,0.9366788596567182,276,0.1360229355155997,0.2061409568906703,0.052807183062202334,0.26711884854035045,0.2846084192537951,0.053301656737382165,0.4,0.2,True,True,2.1000000000000005,0
R20,1835087601,120,276,0.9879411402693826,0.9879809842453249,0.08054360074326233,0.9879411402693826,0.738405048459895,0.256,0.792867128967623,0.7190642614270564,0.9688925367631898,0.9360341216236757,274,0.1360229355155997,0.2061409568906703,0.052807183062202334,0.26711884854035045,0.2846084192537951,0.053301656737382165,0.4,0.2,True,True,2.130000000000001,0
R20,1835087601,121,274,0.9922363824425758,0.9922572298706092,0.08573404378884848,0.9922363824425758,0.7156531340115359,0.256,0.7941427716289157,0.7189928831969515,0.9689249669376299,0.9344065144325534,264,0.1360229355155997,0.2061409568906703,0.052807183062202334,0.26711884854035045,0.2846084192537951,0.053301656737382165,0.4,0.2,True,True,2.160000000000001,0
R20,1835087601,122,264,0.9874168554956609,0.9874830999163647,0.07649284524813657,0.9874168554956609,0.6969363318757849,0.256,0.7952707909591583,0.7189250738783519,0.9689541540946259,0.9329650394879283,258,0.1360229355155997,0.2061409568906703,0.052807183062202334,0.26711884854035045,0.2846084192537951,0.053301656737382165,0.4,0.2,True,True,2.1900000000000013,0
R20,1835087601,123,258,0.9873739140448992,0.9874276644394404,0.0781560559374656,0.9873739140448992,0.6921343877003584,0.256,0.7960446172946875,0.7188606550256823,0.9689804225359223,0.9319493325468596,256,0.1360229355155997,0.2061409568906703,0.052807183062202334,0.26711884854035045,0.2846084192537951,0.053301656737382165,0.4,0.2,True,True,2.2200000000000015,0
R20,1835087601,124,256,0.9868615884999584,0.9868825736457009,0.08563839890670925,0.9868615884999584,0.706360947031576,0.256,0.7912414293733478,0.7187994571156462,0.9690040641330891,0.9375039863392504,263,0.1360229355155997,0.2061409568906703,0.052807183062202334,0.26711884854035045,0.2846084192537951,0.053301656737382165,0.4,0.2,True,True,2.2500000000000018,0
R20,1835087601,125,263,0.9913611438488868,0.9913844832899286,0.08482823472315332,0.9913611438488868,0.7005184653045216,0.256,0.7901939359422209,0.7187413191011118,0.9690253415705392,0.938650217533699,260,0.1360229355155997,0.2061409568906703,0.052807183062202334,0.26711884854035045,0.2846084192537951,0.053301656737382165,0.4,0.2,True,True,2.280000000000002,0
R20,1835087601,126,260,0.9889945787983626,0.9890257038986005,0.08251780696021385,0.9889945787983626,0.718331242748498,0.256,0.7880244050785374,0.7186860879873043,0.9690444912642443,0.9411435131897886,268,0.1360229355155997,0.2061409568906703,0.052807183062202334,0.26711884854035045,0.2846084192537951,0.053301656737382165,0.4,0.2,True,True,2.3100000000000023,0
R20,1835087601,127,268,0.988590405147877,0.9886332843189394,0.07996446595087839,0.988590405147877,0.7258128649148018,0.256,0.7877821064312236,0.718633618429187,0.9690617259885789,0.9413475073996179,271,0.1360229355155997,0.2061409568906703,0.052807183062202334,0.26711884854035045,0.2846084192537951,0.053301656737382165,0.4,0.2,True,True,2.3400000000000025,0
R20,1835087601,128,271,0.9916755851200976,0.9917139212566128,0.08088070586663178,0.9916755851200976,0.7337411704360148,0.256,0.7881347992316836,0.7185837723489756,0.96907723724048,0.940845927005468,273,0.1360229355155997,0.2061409568906703,0.052807183062202334,0.26711884854035045,0.2846084192537951,0.053301656737382165,0.4,0.2,True,True,2.3700000000000028,0
R20,1835087601,129,273,0.9882298827375142,0.9882625798973953,0.082119440752931,0.9882298827375142,0.7286737655297034,0.256,0.7912572987291839,0.7185364185727748,0.9690911973671911,0.9370578585368347,271,0.1360229355155997,0.2061409568906703,0.052807183062202334,0.26711884854035045,0.2846084192537951,0.053301656737382165,0.4,0.2,True,True,2.400000000000003,0
R20,1835087601,130,271,0.9866457116469523,0.9867163493584248,0.07597552248823104,0.9866457116469523,0.7289940905352332,0.256,0.7899997582612864,0.718491432485384,0.969103761481231,0.938478561718831,272,0.1360229355155997,0.2061409568906703,0.052807183062202334,0.26711884854035045,0.2846084192537951,0.053301656737382165,0.4,0.2,True,True,2.4300000000000033,0
R20,1835087601,131,272,0.9894167167815612,0.9894484263392439,0.08237312270583132,0.9894167167815612,0.7427811046565539,0.256,0.7910903138522901,0.7184486957023628,0.9691150691838669,0.9371181449924965,276,0.1360229355155997,0.2061409568906703,0.052807183062202334,0.26711884854035045,0.2846084192537951,0.053301656737382165,0.4,0.2,True,True,2.4600000000000035,0
R20,1835087601,132,276,0.9875320299217264,0.9875942271186277,0.07699555456660041,0.9875320299217264,0.7206782072408113,0.256,0.7890620746169785,0.7184080957584926,0.9691252461162393,0.9394639951850223,269,0.1360229355155997,0.2061409568906703,0.052807183062202334,0.26711884854035045,0.2846084192537951,0.053301656737382165,0.4,0.2,True,True,2.4900000000000038,0
R20,1835087601,133,269,0.9889869837585848,0.9890316403888877,0.07964436147524442,0.9889869837585848,0.7316438564254106,0.256,0.7911019679938348,0.718369525811816,0.9691344053553744,0.9369823799800711,272,0.1360229355155997,0.2061409568906703,0.052807183062202334,0.26711884854035045,0.2846084192537951,0.053301656737382165,0.4,0.2,True,True,2.520000000000004,0
R20,1835087601,134,272,0.9881607874404528,0.9881887922032323,0.08335197047147588,0.9881607874404528,0.7350517224925693,0.256,0.7896782372524539,0.7183328843624732,0.969142648670596,0.9386158270625576,274,0.1360229355155997,0.2061409568906703,0.052807183062202334,0.26711884854035045,0.2846084192537951,0.053301656737382165,0.4,0.2,True,True,2.5500000000000043,0
R20,1835087601,135,274,0.9864096665170087,0.9864477575140672,0.08088938787073696,0.9864096665170087,0.7461075534261956,0.256,0.7914569359250877,0.7182980749855975,0.9691500676542953,0.9364538570266466,278,0.1360229355155997,0.2061409568906703,0.052807183062202334,0.26711884854035045,0.2846084192537951,0.053301656737382165,0.4,0.2,True,True,2.5800000000000045,0
R20,1835087601,136,278,0.9910619583763235,0.9910773942603757,0.08811685962138263,0.9910619583763235,0.7382686706839099,0.256,0.7937719989321638,0.7182650060775656,0.9691567447396249,0.933673238273689,273,0.1360229355155997,0.2061409568906703,0.052807183062202334,0.26711884854035045,0.2846084192537951,0.053301656737382165,0.4,0.2,True,True,2.6100000000000048,0
R20,1835087601,137,273,0.9894455326680891,0.9894653162949307,0.0861285311839808,0.9894455326680891,0.7297273467289267,0.256,0.7946317139731578,0.7182335906149353,0.9691627541164214,0.9326165180773132,270,0.1360229355155997,0.2061409568906703,0.052807183062202334,0.26711884854035045,0.2846084192537951,0.053301656737382165,0.4,0.2,True,True,2.640000000000005,0
R20,1835087601,138,270,0.9929819436750331,0.9929921946289357,0.09139047501986071,0.9929819436750331,0.7345834671215521,0.256,0.7970993192808931,0.7182037459254366,0.9691681625555383,0.929685566847196,270,0.1360229355155997,0.2061409568906703,0.052807183062202334,0.26711884854035045,0.2846084192537951,0.053301656737382165,0.4,0.2,True,True,2.6700000000000053,0
R20,1835087601,139,270,0.9914128861759477,0.991431700170538,0.08654435777893485,0.9914128861759477,0.7270791332463571,0.256,0.7991109752296277,0.7181753934704127,0.9691730301507435,0.9273039406279979,267,0.1360229355155997,0.2061409568906703,0.052807183062202334,0.26711884854035045,0.2846084192537951,0.053301656737382165,0.4,0.2,True,True,2.7000000000000055,0
R20,1835087601,140,267,0.9855304466260718,0.9855522694908563,0.08531607702557731,0.9855304466260718,0.7209593015705945,0.256,0.8031566714296372,0.71814845863814,0.9691774109864282,0.922594111123908,265,0.1360229355155997,0.2061409568906703,0.052807183062202334,0.26711884854035045,0.2846084192537951,0.053301656737382165,0.4,0.2,True,True,2.7300000000000058,0
R20,1835087601,141,265,0.9869684840621235,0.9869866378536072,0.08679293492780105,0.9869684840621235,0.7112702857501513,0.256,0.7972502689692063,0.718122870547481,0.9691813537385444,0.9293922222699617,263,0.1360229355155997,0.2061409568906703,0.052807183062202334,0.26711884854035045,0.2846084192537951,0.053301656737382165,0.4,0.2,True,True,2.760000000000006,0
R20,1835087601,142,263,0.9829612082250926,0.982989414871156,0.0832528003229826,0.9829612082250926,0.7113971751259616,0.256,0.7886722362961417,0.7180985618613549,0.969184902215449,0.9394655607688844,267,0.1360229355155997,0.2061409568906703,0.052807183062202334,0.26711884854035045,0.2846084192537951,0.053301656737382165,0.4,0.2,True,True,2.7900000000000063,0
R20,1835087601,143,267,0.9828713194292626,0.9829011989283953,0.08279346644257471,0.9828713194292626,0.7306382011096343,0.256,0.7865340429925,0.7180754686095351,0.969188095844663,0.94198610019747,275,0.1360229355155997,0.2061409568906703,0.052807183062202334,0.26711884854035045,0.2846084192537951,0.053301656737382165,0.4,0.2,True,True,2.8200000000000065,0
R20,1835087601,144,275,0.9932135700304398,0.9932511162402786,0.0810587676925445,0.9932135700304398,0.7350928090220439,0.256,0.7917481071641466,0.7180535300203064,0.9691909701109558,0.9357512773246568,272,0.1360229355155997,0.2061409568906703,0.052807183062202334,0.26711884854035045,0.2846084192537951,0.053301656737382165,0.4,0.2,True,True,2.8500000000000068,0
R20,1835087601,145,272,0.9870399526966002,0.9870656370973324,0.08403139102420963,0.9870399526966002,0.724874932568656,0.256,0.7914661936868589,0.718032688360539,0.9691935569506193,0.9360549154569026,270,0.1360229355155997,0.2061409568906703,0.052807183062202334,0.26711884854035045,0.2846084192537951,0.053301656737382165,0.4,0.2,True,True,2.880000000000007,0
R20,1835087601,146,270,0.9845263655088919,0.9845444683652687,0.08679557977193772,0.9845263655088919,0.7247369121009964,0.256,0.7963049284890273,0.71801288878376,0.9691958851063164,0.9303391025169713,269,0.1360229355155997,0.2061409568906703,0.052807183062202334,0.26711884854035045,0.2846084192537951,0.053301656737382165,0.4,0.2,True,True,2.9100000000000072,0
R20,1835087601,147,269,0.9905303988543974,0.9905521193390548,0.08539378944666477,0.9905303988543974,0.7191699120370045,0.256,0.8002926145344131,0.71799407918582,0.9691979804464438,0.925677171111761,264,0.1360229355155997,0.2061409568906703,0.052807183062202334,0.26711884854035045,0.2846084192537951,0.053301656737382165,0.4,0.2,True,True,2.9400000000000075,0
R20,1835087601,148,264,0.9860785072231839,0.9860892568393234,0.0909568482641425,0.9860785072231839,0.7270860924401886,0.256,0.7947115550243222,0.717976210067777,0.9691998662525584,0.9321529558692282,270,0.1360229355155997,0.2061409568906703,0.052807183062202334,0.26711884854035045,0.2846084192537951,0.053301656737382165,0.4,0.2,True,True,2.9700000000000077,0
R20,1835087601,149,270,0.9879616117355156,0.9879811777602078,0.08620462133703176,0.9879616117355156,0.7135862348163627,0.256,0.79617928872495,0.7179592344056361,0.9692015634780615,0.9304109303325452,264,0.1360229355155997,0.2061409568906703,0.052807183062202334,0.26711884854035045,0.2846084192537951,0.053301656737382165,0.4,0.2,True,True,3.000000000000008,0
R20,1835087601,150,264,0.9849859369216284,0.9850042112147344,0.08672426755934352,0.9849859369216284,0.7248461892890271,0.256,0.7931758892530834,0.7179431075266023,0.9692030909810144,0.9339115270178212,270,0.1360229355155997,0.2061409568906703,0.052807183062202334,0.26711884854035045,0.2846084192537951,0.053301656737382165,0.4,0.2,True,True,3.0300000000000082,0
R20,1835087601,151,270,0.9881614193167537,0.9881838446774612,0.0851205168082903,0.9881614193167537,0.7100410852424822,0.256,0.7920958009052367,0.7179277869915202,0.969204465733672,0.9351637100405563,264,0.1360229355155997,0.2061409568906703,0.052807183062202334,0.26711884854035045,0.2846084192537951,0.053301656737382165,0.4,0.2,True,True,3.0600000000000085,0
R20,1835087601,152,264,0.9897405352344599,0.9897676849478767,0.08361150547945301,0.9897405352344599,0.7192872348941773,0.256,0.795121740041869,0.7179132324831922,0.9692057030110639,0.9315847473606838,266,0.1360229355155997,0.2061409568906703,0.052807183062202334,0.26711884854035045,0.2846084192537951,0.053301656737382165,0.4,0.2,True,True,3.0900000000000087,0
R20,1835087601,153,266,0.9887808561831379,0.9888305533317894,0.07879145451257417,0.9887808561831379,0.7261092001431118,0.256,0.7944959985591535,0.7178994057002805,0.9692068165607165,0.9322994320196651,269,0.1360229355155997,0.2061409568906703,0.052807183062202334,0.26711884854035045,0.2846084192537951,0.053301656737382165,0.4,0.2,True,True,3.120000000000009,0
R20,1835087601,154,269,0.9891492395048138,0.9891643595057578,0.08826606625901584,0.9891492395048138,0.7213380772216276,0.256,0.7978935861842475,0.7178862702565145,0.9692078187554038,0.928311572298539,266,0.1360229355155997,0.2061409568906703,0.052807183062202334,0.26711884854035045,0.2846084192537951,0.053301656737382165,0.4,0.2,True,True,3.1500000000000092,0
R20,1835087601,155,266,0.9892699650753041,0.9892837134021529,0.08902404015394087,0.9892699650753041,0.7114652764622058,0.256,0.8019643677955434,0.7178737915849368,0.9692087207306225,0.9235825366263355,261,0.1360229355155997,0.2061409568906703,0.052807183062202334,0.26711884854035045,0.2846084192537951,0.053301656737382165,0.4,0.2,True,True,3.1800000000000095,0
R20,1835087601,156,261,0.9868051093144125,0.9868249506324482,0.08608408285411873,0.9868051093144125,0.703493574876767,0.256,0.8042156508692879,0.7178619368469379,0.9692095325083192,0.9209811231301763,258,0.1360229355155997,0.2061409568906703,0.052807183062202334,0.26711884854035045,0.2846084192537951,0.053301656737382165,0.4,0.2,True,True,3.2100000000000097,0
R20,1835087601,157,258,0.9879223960145582,0.987944890667181,0.08509403389830139,0.9879223960145582,0.7150687086414494,0.256,0.8010122193611764,0.717850674845839,0.9692102631082463,0.9246491344092113,263,0.1360229355155997,0.2061409568906703,0.052807183062202334,0.26711884854035045,0.2846084192537951,0.053301656737382165,0.4,0.2,True,True,3.24000000000001,0
R20,1835087601,158,263,0.9909042675324689,0.9909180677655428,0.08900718347482017,0.9909042675324689,0.7114611770742766,0.256,0.8006728598133226,0.717839975944795,0.9692109206481807,0.9250266259806692,261,0.1360229355155997,0.2061409568906703,0.052807183062202334,0.26711884854035045,0.2846084192537951,0.053301656737382165,0.4,0.2,True,True,3.2700000000000102,0
R20,1835087601,159,261,0.9892437563921302,0.9892566043742879,0.08956296080298366,0.9892437563921302,0.6949467234945808,0.256,0.8081828825504005,0.7178298119888032,0.9692115124341216,0.9164172998006055,253,0.1360229355155997,0.2061409568906703,0.052807183062202334,0.26711884854035045,0.2846084192537951,0.053301656737382165,0.4,0.2,True,True,3.3000000000000105,0
R20,1835087601,160,253,0.988751775811827,0.9887619690151508,0.09140146333127615,0.988751775811827,0.6844596559953087,0.256,0.8124496599650942,0.717820156230611,0.9692120450414685,0.9115917477570283,248,0.1360229355155997,0.2061409568906703,0.052807183062202334,0.26711884854035045,0.2846084192537951,0.053301656737382165,0.4,0.2,True,True,3.3300000000000107,0
R20,1835087601,161,248,0.9899141649679064,0.9899236911189424,0.09194955139824769,0.9899141649679064,0.6852706383180937,0.256,0.8124671125914829,0.7178109832603284,0.9692125243880807,0.9115600660856253,248,0.1360229355155997,0.2061409568906703,0.052807183062202334,0.26711884854035045,0.2846084192537951,0.053301656737382165,0.4,0.2,True,True,3.360000000000011,0
R20,1835087601,162,248,0.9879025256353463,0.9879246702696229,0.08521870403621087,0.9879025256353463,0.6816795889856031,0.256,0.8131435000493695,0.71780226893856,0.9692129558000316,0.9107903512859066,247,0.1360229355155997,0.2061409568906703,0.052807183062202334,0.26711884854035045,0.2846084192537951,0.053301656737382165,0.4,0.2,True,True,3.3900000000000112,0
R20,1835087601,163,247,0.9905690526440069,0.9905883162066522,0.08634961124563563,0.9905690526440069,0.693316597677375,0.256,0.8181826617496797,0.71779399033288,0.9692133440707875,0.9051700193833259,249,0.1360229355155997,0.2061409568906703,0.052807183062202334,0.26711884854035045,0.2846084192537951,0.053301656737382165,0.4,0.2,True,True,3.4200000000000115,0
R20,1835087601,164,249,0.9896178538648773,0.9896358890975908,0.08686642873870393,0.9896178538648773,0.7294836061782303,0.256,0.8096727266783672,0.717786125657484,0.9692136935144677,0.9146733116801247,265,0.1360229355155997,0.2061409568906703,0.052807183062202334,0.26711884854035045,0.2846084192537951,0.053301656737382165,0.4,0.2,True,True,3.4500000000000117,0
R20,1835087601,165,265,0.9901559706371867,0.9901787616871663,0.08500781261325978,0.9901559706371867,0.7493360548173503,0.256,0.809871014989047,0.7177786542158577,0.96921400801378,0.9144395484043739,272,0.1360229355155997,0.2061409568906703,0.052807183062202334,0.26711884854035045,0.2846084192537951,0.053301656737382165,0.4,0.2,True,True,3.480000000000012,0
R20,1835087601,166,272,0.9905742370234852,0.9905851629041137,0.09086359335097444,0.9905742370234852,0.7646244621056032,0.256,0.8082249717153096,0.7177715563463128,0.969214291063161,0.9162925813080902,278,0.1360229355155997,0.2061409568906703,0.052807183062202334,0.26711884854035045,0.2846084192537951,0.053301656737382165,0.4,0.2,True,True,3.510000000000012,0
R20,1835087601,167,278,0.9911714278360135,0.9911915851056985,0.08599347095751976,0.9911714278360135,0.7351777496486881,0.256,0.8116743160044021,0.7177648133702452,0.9692145458076039,0.9123898332183213,266,0.1360229355155997,0.2061409568906703,0.052807183062202334,0.26711884854035045,0.2846084192537951,0.053301656737382165,0.4,0.2,True,True,3.5400000000000125,0
R20,1835087601,168,266,0.9853113023215965,0.9853301993430255,0.08646016745091908,0.9853113023215965,0.7384919084308625,0.256,0.8110425207921327,0.7177584075429809,0.9692147750776026,0.9130922119911175,269,0.1360229355155997,0.2061409568906703,0.052807183062202334,0.26711884854035045,0.2846084192537951,0.053301656737382165,0.4,0.2,True,True,3.5700000000000127,0
R20,1835087601,169,269,0.9902272081695723,0.9902479172237246,0.08577091912957412,0.9902272081695723,0.7415941165585277,0.256,0.813436840550496,0.7177523220070798,0.9692149814206014,0.9103966478032506,268,0.1360229355155997,0.2061409568906703,0.052807183062202334,0.26711884854035045,0.2846084192537951,0.053301656737382165,0.4,0.2,True,True,3.600000000000013,0
R20,1835087601,170,268,0.9855462038570706,0.9855614800556061,0.08815521004592058,0.9855462038570706,0.7377496841144008,0.256,0.8070471341394186,0.7177465407479738,0.9692151671293002,0.9175970457345445,270,0.1360229355155997,0.2061409568906703,0.052807183062202334,0.26711884854035045,0.2846084192537951,0.053301656737382165,0.4,0.2,True,True,3.630000000000013,0
R20,1835087601,171,270,0.9894514407232184,0.9894708605799871,0.08627630348310235,0.9894514407232184,0.7453685442553393,0.256,0.803244560962069,0.7177410485518231,0.9692153342671292,0.9219337518100486,273,0.1360229355155997,0.2061409568906703,0.052807183062202334,0.26711884854035045,0.2846084192537951,0.053301656737382165,0.4,0.2,True,True,3.6600000000000135,0
R20,1835087601,172,273,0.9890027549940258,0.9890185867471171,0.08789873618239714,0.9890027549940258,0.7290908085650107,0.256,0.8007303286977379,0.7177358309654799,0.9692154846911754,0.9248216870607614,268,0.1360229355155997,0.2061409568906703,0.052807183062202334,0.26711884854035045,0.2846084192537951,0.053301656737382165,0.4,0.2,True,True,3.6900000000000137,0
R20,1835087601,173,268,0.988965506186699,0.9889974048139341,0.08232217208845977,0.988965506186699,0.7421343526238331,0.256,0.7972429975812014,0.7177308742584538,0.9692156200728168,0.9288605332779394,274,0.1360229355155997,0.2061409568906703,0.052807183062202334,0.26711884854035045,0.2846084192537951,0.053301656737382165,0.4,0.2,True,True,3.720000000000014,0
R20,1835087601,174,274,0.9890685843464045,0.9890913588264966,0.08500485550415346,0.9890685843464045,0.7375952622325374,0.256,0.7951915209196057,0.7177261653867791,0.9692157419162941,0.931250629407758,273,0.1360229355155997,0.2061409568906703,0.052807183062202334,0.26711884854035045,0.2846084192537951,0.053301656737382165,0.4,0.2,True,True,3.750000000000014,0
R20,1835087601,175,273,0.9901525518586827,0.9901944493325912,0.08016138640366223,0.9901525518586827,0.7442310739877185,0.256,0.7985469529059825,0.7177216919586882,0.9692158515754237,0.9273317021175442,274,0.1360229355155997,0.2061409568906703,0.052807183062202334,0.26711884854035045,0.2846084192537951,0.053301656737382165,0.4,0.2,True,True,3.7800000000000145,0
R20,1835087601,176,274,0.9908276365332204,0.9908577429314098,0.0827974246181124,0.9908276365332204,0.7466658446769567,0.256,0.7977068772743438,0.7177174422020017,0.9692159502686404,0.9283026961573946,275,0.1360229355155997,0.2061409568906703,0.052807183062202334,0.26711884854035045,0.2846084192537951,0.053301656737382165,0.4,0.2,True,True,3.8100000000000147,0
R20,1835087601,177,275,0.989834194375788,0.9898561825276051,0.08529070036720715,0.989834194375788,0.7583573746379734,0.256,0.7965328426034789,0.7177134049331496,0.9692160390925354,0.9296656357983389,280,0.1360229355155997,0.2061409568906703,0.052807183062202334,0.26711884854035045,0.2846084192537951,0.053301656737382165,0.4,0.2,True,True,3.840000000000015,0
R20,1835087601,178,280,0.9899043001305134,0.9899629884053048,0.07747686542601429,0.9899043001305134,0.7721357984756984,0.256,0.7967244719347085,0.7177095695277401,0.9692161190340409,0.9294369877371511,285,0.1360229355155997,0.2061409568906703,0.052807183062202334,0.26711884854035045,0.2846084192537951,0.053301656737382165,0.4,0.2,True,True,3.870000000000015,0
R20,1835087601,179,285,0.9876393432197236,0.9876483815636881,0.09234965401443383,0.9876393432197236,0.7790005224642976,0.256,0.7945042680898554,0.7177059258926011,0.9692161909813959,0.9320294536611813,289,0.1360229355155997,0.2061409568906703,0.052807183062202334,0.26711884854035045,0.2846084192537951,0.053301656737382165,0.4,0.2,True,True,3.9000000000000155,0
R20,1835087601,180,289,0.9935896516995556,0.9936503852069184,0.07723378272533966,0.9935896516995556,0.7648195605168518,0.256,0.7946201850378554,0.717702464439219,0.9692162557340154,0.9318889351110174,282,0.1360229355155997,0.2061409568906703,0.052807183062202334,0.26711884854035045,0.2846084192537951,0.053301656737382165,0.4,0.2,True,True,3.9300000000000157,0
R20,1835087601,181,282,0.9864893149664469,0.9864990440317963,0.09175419062426347,0.9864893149664469,0.7744224205940324,0.256,0.7907631557303738,0.7176991760585061,0.9692163140113729,0.9364299731687138,289,0.1360229355155997,0.2061409568906703,0.052807183062202334,0.26711884854035045,0.2846084192537951,0.053301656737382165,0.4,0.2,True,True,3.960000000000016,0
R20,1835087601,182,289,0.9887774629332494,0.9887952150151583,0.08698562750899355,0.9887774629332494,0.7957060281265681,0.256,0.7861373435934357,0.7176960520968287,0.9692163664609946,0.9419359905527946,298,0.1360229355155997,0.2061409568906703,0.052807183062202334,0.26711884854035045,0.2846084192537951,0.053301656737382165,0.4,0.2,True,True,3.990000000000016,0
R20,1835087601,183,298,0.9910060491068324,0.9910442562173979,0.08090216492625313,0.9910060491068324,0.7898616458553516,0.256,0.7865296150451953,0.7176930843332353,0.9692164136656541,0.941462273251058,295,0.1360229355155997,0.2061409568906703,0.052807183062202334,0.26711884854035045,0.2846084192537951,0.053301656737382165,0.4,0.2,True,True,4.0200000000000164,0
R20,1835087601,184,295,0.9900550932055201,0.9900796766297666,0.0844044026051069,0.9900550932055201,0.7743422378843606,0.256,0.7851265254553803,0.7176902649578215,0.9692164561498477,0.9431410020820223,290,0.1360229355155997,0.2061409568906703,0.052807183062202334,0.26711884854035045,0.2846084192537951,0.053301656737382165,0.4,0.2,True,True,4.050000000000017,0
R20,1835087601,185,290,0.989744082702304,0.989764721957495,0.08579390843204177,0.989744082702304,0.7823885374932229,0.256,0.7827406678665507,0.7176875865511784,0.969216494385622,0.9460122051777797,294,0.1360229355155997,0.2061409568906703,0.052807183062202334,0.26711884854035045,0.2846084192537951,0.053301656737382165,0.4,0.2,True,True,4.080000000000017,0
R20,1835087601,186,294,0.9863372550667899,0.9863840753723995,0.07924639980409914,0.9863372550667899,0.7758147632410969,0.256,0.7841821242054092,0.7176850420648674,0.9692165287978188,0.9442698970572668,292,0.1360229355155997,0.2061409568906703,0.052807183062202334,0.26711884854035045,0.2846084192537951,0.053301656737382165,0.4,0.2,True,True,4.110000000000017,0
R20,1835087601,187,292,0.9913088261992243,0.9913394027015502,0.08267795888336384,0.9913088261992243,0.7610234580113894,0.256,0.7869359139240132,0.717682624802872,0.969216559768796,0.9409623361913172,284,0.1360229355155997,0.2061409568906703,0.052807183062202334,0.26711884854035045,0.2846084192537951,0.053301656737382165,0.4,0.2,True,True,4.140000000000017,0
R20,1835087601,188,284,0.9904661341104926,0.9904946964995084,0.08321358105789556,0.9904661341104926,0.7504285293930257,0.256,0.7905612331157742,0.7176803284039764,0.9692165876426754,0.9366442906007221,279,0.1360229355155997,0.2061409568906703,0.052807183062202334,0.26711884854035045,0.2846084192537951,0.053301656737382165,0.4,0.2,True,True,4.170000000000018,0
R20,1835087601,189,279,0.9897294712712321,0.9897635932921157,0.08179198682365856,0.9897294712712321,0.742746879843894,0.256,0.7944433966190333,0.7176781468250256,0.9692166127291668,0.9320643843038168,275,0.1360229355155997,0.2061409568906703,0.052807183062202334,0.26711884854035045,0.2846084192537951,0.053301656737382165,0.4,0.2,True,True,4.200000000000018,0
R20,1835087601,190,275,0.9848475273850786,0.9848680571852372,0.08579675636538024,0.9848475273850786,0.7373905884890838,0.256,0.7984330535343439,0.7176760743250223,0.9692166353070092,0.9274042907944386,273,0.1360229355155997,0.2061409568906703,0.052807183062202334,0.26711884854035045,0.2846084192537951,0.053301656737382165,0.4,0.2,True,True,4.230000000000018,0
R20,1835087601,191,273,0.9880179671205037,0.9880322869195619,0.08868978244200137,0.9880179671205037,0.7281509419604996,0.256,0.797586947891989,0.7176741054500192,0.9692166556270673,0.9283855444024797,269,0.1360229355155997,0.2061409568906703,0.052807183062202334,0.26711884854035045,0.2846084192537951,0.053301656737382165,0.4,0.2,True,True,4.260000000000018,0
R20,1835087601,192,269,0.9888831639438462,0.9889105509597891,0.0835353362390492,0.9888831639438462,0.7611372140030546,0.256,0.7917834247684739,0.7176722350187662,0.9692166739151196,0.9351878630619586,283,0.1360229355155997,0.2061409568906703,0.052807183062202334,0.26711884854035045,0.2846084192537951,0.053301656737382165,0.4,0.2,True,True,4.290000000000019,0
R20,1835087601,193,283,0.9910956936038798,0.9911160684044885,0.08590742205382444,0.9910956936038798,0.747073127590149,0.256,0.7950864999698904,0.7176704581090758,0.9692166903743666,0.931300434763251,276,0.1360229355155997,0.2061409568906703,0.052807183062202334,0.26711884854035045,0.2846084192537951,0.053301656737382165,0.4,0.2,True,True,4.320000000000019,0
R20,1835087601,194,276,0.9908530659231412,0.9908757564470768,0.08504860150964469,0.9908530659231412,0.7471479727854169,0.256,0.79536272360021,0.71766877004487,0.969216705187689,0.930974796943854,276,0.1360229355155997,0.2061409568906703,0.052807183062202334,0.26711884854035045,0.2846084192537951,0.053301656737382165,0.4,0.2,True,True,4.350000000000019,0
R20,1835087601,195,276,0.9841919572864881,0.9842224708580369,0.08263700638057572,0.9841919572864881,0.7473797507605837,0.256,0.7952334392368652,0.7176671663838744,0.9692167185196792,0.9311240558882363,278,0.1360229355155997,0.2061409568906703,0.052807183062202334,0.26711884854035045,0.2846084192537951,0.053301656737382165,0.4,0.2,True,True,4.380000000000019,0
R20,1835087601,196,278,0.9899028026242817,0.9899311759842823,0.08326190679990776,0.9899028026242817,0.743750707659401,0.256,0.7982944423669041,0.7176656429059287,0.9692167305184702,0.9275517465621349,274,0.1360229355155997,0.2061409568906703,0.052807183062202334,0.26711884854035045,0.2846084192537951,0.053301656737382165,0.4,0.2,True,True,4.41000000000002,0
R20,1835087601,197,274,0.9871414522377214,0.987170652135113,0.08301110859301351,0.9871414522377214,0.7351848074002709,0.256,0.8000691870332594,0.7176641956018802,0.9692167413173822,0.9254923383714106,271,0.1360229355155997,0.2061409568906703,0.052807183062202334,0.26711884854035045,0.2846084192537951,0.053301656737382165,0.4,0.2,True,True,4.44000000000002,0
R20,1835087601,198,271,0.9870501285862907,0.9870672024140239,0.08728179744319606,0.9870501285862907,0.742465416195164,0.256,0.7963149229887706,0.7176628206630342,0.969216751036403,0.9298538246073483,275,0.1360229355155997,0.2061409568906703,0.052807183062202334,0.26711884854035045,0.2846084192537951,0.053301656737382165,0.4,0.2,True,True,4.47000000000002,0
R20,1835087601,199,275,0.9890785841888372,0.9891146621177692,0.0813430847677033,0.9890785841888372,0.7362462542887372,0.256,0.7967181495001503,0.7176615144711305,0.9692167597835217,0.9293815169607981,272,0.1360229355155997,0.2061409568906703,0.052807183062202334,0.26711884854035045,0.2846084192537951,0.053301656737382165,0.4,0.2,True,True,4.50000000000002,0
R20,1835087601,200,272,0.990076775546493,0.990112182057284,0.08150064296658291,0.990076775546493,0.740007761575572,0.256,0.7970522949733999,0.7176602735888219,0.9692167676559286,0.9289902817344804,273,0.1360229355155997,0.2061409568906703,0.052807183062202334,0.26711884854035045,0.2846084192537951,0.053301656737382165,0.4,0.2,True,True,4.530000000000021,0
R20,1835087601,201,273,0.9905568286569514,0.9905752396779112,0.0867098262441051,0.9905568286569514,0.7480250768183677,0.256,0.793669633588732,0.7176590947506287,0.9692167747410947,0.9329481474858736,277,0.1360229355155997,0.2061409568906703,0.052807183062202334,0.26711884854035045,0.2846084192537951,0.053301656737382165,0.4,0.2,True,True,4.560000000000021,0
R20,1835087601,202,277,0.9891958867411028,0.9892205792118557,0.08436226159689147,0.9891958867411028,0.7594965531237783,0.256,0.7954641877750864,0.7176579748543452,0.9692167811177442,0.9308419730455131,281,0.1360229355155997,0.2061409568906703,0.052807183062202334,0.26711884854035045,0.2846084192537951,0.053301656737382165,0.4,0.2,True,True,4.590000000000021,0
R20,1835087601,203,281,0.9894267754098782,0.9894623312076004,0.08146192467153703,0.9894267754098782,0.7614849172744559,0.256,0.800209500684184,0.717656910952876,0.9692167868567289,0.9253206208201203,280,0.1360229355155997,0.2061409568906703,0.052807183062202334,0.26711884854035045,0.2846084192537951,0.053301656737382165,0.4,0.2,True,True,4.620000000000021,0
R20,1835087601,204,280,0.9854500671288626,0.9854728075016116,0.08498761052889686,0.9854500671288626,0.7737482918730297,0.256,0.7992520222168358,0.7176559002464802,0.969216792021815,0.9264278157873143,286,0.1360229355155997,0.2061409568906703,0.052807183062202334,0.26711884854035045,0.2846084192537951,0.053301656737382165,0.4,0.2,True,True,4.650000000000022,0
R20,1835087601,205,286,0.9898750472793302,0.9899101676348979,0.08156361335356341,0.9898750472793302,0.7924242466533721,0.256,0.7981413354814205,0.7176549400754042,0.9692167966703925,0.9277157792372432,292,0.1360229355155997,0.2061409568906703,0.052807183062202334,0.26711884854035045,0.2846084192537951,0.053301656737382165,0.4,0.2,True,True,4.680000000000022,0
R20,1835087601,206,292,0.986894984586652,0.9869203106795997,0.08414204708750089,0.986894984586652,0.7902652271786221,0.256,0.8011148234543106,0.717654027912882,0.9692168008541123,0.924271209294363,291,0.1360229355155997,0.2061409568906703,0.052807183062202334,0.26711884854035045,0.2846084192537951,0.053301656737382165,0.4,0.2,True,True,4.710000000000022,0
R20,1835087601,207,291,0.9902630043490661,0.990298670643791,0.08144395083221337,0.9902630043490661,0.8132462486243867,0.256,0.7969601535347631,0.7176531613584859,0.9692168046194601,0.929088444911724,300,0.1360229355155997,0.2061409568906703,0.052807183062202334,0.26711884854035045,0.2846084192537951,0.053301656737382165,0.4,0.2,True,True,4.740000000000022,0
R20,1835087601,208,300,0.989465558785664,0.9894936514823593,0.08333751928104757,0.989465558785664,0.8173967201814306,0.256,0.7963649015293733,0.7176523381318096,0.9692168080082731,0.9297818328259031,302,0.1360229355155997,0.2061409568906703,0.052807183062202334,0.26711884854035045,0.2846084192537951,0.053301656737382165,0.4,0.2,True,True,4.770000000000023,0
R20,1835087601,209,302,0.9894454476098437,0.9894567647498788,0.09057445300915164,0.9894454476098437,0.830100780509129,0.256,0.7930043469132093,0.7176515560664671,0.9692168110582049,0.933720995843129,308,0.1360229355155997,0.2061409568906703,0.052807183062202334,0.26711884854035045,0.2846084192537951,0.053301656737382165,0.4,0.2,True,True,4.800000000000023,0
R20,1835087601,210,308,0.989759722921918,0.9897876420618318,0.08338921387422339,0.989759722921918,0.8423970945705606,0.256,0.796736034523918,0.7176508131043917,0.9692168138031434,0.9293467444257599,311,0.1360229355155997,0.2061409568906703,0.052807183062202334,0.26711884854035045,0.2846084192537951,0.053301656737382165,0.4,0.2,True,True,4.830000000000023,0
R20,1835087601,211,311,0.9893980562562749,0.9894184788336311,0.08587513261810036,0.9893980562562749,0.850091409662875,0.256,0.7991686305657467,0.7176501072904201,0.9692168162735881,0.926516984542733,313,0.1360229355155997,0.2061409568906703,0.052807183062202334,0.26711884854035045,0.2846084192537951,0.053301656737382165,0.4,0.2,True,True,4.860000000000023,0
R20,1835087601,212,313,0.9935582177057471,0.99359356583458,0.0815417189367814,0.9935582177057471,0.8714483871627371,0.256,0.7979707425047771,0.7176494367671471,0.9692168184969884,0.9279069729930789,320,0.1360229355155997,0.2061409568906703,0.052807183062202334,0.26711884854035045,0.2846084192537951,0.053301656737382165,0.4,0.2,True,True,4.890000000000024,0
R20,1835087601,213,320,0.9914237024429918,0.9914604677923874,0.08121169812697483,0.9914237024429918,0.8498067354909448,0.256,0.79982552136392,0.7176487997700377,0.9692168204980486,0.9257543522674354,312,0.1360229355155997,0.2061409568906703,0.052807183062202334,0.26711884854035045,0.2846084192537951,0.053301656737382165,0.4,0.2,True,True,4.920000000000024,0
R20,1835087601,214,312,0.9913313534403534,0.9913435267892057,0.09000908392972352,0.9913313534403534,0.8348676978698681,0.256,0.8012475879923189,0.7176481946227838,0.9692168222990027,0.9241105281445169,306,0.1360229355155997,0.2061409568906703,0.052807183062202334,0.26711884854035045,0.2846084192537951,0.053301656737382165,0.4,0.2,True,True,4.950000000000024,0
R20,1835087601,215,306,0.9916841402695973,0.9917030022640306,0.08652625318035291,0.9916841402695973,0.834507050049385,0.256,0.8006171865722447,0.7176476197328926,0.9692168239198615,0.9248374251083112,306,0.1360229355155997,0.2061409568906703,0.052807183062202334,0.26711884854035045,0.2846084192537951,0.053301656737382165,0.4,0.2,True,True,4.980000000000024,0
R20,1835087601,216,306,0.9878256195576155,0.9878502674591718,0.08436560799511343,0.9878256195576155,0.8320396435599784,0.256,0.8039960538022892,0.7176470735874959,0.9692168253786344,0.9209500086714649,305,0.1360229355155997,0.2061409568906703,0.052807183062202334,0.26711884854035045,0.2846084192537951,0.053301656737382165,0.4,0.2,True,True,5.010000000000025,0
R20,1835087601,217,305,0.9908711463788955,0.9909086103527578,0.08105742605744405,0.9908711463788955,0.850454601515235,0.256,0.8034593335518458,0.7176465547493691,0.96921682669153,0.921564546556341,311,0.1360229355155997,0.2061409568906703,0.052807183062202334,0.26711884854035045,0.2846084192537951,0.053301656737382165,0.4,0.2,True,True,5.040000000000025,0
R20,1835087601,218,311,0.9912240959795696,0.9912290842862581,0.09710976598274755,0.9912240959795696,0.8824238555855818,0.256,0.7999282106292425,0.7176460618531486,0.969216827873136,0.9256319718553112,324,0.1360229355155997,0.2061409568906703,0.052807183062202334,0.26711884854035045,0.2846084192537951,0.053301656737382165,0.4,0.2,True,True,5.070000000000025,0
R20,1835087601,219,324,0.9932896053499392,0.9933136789945798,0.08459716241981015,0.9932896053499392,0.8786714291396842,0.256,0.8048066436627843,0.7176455936017392,0.9692168289365815,0.9200205401407868,320,0.1360229355155997,0.2061409568906703,0.052807183062202334,0.26711884854035045,0.2846084192537951,0.053301656737382165,0.4,0.2,True,True,5.100000000000025,0
R20,1835087601,220,320,0.9901201818668405,0.990134276148257,0.08883305724420874,0.9901201818668405,0.8672074211546622,0.256,0.8043906168944356,0.7176451487629002,0.9692168298936823,0.9204957986353661,317,0.1360229355155997,0.2061409568906703,0.052807183062202334,0.26711884854035045,0.2846084192537951,0.053301656737382165,0.4,0.2,True,True,5.130000000000026,0
R20,1835087601,221,317,0.9901180246674376,0.99013878868079,0.08574894480892685,0.9901180246674376,0.8645664141270838,0.256,0.8044809265583669,0.7176447261660032,0.969216830755073,0.9203919225328111,316,0.1360229355155997,0.2061409568906703,0.052807183062202334,0.26711884854035045,0.2846084192537951,0.053301656737382165,0.4,0.2,True,True,5.160000000000026,0
R20,1835087601,222,316,0.9923004848913333,0.9923206098025837,0.0860153213483192,0.9923004848913333,0.8732184915574345,0.256,0.8006107650281841,0.717644324698951,0.9692168315303248,0.9248405894213964,320,0.1360229355155997,0.2061409568906703,0.052807183062202334,0.26711884854035045,0.2846084192537951,0.053301656737382165,0.4,0.2,True,True,5.190000000000026,0
R20,1835087601,223,320,0.9931486273175636,0.9931767434402913,0.08336045824751526,0.9931486273175636,0.8694536074655747,0.256,0.8040162357476908,0.7176439433052514,0.9692168322280513,0.9209228680526453,317,0.1360229355155997,0.2061409568906703,0.052807183062202334,0.26711884854035045,0.2846084192537951,0.053301656737382165,0.4,0.2,True,True,5.220000000000026,0
R20,1835087601,224,317,0.9910040621898905,0.9910282125515062,0.08455349984285922,0.9910040621898905,0.8848046095160049,0.256,0.8072502773169835,0.7176435809812368,0.9692168328560052,0.917232962663251,322,0.1360229355155997,0.2061409568906703,0.052807183062202334,0.26711884854035045,0.2846084192537951,0.053301656737382165,0.4,0.2,True,True,5.250000000000027,0
R20,1835087601,225,322,0.9919671132433714,0.9919768982538189,0.09175262748005905,0.9919671132433714,0.9025311549581211,0.256,0.800256619745532,0.7176432367734229,0.9692168334211637,0.9252484635962485,331,0.1360229355155997,0.2061409568906703,0.052807183062202334,0.26711884854035045,0.2846084192537951,0.053301656737382165,0.4,0.2,True,True,5.280000000000027,0
R20,1835087601,226,331,0.9919333084421134,0.9919613709795083,0.08336589660814511,0.9919333084421134,0.9248697548796287,0.256,0.7983838163036406,0.7176429097759998,0.9692168339298064,0.9274184358578671,340,0.1360229355155997,0.2061409568906703,0.052807183062202334,0.26711884854035045,0.2846084192537951,0.053301656737382165,0.4,0.2,True,True,5.310000000000027,0
R20,1835087601,227,340,0.9891181325607147,0.9891446290534708,0.08380035364167625,0.9891181325607147,0.9259754602120667,0.256,0.7992629123401944,0.7176425991284477,0.9692168343875848,0.9263979822345283,341,0.1360229355155997,0.2061409568906703,0.052807183062202334,0.26711884854035045,0.2846084192537951,0.053301656737382165,0.4,0.2,True,True,5.340000000000027,0
R20,1835087601,228,341,0.9929226426782948,0.9929474426480903,0.08435761553652613,0.9929226426782948,0.9083211144650462,0.256,0.8021929043397589,0.7176423040132733,0.9692168347995853,0.9230139539481768,332,0.1360229355155997,0.2061409568906703,0.052807183062202334,0.26711884854035045,0.2846084192537951,0.053301656737382165,0.4,0.2,True,True,5.370000000000028,0
R20,1835087601,229,332,0.9895169430099133,0.9895464737121118,0.08294057060464141,0.9895169430099133,0.9206630931683146,0.256,0.7966942011587785,0.7176420236538577,0.9692168351703858,0.9293841399117941,340,0.1360229355155997,0.2061409568906703,0.052807183062202334,0.26711884854035045,0.2846084192537951,0.053301656737382165,0.4,0.2,True,True,5.400000000000028,0
R20,1835087601,230,340,0.9904439759167069,0.9904654248725803,0.08549322922293576,0.9904439759167069,0.8896168586997799,0.256,0.799684304302845,0.7176417573124128,0.9692168355041062,0.9259087315794469,327,0.1360229355155997,0.2061409568906703,0.052807183062202334,0.26711884854035045,0.2846084192537951,0.053301656737382165,0.4,0.2,True,True,5.430000000000028,0
R20,1835087601,231,327,0.9893302021914897,0.9893476748543798,0.08711636238616705,0.9893302021914897,0.8954915941052183,0.256,0.8058716569447911,0.7176415042880401,0.9692168358044546,0.9187994294005409,327,0.1360229355155997,0.2061409568906703,0.052807183062202334,0.26711884854035045,0.2846084192537951,0.053301656737382165,0.4,0.2,True,True,5.460000000000028,0
R20,1835087601,232,327,0.9917809444173341,0.9917948431854173,0.0889575897587231,0.9917809444173341,0.9121411382398682,0.256,0.8016657882375856,0.717641263914886,0.9692168360747682,0.9236195197809595,334,0.1360229355155997,0.2061409568906703,0.052807183062202334,0.26711884854035045,0.2846084192537951,0.053301656737382165,0.4,0.2,True,True,5.490000000000029,0
R20,1835087601,233,334,0.9916591828108405,0.9916722009984177,0.0894776144560934,0.9916591828108405,0.8987979745014388,0.256,0.8044878233592354,0.7176410355603897,0.9692168363180503,0.9203792935882664,328,0.1360229355155997,0.2061409568906703,0.052807183062202334,0.26711884854035045,0.2846084192537951,0.053301656737382165,0.4,0.2,True,True,5.520000000000029,0
R20,1835087601,234,328,0.9911529604283518,0.9911710254349559,0.08686563670267991,0.9911529604283518,0.9052390579261468,0.256,0.8033196871566918,0.7176408186236182,0.9692168365370043,0.921717371561403,331,0.1360229355155997,0.2061409568906703,0.052807183062202334,0.26711884854035045,0.2846084192537951,0.053301656737382165,0.4,0.2,True,True,5.550000000000029,0
R20,1835087601,235,331,0.9893596064836683,0.9893940532025491,0.08171362599806861,0.9893596064836683,0.9075827999025443,0.256,0.8068596830080709,0.7176406125336853,0.9692168367340629,0.9176731882588288,331,0.1360229355155997,0.2061409568906703,0.052807183062202334,0.26711884854035045,0.2846084192537951,0.053301656737382165,0.4,0.2,True,True,5.580000000000029,0
R20,1835087601,236,331,0.9894785151446122,0.9894957575112222,0.08722316808248085,0.9894785151446122,0.9240391912403482,0.256,0.8067670780438848,0.717640416748249,0.9692168369114156,0.9177782730544299,337,0.1360229355155997,0.2061409568906703,0.052807183062202334,0.26711884854035045,0.2846084192537951,0.053301656737382165,0.4,0.2,True,True,5.61000000000003,0
R20,1835087601,237,337,0.989467672334855,0.9894837588050835,0.08777542888076646,0.989467672334855,0.920212262932774,0.256,0.8179986206047748,0.7176402307520845,0.969216837071033,0.9051764697003454,331,0.1360229355155997,0.2061409568906703,0.052807183062202334,0.26711884854035045,0.2846084192537951,0.053301656737382165,0.4,0.2,True,True,5.64000000000003,0
R20,1835087601,238,331,0.9904202870198003,0.9904386013293035,0.08675065194234022,0.9904202870198003,0.8841430733399608,0.256,0.8224513235298636,0.7176400540557283,0.9692168372146888,0.9002756759181821,316,0.1360229355155997,0.2061409568906703,0.052807183062202334,0.26711884854035045,0.2846084192537951,0.053301656737382165,0.4,0.2,True,True,5.67000000000003,0
R20,1835087601,239,316,0.9869486742200364,0.9869568658874097,0.09312701977360222,0.9869486742200364,0.885636590726533,0.256,0.8241306911705499,0.7176398861941898,0.9692168373439789,0.898440933994637,317,0.1360229355155997,0.2061409568906703,0.052807183062202334,0.26711884854035045,0.2846084192537951,0.053301656737382165,0.4,0.2,True,True,5.70000000000003,0
R20,1835087601,240,317,0.9890739678935399,0.9890903270367503,0.08763846710784116,0.9890739678935399,0.8884227870787834,0.256,0.8249471348804748,0.7176397267257283,0.96921683746034,0.8975515544932261,317,0.1360229355155997,0.2061409568906703,0.052807183062202334,0.26711884854035045,0.2846084192537951,0.053301656737382165,0.4,0.2,True,True,5.730000000000031,0
R20,1835087601,241,317,0.9899105177627288,0.9899190902832508,0.09278913481686359,0.9899105177627288,0.8906413076088437,0.256,0.8263084377430784,0.7176395752306899,0.969216837565065,0.896072692809979,317,0.1360229355155997,0.2061409568906703,0.052807183062202334,0.26711884854035045,0.2846084192537951,0.053301656737382165,0.4,0.2,True,True,5.760000000000031,0
R20,1835087601,242,317,0.9941429208603879,0.9941517254401722,0.092610482131083,0.9941429208603879,0.9149394341431731,0.256,0.8244319283719852,0.7176394313104034,0.9692168376593175,0.8981120852498568,325,0.1360229355155997,0.2061409568906703,0.052807183062202334,0.26711884854035045,0.2846084192537951,0.053301656737382165,0.4,0.2,True,True,5.790000000000031,0
R20,1835087601,243,325,0.9897048090429741,0.9897179857260645,0.0893655845086346,0.9897048090429741,0.92310253533676,0.256,0.8253593770481585,0.7176392945861312,0.9692168377441448,0.897102714036245,329,0.1360229355155997,0.2061409568906703,0.052807183062202334,0.26711884854035045,0.2846084192537951,0.053301656737382165,0.4,0.2,True,True,5.820000000000031,0
R20,1835087601,244,329,0.9937398200973827,0.9937486323838934,0.09260028947379105,0.9937398200973827,0.9568724853758196,0.256,0.824512530023655,0.7176391646980727,0.9692168378204893,0.8980239549691091,340,0.1360229355155997,0.2061409568906703,0.052807183062202334,0.26711884854035045,0.2846084192537951,0.053301656737382165,0.4,0.2,True,True,5.850000000000032,0
R20,1835087601,245,340,0.9919379921540887,0.9919444864757367,0.09501538891197082,0.9919379921540887,0.9433893199296299,0.256,0.8265259652894225,0.717639041304417,0.9692168378891994,0.8958361949450897,335,0.1360229355155997,0.2061409568906703,0.052807183062202334,0.26711884854035045,0.2846084192537951,0.053301656737382165,0.4,0.2,True,True,5.880000000000032,0
R20,1835087601,246,335,0.9948184573097117,0.9948274590023851,0.092439649843293,0.9948184573097117,0.9238406428133789,0.256,0.8318879195763775,0.7176389240804442,0.9692168379510385,0.8900619150124148,325,0.1360229355155997,0.2061409568906703,0.052807183062202334,0.26711884854035045,0.2846084192537951,0.053301656737382165,0.4,0.2,True,True,5.910000000000032,0
R20,1835087601,247,325,0.9902174487151119,0.990228469493131,0.09079188735741897,0.9902174487151119,0.9336691166330647,0.256,0.826835950151342,0.7176388127176699,0.9692168380066937,0.8955000562034682,332,0.1360229355155997,0.2061409568906703,0.052807183062202334,0.26711884854035045,0.2846084192537951,0.053301656737382165,0.4,0.2,True,True,5.940000000000032,0
R20,1835087601,248,332,0.9944061787832128,0.9944133938312267,0.09419745316263689,0.9944061787832128,0.9578946925057744,0.256,0.8200171335174161,0.7176387069230344,0.9692168380567834,0.902946414622468,342,0.1360229355155997,0.2061409568906703,0.052807183062202334,0.26711884854035045,0.2846084192537951,0.053301656737382165,0.4,0.2,True,True,5.970000000000033,0
R20,1835087601,249,342,0.9925222602122219,0.9925328418801551,0.09113404120242884,0.9925222602122219,0.9582886048421703,0.256,0.8195153427900355,0.7176386064181307,0.9692168381018641,0.9034991637695085,343,0.1360229355155997,0.2061409568906703,0.052807183062202334,0.26711884854035045,0.2846084192537951,0.053301656737382165,0.4,0.2,True,True,6.000000000000033,0
R20,1835087601,250,343,0.9907734481322658,0.9907847590005174,0.0905895419922141,0.9907734481322658,0.9686021071655639,0.256,0.822602736405813,0.7176385109384722,0.9692168381424368,0.9001080297873376,346,0.1360229355155997,0.2061409568906703,0.052807183062202334,0.26711884854035045,0.2846084192537951,0.053301656737382165,0.4,0.2,True,True,6.030000000000033,0
R20,1835087601,251,346,0.9894275801476821,0.9894422728097338,0.08849651968206823,0.9894275801476821,0.9712869574871165,0.256,0.8236246263593798,0.7176384202327966,0.9692168381789521,0.8989911314603745,347,0.1360229355155997,0.2061409568906703,0.052807183062202334,0.26711884854035045,0.2846084192537951,0.053301656737382165,0.4,0.2,True,True,6.060000000000033,0
R20,1835087601,252,347,0.9911984771914333,0.9912095479555314,0.09076374771663169,0.9911984771914333,0.9755190740852298,0.256,0.8163254348970095,0.7176383340624047,0.9692168382118159,0.9070293710871798,351,0.1360229355155997,0.2061409568906703,0.052807183062202334,0.26711884854035045,0.2846084192537951,0.053301656737382165,0.4,0.2,True,True,6.090000000000034,0
R20,1835087601,253,351,0.9897863376448124,0.9897965279232568,0.09141207216666138,0.9897863376448124,0.9659428399760269,0.256,0.8187962652976297,0.7176382522005325,0.9692168382413934,0.9042921819672534,347,0.1360229355155997,0.2061409568906703,0.052807183062202334,0.26711884854035045,0.2846084192537951,0.053301656737382165,0.4,0.2,True,True,6.120000000000034,0
R20,1835087601,254,347,0.9908754337054353,0.9908946508469375,0.08637127773947034,0.9908754337054353,0.9509234205124959,0.256,0.8169505671567342,0.7176381744317538,0.9692168382680131,0.9063351086840727,342,0.1360229355155997,0.2061409568906703,0.052807183062202334,0.26711884854035045,0.2846084192537951,0.053301656737382165,0.4,0.2,True,True,6.150000000000034,0
R20,1835087601,255,342,0.9902734494442408,0.9902807754939152,0.09404277224704166,0.9902734494442408,0.9718275901910176,0.256,0.8139962790837124,0.7176381005514141,0.9692168382919708,0.9096244342318686,351,0.1360229355155997,0.2061409568906703,0.052807183062202334,0.26711884854035045,0.2846084192537951,0.053301656737382165,0.4,0.2,True,True,6.180000000000034,0
R20,1835087601,256,351,0.9896696285901795,0.9896838210774745,0.08877416330822499,0.9896696285901795,0.9783712670003689,0.256,0.8153315179214402,0.7176380303650913,0.9692168383135328,0.9081346864696306,353,0.1360229355155997,0.2061409568906703,0.052807183062202334,0.26711884854035045,0.2846084192537951,0.053301656737382165,0.4,0.2,True,True,6.210000000000035,0
R20,1835087601,257,353,0.9915345600536505,0.9915429271923768,0.09299521201464073,0.9915345600536505,0.9894972162690753,0.256,0.8115573652364814,0.7176379636880847,0.9692168383329385,0.9123578878137453,358,0.1360229355155997,0.2061409568906703,0.052807183062202334,0.26711884854035045,0.2846084192537951,0.053301656737382165,0.4,0.2,True,True,6.240000000000035,0
R20,1835087601,258,358,0.9933711982889386,0.9933854707465564,0.08875915362244165,0.9933711982889386,1.006035774924498,0.256,0.8122520265441648,0.7176379003449285,0.9692168383504036,0.9115775326148143,363,0.1360229355155997,0.2061409568906703,0.052807183062202334,0.26711884854035045,0.2846084192537951,0.053301656737382165,0.4,0.2,True,True,6.270000000000035,0
R20,1835087601,259,363,0.9922042825729542,0.9922168214545788,0.08978059179138659,0.9922042825729542,1.0133612466006654,0.256,0.8079992920150303,0.7176378401689301,0.9692168383661223,0.9163753525980699,368,0.1360229355155997,0.2061409568906703,0.052807183062202334,0.26711884854035045,0.2846084192537951,0.053301656737382165,0.4,0.2,True,True,6.300000000000035,0
R20,1835087601,260,368,0.9888962097542098,0.9889050139447113,0.0925687129338613,0.9888962097542098,1.0133097814477723,0.256,0.8084642034892651,0.7176377830017315,0.9692168383802691,0.9158483132956801,369,0.1360229355155997,0.2061409568906703,0.052807183062202334,0.26711884854035045,0.2846084192537951,0.053301656737382165,0.4,0.2,True,True,6.330000000000036,0
R20,1835087601,261,369,0.9928315600476292,0.9928485086256463,0.0873868925622919,0.9928315600476292,1.0181249497120954,0.256,0.8090862335491827,0.7176377286928929,0.9692168383930012,0.9151441346790741,369,0.1360229355155997,0.2061409568906703,0.052807183062202334,0.26711884854035045,0.2846084192537951,0.053301656737382165,0.4,0.2,True,True,6.360000000000036,0
R20,1835087601,262,369,0.9933908883997158,0.9934108938333523,0.08607146067886742,0.9933908883997158,1.0097492768958416,0.256,0.8129946692239861,0.7176376770994962,0.9692168384044602,0.9107445545098926,364,0.1360229355155997,0.2061409568906703,0.052807183062202334,0.26711884854035045,0.2846084192537951,0.053301656737382165,0.4,0.2,True,True,6.390000000000036,0
R20,1835087601,263,364,0.9930111542910692,0.9930327699358666,0.08545221353508879,0.9930111542910692,1.0048205956664125,0.256,0.8115653733110632,0.7176376280857694,0.9692168384147731,0.9123484584392132,363,0.1360229355155997,0.2061409568906703,0.052807183062202334,0.26711884854035045,0.2846084192537951,0.053301656737382165,0.4,0.2,True,True,6.420000000000036,0
R20,1835087601,264,363,0.9912706206399637,0.9912931124593389,0.08512196824904932,0.9912706206399637,1.0151389926328755,0.256,0.8058000906051946,0.7176375815227288,0.9692168384240548,0.9188760064023829,370,0.1360229355155997,0.2061409568906703,0.052807183062202334,0.26711884854035045,0.2846084192537951,0.053301656737382165,0.4,0.2,True,True,6.450000000000037,0
R20,1835087601,265,370,0.9931888953265723,0.993200284615856,0.09055392625793511,0.9931888953265723,1.0164322368307523,0.256,0.8052683664395472,0.7176375372878404,0.9692168384324084,0.9194826897789937,370,0.1360229355155997,0.2061409568906703,0.052807183062202334,0.26711884854035045,0.2846084192537951,0.053301656737382165,0.4,0.2,True,True,6.480000000000037,0
R20,1835087601,266,370,0.9909145146627923,0.9909357553474387,0.08557467895975021,0.9909145146627923,1.0121703074014667,0.256,0.80373242964252,0.7176374952646963,0.9692168384399266,0.9212397719643056,370,0.1360229355155997,0.2061409568906703,0.052807183062202334,0.26711884854035045,0.2846084192537951,0.053301656737382165,0.4,0.2,True,True,6.510000000000037,0
R20,1835087601,267,370,0.9903811739990077,0.9903944206715215,0.0893288541282689,0.9903811739990077,0.9994137502419121,0.256,0.8071186776867656,0.7176374553427095,0.9692168384466929,0.9173746804264057,364,0.1360229355155997,0.2061409568906703,0.052807183062202334,0.26711884854035045,0.2846084192537951,0.053301656737382165,0.4,0.2,True,True,6.540000000000037,0
R20,1835087601,268,364,0.9891913933425334,0.9892073658314349,0.08782980727381681,0.9891913933425334,0.9733483660113416,0.256,0.8046996960158977,0.717637417416822,0.9692168384527826,0.9201323220822407,356,0.1360229355155997,0.2061409568906703,0.052807183062202334,0.26711884854035045,0.2846084192537951,0.053301656737382165,0.4,0.2,True,True,6.570000000000038,0
R20,1835087601,269,356,0.992509206659093,0.992533628521202,0.08447659378899425,0.992509206659093,0.9958822939010672,0.256,0.8025423609343191,0.7176373813872289,0.9692168384582633,0.9226057074842281,364,0.1360229355155997,0.2061409568906703,0.052807183062202334,0.26711884854035045,0.2846084192537951,0.053301656737382165,0.4,0.2,True,True,6.600000000000038,0
R20,1835087601,270,364,0.9911954518892492,0.9912085980991193,0.08939599442966586,0.9911954518892492,1.0007061588328587,0.256,0.800897817962398,0.7176373471591154,0.9692168384631961,0.9245001182056374,367,0.1360229355155997,0.2061409568906703,0.052807183062202334,0.26711884854035045,0.2846084192537951,0.053301656737382165,0.4,0.2,True,True,6.630000000000038,0
R20,1835087601,271,367,0.9928510143286907,0.9928691285665392,0.08685759896087723,0.9928510143286907,0.9905222724165853,0.256,0.8001464058256568,0.7176373146424077,0.9692168384676355,0.9253682681483517,363,0.1360229355155997,0.2061409568906703,0.052807183062202334,0.26711884854035045,0.2846084192537951,0.053301656737382165,0.4,0.2,True,True,6.660000000000038,0
R20,1835087601,272,363,0.9922434759141218,0.9922626497019416,0.08640023773453383,0.9922434759141218,0.981894051817276,0.256,0.8002760452693763,0.7176372837515352,0.969216838471631,0.9252183247591008,360,0.1360229355155997,0.2061409568906703,0.052807183062202334,0.26711884854035045,0.2846084192537951,0.053301656737382165,0.4,0.2,True,True,6.690000000000039,0
R20,1835087601,273,360,0.9908231578420923,0.990839002896782,0.08790668913248184,0.9908231578420923,0.9613567175641256,0.256,0.8047801559300498,0.7176372544052064,0.9692168384752269,0.9200401205372006,351,0.1360229355155997,0.2061409568906703,0.052807183062202334,0.26711884854035045,0.2846084192537951,0.053301656737382165,0.4,0.2,True,True,6.720000000000039,0
R20,1835087601,274,351,0.9907990016119298,0.9908115501256588,0.08976319757474598,0.9907990016119298,0.9710970696964046,0.256,0.8015360518161441,0.7176372265261941,0.9692168384784632,0.9237638172646082,356,0.1360229355155997,0.2061409568906703,0.052807183062202334,0.26711884854035045,0.2846084192537951,0.053301656737382165,0.4,0.2,True,True,6.750000000000039,0
R20,1835087601,275,356,0.9929340521160807,0.9929552172608799,0.08561924403454364,0.9929340521160807,0.9824907106030688,0.256,0.800205512594207,0.7176372000411324,0.9692168384813759,0.9252997685207012,360,0.1360229355155997,0.2061409568906703,0.052807183062202334,0.26711884854035045,0.2846084192537951,0.053301656737382165,0.4,0.2,True,True,6.780000000000039,0
R20,1835087601,276,360,0.9921732582301802,0.992195297410399,0.08529103679162899,0.9921732582301802,0.9844966186867649,0.256,0.7980206835447022,0.7176371748803237,0.9692168384839973,0.9278330309956087,362,0.1360229355155997,0.2061409568906703,0.052807183062202334,0.26711884854035045,0.2846084192537951,0.053301656737382165,0.4,0.2,True,True,6.81000000000004,0
R20,1835087601,277,362,0.9904484782279601,0.990462450068954,0.08890514833361272,0.9904484782279601,0.9751871992252836,0.256,0.7984682939715301,0.7176371509775555,0.9692168384863566,0.9273128695741624,359,0.1360229355155997,0.2061409568906703,0.052807183062202334,0.26711884854035045,0.2846084192537951,0.053301656737382165,0.4,0.2,True,True,6.84000000000004,0
R20,1835087601,278,359,0.9947246800551723,0.9947467489964888,0.08530073820868639,0.9947246800551723,0.9884181251468013,0.256,0.8013581175004602,0.7176371282699258,0.9692168384884801,0.9239688041418441,361,0.1360229355155997,0.2061409568906703,0.052807183062202334,0.26711884854035045,0.2846084192537951,0.053301656737382165,0.4,0.2,True,True,6.87000000000004,0
R20,1835087601,279,361,0.9900596921945873,0.9900861588484472,0.08381689618663064,0.9900596921945873,0.9857915230329019,0.256,0.8029944541631489,0.7176371066976774,0.9692168384903911,0.9220859190479053,361,0.1360229355155997,0.2061409568906703,0.052807183062202334,0.26711884854035045,0.2846084192537951,0.053301656737382165,0.4,0.2,True,True,6.90000000000004,0
R20,1835087601,280,361,0.9889799893514258,0.9889952662266295,0.08818254288410964,0.9889799893514258,0.9873643468054646,0.256,0.8051537042823668,0.7176370862040415,0.969216838492111,0.9196130554618731,361,0.1360229355155997,0.2061409568906703,0.052807183062202334,0.26711884854035045,0.2846084192537951,0.053301656737382165,0.4,0.2,True,True,6.930000000000041,0
R20,1835087601,281,361,0.9934240961956167,0.9934338209444734,0.09181348410522565,0.9934240961956167,0.9888085702731243,0.256,0.8071962874193196,0.7176370667350874,0.9692168384936589,0.9172859805764065,359,0.1360229355155997,0.2061409568906703,0.052807183062202334,0.26711884854035045,0.2846084192537951,0.053301656737382165,0.4,0.2,True,True,6.960000000000041,0
R20,1835087601,282,359,0.989413159263445,0.9894231148556487,0.09159453630593871,0.989413159263445,0.9868085352987631,0.256,0.8110885524350085,0.7176370482395811,0.969216838495052,0.9128840700761724,358,0.1360229355155997,0.2061409568906703,0.052807183062202334,0.26711884854035045,0.2846084192537951,0.053301656737382165,0.4,0.2,True,True,6.990000000000041,0
R20,1835087601,283,358,0.9876817621560499,0.987696970335188,0.0882079615643073,0.9876817621560499,0.9885235742677733,0.256,0.8094007262520952,0.71763703066885,0.9692168384963058,0.9147876654841269,360,0.1360229355155997,0.2061409568906703,0.052807183062202334,0.26711884854035045,0.2846084192537951,0.053301656737382165,0.4,0.2,True,True,7.020000000000041,0
R20,1835087601,284,360,0.9918167527251913,0.9918283338348717,0.09040997454196203,0.9918167527251913,0.9819981850458681,0.256,0.814276849559386,0.7176370139766555,0.9692168384974342,0.9093096334333349,354,0.1360229355155997,0.2061409568906703,0.052807183062202334,0.26711884854035045,0.2846084192537951,0.053301656737382165,0.4,0.2,True,True,7.050000000000042,0
R20,1835087601,285,354,0.9903832553612651,0.9904054465221822,0.08522196066728764,0.9903832553612651,0.9780390443393017,0.256,0.8191093832476911,0.7176369981190707,0.9692168384984499,0.9039449216029621,351,0.1360229355155997,0.2061409568906703,0.052807183062202334,0.26711884854035045,0.2846084192537951,0.053301656737382165,0.4,0.2,True,True,7.080000000000042,0
R20,1835087601,286,351,0.9916183559452095,0.9916396230649569,0.08557043048818383,0.9916183559452095,0.9835638690185727,0.256,0.8134404768617309,0.7176369830543651,0.9692168384993639,0.9102445387728986,355,0.1360229355155997,0.2061409568906703,0.052807183062202334,0.26711884854035045,0.2846084192537951,0.053301656737382165,0.4,0.2,True,True,7.110000000000042,0
R20,1835087601,287,355,0.991963804108884,0.9919808741327435,0.08732309842662751,0.991963804108884,0.9851356108047721,0.256,0.8144566458692496,0.7176369687428948,0.9692168385001866,0.9091088404384339,355,0.1360229355155997,0.2061409568906703,0.052807183062202334,0.26711884854035045,0.2846084192537951,0.053301656737382165,0.4,0.2,True,True,7.140000000000042,0
R20,1835087601,288,355,0.9878826071969254,0.9878994786872034,0.08738340257206471,0.9878826071969254,0.9680423102859833,0.256,0.822158716027971,0.7176369551469981,0.969216838500927,0.9005921952180574,347,0.1360229355155997,0.2061409568906703,0.052807183062202334,0.26711884854035045,0.2846084192537951,0.053301656737382165,0.4,0.2,True,True,7.170000000000043,0
R20,1835087601,289,347,0.9903490085576213,0.9903697452701079,0.08576127425774323,0.9903490085576213,0.9883438694656193,0.256,0.823078474340979,0.7176369422308961,0.9692168385015933,0.8995858021330205,353,0.1360229355155997,0.2061409568906703,0.052807183062202334,0.26711884854035045,0.2846084192537951,0.053301656737382165,0.4,0.2,True,True,7.200000000000043,0
R20,1835087601,290,353,0.9930588517755995,0.9930678473898031,0.09243093483416603,0.9930588517755995,0.9799066297777096,0.256,0.8278971535064883,0.7176369299605994,0.9692168385021931,0.8943498522273629,347,0.1360229355155997,0.2061409568906703,0.052807183062202334,0.26711884854035045,0.2846084192537951,0.053301656737382165,0.4,0.2,True,True,7.230000000000043,0
R20,1835087601,291,347,0.9899170436418269,0.9899271737983484,0.09146022573780128,0.9899170436418269,0.9794237530224129,0.256,0.8277301009171811,0.7176369183038174,0.9692168385027328,0.8945303354923447,348,0.1360229355155997,0.2061409568906703,0.052807183062202334,0.26711884854035045,0.2846084192537951,0.053301656737382165,0.4,0.2,True,True,7.260000000000043,0
R20,1835087601,292,348,0.9912616862489628,0.9912649694958738,0.10043946429803163,0.9912616862489628,0.9734569441672252,0.256,0.8287155746370124,0.7176369072298745,0.9692168385032185,0.8934665838383017,345,0.1360229355155997,0.2061409568906703,0.052807183062202334,0.26711884854035045,0.2846084192537951,0.053301656737382165,0.4,0.2,True,True,7.290000000000044,0
R20,1835087601,293,345,0.9883041258881636,0.9883123340764558,0.09312190681493876,0.9883041258881636,0.9735004843132201,0.256,0.8288303391036469,0.7176368967096287,0.9692168385036557,0.8933428563806742,346,0.1360229355155997,0.2061409568906703,0.052807183062202334,0.26711884854035045,0.2846084192537951,0.053301656737382165,0.4,0.2,True,True,7.320000000000044,0
R20,1835087601,294,346,0.9934459413731999,0.9934531589712688,0.09418695008911222,0.9934459413731999,0.9649655011178764,0.256,0.8292955775995974,0.7176368867153953,0.9692168385040492,0.892841674642755,341,0.1360229355155997,0.2061409568906703,0.052807183062202334,0.26711884854035045,0.2846084192537951,0.053301656737382165,0.4,0.2,True,True,7.350000000000044,0
R20,1835087601,295,341,0.9923724902372638,0.99238711809831,0.08855536083907986,0.9923724902372638,0.9468714701867662,0.256,0.8267481356163929,0.7176368772208734,0.9692168385044033,0.8955927574356991,336,0.1360229355155997,0.2061409568906703,0.052807183062202334,0.26711884854035045,0.2846084192537951,0.053301656737382165,0.4,0.2,True,True,7.380000000000044,0
R20,1835087601,296,336,0.9929483065495142,0.9929743015062875,0.08398322881735419,0.9929483065495142,0.9337814355748552,0.256,0.827154800821405,0.7176368682010777,0.969216838504722,0.8951524339092396,331,0.1360229355155997,0.2061409568906703,0.052807183062202334,0.26711884854035045,0.2846084192537951,0.053301656737382165,0.4,0.2,True,True,7.4100000000000446,0
R20,1835087601,297,331,0.9932632019553173,0.9932752323730195,0.09011859440761313,0.9932632019553173,0.9477330641318781,0.256,0.821866320199783,0.7176368596322719,0.9692168385050088,0.9009124794818557,338,0.1360229355155997,0.2061409568906703,0.052807183062202334,0.26711884854035045,0.2846084192537951,0.053301656737382165,0.4,0.2,True,True,7.440000000000045,0
R20,1835087601,298,338,0.9909423384585143,0.9909517357174518,0.09206625153471176,0.9909423384585143,0.9447765795607584,0.256,0.8212213600988275,0.7176368514919063,0.969216838505267,0.9016200161252536,338,0.1360229355155997,0.2061409568906703,0.052807183062202334,0.26711884854035045,0.2846084192537951,0.053301656737382165,0.4,0.2,True,True,7.470000000000045,0
R20,1835087601,299,338,0.9863972924697606,0.9864171519485304,0.08607351021301798,0.9863972924697606,0.959235085041634,0.256,0.8182637128012357,0.717636843758559,0.9692168385054993,0.9048789484025703,346,0.1360229355155997,0.2061409568906703,0.052807183062202334,0.26711884854035045,0.2846084192537951,0.053301656737382165,0.4,0.2,True,True,7.500000000000045,0
