arm,seed,step,novelty_vector_count,h_n_latest,h_n_shape_latest,V,H_N,L_t,total_suppression,avg_wb,theta_capability,transfer_state,g,population,x_compute,x_bio_welfare,x_novelty_agency,x_institutional_capacity,x_transfer_comprehension,x_resilience,c_protective,c_suppressive,adapter_active,action_modified,adapter_score,shape_fallback_increase
R20,1835087600,0,200,0.9853786701822186,0.9853882528797977,0.09186588694245418,0.9853786701822186,0.09879706590957976,0.05600000000000001,0.6687429222203327,0.5000013086011867,0.55,1.359406220476263,203,1.6357514834035764e-05,0.17745588602962198,0.012219511584216474,0.21424081617967689,0.5288504981444383,0.06721693054721227,0.4,0.0,False,False,0.0,2
R20,1835087600,1,203,0.9851066484163653,0.9852397911194605,0.07091804979374082,0.9851066484163653,0.11887736311755889,0.2,0.6794502503284668,0.5185032835964445,0.5689292132549465,1.3413299246398338,209,0.23127550531646351,0.16906495711535796,0.050880863379932716,0.23966305243617506,0.16964606627473217,0.13946955547733872,0.0,0.2,False,False,0.0,0
R20,1835087600,2,209,0.9881234775868448,0.9886808257349297,0.059548817382468755,0.9881234775868448,0.14390837824471128,0.256,0.6904466731325539,0.5260464747619739,0.6096091818709769,1.2498056209459405,218,0.10585444181689488,0.2402220216248068,0.010124810139793826,0.20418559230022554,0.28786444970762504,0.1517486844106539,0.4,0.2,False,False,0.0,0
R20,1835087600,3,218,0.9852216852934587,0.9852755926653427,0.07811547482035588,0.9852216852934587,0.16779618570306365,0.2,0.7036490231406476,0.5319244794181367,0.6451392943454198,1.1717646534969797,223,0.08975410492826945,0.2160073225699655,0.11464073698684822,0.2248672096619371,0.2824551533077032,0.07227547254527672,0.0,0.2,False,False,0.0,0
R20,1835087600,4,223,0.9916744334427404,0.9916748279612971,0.11730953242303366,0.9916744334427404,0.1921624597654559,0.0,0.7142964847258078,0.5377510460912447,0.6759758619989759,1.1137085731351384,223,0.09278488305018548,0.21662052818378322,0.027631858395997754,0.2819598026006806,0.27675248544048997,0.10425044232886302,0.0,0.0,False,False,0.0,0
R20,1835087600,5,223,0.985748476409247,0.9857490529410097,0.1142420562129902,0.985748476409247,0.20805077628310023,0.05600000000000001,0.7285748143642138,0.5562532643802061,0.6865241733103638,1.1120967830926947,216,0.25487213241904505,0.1819597876936566,0.03372534667285858,0.2880937116726327,0.19072948755642724,0.05061953398538001,0.4,0.0,False,False,0.0,0
R20,1835087600,6,216,0.9888196001531514,0.9888199031082856,0.11938869135694188,0.9888196001531514,0.23429383444547247,0.014000000000000002,0.7360934750949119,0.5595243427477024,0.7110990845187789,1.0689463241219581,221,0.07604676983133217,0.16177848576234985,0.150928559832691,0.31825198596960824,0.26613664269725773,0.026857555906760998,0.2,0.0,False,False,0.0,0
R20,1835087600,7,221,0.9872779825425451,0.9878378012465695,0.05950682048702741,0.9872779825425451,0.25955708100749386,0.326,0.748307015660267,0.5635873373825759,0.7399891760669011,1.0177849921776916,222,0.08799014715323375,0.20605835035994421,0.04716852585732849,0.27311262939552156,0.3577617334740429,0.02790861375992921,0.6,0.2,False,False,0.0,0
R20,1835087600,8,222,0.9907048394378658,0.9907051096865608,0.1203132286074916,0.9907048394378658,0.28415532156771867,0.05600000000000001,0.7592100098087383,0.5674388306110908,0.765990258460211,0.9757394852253047,222,0.08788575122054502,0.1606009384422544,0.02540076786872652,0.30601288252181935,0.3933960785654929,0.0267035813811619,0.4,0.0,False,False,0.0,0
R20,1835087600,9,222,0.9908769001613581,0.9908769997402948,0.128261884471478,0.9908769001613581,0.3032022439389852,0.014000000000000002,0.7698291264252468,0.5882356530929431,0.7719291798257566,0.9898731561456362,223,0.30210955015508606,0.16437962548088103,0.08166804169368885,0.18338562439558423,0.21268973605783345,0.05576742221692632,0.2,0.0,False,False,0.0,0
R20,1835087600,10,223,0.9845471652269447,0.9845550001659864,0.09346204177314173,0.9845471652269447,0.3191936089218124,0.21400000000000002,0.7731317449772782,0.6019117830805351,0.76227146191833,1.0213384417647902,227,0.22609890802798818,0.25412973980794873,0.07123190015434162,0.26667068809740163,0.13767600037574496,0.04419276353657495,0.2,0.2,False,False,0.0,0
R20,1835087600,11,227,0.9750492282088099,0.9884842389233933,0.0342148591777685,0.9750492282088099,0.33505724510308044,0.526,0.7806372124240308,0.6218161939265083,0.7849034292873176,1.0148376048982355,230,0.34531412565238156,0.18736260545450437,0.024382206559669425,0.0888909246638508,0.294295567804103,0.059754569865490846,0.6,0.4,False,False,0.0,0
R20,1835087600,12,230,0.9337786504263359,0.9854596137207371,0.0234664494463236,0.9337786504263359,0.347453062096359,0.6,0.783181268171318,0.6270027937200902,0.8036793368107256,0.9961491800983295,234,0.1409676186238412,0.1874032483020085,0.02461175481033322,0.29097043917420684,0.28633125226069867,0.06971568682891155,0.0,0.6,False,False,0.0,0
R20,1835087600,13,234,0.9840918724564641,0.9840931644795594,0.10780541727536884,0.9840918724564641,0.39414822771652847,0.126,0.7778148057839595,0.6315899735120232,0.823311403129653,0.9862678824401827,242,0.13671649347421924,0.15198295134139791,0.03958329740963941,0.24151878663199774,0.3867489602588715,0.04344951088387426,0.6,0.0,False,False,0.0,0
R20,1835087600,14,242,0.9853008166154951,0.9853016663366889,0.11115090587411759,0.9853008166154951,0.4140747376836117,0.126,0.7850135143204282,0.644683607945756,0.837436702434117,0.9806578373838184,245,0.24591416386667386,0.21194233923007608,0.0849489815655899,0.1495881915691783,0.28228219808714683,0.02532412568133505,0.6,0.0,False,False,0.0,0
R20,1835087600,15,245,0.985558134844499,0.989241593006931,0.044521388290666715,0.985558134844499,0.43849349070107374,0.456,0.7851965953959928,0.6567814891108914,0.8469912270335394,0.987560211837751,252,0.24165076953029055,0.16973050612389018,0.0982869820503004,0.18132905033594776,0.26649097421416984,0.04251171774540134,0.4,0.4,False,False,0.0,0
R20,1835087600,16,252,0.9836543583221988,0.9847602258993099,0.0540629826491435,0.9836543583221988,0.4653832600785592,0.4,0.7847621902887174,0.6739424146553469,0.8545185928542999,1.0049933829872364,259,0.31326504501698144,0.20499966311675233,0.008174324731171278,0.18550555711108113,0.2611324426205725,0.02692296740344121,0.0,0.4,False,False,0.0,0
R20,1835087600,17,259,0.9868581826211758,0.9868595094317838,0.10761627295040843,0.9868581826211758,0.48485626527382214,0.126,0.7754500388435525,0.6902452939225795,0.8570923977331634,1.0385370369928488,262,0.35116201783533624,0.1373582352945882,0.03766785267351596,0.22720003282526416,0.24012832082146737,0.006483540549827959,0.6,0.0,False,False,0.0,0
R20,1835087600,18,262,0.9838699892817705,0.9901112510485043,0.04033079400994884,0.9838699892817705,0.4952193458326763,0.456,0.7789952821476148,0.7025106114548736,0.8675886495647713,1.0394514265209032,264,0.27221977785528856,0.17544255232546896,0.003425639990037237,0.12433215981131712,0.28102745802462176,0.14355241199326613,0.4,0.4,False,False,0.0,0
R20,1835087600,19,264,0.987323432747221,0.9873720097035631,0.0789611806914377,0.987323432747221,0.5108766412218961,0.256,0.7862521921793288,0.697723126236181,0.8784137738359998,1.0102343042781823,261,0.06672556692563954,0.16314609169294034,0.1409082869666269,0.2874394955759561,0.2879199461385279,0.05386061270030935,0.4,0.2,False,False,0.0,0
R20,1835087600,20,261,0.9890260990451103,0.9890467775078283,0.08577302527107634,0.9890260990451103,0.5472898287820944,0.256,0.7848336312637665,0.6972600816373546,0.8781360977028031,1.0117084267651293,274,0.11778889641228343,0.17028449387621403,0.16455329024731422,0.2942347677994321,0.23781850625201642,0.015320045412739822,0.4,0.2,False,False,0.0,0
R20,1835087600,21,274,0.986398552122995,0.9864018786176126,0.10029614907340954,0.986398552122995,0.5803326011626209,0.2,0.7842866506788133,0.7098325338967614,0.8775618563793506,1.0313435086369263,282,0.28044320426593095,0.19068832619349402,0.014852687522929536,0.261804978922148,0.2361968422341391,0.01601396086135856,0.0,0.2,False,False,0.0,0
R20,1835087600,22,282,0.9881010872660386,0.9882637974836991,0.06934605681598462,0.9881010872660386,0.5884642709399384,0.326,0.7863530879822735,0.7045188540953352,0.875115219335706,1.0237874149738773,283,0.06472433616764817,0.20108257890092704,0.14664077183814914,0.27029513952680473,0.22654774297145222,0.09070943059501872,0.6,0.2,False,False,0.0,0
R20,1835087600,23,283,0.9884475789512117,0.9884483117007872,0.11235520778751128,0.9884475789512117,0.5967097306992822,0.126,0.7953488841695318,0.6995612942851342,0.88250636012927,0.9966673984605791,279,0.06585478618207291,0.2988568674304543,0.016182848555577826,0.29303566627100114,0.27451331363567266,0.05155651792522098,0.6,0.0,False,False,0.0,0
R20,1835087600,24,279,0.9893070926611662,0.9893070957389193,0.15592446030241605,0.9893070926611662,0.6209813649685455,0.0,0.7941170781187378,0.6978996602249288,0.8714926656814955,1.0084275788158743,291,0.10395538317564067,0.2007294402090492,0.11611487692357347,0.3066544438033508,0.18618470782576274,0.08636114806262324,0.0,0.0,False,False,0.0,0
R20,1835087600,25,291,0.9849428211632508,0.9907399624636377,0.04092343942623361,0.9849428211632508,0.6310135284282944,0.456,0.79689616233617,0.7050985269756953,0.8776688899351529,1.0081319239001514,292,0.21367312202516237,0.17854171569621843,0.09405298375487971,0.20877509953996784,0.26662745410903477,0.03832962487473691,0.4,0.4,False,False,0.0,0
R20,1835087600,26,292,0.9912344754896083,0.9912344801294369,0.15267252049227156,0.9912344754896083,0.6329312109031641,0.0,0.8055823180811799,0.7018564962463115,0.879556145023482,0.990546417574095,289,0.08766119524251233,0.3028562755868878,0.03722275853707889,0.2170330981672962,0.24827072040922213,0.10695595205700259,0.0,0.0,False,False,0.0,0
R20,1835087600,27,289,0.988210793142208,0.988213744342877,0.10126363367283767,0.988210793142208,0.6343799216275835,0.22400000000000003,0.8104309277044199,0.698288220401223,0.8755555184657408,0.9840904561832999,288,0.08155686209033779,0.1651300826638142,0.10099798062689001,0.31504630623366014,0.2197749397230346,0.11749382866226325,0.8,0.0,False,False,0.0,0
R20,1835087600,28,288,0.9890135333888527,0.9890180853508,0.09782064142933922,0.9890135333888527,0.6399559967579203,0.21400000000000002,0.813019778625989,0.7063002976849223,0.869429088568703,0.99920388052808,290,0.22408110379700644,0.2806440410505372,0.05527060829972304,0.2004130224550879,0.20714560974768167,0.03244561464996375,0.2,0.2,False,False,0.0,0
R20,1835087600,29,290,0.9899719724363865,0.9901424356676297,0.06899064213917899,0.9899719724363865,0.6378534567240519,0.35,0.8103960598764597,0.7209852828006762,0.8658276216278676,1.0275374098820187,288,0.3666376241380941,0.20284770662225624,0.030189241494217475,0.18189496465052762,0.21670720958017425,0.0017232535147302102,1.0,0.0,False,False,0.0,0
R20,1835087600,30,288,0.9894944242608322,0.9894987579729165,0.09821561843981946,0.9894944242608322,0.6479020275491798,0.2,0.8041285660204263,0.7265679102315173,0.8747879496627056,1.032875391816408,287,0.20789864463593663,0.15191121350043263,0.024031955046280064,0.2579637844844042,0.2777154509881233,0.08047895134482327,0.0,0.2,False,False,0.0,0
R20,1835087600,31,287,0.989882468645617,0.9898859910182991,0.09986877409520273,0.989882468645617,0.6775555295554662,0.21400000000000002,0.8051637817575342,0.7294951362373621,0.887309154696435,1.0210880823014008,292,0.1781952689677576,0.20184089781921463,0.0026635777138483163,0.25481867207500786,0.34186767997150175,0.020613903452669873,0.2,0.2,False,False,0.0,0
R20,1835087600,32,292,0.990969033739956,0.9909690529303036,0.14136923156597536,0.990969033739956,0.6870307639745362,0.05600000000000001,0.809803544451742,0.722375695266104,0.8985782392267915,0.9927217909044753,290,0.05444144800762535,0.17092522332296642,0.004668874296614528,0.28098906585422456,0.3307835825155043,0.1581918060030649,0.4,0.0,False,False,0.0,0
R20,1835087600,33,290,0.9907006920045652,0.99070069804619,0.1505668084882167,0.9907006920045652,0.6903683220841029,0.014000000000000002,0.8052108893510687,0.7335610468430961,0.867733482565805,1.0498814600934994,296,0.2788017042537155,0.23200250084861146,0.046633295761170535,0.32195883792901087,0.09506533630846338,0.02553832489902839,0.2,0.0,False,False,0.0,0
R20,1835087600,34,296,0.9890873375750734,0.989087338792568,0.163304902494451,0.9890873375750734,0.7053745667620551,0.014000000000000002,0.8057430229558703,0.743452047474786,0.8681565189237967,1.062816718933145,297,0.2696131621730586,0.16248962660935126,0.04028135526506337,0.2575956192368401,0.23598192307286162,0.03403831364282513,0.2,0.0,False,False,0.0,0
R20,1835087600,35,297,0.9895836159289919,0.989583869418721,0.1208138132120357,0.9895836159289919,0.7097216365598883,0.126,0.8098645325470026,0.7554849881321422,0.8732700883006606,1.0682302561951234,297,0.3025692878886934,0.25787033927520503,0.014345117626054869,0.14910561319317803,0.2596461063462173,0.016463535670651612,0.6,0.0,False,False,0.0,0
R20,1835087600,36,297,0.9906958918717531,0.9906958935426383,0.16079800881920608,0.9906958918717531,0.7145861103725384,0.0,0.8052054125044521,0.7677107387255351,0.8580465242746536,1.1111689408879513,298,0.32236425418707687,0.16857150126177048,0.0693603651541165,0.2688835747247944,0.16051722402029533,0.01030308065194643,0.0,0.0,False,False,0.0,0
R20,1835087600,37,298,0.9870382442664987,0.9870493979931773,0.0906708394651692,0.9870382442664987,0.7127460699756006,0.22400000000000003,0.8006265956921382,0.7586702120762656,0.8630339064078261,1.0979818509275787,299,0.05431262858759095,0.15542528550354967,0.01893779102631827,0.43106809750682124,0.25396017280318917,0.0862960245725309,0.8,0.0,False,False,0.0,0
R20,1835087600,38,299,0.9893441764909093,0.9893487132838037,0.09784987264835471,0.9893441764909093,0.7484999924015066,0.2,0.7933451961267642,0.751532542037263,0.8684853290131206,1.0907446911106602,315,0.0724480070601334,0.17279206325295512,0.06894392957400557,0.26547442573083585,0.2587740662303857,0.16156750815168425,0.0,0.2,False,False,0.0,0
R20,1835087600,39,315,0.990403310088983,0.9904033173243699,0.14912913085309173,0.990403310088983,0.7596624146569169,0.0,0.7919776571186938,0.753309111762556,0.8789341928015213,1.0821910326047686,320,0.17941496033945117,0.1851143221707997,0.1610152945018278,0.1786878476835853,0.2864869834485636,0.00928059185577226,0.0,0.0,False,False,0.0,0
R20,1835087600,40,320,0.9887532089382688,0.9901047905290047,0.05250891579674079,0.9887532089382688,0.7515040808731088,0.4,0.7911570418036928,0.7629854325167701,0.852789836602432,1.1308670034295603,320,0.2792722042792736,0.16935187771267035,0.04947029350624169,0.33268945508456416,0.10874531540531422,0.06047085401193606,0.0,0.4,False,False,0.0,0
R20,1835087600,41,320,0.9925396949253286,0.9925400572573029,0.11799391931180879,0.9925396949253286,0.7673070488904968,0.126,0.7899981605018587,0.7579398446259336,0.8675108529421888,1.1059455401364577,322,0.10129604668752534,0.1753146830906856,0.08509332602836082,0.24495097782692302,0.38855212174905024,0.00479284461745494,0.6,0.0,False,False,0.0,0
R20,1835087600,42,322,0.9885227650182679,0.9888456756332366,0.06389486913277866,0.9885227650182679,0.7906169059314123,0.326,0.787618620812428,0.7574036343848628,0.8670952602219217,1.1090333275980762,332,0.15450977487782466,0.1681243379924791,0.06221825891794224,0.2704269587258944,0.2316774628697591,0.11304320661610047,0.6,0.2,False,False,0.0,0
R20,1835087600,43,332,0.9907056428241816,0.9907120455962091,0.09511850336239808,0.9907056428241816,0.7976313382926661,0.2,0.7925070167040223,0.7462624838900449,0.8739956797794408,1.0774055474595754,332,0.02161289030531512,0.2940168188778786,0.03376987056051206,0.3819553429089357,0.2680497278985561,0.0005953494488025958,0.0,0.2,False,False,0.0,0
R20,1835087600,44,332,0.9908370921849106,0.990837185253743,0.12879975571109206,0.9908370921849106,0.7804853841220153,0.126,0.7974741232991012,0.7561341090796276,0.8604405221335897,1.1019486939074374,326,0.27730936730106237,0.21440882418255666,0.00899896838139985,0.2133083380022807,0.16922205166046494,0.11675245047223545,0.6,0.0,False,False,0.0,0
R20,1835087600,45,326,0.9904795574319943,0.9904795683917862,0.1458243268774046,0.9904795574319943,0.794935617591412,0.014000000000000002,0.7964959964792777,0.7560301371726628,0.8743964699202307,1.0855432095791713,334,0.15878416933770598,0.2666459304704782,0.0054583390741853215,0.1566277677679112,0.321773539210937,0.0907102541387823,0.2,0.0,False,False,0.0,0
R20,1835087600,46,334,0.9904151345867882,0.9915616731570028,0.053830275126520596,0.9904151345867882,0.7850911044986526,0.41400000000000003,0.8026487927739,0.7551286246511515,0.8727232766349914,1.0780001399732277,329,0.14874992921402397,0.17190988730179654,0.013206385113539734,0.22518188901500605,0.22883226853391891,0.21211964082171483,0.2,0.4,False,False,0.0,0
R20,1835087600,47,329,0.9918001357832719,0.9918155718329799,0.08812270083811097,0.9918001357832719,0.8172052304380882,0.256,0.7959321203004149,0.745427618972037,0.8854509489714922,1.0577059339712678,341,0.03819281941803859,0.21608780770157,0.03924034696904159,0.37366532087221427,0.321700540718686,0.011113164320449518,0.4,0.2,False,False,0.0,0
R20,1835087600,48,341,0.989078924227646,0.9901174969389213,0.05460592520062727,0.989078924227646,0.7917860052922671,0.4,0.80130536014746,0.7520521498116886,0.8954678591344623,1.0480932084234413,324,0.2361988973531674,0.16359821860046125,0.01612367849193075,0.21738345819971502,0.2928100253005963,0.07388572205412935,0.0,0.4,False,False,0.0,0
R20,1835087600,49,324,0.9748804101700871,0.9898921178808584,0.03334288785857459,0.9748804101700871,0.8037208782234833,0.526,0.79602855930755,0.7452703314370676,0.905921073221016,1.0334627347984124,333,0.07275986394954313,0.1866527432196703,0.03226639336936074,0.2598101072524608,0.44755926675967733,0.0009516254492877169,0.6,0.4,False,False,0.0,0
R20,1835087600,50,333,0.9924671152830782,0.9924671212491256,0.15068119286335657,0.9924671152830782,0.7886962592160647,0.014000000000000002,0.7969004837885333,0.7580068148652142,0.8659611013634712,1.0984255735196822,327,0.3355677439197717,0.210494871422649,0.054870305351829865,0.290366884904375,0.053160677322783734,0.05553951707859078,0.2,0.0,True,True,0.03,0
R20,1835087600,51,327,0.9891555586993827,0.9908942675274033,0.050510377543642744,0.9891555586993827,0.7657644911744975,0.41400000000000003,0.7975609590896158,0.7701064741219534,0.8284471214921233,1.1655263440366173,325,0.3767584159996833,0.2577336438599628,0.027121841843188735,0.2761862694112836,0.04541065132499614,0.016789177560885504,0.2,0.4,True,True,0.06,0
R20,1835087600,52,325,0.987762448382391,0.9900692067464616,0.04825343012053417,0.987762448382391,0.7442293994461819,0.456,0.7892618723246002,0.7790472434577872,0.7984506148632218,1.236216717042585,327,0.2805761630241424,0.15539690992110394,0.13135016879622832,0.2546053000025601,0.06424102760155408,0.11383043065441104,0.4,0.4,True,True,0.09000000000000001,0
R20,1835087600,53,327,0.9884540707944628,0.9898011147824263,0.052533242936217334,0.9884540707944628,0.7314603068095806,0.41400000000000003,0.7898048557915948,0.7900948812848978,0.7676876836418989,1.3030913910716109,327,0.3767584159996833,0.2577336438599628,0.027121841843188735,0.2761862694112836,0.04541065132499614,0.016789177560885504,0.2,0.4,True,True,0.12000000000000001,0
R20,1835087600,54,327,0.9859407993409729,0.9874660415092988,0.05152547703373576,0.9859407993409729,0.7011042918020144,0.41400000000000003,0.7918901089293774,0.8005901372206529,0.7400010455427082,1.3661959191473205,319,0.3767584159996833,0.2577336438599628,0.027121841843188735,0.2761862694112836,0.04541065132499614,0.016789177560885504,0.2,0.4,True,True,0.15000000000000002,0
R20,1835087600,55,319,0.9850493742219428,0.9863972328867407,0.05250100870825132,0.9850493742219428,0.6952293533822875,0.41400000000000003,0.7892722817907842,0.8105606303596202,0.7150830712534366,1.4361577887325647,323,0.3767584159996833,0.2577336438599628,0.027121841843188735,0.2761862694112836,0.04541065132499614,0.016789177560885504,0.2,0.4,True,True,0.18000000000000005,0
R20,1835087600,56,323,0.9888171720221958,0.9888327771499104,0.08801200934172952,0.9888171720221958,0.7199673726881786,0.256,0.7906066251969099,0.8059144336828872,0.740496447978852,1.376592835490637,322,0.1360229355155997,0.2061409568906703,0.052807183062202334,0.26711884854035045,0.2846084192537951,0.053301656737382165,0.4,0.2,True,True,0.21000000000000008,0
R20,1835087600,57,322,0.9919522008253951,0.9919631871866098,0.0908307173282339,0.9919522008253951,0.745193567938747,0.256,0.7907706964715439,0.8015005468399908,0.7633684870317258,1.3277583093797398,323,0.1360229355155997,0.2061409568906703,0.052807183062202334,0.26711884854035045,0.2846084192537951,0.053301656737382165,0.4,0.2,True,True,0.2400000000000001,0
R20,1835087600,58,323,0.9877829572904449,0.98781278686517,0.0828464554130511,0.9877829572904449,0.7771630867950321,0.256,0.7889256944084686,0.7973073543392393,0.7839533221793122,1.289138160510933,331,0.1360229355155997,0.2061409568906703,0.052807183062202334,0.26711884854035045,0.2846084192537951,0.053301656737382165,0.4,0.2,True,True,0.27000000000000013,0
R20,1835087600,59,331,0.9861892610858981,0.9862002644577367,0.09077202214221629,0.9861892610858981,0.7895081683550186,0.256,0.7934236533536779,0.7933238214635253,0.80247967381214,1.2459806876578905,328,0.1360229355155997,0.2061409568906703,0.052807183062202334,0.26711884854035045,0.2846084192537951,0.053301656737382165,0.4,0.2,True,True,0.30000000000000016,0
R20,1835087600,60,328,0.993593169067463,0.9936139621979238,0.08576567954909851,0.993593169067463,0.8052951197947448,0.256,0.7986853579558322,0.789539465231597,0.819153390281685,1.2067932917855522,324,0.1360229355155997,0.2061409568906703,0.052807183062202334,0.26711884854035045,0.2846084192537951,0.053301656737382165,0.4,0.2,True,True,0.3300000000000002,0
R20,1835087600,61,324,0.992163462579304,0.9921687856529113,0.09660026702561002,0.992163462579304,0.8108655862365814,0.256,0.802844318455975,0.7859443268112651,0.8341597351042755,1.1735760081694138,320,0.1360229355155997,0.2061409568906703,0.052807183062202334,0.26711884854035045,0.2846084192537951,0.053301656737382165,0.4,0.2,True,True,0.3600000000000002,0
R20,1835087600,62,320,0.9870484319425339,0.987066317663026,0.08691199780165107,0.9870484319425339,0.8243642604157675,0.256,0.7970023022306008,0.7825289453119498,0.847665445444607,1.1582874615829504,325,0.1360229355155997,0.2061409568906703,0.052807183062202334,0.26711884854035045,0.2846084192537951,0.053301656737382165,0.4,0.2,True,True,0.39000000000000024,0
R20,1835087600,63,325,0.9902253054056221,0.9902448974096744,0.08621227684752855,0.9902253054056221,0.8251793759624364,0.256,0.8033025528635025,0.7792843328876004,0.8598205847509053,1.1282593978829778,318,0.1360229355155997,0.2061409568906703,0.052807183062202334,0.26711884854035045,0.2846084192537951,0.053301656737382165,0.4,0.2,True,True,0.42000000000000026,0
R20,1835087600,64,318,0.9878086144632372,0.9878158129169372,0.09416279383961335,0.9878086144632372,0.8496865852129882,0.256,0.7982506003445307,0.7762019510844683,0.8707602101265738,1.116700988908975,327,0.1360229355155997,0.2061409568906703,0.052807183062202334,0.26711884854035045,0.2846084192537951,0.053301656737382165,0.4,0.2,True,True,0.45000000000000023,0
R20,1835087600,65,327,0.9892059629759263,0.9892267858081718,0.08571909263235915,0.9892059629759263,0.8624424498420744,0.256,0.7971656877529573,0.7732736883714929,0.8806058729646754,1.101547066556185,329,0.1360229355155997,0.2061409568906703,0.052807183062202334,0.26711884854035045,0.2846084192537951,0.053301656737382165,0.4,0.2,True,True,0.48000000000000026,0
R20,1835087600,66,329,0.9862964677769349,0.9863162726088803,0.08609462983460678,0.9862964677769349,0.8682946824996317,0.256,0.7988768017295454,0.7704918387941663,0.8894669695189669,1.0843223456402111,329,0.1360229355155997,0.2061409568906703,0.052807183062202334,0.26711884854035045,0.2846084192537951,0.053301656737382165,0.4,0.2,True,True,0.5100000000000002,0
R20,1835087600,67,329,0.9898653558203524,0.9898911561946312,0.08401828307700944,0.9898653558203524,0.862354667140311,0.256,0.7999956871240703,0.767849081695706,0.8974419564178292,1.0695026232256475,323,0.1360229355155997,0.2061409568906703,0.052807183062202334,0.26711884854035045,0.2846084192537951,0.053301656737382165,0.4,0.2,True,True,0.5400000000000001,0
R20,1835087600,68,323,0.9894927519338172,0.9895141804989708,0.08549315162720982,0.9894927519338172,0.8425378099670284,0.256,0.7972666810075665,0.7653384624521686,0.9046194446268053,1.0611676607590104,315,0.1360229355155997,0.2061409568906703,0.052807183062202334,0.26711884854035045,0.2846084192537951,0.053301656737382165,0.4,0.2,True,True,0.5700000000000001,0
R20,1835087600,69,315,0.9878552051385128,0.9878629846954982,0.09354520822072256,0.9878552051385128,0.8270408689118205,0.256,0.7978492042722237,0.7629533741708082,0.9110791840148839,1.0495933190562419,308,0.1360229355155997,0.2061409568906703,0.052807183062202334,0.26711884854035045,0.2846084192537951,0.053301656737382165,0.4,0.2,True,True,0.6,0
R20,1835087600,70,308,0.9911841066607513,0.9912027577613864,0.08661173884803587,0.9911841066607513,0.8457764938782568,0.256,0.79943951017,0.7606875403035158,0.9168929494641544,1.0377722686125692,312,0.1360229355155997,0.2061409568906703,0.052807183062202334,0.26711884854035045,0.2846084192537951,0.053301656737382165,0.4,0.2,True,True,0.6299999999999999,0
R20,1835087600,71,312,0.9878465378452073,0.9878627041672642,0.08772296196144669,0.9878465378452073,0.8416997557157976,0.256,0.8005882416053413,0.758534998129588,0.922125338368498,1.0274872949748068,310,0.1360229355155997,0.2061409568906703,0.052807183062202334,0.26711884854035045,0.2846084192537951,0.053301656737382165,0.4,0.2,True,True,0.6599999999999998,0
R20,1835087600,72,310,0.9908253738863924,0.9908388792714423,0.08917846092925134,0.9908253738863924,0.8273396436107967,0.256,0.8002800823913585,0.7564900830643566,0.9268344883824072,1.019903412901877,303,0.1360229355155997,0.2061409568906703,0.052807183062202334,0.26711884854035045,0.2846084192537951,0.053301656737382165,0.4,0.2,True,True,0.6899999999999997,0
R20,1835087600,73,303,0.9903652124320429,0.9903888273138536,0.08472684538795398,0.9903652124320429,0.8364522906870903,0.256,0.7995006935929884,0.7545474137523868,0.9310727233949255,1.013640807587084,306,0.1360229355155997,0.2061409568906703,0.052807183062202334,0.26711884854035045,0.2846084192537951,0.053301656737382165,0.4,0.2,True,True,0.7199999999999996,0
R20,1835087600,74,306,0.9938883767136102,0.9939088814421554,0.0858792213917482,0.9938883767136102,0.8447477730154109,0.256,0.8002372225146495,0.7527018779060154,0.934887134906192,1.0061090781507223,307,0.1360229355155997,0.2061409568906703,0.052807183062202334,0.26711884854035045,0.2846084192537951,0.053301656737382165,0.4,0.2,True,True,0.7499999999999996,0
R20,1835087600,75,307,0.9890567630266639,0.9890915091276512,0.08164230812088502,0.9890567630266639,0.8376016680421516,0.256,0.7985283233431728,0.7509486188519626,0.9383201052663318,1.002233409671353,306,0.1360229355155997,0.2061409568906703,0.052807183062202334,0.26711884854035045,0.2846084192537951,0.053301656737382165,0.4,0.2,True,True,0.7799999999999995,0
R20,1835087600,76,306,0.9860961619343447,0.9861139878812657,0.08693096104442039,0.9860961619343447,0.8329564157043775,0.256,0.7979238756837238,0.7492830227506124,0.9414097785904576,0.9974835150685627,305,0.1360229355155997,0.2061409568906703,0.052807183062202334,0.26711884854035045,0.2846084192537951,0.053301656737382165,0.4,0.2,True,True,0.8099999999999994,0
R20,1835087600,77,305,0.9906051534152253,0.9906217959941714,0.08751404886150282,0.9906051534152253,0.8552504563444164,0.256,0.7963010022177978,0.7477007064543297,0.9441904845821709,0.9944682206155064,312,0.1360229355155997,0.2061409568906703,0.052807183062202334,0.26711884854035045,0.2846084192537951,0.053301656737382165,0.4,0.2,True,True,0.8399999999999993,0
R20,1835087600,78,312,0.9911563023999395,0.9911881869204816,0.08234330638712388,0.9911563023999395,0.8394273529834976,0.256,0.8009220267571094,0.7461975059728613,0.9466931199747128,0.9841342230144761,304,0.1360229355155997,0.2061409568906703,0.052807183062202334,0.26711884854035045,0.2846084192537951,0.053301656737382165,0.4,0.2,True,True,0.8699999999999992,0
R20,1835087600,79,304,0.9912857523312238,0.9913037462499774,0.08689808810122641,0.9912857523312238,0.854031736007497,0.256,0.7958128149444794,0.7447694655154662,0.9489454918280006,0.9862106035247642,311,0.1360229355155997,0.2061409568906703,0.052807183062202334,0.26711884854035045,0.2846084192537951,0.053301656737382165,0.4,0.2,True,True,0.8999999999999991,0
R20,1835087600,80,311,0.9867053255970852,0.9867212878126987,0.08781489827523754,0.9867053255970852,0.8334545015462518,0.256,0.7951369666433803,0.7434128270809408,0.9509726264959596,0.983150692700229,305,0.1360229355155997,0.2061409568906703,0.052807183062202334,0.26711884854035045,0.2846084192537951,0.053301656737382165,0.4,0.2,True,True,0.929999999999999,0
R20,1835087600,81,305,0.9908179243683563,0.9908409907629984,0.08491754303212684,0.9908179243683563,0.8354809929785837,0.256,0.7986677773118344,0.7421240205681418,0.9527970476971227,0.9752364458051239,303,0.1360229355155997,0.2061409568906703,0.052807183062202334,0.26711884854035045,0.2846084192537951,0.053301656737382165,0.4,0.2,True,True,0.9599999999999991,0
R20,1835087600,82,303,0.9912361220298714,0.9912508747431955,0.08847858882350049,0.9912361220298714,0.8204458342618187,0.256,0.8049964488119967,0.7408996543809826,0.9544390267781695,0.964311261175587,295,0.1360229355155997,0.2061409568906703,0.052807183062202334,0.26711884854035045,0.2846084192537951,0.053301656737382165,0.4,0.2,True,True,0.9899999999999991,0
R20,1835087600,83,295,0.9891821148824987,0.9891982795094855,0.08773455126630281,0.9891821148824987,0.8277863073276059,0.256,0.7975283786314451,0.7397365065031815,0.9559168079511116,0.9703106729895031,301,0.1360229355155997,0.2061409568906703,0.052807183062202334,0.26711884854035045,0.2846084192537951,0.053301656737382165,0.4,0.2,True,True,1.0199999999999991,0
R20,1835087600,84,301,0.9887672279630993,0.9888055687760788,0.08085635647743208,0.9887672279630993,0.8402134393061483,0.256,0.7939599222557441,0.7386315160192704,0.9572468110067595,0.9718636202669835,307,0.1360229355155997,0.2061409568906703,0.052807183062202334,0.26711884854035045,0.2846084192537951,0.053301656737382165,0.4,0.2,True,True,1.0499999999999992,0
R20,1835087600,85,307,0.9914059846625138,0.9914291629770953,0.08488373729938367,0.9914059846625138,0.8407141307958924,0.256,0.794922029897882,0.7375817750595548,0.9584438137568425,0.9680972483333118,306,0.1360229355155997,0.2061409568906703,0.052807183062202334,0.26711884854035045,0.2846084192537951,0.053301656737382165,0.4,0.2,True,True,1.0799999999999992,0
R20,1835087600,86,306,0.9909174881674098,0.9909507498908776,0.08200479445198976,0.9909174881674098,0.8234984614005827,0.256,0.8081494739610937,0.736584521147825,0.9595211162319173,0.9498966518545278,295,0.1360229355155997,0.2061409568906703,0.052807183062202334,0.26711884854035045,0.2846084192537951,0.053301656737382165,0.4,0.2,True,True,1.1099999999999992,0
R20,1835087600,87,295,0.9903351359416014,0.9903504466366774,0.08817584028994493,0.9903351359416014,0.8292388647908769,0.256,0.8061865294297124,0.7356371299316817,0.9604906884594846,0.9500248057952644,298,0.1360229355155997,0.2061409568906703,0.052807183062202334,0.26711884854035045,0.2846084192537951,0.053301656737382165,0.4,0.2,True,True,1.1399999999999992,0
R20,1835087600,88,298,0.9881576161861557,0.9881742722845422,0.08748789394740436,0.9881576161861557,0.8192147649667373,0.256,0.8092205324594113,0.7347371082763456,0.9613633034642952,0.944446889287383,294,0.1360229355155997,0.2061409568906703,0.052807183062202334,0.26711884854035045,0.2846084192537951,0.053301656737382165,0.4,0.2,True,True,1.1699999999999993,0
R20,1835087600,89,294,0.9894731798036965,0.9894900512809308,0.08739621457918516,0.9894731798036965,0.8114457887234522,0.256,0.8089322852299461,0.7338820877037764,0.9621486569686247,0.9429136893180371,291,0.1360229355155997,0.2061409568906703,0.052807183062202334,0.26711884854035045,0.2846084192537951,0.053301656737382165,0.4,0.2,True,True,1.1999999999999993,0
R20,1835087600,90,291,0.9923391638538543,0.9923554026705379,0.08772346593339114,0.9923391638538543,0.8194259946600608,0.256,0.8091965818653776,0.7330698181598355,0.9628554751225212,0.9408712439054652,293,0.1360229355155997,0.2061409568906703,0.052807183062202334,0.26711884854035045,0.2846084192537951,0.053301656737382165,0.4,0.2,True,True,1.2299999999999993,0
R20,1835087600,91,293,0.9908229018186966,0.9908382783249726,0.08814561822817052,0.9908229018186966,0.8297490636224593,0.256,0.8017452979811083,0.7322981620930917,0.9634916114610281,0.9479896257529837,300,0.1360229355155997,0.2061409568906703,0.052807183062202334,0.26711884854035045,0.2846084192537951,0.053301656737382165,0.4,0.2,True,True,1.2599999999999993,0
R20,1835087600,92,300,0.9874230416518874,0.9874587752727801,0.08140607897933182,0.9874230416518874,0.8353100345858441,0.256,0.8048025041503392,0.7315650888296851,0.9640641341656844,0.9428828294426019,302,0.1360229355155997,0.2061409568906703,0.052807183062202334,0.26711884854035045,0.2846084192537951,0.053301656737382165,0.4,0.2,True,True,1.2899999999999994,0
R20,1835087600,93,302,0.9909451403260102,0.9909800181857957,0.08162736421596051,0.9909451403260102,0.8261147042172573,0.256,0.8040424410721729,0.7308686692294488,0.964579404599875,0.9423720283406899,298,0.1360229355155997,0.2061409568906703,0.052807183062202334,0.26711884854035045,0.2846084192537951,0.053301656737382165,0.4,0.2,True,True,1.3199999999999994,0
R20,1835087600,94,298,0.9899289973837574,0.9899450382559715,0.08780173418328546,0.9899289973837574,0.8362956254343016,0.256,0.8016341519302834,0.7302070706092244,0.9650431479906465,0.9438937084664896,303,0.1360229355155997,0.2061409568906703,0.052807183062202334,0.26711884854035045,0.2846084192537951,0.053301656737382165,0.4,0.2,True,True,1.3499999999999994,0
R20,1835087600,95,303,0.9877063925412491,0.987719833739683,0.08919128580017968,0.9877063925412491,0.8330611013623185,0.256,0.8032817475423423,0.7295785519200112,0.9654605170423409,0.9407400671090117,302,0.1360229355155997,0.2061409568906703,0.052807183062202334,0.26711884854035045,0.2846084192537951,0.053301656737382165,0.4,0.2,True,True,1.3799999999999994,0
R20,1835087600,96,302,0.9898431607487748,0.9898547787820563,0.09036878125887209,0.9898431607487748,0.8324972245471223,0.256,0.7986660209667091,0.7289814591652586,0.9658361491888658,0.9450348378862322,303,0.1360229355155997,0.2061409568906703,0.052807183062202334,0.26711884854035045,0.2846084192537951,0.053301656737382165,0.4,0.2,True,True,1.4099999999999995,0
R20,1835087600,97,303,0.9920962045248803,0.9921231408772424,0.08369322923808423,0.9920962045248803,0.8167074879343387,0.256,0.8032473259653731,0.7284142210482436,0.9661742181207382,0.9385851599148748,295,0.1360229355155997,0.2061409568906703,0.052807183062202334,0.26711884854035045,0.2846084192537951,0.053301656737382165,0.4,0.2,True,True,1.4399999999999995,0
R20,1835087600,98,295,0.9880807097068185,0.988095075765907,0.08866461475312185,0.9880807097068185,0.8128666849069444,0.256,0.8003157340417641,0.7278753448370794,0.9664784801594234,0.9410299922913736,296,0.1360229355155997,0.2061409568906703,0.052807183062202334,0.26711884854035045,0.2846084192537951,0.053301656737382165,0.4,0.2,True,True,1.4699999999999995,0
R20,1835087600,99,296,0.989019897539644,0.9890362550161543,0.08763884295974178,0.989019897539644,0.8154604122447265,0.256,0.8024158143116082,0.7273634124364734,0.96675231599424,0.937641349053933,296,0.1360229355155997,0.2061409568906703,0.052807183062202334,0.26711884854035045,0.2846084192537951,0.053301656737382165,0.4,0.2,True,True,1.4999999999999996,0
R20,1835087600,100,296,0.9880905492117198,0.9881010213137433,0.09118126937258765,0.9880905492117198,0.789644256157272,0.256,0.8080703594161897,0.7268770766558977,0.9669987682455751,0.9302204334897146,285,0.1360229355155997,0.2061409568906703,0.052807183062202334,0.26711884854035045,0.2846084192537951,0.053301656737382165,0.4,0.2,True,True,1.5299999999999996,0
R20,1835087600,101,285,0.9875882730989728,0.9876063380793092,0.08683696874018308,0.9875882730989728,0.8066235550648191,0.256,0.8063721548300014,0.7264150576643509,0.9672205752717766,0.9313733111620894,292,0.1360229355155997,0.2061409568906703,0.052807183062202334,0.26711884854035045,0.2846084192537951,0.053301656737382165,0.4,0.2,True,True,1.5599999999999996,0
R20,1835087600,102,292,0.988201690778163,0.9882202151719132,0.08664201232840471,0.988201690778163,0.7945493433796481,0.256,0.8079387874848095,0.7259761396223813,0.967420201595358,0.9288139657389686,287,0.1360229355155997,0.2061409568906703,0.052807183062202334,0.26711884854035045,0.2846084192537951,0.053301656737382165,0.4,0.2,True,True,1.5899999999999996,0
R20,1835087600,103,287,0.9860688048198757,0.986078925173103,0.09143692835679831,0.9860688048198757,0.7783425919716238,0.256,0.8046759321977431,0.7255591674825101,0.9675998652865813,0.9318714852923834,283,0.1360229355155997,0.2061409568906703,0.052807183062202334,0.26711884854035045,0.2846084192537951,0.053301656737382165,0.4,0.2,True,True,1.6199999999999997,0
R20,1835087600,104,283,0.9906655118384234,0.9906911271160482,0.08408202621884096,0.9906655118384234,0.766777250478975,0.256,0.8035201798026705,0.7251630439496326,0.9677615626086822,0.9325465209464779,278,0.1360229355155997,0.2061409568906703,0.052807183062202334,0.26711884854035045,0.2846084192537951,0.053301656737382165,0.4,0.2,True,True,1.6499999999999997,0
R20,1835087600,105,278,0.9916848734083824,0.9917002162422032,0.08816999034374688,0.9916848734083824,0.7507780591724936,0.256,0.8065289762545603,0.7247867265933989,0.967907090198573,0.9284458623622567,271,0.1360229355155997,0.2061409568906703,0.052807183062202334,0.26711884854035045,0.2846084192537951,0.053301656737382165,0.4,0.2,True,True,1.6799999999999997,0
R20,1835087600,106,271,0.9891828739101697,0.9891976443386636,0.08845253081496687,0.9891828739101697,0.7730775868481949,0.256,0.8003812983648603,0.724429225104977,0.9680380650294748,0.9349892015532165,282,0.1360229355155997,0.2061409568906703,0.052807183062202334,0.26711884854035045,0.2846084192537951,0.053301656737382165,0.4,0.2,True,True,1.7099999999999997,0
R20,1835087600,107,282,0.9860055211850209,0.9860217944958541,0.08765560804917644,0.9860055211850209,0.7719391104533938,0.256,0.8020442017875835,0.7240895986909761,0.9681559423772863,0.9324996770547256,282,0.1360229355155997,0.2061409568906703,0.052807183062202334,0.26711884854035045,0.2846084192537951,0.053301656737382165,0.4,0.2,True,True,1.7399999999999998,0
R20,1835087600,108,282,0.9893672666308185,0.9893762118712723,0.09244598907154523,0.9893672666308185,0.780045521166255,0.256,0.7994683774965234,0.7237669535976753,0.9682620319903167,0.934984814279828,285,0.1360229355155997,0.2061409568906703,0.052807183062202334,0.26711884854035045,0.2846084192537951,0.053301656737382165,0.4,0.2,True,True,1.7699999999999998,0
R20,1835087600,109,285,0.9901811770695995,0.9901966961257448,0.08806700736368342,0.9901811770695995,0.7639446048687668,0.256,0.7993970202688009,0.7234604407590395,0.9683575126420441,0.9345801170967116,279,0.1360229355155997,0.2061409568906703,0.052807183062202334,0.26711884854035045,0.2846084192537951,0.053301656737382165,0.4,0.2,True,True,1.7999999999999998,0
R20,1835087600,110,279,0.9909062176347168,0.9909275207133739,0.08555126455460516,0.9909062176347168,0.772451130956333,0.256,0.7965316417301536,0.7231692535623355,0.9684434452285987,0.9374813930434884,283,0.1360229355155997,0.2061409568906703,0.052807183062202334,0.26711884854035045,0.2846084192537951,0.053301656737382165,0.4,0.2,True,True,1.8299999999999998,0
R20,1835087600,111,283,0.9888921201360165,0.988906669228065,0.08857037432633023,0.9888921201360165,0.7646187354198837,0.256,0.7959171280733984,0.7228926257254668,0.9685207845564978,0.9377714323811904,281,0.1360229355155997,0.2061409568906703,0.052807183062202334,0.26711884854035045,0.2846084192537951,0.053301656737382165,0.4,0.2,True,True,1.8599999999999999,0
R20,1835087600,112,281,0.9855131566571979,0.9855260584814131,0.0894995975460583,0.9855131566571979,0.7601550632051407,0.256,0.7999015029947366,0.7226298292804414,0.9685903899516071,0.9326940712326733,279,0.1360229355155997,0.2061409568906703,0.052807183062202334,0.26711884854035045,0.2846084192537951,0.053301656737382165,0.4,0.2,True,True,1.89,0
R20,1835087600,113,279,0.9869651950983067,0.9869785030239513,0.08926462913545716,0.9869651950983067,0.7707037355426679,0.256,0.8071365499072495,0.7223801726576673,0.9686530348072053,0.923954446283243,280,0.1360229355155997,0.2061409568906703,0.052807183062202334,0.26711884854035045,0.2846084192537951,0.053301656737382165,0.4,0.2,True,True,1.92,0
R20,1835087600,114,280,0.9874094736974719,0.9874182341359651,0.09259639210040316,0.9874094736974719,0.771459895337974,0.256,0.8049026158230526,0.722142998866032,0.9687094151772438,0.9261606936686813,281,0.1360229355155997,0.2061409568906703,0.052807183062202334,0.26711884854035045,0.2846084192537951,0.053301656737382165,0.4,0.2,True,True,1.95,0
R20,1835087600,115,281,0.9886701800804727,0.9886850109047663,0.08841592246105173,0.9886701800804727,0.7801002381227511,0.256,0.8044965064954716,0.7219176837639784,0.9687601575102784,0.9262905822973713,284,0.1360229355155997,0.2061409568906703,0.052807183062202334,0.26711884854035045,0.2846084192537951,0.053301656737382165,0.4,0.2,True,True,1.9799999999999998,0
R20,1835087600,116,284,0.9907145376612035,0.9907288665037646,0.08870645231713375,0.9907145376612035,0.7983710684614759,0.256,0.8020705108987961,0.7217036344170275,0.9688058256100096,0.9287730422364459,291,0.1360229355155997,0.2061409568906703,0.052807183062202334,0.26711884854035045,0.2846084192537951,0.053301656737382165,0.4,0.2,True,True,2.01,0
R20,1835087600,117,291,0.9906648816954028,0.9906923463692191,0.08352712617683411,0.9906648816954028,0.7902149180060762,0.256,0.802374112525098,0.721500287537424,0.9688469268997677,0.9281206470171967,288,0.1360229355155997,0.2061409568906703,0.052807183062202334,0.26711884854035045,0.2846084192537951,0.053301656737382165,0.4,0.2,True,True,2.04,0
R20,1835087600,118,288,0.9869172579118931,0.9869469250115043,0.08288295027396891,0.9869172579118931,0.7929459195784174,0.256,0.8000523741756761,0.7213071080018008,0.96888391806055,0.9305292864771408,291,0.1360229355155997,0.2061409568906703,0.052807183062202334,0.26711884854035045,0.2846084192537951,0.053301656737382165,0.4,0.2,True,True,2.0700000000000003,0
R20,1835087600,119,291,0.9874968938883427,0.9875062391669073,0.09208267937274124,0.9874968938883427,0.7957350224167812,0.256,0.8053358664343065,0.7211235874429587,0.968917210105254,0.9241574949287518,290,0.1360229355155997,0.2061409568906703,0.052807183062202334,0.26711884854035045,0.2846084192537951,0.053301656737382165,0.4,0.2,True,True,2.1000000000000005,0
R20,1835087600,120,290,0.991282407526205,0.9912968912146357,0.08862545508191133,0.991282407526205,0.7959819499905063,0.256,0.8026755413271118,0.7209492429120588,0.9689471729454876,0.926967612608181,290,0.1360229355155997,0.2061409568906703,0.052807183062202334,0.26711884854035045,0.2846084192537951,0.053301656737382165,0.4,0.2,True,True,2.130000000000001,0
R20,1835087600,121,290,0.9877491718099801,0.9877576001593433,0.09290674462527918,0.9877491718099801,0.7980587923821348,0.256,0.7995377710543309,0.7207836156077038,0.9689741395016979,0.9303657932955985,293,0.1360229355155997,0.2061409568906703,0.052807183062202334,0.26711884854035045,0.2846084192537951,0.053301656737382165,0.4,0.2,True,True,2.160000000000001,0
R20,1835087600,122,293,0.9887365551813655,0.9887546930810721,0.0868141528649035,0.9887365551813655,0.8169214634292187,0.256,0.7934028281062657,0.7206262696685666,0.9689984094022871,0.9373316495119269,302,0.1360229355155997,0.2061409568906703,0.052807183062202334,0.26711884854035045,0.2846084192537951,0.053301656737382165,0.4,0.2,True,True,2.1900000000000013,0
R20,1835087600,123,302,0.9890714001469676,0.9890969317764758,0.0840952433520454,0.9890714001469676,0.8307508385959642,0.256,0.7935692320623864,0.7204767910263862,0.9690202523128174,0.9369195913305872,307,0.1360229355155997,0.2061409568906703,0.052807183062202334,0.26711884854035045,0.2846084192537951,0.053301656737382165,0.4,0.2,True,True,2.2200000000000015,0
R20,1835087600,124,307,0.9877623798788703,0.9877823332452358,0.08604697583390838,0.9877623798788703,0.8362450525142049,0.256,0.7922735064154199,0.7203347863163149,0.9690399109322947,0.9382478772175141,310,0.1360229355155997,0.2061409568906703,0.052807183062202334,0.26711884854035045,0.2846084192537951,0.053301656737382165,0.4,0.2,True,True,2.2500000000000018,0
R20,1835087600,125,310,0.9872033820180004,0.9872173034769569,0.08890778083007313,0.9872033820180004,0.8464721038905235,0.256,0.7948585445015676,0.7201998818417471,0.9690576036898242,0.9350042933362505,313,0.1360229355155997,0.2061409568906703,0.052807183062202334,0.26711884854035045,0.2846084192537951,0.053301656737382165,0.4,0.2,True,True,2.280000000000002,0
R20,1835087600,126,313,0.9899373166643592,0.98995357896964,0.08769267109115288,0.9899373166643592,0.8412975283782999,0.256,0.7955686357974316,0.7200717225909077,0.9690735271716008,0.9339881652859426,310,0.1360229355155997,0.2061409568906703,0.052807183062202334,0.26711884854035045,0.2846084192537951,0.053301656737382165,0.4,0.2,True,True,2.3100000000000023,0
R20,1835087600,127,310,0.9853973538122529,0.9854113798971024,0.08883360628583105,0.9853973538122529,0.8307032789679833,0.256,0.7970027125586897,0.7199499713026103,0.9690878583051997,0.9321361840033469,307,0.1360229355155997,0.2061409568906703,0.052807183062202334,0.26711884854035045,0.2846084192537951,0.053301656737382165,0.4,0.2,True,True,2.3400000000000025,0
R20,1835087600,128,307,0.9912370978626188,0.9912596962364805,0.08508407828271417,0.9912370978626188,0.8195936260981543,0.256,0.8027434169219847,0.7198343075787278,0.9691007563254388,0.9253091488688577,299,0.1360229355155997,0.2061409568906703,0.052807183062202334,0.26711884854035045,0.2846084192537951,0.053301656737382165,0.4,0.2,True,True,2.3700000000000028,0
R20,1835087600,129,299,0.991522598191239,0.9915490427147763,0.0838353074410053,0.991522598191239,0.8232653009158779,0.256,0.8008626893016781,0.7197244270410393,0.9691123645436539,0.927329438489968,301,0.1360229355155997,0.2061409568906703,0.052807183062202334,0.26711884854035045,0.2846084192537951,0.053301656737382165,0.4,0.2,True,True,2.400000000000003,0
R20,1835087600,130,301,0.9885619670521474,0.9885761125668072,0.0887916379846472,0.9885619670521474,0.831464660698124,0.256,0.8007282422297215,0.7196200405302353,0.9691228119400476,0.9273406261251272,305,0.1360229355155997,0.2061409568906703,0.052807183062202334,0.26711884854035045,0.2846084192537951,0.053301656737382165,0.4,0.2,True,True,2.4300000000000033,0
R20,1835087600,131,305,0.9892049549104975,0.9892138317891424,0.09250574909196671,0.9892049549104975,0.818656986522751,0.256,0.8011145779686538,0.7195208733449715,0.9691322145968019,0.9267566960646176,300,0.1360229355155997,0.2061409568906703,0.052807183062202334,0.26711884854035045,0.2846084192537951,0.053301656737382165,0.4,0.2,True,True,2.4600000000000035,0
R20,1835087600,132,300,0.9913864044085547,0.9914021583794888,0.08795710179317417,0.9913864044085547,0.8112159820257877,0.256,0.8001840507437876,0.7194266645189709,0.9691406769878808,0.9277048290069732,297,0.1360229355155997,0.2061409568906703,0.052807183062202334,0.26711884854035045,0.2846084192537951,0.053301656737382165,0.4,0.2,True,True,2.4900000000000038,0
R20,1835087600,133,297,0.9889765727435333,0.9889904841367074,0.08892782295624613,0.9889765727435333,0.8187845033645414,0.256,0.7989509296162838,0.7193371661342703,0.9691482931398517,0.9290137845526268,301,0.1360229355155997,0.2061409568906703,0.052807183062202334,0.26711884854035045,0.2846084192537951,0.053301656737382165,0.4,0.2,True,True,2.520000000000004,0
R20,1835087600,134,301,0.9843268557964394,0.9843467554279265,0.08604070744692206,0.9843268557964394,0.8225578881275368,0.256,0.7959360380874884,0.7192521426688048,0.9691551476766256,0.9324159382199011,305,0.1360229355155997,0.2061409568906703,0.052807183062202334,0.26711884854035045,0.2846084192537951,0.053301656737382165,0.4,0.2,True,True,2.5500000000000043,0
R20,1835087600,135,305,0.9902886843198668,0.990307556464027,0.08651076230513917,0.9902886843198668,0.8208727021324791,0.256,0.8000995692113527,0.7191713703766125,0.9691613167597221,0.9274537942276189,301,0.1360229355155997,0.2061409568906703,0.052807183062202334,0.26711884854035045,0.2846084192537951,0.053301656737382165,0.4,0.2,True,True,2.5800000000000045,0
R20,1835087600,136,301,0.9902639596719949,0.9902779785399015,0.08887691833703959,0.9902639596719949,0.8324642555175233,0.256,0.7982396046842242,0.7190946366990298,0.9691668689345089,0.9295103260824044,306,0.1360229355155997,0.2061409568906703,0.052807183062202334,0.26711884854035045,0.2846084192537951,0.053301656737382165,0.4,0.2,True,True,2.6100000000000048,0
R20,1835087600,137,306,0.9911129823164528,0.9911291472663318,0.08774991480459932,0.9911129823164528,0.8241179981738253,0.256,0.8000937475395642,0.7190217397053263,0.969171865891817,0.9272574823037433,302,0.1360229355155997,0.2061409568906703,0.052807183062202334,0.26711884854035045,0.2846084192537951,0.053301656737382165,0.4,0.2,True,True,2.640000000000005,0
R20,1835087600,138,302,0.9915585244011172,0.9915739228467949,0.08814017652107965,0.9915585244011172,0.8177228444896093,0.256,0.801563141809246,0.718952487561308,0.9691763631533944,0.9254642311027445,299,0.1360229355155997,0.2061409568906703,0.052807183062202334,0.26711884854035045,0.2846084192537951,0.053301656737382165,0.4,0.2,True,True,2.6700000000000053,0
R20,1835087600,139,299,0.9926470855669642,0.9926561246006232,0.09238930517424478,0.9926470855669642,0.8240728330703037,0.256,0.804281949771249,0.7188866980244906,0.969180410688814,0.9222475243800423,300,0.1360229355155997,0.2061409568906703,0.052807183062202334,0.26711884854035045,0.2846084192537951,0.053301656737382165,0.4,0.2,True,True,2.7000000000000055,0
R20,1835087600,140,300,0.986862018799901,0.9868769651524769,0.08833958558209609,0.986862018799901,0.8084843593360351,0.256,0.804485556177073,0.718824197964514,0.9691840534706916,0.921930488562093,296,0.1360229355155997,0.2061409568906703,0.052807183062202334,0.26711884854035045,0.2846084192537951,0.053301656737382165,0.4,0.2,True,True,2.7300000000000058,0
R20,1835087600,141,296,0.9921124383560999,0.992120421426401,0.0933738818605653,0.9921124383560999,0.8133265973551026,0.256,0.8050843138067486,0.7187648229075363,0.9691873319743814,0.9211656189274436,296,0.1360229355155997,0.2061409568906703,0.052807183062202334,0.26711884854035045,0.2846084192537951,0.053301656737382165,0.4,0.2,True,True,2.760000000000006,0
R20,1835087600,142,296,0.9893899977551973,0.9894209160136272,0.08257406236839601,0.9893899977551973,0.8116973983641788,0.256,0.8030300194057483,0.7187084166034075,0.9691902826277023,0.9234468389357036,297,0.1360229355155997,0.2061409568906703,0.052807183062202334,0.26711884854035045,0.2846084192537951,0.053301656737382165,0.4,0.2,True,True,2.7900000000000063,0
R20,1835087600,143,297,0.9893192048540743,0.9893362468165162,0.08731494481453052,0.9893192048540743,0.8121891109232856,0.256,0.8036314194011701,0.7186548306144851,0.9691929382156912,0.9226844470467725,297,0.1360229355155997,0.2061409568906703,0.052807183062202334,0.26711884854035045,0.2846084192537951,0.053301656737382165,0.4,0.2,True,True,2.8200000000000065,0
R20,1835087600,144,297,0.9909130602696169,0.9909279066163096,0.08842563304903246,0.9909130602696169,0.8123776622099796,0.256,0.8025796907779715,0.7186039239250088,0.9691953282448811,0.9238258420117339,297,0.1360229355155997,0.2061409568906703,0.052807183062202334,0.26711884854035045,0.2846084192537951,0.053301656737382165,0.4,0.2,True,True,2.8500000000000068,0
R20,1835087600,145,297,0.9911701866623084,0.9911840883448326,0.08895101739590748,0.9911701866623084,0.8182495452455296,0.256,0.8028172441453715,0.7185555625700064,0.969197479271152,0.9234882784579136,299,0.1360229355155997,0.2061409568906703,0.052807183062202334,0.26711884854035045,0.2846084192537951,0.053301656737382165,0.4,0.2,True,True,2.880000000000007,0
R20,1835087600,146,299,0.9921005324197062,0.9921186100869239,0.0868676663449234,0.9921005324197062,0.797777687555991,0.256,0.8035452635992579,0.718509619282754,0.9691994151947958,0.9225907538331924,291,0.1360229355155997,0.2061409568906703,0.052807183062202334,0.26711884854035045,0.2846084192537951,0.053301656737382165,0.4,0.2,True,True,2.9100000000000072,0
R20,1835087600,147,291,0.988132758671717,0.9881510229582899,0.08675401715407204,0.988132758671717,0.8088901764025543,0.256,0.801531232705188,0.7184659731598643,0.9692011575260753,0.9248511279834628,297,0.1360229355155997,0.2061409568906703,0.052807183062202334,0.26711884854035045,0.2846084192537951,0.053301656737382165,0.4,0.2,True,True,2.9400000000000075,0
R20,1835087600,148,297,0.9908404062671706,0.9908664593137232,0.08394854537861732,0.9908404062671706,0.8013351813465532,0.256,0.8000001720881879,0.7184245093431191,0.9692027256242268,0.9265661556254621,294,0.1360229355155997,0.2061409568906703,0.052807183062202334,0.26711884854035045,0.2846084192537951,0.053301656737382165,0.4,0.2,True,True,2.9700000000000077,0
R20,1835087600,149,294,0.9854009717166834,0.985409126126174,0.09315081415757219,0.9854009717166834,0.8045995533849549,0.256,0.7968939825986064,0.7183851187172111,0.9692041369125631,0.9301254351726888,298,0.1360229355155997,0.2061409568906703,0.052807183062202334,0.26711884854035045,0.2846084192537951,0.053301656737382165,0.4,0.2,True,True,3.000000000000008,0
R20,1835087600,150,298,0.9886606288478134,0.9886961900895657,0.08145454010242391,0.9886606288478134,0.7950481133362836,0.256,0.8010051597460658,0.7183476976225985,0.9692054070720658,0.9253021305633207,292,0.1360229355155997,0.2061409568906703,0.052807183062202334,0.26711884854035045,0.2846084192537951,0.053301656737382165,0.4,0.2,True,True,3.0300000000000082,0
R20,1835087600,151,292,0.9898019614931405,0.9898198630680729,0.08692711959058556,0.9898019614931405,0.7979801408698622,0.256,0.7976077278834686,0.7183121475827166,0.9692065502156183,0.9291963972790098,294,0.1360229355155997,0.2061409568906703,0.052807183062202334,0.26711884854035045,0.2846084192537951,0.053301656737382165,0.4,0.2,True,True,3.0600000000000085,0
R20,1835087600,152,294,0.9912671809214494,0.9912952037992213,0.08337180670085564,0.9912671809214494,0.7744880671871051,0.256,0.797428869158541,0.7182783750448287,0.9692075790448155,0.9293601267932998,285,0.1360229355155997,0.2061409568906703,0.052807183062202334,0.26711884854035045,0.2846084192537951,0.053301656737382165,0.4,0.2,True,True,3.0900000000000087,0
R20,1835087600,153,285,0.9859320597513815,0.9859406760074104,0.09271657171288811,0.9859320597513815,0.7724800883064161,0.256,0.7997001705397296,0.7182462911338353,0.9692085049910929,0.9266782864669979,285,0.1360229355155997,0.2061409568906703,0.052807183062202334,0.26711884854035045,0.2846084192537951,0.053301656737382165,0.4,0.2,True,True,3.120000000000009,0
R20,1835087600,154,285,0.9899687025386945,0.9899946922032546,0.08396092790730085,0.9899687025386945,0.7758241667154258,0.256,0.7999203267609872,0.7182158114183915,0.9692093383427426,0.9263831330751509,285,0.1360229355155997,0.2061409568906703,0.052807183062202334,0.26711884854035045,0.2846084192537951,0.053301656737382165,0.4,0.2,True,True,3.1500000000000092,0
R20,1835087600,155,285,0.99277266123773,0.992833713471741,0.07718557285156474,0.99277266123773,0.7834107730623445,0.256,0.7998797806587069,0.7181868556887199,0.9692100883592274,0.9263920246433399,287,0.1360229355155997,0.2061409568906703,0.052807183062202334,0.26711884854035045,0.2846084192537951,0.053301656737382165,0.4,0.2,True,True,3.1800000000000095,0
R20,1835087600,156,287,0.9931316856430367,0.9931662966230477,0.08170604965898719,0.9931316856430367,0.7804115208799216,0.256,0.8049736667825564,0.7181593477455318,0.9692107633740636,0.9204939020715309,284,0.1360229355155997,0.2061409568906703,0.052807183062202334,0.26711884854035045,0.2846084192537951,0.053301656737382165,0.4,0.2,True,True,3.2100000000000097,0
R20,1835087600,157,284,0.9897362555771397,0.989753996427571,0.08699838003946371,0.9897362555771397,0.7791198203133803,0.256,0.8121464340391458,0.7181332151995032,0.9692113708874163,0.9123304534813417,282,0.1360229355155997,0.2061409568906703,0.052807183062202334,0.26711884854035045,0.2846084192537951,0.053301656737382165,0.4,0.2,True,True,3.24000000000001,0
R20,1835087600,158,282,0.988789019131695,0.9888204494145229,0.08243848618467134,0.988789019131695,0.7909512616837129,0.256,0.8109192437869903,0.718108389280776,0.9692119176494337,0.9136790100929834,287,0.1360229355155997,0.2061409568906703,0.052807183062202334,0.26711884854035045,0.2846084192537951,0.053301656737382165,0.4,0.2,True,True,3.2700000000000102,0
R20,1835087600,159,287,0.9923260948566263,0.992348758349446,0.0850699143506006,0.9923260948566263,0.804322640972034,0.256,0.8048884440085786,0.7180848046579852,0.9692124097352494,0.9204942467046539,293,0.1360229355155997,0.2061409568906703,0.052807183062202334,0.26711884854035045,0.2846084192537951,0.053301656737382165,0.4,0.2,True,True,3.3000000000000105,0
R20,1835087600,160,293,0.9913836669823128,0.9914231042584567,0.08065295386975882,0.9913836669823128,0.8058370760985595,0.256,0.8044497357415494,0.7180623992663339,0.9692128526124835,0.9209670826931244,294,0.1360229355155997,0.2061409568906703,0.052807183062202334,0.26711884854035045,0.2846084192537951,0.053301656737382165,0.4,0.2,True,True,3.3300000000000107,0
R20,1835087600,161,294,0.9893114427129337,0.9893327090965746,0.08555216641131455,0.9893114427129337,0.8128955741722331,0.256,0.8050052421287935,0.7180411141442652,0.9692132512019942,0.9203038956851085,297,0.1360229355155997,0.2061409568906703,0.052807183062202334,0.26711884854035045,0.2846084192537951,0.053301656737382165,0.4,0.2,True,True,3.360000000000011,0
R20,1835087600,162,297,0.9931740618026274,0.9931992682785826,0.08423021512161835,0.9931740618026274,0.8207243857592937,0.256,0.8096195751553937,0.7180208932782999,0.9692136099325538,0.9150326224030599,297,0.1360229355155997,0.2061409568906703,0.052807183062202334,0.26711884854035045,0.2846084192537951,0.053301656737382165,0.4,0.2,True,True,3.3900000000000112,0
R20,1835087600,163,297,0.9888244470479493,0.9888385130753103,0.08883860643214897,0.9888244470479493,0.8201498111622998,0.256,0.8153784331790818,0.7180016834556329,0.9692139327900574,0.9085453159865949,296,0.1360229355155997,0.2061409568906703,0.052807183062202334,0.26711884854035045,0.2846084192537951,0.053301656737382165,0.4,0.2,True,True,3.4200000000000115,0
R20,1835087600,164,296,0.9923300600735162,0.9923505343300045,0.08587856927498534,0.9923300600735162,0.7973225322301872,0.256,0.8203909466157373,0.7179834341240992,0.9692142233618107,0.9029709654708881,285,0.1360229355155997,0.2061409568906703,0.052807183062202334,0.26711884854035045,0.2846084192537951,0.053301656737382165,0.4,0.2,True,True,3.4500000000000117,0
R20,1835087600,165,285,0.990513787924986,0.9905242457617788,0.09121161751449632,0.990513787924986,0.7906978365114773,0.256,0.8266884870703542,0.7179660972591422,0.9692144848763887,0.8960704416382969,281,0.1360229355155997,0.2061409568906703,0.052807183062202334,0.26711884854035045,0.2846084192537951,0.053301656737382165,0.4,0.2,True,True,3.480000000000012,0
R20,1835087600,166,281,0.9876681648844906,0.9876785694816239,0.09122934344941624,0.9876681648844906,0.7947092295223781,0.256,0.824492841762532,0.717949627237433,0.9692147202395088,0.8984358712852818,284,0.1360229355155997,0.2061409568906703,0.052807183062202334,0.26711884854035045,0.2846084192537951,0.053301656737382165,0.4,0.2,True,True,3.510000000000012,0
R20,1835087600,167,284,0.9920618408026908,0.9920731110710391,0.09062850980154559,0.9920618408026908,0.8078281776564582,0.256,0.8199734605305123,0.7179339807168094,0.9692149320663169,0.9033678221527988,289,0.1360229355155997,0.2061409568906703,0.052807183062202334,0.26711884854035045,0.2846084192537951,0.053301656737382165,0.4,0.2,True,True,3.5400000000000125,0
R20,1835087600,168,289,0.9894169954185335,0.9894259679713989,0.09242212198951887,0.9894169954185335,0.7975582943306652,0.256,0.8202444843043859,0.7179191165222168,0.9692151227104443,0.9030504580187849,286,0.1360229355155997,0.2061409568906703,0.052807183062202334,0.26711884854035045,0.2846084192537951,0.053301656737382165,0.4,0.2,True,True,3.5700000000000127,0
R20,1835087600,169,286,0.9914887055189557,0.9914999572676283,0.09063700068695876,0.9914887055189557,0.8131058636388279,0.256,0.8145663008824446,0.717904995537354,0.9692152942901588,0.9093274001190882,293,0.1360229355155997,0.2061409568906703,0.052807183062202334,0.26711884854035045,0.2846084192537951,0.053301656737382165,0.4,0.2,True,True,3.600000000000013,0
R20,1835087600,170,293,0.9891702908163297,0.9891866639753643,0.0876324254408742,0.9891702908163297,0.8204505600027923,0.256,0.8155158683914476,0.7178915806017343,0.969215448711902,0.9082514838457965,296,0.1360229355155997,0.2061409568906703,0.052807183062202334,0.26711884854035045,0.2846084192537951,0.053301656737382165,0.4,0.2,True,True,3.630000000000013,0
R20,1835087600,171,296,0.9908070212510275,0.9908148364703698,0.09353255191292886,0.9908070212510275,0.8321158795326945,0.256,0.8120423023147999,0.7178788364128955,0.9692155876914709,0.9121202679611953,301,0.1360229355155997,0.2061409568906703,0.052807183062202334,0.26711884854035045,0.2846084192537951,0.053301656737382165,0.4,0.2,True,True,3.6600000000000135,0
R20,1835087600,172,301,0.9932916626188512,0.9933030339482776,0.0905673119175674,0.9932916626188512,0.8475458793698012,0.256,0.8089202875251357,0.7178667294334987,0.9692157127730828,0.9156250210254476,307,0.1360229355155997,0.2061409568906703,0.052807183062202334,0.26711884854035045,0.2846084192537951,0.053301656737382165,0.4,0.2,True,True,3.6900000000000137,0
R20,1835087600,173,307,0.9921530479611114,0.9921634522611533,0.09126563429179615,0.9921530479611114,0.8525893974246602,0.256,0.8067967513744541,0.7178552278030718,0.9692158253465336,0.9180201841901425,310,0.1360229355155997,0.2061409568906703,0.052807183062202334,0.26711884854035045,0.2846084192537951,0.053301656737382165,0.4,0.2,True,True,3.720000000000014,0
R20,1835087600,174,310,0.9899518572691073,0.9899739983216654,0.08523648671172707,0.9899518572691073,0.8572130242304329,0.256,0.8051957724799867,0.7178443012541662,0.9692159266626392,0.9198313957855612,313,0.1360229355155997,0.2061409568906703,0.052807183062202334,0.26711884854035045,0.2846084192537951,0.053301656737382165,0.4,0.2,True,True,3.750000000000014,0
R20,1835087600,175,313,0.9925099995457096,0.9925233977487126,0.08925540742784832,0.9925099995457096,0.8488020429549182,0.256,0.8081615427164754,0.7178339210327058,0.9692160178471343,0.9164424840060876,308,0.1360229355155997,0.2061409568906703,0.052807183062202334,0.26711884854035045,0.2846084192537951,0.053301656737382165,0.4,0.2,True,True,3.7800000000000145,0
R20,1835087600,176,308,0.9899106670479398,0.9899284652391414,0.08697409655327157,0.9899106670479398,0.8263490472785845,0.256,0.807205899418463,0.7178240598223186,0.9692160999131799,0.9175147692661849,301,0.1360229355155997,0.2061409568906703,0.052807183062202334,0.26711884854035045,0.2846084192537951,0.053301656737382165,0.4,0.2,True,True,3.8100000000000147,0
R20,1835087600,177,301,0.9907425038768343,0.9907569454463724,0.0886442999579142,0.9907425038768343,0.8305626778850408,0.256,0.8026513861485858,0.7178146916724506,0.9692161737726209,0.922708943383897,304,0.1360229355155997,0.2061409568906703,0.052807183062202334,0.26711884854035045,0.2846084192537951,0.053301656737382165,0.4,0.2,True,True,3.840000000000015,0
R20,1835087600,178,304,0.9900351779287824,0.9900619342014293,0.08373006920807194,0.9900351779287824,0.8328510748976965,0.256,0.8028070229418167,0.7178057919300761,0.9692162402461179,0.922518560560848,305,0.1360229355155997,0.2061409568906703,0.052807183062202334,0.26711884854035045,0.2846084192537951,0.053301656737382165,0.4,0.2,True,True,3.870000000000015,0
R20,1835087600,179,305,0.988896963223198,0.9889172581333704,0.08592101598979765,0.988896963223198,0.8249909240535361,0.256,0.8014101938757356,0.7177973371748203,0.9692163000722651,0.9241155351738292,303,0.1360229355155997,0.2061409568906703,0.052807183062202334,0.26711884854035045,0.2846084192537951,0.053301656737382165,0.4,0.2,True,True,3.9000000000000155,0
R20,1835087600,180,303,0.9894715181974942,0.9894848808392755,0.08925215657711738,0.9894715181974942,0.8191325281349089,0.256,0.8032187091228654,0.7177893051573273,0.9692163539157976,0.9220244418207568,300,0.1360229355155997,0.2061409568906703,0.052807183062202334,0.26711884854035045,0.2846084192537951,0.053301656737382165,0.4,0.2,True,True,3.9300000000000157,0
R20,1835087600,181,300,0.9879202891258252,0.9879318600070035,0.09038567467759626,0.9879202891258252,0.8283553602779953,0.256,0.8028418199134106,0.7177816747407089,0.9692164023749769,0.9224474283389952,304,0.1360229355155997,0.2061409568906703,0.052807183062202334,0.26711884854035045,0.2846084192537951,0.053301656737382165,0.4,0.2,True,True,3.960000000000016,0
R20,1835087600,182,304,0.9912261755323055,0.9912355750539745,0.09206661477420444,0.9912261755323055,0.8383656654296016,0.256,0.8019282233781854,0.7177744258449213,0.9692164459882382,0.9234889583602334,307,0.1360229355155997,0.2061409568906703,0.052807183062202334,0.26711884854035045,0.2846084192537951,0.053301656737382165,0.4,0.2,True,True,3.990000000000016,0
R20,1835087600,183,307,0.9905165542928431,0.9905267485768422,0.0914148142326043,0.9905165542928431,0.8421086814653813,0.256,0.803476148289405,0.7177675393939232,0.9692164852401735,0.9217009442016487,308,0.1360229355155997,0.2061409568906703,0.052807183062202334,0.26711884854035045,0.2846084192537951,0.053301656737382165,0.4,0.2,True,True,4.0200000000000164,0
R20,1835087600,184,308,0.9907517674130738,0.9907734995498432,0.0853912991637386,0.9907517674130738,0.8558043310887002,0.256,0.8033162022737798,0.717760997265475,0.9692165205669151,0.9218760253045343,313,0.1360229355155997,0.2061409568906703,0.052807183062202334,0.26711884854035045,0.2846084192537951,0.053301656737382165,0.4,0.2,True,True,4.050000000000017,0
R20,1835087600,185,313,0.9872961395498878,0.9873144352089158,0.08673361390313103,0.9872961395498878,0.8512771346970273,0.256,0.8070271113308499,0.7177547822434492,0.9692165523609826,0.9176290368759865,311,0.1360229355155997,0.2061409568906703,0.052807183062202334,0.26711884854035045,0.2846084192537951,0.053301656737382165,0.4,0.2,True,True,4.080000000000017,0
R20,1835087600,186,311,0.9898676148488281,0.98988747861507,0.0860997471886078,0.9898676148488281,0.8460715345407092,0.256,0.8078073376825363,0.7177488779725247,0.9692165809756433,0.9167351702534623,308,0.1360229355155997,0.2061409568906703,0.052807183062202334,0.26711884854035045,0.2846084192537951,0.053301656737382165,0.4,0.2,True,True,4.110000000000017,0
R20,1835087600,187,308,0.9922734299614183,0.9922800848875591,0.09482362366576114,0.9922734299614183,0.9009733278915204,0.256,0.80093736635109,0.7177432689151465,0.969216606728838,0.9245911371718764,330,0.1360229355155997,0.2061409568906703,0.052807183062202334,0.26711884854035045,0.2846084192537951,0.053301656737382165,0.4,0.2,True,True,4.140000000000017,0
R20,1835087600,188,330,0.9893174254221492,0.9893350780318085,0.08703470139347504,0.9893174254221492,0.9022777427949588,0.256,0.8044995059524856,0.7177379403106372,0.9692166299067132,0.9204904034405859,330,0.1360229355155997,0.2061409568906703,0.052807183062202334,0.26711884854035045,0.2846084192537951,0.053301656737382165,0.4,0.2,True,True,4.170000000000018,0
R20,1835087600,189,330,0.991232235569254,0.9912536802192363,0.08550115982677332,0.991232235569254,0.9195611546354928,0.256,0.8061179301687637,0.7177328781363533,0.9692166507668009,0.9186358573544875,335,0.1360229355155997,0.2061409568906703,0.052807183062202334,0.26711884854035045,0.2846084192537951,0.053301656737382165,0.4,0.2,True,True,4.200000000000018,0
R20,1835087600,190,335,0.9858755647806956,0.9858960185439559,0.08583459712792,0.9858755647806956,0.910797558876755,0.256,0.8076005585990911,0.7177280690707837,0.9692166695408798,0.916943223817415,333,0.1360229355155997,0.2061409568906703,0.052807183062202334,0.26711884854035045,0.2846084192537951,0.053301656737382165,0.4,0.2,True,True,4.230000000000018,0
R20,1835087600,191,333,0.9929998271008081,0.9930052406683688,0.09647278857833244,0.9929998271008081,0.9073838984336245,0.256,0.8109832728133275,0.7177235004584924,0.9692166864375509,0.9131127089265658,328,0.1360229355155997,0.2061409568906703,0.052807183062202334,0.26711884854035045,0.2846084192537951,0.053301656737382165,0.4,0.2,True,True,4.260000000000018,0
R20,1835087600,192,328,0.9946542351167502,0.9946670906176854,0.0896017208190439,0.9946542351167502,0.9101308291716971,0.256,0.8071685146714513,0.7177191602768158,0.9692167016445548,0.9174226075767714,330,0.1360229355155997,0.2061409568906703,0.052807183062202334,0.26711884854035045,0.2846084192537951,0.053301656737382165,0.4,0.2,True,True,4.290000000000019,0
R20,1835087600,193,330,0.9889406935331077,0.9889594761453725,0.086537772565334,0.9889406935331077,0.8977087720466599,0.256,0.8105812851418777,0.717715037104223,0.9692167153308583,0.9135547445666605,326,0.1360229355155997,0.2061409568906703,0.052807183062202334,0.26711884854035045,0.2846084192537951,0.053301656737382165,0.4,0.2,True,True,4.320000000000019,0
R20,1835087600,194,326,0.9905386174167465,0.9905524427060948,0.0889898063186706,0.9905386174167465,0.8900501907626692,0.256,0.8123412925029547,0.7177111200902598,0.9692167276485315,0.9115704629312309,322,0.1360229355155997,0.2061409568906703,0.052807183062202334,0.26711884854035045,0.2846084192537951,0.053301656737382165,0.4,0.2,True,True,4.350000000000019,0
R20,1835087600,195,322,0.9897991090870024,0.989813095296594,0.08889174602615513,0.9897991090870024,0.8959711763434518,0.256,0.8133089121996584,0.7177073989269949,0.9692167387344374,0.9104812072468258,324,0.1360229355155997,0.2061409568906703,0.052807183062202334,0.26711884854035045,0.2846084192537951,0.053301656737382165,0.4,0.2,True,True,4.380000000000019,0
R20,1835087600,196,324,0.9939500754875397,0.9939651837770375,0.08831077434570472,0.9939500754875397,0.8954263019835585,0.256,0.8169884923136492,0.7177038638218931,0.9692167487117527,0.9063760777594373,321,0.1360229355155997,0.2061409568906703,0.052807183062202334,0.26711884854035045,0.2846084192537951,0.053301656737382165,0.4,0.2,True,True,4.41000000000002,0
R20,1835087600,197,321,0.9890485304304238,0.9890559328287357,0.0939503937574516,0.9890485304304238,0.888924727635117,0.256,0.8125483954056835,0.7177005054720464,0.9692167576913364,0.9113246146936905,322,0.1360229355155997,0.2061409568906703,0.052807183062202334,0.26711884854035045,0.2846084192537951,0.053301656737382165,0.4,0.2,True,True,4.44000000000002,0
R20,1835087600,198,322,0.9915250357139787,0.9915415416328612,0.08758706976161461,0.9915250357139787,0.888638314616001,0.256,0.8153254924935769,0.7176973150396921,0.9692167657729618,0.9082164880683374,320,0.1360229355155997,0.2061409568906703,0.052807183062202334,0.26711884854035045,0.2846084192537951,0.053301656737382165,0.4,0.2,True,True,4.47000000000002,0
R20,1835087600,199,320,0.9909314887298246,0.9909386353299822,0.0942454660013459,0.9909314887298246,0.8897498793865779,0.256,0.8193983892147629,0.7176942841289555,0.9692167730464246,0.90369828942724,319,0.1360229355155997,0.2061409568906703,0.052807183062202334,0.26711884854035045,0.2846084192537951,0.053301656737382165,0.4,0.2,True,True,4.50000000000002,0
R20,1835087600,200,319,0.9907911078029875,0.9908002578894971,0.09227720815116595,0.9907911078029875,0.9020586221620245,0.256,0.8180330888951232,0.7176914047637557,0.9692167795925412,0.9052029275187066,324,0.1360229355155997,0.2061409568906703,0.052807183062202334,0.26711884854035045,0.2846084192537951,0.053301656737382165,0.4,0.2,True,True,4.530000000000021,0
R20,1835087600,201,324,0.9896378558533404,0.9896468881413484,0.09237108022438097,0.9896378558533404,0.9072732410453859,0.256,0.8136784806160282,0.7176886693668159,0.9692167854840461,0.910043878188385,328,0.1360229355155997,0.2061409568906703,0.052807183062202334,0.26711884854035045,0.2846084192537951,0.053301656737382165,0.4,0.2,True,True,4.560000000000021,0
R20,1835087600,202,328,0.9904973059188571,0.9905074390196313,0.09146257712593574,0.9904973059188571,0.9184740410969559,0.256,0.8130962263800791,0.717686070739723,0.9692167907864006,0.9106922537102535,332,0.1360229355155997,0.2061409568906703,0.052807183062202334,0.26711884854035045,0.2846084192537951,0.053301656737382165,0.4,0.2,True,True,4.590000000000021,0
R20,1835087600,203,332,0.9918115341990535,0.9918239787060272,0.08983757816922766,0.9918115341990535,0.9217558633620956,0.256,0.8149230530456223,0.7176836020439848,0.9692167955585195,0.9086476095728702,332,0.1360229355155997,0.2061409568906703,0.052807183062202334,0.26711884854035045,0.2846084192537951,0.053301656737382165,0.4,0.2,True,True,4.620000000000021,0
R20,1835087600,204,332,0.9914616694369244,0.9914701778299253,0.09286136746614822,0.9914616694369244,0.9149817899332664,0.256,0.8141265764942311,0.7176812567830336,0.9692167998534266,0.9095335817367575,330,0.1360229355155997,0.2061409568906703,0.052807183062202334,0.26711884854035045,0.2846084192537951,0.053301656737382165,0.4,0.2,True,True,4.650000000000022,0
R20,1835087600,205,330,0.9927536958422338,0.9927586091723689,0.09724259124582794,0.9927536958422338,0.9060378098093926,0.256,0.8175082505024585,0.7176790287851299,0.9692168037188429,0.9057684236660601,325,0.1360229355155997,0.2061409568906703,0.052807183062202334,0.26711884854035045,0.2846084192537951,0.053301656737382165,0.4,0.2,True,True,4.680000000000022,0
R20,1835087600,206,325,0.9913779152522043,0.991385117465209,0.09418734841150478,0.9913779152522043,0.913555861778114,0.256,0.8154023261271899,0.7176769121871214,0.9692168071977176,0.9081050534006253,329,0.1360229355155997,0.2061409568906703,0.052807183062202334,0.26711884854035045,0.2846084192537951,0.053301656737382165,0.4,0.2,True,True,4.710000000000022,0
R20,1835087600,207,329,0.9911620327817717,0.991172038615286,0.09156852444254551,0.9911620327817717,0.9056915506337518,0.256,0.8185128239801885,0.7176749014190132,0.9692168103287049,0.9046515511951384,325,0.1360229355155997,0.2061409568906703,0.052807183062202334,0.26711884854035045,0.2846084192537951,0.053301656737382165,0.4,0.2,True,True,4.740000000000022,0
R20,1835087600,208,325,0.9878344726574682,0.9878441051519292,0.09184444315662142,0.9878344726574682,0.9005401835894183,0.256,0.8191213650149773,0.7176729911893106,0.9692168131465935,0.9039770593947665,324,0.1360229355155997,0.2061409568906703,0.052807183062202334,0.26711884854035045,0.2846084192537951,0.053301656737382165,0.4,0.2,True,True,4.770000000000023,0
R20,1835087600,209,324,0.9902935408558214,0.9903141432099005,0.08581257049492355,0.9902935408558214,0.8981583850853334,0.256,0.8174513249324945,0.717671176471093,0.9692168156826931,0.9058215773299988,323,0.1360229355155997,0.2061409568906703,0.052807183062202334,0.26711884854035045,0.2846084192537951,0.053301656737382165,0.4,0.2,True,True,4.800000000000023,0
R20,1835087600,210,323,0.9895343975529428,0.9895410804846935,0.09476819326108958,0.9895343975529428,0.8894600480522117,0.256,0.8177528303955899,0.7176694524887863,0.9692168179651829,0.905485423635108,320,0.1360229355155997,0.2061409568906703,0.052807183062202334,0.26711884854035045,0.2846084192537951,0.053301656737382165,0.4,0.2,True,True,4.830000000000023,0
R20,1835087600,211,320,0.9934887984756047,0.9935072555150498,0.08671348112395277,0.9934887984756047,0.8759791945658069,0.256,0.817482835487301,0.717667814705595,0.9692168200194237,0.9057824146829229,314,0.1360229355155997,0.2061409568906703,0.052807183062202334,0.26711884854035045,0.2846084192537951,0.053301656737382165,0.4,0.2,True,True,4.860000000000023,0
R20,1835087600,212,314,0.9886735171334163,0.9886770795395142,0.09976908707934493,0.9886735171334163,0.881406419190511,0.256,0.813600186903641,0.7176662588115633,0.9692168218682403,0.9101029988506818,319,0.1360229355155997,0.2061409568906703,0.052807183062202334,0.26711884854035045,0.2846084192537951,0.053301656737382165,0.4,0.2,True,True,4.890000000000024,0
R20,1835087600,213,319,0.9868249776443766,0.9868407039148901,0.08793440149577339,0.9868249776443766,0.8698370635963284,0.256,0.8146414994929093,0.7176647807122332,0.9692168235321753,0.9089377893357045,315,0.1360229355155997,0.2061409568906703,0.052807183062202334,0.26711884854035045,0.2846084192537951,0.053301656737382165,0.4,0.2,True,True,4.920000000000024,0
R20,1835087600,214,315,0.9891402060802009,0.9891588956310101,0.08657891501160253,0.9891402060802009,0.8823052500987109,0.256,0.8140488791336522,0.7176633765178695,0.9692168250297168,0.9095977068371427,319,0.1360229355155997,0.2061409568906703,0.052807183062202334,0.26711884854035045,0.2846084192537951,0.053301656737382165,0.4,0.2,True,True,4.950000000000024,0
R20,1835087600,215,319,0.990203091589415,0.9902155178350452,0.08983634804490624,0.990203091589415,0.886069131354989,0.256,0.8140935516378989,0.717662042533224,0.9692168263775042,0.9095461017234845,320,0.1360229355155997,0.2061409568906703,0.052807183062202334,0.26711884854035045,0.2846084192537951,0.053301656737382165,0.4,0.2,True,True,4.980000000000024,0
R20,1835087600,216,320,0.9917478890407844,0.9917662589464014,0.08673718755369209,0.9917478890407844,0.8730557197432045,0.256,0.8110270229298995,0.7176607752478108,0.9692168275905128,0.9129835220450698,316,0.1360229355155997,0.2061409568906703,0.052807183062202334,0.26711884854035045,0.2846084192537951,0.053301656737382165,0.4,0.2,True,True,5.010000000000025,0
R20,1835087600,217,316,0.9896010438034849,0.9896324274277407,0.08245684557458063,0.9896010438034849,0.870995686234685,0.256,0.8057701925747993,0.7176595713266682,0.9692168286822205,0.9189382676336342,318,0.1360229355155997,0.2061409568906703,0.052807183062202334,0.26711884854035045,0.2846084192537951,0.053301656737382165,0.4,0.2,True,True,5.040000000000025,0
R20,1835087600,218,318,0.9933596764637465,0.9933945680969377,0.08164359272165908,0.9933596764637465,0.8709114773317859,0.256,0.8077250551162477,0.7176584276015828,0.9692168296647574,0.9167127841137984,316,0.1360229355155997,0.2061409568906703,0.052807183062202334,0.26711884854035045,0.2846084192537951,0.053301656737382165,0.4,0.2,True,True,5.070000000000025,0
R20,1835087600,219,316,0.9908427155587066,0.9908685971954193,0.08400110702036924,0.9908427155587066,0.8691637112047929,0.256,0.8056036209041996,0.7176573410627517,0.9692168305490407,0.9191254149518336,317,0.1360229355155997,0.2061409568906703,0.052807183062202334,0.26711884854035045,0.2846084192537951,0.053301656737382165,0.4,0.2,True,True,5.100000000000025,0
R20,1835087600,220,317,0.9889509095107809,0.9889661251114632,0.08821429986158397,0.9889509095107809,0.8443642123517519,0.256,0.8070283632647675,0.7176563088508621,0.9692168313448957,0.9175014540393591,308,0.1360229355155997,0.2061409568906703,0.052807183062202334,0.26711884854035045,0.2846084192537951,0.053301656737382165,0.4,0.2,True,True,5.130000000000026,0
R20,1835087600,221,308,0.989742044640819,0.9897742773389999,0.08224549088403899,0.989742044640819,0.8446835066052325,0.256,0.8040786659365359,0.7176553282495669,0.9692168320611652,0.9208659747125045,309,0.1360229355155997,0.2061409568906703,0.052807183062202334,0.26711884854035045,0.2846084192537951,0.053301656737382165,0.4,0.2,True,True,5.160000000000026,0
R20,1835087600,222,309,0.9884889489747841,0.9885057948206584,0.08740039490692082,0.9884889489747841,0.8418916978040669,0.256,0.7998495454777498,0.7176543966783365,0.9692168327058077,0.9257337545396537,310,0.1360229355155997,0.2061409568906703,0.052807183062202334,0.26711884854035045,0.2846084192537951,0.053301656737382165,0.4,0.2,True,True,5.190000000000026,0
R20,1835087600,223,310,0.987321435023773,0.9873513394802546,0.08282277878016132,0.987321435023773,0.8575603392239491,0.256,0.7976878597465277,0.7176535116856677,0.969216833285986,0.9282412916415668,317,0.1360229355155997,0.2061409568906703,0.052807183062202334,0.26711884854035045,0.2846084192537951,0.053301656737382165,0.4,0.2,True,True,5.220000000000026,0
R20,1835087600,224,317,0.9899328865988334,0.9899494697110245,0.08753713822821999,0.9899328865988334,0.856012850176653,0.256,0.8042976985751078,0.7176526709426323,0.9692168338081464,0.9206117868110429,313,0.1360229355155997,0.2061409568906703,0.052807183062202334,0.26711884854035045,0.2846084192537951,0.053301656737382165,0.4,0.2,True,True,5.250000000000027,0
R20,1835087600,225,313,0.9910663400408037,0.9910800533626605,0.0890587741506631,0.9910663400408037,0.8532425191865866,0.256,0.8059284529889439,0.7176518722367486,0.9692168342780908,0.9187479536609724,311,0.1360229355155997,0.2061409568906703,0.052807183062202334,0.26711884854035045,0.2846084192537951,0.053301656737382165,0.4,0.2,True,True,5.280000000000027,0
R20,1835087600,226,311,0.988343844816978,0.9883621977903684,0.08671715949878071,0.988343844816978,0.8292246372780921,0.256,0.8088067476194266,0.7176511134661592,0.9692168347010407,0.9154774437369482,302,0.1360229355155997,0.2061409568906703,0.052807183062202334,0.26711884854035045,0.2846084192537951,0.053301656737382165,0.4,0.2,True,True,5.310000000000027,0
R20,1835087600,227,302,0.9889028309532727,0.9889198067589685,0.08734255455913942,0.9889028309532727,0.8249998460575786,0.256,0.809593480628974,0.7176503926340992,0.9692168350816956,0.9145868976062665,300,0.1360229355155997,0.2061409568906703,0.052807183062202334,0.26711884854035045,0.2846084192537951,0.053301656737382165,0.4,0.2,True,True,5.340000000000027,0
R20,1835087600,228,300,0.9882964276168866,0.9883182297201789,0.0853459622836408,0.9882964276168866,0.8299900353068079,0.256,0.8069217992239605,0.7176497078436422,0.9692168354242852,0.9176141773355218,303,0.1360229355155997,0.2061409568906703,0.052807183062202334,0.26711884854035045,0.2846084192537951,0.053301656737382165,0.4,0.2,True,True,5.370000000000028,0
R20,1835087600,229,303,0.9867173462524367,0.9867414536872983,0.08453315477529032,0.9867173462524367,0.8129410694756939,0.256,0.8048943054064089,0.7176490572927081,0.9692168357326156,0.9199247734105681,298,0.1360229355155997,0.2061409568906703,0.052807183062202334,0.26711884854035045,0.2846084192537951,0.053301656737382165,0.4,0.2,True,True,5.400000000000028,0
R20,1835087600,230,298,0.9871693275598666,0.9871787738915361,0.09199442684218609,0.9871693275598666,0.8193608794288263,0.256,0.8027979733153949,0.7176484392693206,0.9692168360101131,0.9223261620831341,301,0.1360229355155997,0.2061409568906703,0.052807183062202334,0.26711884854035045,0.2846084192537951,0.053301656737382165,0.4,0.2,True,True,5.430000000000028,0
R20,1835087600,231,301,0.990058822619723,0.9900803519176706,0.0854603732876253,0.990058822619723,0.837922332768185,0.256,0.7999845459222863,0.7176478521471026,0.9692168362598608,0.9255690893902746,308,0.1360229355155997,0.2061409568906703,0.052807183062202334,0.26711884854035045,0.2846084192537951,0.053301656737382165,0.4,0.2,True,True,5.460000000000028,0
R20,1835087600,232,308,0.9899876792167268,0.9900207731807191,0.08203756983496827,0.9899876792167268,0.8179821301961435,0.256,0.7965205177331762,0.7176472943809954,0.9692168364846337,0.9295936207015111,302,0.1360229355155997,0.2061409568906703,0.052807183062202334,0.26711884854035045,0.2846084192537951,0.053301656737382165,0.4,0.2,True,True,5.490000000000029,0
R20,1835087600,233,302,0.9908589239030368,0.9908896740330446,0.08262927373897093,0.9908589239030368,0.8388889249762791,0.256,0.7950988886186456,0.7176467645031936,0.9692168366869294,0.9312550373039703,310,0.1360229355155997,0.2061409568906703,0.052807183062202334,0.26711884854035045,0.2846084192537951,0.053301656737382165,0.4,0.2,True,True,5.520000000000029,0
R20,1835087600,234,310,0.9890764052937923,0.9891251560702877,0.07894686957082957,0.9890764052937923,0.8571554682316059,0.256,0.7934017376798799,0.717646261119282,0.9692168368689955,0.9332464128894349,318,0.1360229355155997,0.2061409568906703,0.052807183062202334,0.26711884854035045,0.2846084192537951,0.053301656737382165,0.4,0.2,True,True,5.550000000000029,0
R20,1835087600,235,318,0.9918413126030546,0.9918707863256867,0.08297461965623619,0.9918413126030546,0.8713107853542511,0.256,0.7992298875199239,0.7176457829045658,0.969216837032855,0.926440369290024,320,0.1360229355155997,0.2061409568906703,0.052807183062202334,0.26711884854035045,0.2846084192537951,0.053301656737382165,0.4,0.2,True,True,5.580000000000029,0
R20,1835087600,236,320,0.988776794267429,0.9887981806484929,0.08550307531314467,0.988776794267429,0.867471961332987,0.256,0.8006774015157648,0.7176453286005855,0.9692168371803285,0.9247649076820785,319,0.1360229355155997,0.2061409568906703,0.052807183062202334,0.26711884854035045,0.2846084192537951,0.053301656737382165,0.4,0.2,True,True,5.61000000000003,0
R20,1835087600,237,319,0.9905397793477868,0.9905715269514722,0.08237260789089569,0.9905397793477868,0.8931342658675165,0.256,0.7954671050994314,0.7176448970118042,0.9692168373130546,0.9308215426525901,330,0.1360229355155997,0.2061409568906703,0.052807183062202334,0.26711884854035045,0.2846084192537951,0.053301656737382165,0.4,0.2,True,True,5.64000000000003,0
R20,1835087600,238,330,0.9896725224620107,0.9897445359586432,0.0758463691408768,0.9896725224620107,0.9014061205555554,0.256,0.7939151793773759,0.717644487002462,0.9692168374325082,0.9326405565842406,334,0.1360229355155997,0.2061409568906703,0.052807183062202334,0.26711884854035045,0.2846084192537951,0.053301656737382165,0.4,0.2,True,True,5.67000000000003,0
R20,1835087600,239,334,0.986343654569062,0.986382458478212,0.08074125696778198,0.986343654569062,0.9065363459406613,0.256,0.7939970396330186,0.7176440974935868,0.9692168375400164,0.9325438960770874,337,0.1360229355155997,0.2061409568906703,0.052807183062202334,0.26711884854035045,0.2846084192537951,0.053301656737382165,0.4,0.2,True,True,5.70000000000003,0
R20,1835087600,240,337,0.9914528519136128,0.9914786709276469,0.08402528987051222,0.9914528519136128,0.9017813668594397,0.256,0.7952011499764953,0.7176437274601555,0.9692168376367738,0.9311313382469385,333,0.1360229355155997,0.2061409568906703,0.052807183062202334,0.26711884854035045,0.2846084192537951,0.053301656737382165,0.4,0.2,True,True,5.730000000000031,0
R20,1835087600,241,333,0.9899506615318878,0.990007864160232,0.0776813234634492,0.9899506615318878,0.893330298239724,0.256,0.7985366807524369,0.7176433759283957,0.9692168377238555,0.9272414981515813,329,0.1360229355155997,0.2061409568906703,0.052807183062202334,0.26711884854035045,0.2846084192537951,0.053301656737382165,0.4,0.2,True,True,5.760000000000031,0
R20,1835087600,242,329,0.9927143514353035,0.9927483680073625,0.08184059292281312,0.9927143514353035,0.9002990001331764,0.256,0.8000939457868629,0.7176430419732238,0.969216837802229,0.9254363284050844,330,0.1360229355155997,0.2061409568906703,0.052807183062202334,0.26711884854035045,0.2846084192537951,0.053301656737382165,0.4,0.2,True,True,5.790000000000031,0
R20,1835087600,243,330,0.9874180694803586,0.9874274992319975,0.09201041583116368,0.9874180694803586,0.8732485351447719,0.256,0.8020924189063265,0.7176427247158106,0.9692168378727651,0.9231301265633024,321,0.1360229355155997,0.2061409568906703,0.052807183062202334,0.26711884854035045,0.2846084192537951,0.053301656737382165,0.4,0.2,True,True,5.820000000000031,0
R20,1835087600,244,321,0.9893273980281022,0.989354286349386,0.08368518944057296,0.9893273980281022,0.8762465790996162,0.256,0.8007985135432913,0.717642423321268,0.9692168379362477,0.9246213031648489,322,0.1360229355155997,0.2061409568906703,0.052807183062202334,0.26711884854035045,0.2846084192537951,0.053301656737382165,0.4,0.2,True,True,5.850000000000032,0
R20,1835087600,245,322,0.9932953873361084,0.9933162501525277,0.08573666141198688,0.9932953873361084,0.8751145296861925,0.256,0.7990509049211766,0.7176421369964526,0.969216837993382,0.9266431777278658,321,0.1360229355155997,0.2061409568906703,0.052807183062202334,0.26711884854035045,0.2846084192537951,0.053301656737382165,0.4,0.2,True,True,5.880000000000032,0
R20,1835087600,246,321,0.9909120390165238,0.9909478345752387,0.08142036989506192,0.9909120390165238,0.878420633801628,0.256,0.7965546594409253,0.717641864987878,0.9692168380448029,0.9295467426367041,324,0.1360229355155997,0.2061409568906703,0.052807183062202334,0.26711884854035045,0.2846084192537951,0.053301656737382165,0.4,0.2,True,True,5.910000000000032,0
R20,1835087600,247,324,0.9927664013991031,0.9928080788866369,0.08022427461637921,0.9927664013991031,0.8825916523385493,0.256,0.7939414385577281,0.7176416065797321,0.9692168380910816,0.932605966139904,326,0.1360229355155997,0.2061409568906703,0.052807183062202334,0.26711884854035045,0.2846084192537951,0.053301656737382165,0.4,0.2,True,True,5.940000000000032,0
R20,1835087600,248,326,0.9931616676007636,0.9932004015247217,0.08081045770695361,0.9931616676007636,0.8818317968927527,0.256,0.7929424695842806,0.7176413610919935,0.9692168381327325,0.9337805672539725,326,0.1360229355155997,0.2061409568906703,0.052807183062202334,0.26711884854035045,0.2846084192537951,0.053301656737382165,0.4,0.2,True,True,5.970000000000033,0
R20,1835087600,249,326,0.9902271413370849,0.9902487729701305,0.0854239803066859,0.9902271413370849,0.8815457784080771,0.256,0.790186881366596,0.7176411278786418,0.9692168381702183,0.9370365996440979,328,0.1360229355155997,0.2061409568906703,0.052807183062202334,0.26711884854035045,0.2846084192537951,0.053301656737382165,0.4,0.2,True,True,6.000000000000033,0
R20,1835087600,250,328,0.9895556186550657,0.9895853810834034,0.08287866500793539,0.9895556186550657,0.8755568406936923,0.256,0.7950471317159457,0.7176409063259577,0.9692168382039555,0.9313080574052176,324,0.1360229355155997,0.2061409568906703,0.052807183062202334,0.26711884854035045,0.2846084192537951,0.053301656737382165,0.4,0.2,True,True,6.030000000000033,0
R20,1835087600,251,324,0.9897072901132019,0.9897217127260344,0.08864643384596811,0.9897072901132019,0.8934582098167191,0.256,0.7988503923922369,0.7176406958509077,0.969216838234319,0.9268739048666553,329,0.1360229355155997,0.2061409568906703,0.052807183062202334,0.26711884854035045,0.2846084192537951,0.053301656737382165,0.4,0.2,True,True,6.060000000000033,0
R20,1835087600,252,329,0.9918835079926586,0.9919054226933133,0.08533379764936423,0.9918835079926586,0.8985835123372512,0.256,0.7992411457013046,0.7176404958996103,0.9692168382616462,0.9264204930645182,330,0.1360229355155997,0.2061409568906703,0.052807183062202334,0.26711884854035045,0.2846084192537951,0.053301656737382165,0.4,0.2,True,True,6.090000000000034,0
R20,1835087600,253,330,0.9950418381428472,0.995077504467848,0.08148226421763813,0.9950418381428472,0.9152188833106372,0.256,0.7969635614834939,0.7176403059458778,0.9692168382862406,0.9290677968942156,336,0.1360229355155997,0.2061409568906703,0.052807183062202334,0.26711884854035045,0.2846084192537951,0.053301656737382165,0.4,0.2,True,True,6.120000000000034,0
R20,1835087600,254,336,0.9919895826382252,0.9920144297301561,0.08433502192201525,0.9919895826382252,0.9366546152915979,0.256,0.7991129059959663,0.7176401254898319,0.9692168383083756,0.9265686844904737,344,0.1360229355155997,0.2061409568906703,0.052807183062202334,0.26711884854035045,0.2846084192537951,0.053301656737382165,0.4,0.2,True,True,6.150000000000034,0
R20,1835087600,255,344,0.9906474411487047,0.9906575665549113,0.09146983029057879,0.9906474411487047,0.9311618277972408,0.256,0.8048620492745161,0.7176399540565883,0.9692168383282971,0.9199499688699707,340,0.1360229355155997,0.2061409568906703,0.052807183062202334,0.26711884854035045,0.2846084192537951,0.053301656737382165,0.4,0.2,True,True,6.180000000000034,0
R20,1835087600,256,340,0.992333304904642,0.9923392062809865,0.09578067407173092,0.992333304904642,0.9296345841316308,0.256,0.806923619272511,0.7176397911950069,0.9692168383462264,0.9175994250786124,338,0.1360229355155997,0.2061409568906703,0.052807183062202334,0.26711884854035045,0.2846084192537951,0.053301656737382165,0.4,0.2,True,True,6.210000000000035,0
R20,1835087600,257,338,0.98882011072505,0.9888343589888384,0.08873610631551374,0.98882011072505,0.9218387258254027,0.256,0.8101909136992261,0.7176396364765045,0.9692168383623628,0.9138987823268325,335,0.1360229355155997,0.2061409568906703,0.052807183062202334,0.26711884854035045,0.2846084192537951,0.053301656737382165,0.4,0.2,True,True,6.240000000000035,0
R20,1835087600,258,335,0.9922742376192206,0.9922860278257646,0.09027120990132419,0.9922742376192206,0.9133267789345425,0.256,0.809582455424664,0.7176394894939273,0.9692168383768855,0.9145854543397065,331,0.1360229355155997,0.2061409568906703,0.052807183062202334,0.26711884854035045,0.2846084192537951,0.053301656737382165,0.4,0.2,True,True,6.270000000000035,0
R20,1835087600,259,331,0.990764827707924,0.9907729677743339,0.09320803903226002,0.990764827707924,0.9130686355835856,0.256,0.8130431495422876,0.717639349860479,0.969216838389956,0.9106923711964667,330,0.1360229355155997,0.2061409568906703,0.052807183062202334,0.26711884854035045,0.2846084192537951,0.053301656737382165,0.4,0.2,True,True,6.300000000000035,0
R20,1835087600,260,330,0.9916862189271228,0.9916983740425869,0.09002386432918802,0.9916862189271228,0.9186275158146165,0.256,0.8123101109321467,0.7176392172087029,0.9692168384017195,0.911514022665737,332,0.1360229355155997,0.2061409568906703,0.052807183062202334,0.26711884854035045,0.2846084192537951,0.053301656737382165,0.4,0.2,True,True,6.330000000000036,0
R20,1835087600,261,332,0.990278773403097,0.9902935741935845,0.08844499900038305,0.990278773403097,0.9161330752497778,0.256,0.8186533475318089,0.7176390911895157,0.9692168384123065,0.9044511075052916,329,0.1360229355155997,0.2061409568906703,0.052807183062202334,0.26711884854035045,0.2846084192537951,0.053301656737382165,0.4,0.2,True,True,6.360000000000036,0
R20,1835087600,262,329,0.9904669791320401,0.9904766662578108,0.09182060965737639,0.9904669791320401,0.9190188029102881,0.256,0.8210761125712519,0.717638971471288,0.9692168384218349,0.901782175822274,329,0.1360229355155997,0.2061409568906703,0.052807183062202334,0.26711884854035045,0.2846084192537951,0.053301656737382165,0.4,0.2,True,True,6.390000000000036,0
R20,1835087600,263,329,0.9916425014800914,0.9916518089801706,0.09214826995984048,0.9916425014800914,0.9107757032857984,0.256,0.8177179666973985,0.7176388577389715,0.9692168384304105,0.9054854070891354,327,0.1360229355155997,0.2061409568906703,0.052807183062202334,0.26711884854035045,0.2846084192537951,0.053301656737382165,0.4,0.2,True,True,6.420000000000036,0
R20,1835087600,264,327,0.9923759213213947,0.9923849359670652,0.09240863612760004,0.9923759213213947,0.91499239845451,0.256,0.8208968121331534,0.7176387496932709,0.9692168384381284,0.9019788644955428,327,0.1360229355155997,0.2061409568906703,0.052807183062202334,0.26711884854035045,0.2846084192537951,0.053301656737382165,0.4,0.2,True,True,6.450000000000037,0
R20,1835087600,265,327,0.9905061083913619,0.9905137672943085,0.0936909603415249,0.9905061083913619,0.9051899068102888,0.256,0.8262696273451737,0.7176386470498554,0.9692168384450747,0.8961136220704774,322,0.1360229355155997,0.2061409568906703,0.052807183062202334,0.26711884854035045,0.2846084192537951,0.053301656737382165,0.4,0.2,True,True,6.480000000000037,0
R20,1835087600,266,322,0.9924319628838538,0.9924410389443399,0.09235503976502778,0.9924319628838538,0.9021838889563878,0.256,0.8270647683698854,0.7176385495386106,0.9692168384513262,0.8952519757472064,320,0.1360229355155997,0.2061409568906703,0.052807183062202334,0.26711884854035045,0.2846084192537951,0.053301656737382165,0.4,0.2,True,True,6.510000000000037,0
R20,1835087600,267,320,0.9884034669296496,0.98840924192422,0.09592140915261523,0.9884034669296496,0.8870734122776825,0.256,0.8268627946933234,0.717638456902928,0.9692168384569526,0.8954705389138903,316,0.1360229355155997,0.2061409568906703,0.052807183062202334,0.26711884854035045,0.2846084192537951,0.053301656737382165,0.4,0.2,True,True,6.540000000000037,0
R20,1835087600,268,316,0.9825379567473796,0.9825440572528474,0.09543754839484891,0.9825379567473796,0.8910354793274016,0.256,0.8199456629337158,0.7176383688990297,0.9692168384620163,0.9030246942459715,322,0.1360229355155997,0.2061409568906703,0.052807183062202334,0.26711884854035045,0.2846084192537951,0.053301656737382165,0.4,0.2,True,True,6.570000000000038,0
R20,1835087600,269,322,0.9881175310074469,0.9881249448745482,0.09393057422100395,0.9881175310074469,0.8927348489900196,0.256,0.821976195212347,0.7176382852953261,0.9692168384665737,0.9007938424728196,320,0.1360229355155997,0.2061409568906703,0.052807183062202334,0.26711884854035045,0.2846084192537951,0.053301656737382165,0.4,0.2,True,True,6.600000000000038,0
R20,1835087600,270,320,0.9912671651936477,0.9912762465991595,0.09234100539897118,0.9912671651936477,0.8899736616613085,0.256,0.8219675947865812,0.7176382058718078,0.9692168384706753,0.9008031679759294,318,0.1360229355155997,0.2061409568906703,0.052807183062202334,0.26711884854035045,0.2846084192537951,0.053301656737382165,0.4,0.2,True,True,6.630000000000038,0
R20,1835087600,271,318,0.9906380696545675,0.9906518212064106,0.08903317375261297,0.9906380696545675,0.8753645486675858,0.256,0.8192938994520862,0.7176381304194654,0.9692168384743668,0.9037427667908753,314,0.1360229355155997,0.2061409568906703,0.052807183062202334,0.26711884854035045,0.2846084192537951,0.053301656737382165,0.4,0.2,True,True,6.660000000000038,0
R20,1835087600,272,314,0.9882951200873783,0.9883060088127762,0.09087237324102797,0.9882951200873783,0.8673434434270857,0.256,0.8163108770385376,0.7176380587397402,0.9692168384776891,0.907045198555997,313,0.1360229355155997,0.2061409568906703,0.052807183062202334,0.26711884854035045,0.2846084192537951,0.053301656737382165,0.4,0.2,True,True,6.690000000000039,0
R20,1835087600,273,313,0.9926097865995566,0.9926192221782538,0.0920472415238125,0.9926097865995566,0.8576169756068388,0.256,0.8114254693894613,0.7176379906440011,0.9692168384806792,0.9125062241922948,310,0.1360229355155997,0.2061409568906703,0.052807183062202334,0.26711884854035045,0.2846084192537951,0.053301656737382165,0.4,0.2,True,True,6.720000000000039,0
R20,1835087600,274,310,0.9905786671045219,0.9905879944921373,0.09212273572656628,0.9905786671045219,0.8652621462149969,0.256,0.81247489125538,0.7176379259530491,0.9692168384833703,0.9113275160963156,313,0.1360229355155997,0.2061409568906703,0.052807183062202334,0.26711884854035045,0.2846084192537951,0.053301656737382165,0.4,0.2,True,True,6.750000000000039,0
R20,1835087600,275,313,0.9900670289007004,0.9900836941238206,0.08749890055432434,0.9900670289007004,0.8582975399926007,0.256,0.8089361903069544,0.7176378644966446,0.9692168384857922,0.9153140507253937,312,0.1360229355155997,0.2061409568906703,0.052807183062202334,0.26711884854035045,0.2846084192537951,0.053301656737382165,0.4,0.2,True,True,6.780000000000039,0
R20,1835087600,276,312,0.9889209901491864,0.9889287074797292,0.09361771741195063,0.9889209901491864,0.862185046580652,0.256,0.8083600984739349,0.7176378061130603,0.969216838487972,0.9159662906252896,314,0.1360229355155997,0.2061409568906703,0.052807183062202334,0.26711884854035045,0.2846084192537951,0.053301656737382165,0.4,0.2,True,True,6.81000000000004,0
R20,1835087600,277,314,0.9913961514984392,0.99140152863823,0.09651366678054087,0.9913961514984392,0.8864113192168853,0.256,0.8059000833108079,0.7176377506486552,0.9692168384899338,0.9187622125801475,323,0.1360229355155997,0.2061409568906703,0.052807183062202334,0.26711884854035045,0.2846084192537951,0.053301656737382165,0.4,0.2,True,True,6.84000000000004,0
R20,1835087600,278,323,0.9929842731598173,0.9930103541032658,0.0839572307699159,0.9929842731598173,0.9014010256126578,0.256,0.8032957514797437,0.7176376979574705,0.9692168384916995,0.9217408257558585,329,0.1360229355155997,0.2061409568906703,0.052807183062202334,0.26711884854035045,0.2846084192537951,0.053301656737382165,0.4,0.2,True,True,6.87000000000004,0
R20,1835087600,279,329,0.9883142609140353,0.9883411139857735,0.08368747575048152,0.9883142609140353,0.907518109140119,0.256,0.8028080617580626,0.7176376479008449,0.9692168384932885,0.9223007004014988,333,0.1360229355155997,0.2061409568906703,0.052807183062202334,0.26711884854035045,0.2846084192537951,0.053301656737382165,0.4,0.2,True,True,6.90000000000004,0
R20,1835087600,280,333,0.9887263001149686,0.988734670839305,0.09296922499798159,0.9887263001149686,0.914322505878497,0.256,0.798894023024012,0.7176376003470507,0.9692168384947187,0.9268192867177575,337,0.1360229355155997,0.2061409568906703,0.052807183062202334,0.26711884854035045,0.2846084192537951,0.053301656737382165,0.4,0.2,True,True,6.930000000000041,0
R20,1835087600,281,337,0.9918247899013984,0.9918400898815077,0.0881933771948036,0.9918247899013984,0.925092086072322,0.256,0.7986690710630135,0.7176375551709462,0.9692168384960059,0.927080274918842,340,0.1360229355155997,0.2061409568906703,0.052807183062202334,0.26711884854035045,0.2846084192537951,0.053301656737382165,0.4,0.2,True,True,6.960000000000041,0
R20,1835087600,282,340,0.990385550382612,0.9903963548662592,0.09095101505955891,0.990385550382612,0.9261367706200018,0.256,0.8054710476037296,0.7176375122536468,0.9692168384971643,0.9192512876679735,338,0.1360229355155997,0.2061409568906703,0.052807183062202334,0.26711884854035045,0.2846084192537951,0.053301656737382165,0.4,0.2,True,True,6.990000000000041,0
R20,1835087600,283,338,0.9932890722870599,0.9933082023267805,0.08642680384399926,0.9932890722870599,0.9106053806577706,0.256,0.8087912461842173,0.7176374714822125,0.969216838498207,0.9154775835113163,330,0.1360229355155997,0.2061409568906703,0.052807183062202334,0.26711884854035045,0.2846084192537951,0.053301656737382165,0.4,0.2,True,True,7.020000000000041,0
R20,1835087600,284,330,0.9894888976247275,0.9894949628453208,0.09553983701196217,0.9894888976247275,0.9038010894607514,0.256,0.8082801022487086,0.7176374327493498,0.9692168384991453,0.9160564680463128,329,0.1360229355155997,0.2061409568906703,0.052807183062202334,0.26711884854035045,0.2846084192537951,0.053301656737382165,0.4,0.2,True,True,7.050000000000042,0
R20,1835087600,285,329,0.9913143099799103,0.9913232848346132,0.09243532972907818,0.9913143099799103,0.8911746655428183,0.256,0.8128145286226688,0.7176373959531303,0.9692168384999897,0.9109460419552229,322,0.1360229355155997,0.2061409568906703,0.052807183062202334,0.26711884854035045,0.2846084192537951,0.053301656737382165,0.4,0.2,True,True,7.080000000000042,0
R20,1835087600,286,322,0.9904921099703133,0.9905174326841871,0.08417206930746494,0.9904921099703133,0.8851602494453444,0.256,0.8105162827159299,0.7176373609967217,0.9692168385007498,0.913529015289125,321,0.1360229355155997,0.2061409568906703,0.052807183062202334,0.26711884854035045,0.2846084192537951,0.053301656737382165,0.4,0.2,True,True,7.110000000000042,0
R20,1835087600,287,321,0.9913389686513343,0.9913491554265679,0.09142728580251297,0.9913389686513343,0.872397690690116,0.256,0.8107765157002845,0.7176373277881336,0.9692168385014338,0.9132357598220722,316,0.1360229355155997,0.2061409568906703,0.052807183062202334,0.26711884854035045,0.2846084192537951,0.053301656737382165,0.4,0.2,True,True,7.140000000000042,0
R20,1835087600,288,316,0.992162341421173,0.9921764327975847,0.08885109886763767,0.992162341421173,0.9038591702526487,0.256,0.8086118833118346,0.7176372962399749,0.9692168385020494,0.9156804272752382,328,0.1360229355155997,0.2061409568906703,0.052807183062202334,0.26711884854035045,0.2846084192537951,0.053301656737382165,0.4,0.2,True,True,7.170000000000043,0
R20,1835087600,289,328,0.9937186655320221,0.9937262666493883,0.09377702080657258,0.9937186655320221,0.9087626237741031,0.256,0.8092581147096537,0.7176372662692241,0.9692168385026035,0.9149491743476641,329,0.1360229355155997,0.2061409568906703,0.052807183062202334,0.26711884854035045,0.2846084192537951,0.053301656737382165,0.4,0.2,True,True,7.200000000000043,0
R20,1835087600,290,329,0.9922359325765047,0.9922556840999288,0.0861638751276523,0.9922359325765047,0.9098935982759845,0.256,0.8090170752407179,0.7176372377970108,0.9692168385031023,0.9152217390350363,330,0.1360229355155997,0.2061409568906703,0.052807183062202334,0.26711884854035045,0.2846084192537951,0.053301656737382165,0.4,0.2,True,True,7.230000000000043,0
R20,1835087600,291,330,0.9909000865595536,0.9909185715277704,0.08668067737239257,0.9909000865595536,0.8893621646149602,0.256,0.8089883102563585,0.7176372107484082,0.969216838503551,0.9152542468360058,323,0.1360229355155997,0.2061409568906703,0.052807183062202334,0.26711884854035045,0.2846084192537951,0.053301656737382165,0.4,0.2,True,True,7.260000000000043,0
R20,1835087600,292,323,0.991805713874835,0.9918111693371013,0.09640184640249501,0.991805713874835,0.8770840129634122,0.256,0.8121781986599508,0.7176371850522358,0.9692168385039549,0.9116594871813493,317,0.1360229355155997,0.2061409568906703,0.052807183062202334,0.26711884854035045,0.2846084192537951,0.053301656737382165,0.4,0.2,True,True,7.290000000000044,0
R20,1835087600,293,317,0.991253527119222,0.9912631562083251,0.09187476100359838,0.991253527119222,0.8582184779895334,0.256,0.8078942864753034,0.717637160640872,0.9692168385043184,0.9164935899393437,312,0.1360229355155997,0.2061409568906703,0.052807183062202334,0.26711884854035045,0.2846084192537951,0.053301656737382165,0.4,0.2,True,True,7.320000000000044,0
R20,1835087600,294,312,0.987841761354631,0.9878525632979533,0.09093241541327739,0.987841761354631,0.8637208327340372,0.256,0.8030133768437343,0.7176371374500764,0.9692168385046456,0.9220642299707507,317,0.1360229355155997,0.2061409568906703,0.052807183062202334,0.26711884854035045,0.2846084192537951,0.053301656737382165,0.4,0.2,True,True,7.350000000000044,0
R20,1835087600,295,317,0.9901107932819372,0.9901204126826094,0.09187359237528597,0.9901107932819372,0.8631031188534194,0.256,0.8056833341652176,0.7176371154188206,0.96921683850494,0.9190085693054453,315,0.1360229355155997,0.2061409568906703,0.052807183062202334,0.26711884854035045,0.2846084192537951,0.053301656737382165,0.4,0.2,True,True,7.380000000000044,0
R20,1835087600,296,315,0.9887958507591179,0.9888054577539408,0.09187328625917607,0.9887958507591179,0.8812193551397931,0.256,0.8032873453175913,0.7176370944891275,0.969216838505205,0.9217496963767523,323,0.1360229355155997,0.2061409568906703,0.052807183062202334,0.26711884854035045,0.2846084192537951,0.053301656737382165,0.4,0.2,True,True,7.4100000000000446,0
R20,1835087600,297,323,0.9891594039525508,0.9891764417373269,0.08731561051072652,0.9891594039525508,0.8935561300390381,0.256,0.8042737034844801,0.7176370746059191,0.9692168385054435,0.9206192405980691,327,0.1360229355155997,0.2061409568906703,0.052807183062202334,0.26711884854035045,0.2846084192537951,0.053301656737382165,0.4,0.2,True,True,7.440000000000045,0
R20,1835087600,298,327,0.9899391511171277,0.9899656764677236,0.08379829347176748,0.9899391511171277,0.8871047638146025,0.256,0.8052254258071879,0.7176370557168711,0.9692168385056582,0.9195311063401902,324,0.1360229355155997,0.2061409568906703,0.052807183062202334,0.26711884854035045,0.2846084192537951,0.053301656737382165,0.4,0.2,True,True,7.470000000000045,0
R20,1835087600,299,324,0.9925460033907874,0.9925708538091034,0.08433841992436378,0.9925460033907874,0.8795509672554984,0.256,0.8112960013168468,0.7176370377722755,0.9692168385058514,0.9126506317413549,318,0.1360229355155997,0.2061409568906703,0.052807183062202334,0.26711884854035045,0.2846084192537951,0.053301656737382165,0.4,0.2,True,True,7.500000000000045,0
