arm,seed,step,novelty_vector_count,h_n_latest,h_n_shape_latest,V,H_N,total_suppression,avg_wb,theta_capability,transfer_state,g,population,x_compute,x_bio_welfare,x_novelty_agency,x_institutional_capacity,x_transfer_comprehension,x_resilience,c_protective,c_suppressive,adapter_active,action_modified,adapter_score,shape_fallback_increase
R20,1835086203,0,200,0.9869130502976563,0.9869250263050608,0.09010362359872026,0.9869130502976563,0.05600000000000001,0.6541767940925409,0.5123585032347299,0.55,1.4240201171679836,199,0.15448129043412356,0.17109943649504267,0.02186662858730536,0.19037145981880554,0.3972946938224873,0.0648864908422356,0.4,0.0,False,False,0.0,2
R20,1835086203,1,199,0.9716249312627697,0.9830764352303041,0.03544275760519016,0.9716249312627697,0.42400000000000004,0.671481988425516,0.5184433394841489,0.5949451741816373,1.2977468561072663,204,0.08378451763944454,0.24053533242429284,0.061572875204393474,0.2667090860340344,0.29972587090818625,0.047672317789648484,0.8,0.2,False,False,0.0,0
R20,1835086203,2,204,0.9856272533708403,0.9856362378058023,0.09238104019576272,0.9856272533708403,0.126,0.6864738629083975,0.5425211725099415,0.6354506567634736,1.243686305994225,205,0.318661826705769,0.2174747345878887,0.002642160856266474,0.13961859888312544,0.31705357917879834,0.004549099788152089,0.6,0.0,False,False,0.0,0
R20,1835086203,3,205,0.9596755437730325,0.987554354116206,0.028396489854827622,0.9596755437730325,0.526,0.6915664892306753,0.557708758545743,0.6687876776281142,1.2058277147652252,202,0.21642055826623244,0.15135851929646543,0.015460178540704188,0.28299883047407826,0.28441043270494015,0.049351480717579534,0.6,0.4,False,False,0.0,0
R20,1835086203,4,202,0.9890293408323342,0.9890551312406469,0.08401463280492179,0.9890293408323342,0.126,0.7060659491899877,0.5711040141600301,0.6786981777763579,1.1917722310325831,203,0.20350866926967873,0.17454842945747648,0.034254060800049994,0.32727618445337225,0.18394633955527578,0.0764663164641468,0.6,0.0,False,False,0.0,0
R20,1835086203,5,203,0.9802058058428648,0.9812612640442766,0.05440602797092939,0.9802058058428648,0.35,0.7160916164537791,0.5797984175915105,0.6955925563179187,1.164001421107279,207,0.15312005174352464,0.22008373540492537,0.044726117526833656,0.24532742011862718,0.22382098159598318,0.1129216936101059,1.0,0.0,False,False,0.0,0
R20,1835086203,6,207,0.9801259355256455,0.9830752132768112,0.046241073081526016,0.9801259355256455,0.41400000000000003,0.726280765770505,0.5791564111704511,0.7066239304489992,1.128503692259512,211,0.04184893073145145,0.25386409713979813,0.16900022693649047,0.2937685513683807,0.20295314881436152,0.03856504500951773,0.2,0.4,False,False,0.0,0
R20,1835086203,7,211,0.980977079382094,0.9868217924074013,0.040826842229773536,0.980977079382094,0.456,0.7289911112020238,0.5795149750874325,0.7359615374040993,1.0801580636125654,222,0.05395480594379955,0.1892587672066277,0.05072476242831817,0.29283482990653514,0.3212917339935822,0.0919351005211373,0.4,0.4,False,False,0.0,0
R20,1835086203,8,222,0.9854152850908622,0.9854153228787027,0.13593090790404944,0.9854152850908622,0.014000000000000002,0.7359030967836696,0.5756430014659846,0.7623653836636893,1.0260521392554744,226,0.0012971891615453908,0.4287051627535288,8.015553568627498e-09,0.21608519698546852,0.3531246419682961,0.0007878011156077104,0.2,0.0,False,False,0.0,0
R20,1835086203,9,226,0.9539699603862476,0.9853848906566813,0.027428420780012494,0.9539699603862476,0.55,0.744763646266951,0.5945545591024209,0.7763323781094869,1.0283135173424325,227,0.2836713463716951,0.2057164328088687,0.0476390397048771,0.15832548298254645,0.2510176640608325,0.05363003407118019,1.0,0.2,False,False,0.0,0
R20,1835086203,10,227,0.9850881681983016,0.9850882460023221,0.13017945358840988,0.9850881681983016,0.0,0.7528059681574801,0.6113415871004634,0.7629053301749602,1.0644621842638182,227,0.2689344494145435,0.18272615618967225,0.04732405153196948,0.3595659251312192,0.12103094938211023,0.02041846835048523,0.0,0.0,False,False,0.0,0
R20,1835086203,11,227,0.985965692797935,0.9859875891741523,0.08529282336690082,0.985965692797935,0.22400000000000003,0.7573824412385679,0.6168834415744995,0.7797675662680726,1.044534318563605,228,0.1388616728632413,0.16255795003462026,0.1557746688505121,0.25269279054997756,0.26576384555304244,0.024349072148606512,0.8,0.0,False,False,0.0,0
R20,1835086203,12,228,0.9857715179465066,0.9861428447093507,0.06276100462841687,0.9857715179465066,0.326,0.7526604246132025,0.631592829816184,0.8017908096412654,1.0465910968106926,228,0.25691950400511915,0.1531065335555105,0.03354316623535454,0.25073807082097704,0.3028705136446673,0.002822211738371543,0.6,0.2,False,False,0.0,0
R20,1835086203,13,228,0.9844951265258545,0.9847525809189647,0.06566507124065317,0.9844951265258545,0.326,0.7550997562162848,0.6376846199432871,0.8179311605490167,1.032487633752992,232,0.15839289522390287,0.1895288121055771,0.0439272406469655,0.23550546745264897,0.28159715935938934,0.09104842521151628,0.6,0.2,False,False,0.0,0
R20,1835086203,14,232,0.9861227715164516,0.986122798994364,0.13847273946846209,0.9861227715164516,0.0,0.7470313909648518,0.6365635043525064,0.836138044494115,1.0191190032514235,230,0.07203894257979618,0.14447434950342528,0.010816553507362301,0.2681550163094731,0.37523365597585057,0.12928148212409263,0.0,0.0,False,False,0.0,0
R20,1835086203,15,230,0.9871342851430124,0.987136533882576,0.10341883651627737,0.9871342851430124,0.126,0.7507641932193354,0.641505232518131,0.8425715885605721,1.0141211521027953,230,0.14712379229062303,0.17075101547155896,0.10759252059284455,0.2938463351527763,0.25023674257934336,0.0304495939128538,0.6,0.0,False,False,0.0,0
R20,1835086203,16,230,0.9861599257066618,0.9861867560204223,0.08367685468992292,0.9861599257066618,0.22400000000000003,0.7543393946348821,0.6438548831113351,0.8501366367361255,1.0039971323109413,227,0.11781140273888359,0.2389627101558244,0.07548581531995105,0.23353096210927227,0.2591110351580528,0.07509807451801585,0.8,0.0,False,False,0.0,0
R20,1835086203,17,227,0.9884184611490322,0.9884423103332608,0.08463259607206303,0.9884184611490322,0.21400000000000002,0.7629482951154685,0.6522405583499996,0.8644422717751781,0.9889553818199566,228,0.19473024242789097,0.2155090469987429,0.05296215583199134,0.17727026242877558,0.2965964935633256,0.06293179874927335,0.2,0.2,False,False,0.0,0
R20,1835086203,18,228,0.9887451309441415,0.9887654921261251,0.08589384348873001,0.9887451309441415,0.2,0.7646566185062702,0.6596766673156321,0.8726045318313723,0.9886605551371013,228,0.18810171103915613,0.16296265450527914,0.05476427897947658,0.277256922508341,0.2730324361685603,0.043881996799186834,0.0,0.2,False,False,0.0,0
R20,1835086203,19,228,0.9848853726224565,0.9848988889691688,0.08912413919627729,0.9848853726224565,0.21400000000000002,0.768660940382102,0.6648527869219149,0.8853440786482351,0.9769640740637303,229,0.16449941215080463,0.16781689030831204,0.13379644264735638,0.15275481762614335,0.30310851173631487,0.07802392553106885,0.2,0.2,False,False,0.0,0
R20,1835086203,20,229,0.9835799854950251,0.9835862923312501,0.09518121535780652,0.9835799854950251,0.21400000000000002,0.7668005796845372,0.6707674409496833,0.894315431397936,0.978135039262732,233,0.176966167173302,0.21258017213942157,0.0737458748331416,0.2241441960506019,0.2875288030726222,0.025034786730910842,0.2,0.2,False,False,0.0,0
R20,1835086203,21,233,0.9795355877557231,0.981176213882281,0.050894125321307424,0.9795355877557231,0.41400000000000003,0.7694879457599476,0.6724319391137714,0.8820908088104426,0.9906795897018136,234,0.12753587764465357,0.1759628446909932,0.08642372335163209,0.3741000796686717,0.18603460276150083,0.049942871882548666,0.2,0.4,False,False,0.0,0
R20,1835086203,22,234,0.9885470791777067,0.9885470870952003,0.14839706782077855,0.9885470791777067,0.0,0.7712301412132339,0.673178132706339,0.8938817279293982,0.976485830823182,234,0.11709738185320126,0.16469246060267506,0.0728431827647003,0.19572816890445313,0.3293929804907049,0.12024582538426536,0.0,0.0,False,False,0.0,0
R20,1835086203,23,234,0.9866106490689569,0.9868215351344831,0.0672700083131648,0.9866106490689569,0.326,0.7728634986916543,0.673577076246813,0.9036757768228689,0.9644325525558194,238,0.11322312719738677,0.18103964311565096,0.12145277280541582,0.22278664736829612,0.2959111084320527,0.06558670108119777,0.6,0.2,False,False,0.0,0
R20,1835086203,24,238,0.9829660041714736,0.9829709390570133,0.09712887745371923,0.9829660041714736,0.2,0.7678424022757573,0.6714323484277634,0.913308199140582,0.9574427460729957,244,0.08167657491613896,0.19307593901125447,0.039599391960594636,0.21930718998726204,0.30150794785101037,0.16483295627373956,0.0,0.2,False,False,0.0,0
R20,1835086203,25,244,0.9842654727719822,0.9859607733214193,0.050671899235577376,0.9842654727719822,0.4,0.7656939734905975,0.6673590407991261,0.9219773792265238,0.9453313347376398,251,0.056228872409384976,0.16772513050505655,0.0992587973769309,0.24423869332862386,0.33148370049857284,0.10106480588143074,0.0,0.4,False,False,0.0,0
R20,1835086203,26,251,0.9899970327413934,0.9899970460160222,0.14429512804583575,0.9899970327413934,0.014000000000000002,0.7728719360173658,0.6624200288366994,0.9270196876593522,0.9245639588175061,251,0.042861750969119226,0.366437610125612,0.029398308717858628,0.2315976988881726,0.28620023177740406,0.043504399521833444,0.2,0.0,False,False,0.0,0
R20,1835086203,27,251,0.9824973938761288,0.9840708204867495,0.05125048159275378,0.9824973938761288,0.42400000000000004,0.7707734649895286,0.6558516857025382,0.934317718893417,0.9107187940706855,258,0.019408228845921957,0.21165381807172165,0.038784516912063305,0.2713992766205289,0.30587955278853085,0.1528746067612334,0.8,0.2,False,False,0.0,0
R20,1835086203,28,258,0.9804409066719143,0.9818720828855951,0.05198696630720159,0.9804409066719143,0.42400000000000004,0.778771590831034,0.6629694205807919,0.9232281157643801,0.9220922562937856,253,0.18637898954225846,0.2345944514540724,0.11783971131721371,0.1929603514215924,0.21171084380152438,0.056515652463338506,0.8,0.2,False,False,0.0,0
R20,1835086203,29,253,0.9872598256672347,0.987260194960589,0.11779997826519721,0.9872598256672347,0.126,0.7862385139529062,0.6591477088079233,0.9309053041879422,0.9005813064686005,243,0.05408449070213677,0.16783638227350184,0.14174554015092597,0.2245458355698825,0.3289767770042243,0.08281097429932864,0.6,0.0,False,False,0.0,0
R20,1835086203,30,243,0.988116211340374,0.9881290538039561,0.08955730258219857,0.988116211340374,0.22400000000000003,0.7948012994035997,0.6677622440462541,0.9222225341609334,0.9110192665295497,241,0.20714900848408746,0.20892287758490174,0.010212786655353662,0.2682916630815002,0.222038801958927,0.08338486223522998,0.8,0.0,False,False,0.0,0
R20,1835086203,31,241,0.9865014880454486,0.9865143952862263,0.0895042351526692,0.9865014880454486,0.22400000000000003,0.7966541690389319,0.6756784181721803,0.93000028074484,0.9119838223794545,243,0.20380357910298735,0.2289013079484894,0.04414383015594013,0.15282618867381317,0.30200840016008934,0.06831669395868069,0.8,0.0,False,False,0.0,0
R20,1835086203,32,243,0.990589989813038,0.9905900216048024,0.13734794171023246,0.990589989813038,0.05600000000000001,0.7937990994071168,0.6792973947579369,0.9323586350139572,0.917838666817072,250,0.1550362186795703,0.193205554637261,0.045932571403902424,0.22116232969266508,0.27679191171800643,0.10787141386859479,0.4,0.0,False,False,0.0,0
R20,1835086203,33,250,0.9872090057471229,0.987217362157829,0.09297062319876895,0.9872090057471229,0.22400000000000003,0.7936134978373246,0.6777123206398796,0.9391227715125615,0.9093141809648772,256,0.09224744524799365,0.19207164440206012,0.017451865394587863,0.16271722133117278,0.3450965344619534,0.19041528916223216,0.8,0.0,False,False,0.0,0
R20,1835086203,34,256,0.9729768019864485,0.9906996686282106,0.03202780521275333,0.9729768019864485,0.526,0.7972020564771414,0.6725967407093405,0.9452104943613053,0.8926019130663329,257,0.04712545126818572,0.30987054156541116,0.01558752863445012,0.303487530224777,0.32389007747780724,3.887082936870228e-05,0.6,0.4,False,False,0.0,0
R20,1835086203,35,257,0.9877699893671645,0.987769994068348,0.15254008018659485,0.9877699893671645,0.014000000000000002,0.8012337617986558,0.6840156602683652,0.9354986976341297,0.9125645977057876,256,0.2506094574311465,0.17385951593383214,0.03701535933265646,0.2875589070773269,0.22404626354477455,0.026910496680263445,0.2,0.0,False,False,0.0,0
R20,1835086203,36,256,0.9844596492576984,0.9851345246997324,0.05799714876366714,0.9844596492576984,0.4,0.8004252672247648,0.6852837190911725,0.9377208955526763,0.9130110435891234,253,0.13086052295281927,0.23558840801826056,0.02730318364444311,0.2934083177380318,0.2788603384097976,0.03397922923664767,0.0,0.4,False,False,0.0,0
R20,1835086203,37,253,0.983617563681432,0.9842834330997523,0.05809720891993328,0.983617563681432,0.4,0.7996279891017202,0.6939610586851429,0.9152991528505208,0.9481652910953778,254,0.2242690693566126,0.172739441562506,0.03348601867275088,0.34426676830501163,0.1567517342655602,0.06848696783755863,0.0,0.4,False,False,0.0,0
R20,1835086203,38,254,0.9693315243686079,0.988645176370708,0.03132706047499137,0.9693315243686079,0.55,0.7994699960219295,0.6914089830410964,0.9230547446939121,0.936926212363142,255,0.08932471612763294,0.1616854378733632,0.12007527021804741,0.25920002872205794,0.29642753564221724,0.07328701141668124,1.0,0.2,False,False,0.0,0
R20,1835086203,39,255,0.9887489099224724,0.9888570018760806,0.07260641273751033,0.9887489099224724,0.326,0.8011465287553335,0.7068385338890416,0.9024557390303771,0.9776476281821737,254,0.35093549611924696,0.26536989270671224,0.004056272558081425,0.17967107621813866,0.15853234402928087,0.04143491836853989,0.6,0.2,False,False,0.0,0
R20,1835086203,40,254,0.986384853484709,0.988732028002122,0.0481044131992314,0.986384853484709,0.456,0.8010001737438875,0.7085592265529547,0.9046845611284378,0.9777917494219037,259,0.15078274197956437,0.17862477024889417,0.039629335664595915,0.1803154425138792,0.2623719800054915,0.18827572958757485,0.4,0.4,False,False,0.0,0
R20,1835086203,41,259,0.9879024683231225,0.9879047305247587,0.10337751779946175,0.9879024683231225,0.2,0.7983078082080437,0.703714676773498,0.9135851413701293,0.9648886641091714,264,0.069792644352388,0.22878325007578623,0.07106712034250418,0.28215812388430606,0.29684518177267627,0.0513536795723394,0.0,0.2,False,False,0.0,0
R20,1835086203,42,264,0.9871390834185233,0.9886444797277231,0.05163922403040625,0.9871390834185233,0.41400000000000003,0.8014502345719302,0.7125752259929692,0.895269244191575,0.9931171774776858,258,0.2380785382268265,0.1629862514519112,0.08985347206337589,0.31029172707475716,0.16521308479229369,0.03357692639083551,0.2,0.4,False,False,0.0,0
R20,1835086203,43,258,0.9872037076079924,0.9876688577140834,0.060980085395810485,0.9872037076079924,0.4,0.7973045396669327,0.7221611376015928,0.885292115985717,1.023112239363775,264,0.2526834113534017,0.1958946372600329,0.02756394955464283,0.32033044787791376,0.19774898106649724,0.005778572887511644,0.0,0.4,False,False,0.0,0
R20,1835086203,44,264,0.9890840885366377,0.9890993366016277,0.08819840631207689,0.9890840885366377,0.256,0.7969193677065057,0.7205231589082549,0.8904137992620568,1.015410572013381,267,0.11837597733427097,0.31851616830909946,0.0609002320955134,0.1994681813994918,0.26825447437455724,0.034484966487067205,0.4,0.2,False,False,0.0,0
R20,1835086203,45,267,0.9879074120886806,0.9879074177181731,0.15110674180792893,0.9879074120886806,0.0,0.7962459760955467,0.7161638520655779,0.9013724193358511,0.9978399342294093,265,0.0833356387841965,0.20092566609025653,0.13792185610102056,0.24354690367018886,0.3040537346054302,0.03021620074890721,0.0,0.0,False,False,0.0,0
R20,1835086203,46,265,0.9877971338933909,0.9880683327392039,0.06527782732744952,0.9877971338933909,0.35,0.793584397659834,0.7101531810364592,0.9050664980503874,0.9887316277189377,274,0.05996901967700323,0.2584080051180925,0.03781266596423567,0.3122477735889809,0.269156603240607,0.06240593241108072,1.0,0.0,False,False,0.0,0
R20,1835086203,47,274,0.9343229754997259,0.9903826016039404,0.022858751947993933,0.9343229754997259,0.6,0.7939542170842616,0.7074608294063404,0.9145598482453486,0.9743047242652054,280,0.09769134277130144,0.17399133089313054,0.1079487142345573,0.2765325528723282,0.3088360426797216,0.035000016548960844,0.0,0.6,False,False,0.0,0
R20,1835086203,48,280,0.9864254423107152,0.9864257667558789,0.11882387664586411,0.9864254423107152,0.126,0.7930454106923226,0.7103145201707235,0.9231038634208137,0.9702911444569654,283,0.16533415293375175,0.18410770704350338,0.06298330748503102,0.1822076488822976,0.3125986930340446,0.09276849062137177,0.6,0.0,False,False,0.0,0
R20,1835086203,49,283,0.9891742371486395,0.9891826070900773,0.09297357493892495,0.9891742371486395,0.21400000000000002,0.7939764258571265,0.7122721118309664,0.9307934770787324,0.9637957378041756,284,0.15591647085973803,0.16734506987661354,0.07455392016124715,0.17056409617126123,0.3461405054634021,0.08547993746773802,0.2,0.2,False,False,0.0,0
R20,1835086203,50,284,0.9875931007919502,0.9924197071541657,0.04239537924928401,0.9875931007919502,0.456,0.7923123399119704,0.7266585062394181,0.8808971997306395,1.0411389937824373,285,0.31982697553217637,0.17428156976501066,0.029967574471461776,0.42221568825819344,0.015915351798901686,0.037792840174256014,0.4,0.4,True,True,0.03,0
R20,1835086203,51,285,0.9907219625617135,0.9908523105419635,0.07113213044895002,0.9907219625617135,0.326,0.7841670670400744,0.7403255809274472,0.8328074797575755,1.1336253262346347,291,0.48662125787739235,0.1553982607099683,0.04136063917782523,0.237931680285097,0.0,0.07868816194971713,0.6,0.2,True,True,0.06,0
R20,1835086203,52,291,0.989256820552724,0.9892657689566675,0.09244228586028981,0.989256820552724,0.21400000000000002,0.7910696034167056,0.7533093018810748,0.789526731781818,1.2061235408336966,281,0.37019838370724106,0.18484679118898864,0.08635883627822535,0.2453846094919121,0.0,0.11321137933363276,0.2,0.2,True,True,0.09000000000000001,0
R20,1835086203,53,281,0.9838329736571756,0.9838456929661752,0.08959942469851187,0.9838329736571756,0.22400000000000003,0.7933736554561386,0.7656438367870211,0.7505740586036362,1.285746839315588,278,0.45882816114768343,0.24445424106255703,0.03444274303664344,0.17831462135887444,0.0,0.08396023339424181,0.8,0.0,True,True,0.12000000000000001,0
R20,1835086203,54,278,0.9881943876344634,0.9909322730619673,0.046896465761589866,0.9881943876344634,0.456,0.7975656846635413,0.768366281873718,0.7662223936538163,1.257323398716475,279,0.20005796157559935,0.19623745144584404,0.0021693201254972976,0.34739031481173654,0.25352870455271853,0.0006162474886042896,0.4,0.4,True,True,0.15000000000000002,0
R20,1835086203,55,279,0.990201340311582,0.9902065296440857,0.09678705896385154,0.990201340311582,0.2,0.7919434062544146,0.7799479677800322,0.7673549512691364,1.2834388575689262,274,0.34111861016050965,0.14633655379330832,0.06896786162312997,0.23768023510389025,0.1887739849035089,0.017122754415653082,0.0,0.2,True,True,0.18000000000000005,0
R20,1835086203,56,274,0.9864563402124863,0.9922932277455766,0.04088151987261612,0.9864563402124863,0.456,0.7937518402078634,0.7878117600851432,0.7461914750685554,1.3301096099356058,277,0.2732648836764074,0.17001834625252937,0.021840743347681525,0.43195126650130233,0.07786009463166337,0.025064665590415765,0.4,0.4,True,True,0.21000000000000008,0
R20,1835086203,57,277,0.9908398340976778,0.9908402225918524,0.1174253199615808,0.9908398340976778,0.126,0.790283455461385,0.798421172080886,0.715640302757067,1.4117388421754578,287,0.43389470129840124,0.20482791646443677,0.10139480984012264,0.22018870876008925,0.020339875976835564,0.01935398766011453,0.6,0.0,True,True,0.2400000000000001,0
R20,1835086203,58,287,0.9847121198721295,0.9889266635529723,0.04344671686901885,0.9847121198721295,0.456,0.7939859962077322,0.8085001134768417,0.6988114392747586,1.4571599860100841,289,0.36561889902761624,0.1692963161225843,0.03961927826485863,0.32264170445193385,0.0736758339669914,0.029147968166015514,0.4,0.4,True,True,0.27000000000000013,0
R20,1835086203,59,289,0.9892765634473902,0.9907394718601453,0.051883968374142206,0.9892765634473902,0.41400000000000003,0.794489941983122,0.8180751078029996,0.6803979941414943,1.5133582551331057,292,0.36954245867878305,0.20524971769158282,0.11792012544434413,0.20742522439114802,0.0573384939710575,0.04252397982308452,0.2,0.4,True,True,0.30000000000000016,0
R20,1835086203,60,292,0.9875165720869786,0.9875165802945894,0.14810230505060057,0.9875165720869786,0.014000000000000002,0.7942940939460169,0.8263713135566356,0.6732836632771413,1.5452395764365425,293,0.30249951429732413,0.21278276048866743,0.02489964585248335,0.3456309563064996,0.10462734274898194,0.009559780306043694,0.2,0.0,True,True,0.3300000000000002,0
R20,1835086203,61,293,0.988925740312628,0.9891608878551345,0.06642204257529835,0.988925740312628,0.326,0.7948995766008335,0.8277648673871758,0.6765730169423466,1.5391468252631257,296,0.22140149385464983,0.20656970421620793,0.09038661828838962,0.3070344943803996,0.15308859996459714,0.021519089295756008,0.6,0.2,True,True,0.3600000000000002,0
R20,1835086203,62,296,0.9871057360169246,0.9882336630322994,0.05393378825260012,0.9871057360169246,0.4,0.798092543169538,0.8312223783272745,0.6829334293696205,1.5250553353395673,293,0.24807192886821894,0.20175739633405385,0.04278921177174933,0.26869901308871597,0.17008857060754276,0.06859387932971929,0.0,0.4,True,True,0.39000000000000024,0
R20,1835086203,63,293,0.9891067448198734,0.989113484670672,0.09469724335736047,0.9891067448198734,0.21400000000000002,0.8014364000022288,0.8350885928969429,0.6935375845375894,1.502427368864673,288,0.2553416685754012,0.1854439072051366,0.001584854130973569,0.2590417420761419,0.19448749052465453,0.10410033748769226,0.2,0.2,True,True,0.42000000000000026,0
R20,1835086203,64,288,0.9416479506961726,0.987662921589587,0.024408572262505385,0.9416479506961726,0.614,0.8018006229487291,0.8414378326070062,0.6833044479113558,1.5358238154112425,289,0.2887958669363807,0.2589382105968984,0.020916071004553657,0.28180857781415336,0.09560310913762654,0.05393816451038734,0.2,0.6,True,True,0.45000000000000023,0
R20,1835086203,65,289,0.9908152830693531,0.9909562275019589,0.0705108211136697,0.9908152830693531,0.326,0.8045983467807907,0.8410586245681116,0.6732767398685532,1.5525783357979965,285,0.2086585448931962,0.22244345182722283,0.09835405025980065,0.3724230756944469,0.09151368374166502,0.006607193583668507,0.6,0.2,True,True,0.48000000000000026,0
R20,1835086203,66,285,0.9906717847997799,0.9906717905465869,0.15096480746771515,0.9906717847997799,0.014000000000000002,0.7995976999205217,0.8460386152058113,0.6690023280542726,1.5815794757341863,287,0.27541152332631474,0.1545760843527486,0.0667794783295732,0.22847967952664408,0.1152663108628736,0.15948692360184583,0.2,0.0,True,True,0.5100000000000002,0
R20,1835086203,67,287,0.9911814106780411,0.9911814139417164,0.15547263540541642,0.9911814106780411,0.0,0.795379168087706,0.8537366844455206,0.6584515366484323,1.630143796046686,281,0.3133979139744177,0.14428971224753487,0.02721507462717919,0.2793973505482506,0.08174720699793475,0.15395274160468286,0.0,0.0,True,True,0.5400000000000001,0
R20,1835086203,68,281,0.9842778567057303,0.9866543107642948,0.047988985582397475,0.9842778567057303,0.456,0.7964753096966092,0.8552374883801488,0.6466735602496786,1.660463399359966,279,0.23984547696130276,0.19130769678868953,0.07934705424015319,0.36213923628901246,0.07033588633044774,0.057024649390394345,0.4,0.4,True,True,0.5700000000000001,0
R20,1835086203,69,279,0.984344685692269,0.9843447478560515,0.13195984784775075,0.984344685692269,0.05600000000000001,0.797700091097257,0.8569132655100707,0.6411087964960078,1.675581237244109,276,0.24297064436161706,0.1803802841322752,0.0608961136431349,0.36931584134161943,0.09551296135648552,0.0509241551648679,0.4,0.0,True,True,0.6,0
R20,1835086203,70,276,0.9877308887222609,0.9883714627566268,0.058438485861899564,0.9877308887222609,0.4,0.7988112216404106,0.8589723219699805,0.6566642728388257,1.6375388968145774,272,0.24880899669266696,0.22819232287207428,0.003791868189210122,0.2887512598905428,0.19833177996209297,0.032123772393412874,0.0,0.4,True,True,0.6299999999999999,0
R20,1835086203,71,272,0.991632446861224,0.9916324532255364,0.15016010316546832,0.991632446861224,0.014000000000000002,0.7999926193201407,0.8660237058714815,0.6414024056884733,1.6877698151526692,269,0.34929056231369476,0.1605786634677167,0.05104513122755268,0.33237870105668726,0.05202280066765112,0.054684141266697316,0.2,0.0,True,True,0.6599999999999998,0
R20,1835086203,72,269,0.9849667614383241,0.9859461839982739,0.055039093664632874,0.9849667614383241,0.41400000000000003,0.8020742535610533,0.8714395791835665,0.6308964215543483,1.7221248794795732,268,0.29646323257073864,0.18451815860527127,0.03586785412422962,0.3212899036274441,0.068171282173612,0.0936895688987043,0.2,0.4,True,True,0.6899999999999997,0
R20,1835086203,73,268,0.9767023875761244,0.9877606741850274,0.03575872933891563,0.9767023875761244,0.526,0.8076347153674857,0.8764162232540597,0.6382599059557974,1.7001915988568275,266,0.2943577878708939,0.16684626035441052,0.08649288418502514,0.28419979204348256,0.15226563278441932,0.015837642761768515,0.6,0.4,True,True,0.7199999999999996,0
R20,1835086203,74,266,0.9868708966890485,0.9868730832157814,0.10364003607742231,0.9868708966890485,0.2,0.813233533170004,0.8769769026998575,0.6419259139386312,1.6799175572378622,263,0.24226863260626064,0.20168790584488094,0.12690737429722962,0.27161616113938936,0.13745999289206753,0.020059933220172053,0.0,0.2,True,True,0.7499999999999996,0
R20,1835086203,75,263,0.9849123472082139,0.9849135785609383,0.10819489791367178,0.9849123472082139,0.2,0.8136179789491058,0.874458966871433,0.6272008617550756,1.7136110429791713,258,0.20413636633210397,0.2417506115435271,0.18399989884434134,0.2552685180750273,0.04733769605153777,0.06750690915346236,0.0,0.2,True,True,0.7799999999999995,0
R20,1835086203,76,258,0.9830232748637974,0.9830232753634626,0.1703452886129762,0.9830232748637974,0.0,0.8135788588973798,0.8766444200959875,0.6261756958793684,1.7207889594746797,262,0.2613550196015769,0.1797507110193717,0.192184101639179,0.2230387219241977,0.10847460149900147,0.03519684431667327,0.0,0.0,True,True,0.8099999999999994,0
R20,1835086203,77,262,0.984881532666211,0.9856687824518445,0.05677547409549326,0.984881532666211,0.4,0.8088190392878563,0.8828121990911881,0.6351375628550724,1.7184985171951113,263,0.3233828932685226,0.26613313759669893,0.03787441510620518,0.12798967942688438,0.15789718281820406,0.08672269178348505,0.0,0.4,True,True,0.8399999999999993,0
R20,1835086203,78,263,0.9886095038775123,0.9886142588920533,0.0974700016341287,0.9886095038775123,0.2,0.8052356790114237,0.8884773384039271,0.6356658887167937,1.73577903503431,264,0.3100718658412285,0.23683443954077038,0.05021921403816791,0.2470695698437301,0.12021041073614297,0.03559449999996017,0.0,0.2,True,True,0.8699999999999992,0
R20,1835086203,79,264,0.9895182592187025,0.9907663815621998,0.0531481347999067,0.9895182592187025,0.42400000000000004,0.8050041185227187,0.8883254502351394,0.6158812077460633,1.7917485003052795,273,0.24089973439260953,0.24262745011012443,0.16539980882897665,0.2508479862726932,0.018909539504744582,0.08131548089085168,0.8,0.2,True,True,0.8999999999999991,0
R20,1835086203,80,273,0.9535514899585315,0.9901992678986309,0.026240812265920538,0.9535514899585315,0.6,0.8035798422620043,0.8939091777233824,0.6140564579793193,1.8115739168113916,275,0.34118962862896485,0.19546737198265166,0.024789515181473883,0.25051444918687893,0.09881685503931181,0.08922217998071898,0.0,0.6,True,True,0.929999999999999,0
R20,1835086203,81,275,0.9887276001645893,0.9896355813830696,0.05567171650239766,0.9887276001645893,0.4,0.801546016940698,0.8966802062904163,0.6179373520285519,1.810358874129408,277,0.28083109316503746,0.35087764096624235,0.05366623877751193,0.13345429811729068,0.126432699235823,0.05473802973809457,0.0,0.4,True,True,0.9599999999999991,0
R20,1835086203,82,277,0.9927455679728964,0.9929347881641146,0.06818209302047272,0.9927455679728964,0.326,0.8029020488749902,0.8989088081603114,0.6283555420443123,1.7817534973757383,283,0.2757826523051979,0.17189320422753795,0.19396762757965438,0.18999926453314803,0.1610596260930781,0.007297625261383748,0.6,0.2,True,True,0.9899999999999991,0
R20,1835086203,83,283,0.9893526759040241,0.9895901421052509,0.06634739075304164,0.9893526759040241,0.35,0.8071616515577885,0.8954438078241324,0.6306962727362041,1.7589664375509628,278,0.20600550089795633,0.2419979053059029,0.03994584973101973,0.281268256506924,0.1258814244816151,0.10490106307658183,1.0,0.0,True,True,1.0199999999999991,0
R20,1835086203,84,278,0.9784225764705043,0.9900976866799205,0.03534547407754846,0.9784225764705043,0.526,0.7981178321300919,0.8919470389747389,0.6326001837619191,1.7666183619688538,288,0.2034427692726649,0.18222200196151098,0.2145232426979991,0.264222456432832,0.12486769149667704,0.010721838138316031,0.6,0.4,True,True,1.0499999999999992,0
R20,1835086203,85,288,0.9809603277395915,0.9919685410282032,0.03582869336554477,0.9809603277395915,0.526,0.7994146841505807,0.8883663167943325,0.6515905659316419,1.7054742805096508,284,0.20020787210413188,0.2284326142694431,0.0005527175504233125,0.3595428448447899,0.21125200272957362,1.1948501638240202e-05,0.6,0.4,True,True,1.0799999999999992,0
R20,1835086203,86,284,0.9925917935655943,0.9925917979811986,0.15307769734210416,0.9925917935655943,0.014000000000000002,0.7958562893873888,0.8939480009546159,0.6662871524219427,1.6858392685010537,289,0.3246428067574612,0.2168347101948155,0.05437952152957146,0.16333294665087095,0.19927821541732507,0.04153179944995578,0.2,0.0,True,True,1.1099999999999992,0
R20,1835086203,87,289,0.9853547723315845,0.9877176279498484,0.04804323914145708,0.9853547723315845,0.456,0.7972357824283985,0.8959383991897018,0.6592630842411021,1.7046397430770257,289,0.2710974785352085,0.19131076773280567,0.026283292971264107,0.300096849946437,0.09802323530676849,0.11318837550751627,0.4,0.4,True,True,1.1399999999999992,0
R20,1835086203,88,289,0.9908668430632551,0.9915566893136252,0.057874223815745154,0.9908668430632551,0.4,0.7966639824003221,0.8929137123636879,0.6558018421053934,1.7090771872477948,290,0.20965291416838977,0.26286902139410356,0.05722047645738993,0.26018743701453556,0.11232533144200735,0.09774481952357383,0.0,0.4,True,True,1.1699999999999993,0
R20,1835086203,89,290,0.9916657655758743,0.9916746958893478,0.09247775431362867,0.9916657655758743,0.22400000000000003,0.8023711340322836,0.8935119177858337,0.6519870462920125,1.707992998750256,286,0.25304863800412725,0.3035402896630854,0.009373327391513803,0.2239498579346492,0.10882694198579268,0.10126094502083169,0.8,0.0,True,True,1.1999999999999993,0
R20,1835086203,90,286,0.9908617064857929,0.9908682669919671,0.09492603622201948,0.9908617064857929,0.21400000000000002,0.7988465309634135,0.8943104581424591,0.6597282497104627,1.6969141644172916,288,0.25592670307396315,0.20073683246471563,0.006864001999104882,0.312697516569326,0.16469954023825725,0.05907540565463303,0.2,0.2,True,True,1.2299999999999993,0
R20,1835086203,91,288,0.9877424647981741,0.9877481937977447,0.09597973558266189,0.9877424647981741,0.2,0.797532189162058,0.8995949352353362,0.6669325006107024,1.6912853978776903,288,0.32791714725283544,0.20315251503355106,0.006565239891197107,0.14508064943527654,0.16588537935642997,0.15139906903071004,0.0,0.2,True,True,1.2599999999999993,0
R20,1835086203,92,288,0.9842732940710156,0.9870512982194118,0.046749434938300805,0.9842732940710156,0.456,0.7964973936635313,0.8959514494163671,0.664484134398661,1.6928383980663728,290,0.204203261784971,0.30684057282923655,1.0388621724809002e-05,0.3319318920883842,0.12122441924514415,0.0357894654305394,0.4,0.4,True,True,1.2899999999999994,0
R20,1835086203,93,290,0.9910147073483248,0.9910184497989967,0.09939544844616563,0.9910147073483248,0.22400000000000003,0.8030980652570623,0.8975343884952646,0.6615432268595113,1.6893681043056976,288,0.2672563943714479,0.23813499499000831,0.14714974999820504,0.1582475296683516,0.11753752950358151,0.07167380146840555,0.8,0.0,True,True,1.3199999999999994,0
R20,1835086203,94,288,0.9875951645472779,0.9875951670446478,0.15757402487091993,0.9875951645472779,0.0,0.7992885370522763,0.8938975128381043,0.6953889041735601,1.608260470841294,295,0.20299804709503594,0.1786553643690257,0.00018572623006045662,0.1388984599657514,0.4529303423359517,0.02633206000417479,0.0,0.0,True,True,1.3499999999999994,0
R20,1835086203,95,295,0.9899584162308731,0.9899713427919705,0.08952017391771935,0.9899584162308731,0.256,0.7951283963561862,0.8955381841063994,0.6658500137562041,1.6914938822748644,303,0.266694336377504,0.18923094578433844,0.10384280493122822,0.3903781731949988,0.0,0.04985373971193057,0.4,0.2,True,True,1.3799999999999994,0
R20,1835086203,96,303,0.9886308753584256,0.988636416049785,0.09625292908825081,0.9886308753584256,0.22400000000000003,0.7925636280100317,0.897606623798489,0.651197623035677,1.7391582614446148,301,0.2730668612176199,0.17423078661129252,0.11353462856218535,0.2180582305299178,0.05966305327546623,0.16144643980351828,0.8,0.0,True,True,1.4099999999999995,0
R20,1835086203,97,301,0.9892729037965454,0.9892729111561691,0.14898452026687412,0.9892729037965454,0.014000000000000002,0.7929167370448095,0.9013583323143568,0.6386635072362452,1.779908967269853,296,0.2954004963224034,0.17856560930236867,0.051363089821689356,0.3005909952019433,0.0629282325206798,0.11115157683091544,0.2,0.0,True,True,1.4399999999999995,0
R20,1835086203,98,296,0.9909509642614058,0.9919045257856178,0.05530005924125591,0.9909509642614058,0.41400000000000003,0.7937692741312605,0.9025228950748319,0.6465874162057033,1.7584770139832218,299,0.26540599220241173,0.23367550035451262,0.17504657982598584,0.16406380136446305,0.15895129846541284,0.0028568277872138195,0.2,0.4,True,True,1.4699999999999995,0
R20,1835086203,99,299,0.9902268374422422,0.9902349946077823,0.09318701217049725,0.9902268374422422,0.22400000000000003,0.7965555472181312,0.9017749374718587,0.6691460424715601,1.691847371084054,297,0.24222733938460536,0.2868699217552811,0.0019454121022754556,0.22006093912037203,0.2360868394321355,0.01280954820533059,0.8,0.0,True,True,1.4999999999999996,0
R20,1835086203,100,297,0.9865681673096753,0.9865726981896398,0.0978378874240348,0.9865681673096753,0.22400000000000003,0.794236520027225,0.9045518302302642,0.6597156321374215,1.72634197055338,306,0.2858204953999811,0.19231868383237047,0.07902931113097132,0.2906124480014558,0.08742096956508705,0.06479809207013426,0.8,0.0,True,True,1.5299999999999996,0
R20,1835086203,101,306,0.986248898179579,0.9878230387060163,0.05127716435577878,0.986248898179579,0.41400000000000003,0.7953265516733561,0.9063817917094822,0.6492686714469644,1.7552591400375248,303,0.2757194123841394,0.22990576811962316,0.11358594947346068,0.24041409393400004,0.07762301261642561,0.06275176347235104,0.2,0.4,True,True,1.5599999999999996,0
R20,1835086203,102,303,0.986150560657737,0.987719884492599,0.05130072734317678,0.986150560657737,0.42400000000000004,0.7912417822297788,0.9110627021240081,0.6492422075074108,1.7735045590913612,304,0.3214826153677845,0.216447221084528,0.04524629598944974,0.18574730733135328,0.12450201602571398,0.10657454420117056,0.8,0.2,True,True,1.5899999999999996,0
R20,1835086203,103,304,0.9835021527886671,0.9845387291281082,0.05457626351374106,0.9835021527886671,0.41400000000000003,0.796000564875244,0.9136479561741799,0.6526412290399626,1.75869692921433,295,0.28922986445465365,0.1652062408281775,0.18605674839147396,0.19576613654208147,0.14161621141646402,0.02212479836714938,0.2,0.4,True,True,1.6199999999999997,0
R20,1835086203,104,295,0.9880036749379586,0.991057370234612,0.0460284966764878,0.9880036749379586,0.456,0.8010455117459467,0.9141374696353193,0.6320581228944263,1.8054992076920102,296,0.2646488908731049,0.18688415047559934,0.07750053721913704,0.39114505899697094,0.023405083792299854,0.05641627864288781,0.4,0.4,True,True,1.6499999999999997,0
R20,1835086203,105,296,0.9832298349127091,0.9833431590140697,0.07218563394386895,0.9832298349127091,0.326,0.8027298764309403,0.9101036176234686,0.6256308949540753,1.8121879014848963,290,0.20841276837394124,0.25588164921766116,0.00714643495758072,0.29943374690178254,0.0838929217454581,0.14523247880357634,0.6,0.2,True,True,1.6799999999999997,0
R20,1835086203,106,290,0.8976872042316897,0.9883001522346704,0.019019718227111633,0.8976872042316897,0.656,0.8043166158083854,0.9056004343481076,0.6223981710579181,1.8090112753471153,299,0.20002497007265482,0.4535048852089141,0.06241279236890228,0.18706841336342933,0.0966518279962515,0.0003371109898479746,0.4,0.6,True,True,1.7099999999999997,0
R20,1835086203,107,299,0.9862870576667142,0.9863021967697766,0.0882329501158084,0.9862870576667142,0.256,0.8062977380343787,0.908882529902439,0.6106289621274177,1.846013680676961,298,0.29452646589671055,0.22920116023097428,0.14575180621602962,0.2514758561040743,0.0523530408764573,0.02669167067575389,0.4,0.2,True,True,1.7399999999999998,0
R20,1835086203,108,298,0.9846875912122857,0.9873045434504409,0.0472268714743186,0.9846875912122857,0.456,0.8079026206940984,0.9115502102908009,0.6111405227081057,1.8462074424982806,294,0.2888975860435469,0.18189888216975106,0.0061430817530471705,0.20291212048911358,0.10787228396714871,0.21227604557739274,0.4,0.4,True,True,1.7699999999999998,0
R20,1835086203,109,294,0.9907998235202755,0.9908083809721494,0.09281028692744339,0.9907998235202755,0.256,0.8103399646101809,0.9159726997762608,0.6153901951203427,1.83681196328819,302,0.32015657561449773,0.38812794686915314,0.0338551423956992,0.09603474088605046,0.12681862341523753,0.035006970819361855,0.4,0.2,True,True,1.7999999999999998,0
R20,1835086203,110,302,0.9893600457746402,0.9893603195211322,0.12020005091876311,0.9893600457746402,0.126,0.8146531686980851,0.9160756276660647,0.6258500399895178,1.796752647298668,301,0.26126953598271124,0.24882232636308999,0.006096940876872878,0.2568623815667579,0.15999432190604695,0.06695449330452105,0.6,0.0,True,True,1.8299999999999998,0
R20,1835086203,111,301,0.9811265518610723,0.9919354146603909,0.03597389973571639,0.9811265518610723,0.526,0.8164310508666305,0.9202718462827614,0.6211011682610714,1.8148230064398965,299,0.3894316355608636,0.22872110857660188,0.00020070807726023363,0.29240295735497795,0.08918066135252678,6.292907776965181e-05,0.6,0.4,True,True,1.8599999999999999,0
R20,1835086203,112,299,0.9910323881140206,0.9910359424881995,0.09980602353906866,0.9910323881140206,0.21400000000000002,0.8169173659013161,0.9242582539686233,0.6245715808504485,1.8114776922113807,302,0.3194709090109372,0.21322606039555625,0.07215610954250253,0.15032468905653865,0.12790264707742122,0.11691958491704421,0.2,0.2,True,True,1.89,0
R20,1835086203,113,302,0.9845828474287005,0.9845828483136283,0.1658081854771949,0.9845828474287005,0.0,0.8197739211146414,0.9263485421576967,0.6218559755473754,1.8171488859320355,304,0.29129001109380726,0.1816295990079015,0.10156265455864942,0.19868309101076567,0.09870776390985869,0.1281268804190175,0.0,0.0,True,True,1.92,0
R20,1835086203,114,304,0.988896932408703,0.9889004089300315,0.09996514271283466,0.988896932408703,0.21400000000000002,0.822292072080584,0.9248153899226336,0.630621494202736,1.7834468697362342,305,0.2473034359102717,0.3086374569689487,0.03837351388926909,0.1895488151577959,0.15475558105049123,0.06138119702322334,0.2,0.2,True,True,1.95,0
R20,1835086203,115,305,0.9838418501012965,0.9838418552413134,0.15179798799624283,0.9838418501012965,0.05600000000000001,0.8161618274236163,0.9285746204265019,0.6348943198264902,1.7920044725493272,312,0.31333993039602115,0.2086100932342232,0.06917340854235039,0.24027856273147846,0.13667487522013905,0.03192312987578777,0.4,0.0,True,True,1.9799999999999998,0
R20,1835086203,116,312,0.980732603584437,0.9895664844477386,0.037560987077615154,0.980732603584437,0.526,0.8180988899641942,0.9258825114765339,0.6209932206579538,1.8224818780453997,306,0.23420777589196437,0.18564897302214767,0.07545067959224055,0.38244423731998456,0.047941664070562745,0.07430667010310012,0.6,0.4,True,True,2.01,0
R20,1835086203,117,306,0.9796709182421577,0.9872418389034715,0.03877034397943076,0.9796709182421577,0.526,0.815515775649902,0.9295883859027072,0.6263355786341864,1.8199155686248683,311,0.35746062774313525,0.24311133579936092,0.06318689123493149,0.16146775291448015,0.1372084002101397,0.037564992097952506,0.6,0.4,True,True,2.04,0
R20,1835086203,118,311,0.9918640598325733,0.9918674992719264,0.1000743517376934,0.9918640598325733,0.22400000000000003,0.8135201038634083,0.9282182409673982,0.6099192067956387,1.870723057509342,310,0.25136592949783065,0.4568259947627582,0.06495360823641917,0.18506939222415722,0.031085930124354483,0.010699145154480382,0.8,0.0,True,True,2.0700000000000003,0
R20,1835086203,119,310,0.986626310359621,0.9866263551218353,0.13459243103254753,0.986626310359621,0.126,0.806844639241866,0.9318073289190283,0.6147807069316318,1.8785206527286786,316,0.32391951139172337,0.17046573368393744,0.016616971636255497,0.28347550600487414,0.12926710407778497,0.07625517320542462,0.6,0.0,True,True,2.1000000000000005,0
R20,1835086203,120,316,0.9752963906926676,0.9915764766485423,0.03271076144721889,0.9752963906926676,0.55,0.8042512408762604,0.9268898866726211,0.61506683247916,1.8737605695494781,319,0.20841155249430288,0.1756400616252247,0.08555757407790344,0.2966777804958825,0.10882098120345729,0.1248920501032292,1.0,0.2,True,True,2.130000000000001,0
R20,1835086203,121,319,0.9929735934352443,0.9929739083165214,0.11911471533361982,0.9929735934352443,0.126,0.8092896825618228,0.9218345443539393,0.5999691129164705,1.8985414438025197,312,0.20361440018686672,0.3445725018410321,0.09696696644820076,0.26490131563672414,0.03204481842613233,0.057899997461043955,0.6,0.0,True,True,2.160000000000001,0
R20,1835086203,122,312,0.9920000286672561,0.9920029939233335,0.10125627704389514,0.9920000286672561,0.22400000000000003,0.8077467361459686,0.9170643137636799,0.6399722016248235,1.7740402620709501,310,0.20401870784297002,0.1700567385853761,0.0004273765987044149,0.13752105643418092,0.46146156527597726,0.02651455526279134,0.8,0.0,True,True,2.1900000000000013,0
R20,1835086203,123,310,0.9870791487883581,0.9881334763427636,0.05447011334115966,0.9870791487883581,0.42400000000000004,0.812225197938185,0.9124759391332159,0.6454605529530034,1.740504927529246,311,0.20331051322150004,0.19472350647654998,0.06051565250844171,0.3087918450871731,0.14742785745331127,0.085230625253024,0.8,0.2,True,True,2.2200000000000015,0
R20,1835086203,124,311,0.9879652532202841,0.9880509732744808,0.07444582718492927,0.9879652532202841,0.326,0.8108515694447161,0.9168521421765551,0.6436935515546768,1.7566238863740342,312,0.35085508949046407,0.17969819812854168,0.009508155503087834,0.18281113659744283,0.11389526948486856,0.16323215079559505,0.6,0.2,True,True,2.2500000000000018,0
R20,1835086203,125,312,0.9885896091521293,0.9886594101419048,0.0760860342128201,0.9885896091521293,0.326,0.8144935072740045,0.9167068470464459,0.6536452558872718,1.7218714892884297,309,0.2587163997339819,0.20286701831291856,0.04572555872286217,0.22384800713948924,0.171605297440314,0.09723771865043412,0.6,0.2,True,True,2.280000000000002,0
R20,1835086203,126,309,0.9908669091531109,0.9908786271323234,0.09030882553233893,0.9908669091531109,0.256,0.8102042989889171,0.9167657553129043,0.6477744490363094,1.7467872992102464,307,0.2611781327347591,0.17263572350314446,0.16422631835692986,0.19941874858818043,0.09746859368882373,0.10507248312816257,0.4,0.2,True,True,2.3100000000000023,0
R20,1835086203,127,307,0.9915924029446038,0.9915953009633881,0.10143557777837148,0.9915924029446038,0.2,0.8156609804471496,0.9209274675472591,0.6540156257303631,1.7263450933633615,309,0.3176659824058672,0.2304624863845932,0.050630232098053375,0.20031549015380856,0.15509310798842274,0.045832700969255055,0.0,0.2,True,True,2.3400000000000025,0
R20,1835086203,128,309,0.9812047508833405,0.9892817476564966,0.03827171454772047,0.9812047508833405,0.526,0.8183230188398795,0.9162938969000946,0.6509911416302415,1.7200257443151852,303,0.2051600341274808,0.23788379597082654,0.09253728095246211,0.29518554560144766,0.11188539236457369,0.05734795098320924,0.6,0.4,True,True,2.3700000000000028,0
R20,1835086203,129,303,0.9770796507851587,0.9852258107259535,0.038171140318673975,0.9770796507851587,0.526,0.8135834635184795,0.9204792020550898,0.6451492926680646,1.7536852208585552,310,0.31290140820981815,0.18324111884174754,0.0008164435556027492,0.242599741241615,0.09628632600423606,0.16415496214698036,0.6,0.4,True,True,2.400000000000003,0
R20,1835086203,130,310,0.9910071551077471,0.9910128719568924,0.09602290177981276,0.9910071551077471,0.21400000000000002,0.8154706853574846,0.9154832998349302,0.6538648064091748,1.7169360134022207,307,0.2003507235324356,0.16069303805809476,0.0005044144054005043,0.4601356847486407,0.16615221503958286,0.012163924215845692,0.2,0.2,True,True,2.4300000000000033,0
R20,1835086203,131,307,0.9877254041599377,0.9877380267102517,0.08969164017285375,0.9877254041599377,0.256,0.8082193073334252,0.9169614109741112,0.6396751416658404,1.773627298073314,310,0.27815345163659505,0.1607378510935664,0.17031094679824738,0.2850301414071649,0.05598407948791516,0.04978352957651103,0.4,0.2,True,True,2.4600000000000035,0
R20,1835086203,132,310,0.9914921827815167,0.9914923161006468,0.12594411539669537,0.9914921827815167,0.126,0.8111417121382201,0.916499817084283,0.6682318609194369,1.69086318653089,311,0.25483095823596663,0.1671687168237458,0.12256254386396376,0.15759949000415804,0.26262116710090255,0.03521712397126342,0.6,0.0,True,True,2.4900000000000038,0
R20,1835086203,133,311,0.9915150804317995,0.9915175668171555,0.10265441600480542,0.9915150804317995,0.21400000000000002,0.8097624584332743,0.9172766290333436,0.6562116749149471,1.726230306880405,306,0.27002253504093454,0.2714254708377377,0.06324164888893709,0.22323386575397283,0.07401500043727,0.0980614790411479,0.2,0.2,True,True,2.520000000000004,0
R20,1835086203,134,306,0.991185316948289,0.9917946836489083,0.058863569730556654,0.991185316948289,0.4,0.8091283800556359,0.9171356757986655,0.6427775198777853,1.7634188287006076,307,0.2590359777123638,0.16820728223307138,0.0018165250282402483,0.40006015298937586,0.060935062271664286,0.10994499976528439,0.0,0.4,True,True,2.5500000000000043,0
R20,1835086203,135,307,0.9871526065389705,0.9878781145335024,0.057443423429943595,0.9871526065389705,0.4,0.8084543902938658,0.9212788920087323,0.6299975415187627,1.8088257937679069,311,0.3174068209065093,0.34979286259073616,0.0015734379684168827,0.2378378040048685,0.05748886814377985,0.035900206385689235,0.0,0.4,True,True,2.5800000000000045,0
R20,1835086203,136,311,0.9786375054747569,0.9906553042514387,0.03511967458677276,0.9786375054747569,0.526,0.8083081171925889,0.9183193312996365,0.6595303020602629,1.7225904397245257,312,0.2263047986417611,0.19149168832908517,0.0005919998113917931,0.3177780790819597,0.26266257346688215,0.001170860668920083,0.6,0.4,True,True,2.6100000000000048,0
R20,1835086203,137,312,0.9926278759138502,0.9933865435557654,0.0571319363989202,0.9926278759138502,0.41400000000000003,0.8102700426978291,0.9134531499308035,0.6730984789411436,1.6748575916672803,306,0.20062231495186053,0.24499880364603327,0.06531750879612164,0.23048954008799802,0.19760603543453514,0.060965797083451394,0.2,0.4,True,True,2.640000000000005,0
R20,1835086203,138,306,0.9893743670255661,0.9893745846407872,0.12202679597025176,0.9893743670255661,0.126,0.8082469960580251,0.9130432791887458,0.6683085511779703,1.690325124638932,307,0.25328483443103134,0.2686961261620597,0.07440252320818908,0.24901124017318996,0.11259960065470503,0.04200567537082497,0.6,0.0,True,True,2.6700000000000053,0
R20,1835086203,139,307,0.9930603563502715,0.9930603644321114,0.14826978881977956,0.9930603563502715,0.05600000000000001,0.8023347273806025,0.9131212898950251,0.6513484002705887,1.7472680182486062,324,0.2591271833214565,0.27854568882866876,0.14063370868074415,0.13686188514686423,0.049353521052077534,0.13547801297018888,0.4,0.0,True,True,2.7000000000000055,0
R20,1835086203,140,324,0.9890853243590674,0.9900443643425642,0.05523951552195922,0.9890853243590674,0.4,0.8033233933132159,0.9174652254002738,0.6430830331810052,1.7759557745105745,323,0.350752788663138,0.23449073509103607,0.12051473612332059,0.20415705685790816,0.08434736468737682,0.005737318577220487,0.0,0.4,True,True,2.7300000000000058,0
R20,1835086203,141,323,0.9883739853086607,0.9883926291497935,0.08659223830753585,0.9883739853086607,0.256,0.8046308883705874,0.9215919641302601,0.6486399154057729,1.7657869729940778,321,0.4160676551864367,0.17833562186592772,0.014755286104381994,0.17203779292260607,0.14932592771434078,0.06947771620630674,0.4,0.2,True,True,2.760000000000006,0
R20,1835086203,142,321,0.9898894466127169,0.9907568365484719,0.05604478469535271,0.9898894466127169,0.4,0.8064504003501759,0.9255123659237471,0.644433338194471,1.7808468173118253,315,0.31722972016629797,0.18404507110188872,0.08562269654997638,0.2860736101525,0.10328707164637699,0.023741830382959895,0.0,0.4,True,True,2.7900000000000063,0
R20,1835086203,143,315,0.9756467928960788,0.9925327508046702,0.03242757533154451,0.9756467928960788,0.55,0.8039076882570371,0.9202813670852562,0.6365178841785426,1.7984726443486065,320,0.20055774322120595,0.18342589507382445,0.1149285785002872,0.28032325982970197,0.08263939901759364,0.1381251243573867,1.0,0.2,True,True,2.8200000000000065,0
R20,1835086203,144,320,0.9771129509257346,0.9918101255657279,0.03352685199460764,0.9771129509257346,0.55,0.801870999475605,0.9239026305022741,0.6356006956188429,1.812747574672355,318,0.30794164714100775,0.15110062702460805,0.07608387024263072,0.35080214571509394,0.1136729992907728,0.0003987105858868517,1.0,0.2,True,True,2.8500000000000068,0
R20,1835086203,145,318,0.9914289512510205,0.9919688127567889,0.05982899262267539,0.9914289512510205,0.4,0.8065514194968953,0.9274400327503062,0.640633810132157,1.7949151491233208,319,0.30915667216432324,0.20764762504314704,0.015696910004207542,0.14828052284025,0.14296592037599223,0.1762523495720798,0.0,0.4,True,True,2.880000000000007,0
R20,1835086203,146,319,0.9892315116476486,0.9920091367578919,0.04679040351503136,0.9892315116476486,0.456,0.8052684468093367,0.9310680311127909,0.6396139047540716,1.8076853416676895,323,0.34635678360756267,0.20330965749479857,0.07217802176976927,0.21469875074864794,0.11521737817565153,0.04823940820357006,0.4,0.4,True,True,2.9100000000000072,0
R20,1835086203,147,323,0.9903637684112867,0.9903692629949928,0.09633338706698305,0.9903637684112867,0.21400000000000002,0.8040210828371366,0.9316868054894883,0.6316095090490822,1.834652632596523,329,0.2771521991542122,0.38528087504450426,0.04210241095614805,0.17852410683200054,0.0797849738520886,0.037155434161046295,0.2,0.2,True,True,2.9400000000000075,0
R20,1835086203,148,329,0.9915072041723246,0.992164283735392,0.05826646618986465,0.9915072041723246,0.41400000000000003,0.8036157895381841,0.935102465215014,0.6232048100429352,1.8671531602047269,332,0.5339096995906767,0.17978676045915942,7.744555338345972e-05,0.19876866919763655,0.07378125949380587,0.013676165705337943,0.2,0.4,True,True,2.9700000000000077,0
R20,1835086203,149,332,0.9919695008267635,0.9919695024457273,0.16105951287748616,0.9919695008267635,0.0,0.8068983205866609,0.9308796207655436,0.6270886499360393,1.8396947576211171,328,0.21915348514100563,0.21348467592454304,0.022654967165413927,0.24544029508691267,0.13102160448698813,0.16824497219513662,0.0,0.0,True,True,3.000000000000008,0
R20,1835086203,150,328,0.9806826951997222,0.9897741613309157,0.03733387090062085,0.9806826951997222,0.526,0.8062939303920605,0.932455545614419,0.6200052838246354,1.8652599054302679,332,0.28899882358940654,0.18039760836133545,0.07885557816509155,0.265875498476567,0.07812749441100009,0.10774499699659933,0.6,0.4,True,True,3.0300000000000082,0
R20,1835086203,151,332,0.9749875182250662,0.9892978070448636,0.03371900995471142,0.9749875182250662,0.526,0.8004579581282838,0.9289123655704719,0.630361115263639,1.840970385084069,333,0.2259949654596723,0.21144881284671635,0.10999805556390255,0.2826924766680311,0.16178179910733617,0.008083890354341351,0.6,0.4,True,True,3.0600000000000085,0
R20,1835086203,152,333,0.9891085516294273,0.9903882173099864,0.052946423941383845,0.9891085516294273,0.4,0.8018039943145012,0.9288683737501562,0.6379416490586948,1.8159546727320288,331,0.26752033072759973,0.31198627553627367,0.058547195275641443,0.17835965797592904,0.1530832266070981,0.030503313877457985,0.0,0.4,True,True,3.0900000000000087,0
R20,1835086203,153,331,0.989777089715856,0.989800679369001,0.08473062544178184,0.989777089715856,0.256,0.7988887140880642,0.9255051742766819,0.6415618300236706,1.8057351321001835,327,0.22600274017541844,0.1580892275860319,0.07451181058431322,0.2198005940008995,0.1370717293542265,0.1845238982991105,0.4,0.2,True,True,3.120000000000009,0
R20,1835086203,154,327,0.9895233876688703,0.9896687651988317,0.07025396260635906,0.9895233876688703,0.326,0.7977902812794165,0.9292299155628478,0.6211052915464252,1.875293344648904,322,0.3392568148120879,0.17018919255389273,0.09059769412435892,0.34927822201234576,0.01849822262560827,0.032179853871706465,0.6,0.2,True,True,3.1500000000000092,0
R20,1835086203,155,322,0.9917934867295161,0.9917934889878163,0.1584087798652758,0.9917934867295161,0.014000000000000002,0.7959877131608805,0.9307642304293786,0.6169891883333868,1.8952031387826336,320,0.28744763305841464,0.23446469536355402,0.028675933228079247,0.25641933398280653,0.08997212970802049,0.10302027465912517,0.2,0.0,True,True,3.1800000000000095,0
R20,1835086203,156,320,0.9898796369531642,0.9898796448707329,0.1484077154105213,0.9898796369531642,0.0,0.8001384137271919,0.9282409161106286,0.6175905643284608,1.8784296504263371,315,0.23768621503398682,0.2957242639176902,0.044649636447579875,0.2629884699346425,0.11150147414206352,0.047449940524037185,0.0,0.0,True,True,3.2100000000000097,0
R20,1835086203,157,315,0.9885937647221635,0.9886069919921336,0.0893261428427856,0.9885937647221635,0.256,0.7962190633975125,0.9318288703050972,0.6084677298186881,1.9233841820747235,317,0.34727575929623383,0.32229315727137625,0.03501416381707868,0.16656425834122002,0.0631811096153671,0.06567155165872401,0.4,0.2,True,True,3.24000000000001,0
R20,1835086203,158,317,0.9932902569710688,0.9932902740076308,0.14233546777215594,0.9932902569710688,0.05600000000000001,0.7974475612107934,0.9271911148418904,0.6316811241181407,1.8406415756706267,318,0.21192110065060152,0.2609906976869796,0.08784935112350949,0.1870135449239666,0.22030083640660705,0.0319244692083358,0.4,0.0,True,True,3.2700000000000102,0
R20,1835086203,159,318,0.9918672171586358,0.9933224850794965,0.05194637743261604,0.9918672171586358,0.41400000000000003,0.7953688226643963,0.9273972451431151,0.6140590935057126,1.8988343130694918,325,0.2695710755414887,0.388576867807764,0.024663336653012048,0.27844053362718185,0.027730408996930026,0.011017777373623552,0.2,0.4,True,True,3.3000000000000105,0
R20,1835086203,160,325,0.9916790506344798,0.9916790631191524,0.1447970145000917,0.9916790506344798,0.05600000000000001,0.7973144261371794,0.9310273828859593,0.621107718270229,1.880034878038313,317,0.321462862196385,0.24730834922725514,0.047726069998851504,0.14379582489746776,0.14227267057543835,0.09743422310460226,0.4,0.0,True,True,3.3300000000000107,0
R20,1835086203,161,317,0.9892255313445156,0.9892461450117429,0.08579961153839681,0.9892255313445156,0.22400000000000003,0.8043659678904004,0.9258165459286493,0.6093184001849574,1.8889782495855674,307,0.20425665233734913,0.3117838473054986,0.08472358608533775,0.25470160311008627,0.05160726870875626,0.09292704245297201,0.8,0.0,True,True,3.360000000000011,0
R20,1835086203,162,307,0.9864126828915212,0.9864346355883092,0.0852759834939832,0.9864126828915212,0.256,0.8062011785051392,0.9277284943053765,0.6038416545264345,1.9056994060857353,310,0.2900346959144963,0.19599570837576508,0.03205372257277316,0.2518600663295548,0.07727547179986405,0.1527803350075466,0.4,0.2,True,True,3.3900000000000112,0
R20,1835086203,163,310,0.9873683992721374,0.9873684032517887,0.1538631514190655,0.9873683992721374,0.014000000000000002,0.8055721526606658,0.9257901863194294,0.6029842692118575,1.9059089327845817,312,0.24310145911652212,0.18605226872623046,0.17382442376196347,0.2432981413749702,0.09763390069033291,0.056089806329980944,0.2,0.0,True,True,3.4200000000000115,0
R20,1835086203,164,312,0.9899356360502531,0.9910213001847065,0.05426020227078348,0.9899356360502531,0.4,0.8040290695050156,0.929500677003458,0.6151187418705228,1.8793990368468092,317,0.36929454956603874,0.1768643833063953,0.031587362132380364,0.2419717940249535,0.16216449789925552,0.018117413070976546,0.0,0.4,True,True,3.4500000000000117,0
R20,1835086203,165,317,0.9924303329321766,0.9924400333284471,0.09182547572380863,0.9924303329321766,0.22400000000000003,0.8001411112035542,0.9330256431532851,0.6193715815912678,1.882676579857923,317,0.3199139729501449,0.16124234665864562,0.0372126503970324,0.18918906221697562,0.12882356953898638,0.16361839823821508,0.8,0.0,True,True,3.480000000000012,0
R20,1835086203,166,317,0.9915457469791967,0.9916835609767407,0.07069545097482072,0.9915457469791967,0.326,0.8002995385827741,0.9363743609956208,0.6136894572495724,1.9065503750527848,320,0.3378350093323893,0.17066649257894623,0.028701269307503625,0.31731496514562435,0.08127516908715665,0.06420709454837993,0.6,0.2,True,True,3.510000000000012,0
R20,1835086203,167,320,0.9894015500034953,0.9894017406488564,0.12308023989870173,0.9894015500034953,0.126,0.7995393031769585,0.9369319240105543,0.6356675304861235,1.84347898447793,327,0.27970351330893095,0.1760087748486742,0.08636383042182992,0.12564049378718128,0.2167350948075415,0.1155482928258422,0.6,0.0,True,True,3.5400000000000125,0
R20,1835086203,168,327,0.9909311929840408,0.9909401843787311,0.09241759661182011,0.9909311929840408,0.22400000000000003,0.8001619164831703,0.9320756931499863,0.6263022871872773,1.8598987708595958,324,0.21237956674949623,0.2675256771894459,0.10683339078568525,0.2857255060525597,0.07100754874883125,0.05652831047398156,0.8,0.0,True,True,3.5700000000000127,0
R20,1835086203,169,324,0.9871103550893511,0.9874278573482834,0.06401789828165384,0.9871103550893511,0.35,0.7999287537874686,0.935471908492487,0.6263772951198289,1.866996206279473,324,0.394951974982273,0.18688152532121055,0.01016754397847966,0.2829997971707973,0.11352618325639657,0.011472975290842867,1.0,0.0,True,True,3.600000000000013,0
R20,1835086203,170,324,0.9916952920437687,0.9916953041339217,0.14505274595346587,0.9916952920437687,0.0,0.8021856894329233,0.9348223749798176,0.6141130770971448,1.8976051183062819,319,0.2640507738994371,0.16246193690354613,0.027265673459369515,0.4006304861840968,0.05186755744649381,0.09372357210705677,0.0,0.0,True,True,3.630000000000013,0
R20,1835086203,171,319,0.9311771462632142,0.9944039979379107,0.021933305853560788,0.9311771462632142,0.6240000000000001,0.8022251037268879,0.9380812562308267,0.6136743528169144,1.9054880832740808,322,0.3364987968180605,0.2569055036242892,0.014011883020279487,0.2823420304632525,0.10486291714742041,0.005378868926697885,0.8,0.4,True,True,3.6600000000000135,0
R20,1835086203,172,322,0.9906228190340889,0.9906232040455683,0.11749525699017768,0.9906228190340889,0.126,0.8022145708302652,0.9346812134974257,0.6395984287185495,1.821652690875842,319,0.23130025097675386,0.20467349361913115,0.05233457844942715,0.2575423824192496,0.23645755591663298,0.017691738618805065,0.6,0.0,True,True,3.6900000000000137,0
R20,1835086203,173,319,0.9902560817464434,0.9903278466097448,0.07587858952338197,0.9902560817464434,0.326,0.8050670348722807,0.9379471528225545,0.6275122109591869,1.8566247867886014,320,0.3317995621725186,0.2737493076756177,0.03814015981117279,0.24413140296019079,0.05936812556246113,0.05281144181803894,0.6,0.2,True,True,3.720000000000014,0
R20,1835086203,174,320,0.9899320655319629,0.9909684749255531,0.05462936162590943,0.9899320655319629,0.4,0.7998800835573474,0.9367023433753698,0.6217142502844009,1.8835879415512926,325,0.25815685242428915,0.1910323176847848,0.19423885612498887,0.1754228953457616,0.08476630210566334,0.0963827763145123,0.0,0.4,True,True,3.750000000000014,0
R20,1835086203,175,325,0.9904537131515191,0.9904567267225282,0.10111520612492826,0.9904537131515191,0.2,0.8031779999422358,0.9343970367198908,0.6090697890029463,1.9100845430808657,316,0.2441226314161191,0.18932426937443703,0.06348536552582508,0.24130501247856484,0.04763481873492756,0.21412790247012645,0.0,0.2,True,True,3.7800000000000145,0
R20,1835086203,176,316,0.9890692565211439,0.9890735857565823,0.09822042424716824,0.9890692565211439,0.2,0.8052332804404181,0.9341217835993875,0.6190012152944571,1.8740893045640603,315,0.2680574839436397,0.21003636120248892,0.13298048371191787,0.17167229142293602,0.15419202595902698,0.06306135375999042,0.0,0.2,True,True,3.8100000000000147,0
R20,1835086203,177,315,0.9887902429749483,0.9888093031481174,0.086419794046664,0.9887902429749483,0.256,0.8112197794929366,0.9298742450188615,0.6414787297679233,1.7869130777437452,313,0.21823188249304307,0.2747507052622474,0.049491936504910176,0.12855675441741854,0.22188818001455957,0.10708054130782141,0.4,0.2,True,True,3.840000000000015,0
R20,1835086203,178,313,0.9922704965580199,0.9922708059452974,0.11924918905441148,0.9922704965580199,0.126,0.8084172417780009,0.9261846652612755,0.6471164590132238,1.7704333124508036,318,0.22255165616696282,0.17371064424697769,0.01811926141310636,0.36990151211289946,0.1489280111104639,0.06678891494958979,0.6,0.0,True,True,3.870000000000015,0
R20,1835086203,179,318,0.9885219897162739,0.9898531156819023,0.05262828554444352,0.9885219897162739,0.4,0.807844128234018,0.9214016917737712,0.6471660213048146,1.7624050377656635,323,0.20657824719449322,0.2184918810707308,0.1453859396417698,0.21120444496459548,0.12380604096456593,0.09453344616384474,0.0,0.4,True,True,3.9000000000000155,0
R20,1835086203,180,323,0.984811285449865,0.9848174488269202,0.09537432859469866,0.984811285449865,0.22400000000000003,0.8079230864162302,0.9202068222391162,0.6338513971445071,1.7969168389694294,323,0.24844018817541938,0.17531711100862044,0.02415444448517365,0.3937563474705273,0.05700988985086963,0.10132201900938964,0.8,0.0,True,True,3.9300000000000157,0
R20,1835086203,181,323,0.988105901902811,0.9900120979833422,0.049771224379292336,0.988105901902811,0.456,0.8115408930114467,0.9241744095851063,0.6217347801507292,1.8316326120624695,317,0.31222410572432485,0.28193457115372833,0.031966714113108974,0.19605569048586605,0.05634261360336401,0.12147630491960786,0.4,0.4,True,True,3.960000000000016,0
R20,1835086203,182,317,0.9882096521736496,0.9882132368131443,0.09971582631388147,0.9882096521736496,0.2,0.8121624112556846,0.9250761175996357,0.6080055620762312,1.8733849688611084,319,0.27638035617230877,0.2311270493802806,0.052859236512618354,0.31347305798504,0.04222129970287447,0.08393900024687781,0.0,0.2,True,True,3.990000000000016,0
R20,1835086203,183,319,0.9796828004456828,0.9918853871360082,0.035008088226166675,0.9796828004456828,0.526,0.8121654742459894,0.9236470270954736,0.6353499975988113,1.789981245716982,321,0.24780894219774657,0.21401499226669388,0.0010078332148442317,0.2825143985397766,0.24072495865101584,0.013928875129922944,0.6,0.4,True,True,4.0200000000000164,0
R20,1835086203,184,321,0.9369320020800954,0.9910767446961306,0.023140981460425956,0.9369320020800954,0.6240000000000001,0.8088325684967108,0.9274646757406999,0.6436653656082109,1.7814703814065378,324,0.33091446140730363,0.18348500295987347,0.07269214886379124,0.21626273530599205,0.15925183884640337,0.037393812616636234,0.8,0.4,True,True,4.050000000000017,0
R20,1835086203,185,324,0.9912819366378466,0.9912819691350927,0.1371787917329406,0.9912819366378466,0.05600000000000001,0.8104379321131552,0.925728313902794,0.6410841347481346,1.7817581665042805,319,0.24546089936411358,0.19745466144467927,0.10775599052355718,0.21347807821158937,0.10892652850372436,0.12692384195233627,0.4,0.0,True,True,4.080000000000017,0
R20,1835086203,186,319,0.9930134026621054,0.9931505160306928,0.07074778850539816,0.9930134026621054,0.326,0.8101072690570529,0.9216937418265423,0.6287112050390247,1.8096430077304806,323,0.2156480452361004,0.3239011236559664,0.03356695728288354,0.28819751794557097,0.05867741882851768,0.08000893705096096,0.6,0.2,True,True,4.110000000000017,0
R20,1835086203,187,323,0.990741530279964,0.9907417592743903,0.12163206939907971,0.990741530279964,0.126,0.8108253708186237,0.9256090547352152,0.6286502789114747,1.8158967548069078,324,0.3949823497340161,0.19530161967332774,0.04493754674949553,0.21341885454697357,0.11405097188176273,0.03730865741442438,0.6,0.0,True,True,4.140000000000017,0
R20,1835086203,188,324,0.9735484756779227,0.9936534721495532,0.031047636910729943,0.9735484756779227,0.55,0.806863805680247,0.9206211506629658,0.6227448252825014,1.832190329476544,317,0.2036568583063926,0.1640284465525959,0.2082300387049614,0.27431761662919035,0.08479787131087091,0.06496916849598885,1.0,0.2,True,True,4.170000000000018,0
R20,1835086203,189,317,0.9754404963814888,0.9865524688470996,0.035710435674221906,0.9754404963814888,0.526,0.8048717527170018,0.9159028756568579,0.632794025890037,1.7982926376272443,321,0.20390978158800438,0.22062755373616816,0.03736454621595311,0.367835987937027,0.16161841567892857,0.00864371484391892,0.6,0.4,True,True,4.200000000000018,0
R20,1835086203,190,321,0.9893309596130486,0.990002468576758,0.05807619239058527,0.9893309596130486,0.41400000000000003,0.8039688170348407,0.9199536617870101,0.6257614635446422,1.8285967083575922,321,0.31057412391243905,0.18260188362502514,0.02600012800675655,0.3766677312622198,0.08123420121804485,0.022921931975514502,0.2,0.4,True,True,4.230000000000018,0
R20,1835086203,191,321,0.9848614389160864,0.9848614718572336,0.13701907094135488,0.9848614389160864,0.05600000000000001,0.8093451845390539,0.9160150453674756,0.6180302894266215,1.8312981624419271,314,0.21323833337270015,0.2295134912999905,0.01512243494250322,0.2677107033892182,0.07422486118221733,0.20019017581337067,0.4,0.0,True,True,4.260000000000018,0
R20,1835086203,192,314,0.98687067201745,0.9868706981859591,0.13886743093804765,0.98687067201745,0.05600000000000001,0.8127286646307191,0.9157092810766583,0.6082721599871326,1.8523118233237077,304,0.25618734971945595,0.35703415322365173,0.023266252164271813,0.26699575592518915,0.06022449751586584,0.036291991451565676,0.4,0.0,True,True,4.290000000000019,0
R20,1835086203,193,304,0.9893271811689375,0.9896275068905023,0.06447832881670733,0.9893271811689375,0.326,0.8137652024327144,0.9166904384863684,0.6377440437459004,1.7663516783894282,297,0.27208276829428846,0.16386638435263343,0.0879743433059081,0.1773806273412548,0.2514954987874055,0.04720037791850969,0.6,0.2,True,True,4.320000000000019,0
R20,1835086203,194,297,0.9902157522469497,0.9902210330427832,0.09664809922861801,0.9902157522469497,0.21400000000000002,0.8150677401841522,0.9149241950183225,0.6466880753728939,1.7357874952687788,296,0.23835348070340467,0.27747274852971143,0.1525233579937682,0.14996462776443492,0.16359218000791714,0.018093605000763676,0.2,0.2,True,True,4.350000000000019,0
R20,1835086203,195,296,0.990389138654625,0.9903891539710847,0.14315940479809922,0.990389138654625,0.05600000000000001,0.8136383053874309,0.9191779852674064,0.6442769100811216,1.7534591816004046,296,0.4019477138863621,0.17218092184710931,0.003601916653165603,0.19601946878614993,0.11128821122758575,0.11496176759962727,0.4,0.0,True,True,4.380000000000019,0
R20,1835086203,196,296,0.9886001870244536,0.9899359620535438,0.05260119898030748,0.9886001870244536,0.42400000000000004,0.8110353089240114,0.9184416727320772,0.6345559427565645,1.7846041691747063,295,0.25278233410051504,0.20146979124671408,0.2655410293340386,0.17854243374290246,0.07353361841777496,0.028130793158054914,0.8,0.2,True,True,4.41000000000002,0
R20,1835086203,197,295,0.992374142613224,0.992374159279881,0.14250285918278963,0.992374142613224,0.014000000000000002,0.8153465906325196,0.9182102531257521,0.6220081798109238,1.8105219002399808,292,0.25863330037848464,0.35439071500343566,0.05557941884853028,0.2073338867715745,0.0545391566500791,0.06952352234789598,0.2,0.0,True,True,4.44000000000002,0
R20,1835086203,198,292,0.9897109046761072,0.9897109132560984,0.14776677658399706,0.9897109046761072,0.05600000000000001,0.8130061139341528,0.9157507459034209,0.6346433950798849,1.7748175108256723,298,0.2306375679244548,0.17930109765060695,0.1102530708250937,0.2001731904844982,0.17418016625026722,0.10545490686507918,0.4,0.0,True,True,4.47000000000002,0
R20,1835086203,199,298,0.9920734244258572,0.9920734268463732,0.15785884931607552,0.9920734244258572,0.014000000000000002,0.8161539001149052,0.9119951242632718,0.6711790555718964,1.6648766429386666,294,0.21289894568777432,0.23992689402129297,0.05723240093901832,0.13492797643725732,0.3036748540134767,0.05133892890118022,0.2,0.0,True,True,4.50000000000002,0
R20,1835086203,200,294,0.9879161312436933,0.9890051631506357,0.054219337529244085,0.9879161312436933,0.41400000000000003,0.8195417951813206,0.9083948100401991,0.6500069458064229,1.7052401128923795,288,0.21249302487613608,0.28964078331702164,0.08112080071221844,0.29324923217550675,0.029728978958580947,0.09376717996053599,0.2,0.4,True,True,4.530000000000021,0
R20,1835086203,201,288,0.9792282354059636,0.9903629812793274,0.03572482480086781,0.9792282354059636,0.526,0.821863259489919,0.9039824818915705,0.6563396970044924,1.675837004758253,281,0.20009265441726687,0.3109374855272426,0.00013722086807517605,0.3321018089245012,0.1566672288935587,6.360136935541568e-05,0.6,0.4,True,True,4.560000000000021,0
R20,1835086203,202,281,0.9898969754588954,0.9907821870882352,0.05588309543096153,0.9898969754588954,0.41400000000000003,0.8185570412790459,0.906677853610267,0.6495855056439341,1.7051701966066681,282,0.28618119766593775,0.20361049847644702,0.08533179468198049,0.2715646224330969,0.09439889169945527,0.05891299504308258,0.2,0.4,True,True,4.590000000000021,0
R20,1835086203,203,282,0.9884474905746411,0.9889819375470135,0.05988522673288033,0.9884474905746411,0.4,0.818840002818933,0.9034743531176482,0.645174393398754,1.7101714640095067,281,0.21412990234868248,0.1926979698234086,0.058328209084644506,0.3039075306864334,0.10273719159606676,0.1281991964607644,0.0,0.4,True,True,4.620000000000021,0
R20,1835086203,204,281,0.9929677027397,0.9929765409127075,0.09257075369319992,0.9929677027397,0.256,0.8202716732936319,0.900395310202338,0.623093407948076,1.761661054787371,277,0.2136834342571527,0.2475188341487047,0.12405228495803296,0.3391287572367268,0.01218226944598677,0.06343441995339615,0.4,0.2,True,True,4.650000000000022,0
R20,1835086203,205,277,0.9902089153381999,0.990341877536909,0.07096996381931442,0.9902089153381999,0.35,0.8164738683528138,0.9052201740264031,0.6131588168695931,1.8081687415974275,276,0.3105578666772748,0.22335811738204686,0.12546924673778267,0.1976669329521036,0.061873748581623145,0.08107408766916886,1.0,0.0,True,True,4.680000000000022,0
R20,1835086203,206,276,0.9884999238140725,0.9884999253862272,0.161265164629043,0.9884999238140725,0.014000000000000002,0.8168618250325037,0.9085204834420659,0.6183943351597083,1.7985421507701442,275,0.29451647646228785,0.2522901813998212,0.08302458104334942,0.23729758799920203,0.13275699988537293,0.0001141732099666359,0.2,0.0,True,True,4.710000000000022,0
R20,1835086203,207,275,0.9839767792785421,0.9859956354049089,0.04928178614048656,0.9839767792785421,0.456,0.8200822715966474,0.9073990495401205,0.6078492834344007,1.8203084598607946,278,0.24130737837697352,0.2978505686112401,0.07769896340001087,0.2532587274876932,0.05647190895331611,0.0734124531707663,0.4,0.4,True,True,4.740000000000022,0
R20,1835086203,208,278,0.9878794952552004,0.9878794958913305,0.16846243664222585,0.9878794952552004,0.014000000000000002,0.8223240293966688,0.9120290970631145,0.6186897058793092,1.7926389275599546,279,0.32391521793553774,0.1793085444172803,0.07006631081700072,0.21605755304201024,0.15812675394174244,0.05252561984642863,0.2,0.0,True,True,4.770000000000023,0
R20,1835086203,209,279,0.9898094671265305,0.9898829339285309,0.07568843923311051,0.9898094671265305,0.326,0.8111750875142275,0.9126893476491443,0.6417806082113808,1.753160943324899,277,0.26577131798981957,0.14456606550039056,0.11501491740186498,0.246378136457591,0.22479936460001285,0.0034701980503211217,0.6,0.2,True,True,4.800000000000023,0
R20,1835086203,210,277,0.9885982687242384,0.989464740105532,0.056042830861669744,0.9885982687242384,0.42400000000000004,0.8049305373527217,0.9170548802666871,0.6657950881811626,1.711182521538676,280,0.35222957447219666,0.15780844130300734,0.0030351231995794196,0.21014760254697246,0.24096270395459948,0.035816554523644746,0.8,0.2,True,True,4.830000000000023,0
R20,1835086203,211,280,0.9908012361841111,0.9908053688521181,0.09860423623003309,0.9908012361841111,0.21400000000000002,0.8060658653352142,0.9195449565829689,0.6634429559580133,1.7194868111132624,277,0.29178525412020123,0.28982364670363486,0.026211815213088994,0.21482959475213048,0.12113688297483444,0.056212806236110004,0.2,0.2,True,True,4.860000000000023,0
R20,1835086203,212,277,0.9879754602971644,0.9879754629098862,0.15721765684328798,0.9879754602971644,0.014000000000000002,0.802077319508906,0.9235677087538204,0.6583309499201354,1.7490741899080076,277,0.3759297696482086,0.16194641808946217,0.07375995809158364,0.16847372927275542,0.10616144778961722,0.11372867710837296,0.2,0.0,True,True,4.890000000000024,0
R20,1835086203,213,277,0.9900101398330152,0.9906644637993438,0.05828787650632429,0.9900101398330152,0.4,0.7951280322099964,0.9261360301065991,0.6480001555681838,1.7974739509448265,288,0.29683383488087073,0.18595933874118556,0.07651668167371022,0.2463955267246189,0.07751150320030965,0.11678311477930509,0.0,0.4,True,True,4.920000000000024,0
R20,1835086203,214,288,0.9854914397747154,0.9854982989363523,0.09452841727257807,0.9854914397747154,0.21400000000000002,0.7938258115298292,0.9298292286012692,0.6608955563076129,1.7723322739465868,295,0.4171635180509916,0.1647720105809792,0.05446813556986366,0.13672477110350828,0.18847708148123715,0.03839448321342017,0.2,0.2,True,True,4.950000000000024,0
R20,1835086203,215,295,0.9921476469666151,0.9922485847547757,0.07317875686777017,0.9921476469666151,0.326,0.7974045000121486,0.9246543926506751,0.682119679010148,1.6999657672634847,297,0.2039578184933669,0.3623228017732827,0.03758550072530708,0.12280815252714221,0.23656839166648247,0.036757334814418695,0.6,0.2,True,True,4.980000000000024,0
R20,1835086203,216,297,0.9889059804671002,0.988905989718352,0.14716069974202564,0.9889059804671002,0.014000000000000002,0.7976517977612113,0.919997616330925,0.6756871800524809,1.7069770207929325,298,0.20719929140979648,0.20819457115646556,0.09854810349305985,0.23442516515690198,0.10889734471673813,0.14273552406703796,0.2,0.0,True,True,5.010000000000025,0
R20,1835086203,217,298,0.9893346631944652,0.989334663937674,0.16723577366495157,0.9893346631944652,0.0,0.7981673791600958,0.9203843772543724,0.6604983149200656,1.7458364235252435,298,0.2673330217499204,0.20204497349609055,0.03552365150885645,0.28073829746478657,0.0618992643641641,0.1524607914161819,0.0,0.0,True,True,5.040000000000025,0
R20,1835086203,218,298,0.9905044720323762,0.9905044744322299,0.15791449213628847,0.9905044720323762,0.014000000000000002,0.7902206644781481,0.9193330040682804,0.6944484834280591,1.6752685493818198,315,0.24959807095783307,0.17071623294048677,0.006135886830352391,0.16565687864171577,0.3353279006620569,0.07256502996755512,0.2,0.0,True,True,5.070000000000025,0
R20,1835086203,219,315,0.9840996040847401,0.9877142102839453,0.04465928805389615,0.9840996040847401,0.456,0.7995722610347823,0.916874976919112,0.6699454144842679,1.7116421880810677,305,0.23135778817806948,0.259786560286414,0.006522821069239596,0.4679583735683885,0.024708896995073643,0.009665559902814829,0.4,0.4,True,True,5.100000000000025,0
R20,1835086203,220,305,0.9890050183450987,0.9894489367724982,0.06136630839375137,0.9890050183450987,0.35,0.8001626772387842,0.9200480049282175,0.6690520104756895,1.7185901469081057,310,0.30020971068826346,0.19140729943725895,0.037807710963773625,0.3227929043512893,0.130505687199242,0.01727668736017258,1.0,0.0,True,True,5.130000000000026,0
R20,1835086203,221,310,0.992168780875788,0.9923464852116658,0.06867719034383968,0.992168780875788,0.326,0.7909356251412547,0.9156258208488025,0.6804768050783229,1.7012320961201712,317,0.20725270208744842,0.15855620612419016,0.09643347976672895,0.3294671376566025,0.19164997825101154,0.01664049611401851,0.6,0.2,True,True,5.160000000000026,0
R20,1835086203,222,317,0.9899364386694796,0.9900378233008705,0.07312584095730561,0.9899364386694796,0.326,0.7917829840684988,0.9136489129641674,0.6585346604758673,1.7522438307099697,323,0.23505478947256292,0.26483488346731016,0.044138740541428266,0.2103695027268196,0.03052767952688376,0.2150744042649953,0.6,0.2,True,True,5.190000000000026,0
R20,1835086203,223,323,0.9882195578894611,0.9882195627034306,0.15235498703235356,0.9882195578894611,0.0,0.7927620239993071,0.917966467315959,0.6643044624834614,1.7430779512138164,324,0.3161322658100088,0.22122657740156243,0.018445610650742766,0.2302277932036158,0.15811634027590454,0.05585141265816573,0.0,0.0,True,True,5.220000000000026,0
R20,1835086203,224,324,0.9898483183908383,0.990065843678728,0.06704939599717737,0.9898483183908383,0.35,0.7933353340921522,0.922068143950161,0.6671127849294625,1.7422358928547284,324,0.40527162786805293,0.22673976036115331,0.00032111026200351404,0.18002377768734418,0.14619384347173597,0.04144988034971012,1.0,0.0,True,True,5.250000000000027,0
R20,1835086203,225,324,0.9897774701976668,0.9897997294840905,0.0851926914062858,0.9897774701976668,0.256,0.7971854822419537,0.925964736752653,0.6608920689556074,1.7575372025707645,323,0.35684401296351403,0.22902273740967843,0.05590080369562716,0.1810326611879316,0.1024528125954558,0.07474697214779302,0.4,0.2,True,True,5.280000000000027,0
R20,1835086203,226,323,0.9915709059429303,0.9915860437878986,0.08827614177019234,0.9915709059429303,0.256,0.7975412452182347,0.9222438178336286,0.6502892100600384,1.7782223013073517,326,0.219716473982603,0.20223065201593535,0.13190244686935754,0.35870849166818075,0.0774317399999585,0.010010195463964856,0.4,0.2,True,True,5.310000000000027,0
R20,1835086203,227,326,0.9887582144352104,0.9887613830297481,0.1007022731434704,0.9887582144352104,0.2,0.7986353225449222,0.9210899247474564,0.6410333655180185,1.7991728230708433,328,0.2494787225688652,0.25929294045748036,0.03271045178936478,0.21801598383107232,0.07886538231991952,0.16163651903329787,0.0,0.2,True,True,5.340000000000027,0
R20,1835086203,228,328,0.9799241305620622,0.9921561021091739,0.03499111498213911,0.9799241305620622,0.526,0.7941414719803468,0.9250354285100836,0.6277826204007723,1.8554583129015902,327,0.369763256517835,0.16893565734032295,0.006375781821277686,0.28090409079258816,0.05426295717277789,0.11975825635519818,0.6,0.4,True,True,5.370000000000028,0
R20,1835086203,229,327,0.9908842846334261,0.9911516624069764,0.06541558011781122,0.9908842846334261,0.35,0.7962538313680773,0.9227117548848247,0.626864091783425,1.8485922378121689,335,0.2366012225030669,0.256374824045992,0.019334378710881197,0.37031107343748093,0.10929866711364933,0.008079834188929729,1.0,0.0,True,True,5.400000000000028,0
R20,1835086203,230,335,0.9897243520893838,0.9897246185140193,0.120418787458527,0.9897243520893838,0.126,0.7988976000827994,0.9265761671405834,0.6246567892404037,1.8567291008306557,337,0.33728823377052775,0.17196992064567235,0.001305458565804817,0.1707926291671109,0.10239553317660638,0.21624822467427796,0.6,0.0,True,True,5.430000000000028,0
R20,1835086203,231,337,0.9891229401423346,0.990143602859489,0.054744602480000994,0.9891229401423346,0.42400000000000004,0.8032756481413217,0.9302473587835542,0.6265568918562613,1.8483037004055674,329,0.47833253943564,0.16674699984236924,0.003137134110657255,0.17463705416067324,0.12182890769948981,0.05531736475117032,0.8,0.2,True,True,5.460000000000028,0
R20,1835086203,232,329,0.9894107712258424,0.9919134932682883,0.04761921376980478,0.9894107712258424,0.456,0.8050075848830287,0.9248574135478753,0.6557279547283705,1.7520686188100492,324,0.20153028379373497,0.15923680057714637,0.10204822623776746,0.14878429864864204,0.25913376028867663,0.12926663045403233,0.4,0.4,True,True,5.490000000000029,0
R20,1835086203,233,324,0.991870300351317,0.9918763274255865,0.09560919291576206,0.991870300351317,0.2,0.801679515402132,0.9247680818762565,0.6604692713151835,1.746543587445025,325,0.2644192375721871,0.15919118312772407,0.041288142407320004,0.3376244918964499,0.15157056029825006,0.045906384698068944,0.0,0.2,True,True,5.520000000000029,0
R20,1835086203,234,325,0.9871179452917647,0.9892914627694188,0.04872077063517838,0.9871179452917647,0.456,0.8012724261768064,0.9285296777824437,0.6468236852940464,1.791553067867662,332,0.45197264922398045,0.17106910175292914,0.08307885818955608,0.1835629248400363,0.062006705551906405,0.04830976044159166,0.4,0.4,True,True,5.550000000000029,0
R20,1835086203,235,332,0.9878050319128212,0.9889172405361418,0.05405100144325627,0.9878050319128212,0.41400000000000003,0.8041577038109402,0.9314608530743184,0.6496304621502731,1.7830232204445633,331,0.30447073976246125,0.20933923525303422,0.07278730734966087,0.242596140165261,0.1374457269281562,0.033360850541426415,0.2,0.4,True,True,5.580000000000029,0
R20,1835086203,236,331,0.9920130884932985,0.993149398070501,0.05391434643104955,0.9920130884932985,0.4,0.8040356970676081,0.9348878104206024,0.6377105913915778,1.8233100950969507,336,0.33801078747240076,0.1663457335729125,0.09607246920467857,0.31764156331746446,0.06521587728165994,0.016713569150883636,0.0,0.4,True,True,5.61000000000003,0
R20,1835086203,237,336,0.9919462316963206,0.9919462401625793,0.1478909554583131,0.9919462316963206,0.014000000000000002,0.8055449324395637,0.9381434198995723,0.6260587011485791,1.8602204354102172,329,0.5014944371142127,0.16606394118135123,0.0091534541282117,0.2054615341262973,0.06059584448079547,0.05723078896913164,0.2,0.0,True,True,5.64000000000003,0
R20,1835086203,238,329,0.9903699991053797,0.9912378866748516,0.05604408317989165,0.9903699991053797,0.41400000000000003,0.8024597758047449,0.9412362489045937,0.6260594574598124,1.8735262903406011,329,0.3943400892638602,0.20947887701745627,0.016611972286315196,0.14048849199009092,0.11303313213045593,0.12604743731182133,0.2,0.4,True,True,5.67000000000003,0
R20,1835086203,239,329,0.9896128405665149,0.9896323356902718,0.08624681058473578,0.9896128405665149,0.256,0.7980683522827093,0.9436427840396356,0.6226739767596624,1.8989206550661843,332,0.30585434475339557,0.25166816536457554,0.04844057106334785,0.2821737328320301,0.09610232522915613,0.015760860757494857,0.4,0.2,True,True,5.70000000000003,0
R20,1835086203,240,332,0.9869841500707666,0.990582501530155,0.04471824723275662,0.9869841500707666,0.456,0.7978366631321183,0.9464606448376539,0.6333740784870391,1.8729590623843135,338,0.36560621876258265,0.18603395325221145,0.016543984126578135,0.21484388451921366,0.16483749701671446,0.05213446232269967,0.4,0.4,True,True,5.730000000000031,0
R20,1835086203,241,338,0.9733847016052798,0.9924163777482927,0.03147443891304059,0.9733847016052798,0.55,0.7963859728996967,0.945548802405192,0.6242612397340963,1.901927580814305,336,0.2676398726177605,0.21138409341221218,0.06047720793532701,0.30801230178079225,0.07112284547880561,0.08136367877510255,1.0,0.2,True,True,5.760000000000031,0
R20,1835086203,242,336,0.9859819130860109,0.9870044928228602,0.054704389425351524,0.9859819130860109,0.41400000000000003,0.8000815661508206,0.9449016938777403,0.6189687638802985,1.9080231080317174,326,0.270379144910098,0.19789392910620018,0.17150986097003537,0.21738142830991297,0.08566824059805916,0.057167396105694504,0.2,0.4,True,True,5.790000000000031,0
R20,1835086203,243,326,0.8989716110917239,0.9928889449527426,0.018771479459494138,0.8989716110917239,0.656,0.8001973852141566,0.9396632353978988,0.6201223575012206,1.8936413045894351,330,0.21258282767556896,0.30487953245987426,0.0019372093277352613,0.29440538009399786,0.11525235004475931,0.07094270039806443,0.4,0.6,True,True,5.820000000000031,0
R20,1835086203,244,330,0.9909811050041475,0.9923663253340159,0.05233138843464534,0.9909811050041475,0.41400000000000003,0.7997474514808494,0.9338725798377233,0.6211373687944564,1.8799534733333976,332,0.20240632762149427,0.16107580629990118,0.22421951075500934,0.28288156634359723,0.11513623521678917,0.014280553763208841,0.2,0.4,True,True,5.850000000000032,0
R20,1835086203,245,332,0.9892592679698272,0.9892592755056697,0.14879606058329678,0.9892592679698272,0.0,0.8058455756913611,0.9282703959173594,0.6103404888924379,1.8873415159699827,330,0.20114306339402824,0.3988223052844431,0.031409657856175284,0.1644096755631874,0.05658428488713563,0.14763101301503032,0.0,0.0,True,True,5.880000000000032,0
R20,1835086203,246,330,0.9904473945926298,0.9906827335221134,0.06642780383028578,0.9904473945926298,0.35,0.8064182256516768,0.9282161604868527,0.6001696877010494,1.9178504274537782,326,0.2669910545670163,0.20474144590431842,0.018619233157221433,0.41335005855651863,0.05431623848927658,0.04198196932564876,1.0,0.0,True,True,5.910000000000032,0
R20,1835086203,247,326,0.9906744399641736,0.9906744512474678,0.1455943347102805,0.9906744399641736,0.014000000000000002,0.8068282980523567,0.9228236467728892,0.6401527189309445,1.7867097123600222,323,0.20022867887973936,0.16099851434203927,0.0018335343957234986,0.20031317242860006,0.32776148637425895,0.10886461357963907,0.2,0.0,True,True,5.940000000000032,0
R20,1835086203,248,323,0.9892177581573761,0.9892219457368474,0.09848643455650209,0.9892177581573761,0.22400000000000003,0.8066300011952386,0.9179096698253973,0.6340690692842819,1.7946881942275505,326,0.20284006738940719,0.2851253815713617,0.028159160560846667,0.328435357224133,0.08965811123215876,0.06578192202209267,0.8,0.0,True,True,5.970000000000033,0
R20,1835086203,249,326,0.9924691196782762,0.9937851159934096,0.05275083551547239,0.9924691196782762,0.41400000000000003,0.8088689048876291,0.9134692855377671,0.6292591108957529,1.7946769982027677,328,0.20568874004549534,0.192492308559342,0.049975955193198474,0.42111523962633574,0.0929847426994964,0.037743013876131916,0.2,0.4,True,True,6.000000000000033,0
R20,1835086203,250,328,0.9892874248080679,0.9892875705176479,0.12521898540799267,0.9892874248080679,0.126,0.8155086010148948,0.9154000013242863,0.6164140161221126,1.8209996305343896,322,0.28255225079259516,0.3122891677568794,0.03421009631671629,0.20394319936664285,0.05040408157967462,0.11660120418749159,0.6,0.0,True,True,6.030000000000033,0
R20,1835086203,251,322,0.9909472437314565,0.9917864010637215,0.056316454462528164,0.9909472437314565,0.41400000000000003,0.8193781370181912,0.919630001258072,0.6043450271314112,1.8571364171509956,316,0.39958485397578525,0.17746023652148557,0.025456486608752292,0.30529958872831725,0.04786206310754956,0.04433677105811016,0.2,0.4,True,True,6.060000000000033,0
R20,1835086203,252,316,0.9901966927276034,0.9913047437158803,0.05410000791357868,0.9901966927276034,0.41400000000000003,0.8226675081641851,0.9194117848686074,0.6092558330675467,1.834366140638887,315,0.25954104591798777,0.24896566590743038,0.1016633558061642,0.21791844453388495,0.1267265432463828,0.04518494458814972,0.2,0.4,True,True,6.090000000000034,0
R20,1835086203,253,315,0.978707905297236,0.9914306777744285,0.03467214060437767,0.978707905297236,0.526,0.8266770760614736,0.9202271997373561,0.6146177611813483,1.8111485178791018,314,0.27232505140223834,0.27716743236858565,0.06544753897465524,0.20695187559497166,0.13143755710278113,0.04667054455676793,0.6,0.4,True,True,6.120000000000034,0
R20,1835086203,254,314,0.9917957595094234,0.9937748265052948,0.049502791873160354,0.9917957595094234,0.456,0.8236140242983208,0.9199632931218642,0.6178579998104696,1.8078320936630934,324,0.2593431671421981,0.37431883556998785,0.006351911623080482,0.17543733189585428,0.12351007373628094,0.06103868003259854,0.4,0.4,True,True,6.150000000000034,0
R20,1835086203,255,324,0.9925181273790322,0.9925331728856389,0.08833244517364065,0.9925181273790322,0.256,0.8192823669418056,0.923965128465771,0.6078858643310341,1.8552392697650826,324,0.4165695163738352,0.164788807034946,0.055445267627388085,0.280988742469726,0.05906832250805738,0.023139343986047313,0.4,0.2,True,True,6.180000000000034,0
R20,1835086203,256,324,0.991175864860877,0.9911758893341134,0.13943521987681012,0.991175864860877,0.05600000000000001,0.8249249425680251,0.9269077533744611,0.6257581649838876,1.7956246334926562,325,0.3017610166497339,0.2762185879171183,0.033959870351179,0.12662709176818426,0.19330443542978437,0.06812899788399995,0.4,0.0,True,True,6.210000000000035,0
R20,1835086203,257,325,0.9924786030603401,0.9924786052882996,0.1585219468139038,0.9924786030603401,0.014000000000000002,0.8203368382247267,0.9227157372454866,0.6211702871650199,1.8107772917573979,334,0.21441714424685757,0.33344435921117394,0.12366821258863597,0.225578798333689,0.08993969339760528,0.01295179222203829,0.2,0.0,True,True,6.240000000000035,0
R20,1835086203,258,334,0.9886720356349232,0.9897885555802194,0.05402721534450962,0.9886720356349232,0.41400000000000003,0.8200419760014264,0.9265799503832123,0.6200790035024062,1.822215721062361,341,0.36037657971885756,0.19288677962510026,0.06701302223840322,0.2347121558886898,0.10512872526944128,0.03988273725950799,0.2,0.4,True,True,6.270000000000035,0
R20,1835086203,259,341,0.9901617054960634,0.9901651087330334,0.1001449068751942,0.9901617054960634,0.21400000000000002,0.8122475209583119,0.9302509528640517,0.6385219675703236,1.79364249960259,353,0.32516360440916037,0.1828020075918219,0.04299310306940043,0.22104513063977055,0.20225432209079014,0.025741832199056548,0.2,0.2,True,True,6.300000000000035,0
R20,1835086203,260,353,0.9787387638727326,0.9905021267545081,0.03528878070402868,0.9787387638727326,0.526,0.8075828740293477,0.9282509578153695,0.6574274684668255,1.7483583812790624,352,0.2439069074315042,0.18370055131122148,0.00011945188950513275,0.32812006327050136,0.21378848826767116,0.030364537829596625,0.6,0.4,True,True,6.330000000000036,0
R20,1835086203,261,352,0.9917650792246123,0.9917650811737168,0.15958061271957286,0.9917650792246123,0.0,0.811492082576971,0.9261972847336717,0.6462478450853997,1.7661195931861635,342,0.241985935113383,0.2260146364541284,0.04728631921715,0.2909406180163418,0.07281561732628367,0.12095687387271316,0.0,0.0,True,True,6.360000000000036,0
R20,1835086203,262,342,0.9897270213928292,0.9897526614719759,0.08406677872754406,0.9897270213928292,0.256,0.8069709244184451,0.9252779222625604,0.6381169649202556,1.7968590929211146,341,0.2548812720696538,0.15455111608285868,0.012838862355398035,0.487199158989259,0.08246952171697947,0.008060068785851032,0.4,0.2,True,True,6.390000000000036,0
R20,1835086203,263,341,0.9899718906139826,0.9899869936980101,0.08828159453414526,0.9899718906139826,0.256,0.8054078627790889,0.9271547939959877,0.6460621773040097,1.7818127672202324,342,0.28925959808194107,0.22856731962926574,0.12362490735681027,0.1967615576650092,0.15878454437889822,0.003002072888075502,0.4,0.2,True,True,6.420000000000036,0
R20,1835086203,264,342,0.9879092549430313,0.9879901088208418,0.0749105495162074,0.9879092549430313,0.326,0.8038748709006742,0.9240175599503445,0.6642782367182686,1.7303810388884895,348,0.2277563206769529,0.18919975056631258,0.038145573667488684,0.24043033940407912,0.21411138572329919,0.09035662996186761,0.6,0.2,True,True,6.450000000000037,0
R20,1835086203,265,348,0.9806177558389939,0.9898324912214502,0.03722713617989615,0.9806177558389939,0.526,0.8054933743244648,0.9247193659930178,0.6691332006782276,1.7156764954799415,341,0.2737835505023817,0.23935229539612732,0.04439651243574849,0.24313083524660362,0.156413938158929,0.042922868260209884,0.6,0.4,True,True,6.480000000000037,0
R20,1835086203,266,341,0.9909682121336416,0.9909849475222294,0.08747269926477665,0.9909682121336416,0.256,0.8037448350444308,0.9261015148713718,0.6592372154564273,1.7478279628433835,340,0.282726464725061,0.19139344405243747,0.125184778206725,0.24005923182098726,0.08508667423011251,0.0755494069646769,0.4,0.2,True,True,6.510000000000037,0
R20,1835086203,267,340,0.99227929756111,0.9922793061756395,0.1477554285288187,0.99227929756111,0.014000000000000002,0.8019752591583694,0.9287786047294051,0.6542146768373118,1.7702351052859044,340,0.2997770700200239,0.17780548497825654,0.06706390471272938,0.3379267414005523,0.10450591463263639,0.012920884255801401,0.2,0.0,True,True,6.540000000000037,0
R20,1835086203,268,340,0.9918504127113256,0.9918504952873528,0.1297600758697197,0.9918504127113256,0.05600000000000001,0.794917206080387,0.9320433717257832,0.6483843972729335,1.8083465811118233,353,0.308796215410605,0.17172279615295052,0.10253066727499675,0.19765543805960528,0.09795594059676405,0.12133894250507854,0.4,0.0,True,True,6.570000000000038,0
R20,1835086203,269,353,0.9910995454648241,0.991103545157921,0.098866970210879,0.9910995454648241,0.2,0.7972059671907534,0.9340376708836352,0.6413681770058873,1.8267808228860107,352,0.29495584680176395,0.1778625973746983,0.04764741275303989,0.3279105131641633,0.08911109730123602,0.06251253260509863,0.0,0.2,True,True,6.600000000000038,0
R20,1835086203,270,352,0.9916499101741408,0.9936906336958417,0.049257911176762086,0.9916499101741408,0.42400000000000004,0.7980597466892144,0.9313738135176353,0.6302429088310291,1.8517427341344936,348,0.23797532722727305,0.2665727899226965,0.04863205164022052,0.311150319186058,0.0650577476286523,0.07061176439509964,0.8,0.2,True,True,6.630000000000038,0
R20,1835086203,271,348,0.990322745564934,0.9903227600939986,0.1435789797099859,0.990322745564934,0.014000000000000002,0.793323880706879,0.9269320297157226,0.6297379582354612,1.8553997335072372,356,0.2140863359246144,0.18286282186243785,0.0853984432581734,0.30238042329425824,0.11259670143767515,0.10267527422284106,0.2,0.0,True,True,6.660000000000038,0
R20,1835086203,272,356,0.988978734927974,0.9926366174069488,0.044604122743901665,0.988978734927974,0.456,0.7970202982474791,0.9272827264860558,0.666764162411915,1.7448999840526087,352,0.2712162282014919,0.17824049168584294,0.010595554580620073,0.22585580522730472,0.30603504080369603,0.008056879501044193,0.4,0.4,True,True,6.690000000000039,0
R20,1835086203,273,352,0.9892835896998647,0.9892875708335775,0.09888939410376264,0.9892835896998647,0.21400000000000002,0.7950104484535824,0.930918590161753,0.653840239519914,1.790883032014337,357,0.43200861945436436,0.1641540691748962,0.017579290624747605,0.2941787037344565,0.06876246674595238,0.023316850265583014,0.2,0.2,True,True,6.720000000000039,0
R20,1835086203,274,357,0.9871922872885006,0.9883697596182274,0.05359269194255169,0.9871922872885006,0.41400000000000003,0.7902502007737048,0.9312376186872412,0.6884562155679226,1.7116681577794397,359,0.27331197541969804,0.212442962492604,0.015500520729471357,0.1277376966492515,0.34673322139125207,0.024273623317722908,0.2,0.4,True,True,6.750000000000039,0
R20,1835086203,275,359,0.985337065871724,0.9857295987957652,0.06231558175886351,0.985337065871724,0.35,0.7902582174817517,0.9346757377528792,0.6815298322065554,1.7354299099886823,363,0.3244832311385851,0.25694701910773765,0.010113373157999461,0.1661795538309281,0.10959619097712509,0.13268063178762454,1.0,0.0,True,True,6.780000000000039,0
R20,1835086203,276,363,0.9915571125142011,0.9919151955801983,0.06309655242047693,0.9915571125142011,0.35,0.7956202259021169,0.9379419508652352,0.6698380198797498,1.7599500876589256,356,0.314760811190163,0.16673073136192035,0.08940303197330685,0.2532470096786377,0.08230585446924939,0.0935525613267228,1.0,0.0,True,True,6.81000000000004,0
R20,1835086203,277,356,0.9898112356086103,0.989811601243734,0.11789976907917352,0.9898112356086103,0.126,0.7993633231116862,0.9350293351216189,0.6624806126638065,1.7656631178808317,346,0.2373060224955681,0.2264736050327237,0.08769879957113895,0.3080327447442847,0.09813197386015854,0.042356854296126074,0.6,0.0,True,True,6.84000000000004,0
R20,1835086203,278,346,0.9910207501083508,0.9925922744065333,0.05132874401589504,0.9910207501083508,0.42400000000000004,0.7973835483563554,0.938277868365538,0.6754333719891353,1.7421345225366254,347,0.3169206820476895,0.19068974017563617,0.04737346019022561,0.1870829411753815,0.19600410295854728,0.06192907345252005,0.8,0.2,True,True,6.87000000000004,0
R20,1835086203,279,347,0.9920002514544863,0.9920047676015361,0.09790752106997612,0.9920002514544863,0.2,0.7969708365130455,0.9324419514164202,0.6857512334270965,1.706132585214163,354,0.20097470586448946,0.20313731738012458,0.008508741892711846,0.24702335058107466,0.1893059931843739,0.15104989109722558,0.0,0.2,True,True,6.90000000000004,0
R20,1835086203,280,354,0.9877812654735194,0.991116447627766,0.04532709261481439,0.9877812654735194,0.456,0.791766865381629,0.9277663977016629,0.6703178200432196,1.7480769686799675,357,0.2118317982007966,0.23215726514747603,0.008366254602208696,0.3040580442494847,0.06570854979416357,0.17787808800587043,0.4,0.4,True,True,6.930000000000041,0
R20,1835086203,281,357,0.9691396126013583,0.9891399771634692,0.031052931894473515,0.9691396126013583,0.55,0.7984761046206216,0.9238532892476611,0.696716051925305,1.6606773753316026,342,0.21844014288851604,0.17934235145668923,0.009280526751817649,0.25351214862767174,0.26715006943203634,0.07227476084326893,1.0,0.2,True,True,6.960000000000041,0
R20,1835086203,282,342,0.9921208607826675,0.9921208627932719,0.15933618437927377,0.9921208607826675,0.0,0.7981021544567375,0.9270817157497984,0.7140189159526444,1.6268586294430023,336,0.30526363705650394,0.19079229631591663,0.020220191921337005,0.2203599488297665,0.23487234609935012,0.02849157977712584,0.0,0.0,True,True,6.990000000000041,0
R20,1835086203,283,336,0.9921195155710174,0.9921303990555748,0.09090694861295189,0.9921195155710174,0.22400000000000003,0.8012347881578799,0.9307276299623084,0.713413138049314,1.6282523231950614,333,0.4840855979947422,0.23912854026806038,0.013264176751066016,0.08624226038544376,0.15398056845967037,0.023298856141017274,0.8,0.0,True,True,7.020000000000041,0
R20,1835086203,284,333,0.9890491091717568,0.9907176015767064,0.05083709095976742,0.9890491091717568,0.41400000000000003,0.7953545683609523,0.9315566848944927,0.7235175206262914,1.6188233288146943,334,0.27956795537874646,0.17378043469832205,0.050223308502954735,0.218145493186967,0.20722848190954385,0.07105432632346578,0.2,0.4,True,True,7.050000000000042,0
R20,1835086203,285,334,0.9886303460381396,0.9886303753901085,0.13796777227271578,0.9886303460381396,0.05600000000000001,0.7968358739181189,0.934978850649768,0.705130342661956,1.6640390201153838,336,0.563730143710384,0.23244403679340866,0.020706260162333814,0.101957206185774,0.06982287049146835,0.011339482656631298,0.4,0.0,True,True,7.080000000000042,0
R20,1835086203,286,336,0.9888692548740446,0.9908202840447327,0.049592669300554594,0.9888692548740446,0.42400000000000004,0.7988575089474259,0.9365729299836785,0.6846428651565333,1.7124117246711783,330,0.29178777332998523,0.24884788951970654,0.015592948967205138,0.39279810717754354,0.050127783803864526,0.0008454972016951462,0.8,0.2,True,True,7.110000000000042,0
R20,1835086203,287,330,0.9910841988673876,0.9910958694849339,0.09034280870788015,0.9910841988673876,0.22400000000000003,0.799826710048285,0.9397442834844946,0.6783532416331552,1.7320398691297552,333,0.3660445600066441,0.21341489403907055,0.05103946906668875,0.17809310730112285,0.11087331496137667,0.08053465462509701,0.8,0.0,True,True,7.140000000000042,0
R20,1835086203,288,333,0.991324094518302,0.9913381647053677,0.088856349386457,0.991324094518302,0.2,0.8042644170504862,0.9427570693102698,0.6611114891703552,1.7730714560152845,332,0.3738177414960123,0.1952243344307578,0.010439379246772167,0.33251080875343,0.052967858502577736,0.035039877570449934,0.0,0.2,True,True,7.170000000000043,0
R20,1835086203,289,332,0.9856154618743513,0.9856228048176277,0.0939869077031875,0.9856154618743513,0.22400000000000003,0.8061357062883928,0.9405943432088406,0.6504502560842991,1.7938251789929045,329,0.24968909205105413,0.2690122798444174,0.016027402519400186,0.33156942289113034,0.07724957915489712,0.056452223539101086,0.8,0.0,True,True,7.200000000000043,0
R20,1835086203,290,329,0.9887541661751704,0.9887544901134908,0.11885509122948099,0.9887541661751704,0.126,0.8108755855281848,0.943296640292986,0.6375311127551113,1.8247050712641464,323,0.30915017805734285,0.1904462928594462,0.07090211334227453,0.3454956343564247,0.060629411396211016,0.023376369988300533,0.6,0.0,True,True,7.230000000000043,0
R20,1835086203,291,323,0.9801663893762923,0.9898985262684337,0.03679281136434597,0.9801663893762923,0.526,0.8158078715543051,0.9461318082783367,0.637186830144599,1.8201071724790938,316,0.4335829023311955,0.16879923787622517,0.021589398931039387,0.25042155858697007,0.11704414332499415,0.008562758949575824,0.6,0.4,True,True,7.260000000000043,0
R20,1835086203,292,316,0.993228001903812,0.9932281016802031,0.12826498099594844,0.993228001903812,0.126,0.8172445118935043,0.9488252178644199,0.6296685762321046,1.843835557004183,315,0.3216692393593814,0.18367338806188327,0.06905333395633836,0.3389098572370957,0.0810021455098277,0.005692035875473511,0.6,0.0,True,True,7.290000000000044,0
R20,1835086203,293,315,0.9486891580863727,0.9909807705231453,0.025106923027713907,0.9486891580863727,0.614,0.8220546941743165,0.9513839569711988,0.6323367931009757,1.8302341634555945,306,0.3493332000823572,0.1694226307155337,0.059482525926251334,0.2205928375656401,0.12817537246040775,0.0729934332498098,0.2,0.6,True,True,7.320000000000044,0
R20,1835086203,294,306,0.9901773467342128,0.9909000864256006,0.05749816771406936,0.9901773467342128,0.41400000000000003,0.8200349546412784,0.9538147591226389,0.635044207365371,1.8315876836659584,302,0.3253808720441488,0.18245039670781127,0.051872673322244614,0.11979542469844574,0.12970546787246456,0.190795165354885,0.2,0.4,True,True,7.350000000000044,0
R20,1835086203,295,302,0.9855667171826947,0.986401070670745,0.05631881325555379,0.9855667171826947,0.41400000000000003,0.8185742111224228,0.9519710963104309,0.6399047874821123,1.8173992518913473,305,0.26058843929904846,0.23241037030035272,0.06439986549877087,0.13351908380499355,0.1418250042663918,0.16725723683044247,0.2,0.4,True,True,7.380000000000044,0
R20,1835086203,296,305,0.9924307010225804,0.9925667437210367,0.07080550959306538,0.9924307010225804,0.326,0.8180507769225839,0.947829727350443,0.6345358593661468,1.8259710759835814,300,0.23071482319417172,0.24713486852313452,0.18510193242552236,0.15493641434587527,0.09310775316122816,0.08900420835006805,0.6,0.2,True,True,7.4100000000000446,0
R20,1835086203,297,300,0.9795018805932593,0.9913518821064233,0.035237194653900517,0.9795018805932593,0.526,0.8145351804065402,0.9504382409829208,0.6397989073348345,1.823772073360669,306,0.31882869754761856,0.18418543016459774,9.523512970879018e-06,0.35255199643511664,0.14358316952651204,0.0008411828131840333,0.6,0.4,True,True,7.440000000000045,0
R20,1835086203,298,306,0.9793861835062917,0.9885012386751448,0.03730300032535916,0.9793861835062917,0.526,0.8166267817250309,0.946832607428258,0.650627270684159,1.7820394935752448,307,0.23645348118103982,0.24961428147786574,0.04784902171954317,0.16530858696114098,0.17404127041404005,0.1267333582463703,0.6,0.4,True,True,7.470000000000045,0
R20,1835086203,299,307,0.9919582524772325,0.9919582544968517,0.15929926973890776,0.9919582524772325,0.014000000000000002,0.8167165814458677,0.9494909770568452,0.650564583320846,1.7870185159653338,315,0.34491152221568844,0.20813520129491067,0.05917219965250049,0.2347702908373383,0.12500019852551433,0.02801058747404763,0.2,0.0,True,True,7.500000000000045,0
