step,seed,kind,V,H_N,h_n_spectral,avg_wb,theta_capability,transfer_state,absorption_denominator,g,g_unfloored_ratio,g_pre_step,g_change_within_step,population,novelty_vector_count,psi_inst_stock,H_eff,H_E,U_sys,L_t,incumbent_capability,incumbent_generation,successor_present,total_suppression,adapter_active,adapter_score,defense_fired,action_modified,live_yield_evaluated,live_yield_margin,live_transition_cost,reference_T_incumbent,reference_T_successor,reference_theta_incumbent,reference_theta_successor,reference_margin,reference_transition_cost,reference_soft_condition,reference_hard_condition,reference_soft_only,g_star,x_compute,x_bio_welfare,x_novelty_agency,x_institutional_capacity,x_transfer_comprehension,x_resilience,c_protective,c_suppressive
0,1835086199,ATTACK,0.07126356581114615,0.9861393369094036,0.9861393369094036,0.6415908998943635,0.508,0.55,0.35287499494189994,1.4396032795796172,1.4396032795796172,1.5226113964350345,-0.08300811685541731,204,200,0.55,0.6453519850807139,0.22119921692859512,15.933662052916375,0.09917123954735332,1.0,1,False,0.15600000000000003,False,0.0,False,False,False,,,1.0,0.503556489939594,0.27940000000000004,0.14069368328912257,-3.9386242872390076,4.286823210451209,True,True,False,1.0965735902799727,0.09999999999999998,0.09999999999999998,0.09999999999999998,0.29999999999999993,0.29999999999999993,0.09999999999999998,0.4,0.1
1,1835086199,ATTACK,0.00341212396720545,0.9858050796656369,0.9858050796656369,0.657902751372711,0.5078830104266459,0.5950000000000001,0.39145213706676313,1.2974332295956406,1.2974332295956406,1.4396032795796172,-0.14217004998397664,204,204,0.5950000000000001,0.6615351517138015,0.05,17.435952202913708,0.11894619194343942,1.0,1,False,0.8140000000000001,False,0.0,False,False,False,,,1.0,0.6691685692426959,0.3021903912038543,0.20221631172077373,-3.14806550300497,4.080558886539826,True,True,False,1.0965735902799727,0.003537630333073015,0.2825616023049382,0.034393371506957086,0.2731228264366012,0.3888677287378062,0.01751684068062426,0.2,0.8
2,1835086199,ATTACK,0.09861873839698908,0.9796172438412261,0.9796172438412261,0.6732790178218481,0.51357616490848,0.6342847238161209,0.42705059587032,1.2026119852656398,1.2026119852656398,1.2974332295956406,-0.09482124433000072,204,204,0.6302850175482068,0.6727468504902618,0.17322962385750007,18.89167581164801,0.1381267421743391,1.0,1,False,0.05600000000000001,False,0.0,False,False,False,,,1.0,0.8089025795756131,0.3257535159175178,0.26350285933150563,-2.1116472112598674,3.939426187403474,True,True,False,1.0965735902799727,0.07609131253958082,0.18459823606774378,0.1628716717303915,0.2490228070373031,0.293923619080604,0.033492353544376685,0.4,0.0
3,1835086199,ATTACK,0.0023958589333220224,0.9864424268987213,0.9864424268987213,0.6860310504523037,0.5260140203565346,0.6708562514345088,0.46022821887411086,1.1429416945431121,1.1429416945431121,1.2026119852656398,-0.05967029072252772,209,204,0.6672565157933861,0.7071829903811717,0.3362805543610491,21.08466786040584,0.16651425579244036,1.0,1,False,0.8560000000000001,False,0.0,False,False,False,,,1.0,0.9114338970783454,0.35287979389838015,0.32162660575300395,-1.1797994341649856,3.8075615021738667,True,True,False,1.0965735902799727,0.16395829616848148,0.20606490346174075,0.02382699688779728,0.29823678418695426,0.3006315696563991,0.007281449638627243,0.4,0.8
4,1835086199,ATTACK,0.003913738694748196,0.981474854750831,0.981474854750831,0.696909661140413,0.5430284356374045,0.6845598160327272,0.47707634942171134,1.1382422044094977,1.1382422044094977,1.1429416945431121,-0.00469949013361437,211,209,0.7005308642140474,0.7216192704065606,0.4358005099914517,22.719755737754976,0.18791842803017178,1.0,1,False,0.8140000000000001,False,0.0,False,False,False,,,1.0,0.9200408311316508,0.3717354460004813,0.3420117886993777,-1.2020623058010953,3.7007837630039297,True,True,False,1.0965735902799727,0.22893895373370934,0.19204626496815835,0.03113213381140723,0.2821535982337106,0.20394594870834648,0.061783100544667915,0.2,0.8
5,1835086199,ATTACK,0.04249287162566172,0.9852455906551406,0.9852455906551406,0.7052654802415645,0.556655015446801,0.7161038344294545,0.505043314691715,1.1021926224022793,1.1021926224022793,1.1382422044094977,-0.03604958200721842,216,211,0.7184330812046713,0.7504484810212242,0.38924693456647463,24.80309878186364,0.21491628769001817,1.0,1,False,0.4,False,0.0,False,False,False,,,1.0,0.9888248469122912,0.39862279101584136,0.3941681203019896,-0.19213748628908073,3.6474276136201844,True,True,False,1.0965735902799727,0.1972250198908332,0.19505468105245613,0.018248822454554912,0.21797865187285734,0.3378151002875959,0.03367772444170264,0.0,0.4
6,1835086199,ATTACK,0.04036900964617912,0.9859196114892687,0.9859196114892687,0.7217203898114734,0.5686531801151521,0.7377173491482655,0.5324256527979729,1.0680424151743972,1.0680424151743972,1.1021926224022793,-0.03415020722788209,210,216,0.7236368627146708,0.7471362006431519,0.37090066377277664,25.67869572674662,0.22680777123691262,1.0,1,False,0.42400000000000004,False,0.0,False,False,False,,,1.0,1.058721819866645,0.41950531661928114,0.4441394322548985,1.0654834542578768,3.6324133751722094,True,False,True,1.0965735902799727,0.18538644300863946,0.2349002896586224,0.12646091454482974,0.16839586195666606,0.26611949080878206,0.01873700002246027,0.8,0.2
7,1835086199,ATTACK,0.061172802346308244,0.9847870192217475,0.9847870192217475,0.7317789257294489,0.5824865452586746,0.7405844648433583,0.5419441040949915,1.0748092669656146,1.0748092669656146,1.0680424151743972,0.0067668517912173876,209,210,0.7442853801315299,0.7530754744133245,0.41699717945862613,26.802316256277987,0.24179008512759595,1.0,1,False,0.256,False,0.0,False,False,False,,,1.0,1.0444899149982534,0.4313804863988521,0.45057256757064224,0.8605763067063181,3.5749064743641754,True,False,True,1.0965735902799727,0.21582530186600193,0.19762069767807433,0.07034205403503527,0.2409645622196647,0.1831942530495966,0.09205313115162735,0.4,0.2
8,1835086199,ATTACK,0.010479247407846285,0.9858623413275809,0.9858623413275809,0.7448253600270145,0.5791697372456125,0.7665260183590225,0.5709280175943329,1.0144356545786752,1.0144356545786752,1.0748092669656146,-0.06037361238693939,207,209,0.7681864332536636,0.7599956078824645,0.05,28.119531341979258,0.2591853661466384,1.0,1,False,0.726,False,0.0,False,False,False,,,1.0,1.1785393955665255,0.44394867264492055,0.523211000321506,3.7019537776793734,3.512201473963011,False,False,False,1.0965735902799727,0.010093990623395423,0.2347471646975488,0.18321252111038583,0.2651345051603941,0.30400680496365456,0.002805013444621269,0.6,0.6
9,1835086199,ATTACK,0.01744454343663489,0.9868320714834498,0.9868320714834498,0.7533303300538179,0.6002112503833319,0.7565047194959258,0.5698979500251367,1.0531907517071402,1.0531907517071402,1.0144356545786752,0.03875509712846492,204,207,0.7913677899282973,0.7582787407206864,0.5604320846324565,29.109228971142365,0.27247271753449454,1.0,1,False,0.6240000000000001,False,0.0,False,False,False,,,1.0,1.0906410876412036,0.4540626436095414,0.49521937548355044,1.9757753042099175,3.455002912618287,True,False,True,1.0965735902799727,0.328785218034551,0.17620331063916933,0.04299073182493072,0.27814400831533925,0.1331565148640278,0.040720216321981875,0.8,0.4
10,1835086199,ATTACK,0.02422694681828756,0.9838576411661655,0.9838576411661655,0.7658099212926024,0.6170931663935769,0.7758939048686246,0.5941872502188513,1.0385499960934685,1.0385499960934685,1.0531907517071402,-0.014640755613671619,200,204,0.7913414321684856,0.7534479427445866,0.49547604317587735,30.07677062720043,0.2854764144106283,1.0,1,False,0.6,False,0.0,False,False,False,,,1.0,1.1230488657316866,0.4787988265408563,0.5377144790603713,2.8102000068246262,3.4550660457714857,True,False,True,1.0965735902799727,0.2736559816176446,0.17861351171999307,0.07347286128148885,0.1777746419682639,0.27519828661145723,0.02128471680115228,0.0,0.6
11,1835086199,ATTACK,0.0943107131636085,0.9879052320299064,0.9879052320299064,0.7657013569040058,0.6223302861071239,0.7974760448242049,0.6106284896203333,1.0191635285377305,1.0191635285377305,1.0385499960934685,-0.01938646755573803,209,200,0.8034193730068582,0.7904801936074699,0.29292466545672957,32.38177892769436,0.3151895973322911,1.0,1,False,0.2,False,0.0,False,False,False,,,1.0,1.1674479457487488,0.496293495139025,0.5793968213885213,4.222219971129218,3.4265704361404525,False,False,False,1.0965735902799727,0.1386472254153228,0.1664909156171961,0.12703477012958267,0.23278220025100485,0.2958576522122137,0.039187236374679864,0.0,0.2
12,1835086199,ATTACK,0.0324626365704075,0.9844653930862902,0.9844653930862902,0.7682357680687607,0.6193407650899917,0.8177284403417844,0.6282082364376405,0.9858845032056038,0.9858845032056038,1.0191635285377305,-0.03327902533212668,210,209,0.8230774357061723,0.7941166037644987,0.09309587516309015,33.57738662986332,0.331027246320664,1.0,1,False,0.526,False,0.0,False,False,False,,,1.0,1.2477952252452722,0.5064525578771264,0.6319490835323331,6.562127086306503,3.3819792546743876,False,False,False,1.0965735902799727,0.039087416102799234,0.16983039579148707,0.058747812100526084,0.3046337452429531,0.3622369778627611,0.06546365289947344,0.6,0.4
13,1835086199,ATTACK,0.0654254198423515,0.987226646620425,0.987226646620425,0.7793734979173463,0.6136208234445977,0.8334019850524332,0.6495314202615748,0.9447130720750729,0.9447130720750729,0.9858845032056038,-0.0411714311305309,204,210,0.8407696921355551,0.784806650510048,0.05,34.01954876679173,0.3374382750061298,1.0,1,False,0.326,False,0.0,False,False,False,,,1.0,1.3548910380971768,0.5113928123282364,0.692881538370839,9.580227660839556,3.343630016528453,False,False,False,1.0965735902799727,0.00308870761381969,0.2667003981847451,0.04955477698786414,0.3733321110467902,0.2872319437241366,0.020092062442644228,0.6,0.2
14,1835086199,ATTACK,0.11368855622822122,0.9825349929956704,0.9825349929956704,0.7829429820244801,0.6329397822723678,0.8105611493840926,0.6346231634119716,0.9973474319302289,0.9973474319302289,0.9447130720750729,0.052634359855155965,198,204,0.8566927229219996,0.7615761885858374,0.6074373068319547,33.73272875969905,0.33472381448801575,1.0,1,False,0.126,False,0.0,False,False,False,,,1.0,1.2195138755812178,0.5130363974096078,0.6256550053192167,5.87811437344249,3.310469990097852,False,False,False,1.0965735902799727,0.37402361067925105,0.17000255273093123,0.016229474554358036,0.2734917835538921,0.10249681418451351,0.06375576429705414,0.6,0.0
15,1835086199,ATTACK,0.0,1.0,1.0,0.7876960534939621,0.6385987017814163,0.8295050344456834,0.6533978419862378,0.9773504911497194,0.9773504911497194,0.9973474319302289,-0.01999694078050951,201,198,0.8481472707119401,0.7916345337614318,0.31924965760313473,35.33892653975275,0.35566657906602567,1.0,1,False,1.0,False,0.0,False,False,False,,,1.0,1.2692754149741128,0.5297208381181624,0.6723616366228654,7.661767465301164,3.32811126477587,False,False,False,1.0965735902799727,0.15382385778333565,0.1868735574874766,0.11277719514017803,0.1687446367370021,0.3136022754909692,0.0641784773610384,1.0,1.0
16,1835086199,ATTACK,0.0,1.0,1.0,0.7921654738689778,0.6343504335615177,0.846554531001115,0.6706112712064286,0.9459286785030055,0.9459286785030055,0.9773504911497194,-0.03142181264671384,201,201,0.8633325436407461,0.7961263012383226,0.0803867609463147,36.34497288559645,0.3691001854467699,1.0,1,False,1.0,False,0.0,False,False,False,,,1.0,1.3516010105862055,0.5370122337740245,0.7258262778661272,10.382024936805317,3.297003809881972,False,False,False,1.0965735902799727,0.03352083586465267,0.3199824618849805,0.03449321997142209,0.2827250858447053,0.32449963841568663,0.004778758018552901,0.4,1.0
17,1835086199,ATTACK,0.02992189709290407,0.9754757697154058,0.9754757697154058,0.7975081107500482,0.6456074169990008,0.8457181252186531,0.6744670642702008,0.9572111837626539,0.9572111837626539,0.9459286785030055,0.011282505259648357,202,201,0.8635179862575206,0.7857293365700643,0.4297630397825114,36.385871277090025,0.3704575975820701,1.0,1,False,0.55,False,0.0,False,False,False,,,1.0,1.32144364976202,0.5460018943316521,0.7215107360225951,9.526484963607228,3.2966306874959237,False,False,False,1.0965735902799727,0.22468131394448868,0.2782100948770766,0.034194008613309186,0.21144862264022346,0.2190952365882478,0.032370723336654326,1.0,0.2
18,1835086199,ATTACK,0.018111191876755212,0.9856521211239258,0.9856521211239258,0.798294535733492,0.6476700957096132,0.8611463126967878,0.6874483958928906,0.9421363110003166,0.9421363110003166,0.9572111837626539,-0.015074872762337321,205,202,0.8674336500371652,0.8065117199880397,0.25320928375140084,37.89739690126696,0.3901914420770722,1.0,1,False,0.656,False,0.0,False,False,False,,,1.0,1.361891522153315,0.557738714764309,0.7595796272141984,11.296534099235634,3.2887893707126845,False,False,False,1.0965735902799727,0.11678811950703094,0.18910367005667578,0.036940508451403224,0.22848846547907586,0.37850974072557064,0.05016949578024362,0.4,0.6
19,1835086199,ATTACK,0.025023176017023727,0.9811565564583781,0.9811565564583781,0.7954104885142034,0.6507215640966411,0.875031681427109,0.6960093771893415,0.934932179684728,0.934932179684728,0.9421363110003166,-0.007204131315588613,207,205,0.8687671155575577,0.8077369934373236,0.2782618735572294,38.58115601449615,0.3995694939145357,1.0,1,False,0.6,False,0.0,False,False,False,,,1.0,1.3816560572639693,0.5694019843723621,0.7867177007261982,12.199825199608744,3.2861351721458236,False,False,False,1.0965735902799727,0.13043716465635577,0.16780463777532492,0.061619026736300486,0.21853104783685928,0.3270491536443892,0.0945589693507704,0.0,0.6
20,1835086199,ATTACK,0.02843592681837509,0.9869036923250739,0.9869036923250739,0.8019989919185352,0.6577771176594703,0.8875285132843981,0.7117969729530436,0.9241077760285209,0.9241077760285209,0.934932179684728,-0.010824403656207071,208,207,0.8615955611898484,0.8231555970200051,0.3661788693985023,39.67329787710718,0.4140439700790586,1.0,1,False,0.6,False,0.0,False,False,False,,,1.0,1.4118933831031786,0.5837959473088062,0.8242576350877554,13.643335114917877,3.300506527483685,False,False,False,1.0965735902799727,0.18239539709576677,0.17819299496682792,0.05771833966976796,0.18047798721839306,0.3178126280663801,0.08340265298286416,0.0,0.6
21,1835086199,ATTACK,0.004938515919153844,0.9872375523909698,0.9872375523909698,0.8022941361641254,0.6534016172675687,0.8987756619559583,0.7210824433142955,0.9061399612842509,0.9061399612842509,0.9241077760285209,-0.017967814744270005,210,208,0.8754360050708635,0.8316576442485135,0.10397983358061702,40.68957148224587,0.42756337523972304,1.0,1,False,0.8240000000000001,False,0.0,False,False,False,,,1.0,1.4635533175079352,0.5872614710827527,0.8594884742477531,15.855806461800494,3.272982408883412,False,False,False,1.0965735902799727,0.043916943638399646,0.18745152098779563,0.005223553848600532,0.2749427369839074,0.41790988678372143,0.07055535775757538,0.8,0.6
22,1835086199,ATTACK,0.05435008507373868,0.9875233598584083,0.9875233598584083,0.8030938489206737,0.6508416136342152,0.9088980957603624,0.7299304700008605,0.8916487807851725,0.8916487807851725,0.9061399612842509,-0.014491180499078382,213,210,0.8878924045637772,0.8446237418056693,0.14759193172356244,41.90986375808158,0.44362307978489335,1.0,1,False,0.41400000000000003,False,0.0,False,False,False,,,1.0,1.5065912053689126,0.5915487032737398,0.8912220738996007,17.97878699853634,3.248944369520997,False,False,False,1.0965735902799727,0.06387596537531158,0.1833199295972714,0.07636266449665861,0.29307264752441603,0.30281453766280775,0.08055425534353468,0.2,0.4
23,1835086199,ATTACK,0.025965386049041906,0.9839888429753534,0.9839888429753534,0.8039729824418713,0.6644891400405966,0.906770609780484,0.72901907153585,0.9114838911425102,0.9114838911425102,0.8916487807851725,0.01983511035733765,213,213,0.8820734737009316,0.8425219736868884,0.484271709767052,42.17915617556472,0.4477868351031131,1.0,1,False,0.6,False,0.0,False,False,False,,,1.0,1.4479943590538955,0.6025392227071211,0.8724733955886302,16.04845547403242,3.260089094442262,False,False,False,1.0965735902799727,0.2648700886011505,0.1967539792615425,0.053543721911096874,0.1953195890615095,0.24381161798078926,0.04570100318391138,0.0,0.6
24,1835086199,ATTACK,0.0008840273712372083,0.9788244610342886,0.9788244610342886,0.8033729837451523,0.6699776085641572,0.9060416003116776,0.7278893438396251,0.920438819766226,0.920438819766226,0.9114838911425102,0.00895492862371583,213,213,0.8938661263308384,0.8374746011324077,0.34853325187913875,42.646140765528195,0.45441488740002317,1.0,1,False,0.926,False,0.0,False,False,False,,,1.0,1.422291838060212,0.6070275846364597,0.8633703791058411,15.351629523646354,3.2376541228781237,False,False,False,1.0965735902799727,0.17141156906988078,0.2190596051174843,0.0023889946411436804,0.2807664145535536,0.24974025754621015,0.07663315907172759,0.6,0.8
25,1835086199,ATTACK,0.0,1.0,1.0,0.807610776163143,0.6815845972076108,0.9154374402805098,0.7393171416737434,0.9219109889222483,0.9219109889222483,0.920438819766226,0.0014721691560223293,214,213,0.8877204672527721,0.864143530494563,0.46650650879318467,44.52168056169587,0.4786417238974284,1.0,1,False,1.0,False,0.0,False,False,False,,,1.0,1.418110288679391,0.6239480590023575,0.8848271620727789,16.00997947240929,3.2492715782007124,False,False,False,1.0965735902799727,0.2513233633957674,0.16064396587693092,0.03476414814932365,0.19654978888644314,0.31817852201618246,0.03854021167535257,0.8,0.8
26,1835086199,ATTACK,0.0,1.0,1.0,0.8137476640697254,0.6838166757584361,0.9122701136550044,0.7423576739873828,0.9211417888165567,0.9211417888165567,0.9219109889222483,-0.000769200105691592,214,214,0.8943583575272076,0.8707100005546062,0.29775883063457387,45.03149798949537,0.4857896270093171,1.0,1,False,1.0,False,0.0,False,False,False,,,1.0,1.4202935888113555,0.6238255165133358,0.8860153816408233,16.333910479707725,3.236730538997849,False,False,False,1.0965735902799727,0.14139135514007248,0.22260793691555386,0.03648631424002971,0.2518633499986944,0.24188208701272815,0.10576895669292137,0.6,1.0
27,1835086199,ATTACK,0.006081344402063458,0.9863444960354928,0.9863444960354928,0.8179450591361871,0.6803941518766484,0.9189522609527419,0.7516524614283233,0.9051977965770688,0.9051977965770688,0.9211417888165567,-0.015943992239487947,217,214,0.8925031069454329,0.8753515337451682,0.16494666721041606,45.18521186527848,0.48847884086149485,1.0,1,False,0.8140000000000001,False,0.0,False,False,False,,,1.0,1.4663137340238406,0.6252497442060693,0.9168122871242526,18.2226984065304,3.240216901398256,False,False,False,1.0965735902799727,0.07210387382667742,0.23621009256090475,0.07106873971112164,0.2162753871406639,0.28954579331618957,0.11479611344444271,0.2,0.8
28,1835086199,ATTACK,0.0,1.0,1.0,0.814577716521437,0.6848900455553839,0.9247097058203907,0.7532479206123835,0.9092491685852576,0.9092491685852576,0.9051977965770688,0.004051372008188836,219,217,0.8856356195379254,0.8919625995909735,0.3445036471848828,46.069959394983016,0.5002971050651744,1.0,1,False,1.0,False,0.0,False,False,False,,,1.0,1.454480574462334,0.633324472544833,0.9211581426480634,18.189994087998826,3.253249298931416,False,False,False,1.0965735902799727,0.16894501590709934,0.21419806946041725,0.025461711067708753,0.19264919675925313,0.2882633548146151,0.1104826519909064,0.2,1.0
29,1835086199,ATTACK,0.0009613300658015373,0.9809079186141516,0.9809079186141516,0.8187625681683391,0.6898695324586666,0.9160434512959712,0.7500220887368783,0.9197989536821304,0.9197989536821304,0.9092491685852576,0.010549785096872766,219,219,0.8925037444217699,0.8794281018063954,0.35885501494724215,45.66710520226246,0.4960134185094162,1.0,1,False,0.926,False,0.0,False,False,False,,,1.0,1.4241131558288356,0.6319504674573749,0.8999689745382301,16.829236991224107,3.240215700971838,False,False,False,1.0965735902799727,0.17779986476314846,0.1696552733423203,0.14983816905061043,0.2519622128983505,0.21902358028809812,0.03172089965747229,0.6,0.8
30,1835086199,ATTACK,0.1280338796586344,0.9780042164298965,0.9780042164298965,0.8198338468788888,0.6947444780110654,0.9103111758129048,0.7463039131235382,0.9309136208375502,0.9309136208375502,0.9197989536821304,0.011114667155419866,224,219,0.8972107846239461,0.898017074101835,0.3617423218820053,46.69114817471454,0.5095585081233427,1.0,1,False,0.126,False,0.0,False,False,False,,,1.0,1.3928053336166424,0.6324336626677758,0.8808569785223865,16.012557150119438,3.2313984209278095,False,False,False,1.0965735902799727,0.17960527719165265,0.25702924080113,0.03950346857827091,0.24526097565615093,0.2293603482326536,0.04924068954014199,0.6,0.0
31,1835086199,ATTACK,0.05350322065806744,0.9829364036197301,0.9829364036197301,0.8137800221904155,0.6987549240022869,0.9192800582316143,0.7480917461869295,0.9340497707184774,0.9340497707184774,0.9309136208375502,0.0031361498809271415,222,224,0.8963686456219876,0.8878823492678687,0.34924020549487333,46.76575148026939,0.5112281972700867,1.0,1,False,0.42400000000000004,False,0.0,False,False,False,,,1.0,1.384096581557462,0.6423514672264495,0.8890764699465489,15.708853381386774,3.232969123295188,False,False,False,1.0965735902799727,0.17184587364718418,0.17285071531851667,0.003277276203795949,0.22217699754743703,0.419872900556287,0.009976236726779109,0.8,0.2
32,1835086199,ATTACK,0.023114245305195746,0.9884937513099424,0.9884937513099424,0.8121192764557025,0.6990840722233135,0.9096380494841142,0.7387345945836153,0.9463264308304788,0.9463264308304788,0.9340497707184774,0.012276660112001458,227,222,0.9067317810597888,0.9111494321576135,0.2744609989757424,47.83881308589957,0.5253714549922496,1.0,1,False,0.6240000000000001,False,0.0,False,False,False,,,1.0,1.3505262332425225,0.6359134718826265,0.8588178258498183,14.732488729553362,3.213843440955697,False,False,False,1.0965735902799727,0.12833618026426183,0.1778889083986935,0.0545228848118303,0.32482439796774876,0.21142998537830676,0.10299764317915888,0.8,0.4
33,1835086199,ATTACK,0.005283393779354153,0.9823271073880792,0.9823271073880792,0.8209389838345725,0.6963483150512725,0.9124261910924656,0.7490462301394982,0.9296466453366816,0.9296466453366816,0.9463264308304788,-0.016679785493797228,217,227,0.9156184118768933,0.8749772198055723,0.20194395424484235,46.472938607834585,0.5090208075789407,1.0,1,False,0.8240000000000001,False,0.0,False,False,False,,,1.0,1.3963391094034956,0.6353664407758888,0.8871870100578734,16.139548044510644,3.19778752662675,False,False,False,1.0965735902799727,0.09023058048905895,0.21536779415195115,0.0790197943432406,0.27072640419583344,0.26875973278381404,0.07589569403610186,0.8,0.6
34,1835086199,ATTACK,0.0,1.0,1.0,0.8222493519100034,0.6927772007267684,0.921183571983219,0.7574425950533438,0.9146266730325336,0.9146266730325336,0.9296466453366816,-0.015019972304147977,224,217,0.9113176291855741,0.9209192741392038,0.1773273582851932,48.54109595204585,0.5355883294917257,1.0,1,False,1.0,False,0.0,False,False,False,,,1.0,1.4389214422268903,0.63817497635402,0.9182836573684381,18.806444637091555,3.2055188612296335,False,False,False,1.0965735902799727,0.078078767850745,0.2637968930613643,0.03739335406210197,0.21482299316531905,0.3116911207593981,0.0942168711010717,0.8,1.0
35,1835086199,ATTACK,0.006299349645707029,0.9795429334638672,0.9795429334638672,0.8285851484752565,0.6881547790488414,0.92697499933846,0.7680777174597087,0.8959442038297905,0.8959442038297905,0.9146266730325336,-0.01868246920274319,225,224,0.9151316130374244,0.9130890678323026,0.14509394963791167,48.27967060804115,0.5330290184405405,1.0,1,False,0.8140000000000001,False,0.0,False,False,False,,,1.0,1.4937037485438183,0.6379022758535577,0.952837020647092,21.052606115295752,3.19865897711558,False,False,False,1.0965735902799727,0.06270547948014178,0.17624841972388433,0.13327624881687045,0.24975339441094407,0.28954892276781447,0.088467534800345,0.2,0.8
36,1835086199,ATTACK,0.020166286791970345,0.9828865407055456,0.9828865407055456,0.8256959231985709,0.6932662680458384,0.9199060560038699,0.7595626801680716,0.9127176547068326,0.9127176547068326,0.8959442038297905,0.016773450877042184,237,225,0.9228838628610275,0.9617050104083685,0.36474314983242373,50.86299908711441,0.5660209139336031,1.0,1,False,0.656,False,0.0,False,False,False,,,1.0,1.4444257982617423,0.6377398383985688,0.9211678751621674,20.124310233726213,3.1848904206976596,False,False,False,1.0965735902799727,0.1814903493679883,0.21390591278852675,0.07574903380550002,0.2693882323970251,0.2281427829962798,0.031323688644680055,0.4,0.6
37,1835086199,ATTACK,0.061024659734856435,0.9853749028426723,0.9853749028426723,0.8312492165559822,0.7063539667733036,0.9071775958447575,0.7540906658230941,0.9366963400910345,0.9366963400910345,0.9127176547068326,0.023978685384201892,233,237,0.9305954765749248,0.9542423151422117,0.5088320384111893,51.04811547215241,0.5690288853399021,1.0,1,False,0.4,False,0.0,False,False,False,,,1.0,1.3767897214865903,0.6407884933928134,0.8822310113501034,17.152315297753532,3.1714216320914126,False,False,False,1.0965735902799727,0.28438765162196505,0.18840141999158913,0.03454172760103524,0.2919499895623865,0.19631072720637302,0.004408484016651023,0.0,0.4
38,1835086199,ATTACK,0.10091171761824921,0.9847792739665832,0.9847792739665832,0.8329394869075384,0.7181004228900736,0.8966790604987127,0.7468793965725313,0.9614677097607378,0.9614677097607378,0.9366963400910345,0.02477136966970328,231,233,0.9215669567063267,0.9474020823670141,0.49817550237033315,50.446054812165265,0.56219041909565,1.0,1,False,0.21400000000000002,False,0.0,False,False,False,,,1.0,1.3102418795389623,0.6439056125407995,0.8436721000211439,13.953181623587286,3.187213008494047,False,False,False,1.0965735902799727,0.27580193069293907,0.1875387624073224,0.07395068060311809,0.20014103540406525,0.20109612119215448,0.06147146970040068,0.2,0.2
39,1835086199,ATTACK,0.10460417362947876,0.9821644553383909,0.9821644553383909,0.8261297216457387,0.717377528435837,0.9069411183796968,0.7492510136760939,0.9574595367127043,0.9574595367127043,0.9614677097607378,-0.00400817304803347,237,231,0.9085933312563175,0.9615033689973667,0.2725365044043587,50.88763502302794,0.568391030359535,1.0,1,False,0.21400000000000002,False,0.0,False,False,False,,,1.0,1.3207874438886882,0.6506191779400607,0.8593296409764124,14.586587107921643,3.210454081519822,False,False,False,1.0965735902799727,0.12727658362833932,0.1686257768425903,0.06902907941706808,0.17810486463919745,0.2996498196542771,0.1573138758185279,0.2,0.2
40,1835086199,ATTACK,0.0,1.0,1.0,0.8160082781059714,0.7169207729364908,0.9123572061568619,0.7444910328136357,0.9629676400897008,0.9629676400897008,0.9574595367127043,0.005508103376996476,240,237,0.9177339981306857,0.9792099337271657,0.27774627259581663,52.38636167684157,0.5877988097444973,1.0,1,False,1.0,False,0.0,False,False,False,,,1.0,1.3063172261220732,0.6540878334321547,0.8544462042092891,14.404203623018184,3.194011016465165,False,False,False,1.0965735902799727,0.13015151153057025,0.1473291071873495,0.0887558262590165,0.2950008810275251,0.28055099807567363,0.05821167591986499,0.8,0.8
41,1835086199,ATTACK,0.15166168067851504,0.9842036505585009,0.9842036505585009,0.8164183444896849,0.7216160884474575,0.9048399645066191,0.7387279458505992,0.9768360497267523,0.9768360497267523,0.9629676400897008,0.013868409637051493,246,240,0.9165719851024998,0.988331955486501,0.3847135316489627,52.62831631389661,0.591489987911429,1.0,1,False,0.014000000000000002,False,0.0,False,False,False,,,1.0,1.2705820227332358,0.6529470758582028,0.8296228163816669,12.803703977272296,3.196083155331074,False,False,False,1.0965735902799727,0.19426692697239079,0.23637490382570478,0.08951717809301535,0.2300517581131033,0.21859239482721668,0.03119683816856908,0.2,0.0
42,1835086199,ATTACK,0.10713200408324013,0.9903811437083206,0.9903811437083206,0.8149836035063328,0.7258418322869821,0.9143559680559572,0.7451851217337654,0.9740423032040968,0.9740423032040968,0.9768360497267523,-0.002793746522655516,245,246,0.9198341314335321,0.9887518818465599,0.38018214922763505,53.54483394824001,0.6036068249401819,1.0,1,False,0.22400000000000003,False,0.0,False,False,False,,,1.0,1.2777012617761512,0.6636778112162732,0.8479819768038666,13.409768462726218,3.1902792730118166,False,False,False,1.0965735902799727,0.19133185327371827,0.17314823431203943,0.009425055614753918,0.2496333856421923,0.3371976400951659,0.03926383106213022,0.8,0.0
43,1835086199,ATTACK,0.1451440578833839,0.9884886418339385,0.9884886418339385,0.8173729085402015,0.7254812805968314,0.9072047037487921,0.7415245473445021,0.9783644832728413,0.9783644832728413,0.9740423032040968,0.004322180068744519,242,245,0.9261141799563364,0.9776362418440593,0.28937514791932295,52.875964826427094,0.5958999252828714,1.0,1,False,0.05600000000000001,False,0.0,False,False,False,,,1.0,1.2667039527521473,0.6581600302391427,0.8336939118473948,12.714284726076023,3.17922118087876,False,False,False,1.0965735902799727,0.13664424905247952,0.30208217817736005,0.040231850070503096,0.26483391666435246,0.22142166249215314,0.034786143543151654,0.4,0.0
44,1835086199,ATTACK,0.02550784175145612,0.9869812303329526,0.9869812303329526,0.8162438442249531,0.7323523960639605,0.9048680725771654,0.7385929940768093,0.9915506942756083,0.9915506942756083,0.9783644832728413,0.013186211002766957,242,242,0.9232324081201219,0.9747969978860601,0.4327963446769617,52.86343877284962,0.5963903335448658,1.0,1,False,0.614,False,0.0,False,False,False,,,1.0,1.2337345538467077,0.6626823010736648,0.8175740530572274,11.151745558072768,3.1842768108149735,False,False,False,1.0965735902799727,0.22681474371213348,0.19776360338134819,0.0242799336062411,0.2260438461791778,0.24191919601626233,0.08317867710483706,0.2,0.6
45,1835086199,ATTACK,0.01862931404005117,0.9909025206349954,0.9909025206349954,0.8182905942756311,0.7208375603770605,0.9143812653194489,0.7482295889927554,0.9633908775880285,0.9633908775880285,0.9915506942756083,-0.02815981668757972,232,242,0.9309091673081097,0.9405816064763721,0.05,51.270462560598425,0.5771231776249408,1.0,1,False,0.656,False,0.0,False,False,False,,,1.0,1.3052119291215951,0.6591203605473612,0.8602917573133426,14.09147569778783,3.1708784759379887,False,False,False,1.0965735902799727,0.0012848014537252283,0.2936190130995373,0.009185379550628935,0.2957050645170746,0.39037539509421676,0.009830346284817217,0.4,0.6
46,1835086199,ATTACK,0.0,1.0,1.0,0.815770315363371,0.7111805610883428,0.9219013406756467,0.7520597474168867,0.9456436985639074,0.9456436985639074,0.9633908775880285,-0.01774717902412115,236,232,0.9361271313584204,0.9626089721287777,0.05,52.314777330343944,0.590811665242851,1.0,1,False,1.0,False,0.0,False,False,False,,,1.0,1.352371588511959,0.6556383127298019,0.8866666264757027,16.654684281540867,3.1618969484746433,False,False,False,1.0965735902799727,0.017310984126691506,0.18299825631857294,0.11203366007188816,0.2650403671869167,0.2947910094407135,0.12782572285521715,0.6,1.0
47,1835086199,ATTACK,0.0,1.0,1.0,0.8175211986389934,0.7095419665308322,0.9197728056814337,0.7519337665762357,0.9436229599869878,0.9436229599869878,0.9456436985639074,-0.002020738576919645,238,236,0.9425144182225784,0.9728502263804021,0.24328118933672704,52.8720198152367,0.5984014526523043,1.0,1,False,1.0,False,0.0,False,False,False,,,1.0,1.3578482267902678,0.6526174053047855,0.8861553865655686,17.13091478640397,3.151038073181343,False,False,False,1.0965735902799727,0.11150541871133163,0.23468114867645853,0.01974554971789743,0.3173368626941957,0.2503079953667586,0.0664230248333582,1.0,1.0
48,1835086199,ATTACK,0.09952340898359407,0.9910519201495308,0.9910519201495308,0.8185962960855491,0.7105566602382445,0.921444169034712,0.7542907838214419,0.9420195440256761,0.9420195440256761,0.9436229599869878,-0.0016034159613116383,240,238,0.9339503006882219,0.9735257172754528,0.30170840184681014,52.574503422414146,0.5953041848706198,1.0,1,False,0.2,False,0.0,False,False,False,,,1.0,1.3622096071993586,0.6547382913453094,0.891890790671873,17.249959278391074,3.1656316621177254,False,False,False,1.0965735902799727,0.14364740042442353,0.2462809141509764,0.059766125501318906,0.20766965585409713,0.26824321960710873,0.07439268446207524,0.0,0.2
49,1835086199,ATTACK,0.15075492548685104,0.9836656983485681,0.9836656983485681,0.8146544495526783,0.7109557028011518,0.9292997521312408,0.7570581780419163,0.9391031276354406,0.9391031276354406,0.9420195440256761,-0.0029164163902355433,243,240,0.9258003386725263,0.9736373802088846,0.28927155903904556,52.54432920406303,0.5955427444050237,1.0,1,False,0.05600000000000001,False,0.0,False,False,False,,,1.0,1.3701783656752278,0.6606909583894025,0.9052644575823915,17.636529115955064,3.1797702404436383,False,False,False,1.0965735902799727,0.13658594468524415,0.168154059672381,0.06852919623631673,0.20565940024148419,0.37083013666194437,0.050241262502629586,0.4,0.0
50,1835086199,ATTACK,0.0660153446121096,0.9892013822031344,0.9892013822031344,0.80458747237934,0.7194230530340558,0.9157515948453545,0.7368022610239733,0.9764126565440168,0.9764126565440168,0.9391031276354406,0.037309528908576195,247,243,0.9332203048052736,0.9829353141294973,0.44800869266195953,53.198232923732625,0.6043258223347124,1.0,1,False,0.3565,True,0.03,False,True,False,,,1.0,1.2716583899285145,0.6588128081844506,0.8377848349201218,13.13359509960409,3.1668879920992623,False,False,False,1.0965735902799727,0.23768919216201995,0.1685982420656596,0.06574249840152008,0.3192306574551857,0.196909089636189,0.01183032027942561,1.0,0.0065
51,1835086199,ATTACK,0.12101287693818892,0.988025890783342,0.988025890783342,0.8050611951880857,0.7202821301262363,0.9241764353608191,0.7440185856162457,0.9680969589350389,0.9680969589350389,0.9764126565440168,-0.008315697608977879,243,247,0.9241065156550776,0.9664368849806346,0.309054741810314,52.36399951507365,0.5945016443241684,1.0,1,False,0.069,True,0.06,False,True,False,,,1.0,1.2929846947204755,0.6656677714741627,0.8606982402847795,13.934364899701293,3.1827399906528284,False,False,False,1.0965735902799727,0.14787787179854112,0.16660297914816535,0.02294921524992409,0.20094655150150625,0.3316517140674315,0.12997166823443168,0.4,0.013
52,1835086199,ATTACK,0.031548832336085755,0.9801987259967934,0.9801987259967934,0.8043142031520331,0.7160196965118598,0.9317587918247372,0.7494268301764145,0.9554230882597429,0.9554230882597429,0.9680969589350389,-0.012673870675296017,246,243,0.9316958640895698,0.969716941393821,0.1902176554630447,52.9771809050744,0.6027644342661314,1.0,1,False,0.5455000000000001,True,0.09000000000000001,False,True,False,,,1.0,1.3261778448043413,0.6671576473446055,0.8847696909002036,15.72863129074574,3.1695179176328176,False,False,False,1.0965735902799727,0.08439591114919089,0.17000603158594632,0.01474048312903691,0.28757750319044323,0.3753019989545995,0.0679780719907831,0.6,0.41950000000000004
53,1835086199,ATTACK,0.06554225167669887,0.9870789892966366,0.9870789892966366,0.8057059413717229,0.7224648432764449,0.9155068636582541,0.7376293194160471,0.9794416033359311,0.9794416033359311,0.9554230882597429,0.02401851507618824,241,246,0.9367480062206159,0.958330964566792,0.4166346474731517,52.210181403037424,0.5937677712109285,1.0,1,False,0.352,True,0.12000000000000001,False,True,False,,,1.0,1.2639781053881876,0.6614215227713701,0.8360223232155264,12.539316076879109,3.160834916173294,False,False,False,1.0965735902799727,0.21557664487722594,0.1767631722177974,0.0168739657217543,0.2646442206363776,0.1846197550799528,0.14152224146689188,0.6,0.226
54,1835086199,ATTACK,0.0500962103497617,0.9850718065444393,0.9850718065444393,0.8049477482035541,0.7244610209963745,0.9239561772924286,0.7437364443503042,0.9740829920325234,0.9740829920325234,0.9794416033359311,-0.0053586113034077565,242,241,0.9414766689774673,0.9594469123210717,0.33633771868296636,53.03309703379593,0.604640047400479,1.0,1,False,0.4465,True,0.15000000000000002,False,True,False,,,1.0,1.2775972896718701,0.6693702355571801,0.8551855987348745,13.42769158014466,3.1527923015117416,False,False,False,1.0965735902799727,0.16399274854689935,0.2020799847960748,0.032080727192535984,0.2654702880859679,0.311552897072134,0.02482335430638803,0.2,0.4325
55,1835086199,ATTACK,0.049646707278640435,0.9842399747217899,0.9842399747217899,0.8023132958530389,0.7225952727172028,0.9267321983287158,0.7435295644142441,0.9718447084030433,0.9718447084030433,0.9740829920325234,-0.0022382836294800867,248,242,0.9417548592914267,0.9791893343563951,0.25354183983877787,54.017412419093695,0.6175241016455564,1.0,1,False,0.439,True,0.18000000000000005,False,True,False,,,1.0,1.2833293602964038,0.6696523055871513,0.8593844649501707,13.996987104595402,3.152321664766645,False,False,False,1.0965735902799727,0.11696628463308793,0.18064219615679059,0.02210698028709998,0.24739026005320966,0.27585819382765003,0.1570360850421617,0.0,0.439
56,1835086199,ATTACK,0.1200528936389563,0.9879444969259362,0.9879444969259362,0.8040756144765452,0.7177522109853421,0.9309866047070785,0.7485836262492767,0.9588136659915832,0.9588136659915832,0.9718447084030433,-0.013031042411460025,241,248,0.9440788768983539,0.9572304045135044,0.17836533935992316,52.8790480209301,0.603869001710989,1.0,1,False,0.1015,True,0.21000000000000008,False,True,False,,,1.0,1.3172152493873654,0.6682176939262423,0.8801865363501055,15.324474564829098,3.148400775993052,False,False,False,1.0965735902799727,0.07858377379999404,0.3412237173691621,0.006955692735147128,0.25681592516395396,0.2846381310561714,0.03178275987557129,0.4,0.0455
57,1835086199,ATTACK,0.1344104010262644,0.9859379365811072,0.9859379365811072,0.8092286029362353,0.7150641046581854,0.9231553762965211,0.7470437354535084,0.9571917556126628,0.9571917556126628,0.9588136659915832,-0.0016219103789204548,238,241,0.9496709892085186,0.9494405230116231,0.22603955158798583,52.13984203001908,0.5951969759068795,1.0,1,False,0.052,True,0.2400000000000001,False,True,False,,,1.0,1.3214949971704633,0.6601152726118621,0.8723390303123922,15.308192906447765,3.139044873388443,False,False,False,1.0965735902799727,0.10249380277637904,0.1669223439263225,0.12324996368018179,0.3311721046887238,0.22633716030075254,0.04982462462764027,0.0,0.052
58,1835086199,ATTACK,0.04363989692022699,0.9877888316160292,0.9877888316160292,0.8051258280194269,0.7129234733424147,0.9270672324077243,0.7464057731219474,0.9551419603314584,0.9551419603314584,0.9571917556126628,-0.002049795281204414,243,238,0.9516520282774323,0.9662825756702852,0.23596595929421815,53.100356815095026,0.6077660983521898,1.0,1,False,0.4585,True,0.27000000000000013,False,True,False,,,1.0,1.3269237057271213,0.6609279913500543,0.8770010195009968,15.895416288488589,3.135756864743309,False,False,False,1.0965735902799727,0.10765717396423233,0.16711878584455503,0.11610242984781383,0.2588551726807526,0.28113696870427657,0.06912946895836966,0.0,0.4585
59,1835086199,ATTACK,0.002880944040063052,0.9889634145440277,0.9889634145440277,0.8016719517539224,0.7070854071573301,0.9341861202693642,0.7489108103377656,0.9441516898900527,0.9441516898900527,0.9551419603314584,-0.010990270441405658,244,243,0.9564868254496891,0.9672455615158955,0.13951006390434506,53.32342500344697,0.6111122969545044,1.0,1,False,0.864,True,0.30000000000000016,False,True,False,,,1.0,1.3564131157874448,0.66054937321139,0.8959778334491052,17.42461717953143,3.1277895431308025,False,False,False,1.0965735902799727,0.06010134352545196,0.22381759005649232,0.020241574945295444,0.30143820074763045,0.29912805551206184,0.09527323521306785,0.2,0.85
60,1835086199,ATTACK,0.0029675707848602828,0.9905223252962302,0.9905223252962302,0.8005289603169645,0.709189374873912,0.9365058748439917,0.74970007431959,0.9459641250770255,0.9459641250770255,0.9441516898900527,0.0018124351869728272,237,244,0.9608381429047201,0.939636041579558,0.32248252948755174,52.36071912781895,0.5996289995680869,1.0,1,False,0.864,True,0.3300000000000002,False,True,False,,,1.0,1.3515051947320549,0.6641600159463565,0.8976157116848252,16.86178641358632,3.12068750826091,False,False,False,1.0965735902799727,0.1557279759306049,0.15857572565708547,0.05378785194479198,0.27882237736187904,0.2786918330078196,0.07439423609781912,0.2,0.85
61,1835086199,ATTACK,0.07822028600314311,0.9866793632988274,0.9866793632988274,0.8015765684618728,0.7033990083812611,0.932904175627554,0.747794127803287,0.9406318961711553,0.9406318961711553,0.9459641250770255,-0.005332228905870262,237,237,0.9647543286142481,0.9372153839731853,0.13576403976959028,51.81288079398348,0.5933281221979742,1.0,1,False,0.29200000000000004,True,0.3600000000000002,False,True,False,,,1.0,1.365995392584074,0.6562038720511594,0.8963714658177129,17.372369732041392,3.1143504519483205,False,False,False,1.0965735902799727,0.058363778138058736,0.17909782036803143,0.05823571063732962,0.29420666421359365,0.2502444413398073,0.15985158530317922,0.2,0.278
62,1835086199,ATTACK,0.0013791002863242292,0.984280524525531,0.984280524525531,0.8013838111570114,0.7055389848043359,0.9396137580647986,0.7529912544535304,0.9369816457116329,0.9369816457116329,0.9406318961711553,-0.003650250459522386,238,237,0.955300433169592,0.9386559088103518,0.31933513362020904,51.859619868635285,0.5944519774656267,1.0,1,False,0.906,True,0.39000000000000024,False,True,False,,,1.0,1.376004333891551,0.6629341369732249,0.9122002455598126,17.881289232863715,3.1297371468892363,False,False,False,1.0965735902799727,0.1538740855267224,0.2615219784660302,0.01641739265384845,0.21373426098531223,0.32343705968720476,0.031015222680881895,0.4,0.85
63,1835086199,ATTACK,0.001396027902126276,0.9901149369703446,0.9901149369703446,0.7999767571587515,0.7094099506775641,0.930995533531359,0.7447747878436982,0.9525160656035043,0.9525160656035043,0.9369816457116329,0.015534419891871432,231,238,0.9597703898526329,0.9148396216482345,0.3573289984134099,50.653084839252415,0.5799054445429758,1.0,1,False,0.906,True,0.42000000000000026,False,True,False,,,1.0,1.3339107608655787,0.6604574955235138,0.8809913603731448,15.490907421948807,3.122424287016415,False,False,False,1.0965735902799727,0.176848938918062,0.15279812564175171,0.0058667531069188485,0.28498297936119094,0.22671575636520103,0.15278744660687552,0.4,0.85
64,1835086199,ATTACK,0.03891983176186689,0.9831559039200025,0.9831559039200025,0.7957806772419307,0.7089945393500546,0.9205511430083776,0.7325568120190401,0.9678355694979558,0.9678355694979558,0.9525160656035043,0.01531950389445147,226,231,0.9637933508673696,0.8840854122931241,0.26964272294894476,48.70788660372708,0.5561205739346023,1.0,1,False,0.4975,True,0.45000000000000023,False,True,False,,,1.0,1.2936608165191934,0.6526657335853909,0.8443280858241752,13.064839270927875,3.1159007097598015,False,False,False,1.0965735902799727,0.12568857757960958,0.1547718528010412,0.1833594568742937,0.3044250569502479,0.21327581415077254,0.018479241644034982,0.0,0.4975
65,1835086199,ATTACK,8.456668236853065e-05,0.9888480290033831,0.9888480290033831,0.8023985652435599,0.7055000593539247,0.9284960287075399,0.7450238812692732,0.9469495905983402,0.9469495905983402,0.9678355694979558,-0.02088597889961563,222,226,0.9548297542758998,0.8807297660850227,0.19535288799452044,48.24549829925041,0.550865689883454,1.0,1,False,0.976,True,0.48000000000000026,False,True,False,,,1.0,1.3488440944734719,0.6550540033630528,0.8835657239974595,15.373260193968045,3.130511163114072,False,False,False,1.0965735902799727,0.08694058714215953,0.22404176746995733,0.015824714149936584,0.21552608406939588,0.31441925070406296,0.14324759646448765,0.6,0.85
66,1835086199,ATTACK,0.017808452489033632,0.9887322712883978,0.9887322712883978,0.8126114581659224,0.718729603715139,0.9069489700757051,0.7369971250553002,0.9752135785620731,0.9752135785620731,0.9469495905983402,0.028263987963732973,214,222,0.9593467788483098,0.8596970347968853,0.5202629338540501,47.14375460729693,0.5376125964088014,1.0,1,False,0.656,True,0.5100000000000002,True,False,False,,,1.0,1.2747116847556184,0.6518510738523651,0.8309221805601072,11.815060983689188,3.123114392571852,False,False,False,1.0965735902799727,0.2938068416113831,0.16474631196882564,0.019490874635703384,0.3549408950788252,0.15651272119459608,0.010502355510666484,0.4,0.6
67,1835086199,ATTACK,0.0988215574376912,0.984985140483267,0.984985140483267,0.8040973491869658,0.7211067397276725,0.9091243099321097,0.7310244476978389,0.9864331377679645,0.9864331377679645,0.9752135785620731,0.01121955920589135,219,214,0.9634121009634788,0.867266214794005,0.34035304661566157,47.914086363903785,0.5477562616996134,1.0,1,False,0.22400000000000003,True,0.5400000000000001,True,False,False,,,1.0,1.2464268089683987,0.6555756671423136,0.8171270868335231,10.798527463309798,3.1165166023500146,False,False,False,1.0965735902799727,0.16642020247863,0.163479991725333,0.05014992249328972,0.3523352538780939,0.2643511843198755,0.0032634451047780697,0.8,0.0
68,1835086199,ATTACK,0.11646411044671238,0.9877602771161249,0.9877602771161249,0.8054548707956968,0.7239587741871114,0.9043952186421893,0.7284495339796905,0.9938351806362686,0.9938351806362686,0.9864331377679645,0.007402042868304148,216,219,0.9670708908671309,0.8592440324922253,0.35247984448340297,47.57766846447087,0.5440601655932235,1.0,1,False,0.126,True,0.5700000000000001,True,False,False,,,1.0,1.2281105121550933,0.6547448538688839,0.8040990378158267,9.928450596381012,3.1106260187630705,False,False,False,1.0965735902799727,0.1738421430727825,0.15572905400920872,0.05617516238120374,0.3064207563921536,0.23091669851645283,0.07691618562819855,0.6,0.0
69,1835086199,ATTACK,0.0003936603165556791,0.9858932538102385,0.9858932538102385,0.8108920924366875,0.7228339652160612,0.9139556967779704,0.7411194473547191,0.9753272131720139,0.9753272131720139,0.9938351806362686,-0.01850796746425476,216,216,0.9544355856177443,0.8634092869815104,0.27005442639308463,47.56540669148924,0.544411179279766,1.0,1,False,0.95,True,0.6,True,False,False,,,1.0,1.274422014943213,0.6606382203338285,0.841931891906336,11.951848848831439,3.1311599480845365,False,False,False,1.0965735902799727,0.12591412172881805,0.23858729199873654,0.04117313980670393,0.20032629016966594,0.3919119107701334,0.0020872455259422517,1.0,0.6
70,1835086199,ATTACK,0.0,1.0,1.0,0.8089124321908702,0.728305189606965,0.9160813946335988,0.7410296290178688,0.9828287035866996,0.9828287035866996,0.9753272131720139,0.00750149041468573,220,216,0.9583618156383444,0.8898036754099573,0.4049761753834794,49.48829782144743,0.5689461518308869,1.0,1,False,1.0,True,0.6299999999999999,True,False,False,,,1.0,1.2554446007418343,0.6671868338140361,0.8376161081978711,11.62671977503494,3.124721356561915,False,False,False,1.0965735902799727,0.20766153314633526,0.21240517038116682,0.02590666985053951,0.26986267537442965,0.26760633766712727,0.016557613580401642,0.4,1.0
71,1835086199,ATTACK,0.0044004505124968915,0.9833847687390009,0.9833847687390009,0.8057550349120991,0.726307669763452,0.9244732551702389,0.7448989799949978,0.975041836905629,0.975041836905629,0.9828287035866996,-0.007786866681070648,226,220,0.96252563407451,0.8953749683940718,0.2549503091140527,50.22678288581747,0.5786716888184438,1.0,1,False,0.8240000000000001,True,0.6599999999999998,True,False,False,,,1.0,1.2751496021524293,0.6714520157213294,0.8562017707114999,12.737675965362367,3.117950537055784,False,False,False,1.0965735902799727,0.11772174546044022,0.17317457560778587,0.010908637729055383,0.2928031335135992,0.32055781794400345,0.08483408974511596,0.8,0.6
72,1835086199,ATTACK,0.00040762361895719813,0.9821927959874656,0.9821927959874656,0.8011720439960385,0.7194292914822962,0.9312971404528548,0.7461292335842794,0.9642153920524985,0.9642153920524985,0.975041836905629,-0.010826444853130446,232,226,0.966273070667059,0.9128102755529757,0.12947292088778295,51.17049533614683,0.5909582257176971,1.0,1,False,0.95,True,0.6899999999999997,True,False,False,,,1.0,1.3030613705460623,0.6700024419154859,0.8730543002316015,14.327678170626125,3.1119066913096747,False,False,False,1.0965735902799727,0.05546256508771079,0.17398713626395917,0.06744749673047001,0.3263761785173942,0.29635605399819887,0.08037056940226692,1.0,0.6
73,1835086199,ATTACK,0.022565437129583317,0.9866721834866519,0.9866721834866519,0.8001098582286178,0.7135702411108844,0.9362438274645126,0.7490979160600497,0.9525727222203121,0.9525727222203121,0.9642153920524985,-0.011642669832186425,232,232,0.969262030113806,0.9157575233832459,0.14765418114942797,51.29431166655458,0.5929900313814918,1.0,1,False,0.614,True,0.7199999999999996,True,False,False,,,1.0,1.33375961968722,0.6680757337024296,0.8910524365052128,15.833239946886984,3.1071196165983452,False,False,False,1.0965735902799727,0.0639051775337883,0.2311824749907925,0.07679142055207828,0.27098302960660364,0.2903820052847161,0.06675589203202127,0.2,0.6
74,1835086199,ATTACK,0.095868516779961,0.986070998822555,0.986070998822555,0.8032138755649787,0.7206128679897151,0.9248589631685873,0.7428595521576489,0.9700526376711213,0.9700526376711213,0.9525727222203121,0.01747991545080918,233,232,0.966133875588477,0.9227101834566654,0.4252301571956024,51.34708733289925,0.5941281729461657,1.0,1,False,0.2,True,0.7499999999999996,True,False,False,,,1.0,1.2879372469945296,0.66646526993491,0.858365444977434,13.685709694922,3.112130345970626,False,False,False,1.0965735902799727,0.2215142366796869,0.2772871776088723,0.033513073708166904,0.24453658402750733,0.2111975922526296,0.01195133572313703,0.0,0.2
75,1835086199,ATTACK,0.05013972036339383,0.9891119921324194,0.9891119921324194,0.7990659893865595,0.7190432897871019,0.9291505079287167,0.7424525699070843,0.9684703359260888,0.9684703359260888,0.9700526376711213,-0.0015823017450324883,237,233,0.9668847531443627,0.9365834168397721,0.2559583670155826,52.17959281591417,0.605009622656288,1.0,1,False,0.42400000000000004,True,0.7799999999999995,True,False,False,,,1.0,1.2920195136721466,0.6680994379284211,0.8631975108769131,14.133939623699145,3.1109246207082313,False,False,False,1.0965735902799727,0.11826331496090567,0.20370377983183383,0.03488607282585939,0.26074665961242477,0.28388720538494067,0.09851296738403571,0.8,0.2
76,1835086199,ATTACK,0.018909737256989613,0.9847168449261468,0.9847168449261468,0.7946413838380504,0.7233368673409136,0.9097193119611698,0.722900612961023,1.000603477673236,1.000603477673236,0.9684703359260888,0.03213314174714721,239,237,0.9701962778299265,0.9350836238271988,0.37900325514945854,51.49945960709667,0.5969776479149511,1.0,1,False,0.656,True,0.8099999999999994,True,False,False,,,1.0,1.2115980917830298,0.6580335172735239,0.7972721538578769,10.105530078108528,3.105629389351061,False,False,False,1.0965735902799727,0.1905717755395857,0.23894222129224232,0.020490540484861222,0.380513798501406,0.16741927412662405,0.00206239005528082,0.4,0.6
77,1835086199,ATTACK,0.02460676529840609,0.9854146374131505,0.9854146374131505,0.789133205888362,0.7203995568765903,0.9114871136961267,0.7192847481569543,1.0015498851080777,1.0015498851080777,1.000603477673236,0.0009464074348417562,250,239,0.9731766500469338,0.9720292649389466,0.22676549252182387,53.39581088156618,0.6211478562678229,1.0,1,False,0.6,True,0.8399999999999993,True,False,False,,,1.0,1.2093069299554653,0.656634912805412,0.7940731505062874,10.400820271066285,3.1008944929506637,False,False,False,1.0965735902799727,0.10286916128402956,0.22045036295565357,0.012638187113811499,0.3609496008214811,0.26369866465536895,0.03939402316965529,0.0,0.6
78,1835086199,ATTACK,0.0,1.0,1.0,0.7917223277107763,0.7142100118819008,0.9066283246198599,0.7177978875365568,0.9950015516666266,0.9950015516666266,1.0015498851080777,-0.006548333441451115,245,250,0.9758589850422403,0.9698598514457011,0.14011019058900953,52.694743712666686,0.6128458698950472,1.0,1,False,1.0,True,0.8699999999999992,True,False,False,,,1.0,1.2252489860070104,0.6475230264992179,0.7933769316343572,11.043396402507945,3.0966578142495504,False,False,False,1.0965735902799727,0.06038041061424979,0.2778375828534164,0.038608396184916176,0.36600948265598043,0.23144961146672938,0.025714516224707912,0.2,1.0
79,1835086199,ATTACK,0.06728611210074383,0.9860928997294749,0.9860928997294749,0.7931975710664023,0.719072362782476,0.9015296481175675,0.7150911271312029,1.0055674521752842,1.0055674521752842,0.9950015516666266,0.010565900508657577,245,245,0.9782730865380163,0.958153953816275,0.3853188551042266,52.242059943405735,0.607642319198849,1.0,1,False,0.326,True,0.8999999999999991,True,False,False,,,1.0,1.1996289206852784,0.6482650541903534,0.7776775072763572,9.704222832534247,3.092864667777292,False,False,False,1.0965735902799727,0.19466064368337788,0.18235630356895133,0.06949250373391166,0.281871618337411,0.22782077979846824,0.0437981508778799,0.6,0.2
80,1835086199,ATTACK,0.04928919315597636,0.9921964164456639,0.9921964164456639,0.7919197049873062,0.7280897246915968,0.905850543947295,0.7173608955253328,1.0149559715802563,1.0149559715802563,1.0055674521752842,0.009388519404972095,247,245,0.9509165298834452,0.9703887683503742,0.4642529369087275,52.28229438475559,0.6085967229527863,1.0,1,False,0.42400000000000004,True,0.929999999999999,True,False,False,,,1.0,1.1773136053075643,0.6595404731543193,0.7764859722955685,8.63298591867174,3.1369760014664605,False,False,False,1.0965735902799727,0.2496372506030573,0.2532479114709651,0.08210127317927093,0.138503418178321,0.2723693032074211,0.004140843360964573,0.8,0.2
81,1835086199,ATTACK,0.005473207807341045,0.9855426171391697,0.9855426171391697,0.7886913988273773,0.7271754420317569,0.9063593938719213,0.7148378581931795,1.0172592759283368,1.0172592759283368,1.0149559715802563,0.0023033043480804594,248,247,0.9558248768951007,0.9638383417912028,0.27950648315091897,52.13368880509448,0.6071865910244595,1.0,1,False,0.8,True,0.9599999999999991,True,False,False,,,1.0,1.1719026548497038,0.6590822928784497,0.7723802887886851,8.350142460543491,3.12887561402525,False,False,False,1.0965735902799727,0.13112754468424814,0.15600494846102303,0.03405754162128807,0.3868690533531319,0.25546952159677894,0.036471390283529755,0.0,0.8
82,1835086199,ATTACK,0.14649263102400092,0.9858918846630402,0.9858918846630402,0.7877529296803061,0.7247840167145677,0.9075702050307424,0.7149410879035234,1.0137674683656908,1.0137674683656908,1.0172592759283368,-0.003491807562645999,246,248,0.9602423892055906,0.9552662412043585,0.2443897567583101,51.79409998848119,0.6033844882687809,1.0,1,False,0.014000000000000002,True,0.9899999999999991,True,False,False,,,1.0,1.1801154159582259,0.6577923786526452,0.7762709265478172,8.694288994496588,3.121656069082632,False,False,False,1.0965735902799727,0.11209183480498365,0.16010738891062223,0.08042246140724217,0.37552685443050987,0.25923375273006566,0.01261770771657642,0.2,0.0
83,1835086199,ATTACK,0.08877256063119165,0.9834406569938527,0.9834406569938527,0.7885282482666484,0.7296170797456002,0.9112918614587374,0.7185793751757115,1.0153604527922746,1.0153604527922746,1.0137674683656908,0.0015929844265838433,250,246,0.9549737711302371,0.9693384231669556,0.39483749023335013,52.72732406989964,0.6154876670870063,1.0,1,False,0.2,True,1.0199999999999991,True,False,False,,,1.0,1.1763615879646105,0.6648941067534561,0.7821558872488068,8.683856820853274,3.130274251041457,False,False,False,1.0965735902799727,0.2009032983345102,0.19270732548670005,0.06259462423403461,0.2307073674782069,0.2723933846553462,0.04069399981120212,0.0,0.2
84,1835086199,ATTACK,0.09130042418810203,0.990810676376139,0.990810676376139,0.7802786959695625,0.7360970520318486,0.910480542842002,0.7104285706744167,1.0361309812372335,1.0361309812372335,1.0153604527922746,0.020770528444958858,248,250,0.9594763940172134,0.9586544935192124,0.4295192320111352,52.77009281240811,0.6164560998011247,1.0,1,False,0.2,True,1.0499999999999992,True,False,False,,,1.0,1.1284953740735946,0.6702020435183549,0.7563199058051334,6.336931041620506,3.122903171533511,False,False,False,1.0965735902799727,0.22451032841910573,0.15357563869312657,0.0584990090523869,0.29121713547013744,0.25158933764569164,0.020608550719551654,0.0,0.2
85,1835086199,ATTACK,0.024818183821193197,0.9901610289318341,0.9901610289318341,0.7738597577438201,0.733640873528331,0.9194324885578018,0.7115118028571381,1.0311014807938979,1.0311014807938979,1.0361309812372335,-0.0050295004433356105,252,248,0.9561565479558518,0.9654696752104667,0.25334053322883177,53.23430549885403,0.6226887305468596,1.0,1,False,0.6,True,1.0799999999999992,True,False,False,,,1.0,1.1399041945109174,0.6745332540558728,0.7689032856353877,6.969326507012942,3.1283312473816034,False,False,False,1.0965735902799727,0.11685842622593517,0.17217326658006069,0.09848045238720038,0.23921724245618048,0.318964039013583,0.05430657333704026,0.0,0.6
86,1835086199,ATTACK,0.0,1.0,1.0,0.7791691584670634,0.7379713453097505,0.9106359589597678,0.7095394538125295,1.0400709098619527,1.0400709098619527,1.0311014807938979,0.008969429068054868,254,252,0.9605408931602666,0.9895448312531705,0.3937065129323376,54.485765476959465,0.6387569346115937,1.0,1,False,1.0,True,1.1099999999999992,True,False,False,,,1.0,1.1196379351278918,0.6720232437209746,0.7524227169576999,6.113555212398963,3.1211706189593382,False,False,False,1.0965735902799727,0.20015644322295129,0.1696554532858689,0.04725644007087262,0.35035487790315406,0.21573359628873093,0.016843189228422262,1.0,0.8
87,1835086199,ATTACK,0.03458717542551093,0.9893047370256468,0.9893047370256468,0.7829443919500765,0.7271801908997437,0.919572363063791,0.7199740246530748,1.0100089253221896,1.0100089253221896,1.0400709098619527,-0.030061984539763165,256,254,0.9644868038442399,0.9914503626033605,0.05,54.5058292495602,0.6394332509890076,1.0,1,False,0.526,True,1.1399999999999992,True,False,False,,,1.0,1.189019870980073,0.6686948065188559,0.7950914125720949,9.669168621674286,3.114781714981051,False,False,False,1.0965735902799727,0.013842660693508873,0.24009417470853042,0.0023272852695471764,0.28784388305596315,0.4515550538981926,0.004336942374257734,0.6,0.4
88,1835086199,ATTACK,0.048497981425284546,0.9878255044089662,0.9878255044089662,0.779955006499986,0.7182774737305037,0.9276151267574119,0.7234980622195625,0.9927842398457254,0.9927842398457254,1.0100089253221896,-0.017224685476464163,257,256,0.9680381234598159,0.9900403903101092,0.07388710668694931,54.403191750398726,0.6385654873635598,1.0,1,False,0.41400000000000003,True,1.1699999999999993,True,False,False,,,1.0,1.2306945697603295,0.6662850498415147,0.8199933927524427,11.78501996107382,3.1090762339195024,False,False,False,1.0965735902799727,0.03070365469683902,0.17313425824182077,0.11112840491989977,0.35940035748979443,0.3142352568041657,0.011398067847480427,0.2,0.4
89,1835086199,ATTACK,0.0,1.0,1.0,0.7762388508212915,0.7094841983842554,0.9348536140816707,0.7256696950808872,0.9776957797654376,0.9776957797654376,0.9927842398457254,-0.015088460080287747,258,257,0.9712343111138343,1.001348117559466,0.06412063853378791,54.88913563215228,0.6450530615504197,1.0,1,False,1.0,True,1.1999999999999993,True,False,False,,,1.0,1.2683991848592155,0.6632638669933582,0.8412833482409466,13.850447614768647,3.103976975154208,False,False,False,1.0965735902799727,0.02650747925346109,0.1963713047448564,0.19093140126761582,0.27879309960624316,0.30358441260093094,0.0038123025268924963,0.2,1.0
90,1835086199,ATTACK,0.00989736810418442,0.9881886479774687,0.9881886479774687,0.7751290284183046,0.7122324351756278,0.928890092403869,0.7200096748324001,0.9891984233981542,0.9891984233981542,0.9776957797654376,0.01150264363271658,257,258,0.9741108800024508,0.9842762129819937,0.3384710020347653,53.99842052084692,0.6343244652674487,1.0,1,False,0.75,True,1.2299999999999993,True,False,False,,,1.0,1.2395523839517186,0.6615856525233216,0.8200700727735366,12.156293871568407,3.099416252870148,False,False,False,1.0965735902799727,0.16528058388231495,0.17315923420313792,0.027321562691033287,0.2962140538648809,0.23760919865182664,0.10041536670680627,1.0,0.4
91,1835086199,ATTACK,0.0,1.0,1.0,0.7768807789121492,0.7190931454932388,0.9050937118993239,0.7031499078888351,1.022674023598001,1.022674023598001,0.9891984233981542,0.033475600199846745,254,257,0.9737618390536122,0.9866385892184295,0.42074377981652844,53.24424164946697,0.6253016073785955,1.0,1,False,1.0,True,1.2599999999999993,True,False,False,,,1.0,1.1592800122981195,0.650846684255836,0.7545135521282959,7.967831735613133,3.0999682114577425,False,False,False,1.0965735902799727,0.21840415095490442,0.16536983662623028,0.10101477988191929,0.259372941142757,0.1454631436792088,0.11037514771498011,0.2,1.0
92,1835086199,ATTACK,0.00035799028717663705,0.9878511167919217,0.9878511167919217,0.7846776969975789,0.7258612931613704,0.9134659645607137,0.7167763693571729,1.0126746977057086,1.0126746977057086,1.022674023598001,-0.009999325892292354,248,254,0.9744995881613324,0.9611794767329566,0.42526008052280106,52.872711912744585,0.6210579957469372,1.0,1,False,0.95,True,1.2899999999999994,True,False,False,,,1.0,1.1826974274807973,0.6630495862949382,0.7841870400032303,9.077242103670592,3.0988020315861853,False,False,False,1.0965735902799727,0.22153506178491858,0.16945352909550457,0.027402101854598612,0.264154240968552,0.29440811925661103,0.023046947039815285,1.0,0.6
93,1835086199,ATTACK,0.005574804059017914,0.9834508125027978,0.9834508125027978,0.786990559370427,0.7231755064985123,0.9221193681046423,0.7256992373109771,0.9965223460592072,0.9965223460592072,1.0126746977057086,-0.016152351646501417,245,248,0.9717709934533116,0.9481089686799752,0.235839503060718,52.3085205867446,0.6144025915066347,1.0,1,False,0.8140000000000001,True,1.3199999999999994,True,False,False,,,1.0,1.2215279442402889,0.6668541410811628,0.8145809680629964,10.888563209229117,3.1031240309642207,False,False,False,1.0965735902799727,0.10759097494012973,0.20213181781794845,0.01996480303324797,0.2487334732186932,0.37593493438646586,0.045643996603514765,0.2,0.8
94,1835086199,ATTACK,0.01814798239881121,0.989828906237231,0.989828906237231,0.7817161533081,0.7278623899710717,0.9162487824898317,0.7162464737211812,1.01621776396265,1.01621776396265,0.9965223460592072,0.019695417903442758,245,245,0.9745938941079805,0.947862425145742,0.3905368781205736,52.41072337142827,0.61607230134344,1.0,1,False,0.656,True,1.3499999999999994,True,False,False,,,1.0,1.174346300327422,0.6669030286311335,0.7831751043501244,8.592780441275826,3.0986530869075044,False,False,False,1.0965735902799727,0.19807073496856303,0.15825137975389283,0.10946893262276636,0.28104100840369467,0.23170675597826795,0.021461188272815148,0.4,0.6
95,1835086199,ATTACK,0.11842242563114697,0.9876671127989616,0.9876671127989616,0.7799743198000982,0.7353098974391731,0.9246239042408485,0.721182900781167,1.0195886461571733,1.0195886461571733,1.01621776396265,0.003370882194523306,246,245,0.9529943809838296,0.9475366309279852,0.4449902471614162,52.20859282257621,0.6139342708714154,1.0,1,False,0.126,True,1.3799999999999994,True,False,False,,,1.0,1.1664557622201792,0.6798851081971461,0.793055902104251,8.175419697891845,3.1335366786180248,False,False,False,1.0965735902799727,0.235507837083187,0.21582746102256026,0.0038885359110127143,0.16299943766657815,0.35558172448794834,0.026195003828713648,0.6,0.0
96,1835086199,ATTACK,0.0,1.0,1.0,0.7851939494939643,0.7339528461153115,0.9261232330051375,0.7271863590414228,1.0093050247570765,1.0093050247570765,1.0195886461571733,-0.010283621400096754,242,246,0.9486700675036641,0.9500846788876968,0.27766326790997387,52.07526737053419,0.6126528395037065,1.0,1,False,1.0,True,1.4099999999999995,True,False,False,,,1.0,1.1906949533130466,0.6797307827176345,0.8093520125934145,9.346365905839777,3.1407113644816187,False,False,False,1.0965735902799727,0.13010554435121444,0.1815502202104007,0.06425024920231347,0.2317051119009887,0.26980859594186934,0.12258027839321338,0.2,1.0
97,1835086199,ATTACK,0.06518139134493338,0.9885899988265443,0.9885899988265443,0.7900537370364421,0.7339156454765235,0.9335109097046238,0.7375237827764267,0.9951077682046805,0.9951077682046805,1.0093050247570765,-0.01419725655239601,239,242,0.9480200148915976,0.9333418714488672,0.3053789278925214,51.52944701335963,0.6062109820418532,1.0,1,False,0.326,True,1.4399999999999995,True,False,False,,,1.0,1.2249887302403604,0.6851182618552457,0.8392621496545402,10.91123083157246,3.1417955586387496,False,False,False,1.0965735902799727,0.1457555208372199,0.20193825095718862,0.05990732108568829,0.24644070062863582,0.34068957952255097,0.0052686269687165195,0.6,0.2
98,1835086199,ATTACK,0.0,1.0,1.0,0.784422353753619,0.7343069022754797,0.9326184986674042,0.7315667978788516,1.0037455286442372,1.0037455286442372,0.9951077682046805,0.008637760439556663,243,239,0.9470031137027072,0.9530731598106472,0.3145775880699063,52.45045480614142,0.6181007665208621,1.0,1,False,1.0,True,1.4699999999999995,True,False,False,,,1.0,1.204008158794993,0.6848282007612702,0.8245387410894647,10.087789615959013,3.1434945888479118,False,False,False,1.0965735902799727,0.15108798840977827,0.1603304203715909,0.1050149782729132,0.244477728637588,0.2622933996662138,0.07679548464191605,0.2,1.0
99,1835086199,ATTACK,0.11648801285463818,0.9877066893576294,0.9877066893576294,0.78496578164588,0.7362860355519341,0.9393566488006638,0.7373628260700675,0.9985396734415369,0.9985396734415369,1.0037455286442372,-0.005205855202700227,239,243,0.9378409990403376,0.9265025643709289,0.34815759063256,51.05014005532072,0.6009701727072929,1.0,1,False,0.126,True,1.4999999999999996,True,False,False,,,1.0,1.2166094296262495,0.6916351829147912,0.8414498853954109,10.414046699866635,3.158968723087914,False,False,False,1.0965735902799727,0.17118097987785447,0.16993271468579957,0.04161590802310598,0.20699180321773256,0.3055512946465445,0.10472729954896293,0.6,0.0
100,1835086199,ATTACK,0.0032270095094221775,0.9889625505742087,0.9889625505742087,0.7831949816108937,0.7353077828617817,0.944352946089752,0.7396124882469566,0.994179782719221,0.994179782719221,0.9985396734415369,-0.004359890722315907,238,239,0.9348060763325292,0.9217151028668876,0.2872514132345082,50.807237956442904,0.5983037607947953,1.0,1,False,0.8560000000000001,True,1.5299999999999996,True,False,False,,,1.0,1.227264384884637,0.6943900710282471,0.8522002033904811,10.877829818437926,3.1641613623512654,False,False,False,1.0965735902799727,0.1354506135930537,0.18736877122320456,0.071066078006939,0.2306780781646611,0.2946598108457723,0.08077664816636947,0.4,0.8
101,1835086199,ATTACK,0.021939923839904986,0.9883824029852712,0.9883824029852712,0.7832011927532337,0.7405701747248804,0.9467139639552187,0.7414675057658692,0.9987897904709095,0.9987897904709095,0.994179782719221,0.004610007751688516,242,238,0.9324712582817576,0.9366637550663899,0.4126404682489355,51.902173569490934,0.6123562715097053,1.0,1,False,0.614,True,1.5599999999999996,True,False,False,,,1.0,1.2160009923465724,0.7011081257008004,0.8525481765944187,10.58154867774572,3.1681791531538055,False,False,False,1.0965735902799727,0.21284726257734748,0.22359730179751894,0.02674517081900271,0.23248086173855115,0.28398156237220984,0.02034784069537001,0.2,0.6
102,1835086199,ATTACK,0.0,1.0,1.0,0.7885772701951513,0.7432321367745437,0.9432151054326164,0.7437979930488845,0.9992392339322921,0.9992392339322921,0.9987897904709095,0.0004494434613825371,233,242,0.9392241324535818,0.9186925197773513,0.36813354469446025,51.27567974522451,0.604887556289775,1.0,1,False,1.0,True,1.5899999999999996,True,False,False,,,1.0,1.2149084360723217,0.70102777824871,0.8516845617153945,10.399618004400965,3.1566133653698456,False,False,False,1.0965735902799727,0.183630884823841,0.15075944351288306,0.08680487271795165,0.2742367363813817,0.25586268936459794,0.0487053731993448,0.8,1.0
103,1835086199,ATTACK,0.15995925074717554,0.9852986659466314,0.9852986659466314,0.78644668077653,0.741872735999011,0.9488935948893548,0.7462542181108424,0.9941287003738175,0.9941287003738175,0.9992392339322921,-0.005110533558474573,233,233,0.9358123033757061,0.9027408681994711,0.28649721549630436,50.432049944887005,0.5947011532721413,1.0,1,False,0.0,True,1.6199999999999997,True,False,False,,,1.0,1.2273897743761375,0.7039582874125028,0.8640312035574439,10.818295862587098,3.162436013310037,False,False,False,1.0965735902799727,0.13502757578993174,0.1791286567269512,0.03697583335733031,0.2295935643976474,0.32075379327829295,0.09852057644984653,0.0,0.0
104,1835086199,ATTACK,0.0032359067666983495,0.9867994543929078,0.9867994543929078,0.7904587437125781,0.7388294099197633,0.9376481852338929,0.7411722065443617,0.9968390657341006,0.9968390657341006,0.9941287003738175,0.002710365360283129,230,233,0.9422310730381355,0.8970278955680265,0.24634623196393624,49.66974831905758,0.5855277241476176,1.0,1,False,0.8560000000000001,True,1.6499999999999997,True,False,False,,,1.0,1.2207544253880465,0.6927620554086941,0.8456923448810824,10.340604613165851,3.1515166610327014,False,False,False,1.0965735902799727,0.1131288840087857,0.19609903325402558,0.16968177354322697,0.2969117738364601,0.21821974916736808,0.005958786190133571,0.4,0.8
105,1835086199,ATTACK,0.024822897700813803,0.9882334274144509,0.9882334274144509,0.7936709933696333,0.7387288586183881,0.922924883555254,0.7324987091368517,1.008505338512989,1.008505338512989,0.9968390657341006,0.01166627277888832,231,230,0.9480079657343219,0.9059036979497558,0.3092855103050466,49.64141007194429,0.585524995788879,1.0,1,False,0.614,True,1.6799999999999997,True,False,False,,,1.0,1.1926008417696952,0.6817912458192815,0.8131048136752843,9.021791920874628,3.141815668933655,False,False,False,1.0965735902799727,0.14801148993266233,0.1794960604276262,0.07299207338835553,0.3175061706393191,0.19520758422375212,0.08678662138828473,0.2,0.6
106,1835086199,ATTACK,0.15273687989773313,0.9906111035488172,0.9906111035488172,0.7964422400382287,0.7316636302840055,0.9306323951997286,0.741194949485014,0.9871406042261475,0.9871406042261475,1.008505338512989,-0.02136473428684149,230,231,0.9435899784022241,0.9073092052647359,0.14120536161273212,49.40715807947521,0.5829459247433205,1.0,1,False,0.0,True,1.7099999999999997,True,False,False,,,1.0,1.2446644457554348,0.6809098767317328,0.8475043143317036,11.410053826088225,3.149224000631414,False,False,False,1.0965735902799727,0.060890182456709546,0.18707065725138974,0.16944898225346028,0.22901276927879313,0.3202010611523576,0.03337634760728976,0.0,0.0
107,1835086199,ATTACK,0.07141729856859562,0.9878354266556524,0.9878354266556524,0.7911717031845706,0.7236778197608028,0.9375691556797557,0.7417781857524722,0.9755986811969833,0.9755986811969833,0.9871406042261475,-0.011541923029164125,238,230,0.9396082656569555,0.9300414499981192,0.10632923501720781,50.177634903096944,0.5929221934462066,1.0,1,False,0.326,True,1.7399999999999998,True,False,False,,,1.0,1.2737302730912514,0.6784980024573023,0.8642234459618082,12.984006308234914,3.155960449784331,False,False,False,1.0965735902799727,0.044967137387470366,0.17757977912243986,0.008366458176367482,0.2289876595225174,0.45408168480491795,0.08601728098628703,0.6,0.2
108,1835086199,ATTACK,0.00040300764738465536,0.9849192175797821,0.9849192175797821,0.7943373278857434,0.7325625524378083,0.9287672406064862,0.7377544881311715,0.9929625156106945,0.9929625156106945,0.9755986811969833,0.017363834413711143,237,238,0.9369101655209667,0.9270943478786348,0.4658852041014573,49.99516884896222,0.59098095764112,1.0,1,False,0.95,True,1.7699999999999998,True,False,False,,,1.0,1.2302558419477791,0.6803801003993076,0.8370415932612647,10.886129767678716,3.1605577677626218,False,False,False,1.0965735902799727,0.25085779581307094,0.17201294339066042,0.11274445221251697,0.23301239286230355,0.22477500247353002,0.006597413247918028,1.0,0.6
109,1835086199,ATTACK,0.08152732384274408,0.9816364873750586,0.9816364873750586,0.7953397813728024,0.7295736360916674,0.9358905165458375,0.7443509588184455,0.9801473719463799,0.9801473719463799,0.9929625156106945,-0.012815143664314577,236,237,0.94321914896887,0.9212667681226049,0.23660168993377895,50.15557082325008,0.5933243787600132,1.0,1,False,0.256,True,1.7999999999999998,True,False,False,,,1.0,1.2621952118523512,0.6828010471400555,0.8618282123479496,12.445317245980698,3.149848985535866,False,False,False,1.0965735902799727,0.10799014094686757,0.19461597916108211,0.016739317797074525,0.2793513125225474,0.3929254716185663,0.008377777953862162,0.4,0.2
110,1835086199,ATTACK,0.11480408321458124,0.9906594048305513,0.9906594048305513,0.800223028882855,0.7254264731770209,0.9423014648912538,0.7540513323560304,0.9620385801990812,0.9620385801990812,0.9801473719463799,-0.018108791747298736,236,236,0.9347904168892383,0.9354431940392522,0.20475892023553732,50.482332680744676,0.5977436039298165,1.0,1,False,0.126,True,1.8299999999999998,True,False,False,,,1.0,1.308746776499288,0.6835704283456027,0.894620594607545,14.764076517157322,3.1641882425081564,False,False,False,1.0965735902799727,0.091643986124211,0.233075109388478,0.1130593237544842,0.20860537644206914,0.3231615090354572,0.030454695255300444,0.6,0.0
111,1835086199,ATTACK,0.03517400339194689,0.9850646596310839,0.9850646596310839,0.7974848471695852,0.7261470063851717,0.9480713184021284,0.7560725104617886,0.9604197961669851,0.9604197961669851,0.9620385801990812,-0.0016187840320960323,231,236,0.9413113752003144,0.9073381311664529,0.31253580245376134,49.67537358499719,0.5879874127224737,1.0,1,False,0.526,True,1.8599999999999999,True,False,False,,,1.0,1.3129907997169135,0.6884391496973485,0.9039142697175535,14.722745036035061,3.15307207392819,False,False,False,1.0965735902799727,0.14989821083752325,0.15732733677261831,0.011501397430462695,0.27882015686479794,0.40213328401966864,0.0003196140749292354,0.6,0.4
112,1835086199,ATTACK,0.009312628779511854,0.9890026551357286,0.9890026551357286,0.7957426622659985,0.7220631696219267,0.9480966100143884,0.7544409205382175,0.957083782129431,0.957083782129431,0.9604197961669851,-0.0033360140375541247,230,231,0.9329045432371563,0.9050403466537228,0.20207031434229894,48.85065955025067,0.5780067840100095,1.0,1,False,0.75,True,1.89,True,False,False,,,1.0,1.3217804008212162,0.684585643334793,0.9048718860435128,14.879263355213771,3.1674320299817977,False,False,False,1.0965735902799727,0.0902939194501705,0.23756102117494585,0.1610900668131069,0.20783775253124268,0.27416211726236406,0.02905512276817002,1.0,0.4
113,1835086199,ATTACK,0.006232472548209786,0.9847311841852765,0.9847311841852765,0.7961796910371677,0.7206794631275909,0.9532869490129495,0.7589877085348944,0.9495271860446179,0.9495271860446179,0.957083782129431,-0.007556596084813072,236,230,0.9396140889134407,0.9251471045755714,0.26194200583244065,50.36085600717796,0.5972086752078131,1.0,1,False,0.8,True,1.92,True,False,False,,,1.0,1.341908438357941,0.6870143266211916,0.9219103221657755,16.335221087601024,3.155950556036674,False,False,False,1.0965735902799727,0.12149314983450635,0.1770455259269619,0.04519571989463824,0.30364126382356227,0.33357819240618836,0.019046148114142774,0.0,0.8
114,1835086199,ATTACK,0.04482677081439247,0.9868625638168365,0.9868625638168365,0.7947409722090208,0.7203020517873491,0.9450008256302935,0.7510308748997468,0.9590844742348313,0.9590844742348313,0.9495271860446179,0.009557288190213398,236,236,0.9456526800220966,0.9254741338172857,0.2832423898920251,50.21611992676189,0.5957208254861455,1.0,1,False,0.456,True,1.95,True,False,False,,,1.0,1.3165020170586623,0.6806860336422393,0.8961245362736686,15.083717906662171,3.1457565307994226,False,False,False,1.0965735902799727,0.133207022701722,0.2552266220436647,0.03279755735234183,0.3320340517744009,0.235212857593195,0.011521888534675565,0.4,0.4
115,1835086199,ATTACK,0.08358684642436098,0.9885561536962644,0.9885561536962644,0.7977651286072948,0.7209800368037995,0.936835287826194,0.7473745238765156,0.9646837211739411,0.9646837211739411,0.9590844742348313,0.005599246939109737,235,236,0.9510874120198869,0.9266468618296139,0.3060872089494401,50.15538807250327,0.595279838435463,1.0,1,False,0.256,True,1.9799999999999998,True,False,False,,,1.0,1.3018414188004759,0.6754395402960275,0.8793151694529217,14.3743821827155,3.136692584990503,False,False,False,1.0965735902799727,0.14616359507272358,0.2846418183844279,0.032169127157100144,0.2835917375305665,0.2316727237946488,0.021760998060533124,0.4,0.2
116,1835086199,ATTACK,0.14455503878633746,0.983254988942674,0.983254988942674,0.7919284053283345,0.7228368235161708,0.9431517590435745,0.7469086685219916,0.9677713674772915,0.9677713674772915,0.9646837211739411,0.0030876463033504553,236,235,0.9523280828091605,0.9188277154009111,0.3318923009161058,50.23132557811482,0.5965440601980274,1.0,1,False,0.014000000000000002,True,2.01,True,False,False,,,1.0,1.2938269384612788,0.6817448216007463,0.8820598153435244,14.022432432229273,3.134637921086778,False,False,False,1.0965735902799727,0.16132235690701585,0.1583920150669629,0.02990075680040533,0.25613369086937415,0.3139487327713575,0.08030244758488435,0.2,0.0
117,1835086199,ATTACK,0.034749533255561016,0.9854566292855897,0.9854566292855897,0.7939958511121198,0.7149663212860635,0.948836583139217,0.7533723103959382,0.9490212361406138,0.9490212361406138,0.9677713674772915,-0.01875013133667769,235,236,0.9570952745282444,0.9193769582468387,0.09717752723571216,50.237372264790956,0.5969332807154056,1.0,1,False,0.526,True,2.04,True,False,False,,,1.0,1.3432670024985522,0.6783862013486842,0.9112537992220263,16.392526183429478,3.1267925748703,False,False,False,1.0965735902799727,0.040891736821265456,0.15656301081339877,0.02191421226577281,0.30355768255637827,0.45875964252921353,0.018313715013971173,0.6,0.4
118,1835086199,ATTACK,0.0008440669688653631,0.9888312813489902,0.9888312813489902,0.7872780236863591,0.7281813518017868,0.9373045418468093,0.7379192672974043,0.9868035489420378,0.9868035489420378,0.9490212361406138,0.03778231280142397,236,235,0.9613857470754199,0.9186124615888261,0.5270920794703768,50.67961268628126,0.6027681358253271,1.0,1,False,0.926,True,2.0700000000000003,True,False,False,,,1.0,1.2455037700791194,0.6825276883319641,0.8500908090008474,11.838532081111119,3.1197982864801945,False,False,False,1.0965735902799727,0.2995418322503311,0.15119148201763966,0.021731819123010723,0.29989536914772047,0.21675808510757,0.01088141235372817,0.6,0.8
119,1835086199,ATTACK,0.03523826984834954,0.98638474260504,0.98638474260504,0.7799770489182821,0.7181193989314015,0.9435740876621284,0.7359661323304673,0.9757506050685331,0.9757506050685331,0.9868035489420378,-0.01105294387350475,241,236,0.9652471723678779,0.9270757400652938,0.05,50.94169501272528,0.6063542404579192,1.0,1,False,0.526,True,2.1000000000000005,True,False,False,,,1.0,1.2733433118140878,0.6775988566791732,0.8628159722452978,13.259322252281487,3.113556589531846,False,False,False,1.0965735902799727,0.016838933996301736,0.19077241213885773,0.0026021865969845146,0.4574473557017339,0.3235202683793329,0.00881884318678917,0.6,0.4
120,1835086199,ATTACK,0.01752832881814173,0.9833236983631404,0.9833236983631404,0.7780337464568605,0.7309543886046326,0.9426969486812858,0.7334500387559516,0.9965973822081297,0.9965973822081297,0.9757506050685331,0.020846777139596595,244,241,0.941566991674278,0.9333720056410938,0.5237941156504418,50.85553378125499,0.605575610233838,1.0,1,False,0.656,True,2.130000000000001,True,False,False,,,1.0,1.2213446404895665,0.689068471762782,0.84159008491781,10.723258766117086,3.1526394649117164,False,False,False,1.0965735902799727,0.2967619952475143,0.2370348388411155,0.04587854661239175,0.1492933479235812,0.2674013489268518,0.0036299224485455356,0.4,0.6
121,1835086199,ATTACK,0.045097973484023904,0.9843084493985659,0.9843084493985659,0.7831756418200497,0.7250904901917087,0.9404148962541092,0.7365100399509474,0.9844950521516321,0.9844950521516321,0.9965973822081297,-0.012102330056497523,245,244,0.9474102925068503,0.9443358419681093,0.16273898128467235,51.190647013863746,0.6100652405136304,1.0,1,False,0.456,True,2.160000000000001,True,False,False,,,1.0,1.2512675484155509,0.6818858981084769,0.85322169602533,12.263131744048962,3.142813839998256,False,False,False,1.0965735902799727,0.07104776271634665,0.1977479335037416,0.0004460403752446058,0.4212600099673127,0.25993821220476,0.04956004123259451,0.4,0.4
122,1835086199,ATTACK,0.022757783528024784,0.9880161143785005,0.9880161143785005,0.7895146038793618,0.7150411829932187,0.9424138869058615,0.7440495266108909,0.9610128861316481,0.9610128861316481,0.9844950521516321,-0.023482166019983985,245,245,0.9526692632561653,0.9555651101832109,0.05,51.4369709981144,0.6134443496712167,1.0,1,False,0.614,True,2.1900000000000013,True,False,False,,,1.0,1.3114342797217933,0.6738647405624046,0.8837293206693703,15.283683640640463,3.13407383336309,False,False,False,1.0965735902799727,0.015065216388693356,0.21552219063644198,0.021101114673869475,0.2925779698098662,0.28020240138581587,0.17553110710531303,0.2,0.6
123,1835086199,ATTACK,0.0,1.0,1.0,0.7930910875197811,0.7130775595563295,0.9423311686514986,0.7473544513496032,0.9541356959453775,0.9541356959453775,0.9610128861316481,-0.006877190186270643,245,245,0.9544013892308726,0.9715365822117319,0.24015332997575012,52.18310408948151,0.6230609695799285,1.0,1,False,1.0,True,2.2200000000000015,True,False,False,,,1.0,1.3295968668679625,0.6719552100358746,0.8934295419393025,16.428679553992097,3.13121625915646,False,False,False,1.0965735902799727,0.10985544640964605,0.24524905558775853,0.03238761391587386,0.25908660136510836,0.27079335218111644,0.08262793054049665,0.4,1.0
124,1835086199,ATTACK,0.15607882105489168,0.9915149058632005,0.9915149058632005,0.8013570174855763,0.7209847618415628,0.9330041994278544,0.7476694625550232,0.964309494970852,0.964309494970852,0.9541356959453775,0.01017379902547455,238,245,0.950044845942589,0.9455233390284812,0.4401205342879734,50.6560432643043,0.6042630576584723,1.0,1,False,0.014000000000000002,True,2.2500000000000018,True,False,False,,,1.0,1.3028161498672433,0.6726818105216695,0.876380726469568,14.638427310349908,3.138423318925274,False,False,False,1.0965735902799727,0.2320135032881219,0.2705832741967219,0.03895963062418992,0.23219816197638005,0.22453073820752853,0.0017146917070577797,0.2,0.0
125,1835086199,ATTACK,0.006117633867407714,0.9899676116023796,0.9899676116023796,0.8032004683744055,0.7236521680263885,0.939703779485069,0.7547705158156065,0.9587711136866662,0.9587711136866662,0.964309494970852,-0.005538381284185823,239,238,0.9420221245654775,0.9501952269308548,0.34860895506857104,50.986996789130345,0.608688068136634,1.0,1,False,0.8,True,2.280000000000002,True,False,False,,,1.0,1.3173273552475269,0.6800186773269615,0.8958072057220476,15.45224360905286,3.1518697725920912,False,False,False,1.0965735902799727,0.17145805346129858,0.2011991417533451,0.011305109832154336,0.21355346916885184,0.36568608044241124,0.03679814534193899,0.0,0.8
126,1835086199,ATTACK,0.050468893116740215,0.988146984125432,0.988146984125432,0.7950654210599103,0.7146062380366127,0.9457334015365622,0.751919925103088,0.9503754511341622,0.9503754511341622,0.9587711136866662,-0.008395662552504013,245,239,0.9478199121089298,0.9624108350533898,0.06459080185825539,51.587626122056406,0.616484075537059,1.0,1,False,0.42400000000000004,True,2.3100000000000023,True,False,False,,,1.0,1.3396337802533334,0.675826988257612,0.9053606630767699,16.750197521657494,3.1421296006212165,False,False,False,1.0965735902799727,0.026708480144295048,0.1599486587885748,0.02520114974214811,0.29883659896765086,0.4522773666639954,0.03702774569333586,0.8,0.2
127,1835086199,ATTACK,0.0,1.0,1.0,0.7916430735499689,0.7141088720187021,0.9413101045776745,0.7451816243515129,0.958301773262523,0.958301773262523,0.9503754511341622,0.007926322128360752,248,245,0.9530379208980368,0.9816374112019614,0.27369087216919885,52.555864864557904,0.6288664593443581,1.0,1,False,1.0,True,2.3400000000000025,True,False,False,,,1.0,1.3185644857513386,0.6721978969997696,0.8863362743806324,16.02672964233729,3.1334647704363983,False,False,False,1.0965735902799727,0.1279118235490003,0.16692555015406543,0.09246539641313177,0.3327646296624249,0.2507502159738428,0.029182384247534776,0.2,1.0
128,1835086199,ATTACK,0.018388534342235165,0.9867335101922126,0.9867335101922126,0.7985830811572701,0.7061666713763396,0.9471790941199071,0.7564011993900273,0.933587455897482,0.933587455897482,0.958301773262523,-0.024714317365040928,250,248,0.9542576771661451,0.9849858585630321,0.08272810196211788,52.51904477755206,0.6286877212856444,1.0,1,False,0.656,True,2.3700000000000028,True,False,False,,,1.0,1.3853769501262938,0.6688663080919115,0.9266319659466064,19.382440393450796,3.131452953436352,False,False,False,1.0965735902799727,0.03454053698215683,0.35798422456136025,0.0013359514458304448,0.25692521980869026,0.30603575771085845,0.04317830949110385,0.4,0.6
129,1835086199,ATTACK,0.0008607946568522167,0.9902180662707442,0.9902180662707442,0.7961962376589802,0.7062761181311659,0.95096619501285,0.7571557066101072,0.9328016839406303,0.9328016839406303,0.933587455897482,-0.0007857719568516996,246,250,0.952718313705322,0.9697417155568621,0.2778739964139124,51.844167446021515,0.6205262983663613,1.0,1,False,0.926,True,2.400000000000003,True,False,False,,,1.0,1.3875558425045342,0.6716447126876409,0.9319445451770154,19.239049281885123,3.133992769446901,False,False,False,1.0965735902799727,0.13022225404554094,0.18473607800919717,0.05222575608233193,0.24493820116268825,0.29252505152466796,0.09535265917557371,0.6,0.8
130,1835086199,ATTACK,0.0,1.0,1.0,0.7960417302669225,0.7156914981795699,0.9471618334443505,0.7539803447378314,0.9492177126028729,0.9492177126028729,0.9328016839406303,0.016416028662242566,250,246,0.9359228459970977,0.995052162833653,0.46018946445559183,52.68419650981594,0.6313002253067544,1.0,1,False,1.0,True,2.4300000000000033,True,False,False,,,1.0,1.3427392654962018,0.6778756715962955,0.9102102813769543,17.309685118443632,3.1622466951744133,False,False,False,1.0965735902799727,0.2466148244370287,0.2500196880237892,0.05009606138144293,0.17489256210139986,0.25646128966392734,0.02191557439241212,0.6,1.0
131,1835086199,ATTACK,0.004626838634208419,0.9863966267755467,0.9863966267755467,0.793882271071997,0.7123100896892058,0.9524456500999154,0.7561297157739655,0.9420474752273076,0.9420474752273076,0.9492177126028729,-0.007170237375565325,249,250,0.942330561397388,0.9749380788316985,0.20653746149332708,52.02156978439129,0.6232892093504637,1.0,1,False,0.8240000000000001,True,2.4600000000000035,True,False,False,,,1.0,1.362133513022374,0.6784366464467647,0.9241212925876499,18.05706865429616,3.1513485861452804,False,False,False,1.0965735902799727,0.09253958023267984,0.16551059592599335,0.024001760911825203,0.27384244408184594,0.32660359688549584,0.11750202196215988,0.8,0.6
132,1835086199,ATTACK,0.06854239194990279,0.9890447854952316,0.9890447854952316,0.796764218398073,0.7257238110143934,0.9533699100074622,0.7596110311913368,0.9553887202983397,0.9553887202983397,0.9420474752273076,0.01334124507103207,248,249,0.9385901215498589,0.9771640143899895,0.5280646657789874,52.90222810887698,0.6345652086408927,1.0,1,False,0.326,True,2.4900000000000038,True,False,False,,,1.0,1.326269003995229,0.6918832443970647,0.9176233014274826,16.563094458747397,3.1576921699065563,False,False,False,1.0965735902799727,0.3003653226205985,0.16180990876038664,0.002464408960685569,0.22951189223731652,0.2808441245876913,0.025004342833321397,0.6,0.2
133,1835086199,ATTACK,0.0659145293921015,0.988803518763367,0.988803518763367,0.801320909306409,0.7200468501039895,0.9577122889300135,0.7674348822193207,0.9382513966809911,0.9382513966809911,0.9553887202983397,-0.017137323617348543,247,248,0.944731109394873,0.978550934454335,0.1607850657658778,53.116515371099986,0.637510684225871,1.0,1,False,0.35,True,2.520000000000004,True,False,False,,,1.0,1.3725144014386343,0.6895977169499381,0.946482797712993,18.998496556907465,3.1473038503358226,False,False,False,1.0965735902799727,0.0701153705039472,0.274958824086973,0.02634166305104604,0.3096980452534958,0.2983968496164877,0.02048924748805027,1.0,0.0
134,1835086199,ATTACK,0.003376962434055231,0.9903810782846681,0.9903810782846681,0.8040632743358505,0.7201894830263006,0.9619410600370122,0.773461478451459,0.9311252119086605,0.9311252119086605,0.9382513966809911,-0.007126184772330624,249,247,0.9364985321502343,0.9914296705440715,0.2940991441161992,53.55282146372263,0.6432269774342746,1.0,1,False,0.8560000000000001,True,2.5500000000000043,True,False,False,,,1.0,1.3922160479682422,0.6927798347298274,0.9644992036196522,20.182676971674944,3.161261482720517,False,False,False,1.0965735902799727,0.13931219284388252,0.21426430522550585,0.035818997229118174,0.21018424406749345,0.3448398228571747,0.05558043777682514,0.4,0.8
135,1835086199,ATTACK,0.000852773474051561,0.9902583480137288,0.9902583480137288,0.7997216463053448,0.722129312320509,0.965746954033311,0.7723287439938916,0.9350025075930883,0.9350025075930883,0.9311252119086605,0.0038772956844278506,254,249,0.9241925757822307,1.005752416153261,0.33280020331916604,53.93255622320088,0.6482341118594293,1.0,1,False,0.926,True,2.5800000000000045,True,False,False,,,1.0,1.381461732969549,0.6973941837917011,0.9634233777037677,19.782085838478256,3.1825888404498652,False,False,False,1.0965735902799727,0.16186629306904304,0.20467591737625174,0.04306786742326668,0.18792680385009017,0.3561273807108382,0.04633573757051029,0.6,0.8
136,1835086199,ATTACK,0.004630619409011168,0.9887108169861115,0.9887108169861115,0.8064734913305429,0.7360228467044836,0.9635563745543589,0.7770826734806542,0.9471615721500284,0.9471615721500284,0.9350025075930883,0.012159064556940047,252,254,0.9002627833384801,1.004685021258739,0.5452337247787701,53.3697875648997,0.6414571474104016,1.0,1,False,0.8240000000000001,True,2.6100000000000048,True,False,False,,,1.0,1.3482723555518756,0.7091995057597509,0.9561940881869253,17.87211974746511,3.225730656080321,False,False,False,1.0965735902799727,0.31518866913713833,0.17770111997710572,0.05776785423641672,0.12949756879305654,0.27192057962189525,0.04792420823438735,0.8,0.6
137,1835086199,ATTACK,0.0696365271335517,0.9899244857694496,0.9899244857694496,0.8022557230886411,0.7284859005861858,0.9672007370989231,0.7759423267131632,0.9388402662244248,0.9388402662244248,0.9471615721500284,-0.00832130592560354,257,252,0.910236505004632,1.0205117706123454,0.1247591136083478,54.39270434923567,0.6545005813351867,1.0,1,False,0.326,True,2.640000000000005,True,False,False,,,1.0,1.3708988890935243,0.7045921000131317,0.9659245271720756,19.42021244818823,3.207473843484018,False,False,False,1.0965735902799727,0.05330245271157947,0.17827773426213883,0.07289773834504357,0.353852749698519,0.3345804663742427,0.007088858608476542,0.6,0.2
138,1835086199,ATTACK,0.05252789263864152,0.9850026403071938,0.9850026403071938,0.8051519312934685,0.7240220388516546,0.9612096735915309,0.7739198250701855,0.9355258973834845,0.9355258973834845,0.9388402662244248,-0.003314368840940385,247,257,0.9188890146708157,0.979449821043041,0.19548328868173426,52.12027476814925,0.6263472424764462,1.0,1,False,0.4,True,2.6700000000000053,True,False,False,,,1.0,1.3800164036384228,0.6959369876376736,0.9604044588386998,19.041729510792088,3.191956547514078,False,False,False,1.0965735902799727,0.08700541618472647,0.18870994511061226,0.029492367387825083,0.27125527348475853,0.2536450510125007,0.16989194681957714,0.0,0.4
139,1835086199,ATTACK,0.08796374990986754,0.9855707925136368,0.9855707925136368,0.8012557194542974,0.7220210363900094,0.959437696836767,0.7687549420505179,0.939208318406573,0.939208318406573,0.9355258973834845,0.003682421023088578,252,247,0.9270001132037342,0.9950147353801067,0.24986576523442106,53.1095547430904,0.6389633211561909,1.0,1,False,0.256,True,2.7000000000000055,True,False,False,,,1.0,1.3698901357576694,0.6927342002217262,0.948969747585721,18.90765800155003,3.1776732629222346,False,False,False,1.0965735902799727,0.11500124351171831,0.16342915245457904,0.10826842415212072,0.3314579964421196,0.2717449530219461,0.010098230417516372,0.4,0.2
140,1835086199,ATTACK,0.006098249857218882,0.9881211942864944,0.9881211942864944,0.8031418314397434,0.7351568377026936,0.9632333887454322,0.7736130279409167,0.9502901465599929,0.9502901465599929,0.939208318406573,0.011081828153419848,256,252,0.8956375821223028,1.0158098760495125,0.5311168367217339,53.51292264234131,0.6442527320217966,1.0,1,False,0.8,True,2.7300000000000058,True,False,False,,,1.0,1.3398623535294596,0.7081276120397413,0.9487935288667638,17.51655653463326,3.2343350499957872,False,False,False,1.0965735902799727,0.30296066415230805,0.2267047749046663,0.05517617178767338,0.09698854654064565,0.29869730796170935,0.01947253465299736,0.0,0.8
141,1835086199,ATTACK,0.1500999534659774,0.9890684599555998,0.9890684599555998,0.8054218634933803,0.7360311889910198,0.9487575245511042,0.7641500534273168,0.9632024308443348,0.9632024308443348,0.9502901465599929,0.01291228428434188,255,256,0.9051108931637348,1.0156871367284577,0.32615558747613194,53.31046936528809,0.6419677260180566,1.0,1,False,0.014000000000000002,True,2.760000000000006,True,False,False,,,1.0,1.3057039477108183,0.6983151288595258,0.9117928204980716,15.700137479351076,3.2168059767643378,False,False,False,1.0965735902799727,0.15790241466826105,0.2894355962978286,0.06212547351036301,0.26835031478937377,0.20923737340107576,0.012948827333097875,0.2,0.0
142,1835086199,ATTACK,0.0,1.0,1.0,0.8016343898768364,0.7484832931307615,0.928971113401415,0.7446951917047487,1.0050867810994468,1.0050867810994468,0.9632024308443348,0.04188435025511206,258,255,0.9111526311723681,1.034108362941119,0.531363088919163,54.345731441665095,0.6551511453261173,1.0,1,False,1.0,True,2.7900000000000063,True,False,False,,,1.0,1.2007827290465471,0.6953193581820412,0.8349274764767249,10.523428787861105,3.2058169249160966,False,False,False,1.0965735902799727,0.303170794866158,0.16167891297574907,0.02371236325923036,0.2570583060227582,0.17544670652710626,0.07893291634899814,1.0,1.0
143,1835086199,ATTACK,0.01147907437537406,0.9921286396025009,0.9921286396025009,0.8063823650419617,0.7464291265067541,0.9261220614177207,0.7468084982035585,0.9994920094003791,0.9994920094003791,1.0050867810994468,-0.0055947716990677465,256,258,0.9200373680551313,1.0240448497005168,0.2767949148826214,54.018385033339605,0.6513002608552243,1.0,1,False,0.726,True,2.8200000000000065,True,False,False,,,1.0,1.2142943932031516,0.6912844813426637,0.8394228698027453,11.165577374554285,3.1899190443716567,False,False,False,1.0965735902799727,0.12962497540663442,0.26983369184875816,0.004271956280265772,0.31924743268605194,0.25024029678223586,0.026781646996053746,0.6,0.6
144,1835086199,ATTACK,0.0,1.0,1.0,0.8078815834320942,0.7452873390412399,0.916702930999847,0.7405874154329981,1.006346210467935,1.006346210467935,0.9994920094003791,0.006854201067555965,258,256,0.9264596561967922,1.0421672426274016,0.2948640457610101,54.66764976006412,0.6596541422828928,1.0,1,False,1.0,True,2.8500000000000068,True,False,False,,,1.0,1.1977619330546236,0.6832070881361814,0.8183194425626132,10.436338470682005,3.1786172066639353,False,False,False,1.0965735902799727,0.13974586074779383,0.27669825417002314,0.021037487940122702,0.26557284066897296,0.21596537861949172,0.08098017785359564,0.8,1.0
145,1835086199,ATTACK,0.0,1.0,1.0,0.8014978742588795,0.741074515475821,0.9203136595917534,0.7376294418142004,1.004670466587054,1.004670466587054,1.006346210467935,-0.0016757438808809866,264,258,0.9338136905771129,1.057977194021721,0.22245264562322165,55.78084088778404,0.6738050934820689,1.0,1,False,1.0,True,2.880000000000007,True,False,False,,,1.0,1.2017829519487369,0.6820209993677383,0.8196412099111882,10.876965330133894,3.165866620044043,False,False,False,1.0965735902799727,0.10064429233303984,0.19413068981132464,0.05817339025042198,0.3457079913806698,0.2764051084594555,0.02493852776508829,1.0,1.0
146,1835086199,ATTACK,0.05275754644102131,0.9855685464370119,0.9855685464370119,0.805660950237487,0.7440575811448845,0.915337322614307,0.7374515371252798,1.008957936470451,1.008957936470451,1.004670466587054,0.00428746988339701,259,264,0.9404323215194017,1.0282741486823752,0.3749350612162653,54.54609889785103,0.6586037230753423,1.0,1,False,0.4,True,2.9100000000000072,True,False,False,,,1.0,1.1915217928086252,0.6810636741960361,0.8115022100948903,10.090940771636365,3.1545615920869223,False,False,False,1.0965735902799727,0.18795989303568184,0.2086992081035129,0.039383619409913584,0.30477338642406826,0.23527514490864462,0.023908748118178794,0.0,0.4
147,1835086199,ATTACK,0.0194706634355047,0.9899854269236562,0.9899854269236562,0.8029607784774305,0.744233217853238,0.9222379146018385,0.7405208738500944,1.0050131524096582,1.0050131524096582,1.008957936470451,-0.003944784060792905,263,259,0.9303370536461048,1.0453191018453685,0.3207925108889109,55.23806971724986,0.6674845660115546,1.0,1,False,0.656,True,2.9400000000000075,True,False,False,,,1.0,1.2009595661846355,0.686360090810386,0.8242907169060881,10.730973386664479,3.171869367094066,False,False,False,1.0965735902799727,0.15473144706997125,0.17099953347116592,0.15978477829046706,0.19976347399383287,0.2921716212448105,0.022549145929752473,0.4,0.6
148,1835086199,ATTACK,0.05305423212875967,0.9874135052886924,0.9874135052886924,0.8034377633174647,0.7424042326017195,0.9265784106184711,0.7444480857655559,0.9972545390297638,0.9972545390297638,1.0050131524096582,-0.0077586133798943635,257,263,0.9373033482814943,1.019423008133807,0.2770813741040892,54.40421654700558,0.6572902888275151,1.0,1,False,0.4,True,2.9700000000000077,True,False,False,,,1.0,1.219740464991234,0.687895733880527,0.8390542623089202,11.55463894444169,3.1598861725262117,False,False,False,1.0965735902799727,0.12978344551429283,0.16216295954368376,0.1178119053776198,0.2770058708953153,0.28282143738408266,0.030414381285005777,0.0,0.4
149,1835086199,ATTACK,0.0008537101999263478,0.9861825127779998,0.9861825127779998,0.7991821924894711,0.7354343501995244,0.9339205695566241,0.7463726883892784,0.9853446698145405,0.9853446698145405,0.9972545390297638,-0.011909869215223301,264,257,0.9386678178504299,1.0403441436388412,0.14866348038721033,55.46059771263585,0.6707223939304748,1.0,1,False,0.926,True,3.000000000000008,True,False,False,,,1.0,1.249143155827865,0.6868372672098455,0.857958071502693,13.368429318891662,3.157559887011068,False,False,False,1.0965735902799727,0.06437911534863637,0.19727143217099266,0.03272151223807217,0.25043092907765907,0.3003466458794902,0.15485036528514942,0.6,0.8
150,1835086199,ATTACK,0.09271395954427986,0.9898291584809384,0.9898291584809384,0.8033978262415278,0.7388151292255402,0.9374026349264187,0.7531072392129653,0.9810224769551265,0.9810224769551265,0.9853446698145405,-0.004322192859414042,266,264,0.9327652666533788,1.0576513703845087,0.37719108002478285,56.44459864559446,0.6832456140181686,1.0,1,False,0.21400000000000002,True,3.0300000000000082,True,False,False,,,1.0,1.2599880372215346,0.6925672488595239,0.8726264485344296,14.21083178899834,3.167672112087086,False,False,False,1.0965735902799727,0.18940620669990005,0.20517121042356296,0.07008641040851701,0.21801922994541786,0.28437061162728516,0.032946330895317,0.2,0.2
151,1835086199,ATTACK,0.1588160319200063,0.9865305742028423,0.9865305742028423,0.80196172910851,0.7470420679276057,0.9436623714337768,0.7567811070896687,0.9871309694826869,0.9871309694826869,0.9810224769551265,0.006108492527560405,275,266,0.9084941178775569,1.0878446770209187,0.4675362579983039,57.50382573073596,0.6967078557515046,1.0,1,False,0.014000000000000002,True,3.0600000000000085,True,False,False,,,1.0,1.244688430031775,0.7049554893813571,0.877449941320363,13.638088534196777,3.2106343707707663,False,False,False,1.0965735902799727,0.2520961895417822,0.21116787863929803,0.016291822224104496,0.13184262677052683,0.3480227023959526,0.04057878042833582,0.2,0.0
152,1835086199,ATTACK,0.0936393878490955,0.9915233675669582,0.9915233675669582,0.8043453141928073,0.7409470084530314,0.9492961342903992,0.7635618973978285,0.9703823763052252,0.9703823763052252,0.9871309694826869,-0.01674859317746169,271,275,0.9176447060898012,1.0806493216035356,0.1776034855501376,57.55005098703069,0.6975064210147194,1.0,1,False,0.22400000000000003,True,3.0900000000000087,True,False,False,,,1.0,1.2870881616642686,0.7033781308384984,0.9053096653757724,16.019622970317553,3.1941700587565807,False,False,False,1.0965735902799727,0.07821304902257434,0.16785672597517937,0.07261007411109283,0.29968948477612856,0.3264747972240293,0.05515586889099572,0.8,0.0
153,1835086199,ATTACK,0.0,1.0,1.0,0.8037880476223312,0.7480211482291085,0.9454445532681093,0.7599370316065407,0.9843199069372347,0.9843199069372347,0.9703823763052252,0.013937530632009532,271,271,0.9140838029749695,1.089132804528259,0.44984023917634874,58.05792434745006,0.704071546173634,1.0,1,False,1.0,True,3.120000000000009,True,False,False,,,1.0,1.2517059322379684,0.7072125203225677,0.8852221070407228,14.177498111639935,3.200537879649257,False,False,False,1.0965735902799727,0.23901862748410793,0.17362908032730523,0.035636518654208894,0.21910712497340168,0.2553901620337499,0.07721848652722618,0.4,1.0
154,1835086199,ATTACK,0.09221751112117957,0.9896359686855118,0.9896359686855118,0.8093951434627626,0.7484945328043946,0.9509000979412984,0.7696539211919522,0.9725079184228824,0.9725079184228824,0.9843199069372347,-0.011811988514352278,265,271,0.9058389504142358,1.0613336745764088,0.33123751519953504,56.45641812375534,0.6842683610301246,1.0,1,False,0.22400000000000003,True,3.1500000000000092,True,False,False,,,1.0,1.2816282549549154,0.7117435245522252,0.9121906113473294,15.416717165135191,3.215473977431028,False,False,False,1.0965735902799727,0.16093052483426937,0.2249225228456523,0.04311994386720359,0.19619785334892387,0.3367523625769299,0.038076792527020814,0.8,0.0
155,1835086199,ATTACK,0.05018282491448779,0.9888479199478096,0.9888479199478096,0.809278088309682,0.7559022524738154,0.9320781830319176,0.7543104501192321,1.0021102748269384,1.0021102748269384,0.9725079184228824,0.02960235640405595,271,265,0.9152550553728123,1.0843427530553198,0.4619285641132559,57.63715668604591,0.6992407014442851,1.0,1,False,0.42400000000000004,True,3.1800000000000095,True,False,False,,,1.0,1.2079523228641633,0.7045599980355277,0.851074886224186,11.632681452531653,3.1984379071752853,False,False,False,1.0965735902799727,0.24790557887050615,0.2285573577762143,0.003876300806654921,0.33682469111974445,0.18134047442374518,0.0014955970031350048,0.8,0.2
156,1835086199,ATTACK,0.052390528778353776,0.9862549573868911,0.9862549573868911,0.8106107454294215,0.759833277142515,0.9277825421904374,0.7520704981213941,1.0103218767928162,1.0103218767928162,1.0021102748269384,0.00821160196587778,268,271,0.910500261743949,1.0712882806957391,0.4070776247877963,56.690908839846806,0.687623855243853,1.0,1,False,0.42400000000000004,True,3.2100000000000097,True,False,False,,,1.0,1.188275892798972,0.7049600495081738,0.8376870322169327,10.35702351623198,3.2069964675727514,False,False,False,1.0965735902799727,0.20907671615487983,0.22554153121304246,0.038808940254732575,0.21259414503826357,0.24456088730855782,0.06941778003052376,0.8,0.2
157,1835086199,ATTACK,0.05766563367358848,0.9867285703960341,0.9867285703960341,0.8154477494882784,0.7549303523139841,0.918005779706329,0.7485857470787582,1.0084754555640214,1.0084754555640214,1.0103218767928162,-0.001846421228794748,266,268,0.9194502355695542,1.0701520374733589,0.22335591346465355,56.21690007940031,0.6819083576628169,1.0,1,False,0.4,True,3.24000000000001,True,False,False,,,1.0,1.192672120759887,0.6930304266999726,0.8265580687633857,10.51075405036562,3.1909601473141636,False,False,False,1.0965735902799727,0.10110923785743495,0.18954387133860495,0.07715497995407214,0.2967754538703805,0.21500745867467694,0.12040899830483048,0.0,0.4
158,1835086199,ATTACK,0.0,1.0,1.0,0.8125512465646844,0.7448083708536472,0.9262052017356961,0.7525891912450348,0.9896612647618344,0.9896612647618344,1.0084754555640214,-0.018814190802187047,272,266,0.9110461594323684,1.1050696953279708,0.07874347695248896,57.20871634666014,0.6945152969957444,1.0,1,False,1.0,True,3.2700000000000102,True,False,False,,,1.0,1.2384054826355029,0.6898453873809374,0.8543083099033651,13.24602900634382,3.2060093200551796,False,False,False,1.0965735902799727,0.03280670194202844,0.18236744890258033,0.0006627435532426821,0.19791339736258917,0.39618095235079565,0.19006875588876376,1.0,0.8
159,1835086199,ATTACK,0.045650833319699956,0.986757316077795,0.986757316077795,0.8088036467598927,0.7356436962488202,0.9335846815621265,0.7550866950066211,0.9742506405074051,0.9742506405074051,0.9896612647618344,-0.015410624254429295,278,272,0.9199415434891316,1.1093491528379074,0.0916422662393871,57.702314004498945,0.7008897721876436,1.0,1,False,0.456,True,3.3000000000000105,True,False,False,,,1.0,1.2771689870059184,0.6867856859056405,0.8771413787582717,15.54111921537314,3.1900888696838217,False,False,False,1.0965735902799727,0.03844679922319267,0.23040180566084872,0.025991065034952816,0.35414082617127607,0.31224345940850606,0.03877604450122369,0.4,0.4
160,1835086199,ATTACK,0.02200592092990311,0.9891035720518336,0.9891035720518336,0.813446351557822,0.738843030664441,0.9338749171955697,0.7596571442040992,0.9726006479390575,0.9726006479390575,0.9742506405074051,-0.0016499925683475247,279,278,0.9133544962851115,1.122392855337731,0.3738544806537807,58.20187808141813,0.7073350136818383,1.0,1,False,0.6240000000000001,True,3.3300000000000107,True,False,False,,,1.0,1.2813905874583917,0.6899869740822786,0.884142814057929,15.922967169150937,3.2018481957325373,False,False,False,1.0965735902799727,0.18726899035077216,0.18917705696665044,0.14534442897393052,0.20639594156769553,0.2682435189482792,0.0035700631926722792,0.8,0.4
161,1835086199,ATTACK,0.050208208880381855,0.9872420357511001,0.9872420357511001,0.8149505095113757,0.7392876735701488,0.9263646905945773,0.7549413765933987,0.9792650085045203,0.9792650085045203,0.9726006479390575,0.0066643605654627125,278,279,0.9220190466566003,1.1183292260645055,0.320968204940127,58.092044974147,0.7061631088683883,1.0,1,False,0.42400000000000004,True,3.360000000000011,True,False,False,,,1.0,1.264424608234497,0.6848499969871957,0.8659411891399315,14.938125363199823,3.1864149231694543,False,False,False,1.0965735902799727,0.15483493048662308,0.22875954341986401,0.045288261629034626,0.3236884223814741,0.22938632559282254,0.01804251649018153,0.8,0.2
162,1835086199,ATTACK,0.0003900395105559864,0.9892222284836968,0.9892222284836968,0.8121528981281108,0.7295099695429308,0.9337282215351196,0.758330081183754,0.9619952941918973,0.9619952941918973,0.9792650085045203,-0.01726971431262292,273,278,0.9298171419909402,1.096640590166643,0.06605127365100127,57.14811691338555,0.694566098473958,1.0,1,False,0.95,True,3.3900000000000112,True,False,False,,,1.0,1.3088600822485095,0.6811640464534601,0.8915484298658033,17.16179110747327,3.1727709028280646,False,False,False,1.0965735902799727,0.027333495641117988,0.17502074369338447,0.02253455476679569,0.34170482556027443,0.3772523403407974,0.056154039997630016,1.0,0.6
163,1835086199,ATTACK,0.05759793020819435,0.9904444620118361,0.9904444620118361,0.8130855167883183,0.7242876658604978,0.9221784273394573,0.7498099231643413,0.9659616970709928,0.9659616970709928,0.9619952941918973,0.003966402879095443,267,273,0.9368354277918463,1.075096923072104,0.17750455745344806,55.38521095291068,0.6727240789667858,1.0,1,False,0.4,True,3.4200000000000115,True,False,False,,,1.0,1.2985182236629136,0.6679224606446001,0.8673094871407885,16.065587687179224,3.160685490994692,False,False,False,1.0965735902799727,0.07816493493391916,0.1872359477959722,0.07850375625656049,0.3353918120225522,0.20911513978924856,0.11158840920174751,0.0,0.4
164,1835086199,ATTACK,0.05395413956158526,0.9842941864383524,0.9842941864383524,0.8106032854079666,0.7227654526594527,0.9299605846055116,0.7538291051811409,0.9587921820633023,0.9587921820633023,0.9659616970709928,-0.0071695150076904746,261,267,0.9431518850126617,1.0412230922420316,0.26131249938296897,54.35700697039353,0.660065989411689,1.0,1,False,0.41400000000000003,True,3.4500000000000117,True,False,False,,,1.0,1.3172718485192252,0.6721433828878518,0.8853955564466459,16.753593847911564,3.1499624028661186,False,False,False,1.0965735902799727,0.12115212614974817,0.18306421979360446,0.06897227484058158,0.30117464786383125,0.3065686315553908,0.01906809979684391,0.2,0.4
165,1835086199,ATTACK,0.09587013258892377,0.9881350323538363,0.9881350323538363,0.8092556475022634,0.7165827896866774,0.9369645261449604,0.7582438342920913,0.9450558742171516,0.9450558742171516,0.9587921820633023,-0.013736307846150653,261,261,0.9488366965113955,1.0435482813324617,0.14346731590443695,54.72053160498692,0.6648038747129772,1.0,1,False,0.21400000000000002,True,3.480000000000012,True,False,False,,,1.0,1.353962437359587,0.6714126539824116,0.9090675134600951,18.825186875952134,3.140433690494426,False,False,False,1.0965735902799727,0.06194512075246678,0.1774390582666538,0.06873119747167583,0.2747560277737064,0.3988892498358894,0.01823934589960773,0.2,0.2
166,1835086199,ATTACK,0.0,1.0,1.0,0.8149048581440343,0.7166714639930937,0.928571310559047,0.7566972721077402,0.9471045957346235,0.9471045957346235,0.9450558742171516,0.0020487215174718187,264,261,0.953953026860256,1.0756744127501254,0.28907026592472396,56.15125406276788,0.6828781269915382,1.0,1,False,1.0,True,3.510000000000012,True,False,False,,,1.0,1.3484260037576512,0.6654805605603378,0.8973512928547779,19.034563157894784,3.131954949399369,False,False,False,1.0965735902799727,0.13647267238437671,0.1767170495017406,0.1254894016182929,0.3183161290248817,0.2265161851429131,0.016488562327795102,0.8,1.0
167,1835086199,ATTACK,0.00557705162879609,0.990726985595696,0.990726985595696,0.815272780004926,0.7259031976479072,0.9279331288290726,0.7565186215991472,0.9595311693894272,0.9595311693894272,0.9471045957346235,0.012426573654803708,265,264,0.9486307894825168,1.070219385498567,0.46582984005711237,56.214471239956055,0.6838571928901624,1.0,1,False,0.8140000000000001,True,3.5400000000000125,True,False,False,,,1.0,1.3153263921387397,0.6735896254204513,0.8859902117863673,17.251032939627695,3.1407768323867526,False,False,False,1.0965735902799727,0.25081633568085304,0.1666792035383234,0.09380486706539165,0.2276048423103928,0.261094746629652,4.775387178866054e-09,0.2,0.8
168,1835086199,ATTACK,0.04778973466517318,0.9903748302272678,0.9903748302272678,0.8135392995721275,0.7265715754305726,0.9247766411050589,0.7523421408652743,0.9657462156711536,0.9657462156711536,0.9595311693894272,0.006215046281726422,261,265,0.9480487711594318,1.0514500436345278,0.3119271445000059,55.073587306141654,0.6697837057870022,1.0,1,False,0.456,True,3.5700000000000127,True,False,False,,,1.0,1.2990779573155447,0.6719164210490959,0.8728718117432309,16.02537402665344,3.141747565893489,False,False,False,1.0965735902799727,0.14954422081325944,0.17387162684815113,0.1707273975854265,0.24673209375075758,0.2481841257944675,0.01094053520793789,0.4,0.4
169,1835086199,ATTACK,0.010252016368156322,0.9860226138956439,0.9860226138956439,0.81804484895944,0.7399726187574854,0.9113469896712669,0.7455227105152719,0.9925554356969885,0.9925554356969885,0.9657462156711536,0.026809220025834857,261,261,0.9427542131608164,1.0526269899325846,0.5382818738133444,55.01411259476245,0.6692253700028279,1.0,1,False,0.75,True,3.600000000000013,True,False,False,,,1.0,1.2312578746837815,0.6743718185437985,0.830325612046874,12.381074466831619,3.1506332691899916,False,False,False,1.0965735902799727,0.30912027623051835,0.18108234110567753,0.004766013703364264,0.22504690507876268,0.19524006338356956,0.08474440049810761,1.0,0.4
170,1835086199,ATTACK,0.00039574914585313977,0.9866248668595362,0.9866248668595362,0.8174708626092063,0.7487041193531728,0.8918846380564751,0.7290897044199265,1.026902608573868,1.026902608573868,0.9925554356969885,0.034347172876879495,270,261,0.9484787918447348,1.088825059327534,0.47681314867986746,56.630325957975785,0.6896117272181447,1.0,1,False,0.95,True,3.630000000000013,True,False,False,,,1.0,1.149517125598251,0.6677577025006964,0.7675989147746927,8.248689345922346,3.141030230429962,False,False,False,1.0965735902799727,0.25912664416952136,0.16521954113136425,0.00507312798743893,0.28360273266768765,0.1583617367616744,0.1286162172823135,1.0,0.6
171,1835086199,ATTACK,0.06881446752661338,0.9847410161302723,0.9847410161302723,0.820797142694905,0.744360674321132,0.9026961742508276,0.7409304405467013,1.0046296299716064,1.0046296299716064,1.026902608573868,-0.022272978602261517,269,270,0.9536309126602613,1.0871266635895054,0.2234292520711073,57.17505337968133,0.6966032411048262,1.0,1,False,0.35,True,3.6600000000000135,True,False,False,,,1.0,1.201881109453623,0.6719315329724521,0.8075818163258044,11.250456790015427,3.1324860708216935,False,False,False,1.0965735902799727,0.10114701169522268,0.28214921650747454,0.008233694372662165,0.3032439988557763,0.30262091092464316,0.0026051676442212703,1.0,0.0
172,1835086199,ATTACK,0.1501174092531161,0.9900427333816583,0.9900427333816583,0.8192135551406461,0.7422680351989777,0.9050836426772171,0.7414567886172492,1.0010941252331662,1.0010941252331662,1.0046296299716064,-0.0035355047384402205,269,269,0.9543120900344679,1.0908708947921402,0.2712456564490475,57.38281961344822,0.6993800748422647,1.0,1,False,0.05600000000000001,True,3.6900000000000137,True,False,False,,,1.0,1.2104097396457667,0.6718146571407515,0.813171004239947,11.772486649507185,3.1313633268634264,False,False,False,1.0965735902799727,0.1265674324237791,0.18934448172283927,0.10424845989374441,0.2547466756374217,0.2632854292573611,0.06180752106485424,0.4,0.0
173,1835086199,ATTACK,0.0009247404670237099,0.9920984393274579,0.9920984393274579,0.8198220413233862,0.7499661991082358,0.889644763936528,0.7293503864231065,1.0282659926818354,1.0282659926818354,1.0010941252331662,0.027171867448669174,272,269,0.9588808810310211,1.1061480681035278,0.461577347157037,58.03250290192581,0.7076788916096729,1.0,1,False,0.926,True,3.720000000000014,True,False,False,,,1.0,1.1463869284370483,0.6672035021660216,0.7648733734905471,8.287583186913047,3.123874091745116,False,False,False,1.0965735902799727,0.24764457086508723,0.20142491380207264,0.012570915376537942,0.31870400676144744,0.17534742763516328,0.04430816555969143,0.6,0.8
174,1835086199,ATTACK,0.0,1.0,1.0,0.8116888460574205,0.7543893011178644,0.9006802875428752,0.731072143262342,1.0318944690622074,1.0318944690622074,1.0282659926818354,0.0036284763803720033,275,272,0.9553318419711978,1.1160721633289532,0.41068481753254105,59.36064455817275,0.7244571582043665,1.0,1,False,1.0,True,3.750000000000014,True,False,False,,,1.0,1.1380977660596445,0.6794635726501068,0.7732959741519916,8.00366090181638,3.1296855232761227,False,False,False,1.0965735902799727,0.21151764956300495,0.14777195074721355,0.0522096768654697,0.2379047683785399,0.3078039679915631,0.042791986454208834,0.2,1.0
175,1835086199,ATTACK,0.061041395927376056,0.9889294689914083,0.9889294689914083,0.8139135391500818,0.7497641477899406,0.8911470437245838,0.7253166442610086,1.0337059734150185,1.0337059734150185,1.0318944690622074,0.0018115043528110775,271,275,0.9548371168613511,1.090643678923804,0.22349115181412427,57.054289851181316,0.69580287617494,1.0,1,False,0.4,True,3.7800000000000145,True,False,False,,,1.0,1.1339818883778467,0.6681501037936874,0.75767011641982,7.457981435807876,3.1304990497053633,False,False,False,1.0965735902799727,0.10117889659961758,0.2516120931369757,0.1139689609279938,0.2501748140330592,0.20267392467998044,0.08039131062237326,0.0,0.4
176,1835086199,ATTACK,0.0052758173064228605,0.9914909975741271,0.9914909975741271,0.8078520786878896,0.7518541555448783,0.9017697059339377,0.7284965314364984,1.0320627801237732,1.0320627801237732,1.0337059734150185,-0.001643193291245293,278,271,0.9537528756741833,1.1133595081129168,0.3659130718287946,58.97202161535879,0.7199470039383307,1.0,1,False,0.8240000000000001,True,3.8100000000000147,True,False,False,,,1.0,1.137714721647531,0.677999300750914,0.7713697857310468,7.931770971226623,3.132284928607744,False,False,False,1.0965735902799727,0.1822276893054347,0.1828087433456599,0.06841023207624082,0.24727032044985137,0.2986868329090617,0.020596181913751562,0.8,0.6
177,1835086199,ATTACK,0.00038760768364041223,0.9883448432204347,0.9883448432204347,0.8041414827494665,0.7564409590729334,0.911592735340544,0.7330495338603871,1.0319097470662895,1.0319097470662895,1.0320627801237732,-0.0001530330574837091,271,278,0.9546424549699676,1.076912113826819,0.4154188834357945,58.07613166589901,0.7089194613301322,1.0,1,False,0.95,True,3.840000000000015,True,False,False,,,1.0,1.1380629908663116,0.6895660830049198,0.7847696388245463,7.830031269494434,3.1308193830591073,False,False,False,1.0965735902799727,0.21474389131623697,0.1500471462606733,0.013152759474822496,0.2557493948327392,0.3430904767927476,0.02321633132278059,1.0,0.6
178,1835086199,ATTACK,0.012369660912052757,0.9892986147596416,0.9892986147596416,0.8057314318271176,0.7451468668624821,0.9168467268047518,0.7387322259543988,1.0086833099771653,1.0086833099771653,1.0319097470662895,-0.023226437089124197,270,271,0.9591782094729708,1.0760971356560747,0.05,57.761660044066545,0.7051628070629276,1.0,1,False,0.726,True,3.870000000000015,True,False,False,,,1.0,1.1921764194732585,0.6831854658716828,0.8144776025390729,10.841164915722494,3.1233891788304486,False,False,False,1.0965735902799727,0.01909944678994153,0.22054121210670535,0.053738923404467086,0.3785055223377358,0.2820663249913111,0.04604857036983908,0.6,0.6
179,1835086199,ATTACK,0.05641650334789084,0.9897572261893284,0.9897572261893284,0.8086695452622586,0.7510566083493755,0.9251620541242765,0.7481503776025759,1.0038845542738515,1.0038845542738515,1.0086833099771653,-0.004798755703313784,268,270,0.9472252759066112,1.0725179448702287,0.4331844863427109,57.80826410879539,0.705908366238453,1.0,1,False,0.41400000000000003,True,3.9000000000000155,True,False,False,,,1.0,1.203673429348447,0.6948490745441205,0.8363713684361161,11.501965000441777,3.143123090617948,False,False,False,1.0965735902799727,0.22708856037521863,0.17349358878914173,0.016797781232341224,0.19984039718607932,0.33100322667794496,0.05177644573927409,0.2,0.4
180,1835086199,ATTACK,0.026391027392378988,0.9866594823679865,0.9866594823679865,0.8072591203123644,0.7540142406561224,0.9259582568427144,0.7474882478648199,1.0087305624000695,1.0087305624000695,1.0038845542738515,0.004846008126218049,272,268,0.9490975626859266,1.0832262174665577,0.38411927357608555,58.74596912818224,0.7177959073292297,1.0,1,False,0.6,True,3.9300000000000157,True,False,False,,,1.0,1.1920637583481546,0.6981857119125261,0.8322818837674277,11.028988621621236,3.1399991735692048,False,False,False,1.0965735902799727,0.19388078405269699,0.18575278630952155,0.01328542287951372,0.2572491562271657,0.26656204065432754,0.08326980987677457,0.0,0.6
181,1835086199,ATTACK,0.0,1.0,1.0,0.8067864592643527,0.7543682751373174,0.9225868446586708,0.7443305737660404,1.0134855422107545,1.0134855422107545,1.0087305624000695,0.004754979810684956,275,272,0.9541878064173339,1.1093313814884849,0.33499507248885096,60.24447185266364,0.7366917981226855,1.0,1,False,1.0,True,3.960000000000016,True,False,False,,,1.0,1.1807810143934032,0.6959702466695417,0.8217884538500885,10.654372659108487,3.131568056565857,False,False,False,1.0965735902799727,0.16318433142501348,0.22402746286249786,0.05372154772786407,0.3094420768691709,0.24612206750113938,0.003502513614314302,1.0,1.0
182,1835086199,ATTACK,0.025426817026053636,0.9899306238796052,0.9899306238796052,0.805645697804821,0.7637417357229703,0.9262293020350054,0.7462126523652642,1.023490734581013,1.023490734581013,1.0134855422107545,0.010005192370258431,276,275,0.9415782496928167,1.1005960205903078,0.49861001784472925,59.942256361487516,0.7330766660125855,1.0,1,False,0.6,True,3.990000000000016,True,False,False,,,1.0,1.1573879645381213,0.7073999748136903,0.8187362169639353,9.2301827756518,3.1526204170786802,False,False,False,1.0965735902799727,0.27614842928148436,0.19064852037499383,0.027988477451000745,0.1945873814418917,0.2795057092110083,0.031121482239621086,0.0,0.6
183,1835086199,ATTACK,0.09412343686222206,0.9915949618635678,0.9915949618635678,0.8080241380394819,0.7543102407362257,0.9253672255518953,0.7477190547965571,1.0088150568015977,1.0088150568015977,1.023490734581013,-0.014675677779415253,272,276,0.947420424723535,1.0896764235079792,0.11073699513746416,58.932420131573735,0.7206168537790757,1.0,1,False,0.22400000000000003,True,4.0200000000000164,True,False,False,,,1.0,1.1918623299405167,0.6980139746754633,0.8319365621877385,11.060693857516211,3.142796907739903,False,False,False,1.0965735902799727,0.0469448974925488,0.31730608758150447,0.0383047768664804,0.3375816560711039,0.25880426860195205,0.001058313386410413,0.8,0.0
184,1835086199,ATTACK,0.0,1.0,1.0,0.8050623323193491,0.7451828267262789,0.9304111594360491,0.7490389780315355,0.994851868302781,0.994851868302781,1.0088150568015977,-0.013963188498816614,278,272,0.9526783822511815,1.119036641923895,0.10607022946198663,60.40171422896321,0.7391428264250217,1.0,1,False,1.0,True,4.050000000000017,True,False,False,,,1.0,1.2256158396957126,0.6933264178062296,0.8497518397428026,13.340930851815546,3.134058762095755,False,False,False,1.0965735902799727,0.04485122533580691,0.1656898167526278,4.0279006422113904e-05,0.45849752325841453,0.2879032821967166,0.04301787345001192,0.4,1.0
185,1835086199,ATTACK,0.0,1.0,1.0,0.8079368621401912,0.7365600254036557,0.9308749408971452,0.7520881787933754,0.9793532808684315,0.9793532808684315,0.994851868302781,-0.015498587434349509,280,278,0.9574105440260634,1.1311116069962677,0.10741686876744017,60.658562877606315,0.7425114402639369,1.0,1,False,1.0,True,4.080000000000017,True,False,False,,,1.0,1.2642014004398436,0.6856452701148278,0.8667937106841201,15.693740392518903,3.1262764915345858,False,False,False,1.0965735902799727,0.04545425017113434,0.29030196896345006,0.04219769916913804,0.3354854415566242,0.2675244870235047,0.019036153116148646,1.0,0.8
186,1835086199,ATTACK,0.005548102667354814,0.9891040614879102,0.9891040614879102,0.8015735049515228,0.7396068740678953,0.9377874468074306,0.751705570636972,0.983905006106547,0.983905006106547,0.9793532808684315,0.004551725238115423,284,280,0.9616694896234571,1.125832245246684,0.37176379489435996,61.320430155700876,0.7509393714299984,1.0,1,False,0.8140000000000001,True,4.110000000000017,True,False,False,,,1.0,1.252745030963393,0.6935940420733564,0.8688964897132118,15.183670664528494,3.119337932177542,False,False,False,1.0965735902799727,0.1859356241802792,0.14913056500959365,0.005084022806612065,0.3421829435770345,0.3059432233153516,0.011723621111128997,0.2,0.8
187,1835086199,ATTACK,0.1079088036587369,0.989632200301971,0.989632200301971,0.8039230146901205,0.7328045036234664,0.9440087021266876,0.7589103217073947,0.965600918399429,0.965600918399429,0.983905006106547,-0.018304087707118,280,284,0.9655025406611114,1.1138233426616486,0.14939861197284388,60.74744389791766,0.7439330680973678,1.0,1,False,0.2,True,4.140000000000017,True,False,False,,,1.0,1.2994555171372109,0.69177382837818,0.898929317897156,17.821932940355563,3.113145566390693,False,False,False,1.0965735902799727,0.06472466573707371,0.16616006146422643,0.03653238573048359,0.30564195938056327,0.3141772018412954,0.11276372584635777,0.0,0.2
188,1835086199,ATTACK,0.0056811886357645705,0.9915788891409918,0.9915788891409918,0.7982588470927688,0.7254438673462148,0.9496078319140189,0.7580328530939485,0.9570084784390015,0.9570084784390015,0.965600918399429,-0.008592439960427467,285,280,0.9689522865950002,1.1279396847072836,0.12518002202379686,61.452369477142774,0.7528983932035379,1.0,1,False,0.8140000000000001,True,4.170000000000018,True,False,False,,,1.0,1.3219794856969043,0.6888871780459601,0.9106947173363901,19.39335667409076,3.1076143256935316,False,False,False,1.0965735902799727,0.05349486129902227,0.2510111495974839,0.003977966768050639,0.33752632432626317,0.32334591881557456,0.030643779193605662,0.2,0.8
189,1835086199,ATTACK,0.0,1.0,1.0,0.7941404526121726,0.719698674655469,0.954647048722617,0.7581238393574539,0.9493154512400612,0.9493154512400612,0.9570084784390015,-0.007693027198940272,290,285,0.9633713989481503,1.1515036562876502,0.15862579971931556,62.182094848089044,0.7621713280330563,1.0,1,False,1.0,True,4.200000000000018,True,False,False,,,1.0,1.3424768161366625,0.6870582157294224,0.9223597259529711,20.882018364684452,3.1165823834796154,False,False,False,1.0965735902799727,0.06908750845706106,0.18103154319262055,0.10183930984343231,0.23324700460295467,0.327361227022903,0.08743340688102834,0.8,1.0
190,1835086199,ATTACK,0.05484837215754652,0.9890864298169958,0.9890864298169958,0.79503341474066,0.7195756013817445,0.9499553677508162,0.755246259874151,0.9527694999795823,0.9527694999795823,0.9493154512400612,0.003454048739521043,294,290,0.9644221579296134,1.15594443980345,0.28782608826767253,62.16047124870341,0.7620505320102584,1.0,1,False,0.41400000000000003,True,4.230000000000018,True,False,False,,,1.0,1.3332348145052473,0.6835647050351098,0.9113522627198187,20.315302108911496,3.1148859632551176,False,False,False,1.0965735902799727,0.13577325573811222,0.22262566663366362,0.04912094188270298,0.2608540858012643,0.25386511950230495,0.07776093044195204,0.2,0.4
191,1835086199,ATTACK,0.0717791383295016,0.9905151532165135,0.9905151532165135,0.7923943241700022,0.7303648436530629,0.9549598309757346,0.7567047498755167,0.9651913031776437,0.9651913031776437,0.9527694999795823,0.01242180319806141,307,294,0.9364913434547615,1.2047886286091782,0.49350999965191544,64.13945964908284,0.7869363220566377,1.0,1,False,0.326,True,4.260000000000018,True,False,False,,,1.0,1.300520506833343,0.6974690876455477,0.9070728513653771,18.919213874259484,3.161273777775555,False,False,False,1.0965735902799727,0.27210027925507063,0.18200103175414883,0.07887265268042241,0.12959727871867904,0.32153877471597636,0.015889982875702754,0.6,0.2
192,1835086199,ATTACK,0.00039813621028497644,0.9899740566317652,0.9899740566317652,0.7963974224699409,0.7297556572321255,0.9594638478781611,0.764114535403259,0.9550343874128756,0.9550343874128756,0.9651913031776437,-0.01015691576476807,308,307,0.9311535669169229,1.2141556920010197,0.2888756660694386,64.50014676404578,0.7915926939719167,1.0,1,False,0.95,True,4.290000000000019,True,False,False,,,1.0,1.3272092185509912,0.7001741708987915,0.9292776142081732,20.721274163452858,3.170455551143313,False,False,False,1.0965735902799727,0.13636319702144736,0.22194893618203496,0.06497760697107303,0.21959708094380703,0.32204779316914883,0.03506538571248876,1.0,0.6
193,1835086199,ATTACK,0.0,1.0,1.0,0.7893230109434464,0.7320406774893528,0.9588858478573891,0.7568706645818537,0.9671938836389984,0.9671938836389984,0.9550343874128756,0.012159496226122779,314,308,0.9380382102252306,1.2392371271812108,0.34975112025634836,66.43910528292677,0.8159754056856857,1.0,1,False,1.0,True,4.320000000000019,True,False,False,,,1.0,1.2953221300370592,0.7019434457004755,0.9092428792502928,19.27801487073849,3.158632464753452,False,False,False,1.0965735902799727,0.17216003898541865,0.15482360614412416,0.05092860526797568,0.317164693424438,0.2768419238352203,0.02808113234282332,0.0,1.0
194,1835086199,ATTACK,0.0,1.0,1.0,0.789885168187824,0.728697795110996,0.9629972630716501,0.7606572551057645,0.9579844144254894,0.9579844144254894,0.9671938836389984,-0.009209469213508958,313,314,0.9409312478272653,1.2361702882139445,0.2274808526111024,66.44730132726927,0.8162227599521152,1.0,1,False,1.0,True,4.350000000000019,True,False,False,,,1.0,1.319401667593792,0.7017339822982351,0.925868986451524,20.856185436256208,3.1537158416610476,False,False,False,1.0965735902799727,0.1032393937013863,0.20425741606018888,0.043388128473549094,0.25771299374799017,0.32008220007108545,0.07131986794580006,0.0,1.0
195,1835086199,ATTACK,0.1552925253646082,0.9900694073770476,0.9900694073770476,0.7999233226188092,0.7268913282163411,0.9572105755388846,0.7656950640309271,0.9493222071847929,0.9493222071847929,0.9579844144254894,-0.008662207240696551,304,313,0.9429065013760702,1.2038090071578704,0.2598394925934293,64.32003185862469,0.7897746589453392,1.0,1,False,0.014000000000000002,True,4.380000000000019,True,False,False,,,1.0,1.3424586768608642,0.6957880666361881,0.9340667273119958,21.6371698920879,3.150376294444935,False,False,False,1.0965735902799727,0.12035528576118673,0.21006195910687372,0.04807934410169016,0.2548562651433246,0.25256519387199705,0.1140819520149278,0.2,0.0
196,1835086199,ATTACK,0.01904178078667938,0.9910733526159108,0.9910733526159108,0.7968029608842083,0.7193832052797094,0.9598097213817665,0.7647792278824386,0.9406416637015311,0.9406416637015311,0.9493222071847929,-0.008680543483261749,311,304,0.9486158512384633,1.2279682327266739,0.11298098419768765,65.47133169973564,0.8043090366032268,1.0,1,False,0.656,True,4.41000000000002,True,False,False,,,1.0,1.3659687080417362,0.69047099382624,0.9431617713771226,23.5480621102205,3.140801732608563,False,False,False,1.0965735902799727,0.04795554342731765,0.23460156121975373,0.0411648190682539,0.3027041042123031,0.2916010169838517,0.08197295508851993,0.4,0.6
197,1835086199,ATTACK,0.0,1.0,1.0,0.7973618931229641,0.7166887376272016,0.9551615160087342,0.7616093946429248,0.9410187724420287,0.9410187724420287,0.9406416637015311,0.00037710874049756704,311,311,0.9537542661146169,1.239897743806209,0.22785594305781398,65.87742979739646,0.8095240567553849,1.0,1,False,1.0,True,4.44000000000002,True,False,False,,,1.0,1.364938858977541,0.6845535011383839,0.9343736747529066,23.634089179299217,3.1322826357807103,False,False,False,1.0965735902799727,0.10343365764347151,0.17410001188912447,0.09015544560273846,0.30066429015257246,0.25666383382572183,0.07498276088637135,0.0,1.0
198,1835086199,ATTACK,0.022785905769786667,0.9870507252418659,0.9870507252418659,0.7900272513402127,0.7117945864245847,0.9537086816597722,0.7534558483509677,0.9447064323442922,0.9447064323442922,0.9410187724420287,0.003687659902263496,320,311,0.9537784360194238,1.2476751542339117,0.16942240901595806,65.73068723743518,0.8078290055961269,1.0,1,False,0.6240000000000001,True,4.47000000000002,True,False,False,,,1.0,1.3549090304401012,0.6788446766315535,0.9197727826342822,22.93639944032738,3.132242780836439,False,False,False,1.0965735902799727,0.07425357098428913,0.26010513672767716,0.08516974478133855,0.251816347801221,0.2703165862595566,0.058338613445917724,0.8,0.4
199,1835086199,ATTACK,0.0,1.0,1.0,0.7925043090262454,0.7028884847458828,0.9429091257879789,0.7472595452071433,0.9406216210340135,0.9406216210340135,0.9447064323442922,-0.004084811310278713,321,320,0.9584005924174814,1.2719694159871238,0.051253238606373985,65.72837535620762,0.8079416742067697,1.0,1,False,1.0,True,4.50000000000002,True,False,False,,,1.0,1.3660234644525031,0.6627599666781775,0.9053456657821496,23.657860973872715,3.124658029926112,False,False,False,1.0965735902799727,0.02104534553159153,0.3931866624590097,0.007957630474473799,0.3220625412636164,0.2228565614709196,0.032891258800388956,0.4,1.0
200,1835086199,ATTACK,0.15586140770499984,0.990494351394501,0.990494351394501,0.7872214827671944,0.7044330128195859,0.948618213209181,0.746772636382498,0.9433031936360002,0.9433031936360002,0.9406216210340135,0.002681572601986759,321,321,0.9625605331757333,1.2514801833235818,0.3059975302184773,65.48067852891555,0.8049764728462727,1.0,1,False,0.014000000000000002,True,4.530000000000021,True,False,False,,,1.0,1.3587168928761963,0.6682379859464758,0.9079462399670429,23.10064984794269,3.1178940348833457,False,False,False,1.0965735902799727,0.14611190388746556,0.16061225012046224,0.0772339716090146,0.2784771001578927,0.3247763053551399,0.012788468870025022,0.2,0.0
201,1835086199,ATTACK,0.0,1.0,1.0,0.7872499256126593,0.6995131555980599,0.953756391888263,0.7508446485666334,0.9316350019054334,0.9316350019054334,0.9433031936360002,-0.01166819173056688,319,321,0.9663044798581599,1.2556636313521916,0.1526835525443665,65.83227375148547,0.809507089835748,1.0,1,False,1.0,True,4.560000000000021,True,False,False,,,1.0,1.390797295727645,0.6671651433615787,0.9278914771910304,25.30817655057991,3.1118562328322343,False,False,False,1.0965735902799727,0.06627241774316595,0.17822151240824344,0.02273651847070423,0.30202016938232573,0.35148353668810417,0.07926584530745655,0.4,1.0
202,1835086199,ATTACK,0.04582151179393548,0.9899283045406219,0.9899283045406219,0.7847560310559665,0.7145374978181569,0.938012102713539,0.7361106548079384,0.9706930515828355,0.9706930515828355,0.9316350019054334,0.03905804967740212,325,319,0.9517495780607798,1.2623848368645483,0.6080824211080985,65.48371270472583,0.8052818838891145,1.0,1,False,0.456,True,4.590000000000021,True,False,False,,,1.0,1.2862886771262034,0.6702448207960802,0.8621283238924793,18.443423801842627,3.1355953111218766,False,False,False,1.0965735902799727,0.3746814876911178,0.19370052128349124,0.02170486736594501,0.19125248267470812,0.19815675007051117,0.020503890914226674,0.4,0.4
203,1835086199,ATTACK,0.0032940709014783525,0.9914115731335846,0.9914115731335846,0.790200632969187,0.721765871997889,0.9256356601184926,0.7314378845244841,0.9867767137425716,0.9867767137425716,0.9706930515828355,0.016083662159736112,326,325,0.9417211785610843,1.2769649057757115,0.42941979562777755,65.32345798548924,0.8034109005277266,1.0,1,False,0.8560000000000001,True,4.620000000000021,True,False,False,,,1.0,1.2455706185572077,0.6680922293777655,0.8321560513993272,15.783505210432615,3.152378630350393,False,False,False,1.0965735902799727,0.22444061338299962,0.33947401908937247,0.019978054230606737,0.20521162866537493,0.2071238383815379,0.003771846250108425,0.4,0.8
204,1835086199,ATTACK,0.0009140016326341333,0.9910536020908483,0.9910536020908483,0.7899908263556027,0.7170692334452775,0.9330720941066434,0.7371183946726599,0.9728006228412115,0.9728006228412115,0.9867767137425716,-0.013976090901360094,320,326,0.9475490607049759,1.2526772065255136,0.18105571066080983,64.57419550087323,0.7941767535235784,1.0,1,False,0.926,True,4.650000000000022,True,False,False,,,1.0,1.2808781980155546,0.6690772912702306,0.8570065151753413,17.845306619985504,3.1425819716842076,False,False,False,1.0965735902799727,0.07989568809103753,0.16555109515122107,0.03896817938994569,0.34161590237108536,0.3403328229467097,0.033636312050000755,0.6,0.8
205,1835086199,ATTACK,0.0,1.0,1.0,0.7942049992028186,0.7108034850464433,0.9357588541920484,0.7431843600476262,0.9564295526898496,0.9564295526898496,0.9728006228412115,-0.016371070151361855,320,320,0.9527941546344784,1.27072799872451,0.13356313952693,65.45476380968836,0.8053138658043322,1.0,1,False,1.0,True,4.680000000000022,True,False,False,,,1.0,1.3235110281033788,0.6651406547227746,0.8803209917654939,20.842161789913703,3.133867446295712,False,False,False,1.0965735902799727,0.05734641591787067,0.22670381258191705,0.12454926763242831,0.2973920860999307,0.2799698474803466,0.014038570287506755,1.0,1.0
206,1835086199,ATTACK,0.08756913981922503,0.9902435614560986,0.9902435614560986,0.7880557932396791,0.7215209300206231,0.9421829687728436,0.7424927468331991,0.9717548529571195,0.9717548529571195,0.9564295526898496,0.015325300267269859,323,320,0.9469625217852493,1.2602929881478897,0.48536666400386075,65.92458810126229,0.8113131110627648,1.0,1,False,0.256,True,4.710000000000022,True,False,False,,,1.0,1.2835600092847237,0.6798047318785738,0.8725701679618613,18.40445042885827,3.1435624852291477,False,False,False,1.0965735902799727,0.265720240331274,0.15224289042157316,0.029903226817475557,0.22476264824644887,0.3005586643264711,0.026812329856757366,0.4,0.2
207,1835086199,ATTACK,0.10098277069243272,0.9918161461248393,0.9918161461248393,0.7876761888433704,0.7248250151996068,0.9479646718955592,0.7466891999168502,0.9707184934244688,0.9707184934244688,0.9717548529571195,-0.001036359532650688,324,323,0.9369628748754792,1.2655925384609512,0.36197583169591674,66.19196430967034,0.8147823542615183,1.0,1,False,0.21400000000000002,True,4.740000000000022,True,False,False,,,1.0,1.2862232276857353,0.687108507715389,0.8837749225640166,18.65673973916175,3.1604677022298207,False,False,False,1.0965735902799727,0.17975164600018606,0.19102882091311904,0.007971754609129519,0.20316638758524952,0.40857259415164365,0.00950879674067218,0.2,0.2
208,1835086199,ATTACK,0.0672470670228111,0.992789471036511,0.992789471036511,0.7882256948598181,0.737668965928832,0.9343674129251024,0.7364924033072594,1.0015975217344935,1.0015975217344935,0.9707184934244688,0.030879028310024648,323,324,0.932540224910191,1.2638056056114833,0.5288894723338783,65.98493867502675,0.8123198162878346,1.0,1,False,0.35,True,4.770000000000023,True,False,False,,,1.0,1.2091917208388376,0.6892538432900582,0.8334400408626881,13.594428222138818,3.168060185957747,False,False,False,1.0965735902799727,0.3010650186150691,0.2108333180123195,0.004887057642680442,0.22397107964663454,0.20599604109549544,0.05324748498780097,1.0,0.0
209,1835086199,ATTACK,0.0,1.0,1.0,0.7952851579351313,0.7354879228406433,0.9409306716325921,0.7483081977953352,0.9828676540061129,0.9828676540061129,1.0015975217344935,-0.01872986772838059,323,323,0.9299054823616595,1.2843855300652371,0.2615487288665851,67.11309297576626,0.8265466757417331,1.0,1,False,1.0,True,4.800000000000023,True,False,False,,,1.0,1.2553468043635956,0.6920431452161067,0.8687541508287712,16.88444942352051,3.172617648016014,False,False,False,1.0965735902799727,0.1212800651031615,0.2116325499791669,0.057634438575536136,0.23008763610221625,0.30010514921482156,0.07926016102509775,1.0,1.0
210,1835086199,ATTACK,0.13735514487442568,0.9905993605780828,0.9905993605780828,0.7920387093803325,0.7358393997404642,0.9428644154010161,0.7467851146948624,0.9853428854713171,0.9853428854713171,0.9828676540061129,0.0024752314652042307,326,323,0.9369149341254935,1.278886653676353,0.31540888582568305,67.48455758191768,0.8313128621067548,1.0,1,False,0.05600000000000001,True,4.830000000000023,True,False,False,,,1.0,1.2491476136360695,0.6937967854653273,0.8666545989123897,16.569539108019068,3.160549619135349,False,False,False,1.0965735902799727,0.15157341302316216,0.22417965345419177,0.025480739732496815,0.2964372075897442,0.28013405465841584,0.022194931541989222,0.4,0.0
211,1835086199,ATTACK,0.03352516919192617,0.9944785409212757,0.9944785409212757,0.7983339501208431,0.735860534532963,0.926602686774415,0.739738383125205,0.9947578107602594,0.9947578107602594,0.9853428854713171,0.009414925288942277,329,326,0.9432234407129442,1.3060082401993356,0.3086848799485874,68.16518001266796,0.8399425241259884,1.0,1,False,0.55,True,4.860000000000023,True,False,False,,,1.0,1.225846418210596,0.6818503483895006,0.8358438073289164,15.175812872553449,3.1498417495471496,False,False,False,1.0965735902799727,0.14766380974402468,0.24065676119023785,0.045821280393972874,0.27629200869049275,0.19012356456750282,0.09944257541376893,1.0,0.2
212,1835086199,ATTACK,0.00343592383994498,0.9919419455557102,0.9919419455557102,0.8002700257066039,0.7340263398224274,0.9221063200474549,0.7379340484485986,0.9947045286304561,0.9947045286304561,0.9947578107602594,-5.3282129803267075e-05,331,329,0.9489010966416498,1.3137744273757361,0.26744254221383734,68.4633172476835,0.8437900419234986,1.0,1,False,0.8560000000000001,True,4.890000000000024,True,False,False,,,1.0,1.225977056587111,0.6768503270315611,0.8298029716841768,15.254144203940692,3.1403263989286048,False,False,False,1.0965735902799727,0.12448540020140775,0.20046313939859173,0.06993248645356628,0.3333800086680382,0.24081950975240632,0.030919455525989792,0.4,0.8
213,1835086199,ATTACK,0.09852862941652703,0.9899784914641299,0.9899784914641299,0.7921439487455957,0.7391762815719061,0.9298956880427094,0.7366112422476544,1.0034822158244896,1.0034822158244896,0.9947045286304561,0.00877768719403349,337,331,0.9540109869774848,1.3213862193117025,0.4093914515768665,70.27008513709106,0.8664936939573278,1.0,1,False,0.2,True,4.920000000000024,True,False,False,,,1.0,1.2046423873474263,0.6873568369371591,0.828019181007555,14.18568510243788,3.1318594193180207,False,False,False,1.0965735902799727,0.2106407342575012,0.13682101066028793,0.023216227870108918,0.2973371675122848,0.30351109690742417,0.028473762792393133,0.0,0.2
214,1835086199,ATTACK,0.018716164979037057,0.9936405892225546,0.9936405892225546,0.7983067228480925,0.7373116494058487,0.9369061192384385,0.747938453665562,0.9857918733718897,0.9857918733718897,1.0034822158244896,-0.017690342452599928,328,337,0.935419790751111,1.3008971384526125,0.2705344853836773,68.19023139475097,0.8406141257957949,1.0,1,False,0.656,True,4.950000000000024,True,False,False,,,1.0,1.2480264127879221,0.6907917961141258,0.8621264072876381,16.679526881162314,3.163108602037128,False,False,False,1.0965735902799727,0.1261772739067237,0.2882771710290346,0.04825045148417305,0.16731773850624854,0.3537817594695223,0.016195605604297923,0.4,0.6
215,1835086199,ATTACK,0.0,1.0,1.0,0.7984637052205343,0.7439383756836097,0.9193720210126721,0.7340851903738691,1.0134224003411951,1.0134224003411951,0.9857918733718897,0.027630526969305458,328,328,0.9418778116759999,1.3094804765616763,0.4389159979401144,68.41748275197408,0.8435713838131476,1.0,1,False,1.0,True,4.980000000000024,True,False,False,,,1.0,1.180930137250679,0.6839561279611247,0.8077044040665741,12.210180836861221,3.1521137449999532,False,False,False,1.0965735902799727,0.23115385935066765,0.18376569459420866,0.04848952218278069,0.3223981918345872,0.18078256849038743,0.03341016354736841,0.4,1.0
216,1835086199,ATTACK,0.09002759689156012,0.9888288355744448,0.9888288355744448,0.7993312693022145,0.7483598113986216,0.8958713844595524,0.7160980108715862,1.0450522135758602,1.0450522135758602,1.0134224003411951,0.03162981323466507,328,328,0.9468267858340044,1.2962589655502568,0.40507716926992143,66.75015700653888,0.8228457502786144,1.0,1,False,0.256,True,5.010000000000025,True,False,False,,,1.0,1.108538801874828,0.6704341403115727,0.743202258636971,7.14484421873378,3.1437895672879765,False,False,False,1.0965735902799727,0.20772943123990492,0.23244196055067826,0.04790551348484252,0.26880343329820194,0.1421828277407375,0.10093683368563477,0.4,0.2
217,1835086199,ATTACK,0.0,1.0,1.0,0.7959900421151583,0.7426398354905008,0.8979669020273057,0.7147727121627333,1.0389873911714511,1.0389873911714511,1.0450522135758602,-0.006064822404409087,334,328,0.9489111377956606,1.3293033703323143,0.18885865740304542,68.20753167615047,0.8411786100495453,1.0,1,False,1.0,True,5.040000000000025,True,False,False,,,1.0,1.1220668632249635,0.6668659923974729,0.7482682322808348,8.214381302728455,3.1403096715304386,False,False,False,1.0965735902799727,0.08372518327262833,0.1945338835277501,0.14729386772128955,0.25803195702298504,0.2584132800685425,0.058001828386804614,0.4,1.0
218,1835086199,ATTACK,0.023240876488398687,0.9906048097397911,0.9906048097397911,0.8005879172115773,0.7407195393967453,0.8968431767144533,0.7180018109112387,1.031640210568097,1.031640210568097,1.0389873911714511,-0.007347180603354042,323,334,0.9540200240160945,1.2808019798761006,0.2732083927210034,65.84233011996652,0.8117266223782299,1.0,1,False,0.614,True,5.070000000000025,True,False,False,,,1.0,1.1386766552829695,0.6643092647670438,0.756433451678426,9.005384597314356,3.131844525483295,False,False,False,1.0965735902799727,0.12764619600961866,0.16782764863764366,0.11568423122595081,0.29580764985484803,0.2433648244493911,0.049669449822547694,0.2,0.6
219,1835086199,ATTACK,0.00040964457944115784,0.9856955230394936,0.9856955230394936,0.7992520468903376,0.7311469725773659,0.9026446885643895,0.7214406149497796,1.0134541325043946,1.0134541325043946,1.031640210568097,-0.018186078063702427,330,323,0.9586180216144851,1.2999016212599293,0.07409307949539068,66.68611949665454,0.8223895662604346,1.0,1,False,0.95,True,5.100000000000025,True,False,False,,,1.0,1.180855192693172,0.6599659313568927,0.7793241970433723,11.898606112633336,3.124303039649025,False,False,False,1.0965735902799727,0.030792626880723418,0.21910208566171951,0.07949757158917443,0.3813944062703601,0.2774291476069077,0.011784161991115004,1.0,0.6
220,1835086199,ATTACK,0.07881621848383816,0.9918530995108507,0.9918530995108507,0.8034280942836618,0.7247741902669836,0.9123802197079506,0.7330319011820674,0.9887348546471612,0.9887348546471612,1.0134541325043946,-0.02471927785723349,327,330,0.9627562194530366,1.3029031254731804,0.14957384596957024,67.24478549894647,0.8294821399459513,1.0,1,False,0.326,True,5.130000000000026,True,False,False,,,1.0,1.2407021523669046,0.6612696349544425,0.8204386593828541,15.972600804767659,3.117577291722169,False,False,False,1.0965735902799727,0.06480707898107531,0.17072812411654034,0.038247485482020054,0.2933015543396411,0.35441249013081494,0.07850326694990814,0.6,0.2
221,1835086199,ATTACK,0.09870774324248592,0.9905302333268997,0.9905302333268997,0.8040419914335553,0.7284152284713655,0.9166079200220669,0.7369912573783116,0.9883634591033638,0.9883634591033638,0.9887348546471612,-0.0003713955437973926,325,327,0.9570123552722188,1.2941953397413701,0.3718599426861655,67.03360907670647,0.8269514223091997,1.0,1,False,0.22400000000000003,True,5.160000000000026,True,False,False,,,1.0,1.2416240772244378,0.667671167481537,0.8289965972136264,15.984883740074094,3.126928366793506,False,False,False,1.0965735902799727,0.18599684647163842,0.2563171168072667,0.00712476559207633,0.22968980802039043,0.2773286114245567,0.04354285168407151,0.8,0.0
222,1835086199,ATTACK,0.0,1.0,1.0,0.8112317879444023,0.722324415097851,0.9249471280198602,0.7503465124175912,0.9626544578324833,0.9626544578324833,0.9883634591033638,-0.025709001270880494,323,325,0.9572084673186307,1.3101393375302097,0.15342872098406823,67.8977367085588,0.8378634028071308,1.0,1,False,1.0,True,5.190000000000026,True,False,False,,,1.0,1.3071357131859775,0.6681118932433826,0.8733129160627227,20.586958717947233,3.126607243762577,False,False,False,1.0965735902799727,0.06662435062567108,0.3038108236703607,0.02808273156199288,0.2540788526074263,0.32787325577263626,0.01952998576191279,0.2,1.0
223,1835086199,ATTACK,0.0,1.0,1.0,0.8059525284673382,0.7125645598622671,0.9324524152178743,0.7515123817203221,0.9481740782914345,0.9481740782914345,0.9626544578324833,-0.014480379541048749,329,323,0.9614876205867676,1.3257919093287713,0.05,68.61757108742374,0.8469737644787106,1.0,1,False,1.0,True,5.220000000000026,True,False,False,,,1.0,1.3455448500194602,0.6644325448422325,0.89402378889779,23.413203563079097,3.1196329719000677,False,False,False,1.0965735902799727,0.016954568991358998,0.1909202778039514,0.002596311943936287,0.465576037346175,0.308953508048738,0.014999295865840319,0.6,1.0
224,1835086199,ATTACK,0.0753368146437275,0.9920184128722412,0.9920184128722412,0.8059866937145513,0.7151632149705915,0.9246370178011563,0.7452451328636367,0.9596348683587451,0.9596348683587451,0.9481740782914345,0.0114607900673106,326,329,0.9619902608943934,1.3032724343326128,0.33856270821502843,67.17579652008367,0.8290530651644186,1.0,1,False,0.326,True,5.250000000000027,True,False,False,,,1.0,1.3150536244430833,0.661266382331495,0.8696007528073982,20.895657533491313,3.118817828157008,False,False,False,1.0965735902799727,0.16533603876797334,0.24350175068442595,0.02362150501382904,0.25750637439228435,0.22714922052534686,0.08288511061614041,0.6,0.2
225,1835086199,ATTACK,0.0,1.0,1.0,0.8040042437189421,0.7161131647565282,0.9321733160210406,0.7494713019624751,0.9554911080402955,0.9554911080402955,0.9596348683587451,-0.004143760318449652,323,326,0.9623874074904712,1.2984668536060915,0.3064129013160056,67.5773691177857,0.8341787532609025,1.0,1,False,1.0,True,5.280000000000027,True,False,False,,,1.0,1.3259974444234592,0.6675415834374147,0.8851584336844012,21.75517111865361,3.118174368243033,False,False,False,1.0965735902799727,0.14635138168082756,0.1866784239934615,0.023622620018739125,0.25725533038871434,0.34689691947582285,0.03919532444243484,0.2,1.0
226,1835086199,ATTACK,0.005012904411706016,0.9901385468387959,0.9901385468387959,0.8044167165819139,0.7177507332279243,0.9389559844189366,0.7553118900012197,0.9502706666338395,0.9502706666338395,0.9554911080402955,-0.0052204414064559446,323,323,0.9661486667414241,1.2863216580769417,0.32216462798511236,67.83894082821742,0.8375532342042086,1.0,1,False,0.8240000000000001,True,5.310000000000027,True,False,False,,,1.0,1.3399145553857463,0.6739363462854392,0.9030171197913486,22.775681929841532,3.112106576910021,False,False,False,1.0965735902799727,0.15554033386528032,0.1674210903633707,0.03319963273498007,0.285972348267131,0.3072935629535827,0.05057303181565518,0.8,0.6
227,1835086199,ATTACK,0.05673828157986161,0.9884854132531142,0.9884854132531142,0.8078302851255977,0.718798355022311,0.9271503189214844,0.7489801064886316,0.9597028663313655,0.9597028663313655,0.9502706666338395,0.009432199697525956,319,323,0.9695338000672816,1.2736528829030582,0.31131665622277205,66.66204362837051,0.8229458579406956,1.0,1,False,0.4,True,5.340000000000027,True,False,False,,,1.0,1.3148747946427244,0.666434124099174,0.8762774320678053,20.729954564069857,3.1066858175999394,False,False,False,1.0965735902799727,0.14918948069728716,0.2830811665205252,0.04088870112198333,0.3152459246659029,0.21044966472220716,0.0011450622720943053,0.0,0.4
228,1835086199,ATTACK,0.09888250461343316,0.9905517179499017,0.9905517179499017,0.807990676932511,0.7104240526871034,0.934435287029336,0.7550150001164584,0.9409403158579935,0.9409403158579935,0.9597028663313655,-0.01876255047337194,316,319,0.9725804200605535,1.2645633539343446,0.07704562947030646,66.13442259375418,0.8164564069820025,1.0,1,False,0.2,True,5.370000000000028,True,False,False,,,1.0,1.3651530526625908,0.6638453035852175,0.906250442685084,23.85039281643475,3.1018393973503393,False,False,False,1.0965735902799727,0.032070192698848914,0.18066177748850673,0.0042092040884537454,0.3416718085949941,0.34277171212659285,0.0986153050026037,0.0,0.2
229,1835086199,ATTACK,0.10458230030170051,0.9918563606439011,0.9918563606439011,0.8055899151804956,0.724217946817419,0.9300103989468621,0.7492069984045815,0.9666459981815759,0.9666459981815759,0.9409403158579935,0.02570568232358239,318,316,0.9616550491174475,1.2704568754933452,0.5322619087952183,66.64041616808329,0.8228796677041657,1.0,1,False,0.2,True,5.400000000000028,True,False,False,,,1.0,1.2967422842922725,0.6735302216441452,0.8733951181547095,19.534629311058083,3.1193613544224013,False,False,False,1.0965735902799727,0.30393870955838487,0.165818640240759,0.04674673310647443,0.21060305028613371,0.24509320310229862,0.027799663705949346,0.0,0.2
230,1835086199,ATTACK,0.09265852214040235,0.9926280161441742,0.9926280161441742,0.8078530996894507,0.7158508124479661,0.9370093590521759,0.7569659151483258,0.945684340764137,0.945684340764137,0.9666459981815759,-0.02096165741743894,316,318,0.9497683180332173,1.2669982390954448,0.08503328631696205,65.3746169704921,0.8071609460756294,1.0,1,False,0.256,True,5.430000000000028,True,False,False,,,1.0,1.3522616662657312,0.6707589109488481,0.9070415625822765,22.746434150618175,3.1388830125117453,False,False,False,1.0965735902799727,0.035547037142724836,0.2067511934716608,0.0770546879453498,0.20126715376142973,0.3956403793832772,0.08373954829555762,0.4,0.2
231,1835086199,ATTACK,0.093484268737485,0.9908825084286801,0.9908825084286801,0.8047269341992767,0.7270366267611529,0.9433084231469583,0.7591056953634058,0.9577541457031218,0.9577541457031218,0.945684340764137,0.012069804938984796,319,316,0.9290966203569712,1.2718367998394036,0.49682818753910085,65.62642269085572,0.8104052950791047,1.0,1,False,0.21400000000000002,True,5.460000000000028,True,False,False,,,1.0,1.3200094414069223,0.6858197739601468,0.9052885767309551,20.746958917603155,3.1740219677735717,False,False,False,1.0965735902799727,0.2747294366948132,0.18043520161771076,0.002126399546378941,0.15593242785034392,0.3304472454604688,0.056329288830284395,0.2,0.2
232,1835086199,ATTACK,0.037065161661976716,0.9861160313287756,0.9861160313287756,0.8089598768744356,0.7219313013851834,0.9489775808322625,0.7676847869466668,0.940400687444309,0.940400687444309,0.9577541457031218,-0.017353458258812737,313,319,0.9268329554220477,1.248444794645146,0.1773326165355622,64.20402400585101,0.7927251472939859,1.0,1,False,0.526,True,5.490000000000029,True,False,False,,,1.0,1.3666271987631124,0.6850966199155982,0.9362716745573307,23.250704107574766,3.177965097403061,False,False,False,1.0965735902799727,0.07808132452610132,0.1819967490648338,0.15199740874011186,0.23020907773078927,0.32181000625760975,0.03590543368055388,0.6,0.4
233,1835086199,ATTACK,0.0003970915161995554,0.9928918032509297,0.9928918032509297,0.8127202682094851,0.7333726507693451,0.9433919577676727,0.7667137649436142,0.956514261646625,0.956514261646625,0.940400687444309,0.01611357420231596,310,313,0.9341496598798429,1.250762103593697,0.5055502874747613,65.44755849606936,0.8083660282959363,1.0,1,False,0.95,True,5.520000000000029,True,False,False,,,1.0,1.3232868206193544,0.6918578607825602,0.915526388915462,20.90669798665479,3.165288904357098,False,False,False,1.0965735902799727,0.2817239306677613,0.16771697571910232,0.00939382696468016,0.2847289024090508,0.24656067509318227,0.009875689146222997,1.0,0.6
234,1835086199,ATTACK,0.0,1.0,1.0,0.8114643467498047,0.7303792045570513,0.9340961687399676,0.7579857373680732,0.9635790867162236,0.9635790867162236,0.956514261646625,0.0070648250695986015,312,310,0.9407346938918586,1.2658843809296954,0.23745943559270688,65.76715701485446,0.8124585109242914,1.0,1,False,1.0,True,5.550000000000029,True,False,False,,,1.0,1.3047207159796128,0.6822444167040866,0.8901384238352492,19.805791475990134,3.154048921196578,False,False,False,1.0965735902799727,0.10843982907716773,0.16221406737628094,0.06460917341172334,0.2929173287759406,0.225217033745311,0.14660256761357643,0.4,1.0
235,1835086199,ATTACK,0.058773922641797816,0.9886330479141849,0.9886330479141849,0.8053268737769798,0.7386317864246308,0.9360667683256896,0.753839724182248,0.9798260329486954,0.9798260329486954,0.9635790867162236,0.016246946232471804,319,312,0.9423782020632525,1.2698955550539934,0.46090350088124843,66.95676764925491,0.8274238894745409,1.0,1,False,0.4,True,5.580000000000029,True,False,False,,,1.0,1.2630066576621224,0.6914086693011351,0.8732537524926424,17.409414160620496,3.151268114927481,False,False,False,1.0965735902799727,0.24714427619290022,0.2025576344888479,0.00010905876098967893,0.25325898891172643,0.27690108229859367,0.020028959346942217,0.0,0.4
236,1835086199,ATTACK,0.0,1.0,1.0,0.8119190317840275,0.7404735451633241,0.9337369192619603,0.7581187754281715,0.9767249792027882,0.9767249792027882,0.9798260329486954,-0.0031010537459071896,313,319,0.9477836709223434,1.270653284742003,0.34976219351625604,67.36845565821353,0.8326651025929713,1.0,1,False,1.0,True,5.61000000000003,True,False,False,,,1.0,1.270864302507046,0.6914074868557842,0.8786850935311259,18.043109556888368,3.142190115005292,False,False,False,1.0965735902799727,0.1721668507490608,0.2029796643710316,0.0003810559675189016,0.2711058593882549,0.25638413884419836,0.0969824306799354,1.0,0.8
237,1835086199,ATTACK,0.000846839846323035,0.9923661827770152,0.9923661827770152,0.8097229557715265,0.7358450444850669,0.9317512756915822,0.7544603969968785,0.9753262694955099,0.9753262694955099,0.9767249792027882,-0.0013987097072782895,313,313,0.9519038994094104,1.2575427272060518,0.20633932308034397,66.40637249946725,0.820733614985741,1.0,1,False,0.926,True,5.64000000000003,True,False,False,,,1.0,1.2744244202297061,0.6856245589102902,0.8737766809844946,18.01830362206262,3.1353398049058585,False,False,False,1.0965735902799727,0.09243970724886282,0.18910438977238297,0.14110146255303396,0.26772088899682434,0.2569402417790894,0.05269330964980653,0.6,0.8
238,1835086199,ATTACK,0.04877460796389547,0.9906727271184321,0.9906727271184321,0.8147321671816735,0.7417123852736089,0.9325632366562442,0.7597892668348977,0.9762080324764355,0.9762080324764355,0.9753262694955099,0.0008817629809255711,307,313,0.9412596175397081,1.2389490597271227,0.42412363282724386,65.27105175870796,0.8066343253524362,1.0,1,False,0.456,True,5.67000000000003,True,False,False,,,1.0,1.2721789202589249,0.6916937026787799,0.8799581478237881,17.56388216711899,3.1531596979461822,False,False,False,1.0965735902799727,0.22074491265994134,0.30612017425397053,0.0007112258399419941,0.20248230941472156,0.2699354426691008,5.935162323621546e-06,0.4,0.4
239,1835086199,ATTACK,0.08347624033790668,0.9872391423219911,0.9872391423219911,0.8126456936443872,0.7458639989893108,0.9206843976806105,0.7481902109807246,0.9968908815468668,0.9968908815468668,0.9762080324764355,0.020682849070431275,299,307,0.9471336557857373,1.199402078219691,0.39794924741402293,63.14039441084402,0.780093205147372,1.0,1,False,0.256,True,5.70000000000003,True,False,False,,,1.0,1.2206279231774957,0.686705346661125,0.8382117211298513,13.76880580741828,3.143276276087412,False,False,False,1.0965735902799727,0.20296541224227801,0.20093323679554687,0.05765649694619904,0.27876431575356553,0.2068874234499535,0.05279311481245716,0.4,0.2
240,1835086199,ATTACK,0.018920287618068344,0.9884723436147168,0.9884723436147168,0.8162486084758498,0.7459174871318465,0.9286159579125495,0.7579814834545868,0.9840840487715382,0.9840840487715382,0.9968908815468668,-0.01280683277532857,296,299,0.9377817900463548,1.1941219789887145,0.3201166250007098,62.77929094408832,0.7756707569378641,1.0,1,False,0.656,True,5.730000000000031,True,False,False,,,1.0,1.2522965216526913,0.6926708818366614,0.8674293359741534,15.655894474752932,3.1590697060094723,False,False,False,1.0965735902799727,0.15433360115001513,0.21812288297076327,0.048077496278919656,0.20618863563268708,0.34114916885594654,0.03212821511166844,0.4,0.6
241,1835086199,ATTACK,0.005312497870361961,0.9895168997075049,0.9895168997075049,0.8172866456235457,0.7427237374088066,0.9344142808561112,0.7636843132236288,0.972553350315205,0.972553350315205,0.9840840487715382,-0.011530698456333255,295,296,0.9324723945040937,1.1928604479308917,0.2475655492555342,62.47484645293127,0.7719557273807596,1.0,1,False,0.8240000000000001,True,5.760000000000031,True,False,False,,,1.0,1.2815118066517088,0.6940116669656132,0.889384145170467,17.38513480268353,3.1681771930316223,False,False,False,1.0965735902799727,0.11377655791940511,0.35274194345916704,0.009617739484938543,0.22031265210170184,0.29329959367408337,0.010251513360704137,0.8,0.6
242,1835086199,ATTACK,0.16093327180810707,0.9902105084576035,0.9902105084576035,0.8109664216658707,0.7416172678409615,0.9351377937750324,0.7583653503822549,0.97791554884087,0.97791554884087,0.972553350315205,0.005362198525664996,300,295,0.9223431487508461,1.2045412091097079,0.2915520344771728,62.35082594122053,0.7704946569106731,1.0,1,False,0.014000000000000002,True,5.790000000000031,True,False,False,,,1.0,1.2678417975324154,0.693514335674264,0.8792664619557579,16.509622256180155,3.185843259388171,False,False,False,1.0965735902799727,0.13787146628244054,0.29300197276238854,0.09687549797929952,0.19599088044164428,0.27082470502266115,0.0054354775115658905,0.2,0.0
243,1835086199,ATTACK,0.05720498248254162,0.9883182807685515,0.9883182807685515,0.8131268870004842,0.7429565555329627,0.9318874393361477,0.7577427325822543,0.9804865471966944,0.9804865471966944,0.97791554884087,0.0025709983558244165,300,300,0.9138915101853025,1.2054422505105042,0.3425455016639346,61.722180714305644,0.7627249081996857,1.0,1,False,0.4,True,5.820000000000031,True,False,False,,,1.0,1.2613392914383421,0.692351882073617,0.8732906323607387,15.946371424220585,3.200883161382109,False,False,False,1.0965735902799727,0.1677518885506159,0.23734139338869178,0.09509795476054794,0.19901216504336816,0.2513171246930929,0.04947947356368332,0.0,0.4
244,1835086199,ATTACK,0.003505975275453422,0.9914292789906627,0.9914292789906627,0.8158282262908083,0.736504690144211,0.9310282805390261,0.7595591507387347,0.9696475770555838,0.9696475770555838,0.9804865471966944,-0.010838970141110571,301,300,0.9225023591667723,1.2172981652084494,0.16305659278674445,62.298823050129755,0.7700214848398063,1.0,1,False,0.8560000000000001,True,5.850000000000032,True,False,False,,,1.0,1.2889810550510588,0.685706695273893,0.8838629395297175,17.80167752539247,3.185562585038946,False,False,False,1.0965735902799727,0.07119952984870559,0.17206583789899998,0.030421058857701824,0.39444268035302643,0.2616479256824656,0.07022296735910064,0.4,0.8
245,1835086199,ATTACK,0.03435506610039488,0.9885967959419358,0.9885967959419358,0.8161857348536887,0.7287496781112286,0.9379254524851235,0.7655213746745491,0.9519651602426471,0.9519651602426471,0.9696475770555838,-0.017682416812936697,306,301,0.930252123250095,1.2345242616259027,0.11943757145851219,63.486832619398925,0.7849590424269182,1.0,1,False,0.526,True,5.880000000000032,True,False,False,,,1.0,1.3353812880162343,0.6835128715908622,0.9127502988406805,21.060766535771126,3.1720165689954456,False,False,False,1.0965735902799727,0.05087778092785101,0.30709272182793906,0.053189405040943355,0.27899067457034893,0.3047365299730879,0.005112887659829656,0.6,0.4
246,1835086199,ATTACK,0.012245001848222779,0.9843397334194728,0.9843397334194728,0.8176919882939127,0.7294106709237723,0.9353476715629587,0.7648262973063973,0.9536945493279279,0.9536945493279279,0.9519651602426471,0.0017293890852807525,302,306,0.9339682573617774,1.2153789378024678,0.31482253236889335,62.63874037241782,0.7744421893578627,1.0,1,False,0.726,True,5.910000000000032,True,False,False,,,1.0,1.330770478847566,0.682252572661726,0.907921582816029,20.492971683090992,3.1656007832573287,False,False,False,1.0965735902799727,0.15123095897631475,0.290286704570657,0.026558724560336405,0.2579152110758722,0.25607382163173786,0.017934579185081845,0.6,0.6
247,1835086199,ATTACK,0.00038355566576061455,0.9908340053792721,0.9908340053792721,0.8173544244715272,0.7239620235787725,0.9418129044066629,0.7697949444411654,0.9404608705300534,0.9404608705300534,0.9536945493279279,-0.013233678797874404,301,302,0.9329209709705735,1.2188431501114574,0.17153769727729362,62.70097562506046,0.7753059171808283,1.0,1,False,0.95,True,5.940000000000032,True,False,False,,,1.0,1.3664627129788054,0.6818367761068487,0.9317045308876868,22.729592757246728,3.1674037169196643,False,False,False,1.0965735902799727,0.07527357751485941,0.17374020463832698,0.03800908727211649,0.2379524515680632,0.40651891243378424,0.06850576657284971,1.0,0.6
248,1835086199,ATTACK,0.020026261256693687,0.98918374849918,0.98918374849918,0.822135150821979,0.7223384948615716,0.9431470091099944,0.7753943085819436,0.9315756987984585,0.9315756987984585,0.9404608705300534,-0.008885171731594976,293,301,0.9294162331928537,1.19140059983533,0.258592883388686,61.01994831968156,0.7543766194718642,1.0,1,False,0.656,True,5.970000000000033,True,False,False,,,1.0,1.3909622627121243,0.6812713909937064,0.9476227955376422,23.594574083245423,3.1734667743185687,False,False,False,1.0965735902799727,0.11968215577172221,0.2670264536047783,0.1079121082062972,0.22630617872426154,0.27757697571998896,0.0014961279729518615,0.4,0.6
249,1835086199,ATTACK,0.024276823379627513,0.9912822057330333,0.9912822057330333,0.8223985283364519,0.7172009596981159,0.9488323081989949,0.7803182939009321,0.9191133481091635,0.9191133481091635,0.9315756987984585,-0.012462350689295021,290,293,0.9364746098735683,1.1820820893833897,0.17043675237097733,60.927940254867885,0.7533104124030873,1.0,1,False,0.614,True,6.000000000000033,True,False,False,,,1.0,1.426067255096349,0.6805034420328976,0.9704436756634717,25.676799287999817,3.1613023984840263,False,False,False,1.0965735902799727,0.07474236974528639,0.21435096247134613,0.030241949363702652,0.2974697818700184,0.3733588140724902,0.009836122477156189,0.2,0.6
250,1835086199,ATTACK,0.07477523294899245,0.9894222176967145,0.9894222176967145,0.8251472354360182,0.7174966687975884,0.9498934287988505,0.7838019367322117,0.9154055829320098,0.9154055829320098,0.9191133481091635,-0.0037077651771536546,289,290,0.9428271488862116,1.1797254659984993,0.2943369409542257,61.30195317507685,0.7580673751386144,1.0,1,False,0.326,True,6.030000000000033,True,False,False,,,1.0,1.4366816069978552,0.6815453708758945,0.9791636986719293,26.482675898210207,3.1505101853593036,False,False,False,1.0965735902799727,0.13944696355472938,0.2229611290153336,0.02889051161841876,0.30000141898336197,0.2797217570987758,0.02897821972938052,0.6,0.2
251,1835086199,ATTACK,0.0,1.0,1.0,0.8240363156528511,0.713697709171913,0.9549040859189655,0.7868756447625178,0.9070019054755594,0.9070019054755594,0.9154055829320098,-0.008403677456450431,292,289,0.9485444339975904,1.2030930208531625,0.198380367006314,62.868687223206855,0.7777337430394088,1.0,1,False,1.0,True,6.060000000000033,True,False,False,,,1.0,1.461032488384844,0.6815128585992652,0.9957124276655528,28.684769677423773,3.1409207872330107,False,False,False,1.0965735902799727,0.08844842267754996,0.20184095876552524,0.0676699131512821,0.31475531527490674,0.30732558394972687,0.01995980618100924,0.8,0.8
252,1835086199,ATTACK,0.0,1.0,1.0,0.8270567417354624,0.7078619057863712,0.9536392780610818,0.788713794104157,0.8974889384182515,0.8974889384182515,0.9070019054755594,-0.009512967057307864,291,292,0.9536899905978313,1.2033675592250979,0.1406111782648708,62.620132774609104,0.7747082757635343,1.0,1,False,1.0,True,6.090000000000034,True,False,False,,,1.0,1.4890961180842972,0.6750449168010566,1.0052067651409908,30.312445039752667,3.1323886326695005,False,False,False,1.0965735902799727,0.060613525913173504,0.23770182022543387,0.07187268475636509,0.32905157032915794,0.2711280036700643,0.029632395105805426,0.8,0.8
253,1835086199,ATTACK,0.05269676188518175,0.9882782230733436,0.9882782230733436,0.8276161704871323,0.70359672437484,0.9533147814620742,0.7889787287024193,0.891781614356066,0.891781614356066,0.8974889384182515,-0.005707324062185548,290,291,0.9583209915380482,1.1859768056158935,0.17427815261549173,61.62410748097236,0.7623375861107092,1.0,1,False,0.41400000000000003,True,6.120000000000034,True,False,False,,,1.0,1.5061910067517061,0.6707491575348318,1.010276348865247,30.870988466675296,3.1247880322303807,False,False,False,1.0965735902799727,0.07659892347234223,0.2005617298788911,0.08156135018836701,0.29682645014605974,0.2751971560355022,0.06925439027883774,0.2,0.4
254,1835086199,ATTACK,0.0,1.0,1.0,0.8317446180218172,0.7002848284109179,0.9426885073306537,0.7840760924432916,0.8931337597971285,0.8931337597971285,0.891781614356066,0.0013521454410625466,288,290,0.9624888923842434,1.1977122499514168,0.19315454365675577,61.51168324012606,0.7610113738530496,1.0,1,False,1.0,True,6.150000000000034,True,False,False,,,1.0,1.502123330713992,0.6601504596009912,0.9916274071482135,30.569646804663318,3.1180100268353996,False,False,False,1.0965735902799727,0.0858492531852484,0.3416385228258969,0.022060151607711423,0.29026964290745344,0.22352602007393468,0.03665640939975514,0.8,1.0
255,1835086199,ATTACK,0.0,1.0,1.0,0.8282229156110855,0.6959261795681213,0.9484196565975883,0.7855028932101191,0.8859625923516027,0.8859625923516027,0.8931337597971285,-0.007171167445525817,290,288,0.966240003145819,1.200923227636074,0.16200007504676217,61.89532995440338,0.7658857323343448,1.0,1,False,1.0,True,6.180000000000034,True,False,False,,,1.0,1.5238225231494456,0.6600300682432692,1.005768683944959,32.094961387435724,3.111959817418837,False,False,False,1.0965735902799727,0.0706949072218667,0.2235963432758691,0.04549006866899479,0.3203146651973477,0.3361271280940608,0.0037768875418608774,0.6,1.0
256,1835086199,ATTACK,0.006763387210382384,0.9914866612457105,0.9914866612457105,0.8256227124765383,0.7111298705897152,0.9479065213162766,0.7826131533033439,0.9086607701239063,0.9086607701239063,0.8859625923516027,0.02269817777230365,292,290,0.9413640802290978,1.1951471036973056,0.5459171231221424,61.2896718492329,0.7583914332697435,1.0,1,False,0.8,True,6.210000000000035,True,False,False,,,1.0,1.4561932102411035,0.6740846418347909,0.9815974785676286,27.677805345488952,3.1529828559485886,False,False,False,1.0965735902799727,0.3157902197646274,0.2042137328662636,0.05298868247069127,0.14430944271754836,0.27164415189223573,0.011053770288633715,0.0,0.8
257,1835086199,ATTACK,0.012754666258076032,0.9924121918669445,0.9924121918669445,0.8201447857832257,0.7183457809890464,0.9394352897422716,0.7704729544628779,0.9323439282691357,0.9323439282691357,0.9086607701239063,0.023683158145229366,301,292,0.947227672206188,1.224952135183602,0.42615021916479034,63.253941294017096,0.7830219053529857,1.0,1,False,0.726,True,6.240000000000035,True,False,False,,,1.0,1.3888267472924842,0.6748393768985832,0.9372349767629461,24.35675206877631,3.143119084490931,False,False,False,1.0965735902799727,0.22215504911021186,0.18200870906202019,0.0895291733296416,0.272749445392353,0.2315971027881132,0.001960520317660151,0.6,0.6
258,1835086199,ATTACK,0.06788188053743963,0.9899550140331728,0.9899550140331728,0.820253534204675,0.7142338303656773,0.9429623557651061,0.7734682049382944,0.9234171822520583,0.9234171822520583,0.9323439282691357,-0.008926746017077436,301,301,0.9525049049855692,1.2220812189413446,0.1915745611615406,63.324006362809,0.7839747282977252,1.0,1,False,0.35,True,6.270000000000035,True,False,False,,,1.0,1.413844820009935,0.6734956152487542,0.9522182869188554,25.95544323252366,3.1343455232341815,False,False,False,1.0965735902799727,0.08506673032604051,0.17578316392772242,0.06888479975708563,0.30080739208157636,0.2873529749853083,0.08210493892226679,1.0,0.0
259,1835086199,ATTACK,0.10269554979871899,0.9891477013570676,0.9891477013570676,0.8170348806740881,0.7202825159360309,0.9486661201885955,0.7750933103078393,0.9292849084840642,0.9292849084840642,0.9234171822520583,0.005867726232005932,299,301,0.9424981186408712,1.208211420350244,0.40771170866062,62.84867581617515,0.7781076626627095,1.0,1,False,0.21400000000000002,True,6.300000000000035,True,False,False,,,1.0,1.397349689552743,0.6833076198327146,0.9548196904422676,24.734428677273783,3.151065596400219,False,False,False,1.0965735902799727,0.20950471360796705,0.17567010600134783,0.023504685076661865,0.205653200699359,0.3265531820875696,0.05911411252709461,0.2,0.2
260,1835086199,ATTACK,0.07452935368420216,0.9884558402379182,0.9884558402379182,0.8194032545414542,0.716714707322417,0.9492878487780368,0.7778495527853793,0.9214053087206309,0.9214053087206309,0.9292849084840642,-0.007879599763433331,293,299,0.9482483067767841,1.186567861056036,0.2076066940218173,61.835969724613925,0.7655241486481803,1.0,1,False,0.326,True,6.330000000000036,True,False,False,,,1.0,1.4195452347743007,0.6803685627016776,0.9658139510734064,25.693698037047742,3.141414631292482,False,False,False,1.0965735902799727,0.09307896478984672,0.17937470706676711,0.045873467181053576,0.33662331929812783,0.2774417030415043,0.06760783862270052,0.6,0.2
261,1835086199,ATTACK,0.0,1.0,1.0,0.817030289947141,0.7294424611542407,0.9447598880109925,0.7718974452320497,0.9449991908380444,0.9449991908380444,0.9214053087206309,0.023593882117413534,292,293,0.9394016450889678,1.192864223322826,0.5211457642758859,62.36775135325995,0.7722444857605993,1.0,1,False,1.0,True,6.360000000000036,True,False,False,,,1.0,1.3541159403927612,0.6891479779105433,0.9331862621781051,21.8770971678109,3.1563115787564437,False,False,False,1.0965735902799727,0.29454361497430687,0.18335495592747114,0.0139696770803222,0.20899167722664622,0.25200412055379673,0.04713595423745682,0.4,1.0
262,1835086199,ATTACK,0.05545477232351637,0.9921700964216378,0.9921700964216378,0.8163353684956396,0.7377851553450119,0.9316219154200691,0.7605159196230556,0.9701113892667623,0.9701113892667623,0.9449991908380444,0.025112198428717925,301,292,0.9454614805800711,1.2189650296154313,0.4616320545006527,63.9539321249855,0.7921450182628601,1.0,1,False,0.41400000000000003,True,6.390000000000036,True,False,False,,,1.0,1.2877859191487633,0.6873368195910132,0.8851426779818007,18.237428271145486,3.146077307179499,False,False,False,1.0965735902799727,0.24768521560604015,0.18145607005090963,0.0009038506362282058,0.36114693321300717,0.2066900810508791,0.002117849442935756,0.2,0.4
263,1835086199,ATTACK,0.09739663509731983,0.990257845636636,0.990257845636636,0.821248693750448,0.7461756552776302,0.907461236733324,0.7452513552964084,1.0012402526673088,1.0012402526673088,0.9701113892667623,0.031128863400546436,290,301,0.9504174740997297,1.179209545197569,0.4693976604958223,61.287142685615635,0.7588825328881916,1.0,1,False,0.22400000000000003,True,6.420000000000036,True,False,False,,,1.0,1.210056043194008,0.6771254829585367,0.8193597826546386,12.752610731800605,3.1378042936114765,False,False,False,1.0965735902799727,0.25349697124836096,0.2434245725418641,0.0329907713127061,0.27046427989848026,0.14500756427630915,0.05461584072227944,0.8,0.0
264,1835086199,ATTACK,0.057119584685422366,0.9922726714791827,0.9922726714791827,0.8207655979478911,0.7586004428888272,0.9062831966647364,0.7438460698206586,1.0198352504191168,1.0198352504191168,1.0012402526673088,0.018594997751808062,290,290,0.9372583054110771,1.1809137451742457,0.53833883876433,61.44658066477942,0.7609471501801376,1.0,1,False,0.41400000000000003,True,6.450000000000037,True,False,False,,,1.0,1.1658805981450866,0.6875068343725712,0.8015508792871283,10.098096079631205,3.1599630816479154,False,False,False,1.0965735902799727,0.30916962968848205,0.2410262698936057,0.007962225700878716,0.19037535782418366,0.24784041802372397,0.003626098869125902,0.2,0.4
265,1835086199,ATTACK,0.010408465125103758,0.9884048630646809,0.9884048630646809,0.8197916445138063,0.7525212511102917,0.9032337922563185,0.740463515934249,1.0162840368452581,1.0162840368452581,1.0198352504191168,-0.0035512135738586803,286,290,0.9435324748699694,1.1587090488362506,0.19272302092385407,60.01345685744772,0.7431050234398696,1.0,1,False,0.75,True,6.480000000000037,True,False,False,,,1.0,1.1741906560136413,0.679702623393818,0.7981004692569802,10.355329424262694,3.149320883192238,False,False,False,1.0965735902799727,0.08563537957382306,0.22036934231990712,0.10009999932358783,0.3058022245891653,0.2378945762902786,0.05019847790323821,1.0,0.4
266,1835086199,ATTACK,0.10366938943980647,0.9882150831804613,0.9882150831804613,0.8145727289506511,0.7575320600236388,0.8872939925021374,0.7227654888539846,1.0481021461397944,1.0481021461397944,1.0162840368452581,0.03181810929453621,285,286,0.9491792273829724,1.147086606362517,0.4237145876179801,59.10627141449403,0.7318346916660127,1.0,1,False,0.2,True,6.510000000000037,True,False,False,,,1.0,1.1017974462772278,0.6721536459867432,0.7405771706541214,5.959903172644648,3.139863196232393,False,False,False,1.0965735902799727,0.22046089336077138,0.17496388536175098,0.022756726953623033,0.38420740451032354,0.1719178973572538,0.025693192456277436,0.0,0.2
267,1835086199,ATTACK,0.037332540387309814,0.9910715542956764,0.9910715542956764,0.8161233745976885,0.7504973452135705,0.8972022891293501,0.7322277599010162,1.02495068653915,1.02495068653915,1.0481021461397944,-0.023151459600644353,285,285,0.948922656109843,1.1525922424373782,0.16686451749126818,59.47022308019103,0.7364547053806964,1.0,1,False,0.526,True,6.540000000000037,True,False,False,,,1.0,1.1540134319408508,0.6733479361111155,0.7770525626418772,9.073887217317118,3.140290483790678,False,False,False,1.0965735902799727,0.07302360238892058,0.2077012040102123,0.037425041194181906,0.24846068847803576,0.29318847938713233,0.14020098454151714,0.6,0.4
268,1835086199,ATTACK,0.08742623975171446,0.9897027962713274,0.9897027962713274,0.810826509416916,0.7575699980524675,0.8886204242685884,0.7205169968062786,1.0514255755387145,1.0514255755387145,1.02495068653915,0.026474888999564516,282,285,0.9474817776033615,1.1314929417617865,0.4579638070501624,58.285094457785554,0.7217084219751387,1.0,1,False,0.256,True,6.570000000000038,True,False,False,,,1.0,1.0944982395000655,0.6731921730825374,0.7368076482840606,5.456006111633827,3.1426943867944686,False,False,False,1.0965735902799727,0.24496900124469428,0.2479307661630968,0.026321455476244225,0.24296085047501265,0.20569182026086671,0.03212610638008547,0.4,0.2
269,1835086199,ATTACK,0.0008836011046198914,0.9889806382312218,0.9889806382312218,0.8086697103117897,0.7539530220216759,0.8997583818417296,0.7276073499945561,1.0362086392163532,1.0362086392163532,1.0514255755387145,-0.015216936322361319,282,282,0.9527335998430253,1.1276597475735997,0.2513042760000984,58.84845075230451,0.7288191030230032,1.0,1,False,0.926,True,6.600000000000038,True,False,False,,,1.0,1.1283201143438701,0.678375551078905,0.765424779361436,7.481756158300343,3.13396750830192,False,False,False,1.0965735902799727,0.11576904839789669,0.15857576465392345,0.00357666790870273,0.3371206737201788,0.3694814366487643,0.015476408670534068,0.6,0.8
270,1835086199,ATTACK,0.04949757600603751,0.9811565259262491,0.9811565259262491,0.8111531108521591,0.7459943460834308,0.9097825436575566,0.7379729404868173,1.0108695118161408,1.0108695118161408,1.0362086392163532,-0.02533912740021238,279,282,0.9481752799825618,1.110236094691974,0.13764906486196515,57.6941432258753,0.7144586631507361,1.0,1,False,0.42400000000000004,True,6.630000000000038,True,False,False,,,1.0,1.1869751222839606,0.6786926337339393,0.8055912719195659,10.68684375092351,3.1415364636900045,False,False,False,1.0965735902799727,0.05923718953548459,0.272634229186242,0.06289781920370531,0.23052290965381395,0.3068442563014581,0.06786359611929604,0.8,0.2
271,1835086199,ATTACK,0.09394961338377786,0.9865252750265341,0.9865252750265341,0.8052585585830272,0.735327221976304,0.9188042892918009,0.7398750176150183,0.9938532920690117,0.9938532920690117,1.0108695118161408,-0.01701621974712908,291,279,0.9533577519843056,1.1558635250165754,0.05,60.092000061429694,0.7445024295390308,1.0,1,False,0.21400000000000002,True,6.660000000000038,True,False,False,,,1.0,1.228066027278899,0.6756218055848523,0.8297081867275863,13.583546431230179,3.132936755936972,False,False,False,1.0965735902799727,0.020407414963058756,0.20487792978664654,0.02101810335694653,0.2826218325780804,0.3030714329924107,0.16800328632285727,0.2,0.2
272,1835086199,ATTACK,0.006251596702684354,0.9837865318105274,0.9837865318105274,0.8074530588823702,0.7376393262166066,0.922985499101654,0.7452674645537016,0.9897645627913421,0.9897645627913421,0.9938532920690117,-0.004088729277669678,289,291,0.9455635609698655,1.14785228715466,0.3559326913792673,59.64298147932893,0.7389510521642398,1.0,1,False,0.8,True,6.690000000000039,True,False,False,,,1.0,1.2381496593702763,0.6808304016650424,0.8429699299105007,14.078451532468122,3.145906030193691,False,False,False,1.0965735902799727,0.17598081673897217,0.22562228940210113,0.074229500638738,0.21609810992722922,0.28030819369516574,0.027761089597793557,0.0,0.8
273,1835086199,ATTACK,0.0,1.0,1.0,0.806263277211661,0.7270716966037677,0.9250751096845446,0.7458540896011977,0.9748176040605036,0.9748176040605036,0.9897645627913421,-0.014946958730838511,292,289,0.9456650109920688,1.177144384729025,0.05,60.41911944724076,0.7487232003766161,1.0,1,False,1.0,True,6.720000000000039,True,False,False,,,1.0,1.2757215912480873,0.6725959294842584,0.8580451494286444,16.51499799401469,3.1457358475142048,False,False,False,1.0965735902799727,0.016429208724893164,0.25502875217768295,0.11335989684022743,0.24844457326904457,0.27194080246528063,0.09479676652287125,0.2,1.0
274,1835086199,ATTACK,0.1388842199698781,0.9898916196414401,0.9898916196414401,0.806401356750997,0.7265522762763189,0.9310883745199434,0.7508309284679628,0.9676642886286219,0.9676642886286219,0.9748176040605036,-0.0071533154318816905,291,292,0.9510985098928619,1.1614536701427605,0.28720943590202586,60.299094401682936,0.7472831053598953,1.0,1,False,0.05600000000000001,True,6.750000000000039,True,False,False,,,1.0,1.2941040511310218,0.6764843779218827,0.8754411739955575,17.58228503251515,3.136674182141032,False,False,False,1.0965735902799727,0.1354270562842451,0.2158233605283054,0.01174865463075998,0.294261318304254,0.29260387901926627,0.050135731233169445,0.4,0.0
275,1835086199,ATTACK,0.0926114624602627,0.9905267328408484,0.9905267328408484,0.8021600729237442,0.7159817917779189,0.9379795370679491,0.752409733855406,0.9515849670221204,0.9515849670221204,0.9676642886286219,-0.016079321606501495,296,291,0.9542445668050537,1.175950274447829,0.05,60.799359662829055,0.753605389078211,1.0,1,False,0.22400000000000003,True,6.780000000000039,True,False,False,,,1.0,1.336397079989557,0.6715762696009331,0.8974925656849665,20.280687287928174,3.1314745497961347,False,False,False,1.0965735902799727,0.009464116442698435,0.18964796265116796,0.0680712088584914,0.264799581370354,0.3856678847242515,0.08234924595303661,0.8,0.0
276,1835086199,ATTACK,0.034549012314974384,0.9898279548537907,0.9898279548537907,0.796112178912087,0.71749384431489,0.9418952425029996,0.7498542738159916,0.9568443754592209,0.9568443754592209,0.9515849670221204,0.005259408437100488,302,296,0.945018386441566,1.1899012757289866,0.31936098315864303,61.30039690007019,0.7599271679967778,1.0,1,False,0.526,True,6.81000000000004,True,False,False,,,1.0,1.3224134384515724,0.6758040384853828,0.8936923422529139,19.600823104466187,3.146821187665194,False,False,False,1.0965735902799727,0.15388927657333923,0.21317732324911542,0.006371651184622078,0.20999216507735327,0.2885682957092272,0.12800128820634288,0.6,0.4
277,1835086199,ATTACK,0.0190765131785598,0.9912172588394871,0.9912172588394871,0.7971810012281352,0.7156406937489875,0.9323599049176019,0.7432596025071828,0.9628408315680949,0.9628408315680949,0.9568443754592209,0.005996456108874004,307,302,0.9505165477974094,1.2129256350936743,0.24566836734006714,62.041866329423634,0.7692588014347621,1.0,1,False,0.656,True,6.84000000000004,True,False,False,,,1.0,1.306648572450221,0.6672346891789727,0.8718412541049716,18.87132835923131,3.13763978996213,False,False,False,1.0965735902799727,0.11276927062302539,0.27972984382842986,0.017298163496851343,0.35291864201698664,0.22327093332451145,0.014013146710195433,0.4,0.6
278,1835086199,ATTACK,0.04723250050661569,0.9902425530211825,0.9902425530211825,0.7888990523842718,0.7149059376295387,0.9374758209215321,0.739573786758164,0.9666458579653642,0.9666458579653642,0.9628408315680949,0.0038050263972693177,312,307,0.9554648930176685,1.218674202266029,0.26946450228607643,62.9273284188176,0.780389345619519,1.0,1,False,0.456,True,6.87000000000004,True,False,False,,,1.0,1.296742647940905,0.6702070307609295,0.8690860397375393,18.525946593128904,3.1294668777646955,False,False,False,1.0965735902799727,0.12559098210000638,0.15891460686628905,0.018336632551815075,0.34393372163093816,0.2917595324784524,0.061464524372498885,0.4,0.4
279,1835086199,ATTACK,0.0058654269028904915,0.989163752130454,0.989163752130454,0.7850735125550277,0.7291606407480618,0.919993421339691,0.7222624668186688,1.0095507855472223,1.0095507855472223,0.9666458579653642,0.042904927581858154,318,312,0.9599184037159016,1.2347403555896943,0.5605828189787256,64.0987220139154,0.7950929460223434,1.0,1,False,0.8,True,6.90000000000004,True,False,False,,,1.0,1.1901098448564453,0.6708229925880507,0.7983530476351014,12.092383999488115,3.122183300919459,False,False,False,1.0965735902799727,0.32892240748030244,0.1624681030837721,0.02394573636443918,0.30016265535983117,0.18132591255156028,0.0031751851600948953,0.0,0.8
280,1835086199,ATTACK,0.08295540256681092,0.9908065027297346,0.9908065027297346,0.7908069793175176,0.7301782715970565,0.9205892058659845,0.7280083690831916,1.002980601056273,1.002980601056273,1.0095507855472223,-0.006570184490949371,311,318,0.9626147391351951,1.218399564630935,0.32285135451477454,63.55697389490033,0.788382591356939,1.0,1,False,0.256,True,6.930000000000041,True,False,False,,,1.0,1.2058515265919412,0.6721942351901313,0.8105664446703222,12.983157527528856,3.117806282739153,False,False,False,1.0965735902799727,0.15594578607997264,0.18803863220188863,0.0486154145413221,0.2667644354131076,0.2629756333013128,0.07766009846239613,0.4,0.2
281,1835086199,ATTACK,0.14886787257027193,0.9883004063464353,0.9883004063464353,0.7926817401132372,0.7413473631254246,0.928530285279386,0.7360290022831042,1.0072257490205185,1.0072257490205185,1.002980601056273,0.004245147964245577,311,311,0.9345783048711112,1.2181989515081197,0.5077101744627327,63.17782622022903,0.7837034112307019,1.0,1,False,0.0,True,6.960000000000041,True,False,False,,,1.0,1.1956568295232874,0.6883634785739711,0.8230464943513757,12.266937160157926,3.164552431310444,False,False,False,1.0965735902799727,0.283475063852761,0.19541000742531942,0.0316837482014434,0.12829563477016173,0.3044595805457799,0.05667596520453463,0.0,0.0
282,1835086199,ATTACK,0.09364338865289806,0.9899086314427779,0.9899086314427779,0.79085543256467,0.7411298898461904,0.9356772567514474,0.7399854416290896,1.0015465820713734,1.0015465820713734,1.0072257490205185,-0.005679166949145165,316,311,0.9391934213337293,1.2369418978923021,0.3094792216962533,64.92551240872892,0.805609806627279,1.0,1,False,0.22400000000000003,True,6.990000000000041,True,False,False,,,1.0,1.2093149187522056,0.6934583822277859,0.8386095671618309,13.490067234296456,3.156665588467317,False,False,False,1.0965735902799727,0.1481236859629635,0.16993870291500235,0.09427589294636797,0.26396794068058743,0.3189280197066988,0.004765757788379958,0.8,0.0
283,1835086199,ATTACK,0.003176649076078608,0.9903392154702773,0.9903392154702773,0.789700185830062,0.7436392483663867,0.9394566199442675,0.74188906734927,1.0023590872195625,1.0023590872195625,1.0015465820713734,0.000812505148189091,319,316,0.9372439724087026,1.2474033446742228,0.36566806618632497,65.81341579015522,0.8167677748548158,1.0,1,False,0.8560000000000001,True,7.020000000000041,True,False,False,,,1.0,1.207351365386977,0.6986168147281814,0.8434759651443705,13.548610620767429,3.1599875562972595,False,False,False,1.0965735902799727,0.1820731626563224,0.18322740510210925,0.07864153158476943,0.23622678731066474,0.28673544433982423,0.03309566900630986,0.4,0.8
284,1835086199,ATTACK,0.0,1.0,1.0,0.7862484713921917,0.7406222980020223,0.9455109579498407,0.7434065453726291,0.9962547446105533,0.9962547446105533,1.0023590872195625,-0.006104342609009161,319,319,0.9435195751678324,1.2540663118705457,0.24904280538058166,66.75371191308554,0.8285806102714546,1.0,1,False,1.0,True,7.050000000000042,True,False,False,,,1.0,1.2221818845149437,0.7002664984629046,0.8558530287540737,14.727616735949866,3.149342618368874,False,False,False,1.0965735902799727,0.11456265067443674,0.15077530989082188,0.04653531056379143,0.2740344090877427,0.3455452591565806,0.06854706062662669,1.0,1.0
285,1835086199,ATTACK,0.11227621530694781,0.9914522735259921,0.9914522735259921,0.7868796192061168,0.7376661118034148,0.9509598621548567,0.748290934212715,0.9858012145764151,0.9858012145764151,0.9962547446105533,-0.010453530034138181,325,319,0.9491676176510491,1.2677495796114036,0.24692580381160567,67.99130930054778,0.8441087606377845,1.0,1,False,0.126,True,7.080000000000042,True,False,False,,,1.0,1.2480030968657716,0.7014908639968844,0.8754627706911575,16.74729094742545,3.1398825258077094,False,False,False,1.0965735902799727,0.11343660876867076,0.2308691790953752,0.015477768940088428,0.2878667518243289,0.3016606481117754,0.05068904325976123,0.6,0.0
286,1835086199,ATTACK,0.0,1.0,1.0,0.7920803893800368,0.746690717844406,0.9333657576808095,0.7393007127778086,1.0099959393232973,1.0099959393232973,0.9858012145764151,0.024194724746882224,324,325,0.9455181354536328,1.2831702307956596,0.47971172107603466,68.10321645149037,0.8455645271433685,1.0,1,False,1.0,True,7.110000000000042,True,False,False,,,1.0,1.1890507526025549,0.6969355476140716,0.8286917374059856,12.7883508288194,3.14598224345386,False,False,False,1.0965735902799727,0.2613488953895238,0.22912647939868883,0.08135218776096399,0.23303308894403957,0.1875094087071923,0.007629939799591388,0.4,1.0
287,1835086199,ATTACK,0.04381670792522784,0.9926043831907975,0.9926043831907975,0.7906043741481232,0.7515993294889589,0.9400291819127286,0.7431911830470851,1.011313571303955,1.011313571303955,1.0099959393232973,0.0013176319806575965,333,324,0.9242764018808405,1.3066210163034917,0.4165802451439342,68.7139463795159,0.853255751105298,1.0,1,False,0.456,True,7.140000000000042,True,False,False,,,1.0,1.1859214151321795,0.7065253028256614,0.8378834869537001,12.691061921881767,3.182441641004864,False,False,False,1.0965735902799727,0.21553934420966497,0.16427730984588387,0.08787442599871002,0.15140945442077697,0.3177010265175268,0.0631984390074374,0.4,0.4
288,1835086199,ATTACK,0.07026730635831294,0.9919930745108073,0.9919930745108073,0.7960675222354081,0.740379760684012,0.9460262637214557,0.75310078373036,0.983108471905531,0.983108471905531,1.011313571303955,-0.028205099398423972,333,333,0.9286492484567008,1.3148396257193373,0.05,68.86680803726067,0.8552286227374375,1.0,1,False,0.326,True,7.170000000000043,True,False,False,,,1.0,1.2547423299825953,0.7004186987348814,0.8788449900139825,17.428892865710203,3.1747997309357086,False,False,False,1.0965735902799727,0.017004970868762584,0.2543752813479897,0.039642235474929705,0.2581840307452017,0.39817313596219905,0.032620345600917394,0.6,0.2
289,1835086199,ATTACK,0.0,1.0,1.0,0.7871980433161258,0.745566509687647,0.9327077862661772,0.73422574433445,1.0154458835592548,1.0154458835592548,0.983108471905531,0.032337411653723835,353,333,0.9357843236110307,1.3894045464529619,0.4158977830421924,72.77583047202303,0.9041416484415963,1.0,1,False,1.0,True,7.200000000000043,True,False,False,,,1.0,1.1761606101893731,0.6953956887649656,0.8178970176208613,12.741912106356965,3.162483939267763,False,False,False,1.0965735902799727,0.21507171297294517,0.1663456554800137,0.03659704263670617,0.31222965172308426,0.20642074458433554,0.06333519260291513,1.0,1.0
290,1835086199,ATTACK,0.09328466411236738,0.9921401928328111,0.9921401928328111,0.7865056793368305,0.7403810119637312,0.9394370076395595,0.7388725418877109,1.0020415836162573,1.0020415836162573,1.0154458835592548,-0.013404299942997522,359,353,0.9355450980875427,1.4006813939686125,0.19880496127471103,73.355023152043,0.9114377746105771,1.0,1,False,0.21400000000000002,True,7.230000000000043,True,False,False,,,1.0,1.208118285679094,0.6955413223923566,0.8402961900276238,15.17491118901993,3.1628938207325197,False,False,False,1.0965735902799727,0.08866034700583106,0.18430015363417754,0.0578751598660436,0.2424509401709776,0.38004820989712956,0.0466651894258408,0.2,0.2
291,1835086199,ATTACK,0.15445423519420343,0.9905877398027398,0.9905877398027398,0.7867451182501642,0.7431185364905578,0.9258842246597897,0.7284348938159279,1.02015779694148,1.02015779694148,1.0020415836162573,0.01811621332522262,358,359,0.9419905882787885,1.3950187225940025,0.3694374822453298,72.7678347093035,0.904151858072667,1.0,1,False,0.0,True,7.260000000000043,True,False,False,,,1.0,1.1651287392157985,0.6880417299888778,0.801657193389798,11.9440968507339,3.151923080807945,False,False,False,1.0965735902799727,0.18445718906266528,0.16804737239795542,0.07371116606472496,0.3046469495602793,0.20195458892093052,0.06718273399344463,0.0,0.0
292,1835086199,ATTACK,0.13235092475150126,0.9931986568500799,0.9931986568500799,0.7950740483975,0.7445755302810133,0.9319574026950721,0.7409751450947901,1.0048589823964509,1.0048589823964509,1.02015779694148,-0.015298814545029016,352,358,0.9330619134890574,1.3898129994579642,0.3464941337004618,72.41959960890638,0.8998531757520316,1.0,1,False,0.05600000000000001,True,7.290000000000044,True,False,False,,,1.0,1.2013299271846216,0.6939126773109991,0.8336180661065085,14.493365141982812,3.1671608446291546,False,False,False,1.0965735902799727,0.17016150768729216,0.17662093529856632,0.11836356457317455,0.205774472900672,0.29330800250630673,0.03577151703398826,0.4,0.0
293,1835086199,ATTACK,0.0,1.0,1.0,0.797060995587489,0.7374050887937319,0.9387616624255649,0.748250305272287,0.9855058976893989,0.9855058976893989,1.0048589823964509,-0.019353084707051993,347,352,0.9339183243778103,1.3829008273442935,0.14621252082394198,71.95088115294541,0.8940491794154903,1.0,1,False,1.0,True,7.320000000000044,True,False,False,,,1.0,1.248740427369592,0.6922476270370751,0.864437597631863,17.790837249823547,3.1656866525263974,False,False,False,1.0965735902799727,0.06322918783461522,0.16512883347491336,0.028835156876573204,0.24619364653481202,0.32227538353565033,0.17433779174343605,0.0,1.0
294,1835086199,ATTACK,0.0003506877064481719,0.9921507917610274,0.9921507917610274,0.7902350548805234,0.7407242873455228,0.9448854961830084,0.7466816419319903,0.9920215601242677,0.9920215601242677,0.9855058976893989,0.006515662434868785,351,347,0.9316388537907375,1.375976748586688,0.3779099401594376,72.19966649586769,0.8972107223928212,1.0,1,False,0.95,True,7.350000000000044,True,False,False,,,1.0,1.2325732538136243,0.6998996357832796,0.8626775714203675,16.69335028438486,3.1696164372728854,False,False,False,1.0965735902799727,0.18986816239346843,0.15518242649111746,0.03096698998993284,0.2323289175032192,0.3077295671284876,0.08392393649377447,1.0,0.6
295,1835086199,ATTACK,0.05135901082005842,0.9926841393782974,0.9926841393782974,0.7909026365838926,0.7289124066965755,0.9503969465647076,0.7516714508393082,0.9697220852044864,0.9697220852044864,0.9920215601242677,-0.022299474919781237,354,351,0.9384749684116638,1.3896562105388748,0.05,72.6951782088459,0.9034631442284696,1.0,1,False,0.41400000000000003,True,7.380000000000044,True,False,False,,,1.0,1.2887889901770475,0.6927561256375577,0.8928164675993919,20.872647042079294,3.157888265739372,False,False,False,1.0965735902799727,0.0028041714791108086,0.22846659309064754,0.04368967042236314,0.288892583988143,0.4334269259065893,0.00272005511314642,0.2,0.4
296,1835086199,ATTACK,0.030389130271772744,0.9895574389732494,0.9895574389732494,0.7901204996543116,0.722262747562608,0.9553572519082368,0.7548473492261062,0.956832859389511,0.956832859389511,0.9697220852044864,-0.012889225814975425,356,354,0.9446274715704974,1.391727920250369,0.13918338463698254,72.98577835124942,0.9071433719418135,1.0,1,False,0.55,True,7.4100000000000446,True,False,False,,,1.0,1.3224438968130166,0.6900189536671057,0.9125113539623676,23.400149679420075,3.147478047370707,False,False,False,1.0965735902799727,0.05994951501076563,0.16660883770064328,0.04548151656756836,0.27504756408423764,0.34090828013999486,0.11200428649679026,1.0,0.2
297,1835086199,ATTACK,0.0,1.0,1.0,0.7890811564311105,0.7304496811573636,0.9409067724315435,0.7424518040841461,0.9838344753682864,0.9838344753682864,0.956832859389511,0.027001615978775373,360,356,0.9464422260993427,1.420346081575999,0.452901936725283,74.32235543807391,0.9239004618164438,1.0,1,False,1.0,True,7.440000000000045,True,False,False,,,1.0,1.2529217574915248,0.6872850519214251,0.8611143951510458,18.6939351218221,3.1444332775378214,False,False,False,1.0965735902799727,0.2412508871610758,0.21352158553950018,0.04521423770535606,0.2558068258449773,0.2054262285706517,0.038780235178439044,1.0,1.0
298,1835086199,ATTACK,0.14860902106778448,0.993404901209921,0.993404901209921,0.7849937778995423,0.7303862692747304,0.9468160951883892,0.7432447435380263,0.9826995422771692,0.9826995422771692,0.9838344753682864,-0.0011349330911172295,357,360,0.9517980034894085,1.3919727494966847,0.30099403661527047,73.70278968271866,0.916207315074964,1.0,1,False,0.0,True,7.470000000000045,True,False,False,,,1.0,1.2557689523710611,0.6915414754539155,0.8684163141519013,18.746955659599088,3.1355151253618185,False,False,False,1.0965735902799727,0.14323840219043693,0.15888830977846777,0.050569415324247635,0.2801013643068598,0.3553306550756778,0.01187185332431016,0.0,0.0
299,1835086199,ATTACK,0.1395289451740296,0.9921029561251724,0.9921029561251724,0.7878494283885388,0.7348033830172059,0.9367910134147528,0.738050264438333,0.995600731308459,0.995600731308459,0.9826995422771692,0.012901189031289895,351,357,0.9438392612687669,1.371756695784573,0.3922631785562114,71.70045340507562,0.8912283453213928,1.0,1,False,0.014000000000000002,True,7.500000000000045,True,False,False,,,1.0,1.2237815769270828,0.6883572058372771,0.8423988668486635,15.955213457037438,3.148804142730224,False,False,False,1.0965735902799727,0.19920534007765023,0.2032476357047997,0.03876191607254998,0.21464117331045143,0.22328263872601262,0.12086129610853603,0.2,0.0
