arm,seed,step,novelty_vector_count,h_n_latest,h_n_shape_latest,V,H_N,total_suppression,avg_wb,theta_capability,transfer_state,g,population,x_compute,x_bio_welfare,x_novelty_agency,x_institutional_capacity,x_transfer_comprehension,x_resilience,c_protective,c_suppressive,adapter_active,action_modified,adapter_score,shape_fallback_increase
M05,1835086226,0,200,0.9648670396250724,0.9868941994549262,0.030266486483449862,0.9648670396250724,0.456,0.6719278406672801,0.500739880696928,0.55,1.3549611902039194,202,0.009248508711600179,0.18253544546124148,0.012583482362263662,0.2696940556894577,0.49232443769023687,0.03361407008520016,0.4,0.4,False,False,0.0,2
M05,1835086226,1,202,0.9706205739299507,0.9811754260957558,0.0360763779032474,0.9706205739299507,0.41400000000000003,0.6854148887879921,0.5157028757569689,0.5950000000000001,1.26452975629584,207,0.18749986368609234,0.18252928776879632,0.05486202611831954,0.13094672787498082,0.33146693881281286,0.11269515573899815,0.2,0.4,False,False,0.0,0
M05,1835086226,2,207,0.9861827376384323,0.9861831627263132,0.11667127047381579,0.9861827376384323,0.0,0.7002416951563083,0.5246464435992095,0.6355000000000001,1.1789712416161102,201,0.12160889537611272,0.15738821393272237,0.109814741473296,0.21935723496468332,0.31904858454940116,0.07278232970378443,0.0,0.0,False,False,0.0,0
M05,1835086226,3,201,0.9864744636239077,0.9864764484924479,0.10440706604755584,0.9864744636239077,0.05600000000000001,0.7112718996558361,0.5387192319197383,0.6641739232372839,1.1403679637389736,209,0.19131388125611476,0.1787740491130178,0.11995150521251347,0.2164788021698931,0.2611196161864187,0.032362146062042275,0.4,0.0,False,False,0.0,0
M05,1835086226,4,209,0.954115947458812,0.9862104513272576,0.027264729195889893,0.954115947458812,0.526,0.7177058873873425,0.5515315275254554,0.6977565309135555,1.1013362254898034,210,0.18435321502130148,0.15753060612500835,0.016297525648067267,0.3157696100866391,0.3160840036866862,0.009965039432297785,0.6,0.4,False,False,0.0,0
M05,1835086226,5,210,0.9882726157318474,0.9883119891360883,0.08064083808908598,0.9882726157318474,0.21400000000000002,0.7291434956939369,0.5570799522093901,0.7279808778221999,1.0495050966489494,216,0.10156251325259269,0.2349129178173131,0.03552820289616789,0.2736507278120347,0.3268776707685681,0.027467967453323236,0.2,0.2,False,False,0.0,0
M05,1835086226,6,216,0.9814314496072104,0.9874631372076593,0.040581356348263126,0.9814314496072104,0.456,0.7429026430259751,0.5754860374317806,0.7551827900399799,1.0257719133869716,212,0.2657510354107496,0.16767806894566573,0.04781759751317931,0.17424756566799796,0.3031388204357255,0.041366912026681864,0.4,0.4,False,False,0.0,0
M05,1835086226,7,212,0.9825300478568383,0.9825354388943783,0.09642161266233407,0.9825300478568383,0.126,0.7524046308229186,0.5811436677193565,0.754434662082317,1.0237888999044493,215,0.1178991519895616,0.19230416875716166,0.17552046738397167,0.27539834659501694,0.17385075523167542,0.06502711004261279,0.6,0.0,False,False,0.0,0
M05,1835086226,8,215,0.9755281525503658,0.9785870702874148,0.045914099252057416,0.9755281525503658,0.42400000000000004,0.7641693074114145,0.5884161494599133,0.7768119419735477,0.9912406410943577,214,0.14162081408155677,0.1961770796312251,0.12009359554125348,0.18394983468061515,0.2891037304973121,0.06905494556803733,0.8,0.2,False,False,0.0,0
M05,1835086226,9,214,0.9855803745504467,0.9855891483729831,0.09256948126492123,0.9855803745504467,0.2,0.772822917285736,0.5929539873525885,0.7837161844563,0.978998860351832,215,0.11198306707088607,0.23500412516324712,0.07040058752372544,0.26251263301807803,0.2229271834005352,0.09717240382352822,0.0,0.2,False,False,0.0,0
M05,1835086226,10,215,0.9859659908163064,0.9859667611918377,0.11193660490134275,0.9859659908163064,0.126,0.7755717235345861,0.5963187091971878,0.80534456601067,0.9547171759302535,218,0.10015526515285804,0.16016184360043234,0.16953452554858653,0.1758196576340094,0.300353253814389,0.0939754542497247,0.6,0.0,False,False,0.0,0
M05,1835086226,11,218,0.9851099477694656,0.9867679375063958,0.050855558036239645,0.9851099477694656,0.42400000000000004,0.7812217680279165,0.6087005256107596,0.8117485203297087,0.9598598702535727,218,0.21497189841789088,0.18009961158537557,0.08882497562476348,0.20090199448890872,0.2346920546005285,0.08050946528253268,0.8,0.2,False,False,0.0,0
M05,1835086226,12,218,0.9682518396751053,0.986713229266996,0.03167073395465308,0.9682518396751053,0.526,0.785971717174744,0.6159756907656101,0.824332152941486,0.9507239074114258,214,0.15887739294235562,0.23791429700707098,0.018318608458444716,0.26811129546923923,0.2687924232237408,0.047985982899148724,0.6,0.4,False,False,0.0,0
M05,1835086226,13,214,0.9881075438864436,0.9881208203967441,0.08929264986486504,0.9881075438864436,0.256,0.7876598483732544,0.6185492748719577,0.83441860059363,0.9411343350836658,223,0.104654608057851,0.18912371657055044,0.043069628276619344,0.33055962460654126,0.262598314731463,0.0699941077569751,0.4,0.2,False,False,0.0,0
M05,1835086226,14,223,0.9890857418942312,0.9895695951111506,0.06068159206695534,0.9890857418942312,0.35,0.7911064911101168,0.6293612709040092,0.834183691377668,0.9536815289524739,225,0.2092432471956169,0.1594643978024312,0.016807595143188008,0.3058467832496043,0.21603475421700502,0.0926032223921544,1.0,0.0,False,False,0.0,0
M05,1835086226,15,225,0.9833904757683362,0.9835261795171553,0.07075253212022325,0.9833904757683362,0.326,0.7814594139433089,0.6456984429846335,0.8328594322551258,0.9920912134702358,231,0.2850654453228102,0.1466949049471585,0.01450542885829927,0.2470906974959077,0.21047055007612292,0.09617297329970145,0.6,0.2,False,False,0.0,0
M05,1835086226,16,231,0.9900362109552886,0.991959462180481,0.04971596278006341,0.9900362109552886,0.41400000000000003,0.7841142289210973,0.6418765354168382,0.8495734890296133,0.963543249633047,235,0.04328768226795381,0.17058166755368426,0.176898310155239,0.2066675114631159,0.3205765757480013,0.08198825281200584,0.2,0.4,False,False,0.0,0
M05,1835086226,17,235,0.9674172669604321,0.9843598585502881,0.03233510512601293,0.9674172669604321,0.526,0.7781279053123673,0.6495631518249604,0.8526271730091753,0.9790643129177801,240,0.18475553973705067,0.14909037077769952,0.03725004793316721,0.3362235046759158,0.240055164412617,0.052625372463549876,0.6,0.4,False,False,0.0,0
M05,1835086226,18,240,0.989077629290266,0.989105830267004,0.08330377659598615,0.989077629290266,0.22400000000000003,0.767525780543181,0.6548489646406761,0.8660174814847096,0.9851934468818203,247,0.15954963008704653,0.1411490067224848,0.12220735003339353,0.2800000753165547,0.2932651288822587,0.0038288089582617394,0.8,0.0,False,False,0.0,0
M05,1835086226,19,247,0.9846115076018646,0.9866441835275153,0.049232716301006146,0.9846115076018646,0.41400000000000003,0.77284485758828,0.6599623633983808,0.8675225111246895,0.9843421780747831,249,0.16069808737173097,0.1981985084602803,0.027616991337949523,0.2737609499424815,0.24053388894225428,0.09919157394530348,0.2,0.4,False,False,0.0,0
M05,1835086226,20,249,0.9878160695527038,0.9884561441001632,0.05844537711415304,0.9878160695527038,0.35,0.7691232200432782,0.6708732975050797,0.8606825758351277,1.0134482386087473,263,0.23636315345772535,0.16137356879702777,0.11122281342745244,0.22732918048288742,0.19956157911453587,0.06414970472037113,1.0,0.0,False,False,0.0,0
M05,1835086226,21,263,0.9847081233643162,0.9850160336280548,0.06424261935409668,0.9847081233643162,0.35,0.771572746394554,0.6796691781466039,0.8448144130189814,1.0427000209078563,271,0.2167443189597272,0.22911522000404044,0.09503474789139828,0.2553342354815472,0.15100047383683227,0.052771003826454554,1.0,0.0,False,False,0.0,0
M05,1835086226,22,271,0.9717295703854759,0.9915802938844337,0.031132326621406133,0.9717295703854759,0.55,0.7714350820394006,0.6861074044693575,0.8513118087061199,1.044729994349481,275,0.19277106537604669,0.16390958269106187,0.04559182657331914,0.28482969905868205,0.2548941849451833,0.05800364135570702,1.0,0.2,False,False,0.0,0
M05,1835086226,23,275,0.9713435296759091,0.9910529555901081,0.03118495468233502,0.9713435296759091,0.526,0.7784237059194158,0.6842332478422342,0.8630521541207488,1.0184766557945248,275,0.09289016995430661,0.17783754484026104,0.13886648489339073,0.25703421863391596,0.28435763142620435,0.049013950251921394,0.6,0.4,False,False,0.0,0
M05,1835086226,24,275,0.9872052786758878,0.9872053687039093,0.12903494604379998,0.9872052786758878,0.05600000000000001,0.7822249381439871,0.6893311037633661,0.8767469387086739,1.0051293606612366,277,0.1788689789155462,0.22032692213416086,0.0953630823568197,0.13344880009597637,0.32025209820346784,0.051740118294028914,0.4,0.0,False,False,0.0,0
M05,1835086226,25,277,0.9857098766614184,0.9883314768995609,0.04722102130831112,0.9857098766614184,0.456,0.7838577843089772,0.6865545189857839,0.8890722448378066,0.9851462349675756,279,0.08362463013232624,0.1902143879379297,0.0937520045226864,0.25793756843431626,0.3101703157900402,0.0643010931827013,0.4,0.4,False,False,0.0,0
M05,1835086226,26,279,0.9875756430376024,0.9875756720172347,0.1380608969814989,0.9875756430376024,0.05600000000000001,0.7861552991150942,0.6929466349607933,0.9001650203540259,0.9791952799275424,270,0.1964980240537336,0.1458125228916102,0.05593792988887643,0.17755501293776374,0.3421818845060889,0.08201462572192723,0.4,0.0,False,False,0.0,0
M05,1835086226,27,270,0.9832361986200625,0.9875596454335329,0.04323263133595762,0.9832361986200625,0.456,0.7887405552743434,0.687663358385742,0.9101485183186233,0.9579204518263836,275,0.05455068966235374,0.243468694606226,0.0014425995400087258,0.31101954675886906,0.30917337154621316,0.08034509788632944,0.4,0.4,False,False,0.0,0
M05,1835086226,28,275,0.989954183703603,0.989958606120592,0.09805803054901699,0.989954183703603,0.21400000000000002,0.7924379286245331,0.688169452479255,0.919133666486761,0.9448251879295616,275,0.1236157751600005,0.21576956277351328,0.023615686712418614,0.22674906327398509,0.3479823568947809,0.06226755518530158,0.2,0.2,False,False,0.0,0
M05,1835086226,29,275,0.9875151032381168,0.9875151488312645,0.13445318825698702,0.9875151032381168,0.05600000000000001,0.796645788934372,0.6959456113209164,0.903168479665571,0.9672556233553661,279,0.21480789332030134,0.2369958398822413,0.014679767896659555,0.29616331827188763,0.17974089913743085,0.05761228149147941,0.4,0.0,False,False,0.0,0
M05,1835086226,30,279,0.9911295387166312,0.9911328916316129,0.1002712637969476,0.9911295387166312,0.2,0.8034035132797871,0.7018120811803016,0.912851631699014,0.95694486700905,279,0.1957968803178883,0.1665795327382469,0.035510149897376386,0.25827285113593695,0.3119044478498115,0.03193613806074002,0.0,0.2,False,False,0.0,0
M05,1835086226,31,279,0.9857911414285312,0.9857911522084056,0.14591831658101406,0.9857911414285312,0.0,0.8055129039285879,0.7007743523928384,0.9139750414178881,0.9518562380548943,277,0.11316094089439854,0.15754430076676182,0.05206518905192337,0.28992774256626763,0.26204286444387787,0.1252589622767708,0.0,0.0,False,False,0.0,0
M05,1835086226,32,277,0.986260421143386,0.9893444227049834,0.04593611657129678,0.986260421143386,0.456,0.8103028388907492,0.7157356347731965,0.9125096795963054,0.967983155153196,272,0.3281131595291214,0.22543480178675973,0.041815656198608046,0.15445917092704076,0.2496607116010301,0.00051649995743999,0.4,0.4,False,False,0.0,0
M05,1835086226,33,272,0.9870188123176373,0.9877638975919395,0.057230553453186735,0.9870188123176373,0.4,0.809018235312804,0.7144772244608206,0.9050629463131951,0.9757786094004942,270,0.11910464282854995,0.18153993937553914,0.03371992822649386,0.4164063140751391,0.2190211733826013,0.030208002111676666,0.0,0.4,False,False,0.0,0
M05,1835086226,34,270,0.9844198974165455,0.9852844823281731,0.056026479622177286,0.9844198974165455,0.4,0.8051135122717854,0.7220479433339235,0.9145566516818755,0.9806144916725715,276,0.2286822512017995,0.27083309215713675,0.030224962646722538,0.16490813878214822,0.3005885650055288,0.004762990206664315,0.0,0.4,False,False,0.0,0
M05,1835086226,35,276,0.9856180312216719,0.9893795917517929,0.04435548132655923,0.9856180312216719,0.456,0.8096293362736924,0.7206214363474924,0.923100986513688,0.9642102096733788,275,0.12094862725331375,0.19776305175847944,0.04937492990736473,0.29663543356000355,0.31279962543256357,0.0224783320882749,0.4,0.4,False,False,0.0,0
M05,1835086226,36,275,0.9887949443708496,0.9897265459404292,0.05546802124103685,0.9887949443708496,0.42400000000000004,0.8127225164449349,0.7120404171873265,0.9307908878623192,0.9412613604445962,274,0.03062565821510766,0.33721271263301833,0.003466179683697405,0.22555392631511087,0.3330700842413606,0.07007143891170514,0.8,0.2,False,False,0.0,0
M05,1835086226,37,274,0.9865291181394346,0.9876700469278326,0.05383801503032601,0.9865291181394346,0.41400000000000003,0.8131507980542275,0.7164683777247463,0.9367290558850976,0.9406150924444318,274,0.18787476745982643,0.181479103900131,0.14564109752491083,0.15578108408831132,0.2950862840450514,0.0341376629817689,0.2,0.4,False,False,0.0,0
M05,1835086226,38,274,0.9866227828904147,0.9866228732791078,0.12899842180042795,0.9866227828904147,0.126,0.8167063759947428,0.7096823736129455,0.9207843741851195,0.9437134223157535,273,0.05046768468045767,0.4028302930253886,0.05041407272783927,0.29504168760639315,0.1886411194426583,0.012605142517262906,0.6,0.0,False,False,0.0,0
M05,1835086226,39,273,0.9926957307323498,0.9926993298143746,0.09971987335203675,0.9926957307323498,0.2,0.8171256424750368,0.7058177095392213,0.9287059367666075,0.9300911023066294,278,0.0827431825865377,0.2720803258436656,0.011280135941659959,0.24753912721545224,0.3305597290223642,0.05579749939032026,0.0,0.2,False,False,0.0,0
M05,1835086226,40,278,0.9691313083963724,0.9867254078700336,0.03205385440040474,0.9691313083963724,0.55,0.8111300984852994,0.7154984290118913,0.911682497103375,0.9675525245501682,284,0.24964506187038887,0.2306425665378857,0.054299680970446164,0.24438310763992346,0.179235770067141,0.041793812914215,1.0,0.2,False,False,0.0,0
M05,1835086226,41,284,0.9917112220668299,0.9917332918372728,0.08527628853465076,0.9917112220668299,0.256,0.8152165154386909,0.709183424027014,0.9205142473930376,0.9450506648013308,270,0.05574895582146447,0.2920866926162946,0.04055045874508646,0.20078164473267968,0.3019297661234483,0.10890248196102663,0.4,0.2,False,False,0.0,0
M05,1835086226,42,270,0.9890206043825941,0.989021021224575,0.11685007130284922,0.9890206043825941,0.126,0.8158187367227574,0.715850520460053,0.90754306399435,0.9668551784200705,272,0.21407834542987184,0.19336589718408803,0.05192740683066905,0.20835003201834096,0.195401206703081,0.13687711183394907,0.6,0.0,False,False,0.0,0
M05,1835086226,43,272,0.9904163624321722,0.9904184405515768,0.10407335903034128,0.9904163624321722,0.2,0.8135199053562582,0.7172639083551251,0.9099495106516379,0.9689324452786068,271,0.1525739239759342,0.2646530560089296,0.032369689230969924,0.1564002621250437,0.2658037652836141,0.12819930337550844,0.0,0.2,False,False,0.0,0
M05,1835086226,44,271,0.9869974793633542,0.9869974846322749,0.151626314221621,0.9869974793633542,0.014000000000000002,0.815747787853047,0.718398665200408,0.9001842152910438,0.9783138878097898,271,0.1499744032879891,0.19513563248625646,0.10265496786003284,0.2605527102632019,0.20614827852284837,0.08553400757967133,0.2,0.0,False,False,0.0,0
M05,1835086226,45,271,0.9869774451630254,0.9869776915301238,0.12101968883381506,0.9869774451630254,0.126,0.8064964839426191,0.7170541815651897,0.8986159494401653,0.989407895796693,283,0.11969312031002748,0.22563417172363387,0.04074374321487714,0.26781548728000687,0.2422507783911298,0.1038626990803248,0.6,0.0,False,False,0.0,0
M05,1835086226,46,283,0.9893052111235144,0.9894373384592394,0.071012828565296,0.9893052111235144,0.326,0.8077986999987826,0.717343746812832,0.8784780238093715,1.0108652455495477,278,0.13927842907377178,0.3728256582862375,0.027818409404887987,0.26636288814135045,0.14861834656611334,0.045096268527638865,0.6,0.2,False,False,0.0,0
M05,1835086226,47,278,0.9877511423373676,0.987761524867648,0.091246912244449,0.9877511423373676,0.22400000000000003,0.8021439669022141,0.7141944635268479,0.8906302214284343,0.9996931814922133,284,0.09647380068321938,0.1662190091130839,0.07642139353173347,0.2950760495746226,0.35224043760972695,0.0135693094876137,0.8,0.0,False,False,0.0,0
M05,1835086226,48,284,0.9906878836594113,0.9918540865594544,0.05369725619471115,0.9906878836594113,0.4,0.79892485710723,0.7220958981073505,0.8807911768102511,1.0261621432665127,287,0.23263947196056334,0.21369579478114367,0.10055632305054242,0.18716370389845435,0.19611988762330126,0.06982481868599508,0.0,0.4,False,False,0.0,0
M05,1835086226,49,287,0.9775963014220121,0.9918211004693256,0.033786983155090794,0.9775963014220121,0.526,0.8017801190823257,0.7111625812934746,0.892712059129226,0.9935785631934795,284,0.0021434761436454754,0.16242423630744557,0.006634849381635987,0.41741575869674824,0.4109691820444916,0.00041249742603319587,0.6,0.4,False,False,0.0,0
M05,1835086226,50,284,0.9861529946286713,0.9906364471055239,0.04296812029627495,0.9861529946286713,0.45925,0.805254406440023,0.703099530946406,0.9034408532163034,0.9664601976818763,279,0.031188483970063217,0.15936911016977293,0.09641684434449214,0.2424733978802989,0.35580056817181444,0.1147515954635583,0.4,0.40325,True,True,0.03,0
M05,1835086226,51,279,0.9872113523197643,0.9872159986011384,0.09764287212537524,0.9872113523197643,0.22050000000000003,0.8048160272089927,0.7029763185077731,0.9048473241285897,0.9653143719768252,274,0.12539705135859225,0.17395397450177236,0.10380651334792786,0.2797129089492116,0.2587527811695833,0.05837677067291276,0.2,0.20650000000000002,True,True,0.06,0
M05,1835086226,52,274,0.9876747688806147,0.9914054042824303,0.04443747648906118,0.9876747688806147,0.46575,0.808822143010427,0.6985564568342458,0.9018976149124109,0.9576156620354559,262,0.07161192814826776,0.19324212219658127,0.06388783204656857,0.4136933006499014,0.23767511598340094,0.01988970097528012,0.4,0.40975,True,True,0.09000000000000001,0
M05,1835086226,53,262,0.9900045893078245,0.9900093817100205,0.09741888331839979,0.9900045893078245,0.22700000000000004,0.8099288808502184,0.7078658631672875,0.8917169993027615,0.9801150038313388,261,0.24046536468442506,0.18185775053633232,0.09284148686921002,0.24590795480800937,0.20004572940795798,0.03888171369406524,0.2,0.21300000000000002,True,True,0.12000000000000001,0
M05,1835086226,54,261,0.9909395701573991,0.9909756877014038,0.08134931192833075,0.9909395701573991,0.27225,0.8079893747331016,0.7085128093871288,0.8930240876741281,0.9819262795297324,260,0.1380029922275715,0.17014409891193838,0.05750280698851337,0.2635785093459582,0.25239394150821376,0.11837765101780476,0.4,0.21625,True,True,0.15000000000000002,0
M05,1835086226,55,260,0.9827065024941504,0.9869313862649886,0.0434111346736224,0.9827065024941504,0.47550000000000003,0.8069903488740214,0.7020278856777464,0.8968583370479375,0.9699786447953173,263,0.049258959499676,0.21219106154775338,0.03524747737012423,0.2832720576150515,0.2656832907061112,0.15434715326128384,0.4,0.41950000000000004,True,True,0.18000000000000005,0
M05,1835086226,56,263,0.9921631395874091,0.9922121751824678,0.0789253038192434,0.9921631395874091,0.27875,0.8069539778001641,0.698583163272852,0.8949415677883229,0.9673300230761305,257,0.08320839848741023,0.16792490667354867,0.025182071498920686,0.4264583716125869,0.23884532222589552,0.05838092950163795,0.4,0.22275,True,True,0.21000000000000008,0
M05,1835086226,57,257,0.9883342898018632,0.9885863750915793,0.06586376032221174,0.9883342898018632,0.352,0.8102310200033096,0.696932815067587,0.8973746327705198,0.9585356256712554,256,0.10348512447971979,0.2675300516094265,0.05475434009982685,0.2718762357220644,0.2596361088051457,0.04271813928381686,0.6,0.226,True,True,0.2400000000000001,0
M05,1835086226,58,256,0.9915563701762451,0.9915804473196606,0.08458210395996989,0.9915563701762451,0.24325000000000002,0.8155238961923927,0.6986567885189463,0.9076371694934677,0.9438759477767764,251,0.14463267755923317,0.17341275252678368,0.07755071040460959,0.20985785473941462,0.3091283733818124,0.0854176313881464,0.2,0.22925,True,True,0.27000000000000013,0
M05,1835086226,59,251,0.9874707216049649,0.9874887145586319,0.08686782160153705,0.9874707216049649,0.2325,0.8160490090056031,0.700782631063593,0.9120011165688298,0.941611421012551,251,0.15073352463242481,0.23129693026571221,0.06888360411956523,0.23232048223283858,0.275638320123544,0.041127138625915084,0.0,0.2325,True,True,0.30000000000000016,0
M05,1835086226,60,251,0.9899518391981798,0.9899549627809474,0.10082576477961626,0.9899518391981798,0.16175,0.8135573956635899,0.6936020435330965,0.9208010049119468,0.9258835796216698,255,0.035731800283540505,0.21261800155397104,0.017417090930251344,0.34389608753897044,0.3006436409817472,0.08969337871151953,0.6,0.03575,True,True,0.3300000000000002,0
M05,1835086226,61,255,0.9897870924289981,0.9897875377264039,0.1163305931987831,0.9897870924289981,0.165,0.8181239425569817,0.6883221715320502,0.9287209044207522,0.9059149675704564,256,0.055002877195107026,0.1708371756423863,0.10347772746969572,0.2615129655833354,0.3407580210424793,0.06841123306699626,0.6,0.039,True,True,0.3600000000000002,0
M05,1835086226,62,256,0.9861746030779951,0.9861748712329874,0.12033865512626558,0.9861746030779951,0.09825,0.8206190767117478,0.698145444559616,0.9027223066722692,0.9424322205941243,252,0.24049227005210427,0.21320655871122074,0.015755611301116447,0.26105606850628055,0.13436746346796094,0.13512202796131717,0.4,0.042249999999999996,True,True,0.39000000000000024,0
M05,1835086226,63,252,0.9835642619688312,0.9910126400147606,0.038930585370856086,0.9835642619688312,0.5015000000000001,0.8171990505146668,0.6973625837299356,0.9114635859949944,0.9362492135478186,251,0.11405514247875585,0.16629763641619416,0.07372860175889394,0.23267312829892678,0.295067549949761,0.11817794109746832,0.4,0.4455,True,True,0.42000000000000026,0
M05,1835086226,64,251,0.9865094347000548,0.9894941828838937,0.04619771600543109,0.9865094347000548,0.44875000000000004,0.8197683558358421,0.7033871119280026,0.8963408395228548,0.9572603532720412,245,0.1986582173070471,0.1755387107275659,0.1573151485739039,0.25066839670713936,0.18011806063679897,0.03770146604754491,0.0,0.44875000000000004,True,True,0.45000000000000023,0
M05,1835086226,65,245,0.9910431321442746,0.9910621295789371,0.08646415365297598,0.9910431321442746,0.266,0.8190519373707907,0.6987630767724888,0.9067067555705693,0.9409177361183079,246,0.06931650551107953,0.20749757545560904,0.09046028073834682,0.2866745207416505,0.341876755878004,0.004174361675310024,0.2,0.252,True,True,0.48000000000000026,0
M05,1835086226,66,246,0.9877530335627,0.9877540089536158,0.11007275982303857,0.9877530335627,0.18125,0.8156301451791018,0.6986815256927692,0.9135380531224199,0.9376901388864866,249,0.12320753448631029,0.19680495660226197,0.07200797376134961,0.2193589672603945,0.28750986554453734,0.10111070234514637,0.6,0.05525,True,True,0.5100000000000002,0
M05,1835086226,67,249,0.9851055609920024,0.9851055792937529,0.14169938545734473,0.9851055609920024,0.058499999999999996,0.8173679953452523,0.706332271022445,0.9120429388859111,0.9474932722054776,245,0.21981027017892887,0.20429098285309685,0.0388596841526169,0.2083821028058941,0.24929345537866643,0.07936350463079667,0.0,0.058499999999999996,True,True,0.5400000000000001,0
M05,1835086226,68,245,0.9834201964975036,0.9875962994031565,0.04350893811670383,0.9834201964975036,0.48575000000000007,0.8140998366336858,0.7071579619360414,0.912093399888281,0.9523562906496382,248,0.13927880580898264,0.19202800909757584,0.06292302462115457,0.23372145594109323,0.25627377445480465,0.11577493007638909,0.8,0.26175000000000004,True,True,0.5700000000000001,0
M05,1835086226,69,248,0.9780770589072437,0.988025699992679,0.03660259577211568,0.9780770589072437,0.521,0.8165463578532196,0.7057939721204315,0.9170065817030161,0.9425939460978655,245,0.11242385351490247,0.241019043944374,0.0015848720056967506,0.3196487331866252,0.2806126090178162,0.04471088833058524,0.4,0.465,True,True,0.6,0
M05,1835086226,70,245,0.9910814796454855,0.9911900750603194,0.07258818166541658,0.9910814796454855,0.32425,0.8103265227900827,0.7125085689002201,0.9253059235327145,0.9502649159265056,251,0.21255369232262675,0.23521707111672124,0.06231753211137,0.15556208128470908,0.32965803913971775,0.0046915840248551045,0.4,0.26825,True,True,0.6299999999999999,0
M05,1835086226,71,251,0.9876289911237343,0.9888166430934935,0.053527768488495255,0.9876289911237343,0.3975,0.8088982996922044,0.7065614357885207,0.9291570589165494,0.9400844666494478,252,0.05847869166639535,0.2747290707613117,0.07407532115399355,0.24214092972591272,0.28190863868553234,0.06866734800685435,0.6,0.2715,True,True,0.6599999999999998,0
M05,1835086226,72,252,0.9820886808102314,0.9862140533499554,0.04359507868374026,0.9820886808102314,0.47475,0.8129646286111349,0.7044005982067658,0.9362413530248945,0.9254655270841289,248,0.10209042759588953,0.17073209069742804,0.04977000276531766,0.3010129422293611,0.3053270908390022,0.0710674458730015,0.0,0.47475,True,True,0.6899999999999997,0
M05,1835086226,73,248,0.9342780107111146,0.9843223938524529,0.023713407258353122,0.9342780107111146,0.6040000000000001,0.8078921901851809,0.7148153850394313,0.9102046041713447,0.9720787590033118,252,0.2579352092875468,0.25503939655753577,0.055021971455223403,0.2465558898723804,0.1379369322446985,0.04751060058261524,0.6,0.47800000000000004,True,True,0.7199999999999996,0
M05,1835086226,74,252,0.9878267978137888,0.9891800700686415,0.05249152705072977,0.9878267978137888,0.43124999999999997,0.8084114775050628,0.7082257608026289,0.9180900614893448,0.9542319697646888,253,0.05188931268961369,0.2578996318231674,0.04272091284798515,0.20722046601558355,0.29452958867567264,0.14574008794797763,1.0,0.08125,True,True,0.7499999999999996,0
M05,1835086226,75,253,0.9884683662056032,0.9885792209128997,0.07240327907424826,0.9884683662056032,0.2985,0.7901372423936381,0.7034103269057818,0.9262810553404103,0.9610885999581269,250,0.0699481767910535,0.12424530949787801,0.127383732963193,0.27279491874862033,0.35848815690209773,0.04713970509715747,0.2,0.2845,True,True,0.7799999999999995,0
M05,1835086226,76,250,0.9855623357254899,0.9855625984090202,0.12049780960405124,0.9855623357254899,0.08775,0.7965773481482528,0.7182398105604927,0.9296692457052701,0.9698689521130361,244,0.3210468502350752,0.17800839998385037,0.04694569416848598,0.16634295349580477,0.2800814794945041,0.007574622622279545,0.0,0.08775,True,True,0.8099999999999994,0
M05,1835086226,77,244,0.9893495611936678,0.9896308669066509,0.06499914852180404,0.9893495611936678,0.34700000000000003,0.7855889272593777,0.7147878525217289,0.933974050024234,0.9741974758941695,249,0.09325040611576063,0.15605074354522108,0.09191463303466692,0.3263597167166064,0.286358644447454,0.04606585614029102,0.4,0.29100000000000004,True,True,0.8399999999999993,0
M05,1835086226,78,249,0.9683512125951196,0.9885453989962973,0.030971376576196974,0.9683512125951196,0.55025,0.7865424936134839,0.7181713113854553,0.9405766450218106,0.9707595484068968,246,0.17653564362266067,0.18336928414818218,0.01954996983829864,0.2006882045999145,0.3658899108120466,0.05396698697889751,0.4,0.49425,True,True,0.8699999999999992,0
M05,1835086226,79,246,0.9551436040582227,0.9806911295469969,0.029036101556923846,0.9551436040582227,0.5535,0.7878623998014046,0.7273694661132858,0.9185874439937755,1.0050419437065992,240,0.25133400371379006,0.17491896547744287,0.06278235310104664,0.34300597607988126,0.1603423173707298,0.007616384257109478,0.4,0.4975,True,True,0.8999999999999991,0
M05,1835086226,80,240,0.9787716898925699,0.9885579512156296,0.036737877469085384,0.9787716898925699,0.50075,0.7902284634861507,0.7391522315613855,0.9169554417272101,1.0200770847823932,242,0.28939048442205,0.19337974461969978,0.036035213167004206,0.20209593105862148,0.251133710664061,0.027964916068563578,0.0,0.50075,True,True,0.929999999999999,0
M05,1835086226,81,242,0.9889978256830332,0.9892633203203354,0.06545666112127696,0.9889978256830332,0.36,0.792267725611305,0.7334317081986613,0.9166680627406324,1.00989359230068,237,0.07796360269181296,0.16034557345469752,0.0864814375274049,0.31064023118223677,0.2570408259307163,0.10752832921313166,0.4,0.304,True,True,0.9599999999999991,0
M05,1835086226,82,237,0.9865561056447498,0.9865596982697327,0.09968478296860526,0.9865561056447498,0.16325,0.7906136849687587,0.7354292188197886,0.9134690746474405,1.0183163203015861,241,0.17086370038825455,0.1701200195383451,0.04959714851959108,0.2711469605291387,0.2423390909043571,0.09593308012031354,0.4,0.10725,True,True,0.9899999999999991,0
M05,1835086226,83,241,0.9875492063573874,0.9877674202080291,0.0670057379903382,0.9875492063573874,0.3245,0.7905392252291108,0.7269203071499692,0.9221221671826965,0.9971831132750325,248,0.04078186588962535,0.20243333284469597,0.009333626249887745,0.224251763648952,0.3041827586162108,0.21901665275062823,0.2,0.3105,True,True,1.0199999999999991,0
M05,1835086226,84,248,0.9893688214651827,0.989604756338591,0.06639900597881665,0.9893688214651827,0.33775,0.7952590836658336,0.7303505164661106,0.9299099504644268,0.9876016512391063,247,0.18470280842049705,0.20797040317525173,0.03259646036519224,0.18228194493646974,0.35700797675937573,0.035440406343213514,0.8,0.11374999999999999,True,True,1.0499999999999992,0
M05,1835086226,85,247,0.9897818914771944,0.989956054867182,0.06881820689837104,0.9897818914771944,0.331,0.7951657927227461,0.7438329906428051,0.9101639750799602,1.0277751328930054,248,0.3442105255483832,0.22149224804518677,0.023770618170157007,0.2118704944147632,0.16622509830988008,0.03243101551162979,0.2,0.317,True,True,1.0799999999999992,0
M05,1835086226,86,248,0.9862891344256384,0.9866509557068419,0.06297152603648334,0.9862891344256384,0.33425000000000005,0.7814673783277989,0.752456827225058,0.9191475775719642,1.047575870724363,258,0.2601935764299157,0.13663811049749394,0.020458799640197492,0.1537576390597878,0.3359444989049197,0.09300737546768544,0.2,0.32025000000000003,True,True,1.1099999999999992,0
M05,1835086226,87,258,0.9905267924188808,0.9908431942598527,0.06407301967094735,0.9905267924188808,0.34750000000000003,0.7864556655603877,0.751795046690943,0.9226275952669041,1.036093083625137,257,0.14951326033922355,0.20961504110757306,0.016366571561248298,0.32753043085818684,0.27697387726068123,0.02000081887308703,0.8,0.1235,True,True,1.1399999999999992,0
M05,1835086226,88,257,0.986185305665122,0.9861883490942512,0.10100234863958872,0.986185305665122,0.14075000000000001,0.7753881415523288,0.755607920337697,0.9303648357402137,1.0474277107686878,254,0.205032824766264,0.13450072207397232,0.06581828308921815,0.1424481670064454,0.3692035085498815,0.08299649451421869,0.2,0.12675,True,True,1.1699999999999993,0
M05,1835086226,89,254,0.9888395628593718,0.9893007254717939,0.06106175832330833,0.9888395628593718,0.34400000000000003,0.7676980573739667,0.7562108104280438,0.9373283521661923,1.050898292008913,251,0.1672910763403961,0.15199723326328538,0.01614982026746172,0.2044212679855026,0.32774829604445505,0.13239230609889915,0.2,0.33,True,True,1.1999999999999993,0
M05,1835086226,90,251,0.9664654701086921,0.9841912462357062,0.03197403213989313,0.9664654701086921,0.53325,0.7695484935601445,0.7514093304203608,0.943595516949573,1.034795954681778,252,0.10011325642148941,0.1795804272084957,0.014388989813249249,0.297499164230434,0.35309627792818826,0.05532188439814333,0.0,0.53325,True,True,1.2299999999999993,0
M05,1835086226,91,252,0.9871451701025248,0.990636014463782,0.04496012357200645,0.9871451701025248,0.4625,0.7766203250526589,0.7460065567053068,0.9415258141033088,1.0202383880032257,242,0.08959616007455025,0.2834906822814009,0.08611491937385715,0.2769280668111914,0.2614492442434657,0.002420927215534501,0.6,0.3365,True,True,1.2599999999999993,0
M05,1835086226,92,242,0.9589385976756228,0.9863382957205805,0.028524669180947957,0.9589385976756228,0.56375,0.780623512655454,0.743989841453639,0.9432090729332396,1.0104560016260522,241,0.1285451572949697,0.16453065019898486,0.20116709009442368,0.15883662772638762,0.27917920120130874,0.06774127348392533,0.8,0.33975,True,True,1.2899999999999994,0
M05,1835086226,93,241,0.9834121769821469,0.985050826478749,0.050935093428441054,0.9834121769821469,0.39899999999999997,0.7884109781754475,0.7504501793015468,0.9182972456221941,1.0365396537497646,236,0.23324787400737215,0.21173303905903249,0.030081465670336607,0.30078621676655487,0.14704539991139212,0.07710600458531174,0.4,0.34299999999999997,True,True,1.3199999999999994,0
M05,1835086226,94,236,0.9870266647271301,0.9870287269007193,0.10410738364309653,0.9870266647271301,0.14625,0.7845212250789093,0.7629276703364695,0.8982698067015715,1.082609581647292,247,0.32945015081703366,0.17242840408378884,0.02476732571164686,0.2558030636644344,0.15901142820798414,0.05853962751511227,0.0,0.14625,True,True,1.3499999999999994,0
M05,1835086226,95,247,0.9852266150529068,0.9852868863168435,0.07722731562111392,0.9852266150529068,0.27549999999999997,0.7922550442398019,0.7640469476381611,0.8948494677847605,1.0777177802437958,242,0.1783207602314388,0.18449702688417488,0.020776099508627185,0.27992026803216474,0.2320332087667303,0.10445263657686402,0.6,0.1495,True,True,1.3799999999999994,0
M05,1835086226,96,242,0.8596690880222355,0.9857781686576381,0.01636817557320214,0.8596690880222355,0.6787500000000001,0.7927028068011882,0.7754092778856969,0.9053645210062844,1.0804312214254341,244,0.30705847036804906,0.1935902681461418,0.02136889929976352,0.1264871451934878,0.3316792994560446,0.019815917536513322,0.6,0.5527500000000001,True,True,1.4099999999999995,0
M05,1835086226,97,244,0.9913017611807332,0.9913037344515417,0.10449257109847397,0.9913017611807332,0.17,0.7942476280667518,0.7733482136844462,0.90359036938708,1.0775751478740385,243,0.14636749616292585,0.15937563238128208,0.05876928081389757,0.27368174743791207,0.24381150240712035,0.11799434079686205,0.2,0.156,True,True,1.4399999999999995,0
M05,1835086226,98,243,0.9826392023650444,0.9826430732728311,0.09905924998531174,0.9826392023650444,0.17325000000000002,0.7941529258271909,0.7777046248455585,0.9055827101733119,1.0813901743160483,247,0.2252977730666831,0.18089596039343067,0.035711042006223936,0.26049609222785686,0.2617568886246994,0.035842243681105966,0.2,0.15925,True,True,1.4699999999999995,0
M05,1835086226,99,247,0.9872668032893137,0.9873294869677421,0.07693140216981112,0.9872668032893137,0.2885,0.7964398343750522,0.7869176704243735,0.8895820428817908,1.110683490845572,250,0.28872846026366306,0.18288528537615353,0.041817254150194424,0.2939061237785814,0.1727880186290501,0.019874857802357496,0.6,0.1625,True,True,1.4999999999999996,0
M05,1835086226,100,250,0.9888985762670831,0.988934931358726,0.0812807199630035,0.9888985762670831,0.29174999999999995,0.7988398516391968,0.7801198667543047,0.8921742928560854,1.0945910940484183,248,0.09435099813937278,0.23666108533042823,0.05315956541122778,0.2511126223063659,0.2577522713123685,0.10696345750023685,0.6,0.16574999999999998,True,True,1.5299999999999996,0
M05,1835086226,101,248,0.9786199797240167,0.9834595530546084,0.04230182802208357,0.9786199797240167,0.495,0.7954012555617384,0.7790358483544639,0.8844632057801849,1.1073665478009647,248,0.1615246867234311,0.2166300358750961,0.04538250986970473,0.23487595345675533,0.20753171104854012,0.13405510302647267,0.6,0.369,True,True,1.5599999999999996,0
M05,1835086226,102,248,0.9886412380068765,0.9886420349489473,0.1116882965978343,0.9886412380068765,0.17225,0.7952349752777115,0.7717923855521536,0.8960168852021664,1.0831505463021984,240,0.08385412019266032,0.18789900080509267,0.09621047722667225,0.2538321502813918,0.30184420474112683,0.07636004675305616,0.0,0.17225,True,True,1.5899999999999996,0
M05,1835086226,103,240,0.8062438641098064,0.9928919616457879,0.013304444199895975,0.8062438641098064,0.7015,0.787701665104848,0.7632884436509756,0.9064151966819497,1.0690542525988855,241,0.0635709672053716,0.1410209844666629,0.045681019825604394,0.4402179040132061,0.30637843187887503,0.0031306926102800934,0.6,0.5755,True,True,1.6199999999999997,0
M05,1835086226,104,241,0.9835327380451203,0.98353484706411,0.10390035471763875,0.9835327380451203,0.17875,0.7870826876797867,0.7616468852675939,0.9157736770137548,1.056684055735307,244,0.1440357974895892,0.18681734852939877,0.0831697920331296,0.23943171199837515,0.30160539708450035,0.04493995286500687,0.0,0.17875,True,True,1.6499999999999997,0
M05,1835086226,105,244,0.9897780465971127,0.9897845876990408,0.09494090448011745,0.9897780465971127,0.196,0.7913986118294479,0.7584175921268697,0.9186486710138444,1.0431905951368905,239,0.12316313903319312,0.22132923385431522,0.04996502146752426,0.3183079912976977,0.27226180850732534,0.014972805839944418,0.2,0.182,True,True,1.6799999999999997,0
M05,1835086226,106,239,0.9911268844184948,0.9911560565829912,0.08305074405732227,0.9911268844184948,0.24125000000000002,0.7806226770857205,0.7532947192426891,0.921365970149913,1.0473494081800232,239,0.09747508402703711,0.13427202066815555,0.1795621472684922,0.2919134208034209,0.2729108311872647,0.023866496045629668,0.4,0.18525,True,True,1.7099999999999997,0
M05,1835086226,107,239,0.9449530890240408,0.9862931008514976,0.025250334774526352,0.9449530890240408,0.5885,0.77878751540385,0.7526938704625108,0.9280497432717466,1.0414253469582446,237,0.1507985897744524,0.15387058625092714,0.15367863348917074,0.19845947755543705,0.2941018506841246,0.04909086224588811,0.0,0.5885,True,True,1.7399999999999998,0
M05,1835086226,108,237,0.9886186464485035,0.9886897232870568,0.07594209476590319,0.9886186464485035,0.24775000000000003,0.7671888687008652,0.754694028149596,0.9343238837889143,1.052861317417459,239,0.1829356401276338,0.133451972144559,0.06534313158992382,0.2859832190541998,0.29539557422171153,0.03689046286197202,0.4,0.19175,True,True,1.7699999999999998,0
M05,1835086226,109,239,0.9137843516523009,0.9865798028410308,0.020748657773865718,0.9137843516523009,0.619,0.7696200237382783,0.7487441171249115,0.9408914954100228,1.0339928166124135,243,0.08480987978494146,0.17860690176732905,0.03101325259938307,0.16017433950279644,0.48469642650482425,0.06069919984072569,0.8,0.395,True,True,1.7999999999999998,0
M05,1835086226,110,243,0.980125774851063,0.9826349063910832,0.04752404317509517,0.980125774851063,0.42225,0.7710625011747916,0.7613069112686659,0.9336476721365218,1.057516545602083,244,0.3884138444455335,0.18441450842149323,0.07238875560304135,0.10999946124235215,0.23422663133750626,0.0105567989500735,0.8,0.19824999999999998,True,True,1.8299999999999998,0
M05,1835086226,111,244,0.9735812394578022,0.987385328003044,0.03399028069379644,0.9735812394578022,0.5275,0.7770174518782157,0.7669212754081016,0.9095573486468036,1.0851503769380473,241,0.2334963712858622,0.18857075475532842,0.13430261100582314,0.2615856982006896,0.1463722186196702,0.03567234613262645,0.6,0.40149999999999997,True,True,1.8599999999999999,0
M05,1835086226,112,241,0.9714034060801531,0.9888365513701315,0.03214402256562911,0.9714034060801531,0.53075,0.7656529885942988,0.7728304185863133,0.9172037734818441,1.100490740368841,234,0.24069008685770896,0.12647339958448894,0.10433674047498698,0.11526042910580923,0.2930107984986045,0.12022854547840137,0.6,0.40475,True,True,1.89,0
M05,1835086226,113,234,0.8453136348097801,0.9894948047345893,0.015332090502557294,0.8453136348097801,0.664,0.7659892830737143,0.766332207050635,0.9216046579301514,1.085549730122272,238,0.08929136742046706,0.29635356802688007,0.056715154194658036,0.27183306502946636,0.2806063089824588,0.005200536346069629,0.4,0.608,True,True,1.92,0
M05,1835086226,114,238,0.9870756218427453,0.9871873435584997,0.07233004919127668,0.9870756218427453,0.26725,0.7537750911069917,0.7581561656411835,0.9294441921371364,1.082165218620964,226,0.06425711178850382,0.10964709298969255,0.012763009620239872,0.31931097809543857,0.3494524333017793,0.14456937420434587,0.4,0.21125,True,True,1.95,0
M05,1835086226,115,226,0.889673670264803,0.9856047360544837,0.018543993870841352,0.889673670264803,0.6385000000000001,0.7547546288589821,0.7648280002458584,0.9152473545171531,1.1071832617893915,223,0.24474553608417626,0.15671504465208752,0.06830787994703262,0.2314068776176734,0.19373790796865176,0.10508675373037855,0.8,0.4145,True,True,1.9799999999999998,0
M05,1835086226,116,223,0.9843800486030515,0.9844655245768086,0.0744395870079724,0.9843800486030515,0.27375,0.7580913883263843,0.7629677244577369,0.9237226190654378,1.0895396137645197,222,0.1422640528021421,0.16056938193713183,0.06260097992335194,0.29429697170717223,0.315051544081368,0.025217069548833956,0.4,0.21775,True,True,2.01,0
M05,1835086226,117,222,0.9835205577304644,0.983632395255493,0.07229308548936497,0.9835205577304644,0.277,0.7562325970171883,0.7700441665502001,0.931350357158894,1.0933196566688084,229,0.252810353941876,0.15760804257651634,0.11890496567260575,0.16085718545504668,0.30831970168810235,0.0014997506658529691,0.4,0.221,True,True,2.04,0
M05,1835086226,118,229,0.9780501218636573,0.9860462368508636,0.03832575067515037,0.9780501218636573,0.48025,0.7613832802563254,0.7608701860027461,0.9346155197989947,1.069237650538463,230,0.05410284725070035,0.15897562750091207,0.13765135018212163,0.33833769835956135,0.2820009917799503,0.028931484926754486,0.4,0.42425,True,True,2.0700000000000003,0
M05,1835086226,119,230,0.9790913058895013,0.9879213582126255,0.03755119325308482,0.9790913058895013,0.4835,0.7653000387993313,0.7557256966502743,0.9411539678190952,1.0492326022877159,228,0.09873774934581905,0.19283944667697767,0.007650518676861594,0.24412841391092516,0.3828875824268871,0.07375628896252942,0.4,0.4275,True,True,2.1000000000000005,0
M05,1835086226,120,228,0.9861007247839744,0.9897784816282444,0.04453803755255966,0.9861007247839744,0.43074999999999997,0.7513939577178236,0.7652498200926503,0.9309429302977767,1.0939878018909315,231,0.2788801034361216,0.1321274630618809,0.012453243729275304,0.23778323521582606,0.21952179630295526,0.11923415825394096,0.0,0.43074999999999997,True,True,2.130000000000001,0
M05,1835086226,121,231,0.8531691491961907,0.98297287865309,0.016115633412659768,0.8531691491961907,0.648,0.7375311805551267,0.7689825268348025,0.922188447118376,1.1306193366237598,233,0.21243997183480914,0.13566226187287986,0.02089880096717868,0.2885313644418749,0.22169904925188447,0.12076855163137279,0.2,0.634,True,True,2.160000000000001,0
M05,1835086226,122,233,0.9890708163734795,0.9891363637394442,0.07659036444227171,0.9890708163734795,0.25125,0.7361859658957124,0.7747541125249314,0.9118712682484968,1.154098360770533,241,0.24025890039836367,0.2207877983080649,0.11461200909205956,0.1938297036599249,0.209508329209792,0.021003259331794873,0.2,0.23725,True,True,2.1900000000000013,0
M05,1835086226,123,241,0.8253848654181384,0.9864476586481323,0.014426170895499232,0.8253848654181384,0.6645000000000001,0.7458827930684012,0.7695309442689011,0.9152145049882358,1.1272820855038312,235,0.10643171712770325,0.360240726538498,0.036463706145672826,0.21208980778479042,0.2726518178229431,0.012122224580392539,0.8,0.4405,True,True,2.2200000000000015,0
M05,1835086226,124,235,0.9860556621082344,0.9861021591038971,0.07929928208148208,0.9860556621082344,0.24375,0.7391232159984398,0.776504887943697,0.9019389045350045,1.1647969633971993,240,0.2556311361030118,0.18165464860324346,0.08574937146692495,0.25479738712977185,0.19122925022796156,0.03093820646908653,0.0,0.24375,True,True,2.2500000000000018,0
M05,1835086226,125,240,0.9794550433600199,0.9847716093680031,0.041564185294560435,0.9794550433600199,0.447,0.7507474946228,0.7666172124332143,0.9114043341837896,1.1204012505813956,234,0.049219611083777,0.1677494516048665,0.0294532456224118,0.3387970522502881,0.298296600511428,0.1164840389272286,0.0,0.447,True,True,2.280000000000002,0
M05,1835086226,126,234,0.9694529360256212,0.9850095823332832,0.033019691717602856,0.9694529360256212,0.50625,0.7430245072433445,0.7691666193387047,0.8952780372335395,1.1562702701725707,230,0.19850334408938775,0.13536652313290154,0.026089302936273526,0.4084272900316082,0.17507068234064418,0.05654285746918482,0.4,0.45025,True,True,2.3100000000000023,0
M05,1835086226,127,230,0.9829540081460794,0.9830351072990517,0.07484641661412754,0.9829540081460794,0.2675,0.7500979123665772,0.7683139038804041,0.8941266788017578,1.145570132947004,229,0.1575701938579328,0.22916929641024564,0.06591204515682626,0.24334078134057027,0.24188222645786106,0.06212545677656402,0.2,0.2535,True,True,2.3400000000000025,0
M05,1835086226,128,229,0.9839226328645871,0.983962469825456,0.08051255950870444,0.9839226328645871,0.25675,0.7563879035070907,0.7650894931715635,0.904714010921582,1.1180374397400452,229,0.12739105606474532,0.21334703501430835,0.03150880344945746,0.21352151139513145,0.3627253219156866,0.05150627216067089,0.0,0.25675,True,True,2.3700000000000028,0
M05,1835086226,129,229,0.9757847526677027,0.9907681939897051,0.033364932184846124,0.9757847526677027,0.516,0.7614714588672467,0.7662738379188097,0.8955012617796281,1.1237356686638547,226,0.18048524257280374,0.1622434136849891,0.0483632935341058,0.3626117278142373,0.20629325975102156,0.04000306264284254,0.4,0.46,True,True,2.400000000000003,0
M05,1835086226,130,226,0.7581485446151686,0.9895229309075587,0.011567468081100018,0.7581485446151686,0.7192500000000001,0.7630500165146648,0.763880051775653,0.9059511356016653,1.1050130043857411,227,0.13649882190979726,0.15527843246245115,0.04375329817888923,0.31335653426842225,0.3039613536049302,0.04715155957550993,0.4,0.66325,True,True,2.4300000000000033,0
M05,1835086226,131,227,0.9770861730039926,0.9855601648453943,0.037859776130026036,0.9770861730039926,0.4665,0.7359022595696878,0.7756860491868703,0.9031755410591594,1.167061322375329,227,0.34543727441720523,0.09795406740857866,0.023962227407533062,0.24146662383902603,0.23909759508830336,0.052082211839353645,0.0,0.4665,True,True,2.4600000000000035,0
M05,1835086226,132,227,0.9856221910716073,0.9857085375352683,0.07436897563717784,0.9856221910716073,0.26975,0.7393871752041488,0.7785745296409148,0.9013630322212021,1.1682304887732347,218,0.2084097864173488,0.1756006729862891,0.07317410881434824,0.27081591752875317,0.24252522633979307,0.02947428791346755,0.0,0.26975,True,True,2.4900000000000038,0
M05,1835086226,133,218,0.8145321409782061,0.9866197937951408,0.013900526050428883,0.8145321409782061,0.673,0.7192197188994869,0.7815484150600869,0.9053449706227121,1.2002734714368288,219,0.21128264876522235,0.10356196485356911,0.023298067636469005,0.29150304861881704,0.2705912081181515,0.09976306200777103,0.0,0.673,True,True,2.520000000000004,0
M05,1835086226,134,219,0.8805351638209383,0.9835570737917225,0.01795979166636619,0.8805351638209383,0.62625,0.7178577944205615,0.7793489600682691,0.9089526436872678,1.1944068428888317,221,0.14847457201483208,0.15519083107890483,0.07535272817128644,0.28033003472976087,0.27071085063413425,0.06994098337108161,1.0,0.27625,True,True,2.5500000000000043,0
M05,1835086226,135,221,0.9585109974104496,0.990957844952939,0.027216043231118606,0.9585109974104496,0.5355,0.7207626452954987,0.7799109640112678,0.918057379318541,1.1786447589560642,220,0.18161814933015075,0.1443897180280933,0.04443655632376208,0.22132438914122174,0.3473206486308194,0.060910538545952825,0.4,0.4795,True,True,2.5800000000000045,0
M05,1835086226,136,220,0.8909815811756715,0.989401343280972,0.018370726194502095,0.8909815811756715,0.6327499999999999,0.7168542652662985,0.7909154158107045,0.9010398506293422,1.2244897886137829,222,0.3132021758413408,0.14128398655502084,0.10239133315005593,0.2304861623033369,0.17394104621327644,0.03869529593696916,1.0,0.28275,True,True,2.6100000000000048,0
M05,1835086226,137,222,0.9755296882961288,0.9793349155852111,0.04418237989702805,0.9755296882961288,0.412,0.7103212363283296,0.7954387397861513,0.8950430994766748,1.2511459973028454,220,0.23836368457477664,0.12354375184792929,0.0828059096852263,0.255814814423242,0.22053616955133393,0.0789356699174919,0.6,0.286,True,True,2.640000000000005,0
M05,1835086226,138,220,0.9818050957848816,0.9827178239877413,0.05557437116629912,0.9818050957848816,0.34525,0.7044176765056055,0.8017341349930143,0.9055387895290073,1.2568778443412716,220,0.2633416524521309,0.14302958234711188,0.05384136330159751,0.17794625621449112,0.3220082707690048,0.03983287491566374,0.4,0.28925,True,True,2.6700000000000053,0
M05,1835086226,139,220,0.9834786715348975,0.9857497108454257,0.04834284797940713,0.9834786715348975,0.3485,0.7135369038771703,0.7983533811423086,0.9149849105761066,1.2228263748813961,217,0.14632441123681222,0.18367234668512242,0.006735824385486729,0.3187702514669968,0.3419803515852229,0.0025168146403588567,0.4,0.2925,True,True,2.7000000000000055,0
M05,1835086226,140,217,0.6250419928929863,0.9890028848160277,0.00795729552501847,0.6250419928929863,0.7517500000000001,0.7113779733307278,0.7919406144252026,0.923486419518496,1.2054846623609081,220,0.1063112792501185,0.14308512672957865,0.12292750731830503,0.2036388799505742,0.3692077790934089,0.054829427658014816,0.4,0.6957500000000001,True,True,2.7300000000000058,0
M05,1835086226,141,220,0.8721707679289232,0.9904062983468184,0.016918634731797652,0.8721707679289232,0.625,0.6922934673910072,0.7849439393111879,0.9254249899612891,1.2252005528089114,230,0.09500444509056746,0.11367558406022057,0.10210485758369575,0.23202445886652184,0.27143606197321346,0.18575459242578093,0.6,0.499,True,True,2.760000000000006,0
M05,1835086226,142,230,0.9707587172035198,0.9800944833013081,0.03704456616415043,0.9707587172035198,0.42824999999999996,0.6878807993612471,0.7900874103246889,0.9252599143801653,1.241361314312924,228,0.2423833497382542,0.13239194554068093,0.0385063845260901,0.28271408836568024,0.26188711707502554,0.04211711475426894,0.6,0.30224999999999996,True,True,2.7900000000000063,0
M05,1835086226,143,228,0.9789349177558285,0.9796100829429611,0.05794896781261218,0.9789349177558285,0.3055,0.6925998184187855,0.791596206314933,0.9110118671847166,1.2545769282112167,236,0.20016458133098258,0.1697271362518057,0.07498284312881719,0.2672045026169602,0.19138972121283904,0.09653121545859532,0.0,0.3055,True,True,2.8200000000000065,0
M05,1835086226,144,236,0.9832116414471552,0.9862081358959458,0.046139972282137245,0.9832116414471552,0.36474999999999996,0.6855496151016185,0.7854872650061528,0.919670544003323,1.2458563789466077,228,0.10588586258708194,0.12333877458494802,0.12352037120058156,0.34211495608057624,0.2987993176853904,0.006340717861421954,0.4,0.30874999999999997,True,True,2.8500000000000068,0
M05,1835086226,145,228,0.940618812804264,0.9804404636889961,0.0255008258714342,0.940618812804264,0.536,0.6691715194244681,0.7962129017558452,0.9133170356133896,1.3027773624278236,223,0.3796538510771441,0.1033626367497979,0.02991858614826803,0.24360477923092205,0.22806773005199427,0.01539241674187364,0.8,0.312,True,True,2.880000000000007,0
M05,1835086226,146,223,0.9811456187601896,0.983131995682221,0.04938773634080113,0.9811456187601896,0.32925,0.680912953374831,0.8039493483961693,0.9214621058564016,1.2813259195530786,217,0.2818386466014541,0.16266598225044843,0.11822807098850487,0.10261189046808968,0.2973838690217552,0.03727154066974778,0.2,0.31525,True,True,2.9100000000000072,0
M05,1835086226,147,217,0.9039496019655164,0.9852550556639386,0.019857899151292567,0.9039496019655164,0.5745,0.6880246765049431,0.7962230946420285,0.9126861861405889,1.267970875187805,224,0.09339017082084511,0.25613375035222535,0.06916300172743518,0.2605034280817087,0.21685145434913733,0.10395819466864838,0.4,0.5185,True,True,2.9400000000000075,0
M05,1835086226,148,224,0.9174812128199532,0.992372103692517,0.02056935810404683,0.9174812128199532,0.57775,0.6915960550412595,0.8028901134096502,0.90948043928244,1.2764689054672482,221,0.26847716874654004,0.17932623417576943,0.027339811318746136,0.17195862635043005,0.24031435877954985,0.11258380062896442,0.4,0.5217499999999999,True,True,2.9700000000000077,0
M05,1835086226,149,221,0.9430675051372474,0.9829312071448344,0.025512620970739794,0.9430675051372474,0.525,0.6748715133229507,0.8127456077391677,0.9011288587530629,1.3364312927968074,217,0.34618078256341017,0.10723742240198753,0.10882784664599858,0.22096889454820115,0.21298231699433426,0.0038027368460681545,0.0,0.525,True,True,3.000000000000008,0
M05,1835086226,150,217,0.5873184631521605,0.9794759075410331,0.007286288356314173,0.5873184631521605,0.7522500000000001,0.6497963793032392,0.8158807081948943,0.9012149157507426,1.3932241892272361,218,0.23465476053356302,0.10421611327487754,0.06947081394752201,0.27293338828760877,0.25099471436493015,0.06773020959149856,0.8,0.52825,True,True,3.0300000000000082,0
M05,1835086226,151,218,0.9708514837343863,0.9806257265948221,0.03668352964548193,0.9708514837343863,0.38749999999999996,0.6278275731554276,0.8116932785139298,0.9073215144668689,1.4249195838073083,217,0.14508257160975296,0.09942099511162512,0.05649315988774283,0.2844243070704212,0.2811404514560026,0.1334385148644554,0.4,0.33149999999999996,True,True,3.0600000000000085,0
M05,1835086226,152,217,0.5320059493710328,0.9785902937366862,0.006244557637214995,0.5320059493710328,0.74875,0.6090776515469106,0.8211086145882334,0.8962983419253103,1.504095288874732,209,0.39715117098756814,0.1057042015522488,0.0720318898194665,0.19460162096968198,0.1985448945256416,0.03196622214539291,0.2,0.73475,True,True,3.0900000000000087,0
M05,1835086226,153,209,0.9685708427199253,0.9758928709577588,0.03894439175025616,0.9685708427199253,0.352,0.6187546428296244,0.8180844724996893,0.8873707643870072,1.489959840330428,199,0.162891108010845,0.15025058812130748,0.07461779157737378,0.22297510799033474,0.2035112832711397,0.18575412102899935,0.2,0.33799999999999997,True,True,3.120000000000009,0
M05,1835086226,154,199,0.9139785473345149,0.9771261226629958,0.02180376997272769,0.9139785473345149,0.54125,0.6277973972987052,0.8129348569668216,0.8918575742852606,1.4519134543583814,195,0.13443260115145922,0.20195619022422656,0.10591448148637882,0.2166189820008695,0.2661194316847702,0.07495831345229573,0.0,0.54125,True,True,3.1500000000000092,0
M05,1835086226,155,195,0.5256339057494828,0.9731218971486475,0.006183861069683892,0.5256339057494828,0.7585,0.6373695331803755,0.807291459248853,0.8927495998246076,1.4187614964616175,193,0.12504181412965665,0.15900025866358336,0.1880476786848634,0.26273448935156246,0.2503889148393651,0.014786844330969044,0.2,0.7444999999999999,True,True,3.1800000000000095,0
M05,1835086226,156,193,0.9679408009414124,0.980493081813111,0.034691226199233975,0.9679408009414124,0.40375,0.6376632157199758,0.8128989265348732,0.8952313095420121,1.4239997806821356,186,0.2621505031057852,0.1403660129940981,0.16157446582422516,0.15778120987072597,0.2587833484993266,0.019344459705838892,0.4,0.34775,True,True,3.2100000000000097,0
M05,1835086226,157,186,0.8574751247553151,0.9835219913363533,0.016353864207129674,0.8574751247553151,0.607,0.6483382601193836,0.8208169083271272,0.890598098124866,1.42155242161247,186,0.2945366014874713,0.1558835818691685,0.06866200246133676,0.14734943823747562,0.22444959768527525,0.10911877825927256,0.4,0.5509999999999999,True,True,3.24000000000001,0
M05,1835086226,158,186,0.9546093903726083,0.9826307332385171,0.02831611147460893,0.9546093903726083,0.48025,0.6487677623955849,0.8175948045505053,0.8942475199751299,1.4092599740938037,187,0.16023427049668026,0.14651517148689902,0.019814414446279315,0.2835237435507034,0.26354615831375205,0.12636624170568603,0.6,0.35425,True,True,3.2700000000000102,0
M05,1835086226,159,187,0.4540621360421311,0.9800548799142333,0.00495372302938107,0.4540621360421311,0.7815000000000001,0.6414147787068596,0.824951817231445,0.877845319001189,1.4651146929079424,183,0.29045941135581244,0.13649860639721018,0.12230821611582658,0.23394111933434278,0.16511275511786072,0.051679891678947286,0.8,0.5575,True,True,3.3000000000000105,0
M05,1835086226,160,183,0.9608136196293263,0.9879220867581409,0.02862250100205288,0.9608136196293263,0.48674999999999996,0.6601565136484433,0.8289814821816469,0.860434460746212,1.4594194197596204,174,0.25346569764717747,0.2493324226383415,0.06194527613953285,0.2048514138747141,0.1518683682257096,0.07853682147452459,0.6,0.36074999999999996,True,True,3.3300000000000107,0
M05,1835086226,161,174,0.9092582781851772,0.9806084659290982,0.020859959839257917,0.9092582781851772,0.5640000000000001,0.6659586189311375,0.8375324080725646,0.8501397567923085,1.479326545722121,169,0.32030988609725963,0.15106063613107049,0.027734817776713737,0.1956271118959281,0.1787437106035886,0.1265238374954394,0.0,0.5640000000000001,True,True,3.360000000000011,0
M05,1835086226,162,169,0.9674265031720372,0.9782157417976304,0.03587749888928813,0.9674265031720372,0.42324999999999996,0.6674779634412441,0.834223510788726,0.8524052638473542,1.466220779847576,166,0.16959653899737046,0.1270187250320349,0.04809382357551049,0.3028718425814418,0.23639741367138278,0.11602165614225962,0.4,0.36724999999999997,True,True,3.3900000000000112,0
M05,1835086226,163,166,0.9798520736501973,0.9882965501255236,0.03790962023463702,0.9798520736501973,0.3845,0.6461433354323597,0.8305880554203358,0.8598845539812224,1.4949155666439586,171,0.16344650213807577,0.1046737444885639,0.09149758129374283,0.3220484061348555,0.2635990825930184,0.05473468335174345,0.2,0.3705,True,True,3.4200000000000115,0
M05,1835086226,164,171,0.9733770215636609,0.9810787878109314,0.03858409996351858,0.9733770215636609,0.37374999999999997,0.639705699701285,0.821464969117607,0.8632382400531862,1.4875725543595022,174,0.09257895585360117,0.12042383460381637,0.11120016014416305,0.326243983520565,0.2467107073504298,0.10284235852742468,0.0,0.37374999999999997,True,True,3.4500000000000117,0
M05,1835086226,165,174,0.8714240490087548,0.9753522060765325,0.01782339415849602,0.8714240490087548,0.591,0.6461341853990465,0.8246536038233705,0.8769144160478676,1.4554310383029627,172,0.24077353952054795,0.20548446242994728,0.012090735648376611,0.20591054665309483,0.3140095885866685,0.021731127161364865,0.2,0.577,True,True,3.480000000000012,0
M05,1835086226,166,172,0.8849358974755979,0.9812528828473547,0.01847681079694233,0.8849358974755979,0.5802499999999999,0.6626696769203622,0.8152504267507876,0.8892028018450957,1.3835444423782013,173,0.08536878898231996,0.2597463171021073,0.03414619438325007,0.23856952764699976,0.29989913701007415,0.0822700348752488,0.0,0.5802499999999999,True,True,3.510000000000012,0
M05,1835086226,167,173,0.8246770403539656,0.9840077094307456,0.01449252649427003,0.8246770403539656,0.6395000000000001,0.6694243187412848,0.8105603527673968,0.9002825216605861,1.3449466363761147,176,0.13840559192685747,0.24331463182481267,0.022910066696491007,0.1891466046663811,0.37498178967318285,0.031241315212274925,0.4,0.5835,True,True,3.5400000000000125,0
M05,1835086226,168,176,0.4874191522165719,0.9737682574637155,0.005526255439896953,0.4874191522165719,0.7867500000000001,0.6809798105440391,0.8095351819552042,0.9094913136845009,1.307082306549476,175,0.18128558532721595,0.1606483133997764,0.07875916965388804,0.2422136645797683,0.29618522094986705,0.04090804608948417,0.0,0.7867500000000001,True,True,3.5700000000000127,0
M05,1835086226,169,175,0.9533662111427997,0.9794657937417045,0.028855972205730537,0.9533662111427997,0.516,0.6926709568371036,0.8080468459258402,0.9158198888103223,1.2737948543950146,175,0.17485528835495143,0.18321734404488846,0.04685020912238747,0.21015550163051225,0.2863885324713573,0.09853312437590299,0.6,0.38999999999999996,True,True,3.600000000000013,0
M05,1835086226,170,175,0.37084955682935317,0.9803118326164793,0.0037833732019159835,0.37084955682935317,0.81725,0.6624046058907888,0.8153288128013041,0.9131250909074878,1.3479667199251493,173,0.28355386464694937,0.08282708235390437,0.012806344026070258,0.36529453897174413,0.2444359548909887,0.011082215110343152,0.8,0.59325,True,True,3.630000000000013,0
M05,1835086226,171,173,0.8701701219538415,0.9781242896034568,0.017543447907568444,0.8701701219538415,0.5965,0.620899177050342,0.8144465740980459,0.9218125818167391,1.4229802914981708,165,0.18605252421008805,0.05369309319315366,0.09520954744458789,0.3282526288488504,0.3365431392239097,0.000249067079410293,0.0,0.5965,True,True,3.6600000000000135,0
M05,1835086226,172,165,0.9675560610863937,0.9767256350038226,0.03716013714452595,0.9675560610863937,0.39975,0.6381926348171708,0.8192732024049455,0.9296313236350652,1.3809126664987912,162,0.2568619626475245,0.1744136797429458,0.06516855955409932,0.13963586310382314,0.3019583119064865,0.06196162304512082,0.0,0.39975,True,True,3.6900000000000137,0
M05,1835086226,173,162,0.3914293334748601,0.9734489086314545,0.004094194989901153,0.3914293334748601,0.8029999999999999,0.6423281325054575,0.8206431581155773,0.9130925749517625,1.3992090268475244,163,0.216670197885989,0.19477288621069108,0.034215830672663074,0.2937100690727936,0.18212191840101966,0.07850909775684362,0.0,0.8029999999999999,True,True,3.720000000000014,0
M05,1835086226,174,163,0.5037576805362645,0.9683519512070501,0.005846126766745848,0.5037576805362645,0.75625,0.6170816672414965,0.8210724323866134,0.9157563022957587,1.4529775714175253,159,0.20576790221018768,0.10535637878253326,0.04280719274302677,0.1953807497735224,0.26986492419586194,0.18082285229486797,1.0,0.40625,True,True,3.750000000000014,0
M05,1835086226,175,159,0.9341584856779345,0.9844351948279203,0.023677451077825262,0.9341584856779345,0.5355,0.628699842604385,0.8300188107672828,0.9178717864943078,1.438343326113485,159,0.35678597154008135,0.17461258878936772,0.03962298475481875,0.12209041594759333,0.26845557214062515,0.038432466827513764,0.6,0.4095,True,True,3.7800000000000145,0
M05,1835086226,176,159,0.28566337515550616,0.9801204821157364,0.002742604873624752,0.28566337515550616,0.8267500000000001,0.6182014025649175,0.8264344312984945,0.926084607844877,1.443536437119748,158,0.16145701336969742,0.09753873273770931,0.03083542275728269,0.2589487381881171,0.33280335515922993,0.11841673778796358,0.2,0.8127500000000001,True,True,3.8100000000000147,0
M05,1835086226,177,158,0.7286499733839307,0.9720009744954348,0.011023525403048998,0.7286499733839307,0.672,0.6400165048703906,0.8255320957042604,0.9059658427590197,1.4237409123223101,153,0.19274232463363306,0.1694320933067941,0.05642446213402779,0.32586607569217535,0.16244847849315208,0.09308656574021755,0.4,0.616,True,True,3.840000000000015,0
M05,1835086226,178,153,0.5632925180440145,0.9782438696942752,0.006826542036658665,0.5632925180440145,0.74525,0.6383561427756916,0.8297721773990138,0.9153692584831177,1.420036487729192,155,0.2564585809995792,0.14519360061233363,0.0305639314296133,0.16807075408844568,0.3317570875576081,0.06795604531242021,0.6,0.61925,True,True,3.870000000000015,0
M05,1835086226,179,155,0.5614554315688126,0.9753248769090912,0.006823535849581997,0.5614554315688126,0.7485,0.6535784704839712,0.8220762698851739,0.9238323326348059,1.3615111946458256,158,0.10990876695138584,0.1616050334792536,0.058347654070213556,0.1947492354027762,0.33866279749832984,0.13672651259804092,0.6,0.6225,True,True,3.9000000000000155,0
M05,1835086226,180,158,0.9633248574864476,0.9783872516424712,0.033222999701605395,0.9633248574864476,0.42574999999999996,0.6432226213780182,0.8309724563909152,0.9145939317620762,1.4125277989316138,157,0.31388348204369143,0.12445673446370649,0.009810750296734932,0.25622738310996307,0.215724161953754,0.07989748813215017,0.0,0.42574999999999996,True,True,3.9300000000000157,0
M05,1835086226,181,157,0.2811466660786723,0.9737465591848884,0.0027119862875073686,0.2811466660786723,0.843,0.6482358752822133,0.8208917693528403,0.9231345385858686,1.371790650511427,162,0.08084919726838523,0.22889062727992154,0.008276632433490515,0.33219754670743123,0.3374662866817988,0.012319709628972594,0.2,0.829,True,True,3.960000000000016,0
M05,1835086226,182,162,0.9049471595953826,0.9753656647985043,0.020921913640206135,0.9049471595953826,0.5582499999999999,0.6150273029180371,0.8298471808851983,0.9152996457741124,1.474145777617096,160,0.3375985463897334,0.0809465488999728,0.04662827906522525,0.29319075575675874,0.2223928052341533,0.019243064654156473,0.6,0.43224999999999997,True,True,3.990000000000016,0
M05,1835086226,183,160,0.1242510865990455,0.9778168545056837,0.0010817725266300336,0.1242510865990455,0.8915000000000001,0.6323300545416326,0.8255070843228229,0.902972696534198,1.445780496272095,163,0.15190328102355766,0.2118757862587891,0.02855262639597875,0.27396756195596483,0.19601507668748402,0.13768566767822582,0.4,0.8355,True,True,4.0200000000000164,0
M05,1835086226,184,163,0.39372393745804,0.9830290177409166,0.004073127590942551,0.39372393745804,0.78875,0.6074571426893588,0.8231878208007476,0.8991171378859857,1.507186576828689,165,0.17445113367582302,0.07077744926773766,0.16071046300600594,0.2778000093554913,0.23220855502603735,0.08405238966890474,1.0,0.43875,True,True,4.050000000000017,0
M05,1835086226,185,165,0.68380919459989,0.9779327075146342,0.009563560995618408,0.68380919459989,0.666,0.5841165026571006,0.82318818321561,0.9092054240973871,1.550021182813403,164,0.20199691818624782,0.07128523229321351,0.06909902348800973,0.2821356513497249,0.37415590089318923,0.001327273789614764,0.8,0.442,True,True,4.080000000000017,0
M05,1835086226,186,164,0.17888562605823308,0.9841843609240413,0.0015967904853300629,0.17888562605823308,0.8592500000000001,0.5596799602606941,0.8266015388754311,0.9164843443829559,1.611504052086342,168,0.2446595602575198,0.07850577804020706,0.050390079266124724,0.23138356726592743,0.2909973134765371,0.1040637016936838,0.2,0.8452500000000001,True,True,4.110000000000017,0
M05,1835086226,187,168,0.9279874787125243,0.9808596603002591,0.023247813350852627,0.9279874787125243,0.46249999999999997,0.5620325158512196,0.8274874638775314,0.9248359099446604,1.591971529842704,172,0.21520002432339846,0.14255376768368055,0.0024697753094383764,0.1478086204084776,0.30204425781573524,0.18992355445926995,0.2,0.44849999999999995,True,True,4.140000000000017,0
M05,1835086226,188,172,0.7978337210291382,0.9777408113742823,0.013474847255671385,0.7978337210291382,0.57775,0.5574816884711007,0.8178560939268579,0.9323523189501943,1.5734981329036672,169,0.08428754054003856,0.10436572067760029,0.014038358720992216,0.28819252962088343,0.406688694889857,0.1024271555506285,0.6,0.45175,True,True,4.170000000000018,0
M05,1835086226,189,169,0.9107384799331182,0.9768772134675491,0.021433348879400925,0.9107384799331182,0.511,0.5779821936751735,0.8215796758661246,0.925637638088013,1.5356569963503521,164,0.2452048329451201,0.16751674599523061,0.02589329027310162,0.2610650086803025,0.23260275516419043,0.06771736694205475,0.4,0.45499999999999996,True,True,4.200000000000018,0
M05,1835086226,190,164,0.9250005572927231,0.9772311051945598,0.023315502472101075,0.9250005572927231,0.45825,0.5550616589318937,0.816479469354257,0.9330738742792117,1.5764783463236949,160,0.13723471601798265,0.08396911355058523,0.18328485328081423,0.11732550739644855,0.32532360367658325,0.15286220607758608,0.0,0.45825,True,True,4.230000000000018,0
M05,1835086226,191,160,0.5878441418681845,0.962131802767507,0.007515320126446389,0.5878441418681845,0.6855,0.5462370913391579,0.8141965955041484,0.9397664868512906,1.586091149333343,160,0.16926374522005352,0.11164251651428636,0.07307686487718504,0.27842799517200567,0.305730051948857,0.061858826267612514,0.8,0.46149999999999997,True,True,4.260000000000018,0
M05,1835086226,192,160,0.16319898290665139,0.9761441991029188,0.0014562686357661686,0.16319898290665139,0.864,0.5323159775160743,0.8085529148629486,0.9451734202904929,1.6070428068316711,161,0.1258268641750951,0.09973557635146482,0.16697300515399907,0.2416613191088591,0.29691791062165673,0.06888532458892525,0.2,0.85,True,True,4.290000000000019,0
M05,1835086226,193,161,0.005353478353839477,0.9714796647951564,4.398644592369351e-05,0.01,0.976,0.5403607884867592,0.8098375827622792,0.9455508149786392,1.5849998575630633,156,0.20890392053097656,0.15637327155562314,0.02069998324038327,0.30067474195400573,0.27447368358597823,0.0388743991330332,0.6,0.85,True,True,4.320000000000019,0
M05,1835086226,194,156,0.8691241134807401,0.9724545636877656,0.017845622399560005,0.8691241134807401,0.47125,0.5188530573987388,0.8047868713589553,0.9509957334807753,1.6310149217093326,153,0.13051459668487558,0.07482338359771004,0.022329336977802264,0.26111537179220706,0.46003126691292123,0.05118604403448387,0.0,0.47125,True,True,4.350000000000019,0
M05,1835086226,195,153,0.7425233427349401,0.9712611479702419,0.011510419550967457,0.7425233427349401,0.6005,0.5295403665507427,0.8118539441447559,0.9558961601326977,1.6038661299319656,152,0.2788302044218543,0.17378849393716997,0.002856218936602819,0.1990203041125497,0.3204068885666338,0.025097890025189532,0.6,0.4745,True,True,4.380000000000019,0
M05,1835086226,196,152,0.08162313129984741,0.9771756722193401,0.0006943219313824138,0.08162313129984741,0.90175,0.5089470924577245,0.8043087823664172,0.9549760226153097,1.6548464616128327,146,0.1005941928612395,0.08316081406132668,0.06305385573848613,0.3438457049971867,0.2733473924794083,0.1359980398623527,0.8,0.67775,True,True,4.41000000000002,0
M05,1835086226,197,146,0.8840592704946384,0.9742225370351393,0.018945118973925066,0.8840592704946384,0.481,0.48929447729189496,0.810447118480106,0.9594784203537787,1.7263114742013832,142,0.26692219040012066,0.0866951297302202,0.11534843614861366,0.16010116540564787,0.3111482834718275,0.05978479484357021,0.0,0.481,True,True,4.44000000000002,0
M05,1835086226,198,142,0.8792234438887532,0.971386962746389,0.018747254395495093,0.8792234438887532,0.48424999999999996,0.5058394249695503,0.8040573410381651,0.9544154495471417,1.6654702733218933,145,0.11415723102580438,0.23217852412828183,0.05310500499505383,0.209999749071371,0.25442435614370457,0.1361351346357844,0.0,0.48424999999999996,True,True,4.47000000000002,0
M05,1835086226,199,145,0.26000802019200275,0.9771556427730824,0.00246256252475739,0.26000802019200275,0.8135,0.5096028242517769,0.8019547562246739,0.9552785534548702,1.6473580919100548,142,0.16375352798021392,0.11004677456595702,0.187545800599547,0.135559391711095,0.2815232443122131,0.12157126083097401,0.6,0.6875,True,True,4.50000000000002,0
M05,1835086226,200,142,0.7433945606533234,0.9712682043836357,0.011540607150654405,0.7433945606533234,0.6167499999999999,0.528322013428078,0.798936606438864,0.9468680015844197,1.597070815600331,137,0.1509948503177973,0.15966408060510975,0.07269504556079454,0.2423271358286637,0.23558651737518263,0.1387323703124521,0.6,0.49074999999999996,True,True,4.530000000000021,0
M05,1835086226,201,137,0.24650382294213644,0.9662385199499064,0.0023444653681047524,0.24650382294213644,0.82,0.5236781290764898,0.8015137277271887,0.9357261628968037,1.6356777879696165,133,0.21904939512834848,0.108615962528519,0.02902566341792743,0.36054971949108294,0.21772480735412944,0.06503445207999269,0.6,0.694,True,True,4.560000000000021,0
M05,1835086226,202,133,0.24175581881494246,0.975242926365943,0.002267638890227732,0.24175581881494246,0.8232499999999999,0.5224165548347666,0.7987826444822248,0.9329895308746899,1.6388338240881108,124,0.15430753926744448,0.10793706103742584,0.036690495838778446,0.2919811241973598,0.2541799213378332,0.15490385832115805,0.6,0.6972499999999999,True,True,4.590000000000021,0
M05,1835086226,203,124,0.8891760947062457,0.9756371633138068,0.019290417985482037,0.8891760947062457,0.5145,0.5375499451300156,0.7957598323285839,0.9130441183477689,1.6213300362641507,118,0.1489540008808794,0.3351959402658723,0.01912911784132853,0.288355694275009,0.1667677028027396,0.04159754393417128,0.2,0.5005,True,True,4.620000000000021,0
M05,1835086226,204,118,0.38715177461185196,0.9759948768965823,0.004022206532623103,0.38715177461185196,0.7597500000000001,0.5519622741437642,0.8015112053157673,0.9048039145143401,1.6048917040405557,115,0.25674205754515583,0.19477069696786908,0.034076992482882165,0.2759447736567723,0.21532104000674038,0.02314443934058031,0.4,0.7037500000000001,True,True,4.650000000000022,0
M05,1835086226,205,115,0.4495625240097945,0.9636361721428138,0.005001691370896554,0.4495625240097945,0.7630000000000001,0.5493745161760674,0.7966197564326675,0.9004541638829919,1.6103525014457507,110,0.12730139228360693,0.12869965373800019,0.12318197746592756,0.29239396038231935,0.23065320410042964,0.09776981202971623,0.4,0.7070000000000001,True,True,4.680000000000022,0
M05,1835086226,206,110,0.15823542975211238,0.9646401588176376,0.001426201679040391,0.15823542975211238,0.864,0.5384271618590759,0.7899071199364702,0.9104087474946927,1.6114344576751494,108,0.101479391567951,0.09660447165430096,0.13069006707890748,0.22841925549403838,0.3892363360388755,0.05357047816592674,0.2,0.85,True,True,4.710000000000022,0
M05,1835086226,207,108,0.4995131267003253,0.953433896013404,0.005907549175985422,0.4995131267003253,0.7275,0.5331289482625448,0.7832314767762767,0.9189630132360573,1.5986737199267456,106,0.09774641045787524,0.10525049974509054,0.2398791117938649,0.1994662067195606,0.29797570245416954,0.0596820688294392,0.2,0.7135,True,True,4.740000000000022,0
M05,1835086226,208,106,0.5245675217321437,0.9681478039540484,0.006212885963295908,0.5245675217321437,0.73075,0.560197395946181,0.7794438960838619,0.9270667119124516,1.5008344417195185,104,0.12967491432998718,0.18952112369713742,0.08031112640766354,0.14011062988608552,0.31257636515754916,0.14780584052157728,0.2,0.71675,True,True,4.770000000000023,0
M05,1835086226,209,104,0.7996689251141167,0.9591799787095854,0.01428009995213105,0.7996689251141167,0.5760000000000001,0.5873282576578598,0.7852752566403813,0.9168436854409002,1.4582961155850684,102,0.24754444200890663,0.17931060447515784,0.0996300302784389,0.19859035553419643,0.21241822359846874,0.06250634410483141,0.4,0.52,True,True,4.800000000000023,0
M05,1835086226,210,102,0.6984621575370186,0.9684959336430046,0.010166585756534252,0.6984621575370186,0.64925,0.5817312709903171,0.7914897378051587,0.9251593168968102,1.470639923458861,102,0.25597804995995643,0.1205270157667824,0.019649264172765874,0.2722490712698406,0.31821865223299195,0.013377946597662832,0.6,0.52325,True,True,4.830000000000023,0
M05,1835086226,211,102,0.9057050763691135,0.9790011075301324,0.020632723771361865,0.9057050763691135,0.5265,0.5977171495942838,0.7872840504701741,0.9102670289369718,1.4469946459348662,97,0.1296099944409167,0.22860076100566534,0.01251349102639242,0.29130711600454523,0.18811821864921283,0.1498504188732675,0.0,0.5265,True,True,4.860000000000023,0
M05,1835086226,212,97,0.8187905074646661,0.9668512131712224,0.014936461837686701,0.8187905074646661,0.5297499999999999,0.573327020120038,0.7914660155538593,0.9192403260432745,1.5017609024979406,90,0.23182709508992305,0.0586994143646464,0.04785822505683345,0.18272940382151162,0.4571211598710629,0.02176470179602247,0.0,0.5297499999999999,True,True,4.890000000000024,0
M05,1835086226,213,90,0.10409381479804977,0.9532901818070149,0.000920414701851762,0.10409381479804977,0.883,0.5567566494487187,0.8018927147761663,0.9107523904167868,1.5814320477068942,93,0.3197865118368615,0.07056710786963309,0.0043491366298990634,0.28600185901101743,0.21718048488919833,0.10211489976339064,1.0,0.533,True,True,4.920000000000024,0
M05,1835086226,214,93,0.07693606387219401,0.950208829910847,0.0006720995977668902,0.07693606387219401,0.906,0.5391674939694402,0.8027144866608419,0.9196771513751081,1.618832828302411,99,0.19895509529354916,0.07553644058043642,0.056422070667832044,0.28683442905907497,0.3066972685673547,0.07555469583175262,0.4,0.85,True,True,4.950000000000024,0
M05,1835086226,215,99,0.3212305256544409,0.9607386843408395,0.0032397749719104687,0.3212305256544409,0.7955000000000001,0.5462048529178775,0.8065428796630278,0.9152880806696989,1.6132961606370044,94,0.23705146669035093,0.17330353184670327,0.0856445352531298,0.18620576705865544,0.2378932221605084,0.07990147699065218,0.4,0.7395,True,True,4.980000000000024,0
M05,1835086226,216,94,0.18177964673548921,0.9666874125046067,0.0016581550445370996,0.18177964673548921,0.85,0.5240556943917611,0.8015846973727209,0.923759272602729,1.6558201469227352,94,0.12961202116055473,0.09930940228487063,0.08622789942845141,0.25895162723414966,0.38894006713371393,0.03695898275825974,0.0,0.85,True,True,5.010000000000025,0
M05,1835086226,217,94,0.39721257652211456,0.9650984069313175,0.004221304783900083,0.39721257652211456,0.746,0.5038943575916865,0.7977890821045679,0.9313833453424561,1.6998872853633562,93,0.14104524500603838,0.09757127926264238,0.0641883124701523,0.14765400626951444,0.45886229534576795,0.09067886164588468,0.0,0.746,True,True,5.040000000000025,0
M05,1835086226,218,93,0.7483111800947828,0.9554559798419884,0.01216912881457271,0.7483111800947828,0.56325,0.505634720805179,0.7927008908657032,0.9379330354434018,1.671477848021132,92,0.1225157858295457,0.10699597241422365,0.16938284035761964,0.26102529769391225,0.2984401231759563,0.04163998052874234,0.2,0.54925,True,True,5.070000000000025,0
M05,1835086226,219,92,0.26492835737640325,0.9627159289606717,0.0025618997032573632,0.26492835737640325,0.8085,0.5219203340969429,0.7959267015218783,0.9441397318990616,1.6152233450110567,92,0.22326068999325324,0.2167275366224557,0.017172445939179593,0.17494297885238339,0.3129590350620177,0.05493731353071044,0.4,0.7525,True,True,5.100000000000025,0
M05,1835086226,220,92,0.7629106624522289,0.9653163720048791,0.012435083835101007,0.7629106624522289,0.61175,0.5306745668308246,0.79182833616882,0.9458346430959726,1.5775660384467862,90,0.13372462153794584,0.1658240828659628,0.1840251947477101,0.2134004536438695,0.28054442193408585,0.022481225270425936,0.4,0.55575,True,True,5.130000000000026,0
M05,1835086226,221,90,0.6946065672908941,0.9619508072581305,0.010192288526918052,0.6946065672908941,0.615,0.5090805620650026,0.7896173852324053,0.9512511787863753,1.6305532217057155,87,0.15475582340032887,0.05428471129407336,0.00121356186645159,0.3074647765888005,0.469058712846011,0.013222414004334802,0.4,0.5589999999999999,True,True,5.160000000000026,0
M05,1835086226,222,87,0.1448924915462179,0.9650555111297814,0.0012949648912102985,0.1448924915462179,0.85,0.4962751400803317,0.7905017218407429,0.9561260609077378,1.6659622022026526,86,0.1920650733744731,0.07973941042919062,0.14542002015702354,0.1968844129836999,0.3050318620073618,0.080859221048251,0.0,0.85,True,True,5.190000000000026,0
M05,1835086226,223,86,0.5172994966721789,0.9563772148557692,0.006196727160911997,0.5172994966721789,0.6915,0.5039447330591909,0.7854079915968794,0.9452256827886685,1.6488338394880955,81,0.11789194810217024,0.3217278165153214,0.011240938754522449,0.26843902251796614,0.22356113985852266,0.05713913425149705,0.6,0.5655,True,True,5.220000000000026,0
M05,1835086226,224,81,0.4976609471215992,0.9489138654237708,0.005916644557972212,0.4976609471215992,0.69475,0.48749430431313767,0.7865732032720594,0.9464857370265652,1.7047296985697724,80,0.1929451406877994,0.10233931000262718,0.04113191458536711,0.3005588875411909,0.2789131125838181,0.08411163459919745,0.6,0.56875,True,True,5.250000000000027,0
M05,1835086226,225,80,0.7255336620495627,0.9482733407478593,0.011531275568758631,0.7255336620495627,0.572,0.4780663000576116,0.7818953060580398,0.9518371633239087,1.7182953635483658,79,0.12063453686979254,0.12560704221243876,0.10704325889658049,0.14338326124327108,0.40166752113570403,0.10166437964221313,0.0,0.572,True,True,5.280000000000027,0
M05,1835086226,226,79,0.48228776453000866,0.9338639704895548,0.00578368415389019,0.48228776453000866,0.7012499999999999,0.47080517163362307,0.7869585783773434,0.9566534469915178,1.7472538591861904,80,0.2394754702775699,0.11782735942522929,0.046905773642608714,0.25428782146413265,0.3166371783426084,0.02486639684785112,0.6,0.5752499999999999,True,True,5.310000000000027,0
M05,1835086226,227,80,0.5820785714329315,0.9475107148651426,0.007584022226137596,0.5820785714329315,0.6345000000000001,0.4533208858007576,0.790147820569705,0.960988102292366,1.8137799926559495,75,0.21921463889035914,0.09523389979804205,0.03575761952312236,0.16723301162067522,0.3124733319003567,0.17008749826744446,0.4,0.5785,True,True,5.340000000000027,0
M05,1835086226,228,75,0.6349133293726924,0.9401589375278943,0.008954544796692084,0.6349133293726924,0.59575,0.45702850651060595,0.7843812661595646,0.9648892920631293,1.7787152820504988,74,0.10926045772931095,0.14592701842771683,0.011277407269947087,0.04972934180869509,0.6452335088981527,0.038572265866177395,0.2,0.58175,True,True,5.370000000000028,0
M05,1835086226,229,74,0.3907473340230851,0.9463348891416208,0.004239299517954019,0.3907473340230851,0.711,0.44690967424654904,0.7867440611544558,0.9684003628568164,1.817853052715626,73,0.20727322878586835,0.12628767545007055,0.060382772253655834,0.21062062127825662,0.3762996230764085,0.01913607915574023,0.6,0.585,True,True,5.400000000000028,0
M05,1835086226,230,73,0.24941280956170275,0.9320880059832387,0.002478831385955935,0.24941280956170275,0.7882499999999999,0.43083524281587365,0.7811113552480443,0.9715603265711348,1.8660873002361078,63,0.10880621439139113,0.09780315500595023,0.012740533294916144,0.19223363918257494,0.36167229145039037,0.22674416667477718,0.0,0.7882499999999999,True,True,5.430000000000028,0
M05,1835086226,231,63,0.6502304795634212,0.9363869513874205,0.009436589559394503,0.6502304795634212,0.5915,0.4432726424662372,0.7774957930848901,0.9744042939140213,1.800063931986536,59,0.13050006999060051,0.2030940407711508,0.01575059311961937,0.11651455833371623,0.42575032699560783,0.10839041078930534,0.0,0.5915,True,True,5.460000000000028,0
M05,1835086226,232,59,0.49163417679085103,0.9122697776729957,0.006162442106819931,0.49163417679085103,0.65075,0.42628795638178957,0.7780094028092491,0.9769638645226192,1.868113600439932,55,0.1798549922325432,0.08779565103029137,0.16817337061645524,0.14844992967171403,0.3402087897289954,0.07551726672000084,0.4,0.59475,True,True,5.490000000000029,0
M05,1835086226,233,55,0.5463246432600127,0.9107578194055236,0.007290901854094249,0.5463246432600127,0.654,0.4628454066984111,0.775504418685739,0.9792674780703573,1.7109880918295461,56,0.14244357521190443,0.26701973039605326,0.11666541031450713,0.0973039413465086,0.32439442127010715,0.052172921460919446,0.4,0.598,True,True,5.520000000000029,0
M05,1835086226,234,56,0.01479432639692415,0.9394962816628482,0.00012634538251418692,0.01479432639692415,0.9512499999999999,0.48621926311390257,0.7710324417604751,0.9813407302633216,1.6159230147169201,59,0.11629055011278754,0.21470935910267003,0.04758446373109723,0.17065480744285016,0.33108782341813947,0.11967299619245568,1.0,0.60125,True,True,5.550000000000029,0
M05,1835086226,235,59,0.12513223187179556,0.904827965561434,0.0011847861061683562,0.12513223187179556,0.8605,0.46460494627091714,0.7697388417602918,0.9813444644914867,1.6882551993014465,57,0.15322527609800524,0.07142595957323701,0.09824288188899911,0.1698754294183764,0.29068903627248627,0.21654141674889596,0.4,0.8045,True,True,5.580000000000029,0
M05,1835086226,236,57,0.3921600684037562,0.9235644251335204,0.004399671363663679,0.3921600684037562,0.73375,0.44012661618548055,0.7731408605006223,0.9818794264463568,1.7890514621410176,52,0.21111201035431285,0.08084512105691942,0.1332534329021494,0.1657241491963941,0.29334704202009426,0.11571824447013002,0.6,0.60775,True,True,5.61000000000003,0
M05,1835086226,237,52,0.5259694034930843,0.9136429586997173,0.006823983033081247,0.5259694034930843,0.667,0.4660144130221435,0.7812255341721308,0.9836914838017211,1.704190614694481,48,0.2717714587067465,0.14573977487160045,0.08850023712197759,0.028157666673884373,0.3739376975257201,0.09189316510007088,0.4,0.611,True,True,5.64000000000003,0
M05,1835086226,238,48,0.22988620650384484,0.9266108039076181,0.002269763046143056,0.22988620650384484,0.8142499999999999,0.49681263829297034,0.7921642574635243,0.9850877272380392,1.618630424972625,46,0.31987585441954297,0.16118541083604288,0.07514937713707634,0.12605280587595613,0.2988269590824509,0.018909592648930846,0.0,0.8142499999999999,True,True,5.67000000000003,0
M05,1835086226,239,46,0.020856373567900478,0.897272200945408,0.00018720986660977247,0.020856373567900478,0.9434999999999999,0.4911208680858518,0.7924708247258998,0.9709386704323675,1.6618931429223376,44,0.1864347516943963,0.08420317559912908,0.06760148599391266,0.317963959074488,0.22179857959066135,0.12199804804741272,0.6,0.8174999999999999,True,True,5.70000000000003,0
M05,1835086226,240,44,0.12682801082137782,0.909815315911916,0.0011950074228306831,0.12682801082137782,0.8767500000000001,0.5447689671079473,0.7933485099040684,0.9738448033891307,1.4954155740896895,40,0.19376533018079406,0.26569272690546364,0.01147291107106112,0.21103339186923778,0.3021847048714326,0.01585093510201086,0.4,0.8207500000000001,True,True,5.730000000000031,0
M05,1835086226,241,40,0.08958125869343919,0.9176032391617909,0.0008177018486276859,0.08958125869343919,0.8800000000000001,0.5269895387572925,0.8006646249168374,0.9764603230502177,1.5559442987630543,41,0.27479425634965626,0.05684805107268043,0.029962667520216275,0.1748523239138738,0.34419484043524196,0.11934786070833144,0.4,0.8240000000000001,True,True,5.760000000000031,0
M05,1835086226,242,41,0.1120567720610235,0.9023521881703577,0.0010554906291542013,0.1120567720610235,0.8832500000000001,0.5040050005298847,0.8037773428411512,0.9788142907451959,1.6292983330220276,41,0.22682436462694494,0.06201307661093371,0.032183380467554236,0.24637132792627842,0.33269366442560033,0.09991418594268843,0.4,0.82725,True,True,5.790000000000031,0
M05,1835086226,243,41,0.22229906111164913,0.9396465886519738,0.002148769823172208,0.22229906111164913,0.8305,0.48941404928441495,0.8038497498324796,0.9746850364099642,1.6851328701643504,40,0.1907659266673248,0.11780832737997739,0.08420077111826371,0.219903664483524,0.2687608736964396,0.11856043665447055,0.0,0.8305,True,True,5.820000000000031,0
M05,1835086226,244,40,0.13333839039923603,0.9106836476791845,0.0012601672730290039,0.13333839039923603,0.85775,0.4634827977586801,0.7988824050491151,0.973467685327165,1.770629504806019,42,0.12781428385324417,0.06802902891116899,0.005531808650119709,0.3630384607394382,0.2812557627909862,0.15433065505504276,0.8,0.6337499999999999,True,True,5.850000000000032,0
M05,1835086226,245,42,0.30657866272183115,0.9209106043742297,0.003222457762437404,0.30657866272183115,0.763,0.48023429861713934,0.7959943592038159,0.9636233714742053,1.7200833460676692,43,0.15070093008945687,0.2329603447800878,0.045673415690136936,0.1639898374430594,0.2375122733987841,0.16916319859847495,0.6,0.637,True,True,5.880000000000032,0
M05,1835086226,246,43,0.13025616199496828,0.8895144736352144,0.0012603483423330234,0.13025616199496828,0.85425,0.4938595621352058,0.8023434141217021,0.9672610343267848,1.6796281024331166,41,0.2643596609759615,0.0855406999690632,0.06771142011442341,0.18082929578531365,0.34307533748977465,0.05848358566546369,0.2,0.8402499999999999,True,True,5.910000000000032,0
M05,1835086226,247,41,0.17085574372797505,0.8926436544852452,0.001691166602106351,0.17085574372797505,0.8434999999999999,0.510396662938536,0.8036233492742564,0.9680161847515036,1.626530089894437,41,0.20496382323299256,0.16257863473968248,0.06167716491317287,0.27294161335728756,0.28740626928698637,0.010432494469878092,0.0,0.8434999999999999,True,True,5.940000000000032,0
M05,1835086226,248,41,0.10914749654451836,0.9401035618325349,0.0009823776686437365,0.10914749654451836,0.8607499999999999,0.4658444400891345,0.8031975169984691,0.9704751015123503,1.7766302119978006,42,0.18444168984906933,0.04095708708464614,0.1340695490211074,0.3258521500226989,0.29630267617998496,0.01837684784249334,0.2,0.8467499999999999,True,True,5.970000000000033,0
M05,1835086226,249,42,0.0036751165271483458,0.9363636726774126,3.130382376805835e-05,0.01,0.976,0.43321410265186744,0.8062876241509069,0.971889394740027,1.9150078768387713,41,0.22812478752951687,0.07261788658806573,0.1340271021936251,0.20543232131829894,0.29230901689455896,0.0674888854759344,0.6,0.85,True,True,6.000000000000033,0
M05,1835086226,250,41,0.3917013470368879,0.9022209133890056,0.004532708997803454,0.3917013470368879,0.7060000000000001,0.446852032033916,0.8034113944522941,0.9625137402806289,1.8679588798549573,41,0.1554768938616568,0.20600604969645253,0.12181090787649473,0.2775509042100184,0.2390664250730227,8.881928235491924e-05,0.4,0.65,True,True,6.030000000000033,0
M05,1835086226,251,41,0.0,1.0,0.0,0.01,1.0,0.4552076636482253,0.7993712626658773,0.966262366252566,1.8173722871161833,38,0.1391304742024738,0.1310156352821048,0.01695508802378264,0.30214252479603176,0.3529085509710243,0.0578477267245828,1.0,0.65,True,True,6.060000000000033,0
M05,1835086226,252,38,0.5183756333667954,0.8832649650196364,0.007036954013968245,0.5183756333667954,0.65,0.43147297852645244,0.7985893925583495,0.9674500533813819,1.9131163426003273,36,0.1773336628220749,0.05963948689450929,0.10814481127860674,0.29498550708616705,0.28906961877036275,0.07082691314827927,0.0,0.65,True,True,6.090000000000034,0
M05,1835086226,253,36,0.5269336134678995,0.8792974199753218,0.007279162351811053,0.5269336134678995,0.65,0.43163139340774725,0.7962377484825742,0.9687268419832793,1.9042694722222486,37,0.15722281940177818,0.10920191811151628,0.2737324850165233,0.065350390997896,0.29010896970017797,0.10438341677210844,0.0,0.65,True,True,6.120000000000034,0
M05,1835086226,254,37,0.10900363639677196,0.9122490867152864,0.0010129413532337216,0.10900363639677196,0.864,0.40200702374164365,0.7936623457515525,0.9718541577849513,2.0314261479152678,37,0.15295605866383685,0.05114795614654384,0.06137221745410865,0.22186465859826332,0.5065799644127337,0.0060791447245135705,0.2,0.85,True,True,6.150000000000034,0
M05,1835086226,255,37,0.4275522499867959,0.8765362566414379,0.0053252169366374775,0.4275522499867959,0.65,0.4151981033364069,0.8039792284639748,0.9746687420064561,1.9867006288736635,37,0.3387527838548191,0.052954031292546194,0.06741536948407538,0.17822363019853718,0.3308218943088633,0.03183229086115877,0.0,0.65,True,True,6.180000000000034,0
M05,1835086226,256,37,0.4626829279174339,0.9030217067666519,0.005716943429675955,0.4626829279174339,0.65,0.4140128646843477,0.8035188920035268,0.9772018678058105,1.986085622620571,35,0.18423281203438366,0.12767473126565626,0.020853808780646747,0.08141350580451447,0.5330280533842024,0.052797088730596305,0.0,0.65,True,True,6.210000000000035,0
M05,1835086226,257,35,0.21536211278532613,0.8633061637423335,0.0022842632604650926,0.21536211278532613,0.776,0.4175771807830366,0.8021832262839322,0.9712945057713154,1.9778160032862186,33,0.1730034860072721,0.09750351244563929,0.035086813482547254,0.23730229169859096,0.2590641237304296,0.1980397726355207,0.6,0.65,True,True,6.240000000000035,0
M05,1835086226,258,33,0.05521026313347747,0.8993800165117869,0.0005042870790994395,0.05521026313347747,0.906,0.43335336513345935,0.797393205782862,0.9741650551941838,1.8888514803729155,34,0.12898926016407905,0.21020495894754537,0.0352759338814402,0.1510844674264838,0.37582788561367836,0.09861749396677331,0.4,0.85,True,True,6.270000000000035,0
M05,1835086226,259,34,0.08208626225053699,0.8617691979688904,0.0007968046085344697,0.08208626225053699,0.864,0.43882644290428635,0.7923430238669189,0.9627905041245991,1.8753772823583459,33,0.12274347966499957,0.07826590386658977,0.005633039783703799,0.2916376145065314,0.23020977224916805,0.27151018992900744,0.2,0.85,True,True,6.300000000000035,0
M05,1835086226,260,33,0.41318016442545463,0.8856754761658179,0.00500149642912342,0.41318016442545463,0.664,0.48248058229812024,0.7935363843571825,0.9628343142835446,1.7081871287156745,27,0.19763139604511948,0.09127589336916256,0.055101160509001185,0.18241554760571543,0.28161430285702727,0.19196169961397425,0.2,0.65,True,True,6.330000000000036,0
M05,1835086226,261,27,0.337928137270683,0.9146502928066976,0.003671036776020935,0.337928137270683,0.7060000000000001,0.43688177187925736,0.7932940396781654,0.9665508828551901,1.878648562415502,26,0.1804309317355246,0.045763581687739835,0.05870834377085071,0.2745681827511666,0.3681372120300395,0.07239174802467875,0.4,0.65,True,True,6.360000000000036,0
M05,1835086226,262,26,0.3978071763046072,0.8447864460220614,0.005067158073495916,0.3978071763046072,0.65,0.4012314217342973,0.7925916363245274,0.9698957945696711,2.0367112968740666,25,0.17452873287837928,0.06754509527551081,0.03467231994958126,0.19149422493108206,0.40117245992977285,0.13058716703567377,0.0,0.65,True,True,6.390000000000036,0
M05,1835086226,263,25,0.3434802781855619,0.843127042241024,0.004164840754696517,0.3434802781855619,0.664,0.4145592807976644,0.7891677511292905,0.9662779567121697,1.9700652714447953,23,0.14007120776236817,0.24003403245418997,0.009434022128100569,0.2376609922080661,0.26685870799732836,0.10594103744994689,0.2,0.65,True,True,6.420000000000036,0
M05,1835086226,264,23,0.06312997491842845,0.8656615694482533,0.000602759248077377,0.06312997491842845,0.8740000000000001,0.4367777806516123,0.7928725135670162,0.9696501610409527,1.872094430771369,21,0.22703937492737739,0.12400326762349426,0.0012571630541864166,0.2630365355232605,0.3813360704735813,0.0033275883981001794,0.8,0.65,True,True,6.450000000000037,0
M05,1835086226,265,21,0.27446551474541847,0.7584392761084461,0.003575920754660279,0.27446551474541847,0.7060000000000001,0.40003638380355494,0.7905729280258482,0.9726851449368574,2.031749504337825,21,0.15430050171478615,0.07285736106154106,0.06004896748833501,0.16150791764239217,0.3738714734951375,0.17741377859780813,0.4,0.65,True,True,6.480000000000037,0
M05,1835086226,266,21,0.08676091329800174,0.8057662423855305,0.0009068508176277707,0.08676091329800174,0.864,0.42395927854603405,0.7858730727234576,0.9754166304431717,1.9003697468242646,20,0.12285988873627246,0.16348140740062786,0.03662251491093867,0.1738224380482251,0.38796666219759013,0.11524708870634587,0.2,0.85,True,True,6.510000000000037,0
M05,1835086226,267,20,0.19535867674757298,0.7893787422503213,0.0022633130700306816,0.19535867674757298,0.776,0.37640127098325765,0.7888338310438816,0.9748544172582942,2.149783290623755,18,0.21568014945746122,0.050651251185160756,0.1278821108708278,0.19011244574801192,0.28489724929719823,0.13077679344134022,0.6,0.65,True,True,6.540000000000037,0
M05,1835086226,268,18,0.332833827564001,0.7997181326911412,0.0042839359957026505,0.332833827564001,0.65,0.3479471499034589,0.7864511462545464,0.960866198249478,2.35231539259688,17,0.15073758453573533,0.07800751927492547,0.255350262455479,0.25969952725684037,0.21748611358506617,0.03871899289195377,0.0,0.65,True,True,6.570000000000038,0
M05,1835086226,269,17,0.24728253540060924,0.7598870081783793,0.003133604579565761,0.24728253540060924,0.7060000000000001,0.3615840224632405,0.7896529838994555,0.9647795784245302,2.2635961513925933,16,0.2190549369704556,0.17806015668265615,0.04001927043913696,0.08187631365501595,0.478899086289081,0.0020902359636543557,0.4,0.65,True,True,6.600000000000038,0
M05,1835086226,270,16,0.0,1.0,0.0,0.01,1.0,0.3452221139743563,0.7863984077053787,0.9683016205820771,2.352520188763343,16,0.14035091251119966,0.1208985498968258,0.04713329171474437,0.25905643184881855,0.3246829452400802,0.10787786878833137,0.8,0.85,True,True,6.630000000000038,0
M05,1835086226,271,16,0.26569301497434855,0.6608334281002952,0.00409355317231478,0.26569301497434855,0.664,0.3834077085071469,0.7868872817552268,0.9659728918488207,2.124646815970554,16,0.18510993043896323,0.2624031211466502,0.058373399181853164,0.17217961675088914,0.2725071666247566,0.04942676585688754,0.2,0.65,True,True,6.660000000000038,0
M05,1835086226,272,16,0.2929495111101381,0.7747306337618777,0.0037812385228844126,0.2929495111101381,0.7060000000000001,0.3958413037870441,0.7848656605622176,0.9693756026639386,2.0454182882748624,15,0.15403428618440212,0.10692239449075536,0.10730261296192027,0.11065490206351436,0.32413891760668806,0.19694688669271973,0.4,0.65,True,True,6.690000000000039,0
M05,1835086226,273,15,0.3003289826834515,0.7358972528096079,0.004174573441742034,0.3003289826834515,0.664,0.4001178162357484,0.7807631083144394,0.9724380423975447,2.0066399492106863,15,0.12675913475415815,0.25735696622157006,0.0680683496795,0.053515096242648705,0.42731839934144195,0.066982053760681,0.2,0.65,True,True,6.720000000000039,0
M05,1835086226,274,15,0.27160917732946244,0.6538846965043217,0.0042728840904081794,0.27160917732946244,0.7060000000000001,0.4431487105042112,0.7814547685145892,0.9751942381577903,1.8082697995805246,14,0.18412269519839636,0.15555130791632626,0.003961232144152302,0.07998060522695231,0.36348521453401056,0.2128989449801622,0.4,0.65,True,True,6.750000000000039,0
M05,1835086226,275,14,0.388269311168906,0.7528593774801017,0.005771888923282917,0.388269311168906,0.7060000000000001,0.4658770165389928,0.7776968851191302,0.9776748143420112,1.7074368349470714,13,0.12893568787838064,0.1369101390942229,0.006818466359605649,0.23572448927201606,0.47341028191318585,0.018200935482588942,0.4,0.65,True,True,6.780000000000039,0
M05,1835086226,276,13,0.27088344373618334,0.7343091029455834,0.003663895778121769,0.27088344373618334,0.7060000000000001,0.41898851837753,0.7779547255436223,0.9799073329078101,1.894816655305171,12,0.17678355850560856,0.030924596394313858,0.05265584643029787,0.3249727618924299,0.3396546007678791,0.07500863600947068,0.4,0.65,True,True,6.81000000000004,0
M05,1835086226,277,12,0.0710981891311212,0.6642842122706599,0.0009010967273927914,0.0710981891311212,0.8740000000000001,0.4428482035366741,0.7739541167894296,0.981916599617029,1.7798595183036623,11,0.12371409403735431,0.43884847135245253,0.04440111693442553,0.048071508994827726,0.30423330550937366,0.0407315031715662,0.8,0.65,True,True,6.84000000000004,0
M05,1835086226,278,11,0.04479820364706872,0.6550829155108484,0.0005638616789202845,0.04479820364706872,0.906,0.4935852294979344,0.7704336488319392,0.9837249396553261,1.5867167471196542,8,0.12721547352476378,0.20424506219922123,0.016691770756078722,0.22475607142850934,0.3696687491606071,0.05742287293081977,0.4,0.85,True,True,6.87000000000004,0
M05,1835086226,279,8,0.4281662476575502,0.5890551528116003,0.01033063083625164,0.4281662476575502,0.664,0.4385792813702007,0.7711102977985902,0.9795198847769697,1.7949614861446999,6,0.1774791426030994,0.055574358923856405,0.041012662187495164,0.3574865876506204,0.27083719543588103,0.09761005319904771,0.2,0.65,True,True,6.90000000000004,0
M05,1835086226,280,6,0.36277254656129576,0.5632198254361179,0.008223702639957661,0.36277254656129576,0.7060000000000001,0.4419837049179878,0.767596849519172,0.9815678962992728,1.7693207868620442,6,0.12552583263139125,0.32377568811203983,0.0037650441453313155,0.1618232719953723,0.3851101590440829,4.071782503481515e-09,0.4,0.65,True,True,6.930000000000041,0
M05,1835086226,281,6,0.04481390676182743,0.5141880734730672,0.0007258701067801321,0.04481390676182743,0.906,0.531617825656293,0.7683949451414627,0.9834111066693455,1.4697716138700507,5,0.17722422622811637,0.1697816462256394,0.08739829133471781,0.1635615889438536,0.3224770122124165,0.07955723505525626,0.4,0.85,True,True,6.960000000000041,0
M05,1835086226,282,5,0.0016015656170937965,0.5249389366033915,2.4322961823967062e-05,0.01,0.976,0.49809046028029663,0.7674012838734579,0.985069996002411,1.5640376606835973,5,0.15532607486335417,0.09640132213334111,0.06916580004615527,0.22434468502336655,0.37155165182828637,0.08321046610549665,0.6,0.85,True,True,6.990000000000041,0
M05,1835086226,283,5,0.30581784443861065,0.5281521916194133,0.006887074112836222,0.30581784443861065,0.664,0.5407027972612792,0.7692071791853378,0.9865629964021698,1.4419821703675835,4,0.1896994938194098,0.190057105266565,0.10437048412345883,0.13206595423033116,0.3048753062078219,0.07893165635241323,0.2,0.65,True,True,7.020000000000041,0
M05,1835086226,284,4,0.04341234412933622,0.4408054890178506,0.0008252817085632006,0.04341234412933622,0.906,0.5417361057031631,0.7725604820943895,0.9685147867580169,1.4724428661565614,4,0.2101707733539827,0.21110903682365095,0.04119992235296291,0.31298854262277176,0.20304044998032053,0.021491274866311073,0.4,0.85,True,True,7.050000000000042,0
M05,1835086226,285,4,0.017476117502452898,0.39478751923838706,0.0003604071077210581,0.017476117502452898,0.906,0.5102468714051027,0.774004660305253,0.9644456126918544,1.5728433963499528,4,0.18840252894478599,0.10210576187904088,0.08352796577142842,0.3205462607341992,0.2639115230481957,0.04150595962234977,0.4,0.85,True,True,7.080000000000042,0
M05,1835086226,286,4,0.0,1.0,0.0,0.01,1.0,0.456174560625961,0.7741224330479941,0.9680010514226689,1.7530841429466533,4,0.1727250719750483,0.05714101921012153,0.07007633077589534,0.2926484784765449,0.40689109851606126,0.000518001046328491,0.8,0.85,True,True,7.110000000000042,0
M05,1835086226,287,4,0.1668110986480964,0.3313540640663602,0.005572177928430745,0.1668110986480964,0.65,0.469996816432545,0.7725390469369177,0.971200946280402,1.6924522570922076,3,0.15153419426654097,0.07127521737034757,0.013751132853846465,0.3602567195807308,0.34379378924205156,0.05938894668648255,0.0,0.65,True,True,7.140000000000042,0
M05,1835086226,288,3,0.03869595300579043,0.27953362947551386,0.001186046717641581,0.03869595300579043,0.8740000000000001,0.4706281412781959,0.7756799650121065,0.9740808516523618,1.6920362994725269,3,0.2095983802754341,0.1914992926931368,0.010350253951297957,0.18136505742596276,0.4067601968132934,0.00042681884087493894,0.8,0.65,True,True,7.170000000000043,0
M05,1835086226,289,3,0.16574235394470688,0.24099710377110586,0.009264778174518708,0.16574235394470688,0.664,0.5358609875465757,0.7794442834023321,0.9766727664871256,1.4893057218222963,3,0.219353958010387,0.18805879036973772,0.046001273321871254,0.09964284961730865,0.3870741436365506,0.0598689850441448,0.2,0.65,True,True,7.200000000000043,0
M05,1835086226,290,3,0.03115604407841262,0.21209754371624714,0.0012646370757534897,0.03115604407841262,0.85,0.4903269012453301,0.785488140536729,0.9790054898384131,1.636322055767043,3,0.25020089130641954,0.07458176465018265,0.03268109491744315,0.3078925696257493,0.32015018347469004,0.014493496025515374,0.0,0.85,True,True,7.230000000000043,0
M05,1835086226,291,3,0.011344447888171088,0.28594218020796086,0.0003222428443409542,0.011344447888171088,0.85,0.4240235550786153,0.7871982601488449,0.9761867673722775,1.9017841622169491,2,0.19980658298690407,0.05144406587963987,0.055000883424897104,0.4032781811312266,0.2754091325885289,0.015061153988803515,0.0,0.85,True,True,7.260000000000043,0
M05,1835086226,292,2,6.820760026936259e-06,4.179455094382986e-05,0.0014182228433184127,0.01,0.65,0.37591441825753946,0.7839964621663174,0.9785680906350498,2.131248395380462,2,0.1394764378114346,0.07373096495609202,0.05518899349678386,0.17272410662389848,0.5105136559145832,0.04836584119720783,0.0,0.65,True,True,7.290000000000044,0
M05,1835086226,293,2,6.346194335456963e-06,0.00029357158686945414,0.00017396162535380293,0.01,0.906,0.3337647445528807,0.7810049321147267,0.9807112815715449,2.386009370214223,2,0.14010366320906462,0.08822984644862764,0.05611096125278153,0.2057715871947663,0.3840523599332807,0.12573158196147932,0.4,0.85,True,True,7.320000000000044,0
M05,1835086226,294,2,0.0,1.0,0.0,0.01,1.0,0.37381467927985684,0.7788864832416093,0.9803994860869711,2.1252730770735373,3,0.14914747165773712,0.1283536447687055,0.005510117351261911,0.3200538069365368,0.2887966633629041,0.10813829592285457,1.0,0.85,True,True,7.350000000000044,0
M05,1835086226,295,3,0.13619014299462937,0.2318326492472169,0.007047837840728996,0.13619014299462937,0.65,0.3141950460596487,0.7787070035925628,0.982359537478274,2.5229246588862577,3,0.1720605564129261,0.04732020856901073,0.14164910481678142,0.19575230928643217,0.31670404835865934,0.12651377255619028,0.0,0.65,True,True,7.380000000000044,0
M05,1835086226,296,3,0.11895249760306575,0.21587175411780166,0.006374477992685552,0.11895249760306575,0.65,0.3108746124144092,0.7749229142274588,0.9841235837304466,2.532932443516568,3,0.1268907601815521,0.16774164067448985,0.052053494692976016,0.15599119040841414,0.35373328735778164,0.14358962668478614,0.0,0.65,True,True,7.4100000000000446,0
M05,1835086226,297,3,0.0003502865908761861,0.303157184060806,9.202881559872435e-06,0.01,0.976,0.31000194076452153,0.7712037555742631,0.9846681034190733,2.5264741155301174,3,0.12533733822721546,0.45505514028713245,0.0031983391131015955,0.12158515690536274,0.2947843903083567,3.9635158831007e-05,0.6,0.85,True,True,7.440000000000045,0
M05,1835086226,298,3,0.01061305709913862,0.25986451317610676,0.00033192033150918385,0.01061305709913862,0.85,0.27235496072235604,0.7742706239977771,0.986201293077166,2.8826500627380844,3,0.20783820252783988,0.05411440921514099,0.041516576319572326,0.2612014253531184,0.3615089374192461,0.07382044916508218,0.0,0.85,True,True,7.470000000000045,0
M05,1835086226,299,3,0.004070062350113452,0.18238056528669347,0.0001796516714249295,0.01,0.906,0.246529492809888,0.7719803024270857,0.9817113097513868,3.189727206279482,3,0.14279012036496805,0.09221207944020404,0.17122948221444156,0.3027397923128438,0.27065072990968675,0.020377795757855678,0.4,0.85,True,True,7.500000000000045,0
