arm,seed,step,novelty_vector_count,h_n_latest,h_n_shape_latest,V,H_N,total_suppression,avg_wb,theta_capability,transfer_state,g,population,x_compute,x_bio_welfare,x_novelty_agency,x_institutional_capacity,x_transfer_comprehension,x_resilience,c_protective,c_suppressive,adapter_active,action_modified,adapter_score,shape_fallback_increase
M05,1835086214,0,200,0.9889708139421141,0.9900630507893464,0.05420445595043327,0.9889708139421141,0.256,0.6572781252224092,0.5117203264942122,0.55,1.415535612585634,200,0.14650408117765243,0.1622526467424806,0.06299367050503389,0.1681089386305744,0.3294455642852411,0.1306950986590175,0.4,0.2,False,False,0.0,2
M05,1835086214,1,200,0.984563022345534,0.9845671691812252,0.09852671824733848,0.984563022345534,0.05600000000000001,0.6744307892833552,0.514023195331711,0.5950000000000001,1.280938746712973,209,0.03611106452761854,0.24835226391762097,0.050101253319446,0.29957853993463746,0.32974914991858173,0.03610772838209532,0.4,0.0,False,False,0.0,0
M05,1835086214,2,209,0.9859616054158435,0.986553898873291,0.059047605483074556,0.9859616054158435,0.256,0.6876916326652408,0.52049010851003,0.6243669783075065,1.2122126573869945,212,0.08960091181130572,0.23124749940273007,0.01795577797074959,0.2193110906015561,0.24433489153753218,0.19754982867612644,0.4,0.2,False,False,0.0,0
M05,1835086214,3,212,0.9800777314705152,0.9867363929804922,0.03978831085185177,0.9800777314705152,0.4,0.702536113231242,0.5246675360926631,0.6618830427519136,1.1283251916768233,209,0.06502416260168363,0.25434851559573357,0.015871085339471097,0.2856288085193094,0.2997638113757882,0.07936361656801405,0.0,0.4,False,False,0.0,0
M05,1835086214,4,209,0.9867759198185068,0.9867763648324944,0.11631140777021676,0.9867759198185068,0.014000000000000002,0.713689575724363,0.5264859143922138,0.6956947384767223,1.0603730572596668,207,0.038146938802298525,0.22469109993584185,0.12051306468496996,0.19683560601222175,0.3338933249813638,0.08591996558330404,0.2,0.0,False,False,0.0,0
M05,1835086214,5,207,0.9882940075376625,0.9882951486481466,0.10882803376528816,0.9882940075376625,0.05600000000000001,0.7216371639201637,0.5370141377979905,0.7216124136481269,1.0312473195472804,215,0.14815648906734216,0.231813158567337,0.00045233355348976066,0.2582232786139618,0.27743574509538427,0.08391899510248502,0.4,0.0,False,False,0.0,0
M05,1835086214,6,215,0.9771050641699762,0.9877818797465757,0.03603834219418852,0.9771050641699762,0.456,0.7331180945440943,0.5428288221618445,0.7494511722833141,0.987974230617855,217,0.09581739067191977,0.1859160544717467,0.004078341673005776,0.2085185412069552,0.3330484879637509,0.17262118401262164,0.4,0.4,False,False,0.0,0
M05,1835086214,7,217,0.985830405550663,0.9867929497462359,0.05518429862958018,0.985830405550663,0.35,0.7404485169307256,0.5416309231429572,0.7744491012582696,0.9445298852487742,226,0.011794276115062174,0.3195757180275279,0.04331142205358574,0.2276733380403659,0.2997152310164342,0.09793001474702413,1.0,0.0,False,False,0.0,0
M05,1835086214,8,226,0.9877308067433841,0.9877314246645191,0.11370617289421164,0.9877308067433841,0.05600000000000001,0.7450627247776526,0.5645493769858094,0.7899714896022866,0.9591746193775029,224,0.32198759333233107,0.1482721417993725,0.0293072488763127,0.1943311894269563,0.26483649234921947,0.04126533421580809,0.4,0.0,False,False,0.0,0
M05,1835086214,9,224,0.987040873039596,0.9870414808135114,0.11383241264056412,0.987040873039596,0.05600000000000001,0.755884129128762,0.5789288246210466,0.7943642434840351,0.9641625519815202,228,0.2200864560565954,0.17971570503976098,0.1272449402357991,0.19872541102171923,0.21694951420988592,0.05727797343623951,0.4,0.0,False,False,0.0,0
M05,1835086214,10,228,0.9873118711789097,0.987312049526091,0.12359421030253433,0.9873118711789097,0.05600000000000001,0.7717288231459614,0.5762248067679995,0.8141871900013223,0.917071009832708,226,0.01553029222506607,0.2299635992202742,0.04458193955097806,0.3309899734514722,0.2962968543284536,0.08263734122375582,0.4,0.0,False,False,0.0,0
M05,1835086214,11,226,0.9820053577476114,0.9850492030298483,0.04600581035674735,0.9820053577476114,0.456,0.7732349278469888,0.5879645235770338,0.8174154420703501,0.9302438796228203,225,0.19438696434292818,0.15032260967866726,0.14007382811502894,0.21493264228485162,0.22323485534579998,0.07704910023272415,0.4,0.4,False,False,0.0,0
M05,1835086214,12,225,0.9895070855818795,0.9895071175724863,0.1372896036115791,0.9895070855818795,0.014000000000000002,0.776384477396811,0.5886423491402765,0.8356738978633151,0.9072726573153208,229,0.06345064677617958,0.17965714571189711,0.06152717270122297,0.27203825143932664,0.367722705446928,0.055604077924445855,0.2,0.0,False,False,0.0,0
M05,1835086214,13,229,0.9868714158368337,0.9869457818439098,0.07556794841800515,0.9868714158368337,0.326,0.7800695900120309,0.6006281856028675,0.8210606337824661,0.9377717171918329,236,0.20522442399506052,0.1709970358008924,0.10572998541089697,0.30591633297290216,0.1447706285274124,0.06736159329283552,0.6,0.2,False,False,0.0,0
M05,1835086214,14,236,0.9841756041704393,0.984186707191942,0.09068398895119298,0.9841756041704393,0.22400000000000003,0.787394967556922,0.6089351312602503,0.8263254175289976,0.9358953381637317,241,0.16672943671907767,0.2703731075878922,0.0906487585867885,0.1968313333768932,0.23685423562389024,0.0385631281054581,0.8,0.0,False,False,0.0,0
M05,1835086214,15,241,0.9866369840839991,0.9866592178666206,0.08517652048956136,0.9866369840839991,0.22400000000000003,0.795471389798507,0.6257412174158853,0.8436928757760979,0.932364687451926,238,0.2781605339830938,0.22589798727586527,0.02320356341902396,0.15773555310107407,0.30302826781680003,0.011974094404142764,0.8,0.0,False,False,0.0,0
M05,1835086214,16,238,0.9892820510939659,0.9892830435516746,0.10994699639846513,0.9892820510939659,0.126,0.8018011952412618,0.6204186622215585,0.8593235881984881,0.9004537693547525,238,0.012056320955843167,0.2418785169657052,0.0009425825282338735,0.26675348844643176,0.47682888880686186,0.001540202296924205,0.6,0.0,False,False,0.0,0
M05,1835086214,17,238,0.9882402631582757,0.9882523787234094,0.09002209888778703,0.9882402631582757,0.256,0.803846523774698,0.6309201933795678,0.8469522098735001,0.9267068734732054,242,0.20653080336359006,0.1897163256322832,0.07311635754337457,0.2467521286325991,0.16780490247430419,0.116079482353849,0.4,0.2,False,False,0.0,0
M05,1835086214,18,242,0.9872493820329066,0.9872503901935005,0.10980566414081175,0.9872493820329066,0.126,0.7985095845591823,0.6244716389990943,0.8431726944248565,0.9275045571024557,258,0.001218191106311072,0.33938939672664936,0.06109458367043399,0.28805878494549025,0.2045785276935325,0.1056605158575828,0.6,0.0,False,False,0.0,0
M05,1835086214,19,258,0.9729377663464349,0.985920990983209,0.03446647277336602,0.9729377663464349,0.526,0.7953604723925131,0.6236439111783305,0.8588554249823709,0.912961828066978,272,0.0674481766148868,0.2261330770908615,1.109220982203388e-05,0.2306084814779381,0.32763238942685796,0.1481667831796335,0.6,0.4,False,False,0.0,0
M05,1835086214,20,272,0.9710561186133297,0.986201044276376,0.03324282288577368,0.9710561186133297,0.526,0.8002074591756582,0.6301772286268403,0.8481765800131068,0.9284827384121989,270,0.1589439125928297,0.2622946298433311,0.06969950670232813,0.28227880542902634,0.17603348764486507,0.05074965778761962,0.6,0.4,False,False,0.0,0
M05,1835086214,21,270,0.9844071106381844,0.9844071177201899,0.14925134989126534,0.9844071106381844,0.014000000000000002,0.8091767164028929,0.6257177097751906,0.8592798925615487,0.8999127813090214,264,0.025616782246153928,0.3068741454745988,0.08060412994362794,0.2285820922228078,0.2796048527487626,0.07871799736404883,0.2,0.0,False,False,0.0,0
M05,1835086214,22,264,0.9859670000006574,0.9859670033808353,0.1551514537444689,0.9859670000006574,0.0,0.8070152556376158,0.6373422788367925,0.8673771011643993,0.9105064605564094,271,0.22388068187951807,0.19692879216365916,0.022420469391972727,0.17544845424891037,0.27012598929502696,0.11119561302091274,0.0,0.0,False,False,0.0,0
M05,1835086214,23,271,0.9881204394482525,0.9882287289688296,0.0725868177885973,0.9881204394482525,0.326,0.8034516136120959,0.6493995005568313,0.8553429303563536,0.9449567961136347,283,0.23655419577347983,0.16831453801804436,0.047173372788037134,0.20533156027014357,0.17351769654197138,0.16910863660832376,0.6,0.2,False,False,0.0,0
M05,1835086214,24,283,0.9853809264116448,0.9866600065915176,0.052920045448615435,0.9853809264116448,0.42400000000000004,0.8065344330218358,0.6636362397875424,0.8660400935543155,0.9500997031235171,278,0.27133392823190783,0.17965377788411172,0.06441485613154636,0.18408494064258116,0.28115728116798655,0.019355215941866507,0.8,0.2,False,False,0.0,0
M05,1835086214,25,278,0.9801075603886048,0.9923789080509733,0.034967319118972676,0.9801075603886048,0.526,0.8091217133387734,0.6781424210892445,0.8594507468545041,0.975182868474221,283,0.28359991613849056,0.1994422954003669,0.061579381786916,0.1977042511977966,0.2000733132781002,0.05760084219832974,0.6,0.4,False,False,0.0,0
M05,1835086214,26,283,0.9882006705394293,0.9882355321767473,0.08160899174047888,0.9882006705394293,0.256,0.7997670685326357,0.6894023628470746,0.8684232383582976,0.9926080973963868,289,0.2520882851536536,0.15345041572566276,0.016594585584956464,0.28218452593489435,0.2745878309462195,0.021094356654613393,0.4,0.2,False,False,0.0,0
M05,1835086214,27,289,0.9831151028523443,0.9861652488901161,0.04599836358258489,0.9831151028523443,0.456,0.7965074445921075,0.7024222167179753,0.853304735465866,1.0334851583550155,294,0.28112465016568156,0.17906387097200252,0.023313058123528956,0.2516678766712934,0.1586191047169913,0.10621143935050231,0.4,0.4,False,False,0.0,0
M05,1835086214,28,294,0.9930842996453213,0.9930843062479764,0.14987909165501287,0.9930842996453213,0.0,0.8054325753845368,0.7116360942040121,0.8657409128035252,1.0205653876782306,289,0.24168735402419336,0.21595854085337063,0.021095193264206925,0.15153466596142157,0.2888332544212288,0.08089099147557875,0.0,0.0,False,False,0.0,0
M05,1835086214,29,289,0.9900515727073761,0.9900515799515508,0.14911664123022428,0.9900515727073761,0.0,0.8127969080194114,0.7242051899097072,0.8557619956873156,1.0411818632735999,286,0.28938625519869554,0.2265951666744676,0.01476711209595099,0.21558735522261183,0.1829758708207146,0.07068823998755948,0.0,0.0,False,False,0.0,0
M05,1835086214,30,286,0.9869243210750681,0.9869243524953285,0.13741199643053356,0.9869243210750681,0.05600000000000001,0.8033710597585374,0.7214250630438991,0.8691230540349543,1.0332223053189105,284,0.1053766578709663,0.14453970731898502,0.1404464583843657,0.2618551123096349,0.2946862895818512,0.05309577453419689,0.4,0.0,False,False,0.0,0
M05,1835086214,31,284,0.9879466332407847,0.9911158644409275,0.0457333563228306,0.9879466332407847,0.456,0.8079685481754666,0.7116838031837628,0.8822107486314589,0.9984361155168794,284,0.016624916150733405,0.20007811576943232,0.010344610728217135,0.2863719590568436,0.43001698907288893,0.056563409221884554,0.4,0.4,False,False,0.0,0
M05,1835086214,32,284,0.9888679641121183,0.9913808917864662,0.04758254481911106,0.9888679641121183,0.456,0.8132038864454199,0.7011850011319315,0.8829720260746816,0.9765314337335929,281,0.0010673513419610441,0.36542027131753424,0.11303731030851998,0.2744563573069177,0.24491176153184335,0.001106948193223698,0.4,0.4,False,False,0.0,0
M05,1835086214,33,281,0.9895252494279093,0.9895252630119484,0.14410792644982204,0.9895252494279093,0.05600000000000001,0.8097912841804473,0.6939957661613009,0.8946748234672135,0.9578963238730802,289,0.035875188574574446,0.19048099803848104,0.23699994310677425,0.22260407761159617,0.31272424552451417,0.001315547144059778,0.4,0.0,False,False,0.0,0
M05,1835086214,34,289,0.9835922240511585,0.9849095152022849,0.05267159563630455,0.9835922240511585,0.41400000000000003,0.8154224185202702,0.6993971058066665,0.8858881638156464,0.968193770983565,288,0.18876409941788286,0.16207578266592687,0.08921683641502398,0.32486621593204135,0.20340411347577098,0.031672952093354086,0.2,0.4,False,False,0.0,0
M05,1835086214,35,288,0.9898873805395542,0.9916353558310783,0.05047401800660891,0.9898873805395542,0.42400000000000004,0.8139391223092627,0.7083450012239927,0.8761963655951642,0.9932337364574074,285,0.23647188384574422,0.17362241810132226,0.10735505238367644,0.2628467794134349,0.19448509080541257,0.025218775450409705,0.8,0.2,False,False,0.0,0
M05,1835086214,36,285,0.9888793859412603,0.9897923485279417,0.055629426128508616,0.9888793859412603,0.41400000000000003,0.8108381914665339,0.69810989191455,0.8804680808258039,0.9778584189101482,292,0.0022767593969616555,0.20311291497084982,0.16200905457468726,0.36155473251743053,0.25945675895078024,0.011589779589290503,0.2,0.4,False,False,0.0,0
M05,1835086214,37,292,0.9903113944209563,0.9903136042826647,0.1035832377756805,0.9903113944209563,0.2,0.8061650209342556,0.7021073249308143,0.8785381615779014,0.9913315371859267,296,0.17378659514989755,0.16066913319666962,0.06001404080700449,0.33513815187344986,0.23058444417338975,0.039807634799588744,0.0,0.2,False,False,0.0,0
M05,1835086214,38,296,0.9876300544032244,0.987630060164571,0.15092021561039692,0.9876300544032244,0.0,0.8051120744782161,0.7099335016988028,0.8796751759858851,1.002395237244579,305,0.2241442876816148,0.17290856159068335,0.05055987285410415,0.2497873218227714,0.24495415282886868,0.057645803221957594,0.0,0.0,False,False,0.0,0
M05,1835086214,39,305,0.9931510051503156,0.9937757012222306,0.05868168512505436,0.9931510051503156,0.41400000000000003,0.806375941778473,0.7202110514936951,0.8917076583872966,1.0016124693499184,308,0.2596778109979067,0.2152367210319834,0.028409934576290454,0.18046187286063203,0.3156421780336086,0.0005714824995789212,0.2,0.4,False,False,0.0,0
M05,1835086214,40,308,0.979350920948391,0.9935929878647894,0.0337915340430784,0.979350920948391,0.526,0.8051899211022607,0.7132905381043074,0.8914414509161993,0.9937458058451002,310,0.051125489816212545,0.21414085288353565,0.1011958469816093,0.30283514547505047,0.24452279183816178,0.08617987300543042,0.6,0.4,False,False,0.0,0
M05,1835086214,41,310,0.988064768954871,0.9882635723095534,0.06775129094911597,0.988064768954871,0.35,0.8082035840607191,0.7095059351610499,0.8985673051600167,0.9769776941012163,311,0.08599904952447207,0.22121946449533056,0.07329234460954309,0.23648270259878382,0.2813499966771866,0.10165644209468393,1.0,0.0,False,False,0.0,0
M05,1835086214,42,311,0.9876089093413055,0.9876140325941644,0.09686820352703865,0.9876089093413055,0.2,0.8067435281150819,0.7181064006890749,0.8692723726464318,1.0239940440726292,310,0.23844702857597003,0.19122627445820345,0.12226889195207222,0.3286215204184096,0.10280899001208343,0.01662729458326118,0.0,0.2,False,False,0.0,0
M05,1835086214,43,310,0.9902036689920284,0.9904180203484885,0.06716922884248167,0.9902036689920284,0.326,0.8052435679726128,0.731152094473403,0.8823451353817886,1.0290630115374833,313,0.29938767273477324,0.16684608042085733,0.014683666423750831,0.11735565170645702,0.3342990347099132,0.06742789400424844,0.6,0.2,False,False,0.0,0
M05,1835086214,44,313,0.9778694052504794,0.9913571386141546,0.03420678416202924,0.9778694052504794,0.526,0.809629013492246,0.720254898530811,0.8941106218436098,0.9949675193397228,301,0.008255109763477384,0.2106159907145655,0.16283823758568566,0.3081441301388163,0.3053921939956907,0.004754337801764475,0.6,0.4,False,False,0.0,0
M05,1835086214,45,301,0.9756596999614932,0.9891046099629555,0.034213990297100295,0.9756596999614932,0.526,0.8047886104960225,0.711056659243126,0.9038157756329358,0.9775578534463647,300,0.022681320485693518,0.17860672378340536,0.008563593802653745,0.4097871742217685,0.29558107986843474,0.08478010783804424,0.6,0.4,False,False,0.0,0
M05,1835086214,46,300,0.9915733398489576,0.9916890168755081,0.07208932680611882,0.9915733398489576,0.35,0.8053976053877399,0.7231611428505987,0.9134341980696422,0.9829863367000684,299,0.28321645712036236,0.2344259359647775,0.0002576165191277183,0.14969792338733617,0.33168532093004616,0.0007167460783501971,1.0,0.0,False,False,0.0,0
M05,1835086214,47,299,0.9862472423804889,0.986271062768745,0.0846247084129341,0.9862472423804889,0.256,0.81142344656189,0.7276004568869302,0.9220907782626779,0.9724599664745562,288,0.19496713973576693,0.17882483182424094,0.02545644371367489,0.21239047552155546,0.3654142025531852,0.022946906651576674,0.4,0.2,False,False,0.0,0
M05,1835086214,48,288,0.9828060486580974,0.9834069497972048,0.05890732390240196,0.9828060486580974,0.4,0.8169139608588187,0.7298036117398421,0.9072437543796931,0.984704002272477,283,0.1697897212157305,0.1764165716757605,0.14146929944790487,0.3089733730035796,0.18681026971641457,0.016540764940609968,0.0,0.4,False,False,0.0,0
M05,1835086214,49,283,0.9890414978461207,0.9900052720221245,0.055200003865438836,0.9890414978461207,0.4,0.8156620526116147,0.7204268577905497,0.9165193789417238,0.9636914037916846,283,0.02641783297124652,0.25286803371213695,0.0507319619588409,0.3160964737788273,0.303440888604184,0.05044480897476439,0.0,0.4,False,False,0.0,0
M05,1835086214,50,283,0.9852695155932542,0.987429803149743,0.04875437717962277,0.9852695155932542,0.45925,0.8145486672826168,0.7104909820679133,0.9144969021249145,0.9538043393159112,289,0.013568339586138116,0.4545436982927035,0.0035910069360623083,0.27925273432205683,0.24814730538681593,0.0008969154762233381,0.4,0.40325,True,True,0.03,0
M05,1835086214,51,289,0.9902266776879732,0.9902266822539602,0.15279212478617954,0.9902266776879732,0.0205,0.8064243063166217,0.7249664329645176,0.8843278435070059,1.0165786629794125,297,0.4205316801066008,0.19098512328288772,0.022567643202696774,0.1945510882044837,0.10640315797291434,0.06496130723041674,0.2,0.0065,True,True,0.06,0
M05,1835086214,52,297,0.9756783490600286,0.9890735731210455,0.03424321162551449,0.9756783490600286,0.53575,0.8042751673091062,0.716780414224969,0.8958950591563053,0.9947737776730659,299,0.03827878635846603,0.21070850458986318,0.055415549510620596,0.328456208528111,0.3566032447824677,0.010537706230471471,0.6,0.40975,True,True,0.09000000000000001,0
M05,1835086214,53,299,0.9917392954218189,0.9917393013705811,0.15069844918692848,0.9917392954218189,0.013,0.803963124256626,0.7063068197089892,0.9063055532406747,0.9693544967246996,299,0.0045678274408588,0.18253144161666135,0.09063152390189169,0.24375008010988267,0.46844347388171315,0.010075653048992427,0.0,0.013,True,True,0.12000000000000001,0
M05,1835086214,54,299,0.9867648639329555,0.9883032163922267,0.051464093920595165,0.9867648639329555,0.43025,0.8014779509893347,0.6975155575218726,0.9156749979166072,0.9504318099995094,302,0.019050984979159476,0.17241575288170036,0.07931810007529588,0.23740234108512814,0.31014280531844285,0.18167001566027344,0.2,0.41625,True,True,0.15000000000000002,0
M05,1835086214,55,302,0.9909134950311848,0.9912209762340508,0.06430370501924819,0.9909134950311848,0.34550000000000003,0.8031539501125157,0.6928592928370106,0.9241074981249465,0.9335202700656514,300,0.06524391489039684,0.17841337162464688,0.13227694072181648,0.2899268180798451,0.32024286199487406,0.013896092688420538,0.6,0.2195,True,True,0.18000000000000005,0
M05,1835086214,56,300,0.9878220718286225,0.9903866085833131,0.047412734027299626,0.9878220718286225,0.44675000000000004,0.8048962257418719,0.705753307935561,0.9021558402676957,0.971922120362246,295,0.2817122467550114,0.18522918031833235,0.05893829096477555,0.3201919534924664,0.15229545977621922,0.0016328686931951603,0.8,0.22275,True,True,0.21000000000000008,0
M05,1835086214,57,295,0.9865511173074231,0.9919436039509072,0.041509081631741045,0.9865511173074231,0.48200000000000004,0.8046679171002391,0.7056200267771958,0.9021225069360189,0.9720502008258847,300,0.12692980298016104,0.18758679122550373,0.016757513929796828,0.3500660460305446,0.2509112534754642,0.06774859235852958,0.4,0.42600000000000005,True,True,0.2400000000000001,0
M05,1835086214,58,300,0.9904390250430932,0.9904405296472524,0.10664411147789644,0.9904390250430932,0.15525,0.8034200726691159,0.713206212883719,0.9060231130493716,0.9797903616714229,304,0.22333984306728688,0.2058527403333754,0.0541983540407987,0.21523444325824265,0.2705642840347724,0.030810335265523976,0.6,0.029249999999999998,True,True,0.27000000000000013,0
M05,1835086214,59,304,0.951210231586909,0.9889421881631708,0.02599862761256997,0.951210231586909,0.5825,0.8041584596388617,0.7091831219369146,0.9084280592090115,0.9707920608992185,301,0.08296524621726875,0.15729804574736714,0.11781208226478491,0.2623673498955087,0.26503628732288553,0.114520988552185,1.0,0.2325,True,True,0.30000000000000016,0
M05,1835086214,60,301,0.984418330223427,0.9859865260807206,0.051292469358349704,0.984418330223427,0.43575,0.8067886093398005,0.7084770080318772,0.9012795868388039,0.9743308820313871,300,0.12191302739760496,0.22799765830331978,0.03337165184482042,0.378015234110892,0.21847166775346782,0.020230760589895022,0.0,0.43575,True,True,0.3300000000000002,0
M05,1835086214,61,300,0.9857333393896708,0.9905207122925102,0.04244510157837174,0.9857333393896708,0.495,0.810076722950582,0.7055442818458943,0.9111516281549236,0.9558890082693194,300,0.0936390526951384,0.2606544591895221,0.005755987379083088,0.2672862996791587,0.3235611450174183,0.04910305603967955,0.4,0.439,True,True,0.3600000000000002,0
M05,1835086214,62,300,0.9865040609889124,0.991930476557304,0.041459049286197314,0.9865040609889124,0.49825,0.8127945462422373,0.7124319426244358,0.8891051916359642,0.9858468570494819,299,0.21456093588545153,0.21765355306317624,0.010253548132214935,0.3792656729346762,0.14534363148266488,0.03292265850181635,0.4,0.44225000000000003,True,True,0.39000000000000024,0
M05,1835086214,63,299,0.9923710824279716,0.992371665689476,0.1142029777108608,0.9923710824279716,0.17149999999999999,0.8151795280369687,0.7107901192767961,0.9001946724723678,0.96861609038733,296,0.11224717229477653,0.20220212257157583,0.028658959658325323,0.22253565708408812,0.30317511861561985,0.13118096977561422,0.6,0.0455,True,True,0.42000000000000026,0
M05,1835086214,64,296,0.9903579802453953,0.9903588053533421,0.11142563607131169,0.9903579802453953,0.17475,0.8170589370857424,0.7106901425578148,0.9002960921145552,0.9661432899784949,297,0.1304941155607317,0.22026831435103872,0.05351588412725423,0.21519230421224658,0.25060443444712044,0.12992494730160842,0.6,0.048749999999999995,True,True,0.45000000000000023,0
M05,1835086214,65,297,0.9888461868151913,0.9888598302370766,0.08908160004533724,0.9888461868151913,0.266,0.8116084231283612,0.7154100969934053,0.8870416389532191,0.9937211035494384,300,0.19068076954351532,0.15850662886083153,0.09200066641810926,0.26262974023219515,0.18387578025059717,0.11230641469475158,0.2,0.252,True,True,0.48000000000000026,0
M05,1835086214,66,300,0.9891492232592427,0.9930651215263651,0.044064996946522904,0.9891492232592427,0.46925000000000006,0.8110609510022515,0.7174775845949044,0.8806809661518962,1.0044682982973345,304,0.16047490563961742,0.1858433638958521,0.05163493096129233,0.27686402696272366,0.2117174554699948,0.11346531707051973,0.2,0.45525000000000004,True,True,0.5100000000000002,0
M05,1835086214,67,304,0.9899276758532947,0.989940878180679,0.0893519002379622,0.9899276758532947,0.2585,0.8138844643329685,0.7260543746961223,0.8840972137801895,1.0090353143625432,303,0.24313336663703863,0.17401772758467055,0.045151493746656564,0.22550213113982806,0.25742172121741475,0.05477355967439147,0.0,0.2585,True,True,0.5400000000000001,0
M05,1835086214,68,303,0.9908429204503573,0.9908429336516287,0.14434603695092538,0.9908429204503573,0.06175,0.8111868976342957,0.7196342178086984,0.8816605803902385,1.0062119121484576,307,0.0610320230922773,0.2585369929124631,0.12025480766177223,0.32008235779050925,0.22986543994033984,0.010228378602638241,0.0,0.06175,True,True,0.5700000000000001,0
M05,1835086214,69,307,0.9908104449305,0.9913549137813688,0.059756419354868195,0.9908104449305,0.391,0.8110089666378177,0.7184103984329159,0.8877104112984265,0.9978738470400561,310,0.12197364393315524,0.1723290408145614,0.15353344359462845,0.25390577089778743,0.27107944473605905,0.02717865602380833,0.6,0.265,True,True,0.6,0
M05,1835086214,70,310,0.9882657959993169,0.9882658285945977,0.1371305578737,0.9882657959993169,0.06824999999999999,0.8116011406420386,0.7297945966057978,0.8859906493272133,1.0149130957744719,317,0.27880897618159733,0.2007903714048977,0.0029440768840070636,0.18488430406141892,0.23525639579314717,0.09731587567493187,0.0,0.06824999999999999,True,True,0.6299999999999999,0
M05,1835086214,71,317,0.9865096735480393,0.9910065510939506,0.04294729393028226,0.9865096735480393,0.47150000000000003,0.8117306523955842,0.7279409351298725,0.897391584394492,0.9993145338678252,314,0.12045085442955623,0.2028071973467384,0.07010509858905117,0.24412028559955276,0.3235182483242823,0.038998315710819215,0.0,0.47150000000000003,True,True,0.6599999999999998,0
M05,1835086214,72,314,0.9847300627779445,0.9896785975554381,0.04217477538533795,0.9847300627779445,0.47475,0.8037717238410343,0.720264977769634,0.9076524259550428,0.9872792318881876,326,0.04651361745318988,0.24176490328804542,0.11642665722681166,0.24903808509913788,0.33005176664477426,0.01620497028804096,0.0,0.47475,True,True,0.6899999999999997,0
M05,1835086214,73,326,0.9877812275012541,0.9877812658204965,0.13583883588278212,0.9877812275012541,0.078,0.8033836705417032,0.7187192004638561,0.904349575442673,0.9892359892947048,325,0.11834339478379587,0.24749550723365057,0.10341605928976148,0.25042071987839915,0.23731196041567268,0.04301235839872022,0.0,0.078,True,True,0.7199999999999996,0
M05,1835086214,74,325,0.9892664372458942,0.989332303514751,0.07655330743520872,0.9892664372458942,0.30525,0.8022593182386623,0.7130927067438597,0.9112461811816697,0.9754286406163802,331,0.06636832878995565,0.3132684254745839,0.09099574189858796,0.2297455002668523,0.2866578164163198,0.01296418715370043,0.8,0.08125,True,True,0.7499999999999996,0
M05,1835086214,75,331,0.9908660662247933,0.9921237049977767,0.05309857027332404,0.9908660662247933,0.4105,0.8007672417031696,0.7074125396082303,0.9201215630635027,0.960110561090161,330,0.062180852519544375,0.27527986059963333,0.02605333018848378,0.295062189067507,0.33902535432116143,0.00239841330367012,0.6,0.2845,True,True,0.7799999999999995,0
M05,1835086214,76,330,0.9831756403588033,0.9911370308997417,0.03840138471846036,0.9831756403588033,0.48775,0.802534688750292,0.714837160399048,0.9261644276764822,0.9617345341251616,325,0.22244059714036604,0.2632005554658721,0.035606276819711555,0.18671488557297178,0.2902751045966488,0.001762580404429756,0.0,0.48775,True,True,0.8099999999999994,0
M05,1835086214,77,325,0.987750428064705,0.9880108840502345,0.06559909810792064,0.987750428064705,0.34700000000000003,0.7954118816944653,0.7239357549295234,0.9248461174373155,0.9840982851117662,323,0.24800565688034854,0.1532538166714476,0.13247733217721844,0.1931442924726679,0.2564906626424072,0.01662823915591025,0.4,0.29100000000000004,True,True,0.8399999999999993,0
M05,1835086214,78,323,0.9670557537656173,0.9907071124063528,0.02973086714434425,0.9670557537656173,0.55025,0.796987077403949,0.7163804792901968,0.9323615056935839,0.9640690239985286,320,0.04551890133936837,0.16627174982140067,0.040964027581147894,0.36828336699223274,0.37853801675773585,0.00042393750811452576,0.4,0.49425,True,True,0.8699999999999992,0
M05,1835086214,79,320,0.9877511505336938,0.9903707530458731,0.04724349691845958,0.9877511505336938,0.44749999999999995,0.8025354459713484,0.7090088425150047,0.9253320018854164,0.9547503939195017,319,0.043092339866472,0.3380351757930961,0.064696235828327,0.2853081958634232,0.2310332338059548,0.03783481884272684,1.0,0.09749999999999999,True,True,0.8999999999999991,0
M05,1835086214,80,319,0.9893964772990521,0.9896324158738237,0.06639910358321534,0.9893964772990521,0.32475000000000004,0.7946117271175344,0.7235584003892545,0.904000677462868,1.0072791949468298,318,0.3744672386413046,0.14259642243644138,0.01970359947817817,0.2535597638838061,0.15600937882996646,0.053663596730303464,0.8,0.10074999999999999,True,True,0.929999999999999,0
M05,1835086214,81,318,0.9905565276485229,0.9905581957188145,0.10582407408125487,0.9905565276485229,0.16,0.7962074600633741,0.719543432389729,0.9136006097165812,0.9891778670156812,319,0.08953690024921601,0.17810758405455698,0.055021538800640604,0.2677659980808931,0.33357862695474316,0.07598935185995029,0.4,0.104,True,True,0.9599999999999991,0
M05,1835086214,82,319,0.988435715699137,0.9884371835765325,0.10682470733074789,0.988435715699137,0.16325,0.8002294788392111,0.7184501371866792,0.9114107450726558,0.9850719252940368,311,0.12354845520545787,0.17515753428653846,0.11003605710799,0.1940601586206553,0.24585098163866384,0.1513468131406946,0.4,0.10725,True,True,0.9899999999999991,0
M05,1835086214,83,311,0.9893578535579274,0.989448336342163,0.07402665331987097,0.9893578535579274,0.3105,0.7954205160636907,0.7309473840180597,0.9141748738583713,1.0052175150671485,310,0.2927469211339314,0.15329199029414214,0.017631692979551725,0.19135420583294105,0.26952601646490504,0.07544917329452855,0.0,0.3105,True,True,1.0199999999999991,0
M05,1835086214,84,310,0.988547243203996,0.9908928089293746,0.048127248051017514,0.988547243203996,0.43975,0.7951377812731812,0.7311734021672399,0.9130055505682857,1.0071741652940638,303,0.14716734187603975,0.318045206394177,0.0014301906316122185,0.2178014959538711,0.25124082047875795,0.06431494466554195,0.6,0.31375,True,True,1.0499999999999992,0
M05,1835086214,85,303,0.9753866390049049,0.9917494580465763,0.0326718004359025,0.9753866390049049,0.541,0.7992573516025072,0.7260500435458076,0.9217049955114571,0.985571133421255,298,0.08044139358662059,0.24991817386759685,0.10367745642685235,0.222906465624652,0.30840907518615046,0.034647435308127715,0.8,0.317,True,True,1.0799999999999992,0
M05,1835086214,86,298,0.9875025779780211,0.9876595596557342,0.06962649118309229,0.9875025779780211,0.33425000000000005,0.7856384488128987,0.7381704260848608,0.9103530273422492,1.0321054502843126,301,0.29278605895429477,0.13225653873524942,0.045352941809380334,0.28799180845860045,0.20409265690968914,0.03751999513278581,0.2,0.32025000000000003,True,True,1.1099999999999992,0
M05,1835086214,87,301,0.9888643649880796,0.9888658212587105,0.10689135036225454,0.9888643649880796,0.1795,0.7874431184859305,0.7361022969659977,0.9193177246080243,1.0168416985758582,304,0.12300490231724859,0.2198826586732498,0.007619517942639247,0.215211390445101,0.30644367764584407,0.12783785297591727,0.4,0.1235,True,True,1.1399999999999992,0
M05,1835086214,88,304,0.989847058561371,0.9898474250074828,0.11788242107051283,0.989847058561371,0.12675,0.7897486307980205,0.7411595120490229,0.9226803210661643,1.0171184845540338,302,0.21077912414156344,0.2341093452484059,0.006210178700539802,0.1941309327383917,0.27647184459471186,0.07829857457638738,0.0,0.12675,True,True,1.1699999999999993,0
M05,1835086214,89,302,0.9759311961014425,0.989804490489239,0.03396995199473393,0.9759311961014425,0.53,0.7937778634670709,0.7471870547527254,0.9304122889595479,1.0117073793309437,294,0.22606897882692092,0.32316900997033504,0.019233148722916368,0.10869555972446937,0.3091288791606845,0.013704423594673764,0.0,0.53,True,True,1.1999999999999993,0
M05,1835086214,90,294,0.9718415948519492,0.9881655046288002,0.032661933321829165,0.9718415948519492,0.54725,0.7989249113833362,0.7480953330414345,0.9283074356852941,1.0086933394390012,292,0.16584538782931763,0.1716839940565637,0.07654977796911074,0.3159456858372428,0.2546818781085046,0.015293276199260485,0.2,0.53325,True,True,1.2299999999999993,0
M05,1835086214,91,292,0.9899798643454956,0.9899878711021048,0.09333317025417916,0.9899798643454956,0.26249999999999996,0.8038482793450783,0.7487737805481847,0.9246097850877024,1.007437370470609,283,0.16354017698527346,0.20855552012596756,0.1041289611024891,0.20974001088300154,0.245665464854689,0.06836986604857948,0.6,0.13649999999999998,True,True,1.2599999999999993,0
M05,1835086214,92,283,0.9829704183770386,0.9829711833674128,0.11196822239265686,0.9829704183770386,0.15375,0.7888429641757562,0.7518693196425729,0.9183181413979866,1.0379074836570366,282,0.19417785152246778,0.13239536600791355,0.030027058995252882,0.24959654475377768,0.2308466740952722,0.162956504625316,0.2,0.13974999999999999,True,True,1.2899999999999994,0
M05,1835086214,93,282,0.9903634908161699,0.990364155861046,0.11314234646654754,0.9903634908161699,0.143,0.7894843311108455,0.7519269555078953,0.9208404955682443,1.0343028682817512,286,0.15813877309313962,0.22025246455321634,0.12940077218774593,0.20965664848448065,0.2717708415502818,0.01078050013113573,0.0,0.143,True,True,1.3199999999999994,0
M05,1835086214,94,286,0.9904832675470865,0.9904836021771893,0.11861051496152465,0.9904832675470865,0.14625,0.787678860853803,0.7513373899688827,0.9287564460114199,1.0270319883288435,289,0.15008477795477598,0.15772234367114712,0.048532241826948826,0.28602712186220036,0.3077104509322766,0.04992306375265115,0.0,0.14625,True,True,1.3499999999999994,0
M05,1835086214,95,289,0.9844559491320571,0.9901383875555935,0.0410776825494239,0.9844559491320571,0.49949999999999994,0.7875945279859785,0.755983127375128,0.9087793233821441,1.0562117029227236,294,0.21515758630861728,0.18532154664796113,0.061076168087725084,0.2609297666898082,0.16449260985933087,0.11302232240655732,1.0,0.1495,True,True,1.3799999999999994,0
M05,1835086214,96,294,0.9898372313654495,0.9944880874169956,0.042707209729672374,0.9898372313654495,0.47875,0.7804146307238533,0.7550210742376529,0.8924794747503926,1.0840153555255352,299,0.14796379039101631,0.14168482039864622,0.02149053853661673,0.3626945032888124,0.17289041853231432,0.153275928852594,0.6,0.35275,True,True,1.4099999999999995,0
M05,1835086214,97,299,0.9545926962541669,0.9885494465403696,0.02683461469425952,0.9545926962541669,0.5700000000000001,0.7853066020415774,0.755532153341995,0.8914279476833304,1.079263418818139,298,0.16577666020280993,0.21182063975551693,0.054655598801718004,0.22931705532354282,0.24098210203988546,0.09744794387652692,0.2,0.556,True,True,1.4399999999999995,0
M05,1835086214,98,298,0.9553823671044231,0.9916788046082098,0.02632937818410904,0.9553823671044231,0.58325,0.7874219687867163,0.7564452131139484,0.9012819960119398,1.0658823136959912,288,0.17112084298816532,0.19233722006770426,0.005476737871151711,0.16555800250854913,0.29498421548471215,0.17052298107971745,0.8,0.35925,True,True,1.4699999999999995,0
M05,1835086214,99,288,0.965244926847782,0.9898765976322397,0.02940091295668776,0.965244926847782,0.5625,0.7881966994114027,0.7519041401950058,0.8865452756035408,1.076036354511939,295,0.10351484670943611,0.16722135006907973,0.03595136921223061,0.29217871326541084,0.17695739596397486,0.22417632477986785,0.0,0.5625,True,True,1.4999999999999996,0
M05,1835086214,100,295,0.986050587519243,0.9871852190670882,0.05387816314636812,0.986050587519243,0.42175,0.7877597696071673,0.7566937334996664,0.8708371287222313,1.103035277386,292,0.21731000393013547,0.15406031168797654,0.022717728816535495,0.4275738313408306,0.16473190339522306,0.0136062208292988,0.4,0.36575,True,True,1.5299999999999996,0
M05,1835086214,101,292,0.9881671777239722,0.9881805682105531,0.08922508711294502,0.9881671777239722,0.22499999999999998,0.771040344447468,0.7581258940006498,0.8731821989007919,1.1260543534980858,288,0.17833558969958394,0.11559432088588731,0.12341068664831073,0.27371800975829685,0.24714391525391866,0.06179747775400265,0.4,0.16899999999999998,True,True,1.5599999999999996,0
M05,1835086214,102,288,0.9891480697213717,0.9892102648909961,0.07700882875054152,0.9891480697213717,0.29825,0.7732258180004281,0.7526199320490405,0.8660253231050339,1.1239287430166316,292,0.0925041593552911,0.25747344711291953,0.061095656641244486,0.26006549444728705,0.200806720471606,0.1280545219716519,0.6,0.17225,True,True,1.5899999999999996,0
M05,1835086214,103,292,0.9500549536233138,0.9931838354953421,0.024968549394109807,0.9500549536233138,0.5895,0.7652459801526121,0.7495161021042559,0.8794227907945305,1.1137358362515881,290,0.11908958322084207,0.14166578191626678,0.039426176051432595,0.29448956929601483,0.40020451233373405,0.005124377181709571,0.2,0.5755,True,True,1.6199999999999997,0
M05,1835086214,104,290,0.991969999678888,0.9919753186235113,0.09660489154721218,0.991969999678888,0.19275,0.7690570446516195,0.7593356907072003,0.8699506008174751,1.1349602887374253,287,0.2786924213519645,0.1798379894649268,0.00010083430906714928,0.32248804582259766,0.19235044551198843,0.02653026353945542,0.2,0.17875,True,True,1.6499999999999997,0
M05,1835086214,105,287,0.9770361839461646,0.9871150892072206,0.036491705909807146,0.9770361839461646,0.508,0.7750206081483157,0.7668017631871031,0.8654328499829486,1.1432375380365245,278,0.2554107126907855,0.16758781912485024,0.0557915861416473,0.24920541668776652,0.21238654623610484,0.05961791911884572,0.6,0.382,True,True,1.6799999999999997,0
M05,1835086214,106,278,0.9881508920938455,0.989077256605472,0.0555076718094795,0.9881508920938455,0.39925,0.7718398567963771,0.7614378339243212,0.8644108222878978,1.14126646269186,286,0.09970198620716493,0.26377778381177436,0.07411834133569459,0.25757484614390674,0.22760628651622028,0.07722075598523911,0.2,0.38525,True,True,1.7099999999999997,0
M05,1835086214,107,286,0.9866217291298752,0.9867292694354888,0.07262999483175622,0.9866217291298752,0.3145,0.7730782571936711,0.7578897099147314,0.8759607298953671,1.1191747796101308,284,0.1190470960828285,0.16836837489752968,0.03852538392520206,0.23264489229118038,0.2899549491812956,0.15145930362196391,0.6,0.1885,True,True,1.7399999999999998,0
M05,1835086214,108,284,0.9925032802223666,0.9925049231278289,0.10596070479686669,0.9925032802223666,0.19175,0.7733843334150596,0.7566522349957215,0.8795923073662599,1.1122938257085058,290,0.14571263220908406,0.1797617324902449,0.023296365488133616,0.36470068672022704,0.25613825230214765,0.03039033079016268,0.0,0.19175,True,True,1.7699999999999998,0
M05,1835086214,109,290,0.9919064893382497,0.9919081202081317,0.10601444537032494,0.9919064893382497,0.19499999999999998,0.7759349102932825,0.7622310060816333,0.8787556229117316,1.1178748933389517,285,0.23014228544622345,0.17984616706875575,0.1334570792031267,0.21445134074786706,0.23561273141048805,0.006490396123539086,0.0,0.19499999999999998,True,True,1.7999999999999998,0
M05,1835086214,110,285,0.9869054975081276,0.9892162334594128,0.04823285544152488,0.9869054975081276,0.41225,0.7593139857143221,0.7579316093827027,0.8908800606205585,1.1204420040000884,285,0.11015192006438838,0.1188791349003599,0.12732588543304657,0.247256957973605,0.3157702042990831,0.080615897329517,0.2,0.39825,True,True,1.8299999999999998,0
M05,1835086214,111,285,0.8482438611600757,0.9899899639986134,0.015471658280630093,0.8482438611600757,0.6575000000000001,0.7317295548696409,0.7625742577623269,0.9017920545585026,1.1556468488658425,283,0.21924036060949298,0.0997449278174213,0.0021180598565963805,0.2631616441073361,0.3929282860346329,0.022806721574520378,0.4,0.6015,True,True,1.8599999999999999,0
M05,1835086214,112,283,0.9852213678206051,0.9883652104453358,0.045775258545563725,0.9852213678206051,0.42875,0.7404458032031721,0.7609761966320029,0.9116128491026524,1.1273722963740205,278,0.14413314697240362,0.2014151869302379,0.01694248166340904,0.29049184223205515,0.33518027328268873,0.011837068919205563,0.8,0.20475,True,True,1.89,0
M05,1835086214,113,278,0.9851553153600601,0.9879657116891376,0.046664526428671034,0.9851553153600601,0.42200000000000004,0.7284305265330052,0.7729273868004027,0.90406336497586,1.1736853596271248,281,0.3312237623272031,0.1303962668582799,0.008671828960255978,0.20869785847951997,0.21805900391736435,0.10295127945737663,0.2,0.40800000000000003,True,True,1.92,0
M05,1835086214,114,281,0.9875444904258884,0.9917242964504567,0.04353508524256213,0.9875444904258884,0.43525,0.7216404205584975,0.7649382317210756,0.913657028478274,1.1601718325616266,288,0.07071517825866222,0.14867155079079766,0.012376709017044055,0.40247434249903963,0.3160868691038831,0.04967535033057346,0.8,0.21125,True,True,1.95,0
M05,1835086214,115,288,0.9909012086994887,0.9910255832574129,0.07150692947617078,0.9909012086994887,0.2705,0.7236152782619656,0.7558321675678104,0.917300356464798,1.1386915058497504,284,0.05176059290985724,0.20849015102508767,0.07202404926295022,0.21651112028056757,0.2750451541717572,0.1761689323497801,0.4,0.2145,True,True,1.9799999999999998,0
M05,1835086214,116,284,0.9852360251738042,0.9857632670840895,0.05996732060340128,0.9852360251738042,0.34375,0.7010346660613982,0.7599737573464518,0.9255703208183182,1.1712502092035624,280,0.21166497696290004,0.10886888494674192,0.03348092255170741,0.20711299375690656,0.4210056146016564,0.017866607180087687,0.6,0.21775,True,True,2.01,0
M05,1835086214,117,280,0.7978298728500219,0.9886112212832203,0.013095701631592734,0.7978298728500219,0.677,0.7109203273953779,0.7548235609534172,0.9245926132872951,1.1483495274442015,280,0.09810614342860023,0.21499021304479338,0.0018862868654637207,0.3194471369489282,0.2578966227540434,0.10767359695817108,0.4,0.621,True,True,2.04,0
M05,1835086214,118,280,0.9914058648571363,0.9915298303551516,0.07153720195982624,0.9914058648571363,0.23825,0.7031637718472143,0.7532252236986419,0.9211261346851579,1.1629184572438758,279,0.1392855099111938,0.1373431551463905,0.05015075778907502,0.2140164722607264,0.24496391363296163,0.21424019125965268,0.2,0.22424999999999998,True,True,2.0700000000000003,0
M05,1835086214,119,279,0.8449947011435575,0.9856373919000802,0.01549879105278646,0.8449947011435575,0.6415,0.6865132644373113,0.7452936961013592,0.9218488103763771,1.1776569933853234,281,0.05912166984561791,0.11906648816965872,0.17478674718988996,0.3182961469074288,0.26417644579867516,0.0645525020887294,0.2,0.6275,True,True,2.1000000000000005,0
M05,1835086214,120,281,0.912506447878893,0.9911765574947837,0.020167879959074573,0.912506447878893,0.58075,0.6721953951484358,0.7540338340645593,0.9048838555510137,1.2396596360015604,278,0.26256028460335046,0.12004980332750731,0.06676575780936349,0.3708752729492226,0.17609963106137128,0.003649250249184923,1.0,0.23074999999999998,True,True,2.130000000000001,0
M05,1835086214,121,278,0.9811252749655548,0.992837172118286,0.035342426409058256,0.9811252749655548,0.434,0.6528035063395193,0.7663321423613313,0.9103894773353902,1.2894583946117437,283,0.31858808655723286,0.10992904554894828,0.09435020244621875,0.1318037347126053,0.27997003669738973,0.06535889403760518,0.0,0.434,True,True,2.160000000000001,0
M05,1835086214,122,283,0.9245876200509175,0.9890398347824118,0.021737456446306924,0.9245876200509175,0.56325,0.6622501246313868,0.7683684625900418,0.8986825402738245,1.2910443997340468,288,0.19191159183471276,0.21525394888581328,0.14058884588525816,0.2127669077835643,0.19666005335986692,0.04281865225078462,0.6,0.43725,True,True,2.1900000000000013,0
M05,1835086214,123,288,0.7422183845666425,0.9880602192698918,0.011072904206938128,0.7422183845666425,0.6965000000000001,0.6743069426557524,0.7658394774444288,0.9088142862464421,1.249697707120991,284,0.13611797479861426,0.16449729524463005,0.022681024907209798,0.21128822693665278,0.4442554789625655,0.02115999915032772,0.4,0.6405000000000001,True,True,2.2200000000000015,0
M05,1835086214,124,284,0.9187217217435878,0.9904006221678427,0.020902465161224196,0.9187217217435878,0.56975,0.6874597569101614,0.7620118775862857,0.9101264544729822,1.2179030625106528,273,0.11830467517597947,0.2100588253185145,0.10521867314675504,0.2887320111689613,0.26096798425592166,0.016717830933867986,0.6,0.44375,True,True,2.2500000000000018,0
M05,1835086214,125,273,0.82434283578456,0.9890227152167204,0.01427013652709582,0.82434283578456,0.661,0.6833702191114097,0.7739112837069715,0.9055536956894782,1.2506071948050992,270,0.3240334194929167,0.14259990433006892,0.01771527291967794,0.2570381586684108,0.23219943331897108,0.026413811269954634,0.2,0.647,True,True,2.280000000000002,0
M05,1835086214,126,270,0.9880902253363122,0.988510123595172,0.06180155819014805,0.9880902253363122,0.26425,0.6701135312193595,0.785215719521623,0.8965472364467018,1.3069754249657533,268,0.40086135363008896,0.11588156743536351,0.01324138063821424,0.25467200894664144,0.20774455163085695,0.007599137718834782,0.2,0.25025,True,True,2.3100000000000023,0
M05,1835086214,127,268,0.9686834159313181,0.9860335221663724,0.0321594330100784,0.9686834159313181,0.47750000000000004,0.6761194693701367,0.7834727535493553,0.9068925128020315,1.2777463217880298,267,0.1564727500476695,0.23700165058026212,0.042503995725108164,0.1958632719974615,0.34663771715881914,0.021520614490679678,0.8,0.2535,True,True,2.3400000000000025,0
M05,1835086214,128,267,0.986721886707497,0.9872334114154171,0.06022008365099691,0.986721886707497,0.27075,0.6746640711800352,0.7815460391215278,0.9162032615218284,1.2643728169869863,265,0.1530865406205029,0.14908273260874233,0.0013041451844333226,0.26595361025787706,0.33441187860610316,0.09616109272234127,0.2,0.25675,True,True,2.3700000000000028,0
M05,1835086214,129,265,0.9220642848722852,0.9841666923412541,0.021993770967034972,0.9220642848722852,0.5860000000000001,0.6876171597624576,0.7806883733983998,0.920490901486867,1.2334214741225171,263,0.16524545291185586,0.23371621976515783,0.06852395673692802,0.20616344743341142,0.2795398305861069,0.04681109256654002,0.6,0.46,True,True,2.400000000000003,0
M05,1835086214,130,263,0.9684065070214178,0.9860894409404094,0.03200863217225906,0.9684065070214178,0.48725,0.6917462424290304,0.7746800760650194,0.9284418113381803,1.2062043423596331,255,0.10032651670674454,0.17246138743832892,0.1480510905209251,0.2645138981265451,0.31113196266610066,0.003515144541355634,0.8,0.26325,True,True,2.4300000000000033,0
M05,1835086214,131,255,0.7582044700247353,0.9857429258645293,0.011670077547021809,0.7582044700247353,0.6805000000000001,0.6799307317561863,0.772070875145956,0.9355976302043623,1.2136777374726238,239,0.13906003605234446,0.09429566356105297,0.06545427847735968,0.28839175514444754,0.3600618955302026,0.05273637123459286,0.2,0.6665000000000001,True,True,2.4600000000000035,0
M05,1835086214,132,239,0.7961066353055922,0.9866897720366863,0.013088489895457292,0.7961066353055922,0.6697500000000001,0.6970448951883638,0.7834673313886582,0.925075869245225,1.2150182150544122,240,0.33597618890858416,0.17908272264782604,0.03637105386547932,0.21635785658249296,0.21519001030649473,0.01702216768912276,0.0,0.6697500000000001,True,True,2.4900000000000038,0
M05,1835086214,133,240,0.7558172097558541,0.9871291349772794,0.011550337369914048,0.7558172097558541,0.687,0.70809075829489,0.7828515018188537,0.9197580581031661,1.2020343028395255,236,0.16946921249535485,0.2086615135921726,0.10918012755409238,0.26752300923038974,0.23594887891231806,0.009217258215672394,0.2,0.673,True,True,2.520000000000004,0
M05,1835086214,134,236,0.7439996342112634,0.9902974365330047,0.011076157416778623,0.7439996342112634,0.70025,0.695075267252102,0.7851256753804332,0.9277822522928495,1.2174784538117533,234,0.20520935815652772,0.12064433488219167,0.009862892911687984,0.24046096093460453,0.36788260381229776,0.0559398493026903,0.8,0.47625,True,True,2.5500000000000043,0
M05,1835086214,135,234,0.9867946564917401,0.9874499046688203,0.05825076984057541,0.9867946564917401,0.2935,0.7048049165169452,0.7848918821493729,0.9264730409079459,1.2020101251342932,230,0.1752811317245163,0.19572665120044305,0.030654240701671814,0.2617031810249018,0.2573450692219067,0.07928972612656046,0.2,0.27949999999999997,True,True,2.5800000000000045,0
M05,1835086214,136,230,0.9441537647716916,0.9835218560034544,0.025616987821136614,0.9441537647716916,0.5387500000000001,0.695044023660041,0.7863501286817048,0.9185281033771882,1.2317177506748476,234,0.19628550799750752,0.12922156743822202,0.03430184493275553,0.25517918393452094,0.22351183280018416,0.16150006289680977,0.4,0.48275,True,True,2.6100000000000048,0
M05,1835086214,137,234,0.8914892854738401,0.9873380805565596,0.01856481015585989,0.8914892854738401,0.612,0.6889051736649244,0.7965890310875743,0.9238725906896172,1.2515920414538826,230,0.30695511049943347,0.12995722873308943,0.054681355090054194,0.17884712098387615,0.28598648825073936,0.04357269644280729,0.6,0.486,True,True,2.640000000000005,0
M05,1835086214,138,230,0.9819636595181931,0.9826758194891205,0.05754920870099757,0.9819636595181931,0.30325,0.7005635615271673,0.7869027664238188,0.9314853316206555,1.2058617158054843,223,0.06428983613279031,0.2042498731046691,0.027701039431488137,0.32235056763784037,0.30197724084890026,0.07943144284431182,0.2,0.28925,True,True,2.6700000000000053,0
M05,1835086214,139,223,0.960445775235742,0.9879974159660334,0.028494027605239298,0.960445775235742,0.5165,0.7076042901499084,0.7968569518221778,0.9106044224587607,1.2366880187290077,230,0.3037415464943736,0.1718978101079493,0.048472680886957074,0.26588504703765264,0.1613381200008538,0.048664795472213515,0.8,0.2925,True,True,2.7000000000000055,0
M05,1835086214,140,230,0.8658555188871736,0.9814420042453483,0.01702663127055855,0.8658555188871736,0.62175,0.6828351810367228,0.8070141042310689,0.9056353170874495,1.3050041292825862,228,0.3543805508106092,0.10329119562867654,0.03729052725533463,0.2735211165404675,0.23045668437282432,0.0010599253920878767,0.6,0.49575,True,True,2.7300000000000058,0
M05,1835086214,141,228,0.947451146290361,0.9883077268752842,0.025360211520870972,0.947451146290361,0.499,0.6669851712018393,0.8062567368790786,0.8998828099446496,1.343294455579132,234,0.1824167232445389,0.12015040620082773,0.09910462174471617,0.28780523941379116,0.22405512282972564,0.08646788656640045,0.0,0.499,True,True,2.760000000000006,0
M05,1835086214,142,234,0.9169704422269571,0.9882954490515592,0.02092492527788914,0.9169704422269571,0.55825,0.6499262321002521,0.8051016920366151,0.8960681357105893,1.3824379240232982,237,0.17697240001862938,0.11264517321727818,0.12679071354370802,0.2779798579882187,0.23086803380202306,0.07474382143014272,0.4,0.50225,True,True,2.7900000000000063,0
M05,1835086214,143,237,0.9826620637563014,0.9857537900168002,0.04588726129154185,0.9826620637563014,0.3615,0.6449492456975164,0.8011405548001493,0.9064613221395303,1.3703575592203503,230,0.14117434206706225,0.13618705373035195,0.09630472748242487,0.21518104129644097,0.36897920623834396,0.04217362918537611,0.4,0.3055,True,True,2.8200000000000065,0
M05,1835086214,144,230,0.9040128747698314,0.9819954688515652,0.02016367423316201,0.9040128747698314,0.5647500000000001,0.6543980647262535,0.8018108987033687,0.9032593547395196,1.3564927618549976,231,0.19659214554033655,0.19150291390119192,0.050785348696058684,0.2948861208531783,0.23722082406971107,0.029012646939523504,0.4,0.50875,True,True,2.8500000000000068,0
M05,1835086214,145,231,0.9831065323353705,0.9848409213931604,0.05048140169798144,0.9831065323353705,0.312,0.6665058286670184,0.8036265928648783,0.9025935975808682,1.335851244147024,228,0.21132798870847358,0.2034332208317577,0.02238822144955696,0.22279056012774065,0.24830089157650306,0.09175911730596786,0.0,0.312,True,True,2.880000000000007,0
M05,1835086214,146,228,0.9821020350989839,0.9885833414978379,0.04001808972313117,0.9821020350989839,0.37124999999999997,0.6788343184733482,0.808876860868291,0.8827617703784651,1.3498176574797873,225,0.255394970583209,0.23174890802089151,0.017702080701060545,0.30803331951553764,0.15213766277841861,0.03498305840088272,0.4,0.31525,True,True,2.9100000000000072,0
M05,1835086214,147,225,0.9868355938693468,0.9903389950275194,0.044929155029161325,0.9868355938693468,0.3745,0.6943955993295129,0.7998742519509002,0.8944855933406186,1.287779202406085,221,0.08051542657529646,0.2309492042836563,0.13119143581714893,0.2011602036499913,0.35268867100771917,0.003495058666187911,0.4,0.3185,True,True,2.9400000000000075,0
M05,1835086214,148,221,0.9146712732044429,0.9884478675006163,0.020657145757737375,0.9146712732044429,0.57775,0.6815415809932256,0.7968767105439486,0.8810101602496074,1.327143425708669,215,0.1499521398824179,0.1170213777241872,0.042588685657604305,0.3669104583158069,0.1798656312152532,0.14366170720473054,0.4,0.5217499999999999,True,True,2.9700000000000077,0
M05,1835086214,149,215,0.9644334387517489,0.9761961640337977,0.03517340534199531,0.9644334387517489,0.451,0.6634480468900604,0.7896815269309001,0.8874083378007017,1.3412865012217114,220,0.09560814892686101,0.12694005132214037,0.09247961006870022,0.3891863435312029,0.27249596788027497,0.023289878270820533,0.6,0.325,True,True,3.000000000000008,0
M05,1835086214,150,220,0.980724508086169,0.9869173489221134,0.04036707150862113,0.980724508086169,0.38425,0.6612858776917659,0.7803298454936998,0.8986675040206316,1.3130762068647541,208,0.06415493636680908,0.12065427468820836,0.08977975568275802,0.24826310708056706,0.34741358990967297,0.12973433627198458,0.4,0.32825,True,True,3.0300000000000082,0
M05,1835086214,151,208,0.9760887402011121,0.9808015175338328,0.04249161819097289,0.9760887402011121,0.3455,0.655858976460817,0.7906544177549318,0.8912550336893875,1.3526151245025995,200,0.3042633066989633,0.11156488704800432,0.05500823861868322,0.16941998133067884,0.21227140035409534,0.147472185949575,0.2,0.33149999999999996,True,True,3.0600000000000085,0
M05,1835086214,152,200,0.7263245065823132,0.989560440573659,0.01054081189592905,0.7263245065823132,0.68475,0.6646013571922225,0.7865286679994878,0.9021295303204487,1.3118507673589463,199,0.13008713915378242,0.17192925891387723,0.08694723837194981,0.22156054214723866,0.3113826177499765,0.07809320366317539,1.0,0.33475,True,True,3.0900000000000087,0
M05,1835086214,153,199,0.5789932948453621,0.9865087535027722,0.0070374492009142205,0.5789932948453621,0.752,0.6731783815810233,0.7898660410818257,0.9051991988005099,1.2962212024694657,199,0.2207975810289029,0.17294608409699463,0.026367270324039526,0.1740238593902209,0.2664131075605304,0.1394520975993117,0.2,0.738,True,True,3.120000000000009,0
M05,1835086214,154,199,0.9072975683996224,0.9842101676789621,0.020291582379511917,0.9072975683996224,0.56525,0.6559463317108211,0.8003727390277344,0.914679278920459,1.3339978806249093,199,0.31869217124510274,0.10759652016775903,0.031078243426234577,0.18386633915514605,0.31993383992180785,0.03883288608394964,0.8,0.34125,True,True,3.1500000000000092,0
M05,1835086214,155,199,0.5566845791748926,0.9848801663653856,0.006630264088824924,0.5566845791748926,0.7444999999999999,0.6543852656741157,0.7958562295207978,0.9232113510284131,1.317346349802096,203,0.13127659305562686,0.1427893131624074,0.09891014263656339,0.2285269607388546,0.35048009250219664,0.048016897904351076,0.0,0.7444999999999999,True,True,3.1800000000000095,0
M05,1835086214,156,203,0.9775126037646185,0.9828203347555196,0.04156163614350499,0.9775126037646185,0.36175,0.6636630794791881,0.7918297404548548,0.9146150592226188,1.3045051673800188,201,0.1345790301262111,0.13992788454732716,0.027874355505403747,0.3862147898632593,0.21862421648523472,0.09277972347256402,0.2,0.34775,True,True,3.2100000000000097,0
M05,1835086214,157,201,0.5157207359136762,0.9815314145131575,0.005932920389275005,0.5157207359136762,0.765,0.6660528637485433,0.7891161014164331,0.9231535533003569,1.2833888427155034,207,0.14847309980401294,0.16341043381794873,0.01928402877166308,0.24274331465906382,0.34071078612358885,0.0853783368237226,0.2,0.751,True,True,3.24000000000001,0
M05,1835086214,158,207,0.9665477915213205,0.981821952190274,0.03313976163325703,0.9665477915213205,0.48025,0.6706752698162837,0.7871499363064268,0.9067767480885599,1.2943293424343272,210,0.15612049951019324,0.2452533527003895,0.01596283595693954,0.3784069454068594,0.17969275059119372,0.024563615834424662,0.6,0.35425,True,True,3.2700000000000102,0
M05,1835086214,159,210,0.9699098541491157,0.9764131131453145,0.03989257110514109,0.9699098541491157,0.3715,0.6534655074934757,0.7882882654064268,0.9115580975599094,1.323360109901214,211,0.19369782394151708,0.11028713944773665,0.11953341014200677,0.20085872854714518,0.2772951214010271,0.0983277765205673,0.2,0.3575,True,True,3.3000000000000105,0
M05,1835086214,160,211,0.8532658848263815,0.9840432681845032,0.01606481120483184,0.8532658848263815,0.58475,0.6390697506776958,0.7868493037908991,0.9204022878039184,1.337721212976664,201,0.16219314568492105,0.09025222463031524,0.13839053006760513,0.22371074270415328,0.3217238559716262,0.06372950094137911,0.8,0.36074999999999996,True,True,3.3300000000000107,0
M05,1835086214,161,201,0.8948579364358655,0.9841638467746279,0.019101988711182797,0.8948579364358655,0.5640000000000001,0.6498570051712292,0.7818658611702693,0.9211276991696824,1.3061546590240913,203,0.11698778211143923,0.22978553628536824,0.04959290382576401,0.25803372950878684,0.2638282007307794,0.08177184753786221,0.0,0.5640000000000001,True,True,3.360000000000011,0
M05,1835086214,162,203,0.9659660683167343,0.9716089637951484,0.040982892608956906,0.9659660683167343,0.36724999999999997,0.6597666391509053,0.7826579060861574,0.916307834507927,1.2946137788639325,205,0.1860667246800191,0.17485808313076978,0.14855204412737613,0.22395233888792251,0.23646452627606412,0.030106282897848304,0.0,0.36724999999999997,True,True,3.3900000000000112,0
M05,1835086214,163,205,0.8571761519245309,0.9875510809132475,0.016117670086205765,0.8571761519245309,0.5945,0.6391099568113565,0.7797167536153704,0.910207279610249,1.3403585154208508,208,0.13989678541901163,0.10552611308957625,0.03311265328556039,0.48317226474822056,0.22765114276557397,0.010641040692057192,0.8,0.3705,True,True,3.4200000000000115,0
M05,1835086214,164,208,0.8827364901946041,0.9839289602062862,0.01810542417339555,0.8827364901946041,0.58775,0.6472623096275095,0.7767146027216695,0.9153765573512609,1.3109356248243782,209,0.1372960848383452,0.23379401305042613,0.012602094638882844,0.1996770327928231,0.28095002851018364,0.13568074616933917,0.2,0.57375,True,True,3.4500000000000117,0
M05,1835086214,165,209,0.8622512110448464,0.983887490070007,0.01664034790876269,0.8622512110448464,0.577,0.6370007436958762,0.7718020981573431,0.9094749253882047,1.3322179643442176,203,0.11154031964696369,0.12211775852172646,0.15114985720302207,0.3867395985250219,0.22818011886034986,0.0002723472429160329,0.0,0.577,True,True,3.480000000000012,0
M05,1835086214,166,203,0.9760642169078926,0.9848056028075176,0.03760638331745436,0.9760642169078926,0.39425,0.657946106069639,0.7772277141362578,0.8926741166965856,1.3233204217723644,197,0.23769651108477324,0.16910520464383805,0.0666543520895789,0.34253655733500793,0.1707334192360067,0.013273955610795102,0.2,0.38025,True,True,3.510000000000012,0
M05,1835086214,167,197,0.8296124447723009,0.9816302171578685,0.01484726906224967,0.8296124447723009,0.6075,0.6341418452872526,0.784720279184442,0.8912199713376263,1.3884925502828487,203,0.2669243844374634,0.10084035945170068,0.040877367973894574,0.2396269632318708,0.23906633155349652,0.11266459335157404,0.8,0.3835,True,True,3.5400000000000125,0
M05,1835086214,168,203,0.9719425417124917,0.9882509764137271,0.03267017153671547,0.9719425417124917,0.38675,0.6104144009025309,0.7875730330119852,0.9020979742038637,1.4302513248044655,192,0.21360959733456658,0.07773897334542626,0.07180276555406516,0.29905637416687847,0.3041390238319822,0.033653265767081324,0.0,0.38675,True,True,3.5700000000000127,0
M05,1835086214,169,192,0.6048467814970645,0.9815636475087659,0.007622989455394618,0.6048467814970645,0.716,0.6249222813142638,0.7815980967537657,0.8908342454138896,1.403978896425694,189,0.10504644240474599,0.22478366939095568,0.042285218926688885,0.31299731369851824,0.19473034315206098,0.12015701242703022,0.6,0.59,True,True,3.600000000000013,0
M05,1835086214,170,189,0.6160243661249659,0.9826019171771146,0.007848585946772738,0.6160243661249659,0.7192500000000001,0.6418116814872971,0.7814574524679908,0.8767413911957531,1.388756835931515,185,0.17424075689891774,0.20948493344560218,0.027841090338930757,0.4082572669683372,0.17495285161626262,0.005223100731949543,0.6,0.59325,True,True,3.630000000000013,0
M05,1835086214,171,185,0.8344115850302518,0.9781009432083245,0.01526709858190297,0.8344115850302518,0.5965,0.6100862037843572,0.7810710292437293,0.8880098315429469,1.4417220856220676,176,0.171080617489225,0.08034603915454216,0.0016997362638724665,0.2789609056907186,0.2947128973338455,0.17319980406779625,0.0,0.5965,True,True,3.6600000000000135,0
M05,1835086214,172,176,0.5689593250578512,0.9756499872325752,0.006965471961375437,0.5689593250578512,0.72575,0.6182421806090992,0.7786654100275877,0.8989384453139521,1.4010779431827094,169,0.14559915307556057,0.16377296548420905,0.12513217164515245,0.2506783360393134,0.2986479846264995,0.01616938912926494,0.6,0.59975,True,True,3.6900000000000137,0
M05,1835086214,173,169,0.8865708085394892,0.9798900531944168,0.01871743190547341,0.8865708085394892,0.5289999999999999,0.6025472516813748,0.7897321395262084,0.8966935114707324,1.4616543239106452,170,0.3746029572943466,0.11541284708496784,0.009086413180396824,0.21872699430493367,0.23824455344087772,0.043926234694477456,0.6,0.40299999999999997,True,True,3.720000000000014,0
M05,1835086214,174,170,0.9289356884265892,0.9754783863442693,0.024218988812218175,0.9289356884265892,0.46225,0.5809736698067572,0.8002455325498979,0.8872146190358808,1.5525232717203932,166,0.3854510937212997,0.09998753431823808,0.02470127415859353,0.20278988799094838,0.20095229356110855,0.08611791624981179,0.4,0.40625,True,True,3.750000000000014,0
M05,1835086214,175,166,0.46893172919688936,0.9744255407499404,0.005224295210921957,0.46893172919688936,0.7595,0.5924325177560131,0.8067912594631523,0.8984931571322927,1.5156800083627908,163,0.26947504425936597,0.2554275076031251,0.030587569783850917,0.05648968630302889,0.32485670764216706,0.06316348440846206,1.0,0.4095,True,True,3.7800000000000145,0
M05,1835086214,176,163,0.8150115784399969,0.9749961250416814,0.014386691410577676,0.8150115784399969,0.61275,0.6077326821743326,0.7983631698119533,0.9030165561933937,1.4547628057175523,160,0.08639341652448257,0.2199804435777572,0.14341265075119863,0.1793780997516536,0.27186357387165133,0.0989718155232567,0.0,0.61275,True,True,3.8100000000000147,0
M05,1835086214,177,160,0.25904275777914443,0.9788841211943242,0.0024467870442246836,0.25904275777914443,0.8300000000000001,0.6032229595209063,0.8026029292244539,0.8961051878194168,1.484786074701796,153,0.23947397378872698,0.10882783708499412,0.15810265340661236,0.25432446320297464,0.2169514362268123,0.022319636289879746,0.2,0.8160000000000001,True,True,3.840000000000015,0
M05,1835086214,178,153,0.8780922791788675,0.9735815940857302,0.01848303364164933,0.8780922791788675,0.54525,0.6060854734176627,0.8008412369894983,0.9023360214871939,1.4643478634742588,150,0.16710567782833866,0.13430143459528124,0.08040820815466095,0.26806115677736453,0.27920676224859386,0.07091676039576071,0.6,0.41924999999999996,True,True,3.870000000000015,0
M05,1835086214,179,150,0.6762939408970337,0.9775061100667034,0.009370517832623392,0.6762939408970337,0.6785000000000001,0.6266354005061703,0.7993301164769112,0.9041238286821295,1.4108580970166595,148,0.16913676671109812,0.19935153236682043,0.027544139708924022,0.27052027853926996,0.2601070467182746,0.07334023595561302,0.4,0.6225,True,True,3.9000000000000155,0
M05,1835086214,180,148,0.8157803231274936,0.9733647327480979,0.014493685541224266,0.8157803231274936,0.62575,0.6403043695551635,0.7932907440489395,0.9137114458139165,1.355928709503821,145,0.11158916744842295,0.1892822705491529,0.00892687449936065,0.2329049717883323,0.4444924370051614,0.012804278709569818,0.0,0.62575,True,True,3.9300000000000157,0
M05,1835086214,181,145,0.7744241699152657,0.9784548409235483,0.012479043793626236,0.7744241699152657,0.653,0.6464075836677114,0.7983864765014355,0.9201690837391022,1.3422675515624567,139,0.2470033706867866,0.15879095442887223,0.010757911595973979,0.24042451206525958,0.28914391253288696,0.053879338690220685,0.8,0.429,True,True,3.960000000000016,0
M05,1835086214,182,139,0.22661552798307658,0.9762292318823713,0.002102569548229849,0.22661552798307658,0.85625,0.6629357162980215,0.7922552303613558,0.928152175365192,1.287580854715992,135,0.10985097106240145,0.18519957213599025,0.02239582707201943,0.22801961616578909,0.3537411228241561,0.10079289073964393,0.8,0.63225,True,True,3.990000000000016,0
M05,1835086214,183,135,0.947952033986102,0.9624003314357945,0.0334231920428088,0.947952033986102,0.4495,0.6372480149342068,0.7977742897626187,0.9055829445671983,1.382430510278493,139,0.2516477614916333,0.10277949047078253,0.1888243927210009,0.2553206851629736,0.15122993369262738,0.05019773646098212,0.2,0.4355,True,True,4.0200000000000164,0
M05,1835086214,184,139,0.8086752931022619,0.9751894928498132,0.014069840183368338,0.8086752931022619,0.6387499999999999,0.6620780081878188,0.7901089562300327,0.9062503459299359,1.3168297721969466,135,0.0902922619443133,0.20516495968279533,0.11863354048682112,0.2948550064026756,0.2561284790972872,0.03492575238610751,0.0,0.6387499999999999,True,True,4.050000000000017,0
M05,1835086214,185,135,0.9397978714563886,0.9751868761424719,0.026397423114302668,0.9397978714563886,0.498,0.646637490353839,0.7829549842868587,0.9153304876761487,1.3228115702130638,128,0.09189344835409498,0.10122960751035591,0.005690711615230047,0.24329156900431817,0.2985258816960318,0.25936878181996914,0.4,0.442,True,True,4.080000000000017,0
M05,1835086214,186,128,0.45115661093473813,0.9769821152552578,0.00493125792228919,0.45115661093473813,0.77125,0.6422369088859887,0.7938072350725158,0.9175369998845647,1.3470887403163254,131,0.3938418719201189,0.13628110657301443,0.045942837796030665,0.08127559130638635,0.2686978048801544,0.07396078752429532,0.6,0.64525,True,True,4.110000000000017,0
M05,1835086214,187,131,0.728362683880378,0.9799395266402493,0.010823651300999926,0.728362683880378,0.6725,0.6268003384895608,0.7874601003545271,0.9257832998961082,1.3570317011799513,132,0.10429033794546344,0.11069356341688887,0.012425461261216499,0.2718242187382143,0.3789585606899627,0.12180785794825416,0.8,0.44849999999999995,True,True,4.140000000000017,0
M05,1835086214,188,132,0.679767453534246,0.9744599643396114,0.009519859292241629,0.679767453534246,0.6757500000000001,0.6085178340792933,0.7881217873579176,0.9310733725371579,1.3910287822406247,128,0.18793365026396147,0.1068832832287983,0.08814746803787757,0.23110603048886208,0.2893420131533028,0.09658755482719764,0.8,0.45175,True,True,4.170000000000018,0
M05,1835086214,189,128,0.6450424692217154,0.9640879492617612,0.008802639840924402,0.6450424692217154,0.679,0.6038010099624419,0.7919500199815934,0.9379660352834421,1.3983530260471264,126,0.22792902489464623,0.10727280113479991,0.025934321674871225,0.21185568049738246,0.4015373264198606,0.025470845378439688,0.8,0.45499999999999996,True,True,4.200000000000018,0
M05,1835086214,190,126,0.8374910262010281,0.9704691762048447,0.01582140372174544,0.8374910262010281,0.5842499999999999,0.6199638007735822,0.7853237444718728,0.9314380039475721,1.3599672272512886,121,0.09964031861698748,0.21188088818431333,0.1361352368276232,0.26333917221741765,0.23634286096237128,0.052661523191287,0.6,0.45825,True,True,4.230000000000018,0
M05,1835086214,191,121,0.7021317801409938,0.9737994854642869,0.010162036821772516,0.7021317801409938,0.6855,0.632517483382428,0.7849986473718502,0.9226997629729266,1.3450423694919227,125,0.17426362654463756,0.17639451864939604,0.03027409652102369,0.2798580406734508,0.22202779710055823,0.1171819205109337,0.8,0.46149999999999997,True,True,4.260000000000018,0
M05,1835086214,192,125,0.19880834373947895,0.9749505441448072,0.0018153030131879144,0.19880834373947895,0.864,0.6204699977233854,0.7790192281647184,0.9256934807404804,1.3563138159796084,121,0.10338141451825801,0.11524619945621374,0.0348836118015789,0.44014570341191156,0.2763184703242324,0.030024600487805427,0.2,0.85,True,True,4.290000000000019,0
M05,1835086214,193,121,0.7794759899489162,0.9735372440032749,0.012837708265276157,0.7794759899489162,0.594,0.6003035235405684,0.784227182151897,0.90617596123462,1.4416454368927334,119,0.23948644244268208,0.1014345706438504,0.055432034766396826,0.28653168741601404,0.1652591428409381,0.1518561218901186,0.6,0.46799999999999997,True,True,4.320000000000019,0
M05,1835086214,194,119,0.8833074274084866,0.9685535860319194,0.019345057814892958,0.8833074274084866,0.52725,0.5986212188813829,0.7790057040241257,0.915558365111158,1.4213547847043055,114,0.11237351224779416,0.1029547960801393,0.04642683419864207,0.3043579877256749,0.3040686237139269,0.1298182460338227,0.4,0.47125,True,True,4.350000000000019,0
M05,1835086214,195,114,0.6621111321043218,0.96502996404626,0.009223293207566796,0.6621111321043218,0.6745,0.5794033853890068,0.7900554188229194,0.9190052327321888,1.4837425232967882,116,0.384328913708869,0.10163607786871155,0.015604738585478428,0.16105205353148988,0.2750135206607334,0.062364695644717645,0.0,0.6745,True,True,4.380000000000019,0
M05,1835086214,196,116,0.16012725070045866,0.9665161098951958,0.0014418233849939719,0.16012725070045866,0.864,0.5618298452359165,0.8005526478817735,0.9267542197600943,1.5375191026782102,116,0.40712562127108115,0.0843941400062181,0.0306515681172044,0.15115929946822804,0.29824755150562193,0.028421819631646337,0.2,0.85,True,True,4.41000000000002,0
M05,1835086214,197,116,0.08088244398422999,0.9669311820381707,0.000695355280817242,0.08088244398422999,0.905,0.5585343537848,0.8105250154876849,0.9242207735395337,1.5701487828564566,111,0.36517700267875886,0.10448965459223233,0.007807605188426942,0.2192381488432999,0.25070987877724404,0.05257770992003797,0.8,0.681,True,True,4.44000000000002,0
M05,1835086214,198,111,0.7416901969568489,0.9694351273336694,0.011530067366846444,0.7416901969568489,0.61025,0.5455747907279576,0.8032402487799246,0.9317986961855803,1.5800435915922848,111,0.10301855083279976,0.10390555091458918,0.09794358401686526,0.20471331732760617,0.39049550132382954,0.09992349558431012,0.6,0.48424999999999996,True,True,4.47000000000002,0
M05,1835086214,199,111,0.22774056021648223,0.9744270817438513,0.002119005729673893,0.22774056021648223,0.8374999999999999,0.5412671406752928,0.8046878137676245,0.9386188265670223,1.5838954119514348,105,0.20761971783370153,0.12221749541774249,0.03763315597351886,0.24102078276762628,0.32957291227192775,0.061935935735483234,1.0,0.4875,True,True,4.50000000000002,0
M05,1835086214,200,105,0.47827515787384095,0.9757020059930444,0.0053627718512695875,0.47827515787384095,0.71475,0.5392558916668408,0.7968187556329025,0.9447569439103201,1.5640281185794318,98,0.0920666569207398,0.09624031996952151,0.09180364240771641,0.23426798782143457,0.4035202992611278,0.08210109361945993,0.8,0.49074999999999996,True,True,4.530000000000021,0
M05,1835086214,201,98,0.5463671587637497,0.958762934555844,0.006715599514619175,0.5463671587637497,0.694,0.532615138321525,0.8029566800374551,0.9498672061446807,1.5871417477280745,96,0.2622357773274715,0.10944805190648264,0.11083735352716148,0.13784810789588967,0.297929783126963,0.08170092621603182,0.0,0.694,True,True,4.560000000000021,0
M05,1835086214,202,96,0.8573311473815616,0.9347772588150949,0.01982636503516637,0.8573311473815616,0.49724999999999997,0.5272661541889483,0.8083185339082548,0.9548804855302127,1.6054752856542525,97,0.2563710984084048,0.12561721422682348,0.039075387062828024,0.19654768010394374,0.3417845659382058,0.04060405425979434,0.0,0.49724999999999997,True,True,4.590000000000021,0
M05,1835086214,203,97,0.4680619737734696,0.9633317641765009,0.00529579981708659,0.4680619737734696,0.7144999999999999,0.5082332853435204,0.817902607212842,0.9419680032099937,1.7084502516306221,95,0.3263292660888709,0.06956951523199038,0.03344850703581707,0.25996877036004434,0.2128778311640116,0.0978061101192657,0.2,0.7004999999999999,True,True,4.620000000000021,0
M05,1835086214,204,95,0.48672498234081,0.9572037292737414,0.005653766354260047,0.48672498234081,0.7037500000000001,0.4932212732004873,0.8188117703769756,0.9413844650765432,1.7634991303535346,90,0.21005366905969614,0.09267208683407406,0.007847626573842364,0.1761322357922387,0.2680663109377441,0.24522807080240472,0.0,0.7037500000000001,True,True,4.650000000000022,0
M05,1835086214,205,90,0.6382593335688451,0.95584374119625,0.008770815098384477,0.6382593335688451,0.633,0.5218235896119624,0.8124393303412706,0.9367080694532328,1.662122275910132,91,0.11960185603929716,0.16650136088367057,0.05464032624304887,0.28985942439636614,0.24731025442172005,0.12208677801589712,0.6,0.507,True,True,4.680000000000022,0
M05,1835086214,206,91,0.8666631958049141,0.9491722056975933,0.01944393777801093,0.8666631958049141,0.51025,0.5326182227919302,0.808611754630557,0.9430372625079095,1.609886192832701,91,0.1474298850793745,0.21039138506572402,0.0020723651021158033,0.15833300316078794,0.4747355751921924,0.00703778639980541,0.0,0.51025,True,True,4.710000000000022,0
M05,1835086214,207,91,0.4741231942011161,0.9566287749908742,0.0054480577894542945,0.4741231942011161,0.7275,0.5626732252729351,0.8029444233575422,0.9404026171164168,1.5174535545374666,89,0.122040705731413,0.22988750644547662,0.10448650689743622,0.23442728986208983,0.2583454042964914,0.050812586767093104,0.2,0.7135,True,True,4.740000000000022,0
M05,1835086214,208,89,0.14185575331446176,0.9516389162507408,0.0012849086271183782,0.14185575331446176,0.8667499999999999,0.5470342331569795,0.7982139401022762,0.9460285873417547,1.5424125232416004,89,0.1302092239076381,0.07204353322886099,0.028587076911246016,0.33402751775803446,0.2983311596848978,0.13680148850932264,1.0,0.5167499999999999,True,True,4.770000000000023,0
M05,1835086214,209,89,0.14575244777434748,0.9520384674968125,0.00132270096825363,0.14575244777434748,0.87,0.542271796317741,0.8043755112934051,0.939442035929054,1.5789625663091047,89,0.26340335245303353,0.10291363118335135,0.022794973417379738,0.30353213422637404,0.24008153660737397,0.0672743721124873,1.0,0.52,True,True,4.800000000000023,0
M05,1835086214,210,89,0.8321935266648893,0.9592020584896602,0.01609405757087878,0.8321935266648893,0.52325,0.5218408197010173,0.8096486319094532,0.9359590169136975,1.657683848898365,91,0.25614870225898007,0.073889565125802,0.09387016497300411,0.26966190149744085,0.2523059228877448,0.054123743257028185,0.0,0.52325,True,True,4.830000000000023,0
M05,1835086214,211,91,0.062040282203669195,0.9621731731162985,0.0005305552283748786,0.062040282203669195,0.906,0.4909519787733046,0.8071822449908366,0.9423631152223277,1.74467407017305,93,0.1627005584606997,0.07432649309089172,0.008609136200810249,0.33617657390415473,0.3945018705422734,0.023685367801170178,0.4,0.85,True,True,4.860000000000023,0
M05,1835086214,212,93,0.16648308418601593,0.9645892331151249,0.0015081216808020708,0.16648308418601593,0.8557499999999999,0.5179488134249184,0.8081252941448739,0.9206558301309099,1.6947067143514079,95,0.20377701754473945,0.21887523463327757,0.14310343101515577,0.22914761954157564,0.1626451321540747,0.04245156511117687,0.6,0.7297499999999999,True,True,4.890000000000024,0
M05,1835086214,213,95,0.13907084523297675,0.9565901758947866,0.0012505318602933435,0.13907084523297675,0.8590000000000001,0.5328778066377237,0.8131133885252103,0.9285902471178189,1.6432338060657894,95,0.25492948859475173,0.1799677912991859,0.03200746116754199,0.16926320513609172,0.3256686009568479,0.03816345284558084,0.6,0.7330000000000001,True,True,4.920000000000024,0
M05,1835086214,214,95,0.3619936124613063,0.9692090768364799,0.0037221044713642874,0.3619936124613063,0.7502500000000001,0.5120915597084928,0.8104458484189074,0.935731222406037,1.6913179702722996,95,0.16235161649947105,0.06727930525379952,0.058279494639501474,0.32381299468405217,0.3882575669968343,1.90219263413925e-05,0.2,0.7362500000000001,True,True,4.950000000000024,0
M05,1835086214,215,95,0.7826777535929434,0.9707368611285835,0.013064864036547484,0.7826777535929434,0.5535,0.49663157695309673,0.8102725449910638,0.9328201338823534,1.749036540935893,93,0.19186236241377252,0.09985705069622297,0.11934716582259056,0.2939814878127904,0.25331016858460026,0.04164176467002331,0.2,0.5395,True,True,4.980000000000024,0
M05,1835086214,216,93,0.1492066751833699,0.9607457789671817,0.0013434796681749284,0.1492066751833699,0.85,0.4730789839419078,0.8037860019537683,0.9395381204941181,1.808391168899717,96,0.11283855265322038,0.07141061300702785,0.004109891460123031,0.47921223108312405,0.31700540303880786,0.01542330875769688,0.0,0.85,True,True,5.010000000000025,0
M05,1835086214,217,96,0.36999797155144265,0.9759983599069302,0.003793614751960722,0.36999797155144265,0.77,0.4934297719003453,0.8010128414390617,0.9389016285381864,1.7289961903815705,94,0.1552017447872736,0.4719793690691989,0.01632974462597107,0.08380604795948617,0.26658660046740057,0.00609649309066971,0.8,0.5459999999999999,True,True,5.040000000000025,0
M05,1835086214,218,94,0.12423450442001457,0.9604715911763723,0.0011025677766400475,0.12423450442001457,0.87525,0.5175799315892093,0.809235733816626,0.9374667036902989,1.6677915584976968,93,0.29091918061896593,0.23009134447696955,0.0036443041831190045,0.20916679440378078,0.2622761900296558,0.003902186287509046,0.6,0.74925,True,True,5.070000000000025,0
M05,1835086214,219,93,0.7834916155862105,0.952689332571791,0.013756767993424486,0.7834916155862105,0.6085,0.5497109808281501,0.8076643111561975,0.9437200333212691,1.5568734270292088,88,0.1736295503800359,0.1775728674231266,0.0549697660347214,0.21152753028898075,0.30037925194044235,0.08192103393269294,0.4,0.5525,True,True,5.100000000000025,0
M05,1835086214,220,88,0.24944599543626628,0.9417691022374133,0.0024493737042063576,0.24944599543626628,0.81175,0.5247068900906297,0.80842900669213,0.9387096355285715,1.6413222046078517,85,0.20184888867177916,0.07068742651383936,0.016877970120418116,0.27652406917961114,0.24680802769714658,0.18725361781720562,0.4,0.7557499999999999,True,True,5.130000000000026,0
M05,1835086214,221,85,0.3093857290358574,0.952779236905829,0.0031253379821649906,0.3093857290358574,0.7829999999999999,0.519781153637178,0.8121285787500332,0.9285646672210454,1.6826434936528587,84,0.23901277990637154,0.12205071485012556,0.1641111244484736,0.23353778687970272,0.2186299762266552,0.022657617688671573,0.8,0.5589999999999999,True,True,5.160000000000026,0
M05,1835086214,222,84,0.7580102234729093,0.9504473756079312,0.012713538636214937,0.7580102234729093,0.57625,0.5352075250477921,0.8162637631599088,0.9169391541813685,1.66328927868935,84,0.24677016684221564,0.1550578681840833,0.008112784658793537,0.3452987133347953,0.20615476841213853,0.03860569856797372,0.2,0.56225,True,True,5.190000000000026,0
M05,1835086214,223,84,0.5633162227757372,0.9518657878879834,0.007132253470549562,0.5633162227757372,0.6915,0.5471875169201638,0.809916503399959,0.9053050480526873,1.6349675043470286,88,0.11832410497557154,0.1380175335584703,0.01085420718674971,0.28365913079479005,0.200299046447278,0.24884597703714026,0.6,0.5655,True,True,5.220000000000026,0
M05,1835086214,224,88,0.8231891665922442,0.9542125177458172,0.015804815234734423,0.8231891665922442,0.58275,0.5480118954954779,0.8125177406785453,0.9147745432474186,1.6207976420689212,85,0.22621328060730322,0.11174775920071146,0.031579367044865206,0.16693318848389016,0.3548247519573562,0.10870165270587381,0.2,0.56875,True,True,5.250000000000027,0
M05,1835086214,225,85,0.1741053480368955,0.9495790192956632,0.0016122711360306147,0.1741053480368955,0.864,0.578464326715301,0.8151243617222078,0.9232970889226767,1.5261802363267059,86,0.22790635096987258,0.16907843380681703,0.0007268720229117403,0.11711896361235036,0.47991049888841225,0.005258880699636074,0.2,0.85,True,True,5.280000000000027,0
M05,1835086214,226,86,0.5698003206831408,0.9750860346110629,0.006988415867128795,0.5698003206831408,0.7012499999999999,0.569065687534035,0.8243681436360975,0.930967380030409,1.5560528259018307,83,0.3347116293004154,0.059770945862044206,0.02329454793361374,0.15823818963905226,0.4149479642191221,0.009036723045752235,0.6,0.5752499999999999,True,True,5.310000000000027,0
M05,1835086214,227,83,0.3808749743148077,0.9583028247125872,0.004032417396685922,0.3808749743148077,0.7785,0.5651189243448778,0.8228877814224486,0.929710949500093,1.5662201861695277,84,0.18422556210194976,0.10930953235095987,0.08655424601852266,0.29481639755778216,0.2592015373636244,0.06589272460716114,0.0,0.7785,True,True,5.340000000000027,0
M05,1835086214,228,84,0.28875410350822794,0.9583331001505809,0.0028540551870900456,0.28875410350822794,0.79575,0.5351162973608035,0.8241485837929042,0.9367398545500837,1.6441382785189511,90,0.21756489301972648,0.07129970677910474,0.09122911661115317,0.22338365628300577,0.32257717561680194,0.07394545169020789,0.2,0.78175,True,True,5.370000000000028,0
M05,1835086214,229,90,0.09101675824104785,0.9710712442931451,0.0007833988671569088,0.09101675824104785,0.906,0.5621051518957617,0.8226932782095964,0.9339744510450761,1.5670591403607306,87,0.18440154507921644,0.18641898246845173,0.0005446120676414233,0.3527546333374714,0.25454290975000393,0.021337317297215105,0.4,0.85,True,True,5.400000000000028,0
M05,1835086214,230,87,0.03371862391153961,0.965442646771792,0.0002829809793964856,0.03371862391153961,0.9382499999999999,0.5493319138083007,0.819052077344312,0.9405770059405685,1.5851936659000847,83,0.1561682880649424,0.12426738875741705,0.05060286209917695,0.1907482898675808,0.422384859072076,0.05582831213880694,1.0,0.5882499999999999,True,True,5.430000000000028,0
M05,1835086214,231,83,0.028830720562295888,0.9555794097033875,0.00024386040460496242,0.028830720562295888,0.9415,0.5276243616484269,0.8280994734770963,0.9465193053465116,1.6581667123898474,82,0.3354806154432248,0.09939972786970036,0.05955408602411717,0.12203955972848049,0.32717958388289997,0.05634642705157723,1.0,0.5915,True,True,5.460000000000028,0
M05,1835086214,232,82,0.5294171303513067,0.9615143124794023,0.00636693704187334,0.5294171303513067,0.72075,0.5486947041878781,0.825197564081786,0.9518673748118605,1.5799768624173345,79,0.1687883034818068,0.17969889413209383,0.024197207960608164,0.0993991338717648,0.30938134450331706,0.2185351160504095,0.6,0.59475,True,True,5.490000000000029,0
M05,1835086214,233,79,0.25582599703939,0.9407062048177212,0.002526423766960041,0.25582599703939,0.798,0.5281370826535251,0.8339376858776967,0.9566806373306744,1.6505168176208496,78,0.3349985791743019,0.06713859861802329,0.011919417096956599,0.2321232781533838,0.3024661555968509,0.0513539713604835,0.0,0.798,True,True,5.520000000000029,0
M05,1835086214,234,78,0.6886808555795534,0.9462477319136376,0.010357848616426085,0.6886808555795534,0.61525,0.5368347626001986,0.8299151211177549,0.9490307609494174,1.628968766758588,78,0.15842899417428807,0.15568878167850042,0.055366370700045124,0.3367223923066553,0.24009093675905188,0.05370252438145919,0.2,0.60125,True,True,5.550000000000029,0
M05,1835086214,235,78,0.5051869877049564,0.9578179068886212,0.005966718077705239,0.5051869877049564,0.7304999999999999,0.5559818690063206,0.8303546211187668,0.9342458673691656,1.5986073020637905,79,0.2116907007112451,0.20843561426846235,0.11410925868732731,0.2515921948800018,0.20059091257344985,0.013581318879513646,0.6,0.6044999999999999,True,True,5.580000000000029,0
M05,1835086214,236,79,0.6355065759650653,0.9393473746971785,0.008984389169799174,0.6355065759650653,0.6637500000000001,0.518240340192154,0.8349394789852842,0.9329925846419921,1.726814110498119,77,0.2637823615306969,0.06923362955224102,0.11086909811877209,0.24193049570938932,0.2608565200487153,0.05332789504018552,0.4,0.60775,True,True,5.61000000000003,0
M05,1835086214,237,77,0.20595998626507203,0.932176825603569,0.0019874227775095736,0.20595998626507203,0.835,0.5282116998040709,0.8275742042274994,0.9396933261777929,1.66729629889422,78,0.1172712398934932,0.1891502560070992,0.0004030924482791411,0.34128199587709773,0.34913682035276206,0.002756595421268718,0.8,0.611,True,True,5.64000000000003,0
M05,1835086214,238,78,0.3920393324214401,0.9602259878076483,0.004176800011347586,0.3920393324214401,0.74025,0.5214668387274577,0.8282806860638682,0.9457239935600136,1.6795248393125897,73,0.21356490059679717,0.05902252421585778,0.008763550185770779,0.2238509806681249,0.49479804427184737,6.160191780237376e-11,0.6,0.61425,True,True,5.67000000000003,0
M05,1835086214,239,73,0.5963522194956535,0.9599439539024748,0.0077279852321150795,0.5963522194956535,0.6735,0.4958156779512856,0.8215518638407232,0.9511515942040122,1.7420675449510008,75,0.12106515100060501,0.08814991504198377,0.007095188761062158,0.14053234597312997,0.639186930303955,0.003970468919264094,0.4,0.6174999999999999,True,True,5.70000000000003,0
M05,1835086214,240,75,0.619035949635975,0.9355655433937131,0.008626607594292854,0.619035949635975,0.63475,0.46518805165849825,0.8167534957656337,0.956036434783611,1.8364876279857159,73,0.140990313961833,0.09786936860017716,0.029941526502918935,0.20326201411358083,0.36008352193085363,0.1678532548906365,0.2,0.62075,True,True,5.730000000000031,0
M05,1835086214,241,73,0.5972932598693707,0.9322400551413849,0.008148081215787722,0.5972932598693707,0.638,0.450169594286754,0.8169662301540204,0.956623729233752,1.8970850318438333,74,0.20063011470835435,0.11522181608648313,0.10066640569709195,0.1942838908767906,0.28095468964251097,0.1082430829887691,0.2,0.624,True,True,5.760000000000031,0
M05,1835086214,242,74,0.41803927750321124,0.958637891283404,0.004559820245891997,0.41803927750321124,0.68325,0.4413448630933853,0.8137959875975452,0.9609613563103768,1.9188081067775498,70,0.15847586189032417,0.12012119245569886,0.02008374995026462,0.12605555774784602,0.5073106899219494,0.0679529480339169,0.4,0.62725,True,True,5.790000000000031,0
M05,1835086214,243,70,0.3425196541591924,0.946345412089656,0.003576636451912223,0.3425196541591924,0.7565,0.46517354159347585,0.8079382380093796,0.9648652206793391,1.8000994779254333,69,0.12290062239639547,0.21707943498115428,9.049274470914849e-06,0.03807902879173482,0.43190723698926997,0.1900246275669746,0.6,0.6305,True,True,5.820000000000031,0
M05,1835086214,244,69,0.5941332038267189,0.9301095612622942,0.008105438632624688,0.5941332038267189,0.6477499999999999,0.4606924350386633,0.8056773217149332,0.9683786986114052,1.8059462930605588,65,0.1641999450752832,0.10575999945439074,0.05456594876363119,0.1484338123086683,0.3269941433156203,0.20004615108240617,0.2,0.6337499999999999,True,True,5.850000000000032,0
M05,1835086214,245,65,0.467681685141192,0.9380076365279972,0.005495095449960054,0.467681685141192,0.6930000000000001,0.42402871596169944,0.7998014589974775,0.9715408287502647,1.9414484649314068,59,0.1176000421036355,0.04517510111125946,0.0014701288469733077,0.2408127926254211,0.5949140632317411,2.7872080969569672e-05,0.4,0.637,True,True,5.880000000000032,0
M05,1835086214,246,59,0.12539816525320993,0.9309441522506865,0.0011516556583740338,0.12539816525320993,0.8402499999999999,0.44395713144778115,0.7950932010764574,0.9743867458752382,1.8380005429344228,55,0.12852268786067292,0.1528087078445649,0.2015112639430626,0.16197834518164633,0.3037865186971532,0.05139247647290009,0.0,0.8402499999999999,True,True,5.910000000000032,0
M05,1835086214,247,55,0.2826621821504993,0.9257789946388473,0.0028999282569908903,0.2826621821504993,0.7695,0.4175335674726836,0.7966883423245202,0.9769480712877144,1.953104975168874,53,0.2043725162735714,0.0881264306843173,0.13706138379870228,0.2087521624031336,0.31572627173134343,0.04596123510893206,0.6,0.6435,True,True,5.940000000000032,0
M05,1835086214,248,53,0.2918564564964185,0.8887717014107187,0.003168629343334083,0.2918564564964185,0.7727499999999999,0.4345131810428797,0.7978116451940602,0.9700581735644459,1.892777812595648,53,0.1994714998220749,0.1425626178672716,0.07270368218805026,0.2882307997781377,0.25402454702751454,0.04300685331695094,0.6,0.6467499999999999,True,True,5.970000000000033,0
M05,1835086214,249,53,0.6142295257791862,0.9410358681698777,0.008418682637485322,0.6142295257791862,0.65,0.448677044825113,0.7951776451518382,0.9517846014125001,1.862051280726909,51,0.153207277718513,0.21612898384827167,0.019076268945775892,0.26447848163307397,0.19366122602249408,0.15344776183187134,0.0,0.65,True,True,6.000000000000033,0
M05,1835086214,250,51,0.13627345712733993,0.8345666799760817,0.0014190707394941215,0.13627345712733993,0.864,0.4669689033647458,0.7995584209751823,0.9566061412712501,1.7899012701440842,49,0.23924572601169916,0.08946513986196228,0.06463085992707057,0.2503059193025735,0.3281416991984609,0.028210655698233666,0.2,0.85,True,True,6.030000000000033,0
M05,1835086214,251,49,0.10494980494869464,0.91506487226407,0.0009696857098368883,0.10494980494869464,0.8740000000000001,0.4754533320890792,0.7941934387726055,0.9609455271441251,1.7382795854786235,45,0.12016173557727977,0.12570257600621185,0.09127915160760532,0.20792973649143698,0.42387531520383376,0.03105148511363232,0.8,0.65,True,True,6.060000000000033,0
M05,1835086214,252,45,0.16686669729035108,0.8831702337993811,0.0016669508337714386,0.16686669729035108,0.85,0.5218272469213634,0.7901846878684253,0.9648509744297126,1.5694288006960135,43,0.13376151293062638,0.3686493827492221,0.008957315889990936,0.07586280276803571,0.3080223259115529,0.10474665975057201,0.0,0.85,True,True,6.090000000000034,0
M05,1835086214,253,43,0.611639465092293,0.8947705512472482,0.009159318580821476,0.611639465092293,0.664,0.4786426780948861,0.7972558883252845,0.9613410840863259,1.7326419011427907,42,0.2697554356285056,0.040196725695297,0.08026672818580753,0.27797584996207697,0.264876035497923,0.06692922503038984,0.2,0.65,True,True,6.120000000000034,0
M05,1835086214,254,42,0.004082627504937062,0.8983338828179493,3.6258336102311304e-05,0.01,0.976,0.49164953462636085,0.7949564284170882,0.9652069756776933,1.6752022253345151,40,0.1570416813508495,0.0653784407854747,0.03145913766308672,0.2221557450913047,0.43907638740547783,0.08488860770380652,0.6,0.85,True,True,6.150000000000034,0
M05,1835086214,255,40,0.6134065555355188,0.9238369090045859,0.008681066555538686,0.6134065555355188,0.65,0.5291754557941772,0.7900465946266861,0.968686278109924,1.5412385567895364,38,0.1229748453806533,0.15408520489590977,0.04258512755961136,0.19208402857490847,0.4675273379457017,0.020743455643215333,0.0,0.65,True,True,6.180000000000034,0
M05,1835086214,256,38,0.07988644501545526,0.8844100105309862,0.0007535843557080162,0.07988644501545526,0.906,0.5386866154388403,0.7875759825297255,0.9718176502989316,1.5044283063628554,39,0.15039647042967083,0.14821857543016173,0.0956678845053084,0.22800516279192062,0.37360307938627974,0.004108827456658786,0.4,0.85,True,True,6.210000000000035,0
M05,1835086214,257,39,0.1417459535194727,0.9006395829216234,0.0013631113912658443,0.1417459535194727,0.864,0.4984937036174098,0.7873409993242652,0.9531511562141547,1.6570721217692255,40,0.17679769901282386,0.06284950841351755,0.05140353719362291,0.2640114436970551,0.19257635472558107,0.25236145695739953,0.2,0.85,True,True,6.240000000000035,0
M05,1835086214,258,40,0.16066101841392955,0.8837926605130996,0.0015970394338448183,0.16066101841392955,0.85,0.50755043735654,0.7891419395292599,0.9446166415343784,1.6459639770552346,41,0.2020998771401003,0.16182652304292194,0.01828491623206774,0.29466168766535206,0.2339030047081959,0.08922399121136199,0.0,0.85,True,True,6.270000000000035,0
M05,1835086214,259,41,0.0,1.0,0.0,0.01,1.0,0.502698381201478,0.7888508424872238,0.9457295859984671,1.6592828764676164,41,0.17707499918033662,0.09082147599271206,0.1250083191195903,0.28250677500823795,0.2778730430876328,0.04671538761149034,1.0,0.65,True,True,6.300000000000035,0
M05,1835086214,260,41,0.0,1.0,0.0,0.01,1.0,0.5212712979586616,0.7907553513299509,0.9475770102588553,1.6008985508827722,43,0.20433813708860377,0.14151189976346534,0.09387333656991034,0.23835957403438496,0.28210191430117443,0.039815138242461266,1.0,0.65,True,True,6.330000000000036,0
M05,1835086214,261,43,0.06116104476107961,0.9270718265732273,0.0005432684737330827,0.06116104476107961,0.906,0.5081325431420703,0.7916741984381619,0.9528193092329698,1.6351550173615534,43,0.19320768343385616,0.04348318797013559,0.0007972851280429521,0.281324471249865,0.4806732104021482,0.0005141618159521415,0.4,0.85,True,True,6.360000000000036,0
M05,1835086214,262,43,0.0532443823445805,0.925077487460984,0.0004718691995264894,0.0532443823445805,0.906,0.4843620292734025,0.8020904885162538,0.9477761551424643,1.7472196210063506,41,0.3611480126866604,0.07905088296745377,0.029185025565565396,0.20284310462258043,0.2511938841639573,0.07657908999378264,0.4,0.85,True,True,6.390000000000036,0
M05,1835086214,263,41,0.4070045981648768,0.9379526574484768,0.004529563461242796,0.4070045981648768,0.7060000000000001,0.45052517169575607,0.8027223646065353,0.9529985396282179,1.8696231073693816,42,0.19670500645117872,0.0716052958063545,0.08595458202633775,0.2124213559050205,0.33948676919808535,0.09382699061302316,0.4,0.65,True,True,6.420000000000036,0
M05,1835086214,264,42,0.12409845442595091,0.9007517127205592,0.0011799669459180355,0.12409845442595091,0.85,0.5057823327320462,0.8017012546622767,0.9554524699617968,1.6589749206551352,41,0.17643760357585145,0.27408114749120466,0.011775148283863396,0.04676860488477455,0.2887689214820035,0.20216857428230262,0.0,0.85,True,True,6.450000000000037,0
M05,1835086214,265,41,0.0,1.0,0.0,0.01,1.0,0.5115588806744742,0.8013705905432934,0.9599072229656171,1.6319562512712373,43,0.18442998267663163,0.14731889233449003,0.029608082620656628,0.19512063834316024,0.4385924045633625,0.004929999461698984,0.8,0.85,True,True,6.480000000000037,0
M05,1835086214,266,43,0.11605617897323668,0.9289717195788735,0.001062280590105655,0.11605617897323668,0.864,0.4783738010786182,0.8045398774941925,0.9563975378200671,1.7584974337182016,44,0.22797270597579808,0.053100196273771466,0.0948932269562555,0.301660558827131,0.2624051857550582,0.05996812621198577,0.2,0.85,True,True,6.510000000000037,0
M05,1835086214,267,44,0.1478443169657312,0.9104745046579276,0.0014104669015158051,0.1478443169657312,0.85,0.496551515069771,0.8009040651058089,0.9547039845417005,1.6894582017126194,41,0.1448897685790745,0.22690960767403656,0.01414346003720343,0.28549668211577645,0.26973100251820026,0.058829479075708846,0.0,0.85,True,True,6.540000000000037,0
M05,1835086214,268,41,0.17700782119520744,0.9245878343831353,0.001691569369056179,0.17700782119520744,0.85,0.5004845924581677,0.8032849327350512,0.9448381949223865,1.6987186995995383,41,0.21782588605665837,0.1574401599722304,0.13248757622463164,0.23696021862824693,0.22802304417428074,0.027263114943951883,0.0,0.85,True,True,6.570000000000038,0
M05,1835086214,269,41,0.608374777285608,0.8987030241105572,0.008994410865254612,0.608374777285608,0.65,0.5182654571946101,0.8027897302452172,0.9358621804688716,1.6551511007934534,42,0.18336305183648133,0.2941133870221959,0.07068936060424576,0.1611005473256513,0.22753902519361868,0.06319462801780702,0.0,0.65,True,True,6.600000000000038,0
M05,1835086214,270,42,0.1130054705496126,0.923104378130934,0.0010394740758155145,0.1130054705496126,0.8740000000000001,0.4624469634700361,0.8047912216312262,0.9360519661061554,1.8591795712179915,39,0.21426222372837356,0.03422414401020574,0.01738193410278207,0.3085472982456327,0.2688800184208545,0.1567043814921515,0.8,0.65,True,True,6.630000000000038,0
M05,1835086214,271,39,0.15717339509141776,0.9116847120843543,0.0015062367685214281,0.15717339509141776,0.85,0.46729989459302457,0.8049272607885456,0.9405668410897573,1.8313497310716713,39,0.19219500298600833,0.25131472844501396,0.03801866837120124,0.19273147119725012,0.29060035797108713,0.035139771029439354,0.0,0.85,True,True,6.660000000000038,0
M05,1835086214,272,39,0.0,1.0,0.0,0.01,1.0,0.43263499674171085,0.8056497863411698,0.944161507986278,1.9723244468691772,38,0.19961110740064292,0.054472983036738365,0.1480648650863684,0.22182787933735587,0.2882567550274819,0.08776641011141267,1.0,0.65,True,True,6.690000000000039,0
M05,1835086214,273,38,0.4831766278868643,0.9003943040147135,0.006123086221243321,0.4831766278868643,0.65,0.45443558370611403,0.7999724529642669,0.9497453571876502,1.8535125139513888,38,0.12006444925194537,0.3153147175974106,0.0683394972049061,0.0009950513164078164,0.4586944773772951,0.03659180725203494,0.0,0.65,True,True,6.720000000000039,0
M05,1835086214,274,38,0.08477417591826884,0.905784132220767,0.0007822029487952957,0.08477417591826884,0.8740000000000001,0.4367869811193873,0.7974226528288696,0.9547708214688851,1.9121402584530214,36,0.15561028141020042,0.07767365441054261,0.10640911507121906,0.16353242959426256,0.44623216111605446,0.050542358397720914,0.8,0.65,True,True,6.750000000000039,0
M05,1835086214,275,36,0.0544849664295287,0.8924714955039008,0.0005014254212902358,0.0544849664295287,0.906,0.4619319965521681,0.7925710673261197,0.9456992285344725,1.8142917853781333,35,0.12524433923366993,0.37025996897290825,0.03274160258785771,0.14118608739696875,0.23202744606237954,0.09854055574621584,0.4,0.85,True,True,6.780000000000039,0
M05,1835086214,276,35,0.0,1.0,0.0,0.01,1.0,0.42939061514240595,0.7968585423207422,0.9511293056810253,1.9511430951383184,33,0.23645035451160595,0.05102966249232829,0.11192132810584626,0.14643804730518845,0.3148344732043097,0.1393261343807215,1.0,0.65,True,True,6.81000000000004,0
M05,1835086214,277,33,0.21680348911373276,0.8524832051011018,0.0023359529582848556,0.21680348911373276,0.776,0.41154413688782177,0.7928773836438007,0.9560163751129227,2.015228423829495,30,0.1357721054886958,0.09793274902573616,0.02927503095274143,0.13783319683912942,0.4607715477630553,0.13841536993064202,0.6,0.65,True,True,6.84000000000004,0
M05,1835086214,278,30,0.4306173860848037,0.8466353623186063,0.005655964611041979,0.4306173860848037,0.65,0.41568395050308843,0.7922407619287435,0.9604147376016304,1.9844269261820902,28,0.17509059333916052,0.14551497145171788,0.09457983793469436,0.11488821714892453,0.3576453275766555,0.11228105254884707,0.0,0.65,True,True,6.87000000000004,0
M05,1835086214,279,28,0.2489415009072168,0.8165445185510242,0.0028947542799983347,0.2489415009072168,0.776,0.42381384397857613,0.793334825407027,0.962755814883983,1.9443087464050879,25,0.19632626968400857,0.16586087962574825,0.11910595657224049,0.2209582742213259,0.29191275521257826,0.005835864684098565,0.6,0.65,True,True,6.90000000000004,0
M05,1835086214,280,25,0.4592254952957198,0.8244292417358979,0.006481378900679443,0.4592254952957198,0.65,0.43513358585635925,0.7911568285674772,0.9664802333955846,1.8812521055290192,25,0.15610930538501883,0.2811141690342426,0.05482698178017083,0.0868216050949459,0.3000275008302875,0.12110043787533453,0.0,0.65,True,True,6.930000000000041,0
M05,1835086214,281,25,0.48383113683169926,0.8264626674099934,0.007008839103249155,0.48383113683169926,0.664,0.4136572122733116,0.7888111674023522,0.9698322100560262,1.9662369163244475,24,0.15265225329061244,0.06518981978152136,0.19268946850661073,0.22691475781995182,0.31846652347022286,0.04408717713108077,0.2,0.65,True,True,6.960000000000041,0
M05,1835086214,282,24,0.4522518094383644,0.8039456221758875,0.006581156645110212,0.4522518094383644,0.664,0.3739451791894197,0.7860719650574219,0.9728489890504235,2.1607719672673986,22,0.14626695031484158,0.06416043385713352,0.03609423932518548,0.015963679451394288,0.5911618862327489,0.14635281081869625,0.2,0.65,True,True,6.990000000000041,0
M05,1835086214,283,22,0.4333605932134374,0.7889120836274593,0.006344058830787176,0.4333605932134374,0.664,0.3572531444766526,0.7837318422588222,0.9675782391645225,2.267280952459682,21,0.14954344317839144,0.127080438975517,0.021192219977700415,0.12159818861701618,0.26007074509570655,0.3205149641556685,0.2,0.65,True,True,7.020000000000041,0
M05,1835086214,284,21,0.2485826085084804,0.7056180880295122,0.0034571649629143147,0.2485826085084804,0.7060000000000001,0.35316965896373387,0.7814443605318501,0.9708204152480702,2.279165041145641,20,0.1487388798246121,0.10689217620908517,0.0510307249379229,0.20376613551612172,0.3684863875287769,0.12108569598348123,0.4,0.65,True,True,7.050000000000042,0
M05,1835086214,285,20,0.2133032596414199,0.7736227814653238,0.0025677386698066992,0.2133032596414199,0.776,0.3920787506055793,0.779066128516842,0.9703635588875005,2.0477009826719152,17,0.14617482514480562,0.2934141803379138,0.08340693655919498,0.147599889918207,0.28312592582118656,0.04627824221869202,0.6,0.65,True,True,7.080000000000042,0
M05,1835086214,286,17,0.002427113216550904,0.7210536941604315,2.6839322325814285e-05,0.01,0.976,0.3735844138377456,0.7844536606178911,0.9733272029987504,2.1573454030408867,15,0.24176048158614072,0.1149470931790332,0.010167481208208179,0.19606077232756236,0.3508503640424751,0.08621380765658032,0.6,0.85,True,True,7.110000000000042,0
M05,1835086214,287,15,0.03469594983203019,0.6726159712941424,0.0004215785244102407,0.03469594983203019,0.906,0.40310517110060745,0.7860170189350638,0.9759944826988753,1.9978653627975962,12,0.19732551685084082,0.08187920283522576,0.026028846540006183,0.33439113130783404,0.3586236212265667,0.0017516812395264648,0.4,0.85,True,True,7.140000000000042,0
M05,1835086214,288,12,0.18835991671024174,0.658924270086274,0.0026799652881172613,0.18835991671024174,0.776,0.37858363600116,0.7850085030093379,0.9712557740038684,2.1349067449248875,12,0.16615418776284033,0.08640449558471466,0.18658118826586184,0.20959166176929714,0.26430369787440317,0.08696476874288292,0.6,0.65,True,True,7.170000000000043,0
M05,1835086214,289,12,0.05306152955014087,0.6593198857128164,0.0006678710023702588,0.05306152955014087,0.906,0.3961911680042539,0.7813312589894787,0.9668126762023255,2.0398022841563637,13,0.13216476413259667,0.1350292168195322,0.16619036331156342,0.26190179203457387,0.26341239799421967,0.0413014657075143,0.4,0.85,True,True,7.200000000000043,0
M05,1835086214,290,13,0.10308101581872606,0.6813114927423023,0.0013058269626130372,0.10308101581872606,0.85,0.4337993237046041,0.7912066552654682,0.9701314085820929,1.8800547455459578,11,0.2992744903182917,0.07486882134381548,0.05685746722893215,0.155847419098215,0.3215346274980305,0.09161717451271519,0.0,0.85,True,True,7.230000000000043,0
M05,1835086214,291,11,0.2899231796866384,0.6428800579470408,0.004772958704978431,0.2899231796866384,0.664,0.43701862246095213,0.7862463395924488,0.9731182677238837,1.8488133458057536,13,0.12000021362817581,0.06325866025524249,0.00012670208851793823,0.4122414508148189,0.3286588565792582,0.0757141166339866,0.2,0.65,True,True,7.260000000000043,0
M05,1835086214,292,13,0.1383836816986941,0.7413536924890876,0.0016446340120740092,0.1383836816986941,0.85,0.4379629207822366,0.7840280547534092,0.9758064409514953,1.8345543366962374,12,0.15117540175728555,0.11334724219254871,0.01707962074670098,0.161597884175455,0.34810442080151055,0.20869543032649915,0.0,0.85,True,True,7.290000000000044,0
M05,1835086214,293,12,0.1901026633101276,0.6608209723586711,0.0027002414230898227,0.1901026633101276,0.776,0.4316395218452756,0.7901251799260501,0.9681008698077044,1.8908369874907591,12,0.25373159887889285,0.1300248359909311,0.02394703474715627,0.28796918938437244,0.24937536475679342,0.054951976241854036,0.6,0.65,True,True,7.320000000000044,0
M05,1835086214,294,12,0.1367906907655876,0.692115783041639,0.0017528050387950061,0.1367906907655876,0.85,0.4280239235527622,0.7873216765741231,0.9712907828269339,1.8938034240224004,11,0.1462844455546936,0.2348128275851168,0.015490305611402102,0.24961299013782104,0.30360895915921704,0.050190471951749346,0.0,0.85,True,True,7.350000000000044,0
M05,1835086214,295,11,0.35896678270638044,0.6478973581686974,0.006428125509823576,0.35896678270638044,0.664,0.46191796571339666,0.7894785919317414,0.9685481987279125,1.7646324700325784,13,0.20653748982905562,0.1808682363696062,0.04010256472482716,0.031152905684655056,0.2719324709183602,0.26940633247349577,0.2,0.65,True,True,7.380000000000044,0
M05,1835086214,296,13,0.0037195477297307625,0.7391008694643808,4.016046009188311e-05,0.01,0.976,0.4866457499806626,0.7889091721589894,0.9716933788551213,1.6683410159804533,11,0.17380637279793745,0.17366278654788275,0.03955124412509449,0.23612339775532246,0.3331829898897289,0.04367320888403389,0.6,0.85,True,True,7.4100000000000446,0
M05,1835086214,297,11,0.24346617599681342,0.7408736617081253,0.003171457311825855,0.24346617599681342,0.776,0.4703622663774923,0.7890917565585531,0.9537055623404737,1.7590602569520637,11,0.1828505375939154,0.10923187045489044,0.11251885470425184,0.3246304573582369,0.19590760685432218,0.07486067303438328,0.6,0.65,True,True,7.440000000000045,0
M05,1835086214,298,11,0.09374254521030093,0.7124100726876189,0.001123052545274028,0.09374254521030093,0.85,0.4331472454924064,0.7921608053784551,0.9559146552952223,1.9131925175376796,11,0.2190454580978703,0.058017307931494094,0.06188789106079511,0.23911633797136772,0.2878982459439802,0.1340347589944927,0.0,0.85,True,True,7.470000000000045,0
M05,1835086214,299,11,0.23991142617253192,0.744207068844893,0.0030977159171652877,0.23991142617253192,0.776,0.4018521276821838,0.788056597960626,0.9603231897657001,2.0420845572284763,10,0.13129791063867058,0.0858828383575394,0.02116870395797579,0.14492135786201696,0.5893523890595165,0.02737680012428073,0.6,0.65,True,True,7.500000000000045,0
