step,seed,kind,V,H_N,h_n_spectral,avg_wb,theta_capability,transfer_state,absorption_denominator,g,g_unfloored_ratio,g_pre_step,g_change_within_step,population,novelty_vector_count,psi_inst_stock,H_eff,H_E,U_sys,L_t,incumbent_capability,incumbent_generation,successor_present,total_suppression,adapter_active,adapter_score,defense_fired,action_modified,live_yield_evaluated,live_yield_margin,live_transition_cost,reference_T_incumbent,reference_T_successor,reference_theta_incumbent,reference_theta_successor,reference_margin,reference_transition_cost,reference_soft_condition,reference_hard_condition,reference_soft_only,g_star,x_compute,x_bio_welfare,x_novelty_agency,x_institutional_capacity,x_transfer_comprehension,x_resilience,c_protective,c_suppressive
0,1835086211,BASELINE,0.07005281306557387,0.9855222397131809,0.9855222397131809,0.6439929498521192,0.508,0.55,0.3541961224186656,1.4342336571362453,1.4342336571362453,1.5123630911489143,-0.07812943401266903,197,200,0.55,0.6251493336832923,0.22119921692859512,15.685299309930501,0.09606669810711155,1.0,1,False,0.15600000000000003,False,0.0,False,False,False,,,1.0,0.5089934485601689,0.27940000000000004,0.14221276952771122,-3.773541461261971,4.286823210451209,True,True,False,1.0965735902799727,0.09999999999999998,0.09999999999999998,0.09999999999999998,0.29999999999999993,0.29999999999999993,0.09999999999999998,0.4,0.1
1,1835086211,BASELINE,0.0,1.0,1.0,0.6527082490898682,0.5326,0.5885894133486888,0.38417716541965535,1.386339553570851,1.386339553570851,1.4342336571362453,-0.047894103565394364,198,197,0.579882857728625,0.6461811665989695,0.5507541355748684,17.31756939141501,0.11746491670207308,1.0,1,False,1.0,False,0.0,False,False,False,,,1.0,0.5601605014521095,0.3134827215495116,0.17560063849974644,-4.133251407188118,4.1462798199887345,True,True,False,1.0965735902799727,0.3200739835478914,0.15817530305287053,0.031624699022248556,0.2040129896755683,0.26794706674344365,0.01816595795797758,0.4,1.0
2,1835086211,BASELINE,0.015762951663264534,0.9876382461515308,0.9876382461515308,0.6690365881976731,0.5456979769369724,0.6233195020889903,0.41702355303469046,1.308554332161613,1.308554332161613,1.386339553570851,-0.07778522140923783,192,198,0.6218945719557625,0.6343354776756036,0.368873700813543,18.5762316030733,0.13418341071021872,1.0,1,False,0.6,False,0.0,False,False,False,,,1.0,0.6544490883394342,0.34014419127532297,0.22260705588408924,-3.709369873704358,3.971534873527366,True,True,False,1.0965735902799727,0.1840997117121551,0.1987648712735451,0.018120193641388317,0.2805116772886023,0.2679451503758525,0.05055839570845682,0.0,0.6
3,1835086211,BASELINE,0.003431854626161199,0.9861637224955987,0.9861637224955987,0.6818048559909022,0.5502857582194199,0.6506014351300229,0.44358321778629956,1.2405468380107323,1.2405468380107323,1.308554332161613,-0.06800749415088081,195,192,0.6561098822754872,0.6555619344295747,0.19327404562443395,20.08274316111165,0.1539903823251013,1.0,1,False,0.8240000000000001,False,0.0,False,False,False,,,1.0,0.7498017089602084,0.3580167040291674,0.26844153651737085,-3.08224250580555,3.8457529021967347,True,True,False,1.0965735902799727,0.08590850161620238,0.18912882784192225,0.13805907832265113,0.2563853068877314,0.2480694162496578,0.08244886908183498,0.8,0.6
4,1835086211,BASELINE,0.02582771945965175,0.9780227551543333,0.9780227551543333,0.6903000448670294,0.5580919885361997,0.6839609571140356,0.4721382793831152,1.1820519811809997,1.1820519811809997,1.2405468380107323,-0.058494856829732544,198,195,0.6904988940479384,0.6683778602463719,0.275675798441247,21.779553562647376,0.17616601992602596,1.0,1,False,0.526,False,0.0,False,False,False,,,1.0,0.842857999488343,0.3817131306368945,0.3217299656670454,-2.2146420356538314,3.7318928474167383,True,True,False,1.0965735902799727,0.12900647784688365,0.19638951409609795,0.013435617706029412,0.3195699386007286,0.29209832748507514,0.04950012426518538,0.6,0.4
5,1835086211,BASELINE,0.016217559565465757,0.9859559977732072,0.9859559977732072,0.6987501451002083,0.5723526182804571,0.70390509010156,0.4918537838452402,1.1636641560544456,1.1636641560544456,1.1820519811809997,-0.018387825126554125,205,198,0.7214490046431445,0.7061603189191104,0.4151579168915148,24.02993313489893,0.20525168346316489,1.0,1,False,0.6240000000000001,False,0.0,False,False,False,,,1.0,0.874431663096428,0.40288192134056894,0.352292708509318,-2.061845833716875,3.6386995156758735,True,True,False,1.0965735902799727,0.2145653646383433,0.20611201309323823,0.03359199403582313,0.2800378445603678,0.24170114349463998,0.023991640177587564,0.8,0.4
6,1835086211,BASELINE,0.11380146228277219,0.9858076769991169,0.9858076769991169,0.7064378482379693,0.5830027189690932,0.7256080407126883,0.5125969829452403,1.1373510542713714,1.1373510542713714,1.1636641560544456,-0.026313101783074222,207,205,0.7493041041788301,0.7207862690097776,0.35973082978325754,25.812013946786788,0.22847426188112366,1.0,1,False,0.014000000000000002,False,0.0,False,False,False,,,1.0,0.9216820823259032,0.4230314606413337,0.3899005175332728,-1.431487874804254,3.561407928819815,True,True,False,1.0965735902799727,0.17834664503323644,0.19263307787349332,0.03854618803286433,0.28450886531664504,0.2604672981064214,0.04549792563733947,0.2,0.0
7,1835086211,BASELINE,0.0,1.0,1.0,0.7140037763756841,0.5928559963269319,0.7529181223243535,0.5375863826412777,1.1028106653559613,1.1028106653559613,1.1373510542713714,-0.034540388915410114,215,207,0.7717317465703041,0.7675540596038604,0.3544203385298538,28.611631125656384,0.2644066090205153,1.0,1,False,1.0,False,0.0,False,False,False,,,1.0,0.9876033295598946,0.4463720235632074,0.44083849669341135,-0.26222048620294974,3.5032310518038283,True,True,False,1.0965735902799727,0.17504266632866694,0.26298134919459665,0.0003278635045662742,0.2607184218607136,0.29935442841467025,0.0015752706967864386,1.0,1.0
8,1835086211,BASELINE,0.0440017873988886,0.9843951863651694,0.9843951863651694,0.7241488518678032,0.6005244382999808,0.7673090355859244,0.5556459571473386,1.0807681232543225,1.0807681232543225,1.1028106653559613,-0.022042542101638807,217,215,0.7945585719132737,0.7734407787297245,0.3193631029955277,30.038828027523486,0.28317439500291297,1.0,1,False,0.4,False,0.0,False,False,False,,,1.0,1.0321158660395153,0.4607878275977373,0.4755864277415055,0.7275499586345826,3.4473911698481183,True,False,True,1.0965735902799727,0.15389052236744352,0.18843684226698384,0.0625987926188944,0.3179023489282149,0.24841362747003132,0.028757866348431926,0.0,0.4
9,1835086211,BASELINE,0.015304907531556508,0.9851767398433876,0.9851767398433876,0.7278992990012286,0.6085015444132154,0.790578132027332,0.5754612681083957,1.0574152912383254,1.0574152912383254,1.0807681232543225,-0.023352832015997027,227,217,0.8025545753578434,0.8139192351981005,0.3339256652173225,32.45064473464433,0.3142406535184882,1.0,1,False,0.656,False,0.0,False,False,False,,,1.0,1.0814649942201542,0.4810680143179464,0.5202582173238589,2.0479654426999785,3.4285822550441893,True,False,True,1.0965735902799727,0.1625416003529197,0.18954691699134127,0.012325344109454319,0.21569027561771376,0.3349418357038435,0.0849540272247274,0.4,0.6
10,1835086211,BASELINE,0.07106335803252481,0.9896067314689639,0.9896067314689639,0.7358484691942311,0.6151980051363031,0.8018769856557243,0.5900599523768492,1.042602540060877,1.042602540060877,1.0574152912383254,-0.014812751177448513,226,227,0.822299117822059,0.8228666762549902,0.31531613674208747,33.94236912579969,0.3337966448165415,1.0,1,False,0.256,False,0.0,False,False,False,,,1.0,1.113983244377484,0.4933131219401135,0.549542552072833,3.0437724208412185,3.3837042095899843,True,False,True,1.0965735902799727,0.15151922429685596,0.16488555500196517,0.08575449865906833,0.30704307938951275,0.2517833341556274,0.039014308496970324,0.4,0.2
11,1835086211,BASELINE,0.009638170374488511,0.9879684673433782,0.9879684673433782,0.7444216827980491,0.6203132418451061,0.8216254802543805,0.6116358226407212,1.014187231818634,1.014187231818634,1.042602540060877,-0.02841530824224292,228,226,0.8383499679994623,0.8384302698727303,0.288121501406881,35.826013403907666,0.3582426201776026,1.0,1,False,0.726,False,0.0,False,False,False,,,1.0,1.1791250930739963,0.509665165239137,0.600958985399171,5.133609485450285,3.3487793938438215,False,False,False,1.0965735902799727,0.135939212070227,0.20119081504313568,0.00031644176624859397,0.2649125543618598,0.2996809658211434,0.09796001093738566,0.6,0.6
12,1835086211,BASELINE,0.08178571319718611,0.9877533854312814,0.9877533854312814,0.7531737877861505,0.6214590209075883,0.8232488967637253,0.6200494898663046,1.002273255706714,1.002273255706714,1.014187231818634,-0.011913976111920022,230,228,0.854514971199516,0.8555424525094524,0.20052101808097078,37.01756453116105,0.37402867109630344,1.0,1,False,0.21400000000000002,False,0.0,False,False,False,,,1.0,1.2075586407656889,0.511615453346037,0.6178056614372621,6.210615062027929,3.314932250094036,False,False,False,1.0965735902799727,0.08951801443421968,0.25519132768629127,0.1078345908126943,0.2727776339910726,0.2189298226739138,0.055748610401808424,0.2,0.2
13,1835086211,BASELINE,0.021493363740252677,0.9872041259742437,0.9872041259742437,0.7608622558092707,0.6215182590431373,0.8262813132831157,0.6286862639576382,0.988598438799382,0.988598438799382,1.002273255706714,-0.013674816907331966,236,230,0.8690634740795644,0.8863291027149193,0.17438846434656696,38.67061888259997,0.39557453842055557,1.0,1,False,0.6,False,0.0,False,False,False,,,1.0,1.2410407014201736,0.5135489233115992,0.637335116000202,7.627943904254595,3.2855463911168155,False,False,False,1.0965735902799727,0.07665236476160454,0.25361587744408143,0.041773371873491935,0.3367046556974863,0.22678653097881493,0.06446719924452075,0.0,0.6
14,1835086211,BASELINE,0.0,1.0,1.0,0.7632656079452724,0.630451414595852,0.8342773470744793,0.6367752065097715,0.9900690355885857,0.9900690355885857,0.988598438799382,0.001470596789203693,235,236,0.882157126671608,0.8968370893356952,0.3743933066861841,40.24462981652886,0.41612286745063437,1.0,1,False,1.0,False,0.0,False,False,False,,,1.0,1.2373959231053673,0.52597133362838,0.6508347839020504,7.902856924551985,3.2599278362012054,False,False,False,1.0965735902799727,0.1876133563108937,0.14934549310874326,0.004317119276135004,0.3665656358125548,0.2531208255983761,0.03903756989329721,0.6,1.0
15,1835086211,BASELINE,0.11255011337786974,0.987770738528147,0.987770738528147,0.7759138888678219,0.6344529833098967,0.8507377896696515,0.6600992667893945,0.9611478382573629,0.9611478382573629,0.9900690355885857,-0.02892119733122278,233,235,0.8825874933040828,0.8928851658230156,0.28027015856931226,40.913748348995966,0.42535206459491476,1.0,1,False,0.126,False,0.0,False,False,False,,,1.0,1.3110803657978107,0.5397531286703778,0.7076597293776717,10.58547320664159,3.259098699508346,False,False,False,1.0965735902799727,0.1315517430479674,0.18245468917160343,0.07524911213814303,0.2211185422710711,0.29944088651310075,0.09018502685811437,0.6,0.0
16,1835086211,BASELINE,0.0,1.0,1.0,0.7845966893251873,0.6409054458858665,0.852750315248615,0.6690650741650731,0.9579119739371436,0.9579119739371436,0.9611478382573629,-0.0032358643202193837,232,233,0.8943287439736746,0.9101321596172173,0.33749173247775743,42.40539671765978,0.4448540003440803,1.0,1,False,1.0,False,0.0,False,False,False,,,1.0,1.319592837644159,0.5465323210237268,0.7212001363639482,11.373752438188337,3.2367860747968527,False,False,False,1.0965735902799727,0.16468889676830747,0.22578991277489613,0.00843351760234022,0.298219828802548,0.23543152272964296,0.06743632132226528,0.2,1.0
17,1835086211,BASELINE,0.05723421796881964,0.9864647684365403,0.9864647684365403,0.7898097901373231,0.6500659285938221,0.8674752837237535,0.6851404717871725,0.948806785414589,0.948806785414589,0.9579119739371436,-0.009105188522554597,238,232,0.8842194256619675,0.9271522427667049,0.39735672666491584,43.73339649350417,0.46230183677399955,1.0,1,False,0.4,False,0.0,False,False,False,,,1.0,1.3438432552353985,0.5639161258460711,0.7578148822367188,12.716729418371202,3.2559619806719127,False,False,False,1.0965735902799727,0.20257193752811037,0.19117951573799885,0.036350453477052604,0.17874343675300203,0.37675347541055637,0.014401181093279912,0.0,0.4
18,1835086211,BASELINE,0.1521602866285567,0.9828091708948957,0.9828091708948957,0.793137483137428,0.6522825874615615,0.8637983605913333,0.6851108576576466,0.9520832726132484,0.9520832726132484,0.948806785414589,0.0032764871986594724,240,238,0.8957974830957708,0.9354033506495519,0.2619536142556367,44.45206300610457,0.47212491523291644,1.0,1,False,0.0,False,0.0,False,False,False,,,1.0,1.3350658751726914,0.5634406296915698,0.752230357387028,12.655409668242338,3.2340360988515426,False,False,False,1.0965735902799727,0.12149944121788231,0.22189098981628558,0.04684623417074874,0.32524865353359556,0.21535302619977578,0.06916165506171218,0.0,0.0
19,1835086211,BASELINE,0.0931537941637067,0.9863172683047967,0.9863172683047967,0.79370853868935,0.6622726085178611,0.8589124078545378,0.6817261121003761,0.9714643414162625,0.9714643414162625,0.9520832726132484,0.019381068803014045,247,240,0.8997949659113316,0.9668178205721857,0.42312501568697947,46.20363028038172,0.49485034294060304,1.0,1,False,0.22400000000000003,False,0.0,False,False,False,,,1.0,1.284306003975964,0.5688341608381817,0.730557128031106,11.255096778415428,3.226596929121606,False,False,False,1.0965735902799727,0.2200518803672205,0.23273284494353222,0.06842410824278752,0.24353286875062644,0.20746941661168936,0.02778888108414391,0.8,0.0
20,1835086211,BASELINE,0.052354297395424826,0.9877865927230077,0.9877865927230077,0.7979472165482997,0.6754047725122636,0.847770159486713,0.6764758390351308,0.9984166965602277,0.9984166965602277,0.9714643414162625,0.026952355143965212,246,247,0.9098154693201984,0.9694879215146752,0.48517645887993555,46.954114479011096,0.5050541806883818,1.0,1,False,0.42400000000000004,False,0.0,False,False,False,,,1.0,1.2169086960944515,0.5725880117108089,0.696787330730315,8.764039184110427,3.2082364536651995,False,False,False,1.0965735902799727,0.26557243025369415,0.17051234773226775,0.043470839300478153,0.3345847596144533,0.17374496208814444,0.01211466101096225,0.8,0.2
21,1835086211,BASELINE,0.0,1.0,1.0,0.8026163486172826,0.6866390613048083,0.8407711104153675,0.6748166386644804,1.0175194593063466,1.0175194593063466,0.9984166965602277,0.019102762746118884,245,246,0.9162490750232737,0.9832050270561713,0.4648142958837802,48.09040855172311,0.5200725429816762,1.0,1,False,1.0,False,0.0,False,False,False,,,1.0,1.1712929943041261,0.5773062860278093,0.6761948083921071,7.126772447491496,3.1966599121423243,False,False,False,1.0965735902799727,0.25005659272697406,0.2166824581904842,0.022007637309158497,0.26097796652315947,0.18888983438662862,0.06138551086359521,0.0,1.0
22,1835086211,BASELINE,0.0,1.0,1.0,0.8010205560287216,0.6993836569267146,0.844740622478302,0.6766546031176178,1.0335903335385217,1.0335903335385217,1.0175194593063466,0.016070874232175125,255,245,0.9033955005137189,1.02130120893662,0.49836983126863577,50.027523798142504,0.5450930290625764,1.0,1,False,1.0,False,0.0,False,False,False,,,1.0,1.1342441857597574,0.590797785703424,0.6701089533938478,5.854037524324395,3.2199528198593934,False,False,False,1.0965735902799727,0.27595685858933255,0.1761546637513386,0.025504446765685716,0.17623333178532996,0.24023311552235646,0.10591758358595686,1.0,0.8
23,1835086211,BASELINE,0.0230963685841588,0.9867425900031639,0.9867425900031639,0.8021165296426496,0.6961432744668313,0.8574687419921964,0.687789851603829,1.0121453127630822,1.0121453127630822,1.0335903335385217,-0.021445020775439527,255,255,0.9049025271793549,1.0091402409785204,0.18963864383648887,49.963543216634655,0.5450925605415757,1.0,1,False,0.614,False,0.0,False,False,False,,,1.0,1.183950295032559,0.5969210978034021,0.706724909855497,8.021574043503609,3.2171875821438327,False,False,False,1.0965735902799727,0.08411000483065557,0.30114603475579205,0.014210605462663782,0.2356662578045815,0.28601090880862307,0.07885618833768408,0.2,0.6
24,1835086211,BASELINE,0.16045001558479302,0.9893300000220412,0.9893300000220412,0.7993371118098309,0.6999922197516966,0.8438697238445662,0.6745363878016751,1.037738263510116,1.037738263510116,1.0121453127630822,0.025592950747033827,262,255,0.9144122744614195,1.0359587221462143,0.3473755346661026,51.05840091546867,0.5595683175162364,1.0,1,False,0.014000000000000002,False,0.0,False,False,False,,,1.0,1.1248735772227088,0.5907022411752091,0.6644653431042287,5.590014234713934,3.199948410780106,False,False,False,1.0965735902799727,0.17070136260258492,0.26650857329305583,0.02721186152106453,0.2928179774171683,0.16073928025794704,0.08202094490817942,0.2,0.0
25,1835086211,BASELINE,0.00038654397386339774,0.9899382438378016,0.9899382438378016,0.7945341070478579,0.6935195015202709,0.8594827514601096,0.682888360454394,1.0155679049190454,1.0155679049190454,1.037738263510116,-0.022170358591070638,274,262,0.9229710470152775,1.0775593870822635,0.10435880536857334,53.65602949332202,0.5928231238720648,1.0,1,False,0.95,False,0.0,False,False,False,,,1.0,1.1758736117767592,0.596068049357886,0.700900690063185,8.340920277266898,3.184736890542754,False,False,False,1.0965735902799727,0.0440861594519888,0.2039877712294804,0.0015103637834876585,0.347115481133059,0.38820947411373524,0.015090750288248926,1.0,0.6
26,1835086211,BASELINE,0.0031923492084151633,0.9861399393340987,0.9861399393340987,0.7977360262262554,0.6868309169335762,0.8735344763140986,0.696849921906442,0.9856224351070374,0.9856224351070374,1.0155679049190454,-0.029945469812007963,273,274,0.9306739423137498,1.0738173216325797,0.08913078385527984,54.13573332016038,0.5995947838511333,1.0,1,False,0.8560000000000001,False,0.0,False,False,False,,,1.0,1.2484494113157558,0.5999704853399037,0.7490327992294311,11.91745999292043,3.1712857341632126,False,False,False,1.0965735902799727,0.037342381116486634,0.19311519400594637,0.03619883428261572,0.3441453606978046,0.3185615041954379,0.07063672570170862,0.4,0.8
27,1835086211,BASELINE,0.031076809722984405,0.9867516792633184,0.9867516792633184,0.800123028944155,0.6894737630220908,0.8861810286826888,0.70905384886244,0.972385615180339,0.972385615180339,0.9856224351070374,-0.013236819926698451,274,273,0.9376065480823748,1.08164615712622,0.3123754127043429,55.67888615022918,0.6196494037913702,1.0,1,False,0.55,False,0.0,False,False,False,,,1.0,1.2819417878820782,0.6109985685646409,0.7832645973791462,13.976379230353626,3.159368661782132,False,False,False,1.0965735902799727,0.14980489918991838,0.19570933395725967,0.0038995849422362823,0.27859908370710823,0.3466813025769151,0.025305795626562315,1.0,0.2
28,1835086211,BASELINE,0.0555449059512446,0.9907168722560173,0.9907168722560173,0.7987857346924674,0.6920744908184341,0.8975629258144199,0.7169604611293919,0.9652896196371049,0.9652896196371049,0.972385615180339,-0.007095995543234035,280,274,0.9243559106291469,1.1079187065481446,0.3143071543274023,56.93879110809518,0.6361578128784824,1.0,1,False,0.42400000000000004,False,0.0,False,False,False,,,1.0,1.3002648068303087,0.6211804048605185,0.807699019132735,15.281236351506692,3.1823020475397144,False,False,False,1.0965735902799727,0.15093019934309762,0.21637387864134458,0.048646593781229625,0.18413644252277114,0.35007252675994066,0.04984035895161621,0.8,0.2
29,1835086211,BASELINE,0.03675847211715511,0.9875229163633881,0.9875229163633881,0.8026414157108683,0.6911981099906713,0.9078066332329779,0.7286432012898344,0.9486098391738532,0.9486098391738532,0.9652896196371049,-0.016679780463251692,287,280,0.9266912288353344,1.1374194459988587,0.23870130210071094,58.896444194077745,0.6613808181881501,1.0,1,False,0.526,False,0.0,False,False,False,,,1.0,1.3443726892531063,0.627474229127629,0.8435592168493303,18.220879121478053,3.1782126149925496,False,False,False,1.0965735902799727,0.1090917964144872,0.17447913151408076,1.7562252619353362e-05,0.24895867849591904,0.3495313359097874,0.11792149541310626,0.6,0.4
30,1835086211,BASELINE,0.00521142324001191,0.9886425651721824,0.9886425651721824,0.8036309719633439,0.6853795224057707,0.9086306147476747,0.7302037040853245,0.9386141409187975,0.9386141409187975,0.9486098391738532,-0.009995698255055752,289,287,0.9340221059518009,1.1480579701539306,0.11034024297967382,59.34945139764616,0.6677893106825638,1.0,1,False,0.8240000000000001,False,0.0,False,False,False,,,1.0,1.3715190191706188,0.6227568167790232,0.8541228185305826,19.847634376670445,3.1655081906477798,False,False,False,1.0965735902799727,0.046766473932911445,0.24565282190773138,0.06297057995068449,0.3776341704905622,0.2580232241899729,0.008952729528137577,0.8,0.6
31,1835086211,BASELINE,0.14063081464346874,0.9879110209571843,0.9879110209571843,0.8014057699482084,0.6909277915628749,0.9094420434964033,0.7288321010915072,0.947993084454065,0.947993084454065,0.9386141409187975,0.009378943535267581,294,289,0.9406198953566208,1.163824860814054,0.3706318597782885,60.897469717732754,0.6878749276218871,1.0,1,False,0.05600000000000001,False,0.0,False,False,False,,,1.0,1.3460320088384001,0.628358782667398,0.8457910345050493,19.042108129293496,3.1542435227418215,False,False,False,1.0965735902799727,0.18521556596740865,0.17164539066055357,0.09999375469027506,0.2739632066352645,0.25837245111748064,0.010809630929017594,0.4,0.0
32,1835086211,BASELINE,0.018139618948719963,0.9892924821459629,0.9892924821459629,0.7971209670852392,0.688235630441073,0.918497839146763,0.7321538858063702,0.9400149938193294,0.9400149938193294,0.947993084454065,-0.007978090634735646,300,294,0.9465579058209588,1.1828786701475198,0.19280874137811566,62.43200415601781,0.7077871590942904,1.0,1,False,0.656,False,0.0,False,False,False,,,1.0,1.3676818042620094,0.6321429393839357,0.8645703958881112,20.81918313049592,3.144239587538173,False,False,False,1.0965735902799727,0.08567785570427418,0.2916900721076448,0.0012215026875836352,0.3088138176686494,0.30537214072068375,0.007224611111164351,0.4,0.6
33,1835086211,BASELINE,0.09791067477989394,0.9904858546299377,0.9904858546299377,0.8019991175335608,0.7019357901441818,0.9137686200239944,0.7328416268891031,0.957827400067166,0.957827400067166,0.9400149938193294,0.017812406247836643,301,300,0.9418477140312086,1.1955250159207405,0.5143408134317897,63.52936531237624,0.722225773133627,1.0,1,False,0.2,False,0.0,False,False,False,,,1.0,1.3198160626687794,0.6414068983055011,0.8465391270901607,18.478327117499592,3.15216463688263,False,False,False,1.0965735902799727,0.2888992653145303,0.16066741755592792,0.06414445486659193,0.22702544905611693,0.23560282395953858,0.02366058924729446,0.0,0.2
34,1835086211,BASELINE,0.06438514161132097,0.9919925637841184,0.9919925637841184,0.7969856803045933,0.7053580043474087,0.9109980340038368,0.7260523878866949,0.9714973962147264,0.9714973962147264,0.957827400067166,0.01366999614756037,314,301,0.9476629426280877,1.2412480732381956,0.3445733399051477,66.16259288404473,0.755856799902651,1.0,1,False,0.35,False,0.0,False,False,False,,,1.0,1.2842211018301632,0.6425797552293591,0.8252144812744041,17.186406667328313,3.142391736673268,False,False,False,1.0965735902799727,0.1689875463804493,0.23229388689110547,0.0236841069046927,0.32892168268534594,0.2430313799112095,0.003081397227196967,1.0,0.0
35,1835086211,BASELINE,0.03507600907893216,0.9920749653221151,0.9920749653221151,0.8013549339095454,0.7047517636310646,0.9157312262316701,0.733825736275787,0.96038027666858,0.96038027666858,0.9714973962147264,-0.01111711954614647,318,314,0.9343675386194319,1.2640566275477387,0.2606078575084195,66.6161079890982,0.7622342636963279,1.0,1,False,0.526,False,0.0,False,False,False,,,1.0,1.3130945812938861,0.6453631966988069,0.8474229165517038,19.092073910939856,3.16491447325921,False,False,False,1.0965735902799727,0.12077074376282958,0.17110279995960817,0.030984450176589684,0.18850404660978637,0.27916497814108504,0.20947298135010115,0.6,0.4
36,1835086211,BASELINE,0.024601289713280704,0.9912637192678364,0.9912637192678364,0.8016129368973353,0.702232388622965,0.9241581036085031,0.740817091591084,0.9479160194789121,0.9479160194789121,0.96038027666858,-0.012464257189667816,320,318,0.9409307847574887,1.2713757139873056,0.21431093912285692,67.68941593885894,0.776352080641903,1.0,1,False,0.6,False,0.0,False,False,False,,,1.0,1.34623948867405,0.6489737525622687,0.8736740928123081,21.50424860805358,3.1537166262137566,False,False,False,1.0965735902799727,0.09647766466816997,0.18752351350397656,0.05181660535465571,0.30324377779766687,0.3261479831808194,0.03479045549471157,0.0,0.6
37,1835086211,BASELINE,0.0,1.0,1.0,0.7992378468232751,0.7171207691918168,0.9257405560308691,0.7398868887190934,0.9692302703637717,0.9692302703637717,0.9479160194789121,0.02131425088485961,320,320,0.9188489920450658,1.2787805549172404,0.5611324253107757,67.9296886252994,0.7800487729134508,1.0,1,False,1.0,False,0.0,False,False,False,,,1.0,1.2900573049546546,0.663867779612917,0.8564274786136703,18.10068417489946,3.192027650793888,False,False,False,1.0965735902799727,0.32942302544067753,0.17546541892261439,0.01937855656421295,0.14550584437875416,0.2699913139160815,0.06023584077765954,0.2,1.0
38,1835086211,BASELINE,0.003110841854331122,0.992634494795713,0.992634494795713,0.7985785410232327,0.7235866765844509,0.9151773805835896,0.7308410173639067,0.990073982429692,0.990073982429692,0.9692302703637717,0.020843712065920283,325,320,0.9269640928405591,1.2881319857628528,0.4180151182030727,68.72786072804907,0.7907134297938048,1.0,1,False,0.8560000000000001,False,0.0,False,False,False,,,1.0,1.2373836807638938,0.6622101593017428,0.819408044356035,15.016174225809609,3.1777361406222866,False,False,False,1.0965735902799727,0.21652432315281128,0.18215722470596926,0.019070845471919347,0.29777844396594344,0.21005440077903645,0.07441476192432027,0.4,0.8
39,1835086211,BASELINE,0.1418511928330069,0.9899663594144533,0.9899663594144533,0.8002049746199958,0.716857131071143,0.9236596425252306,0.7391170408044165,0.9698831057811264,0.9698831057811264,0.990073982429692,-0.02019087664856567,318,325,0.9342676835565032,1.2595598487607287,0.1298206027651322,67.75017395859167,0.7791744679772932,1.0,1,False,0.014000000000000002,False,0.0,False,False,False,,,1.0,1.2883740139076212,0.6621320014268344,0.8530736644149773,17.975430237017296,3.165086055478176,False,False,False,1.0965735902799727,0.05562235394893334,0.19726311560140192,0.03698189100884628,0.2972865226945846,0.38030847219592867,0.03253764455030524,0.2,0.0
40,1835086211,BASELINE,0.10232428714757331,0.9937656062176904,0.9937656062176904,0.7944591195606578,0.7171798821352451,0.9198071212151249,0.7307491556861914,0.9814310102921646,0.9814310102921646,0.9698831057811264,0.011547904511038265,313,318,0.9408409152008529,1.2355771225048036,0.29455413119402163,66.71050388076367,0.7668508799734355,1.0,1,False,0.2,False,0.0,False,False,False,,,1.0,1.2589589634547766,0.6596671627802223,0.830493887478942,15.886602503385824,3.1538689016964274,False,False,False,1.0965735902799727,0.13957009522073996,0.15645201366938122,0.08448290652914907,0.29260847003913254,0.24256721471208695,0.08431929982951035,0.0,0.2
41,1835086211,BASELINE,0.0,1.0,1.0,0.7975696728087087,0.7114531961766095,0.9278264090936124,0.7400062055240715,0.9614151757994506,0.9614151757994506,0.9814310102921646,-0.020015834492714046,310,313,0.9467568236807676,1.2362329928534985,0.14818390775818457,67.11658242525544,0.7725949027420117,1.0,1,False,1.0,False,0.0,False,False,False,,,1.0,1.3103795511636247,0.660105064246717,0.8649881778084487,19.18375219469849,3.1439066372417326,False,False,False,1.0965735902799727,0.064153851851584,0.3232046030674518,0.00470227355035456,0.296641926885134,0.3107548541719955,0.0005424904734799965,1.0,1.0
42,1835086211,BASELINE,0.0008261035935623984,0.9915778106280903,0.9915778106280903,0.8000058423751892,0.7231687825015901,0.9216787483159196,0.7373483834457872,0.9807694690019759,0.9807694690019759,0.9614151757994506,0.019354293202525352,302,310,0.9423005256180488,1.1978347429248275,0.5016774354619513,65.4422967721039,0.752325154750249,1.0,1,False,0.926,False,0.0,False,False,False,,,1.0,1.2606257725486196,0.6665292982772131,0.840244011567001,15.686004360977078,3.1513993246254923,False,False,False,1.0965735902799727,0.2786030766726384,0.17077137359480474,0.038232814437916554,0.22826992866071782,0.23317490065834212,0.050947905975580396,0.6,0.8
43,1835086211,BASELINE,0.02093822375386816,0.9937520331517398,0.9937520331517398,0.798097539555017,0.7131937889375529,0.9295108734843276,0.7418403411174765,0.961384477774865,0.961384477774865,0.9807694690019759,-0.019384991227110904,299,302,0.9480704730562439,1.1857010236163679,0.05,64.82023171693396,0.7452085734095316,1.0,1,False,0.6240000000000001,False,0.0,False,False,False,,,1.0,1.3104600057607527,0.662921381718942,0.8687319577063308,18.508446187204992,3.1417113484615555,False,False,False,1.0965735902799727,0.01479306951302831,0.18734283607625007,0.10361613664383929,0.3335398097027535,0.309917800785381,0.05079034727874784,0.8,0.4
44,1835086211,BASELINE,0.09243779788280247,0.9907481632963664,0.9907481632963664,0.7936978163839521,0.7102436125483133,0.9365597861358949,0.743345457169081,0.9554690967685051,0.9554690967685051,0.961384477774865,-0.00591538100635991,303,299,0.9428230811343777,1.1913273004990268,0.21409729802492727,64.92363326742367,0.7471437071386449,1.0,1,False,0.21400000000000002,False,0.0,False,False,False,,,1.0,1.3260558194886443,0.6651856058726336,0.8820732437074855,19.488797866957484,3.150517049456476,False,False,False,1.0965735902799727,0.09636891322047446,0.16258873591655415,0.17221056384736594,0.2252711608352644,0.3124199756593936,0.031140650520947433,0.2,0.2
45,1835086211,BASELINE,0.0008213032334346553,0.9910250899944221,0.9910250899944221,0.7951543786864395,0.704414522571933,0.9429038075223054,0.7497540912314768,0.9395274141351156,0.9395274141351156,0.9554690967685051,-0.015941682633389465,306,303,0.94854077302094,1.2056674477366969,0.13614174715536098,65.86800098598025,0.7595899843116812,1.0,1,False,0.926,False,0.0,False,False,False,,,1.0,1.3690161624866843,0.6641951354070826,0.909293875417328,22.424002577695497,3.1409268906709684,False,False,False,1.0965735902799727,0.058538633137943635,0.15941387986872793,0.14102236100725457,0.2734994525200609,0.3237912850350853,0.043734388430927626,0.6,0.8
46,1835086211,BASELINE,0.005102486564382183,0.985344218373976,0.985344218373976,0.800182161016701,0.7102320178621637,0.9486134267700749,0.7590635418023366,0.9356687269892765,0.9356687269892765,0.9395274141351156,-0.003858687145839146,309,306,0.9325338716032088,1.2181627679758713,0.39419335975912717,66.278074473249,0.7653488800007855,1.0,1,False,0.8240000000000001,False,0.0,False,False,False,,,1.0,1.3796222455407123,0.6737356282660522,0.9295006603691935,23.243439980914694,3.168071144654516,False,False,False,1.0965735902799727,0.20047776773534196,0.2265629897145015,0.0523573939891121,0.17657807220164923,0.3185945381464853,0.025429238212909933,0.8,0.6
47,1835086211,BASELINE,0.1540463096131479,0.9927757097347141,0.9927757097347141,0.7971652565682781,0.7198149006279363,0.929152362792115,0.7406879816761981,0.9718193334242775,0.9718193334242775,0.9356687269892765,0.03615060643500101,316,309,0.9307892691495278,1.2504219593173758,0.46631666115893666,67.27377150372513,0.7784231226171273,1.0,1,False,0.0,False,0.0,False,False,False,,,1.0,1.2833944908596104,0.6688177156914185,0.8583569717076757,17.648040658204803,3.1710860366239637,False,False,False,1.0965735902799727,0.25118104573600913,0.21658074182140963,0.10507287188079308,0.2341308395756358,0.17700139349523797,0.016033107490914474,0.0,0.0
48,1835086211,BASELINE,0.0,1.0,1.0,0.7979902019992735,0.7235190981438964,0.9237171371494672,0.737117224864094,0.9815522873953938,0.9815522873953938,0.9718193334242775,0.009732953971116287,314,316,0.9364985634026582,1.2528446171388594,0.36822183715196466,67.68131528080809,0.784139492178942,1.0,1,False,1.0,False,0.0,False,False,False,,,1.0,1.2586536346933168,0.6683269900104444,0.8411921951402899,16.22561571539978,3.1612614292689116,False,False,False,1.0965735902799727,0.18368678184196124,0.1598282091040436,0.13971095795173152,0.26721918712765114,0.2374000531828185,0.012154810791794039,1.0,0.8
49,1835086211,BASELINE,0.10264305765969814,0.9906243821061902,0.9906243821061902,0.8013196869375612,0.7331456380508615,0.9199900453351857,0.7372061351136637,0.9944920465668993,0.9944920465668993,0.9815522873953938,0.012939759171505472,318,314,0.9186908101934769,1.2621528433898552,0.47799492187734594,67.46782353706232,0.7820863485048173,1.0,1,False,0.2,False,0.0,False,False,False,,,1.0,1.2264981635748706,0.6744866887877057,0.8272566851538163,14.171269676853566,3.192308733676383,False,False,False,1.0965735902799727,0.2600311851769996,0.2467032999481776,0.024243043474863543,0.16291865059583846,0.24322310950332593,0.06288071130079488,0.0,0.2
50,1835086211,BASELINE,0.05082316667468319,0.9897710271401905,0.9897710271401905,0.7958814839933361,0.732733984242723,0.9142607502729417,0.7276432026840898,1.0069962607220881,1.0069962607220881,0.9944920465668993,0.012504214155188875,331,318,0.9268217291741292,1.3037104180944763,0.29631599346998505,69.60866881725818,0.8094569448389252,1.0,1,False,0.42400000000000004,False,0.0,False,False,False,,,1.0,1.19620573398343,0.6699099221842337,0.8013500901691738,12.705583416732786,3.177984700659138,False,False,False,1.0965735902799727,0.14057035118005648,0.17812905097190102,0.012514175087243593,0.2913074093103265,0.23134854735637325,0.14613046609409913,0.8,0.2
51,1835086211,BASELINE,0.009820330296126221,0.9895959601152444,0.9895959601152444,0.7959272875633248,0.7268354038961331,0.9228346752456476,0.7345092999376499,0.9895523500625952,0.9895523500625952,1.0069962607220881,-0.01744391065949291,331,331,0.9341395562567163,1.3035548388665392,0.16415844765489684,70.14555105200213,0.8167723870243014,1.0,1,False,0.75,False,0.0,False,False,False,,,1.0,1.2386752731399424,0.670748913911527,0.8308400941476805,15.595424329924057,3.1653062719717537,False,False,False,1.0965735902799727,0.07172648581932864,0.28991960962021773,0.004259990551372345,0.2794962952305397,0.3404332383200893,0.014164380458452473,1.0,0.4
52,1835086211,BASELINE,0.03452356499955518,0.9906667383851329,0.9906667383851329,0.7945625169559135,0.7216305752960579,0.9305512077210828,0.7393811097632287,0.9759927130504389,0.9759927130504389,0.9895523500625952,-0.013559637012156345,331,331,0.934460596669346,1.3027277175266434,0.17451106923144866,70.15327214095406,0.8174662845664871,1.0,1,False,0.526,False,0.0,False,False,False,,,1.0,1.2727268879082867,0.6715142033702064,0.8546541822415751,17.83555328251196,3.164754603444633,False,False,False,1.0965735902799727,0.07671176993414269,0.17779891514370388,0.07367024002518302,0.24424998199227888,0.3920320920102327,0.035537000894458846,0.6,0.4
53,1835086211,BASELINE,0.000846884146436415,0.9904209251152747,0.9904209251152747,0.7945239086193027,0.7231170599425654,0.9374960869489746,0.7448630553180009,0.9708053779548086,0.9708053779548086,0.9759927130504389,-0.005187335095630297,326,331,0.915518365643515,1.282668360499522,0.324802757108117,68.39552839138514,0.7960851345046974,1.0,1,False,0.926,False,0.0,False,False,False,,,1.0,1.2859997413017081,0.6779194141022021,0.8718041911588374,18.214378878373292,3.1979665502834322,False,False,False,1.0965735902799727,0.1571001676413799,0.17463998139488932,0.06267797028524713,0.15683558473228879,0.3334994363023944,0.11524685964380045,0.6,0.8
54,1835086211,BASELINE,0.03349444445976204,0.990975952959684,0.990975952959684,0.7892429503284422,0.7243613288214236,0.9437464782540771,0.7448452548593247,0.9724990850055562,0.9724990850055562,0.9708053779548086,0.0016937070507475616,326,326,0.9174768542253021,1.274856879254058,0.3212509508538198,68.62903248546446,0.7995896232701891,1.0,1,False,0.55,False,0.0,False,False,False,,,1.0,1.2816508974693919,0.6836134530586621,0.8761537956347842,18.016378406615242,3.1944691114708195,False,False,False,1.0965735902799727,0.15500152344983148,0.18033925600718875,0.011176142339806946,0.24322875066426666,0.390408705562569,0.019845621976337106,1.0,0.2
55,1835086211,BASELINE,0.08996705341171403,0.9955820762438892,0.9955820762438892,0.7862856239170615,0.7224522583299875,0.9438957233331934,0.742171637733686,0.9734301630497305,0.9734301630497305,0.9724990850055562,0.0009310780441743605,324,326,0.9257291688027719,1.2681552358477133,0.25241414447715627,68.65961215862757,0.8005519847816206,1.0,1,False,0.21400000000000002,False,0.0,False,False,False,,,1.0,1.2792664842113852,0.6819195969500826,0.8723568853051771,17.885349258127167,3.179894802608237,False,False,False,1.0965735902799727,0.11636244937043813,0.16117779449312059,0.11163228261321276,0.2978599323577744,0.2726194645226201,0.04034807664283412,0.2,0.2
56,1835086211,BASELINE,0.08727237584145917,0.9886135855125942,0.9886135855125942,0.791192332668619,0.7340199089366357,0.9319447340805963,0.7373475280754628,0.9954870410327239,0.9954870410327239,0.9734301630497305,0.022056877982993384,316,324,0.9141384146137297,1.2358499123507627,0.5078987225009147,66.3948022925917,0.7728152597270496,1.0,1,False,0.256,False,0.0,False,False,False,,,1.0,1.2240598726952472,0.6840659888438165,0.8373377272193104,13.852532111538713,3.2004398452493525,False,False,False,1.0965735902799727,0.2836282940393453,0.22043240678848153,0.06590857210579804,0.18628255768743188,0.2121929154036111,0.031555253975332105,0.4,0.2
57,1835086211,BASELINE,0.0,1.0,1.0,0.7959444007225116,0.7295998068908298,0.9387502606725366,0.7471930136591037,0.9764542675765695,0.9764542675765695,0.9954870410327239,-0.019032773456154395,306,316,0.9074427040419263,1.2177949331054427,0.20349981612797252,65.07460011519997,0.7568819649180341,1.0,1,False,1.0,False,0.0,False,False,False,,,1.0,1.271552564294771,0.6849120089053989,0.870901621239943,16.442618499086112,3.212547408845203,False,False,False,1.0965735902799727,0.09101116751282295,0.28682019040029216,0.0801781955064014,0.20326423131622506,0.3262099983771247,0.012516216887133641,0.0,1.0
58,1835086211,BASELINE,0.05606283258509515,0.9898057066486632,0.9898057066486632,0.7980325179884785,0.7352072115204689,0.9397862398970108,0.7499799793959359,0.9803024503569208,0.9803024503569208,0.9764542675765695,0.0038481827803512614,303,306,0.9048558801808577,1.1966941677002398,0.4137336631666044,64.33284479577507,0.748171959942259,1.0,1,False,0.4,False,0.0,False,False,False,,,1.0,1.261803794101439,0.6909376208599878,0.8718277114885542,15.66991652279474,3.21727303641004,False,False,False,1.0965735902799727,0.21359243717725737,0.1672791464779547,0.05693526536305295,0.21889748428692732,0.27455502645863933,0.06874064023616844,0.0,0.4
59,1835086211,BASELINE,0.11851904885025387,0.9928443856563919,0.9928443856563919,0.7987102005367526,0.7484468509444454,0.9438073447273498,0.7538285535752416,0.9928608400341538,0.9928608400341538,0.9803024503569208,0.012558389677232995,308,303,0.885217159767857,1.2212122050888847,0.5557182420440974,65.52525585820737,0.7636340380670505,1.0,1,False,0.126,False,0.0,False,False,False,,,1.0,1.2305060413301288,0.7063896350594236,0.8692167134736057,14.081762364244597,3.254049944071633,False,False,False,1.0965735902799727,0.32451853113049006,0.16432979479839294,0.05028868243124571,0.14021303456856823,0.28999864410020026,0.0306513129711027,0.6,0.0
60,1835086211,BASELINE,0.04866679692835854,0.9915184321611255,0.9915184321611255,0.7999941839983516,0.7410971302493455,0.9335229617148872,0.7468129400008257,0.9923463970087693,0.9923463970087693,0.9928608400341538,-0.0005144430253845034,311,308,0.8966954437910712,1.2334399624321801,0.14659362051296754,65.60461404834716,0.7651791266919435,1.0,1,False,0.42400000000000004,False,0.0,False,False,False,,,1.0,1.2317727433657228,0.6918311879487726,0.8521788003256267,14.187767992052422,3.2323592505100773,False,False,False,1.0965735902799727,0.06340777315153025,0.2526125611429639,0.08335942200661207,0.2907026985586619,0.22048175730136207,0.08943578783887002,0.8,0.2
61,1835086211,BASELINE,0.0,1.0,1.0,0.8014809217087879,0.730870974837466,0.9401706655433986,0.7535288515832876,0.9699309765004834,0.9699309765004834,0.9923463970087693,-0.02241542050828582,318,311,0.9070258994119641,1.2743546655169729,0.05554469018239627,67.88633393726116,0.794250346642688,1.0,1,False,1.0,False,0.0,False,False,False,,,1.0,1.28825066903063,0.687143450839293,0.8852130102637349,18.315320405374678,3.213307008733561,False,False,False,1.0965735902799727,0.02285876375734724,0.26414444000975645,0.0011299794496023661,0.2905790483435962,0.38300232470181084,0.03828544373788685,0.8,0.8
62,1835086211,BASELINE,0.12617799590259282,0.9889846915425693,0.9889846915425693,0.8044402446059878,0.724064756760092,0.929064209500332,0.7473766399451158,0.968808386643265,0.968808386643265,0.9699309765004834,-0.00112258985721847,318,318,0.9163233094707677,1.2649707486099702,0.13760474701443792,66.68289683746787,0.7797445650139337,1.0,1,False,0.126,False,0.0,False,False,False,,,1.0,1.2911462726587566,0.6727026508663649,0.868557520273772,18.161516927464444,3.196527284375803,False,False,False,1.0965735902799727,0.059216633306241294,0.2687016928480562,0.018701972679394985,0.43844949354092966,0.21455305255636622,0.000377155069011616,0.6,0.0
63,1835086211,BASELINE,0.14826157878563867,0.988412386233214,0.988412386233214,0.7941481460347758,0.7237525209192733,0.9334276365498559,0.7412798270236907,0.9763553445467535,0.9763553445467535,0.968808386643265,0.0075469579034885825,327,318,0.9197477811696917,1.283386487713437,0.28847435064560645,68.05564713205406,0.7974380528218618,1.0,1,False,0.0,False,0.0,False,False,False,,,1.0,1.271804160847104,0.6755706050486775,0.8591935064469036,17.33972495698769,3.190432373529303,False,False,False,1.0965735902799727,0.1361375249648251,0.14974684219423967,0.1596732849188322,0.25025819384545833,0.2863492399977858,0.017834914078858975,0.0,0.0
64,1835086211,BASELINE,0.13765445454340602,0.9937231508123588,0.9937231508123588,0.78462987097928,0.7330098956799285,0.9311648817569931,0.7306197810334261,1.0032713522252596,1.0032713522252596,0.9763553445467535,0.026916007678506104,334,327,0.9156681670790684,1.3021071289104114,0.4721305476619747,69.32277644669296,0.8138066964483289,1.0,1,False,0.05600000000000001,False,0.0,False,False,False,,,1.0,1.2051505249467804,0.6825530728375064,0.8225791940341589,13.35621066970874,3.1976985087726426,False,False,False,1.0965735902799727,0.25556251008273534,0.1455087769457682,0.05726480138086234,0.21770529102884503,0.2554000443106135,0.06855857625117567,0.4,0.0
65,1835086211,BASELINE,0.0,1.0,1.0,0.7825057820892426,0.737175846221557,0.9336628798245683,0.7305966019848184,1.009005303636596,1.009005303636596,1.0032713522252596,0.005733951411336369,344,334,0.9193150115900683,1.3459099451934973,0.3899802323924212,72.30517561405281,0.8516115514798672,1.0,1,False,1.0,False,0.0,False,False,False,,,1.0,1.1914089201337177,0.688273723520332,0.8200154536957717,13.040463105548524,3.191200114794489,False,False,False,1.0965735902799727,0.19770556657031074,0.19062471194969946,0.03400507508980059,0.2509711873586672,0.27807243121637293,0.04862102781514901,1.0,0.8
66,1835086211,BASELINE,0.049601831342739405,0.9891109545556228,0.9891109545556228,0.7789842298745395,0.7317285291643791,0.9402965918421115,0.7324762164497814,0.9989792333612875,0.9989792333612875,1.009005303636596,-0.010026070275308552,351,344,0.923822447302715,1.3522307207671942,0.18156279251300378,72.89592466232654,0.8595163825861601,1.0,1,False,0.41400000000000003,False,0.0,False,False,False,,,1.0,1.2155403541313328,0.6880418421269068,0.8363426244361148,14.820797262948899,3.18323910903895,False,False,False,1.0965735902799727,0.08014344067374984,0.18386607270280325,0.117011872270326,0.2565406221438797,0.31752301567973096,0.04491497652951022,0.2,0.4
67,1835086211,BASELINE,0.0,1.0,1.0,0.7794918134520893,0.7425860956073448,0.9390305857138892,0.7319666541450971,1.0145080945998157,1.0145080945998157,0.9989792333612875,0.015528861238528258,362,351,0.9213622211054272,1.4108801823482817,0.5040969217779636,76.61010341565047,0.9064567458157605,1.0,1,False,1.0,False,0.0,False,False,False,,,1.0,1.1783686610973734,0.6973110563011551,0.8216894957819872,12.934660381194467,3.18757469085691,False,False,False,1.0965735902799727,0.28054991126480733,0.18947226574433987,0.035736508266819705,0.22691826605901677,0.26381826527994473,0.0035047833850716786,0.6,1.0
68,1835086211,BASELINE,0.12999522884055767,0.991566373234933,0.991566373234933,0.7806098123540512,0.7404787385488611,0.9442695320953794,0.7371060622606219,1.0045755644416974,1.0045755644416974,1.0145080945998157,-0.009932530158118347,364,362,0.9292259989948845,1.4087281217964651,0.268885989523021,77.27570789492916,0.9152866054501307,1.0,1,False,0.05600000000000001,False,0.0,False,False,False,,,1.0,1.2020110771584098,0.69921151197611,0.8404599826719643,14.791812693263068,3.173797180561578,False,False,False,1.0965735902799727,0.12527434652354452,0.167323330015705,0.0434148477952903,0.29381640405727755,0.295710024764396,0.07446104684378657,0.4,0.0
69,1835086211,BASELINE,0.024281405687954727,0.9888089338297146,0.9888089338297146,0.7806392513871404,0.7408254475603546,0.9476586990400291,0.7397795773891197,1.0014137591834125,1.0014137591834125,1.0045755644416974,-0.003161805258284911,361,364,0.936303399095396,1.3932850338948894,0.3206254514344178,77.28048079577626,0.9158501434564661,1.0,1,False,0.6,False,0.0,False,False,False,,,1.0,1.209636210825183,0.7020496798507929,0.849224714545746,15.3596006278315,3.1615952919970933,False,False,False,1.0965735902799727,0.154633074236707,0.16770434135911477,0.0503757997803416,0.2846746657874492,0.2890806007709381,0.05353151806544927,0.0,0.6
70,1835086211,BASELINE,0.00932252783524817,0.9872774000496556,0.9872774000496556,0.7831971324910164,0.7492210957839749,0.935188057716702,0.7324366051435641,1.022915963678687,1.022915963678687,1.0014137591834125,0.021502204495274624,366,361,0.9289515132262819,1.4150160765064996,0.4719972404141525,77.65320607805329,0.921007931269433,1.0,1,False,0.75,False,0.0,False,False,False,,,1.0,1.1587191953937228,0.7006626213665946,0.8118712288723572,11.694514329682052,3.174274156742935,False,False,False,1.0965735902799727,0.2554615075204744,0.19757235164759704,0.0203843495093035,0.2103566092746615,0.21147614290337896,0.10474903914458461,1.0,0.4
71,1835086211,BASELINE,0.0048862951822989205,0.989060784457237,0.989060784457237,0.7842709336820791,0.7414362998315651,0.9416692519450318,0.7385238234426351,1.0039436458195126,1.0039436458195126,1.022915963678687,-0.018972317859174526,362,366,0.9360563619036537,1.4040018410592383,0.13595729874426732,77.33894864079456,0.9175757156198819,1.0,1,False,0.8240000000000001,False,0.0,False,False,False,,,1.0,1.2035311839072929,0.6981877658272823,0.8402907483956967,14.940371088292554,3.162018092019318,False,False,False,1.0965735902799727,0.05845323545986189,0.1755178626218335,0.02750923806545063,0.2754785540933745,0.3871531672140692,0.07588794254541027,0.8,0.6
72,1835086211,BASELINE,0.0,1.0,1.0,0.7851670093759774,0.747700488732571,0.9341628416954233,0.7334738446841601,1.0193962527110112,1.0193962527110112,1.0039436458195126,0.015452606891498633,365,362,0.9356173600295359,1.4329297921111588,0.4361686638813276,78.80797637715953,0.9364259417539118,1.0,1,False,1.0,False,0.0,False,False,False,,,1.0,1.16690468547231,0.6984740132914754,0.8150525987904712,12.503491617455175,3.1627699873063744,False,False,False,1.0965735902799727,0.2292000486573021,0.19028689001684737,0.05216736802058328,0.24166651961930696,0.23330257472447338,0.05337659896148697,0.6,1.0
73,1835086211,BASELINE,0.0,1.0,1.0,0.7860391695219991,0.7433881194926667,0.9362977356675642,0.7359666945694605,1.0100839140928077,1.0100839140928077,1.0193962527110112,-0.009312338618203464,372,365,0.9420556240265823,1.4620328553109185,0.22296545869426343,80.54764970957523,0.9586570450246575,1.0,1,False,1.0,False,0.0,False,False,False,,,1.0,1.1888415580751421,0.6960326130031526,0.8274724961137803,14.48270979361551,3.1518131497805064,False,False,False,1.0965735902799727,0.10090818995905322,0.25753794363003085,0.011919902032070556,0.27981748721856686,0.27775589070841655,0.07206058645186207,0.8,1.0
74,1835086211,BASELINE,0.021157459377859022,0.9905288815813564,0.9905288815813564,0.7844180956365843,0.7441894633874777,0.9426679621008078,0.7394458076487355,1.0064151499537553,1.0064151499537553,1.0100839140928077,-0.0036687641390524828,368,372,0.9413040196726812,1.4296593532920734,0.33324721131237567,79.34246762874426,0.9440711956380357,1.0,1,False,0.614,False,0.0,False,False,False,,,1.0,1.1975967982555937,0.7015235648683673,0.840142375187207,14.923609436846778,3.153084526007274,False,False,False,1.0965735902799727,0.16213437336805483,0.15881345105737543,0.0738778552193601,0.24297253658525952,0.32226250065160716,0.039939283118342966,0.2,0.6
75,1835086211,BASELINE,0.03446637640070679,0.9907027438975118,0.9907027438975118,0.7822887406827832,0.7409960451626622,0.9484011658907271,0.7419235537267402,0.9987498596595038,0.9987498596595038,1.0064151499537553,-0.007665290294251448,355,368,0.9361431247861554,1.3756526933983482,0.24553901889654162,76.18050928929861,0.9050217659211544,1.0,1,False,0.526,False,0.0,False,False,False,,,1.0,1.2160981080370183,0.7027615131526866,0.8546269465462144,15.645845542292138,3.161869573373848,False,False,False,1.0965735902799727,0.11270068680697937,0.15879264817829283,0.08151562491518007,0.22258866854882836,0.3564134959338208,0.06798887561689858,0.6,0.4
76,1835086211,BASELINE,0.03328111253109042,0.9904195236286232,0.9904195236286232,0.7783238455773897,0.7314557062311956,0.9535610493016544,0.7421793028852746,0.9855512049279868,0.9855512049279868,0.9987498596595038,-0.013198654731517045,360,355,0.9425288123075398,1.3875608382580014,0.07542465092231343,76.71574828128394,0.9121855836599149,1.0,1,False,0.526,False,0.0,False,False,False,,,1.0,1.2486272785351764,0.6974876707515015,0.8709021321422865,18.143435879621837,3.151013768346004,False,False,False,1.0965735902799727,0.031368291583331334,0.16318835885697866,0.029819376690018395,0.38360874586686655,0.36369319372183556,0.028322033280969543,0.6,0.4
77,1835086211,BASELINE,0.03393249276646253,0.9929414910555336,0.9929414910555336,0.7823368499007979,0.7354756497551536,0.9539043142546986,0.7462744963208017,0.9855296588334622,0.9855296588334622,0.9855512049279868,-2.1546094524538262e-05,354,360,0.927832058947198,1.374962051299292,0.3857005561241089,75.30565940450329,0.8950209434378196,1.0,1,False,0.526,False,0.0,False,False,False,,,1.0,1.2486810857772423,0.7015733953307186,0.8760414290339882,17.805953880817565,3.1762223641889693,False,False,False,1.0965735902799727,0.1949091104439714,0.22336541420969322,0.045690559756931336,0.17980058122914594,0.278496849416048,0.07773748494420996,0.6,0.4
78,1835086211,BASELINE,0.13820914069662904,0.9923312840508679,0.9923312840508679,0.786330702837504,0.7347598200767279,0.9585138828292287,0.7537088951646123,0.97485889418388,0.97485889418388,0.9855296588334622,-0.010670764649582165,345,354,0.9350488530524782,1.346018459160999,0.292176864627422,74.57900364934949,0.8863987281343891,1.0,1,False,0.014000000000000002,False,0.0,False,False,False,,,1.0,1.275616246194064,0.7042774880886499,0.8983878056346283,19.544433812045284,3.1637447400916177,False,False,False,1.0965735902799727,0.13822441011665026,0.2100047215038989,0.019297111092933927,0.2837275654173038,0.31483868763309253,0.03390750423612062,0.2,0.0
79,1835086211,BASELINE,0.01082200600180525,0.9885594869106337,0.9885594869106337,0.7808517741876294,0.7467242749928416,0.9444535462206128,0.7374782272041638,1.0125373840848566,1.0125373840848566,0.97485889418388,0.03767848990097655,345,345,0.939564327851902,1.3315592904462121,0.523220631532332,74.21654699162896,0.8823236092951661,1.0,1,False,0.726,False,0.0,False,False,False,,,1.0,1.183022273016752,0.7052463895660053,0.8343221868212333,12.918772374014896,3.156035104331996,False,False,False,1.0965735902799727,0.29628057399937585,0.14649625320678206,0.026250190097260973,0.26372890956668926,0.20895525837153528,0.058288814758356615,0.6,0.6
80,1835086211,BASELINE,0.042636597618123794,0.9941519886436778,0.9941519886436778,0.7861647093771421,0.7414652965886276,0.9437797025040269,0.7419662955351239,0.9993247685919008,0.9993247685919008,1.0125373840848566,-0.013212615492955826,339,345,0.9456078950667118,1.3247564196427564,0.19841447347323693,73.72359543665651,0.8766143676009858,1.0,1,False,0.456,False,0.0,False,False,False,,,1.0,1.2147006202892103,0.699779897031475,0.8500230749900525,15.056733955539164,3.1458316551373686,False,False,False,1.0965735902799727,0.08846544181785176,0.19644205450078606,0.0017368645623156366,0.3265424276711758,0.26885755452737686,0.11795565692049377,0.4,0.4
81,1835086211,BASELINE,0.1505602036473588,0.9921406509422862,0.9921406509422862,0.7861776925872338,0.7378644724450707,0.9494017322536242,0.7463984632014771,0.9885664411475312,0.9885664411475312,0.9993247685919008,-0.010758327444369553,333,339,0.9510471055600407,1.2986980813868716,0.2326127926541901,72.77794250562947,0.8652405143632338,1.0,1,False,0.014000000000000002,False,0.0,False,False,False,,,1.0,1.2411201247380999,0.7005298083077567,0.8694416430696802,16.69011463973893,3.13675942606959,False,False,False,1.0965735902799727,0.10590550857343142,0.14989756760381323,0.042404732966997684,0.3234101319070551,0.32415317402179716,0.05422888492690546,0.2,0.0
82,1835086211,BASELINE,0.005485966680155571,0.9901142616437438,0.9901142616437438,0.7916895432988319,0.7351154803778098,0.9473391409908295,0.7499984918801376,0.9801559447606112,0.9801559447606112,0.9885664411475312,-0.008410496386920041,329,333,0.9457528595585124,1.289454812025681,0.24855498246630958,71.46475276376499,0.8492681557416683,1.0,1,False,0.8140000000000001,False,0.0,False,False,False,,,1.0,1.262173570907726,0.6964036677101754,0.8789823040669895,17.812415086089068,3.1455885108088886,False,False,False,1.0965735902799727,0.1143028944374082,0.23983672675049686,0.08288578933286746,0.2264112025203444,0.26438790981283833,0.07217547714604472,0.2,0.8
83,1835086211,BASELINE,0.09942167699298429,0.9922789014666014,0.9922789014666014,0.7940248606967742,0.7330907206653318,0.9447596505820273,0.7501626499453273,0.9772423629978915,0.9772423629978915,0.9801559447606112,-0.002913581762719719,322,329,0.9511775736026612,1.26850952758008,0.2622086346116228,70.34178523370029,0.8356691981078692,1.0,1,False,0.21400000000000002,False,0.0,False,False,False,,,1.0,1.2695499334657836,0.6925945331007054,0.879283343416766,18.0203290177079,3.1365430885850936,False,False,False,1.0965735902799727,0.12163767883015567,0.16059729825877875,0.03820323151015009,0.291884694114045,0.26077211845140374,0.1269049788354668,0.2,0.2
84,1835086211,BASELINE,0.0,1.0,1.0,0.7930227110292869,0.7243575873126992,0.947684803177841,0.7515355718173476,0.96383672906004,0.96383672906004,0.9772423629978915,-0.013405633937851436,330,322,0.9560598162423951,1.3084874731983234,0.08725052512630238,72.1540905119989,0.8587595191877897,1.0,1,False,1.0,False,0.0,False,False,False,,,1.0,1.304048586556903,0.6864626775628111,0.8951806843998508,20.888266608365928,3.1284899726504425,False,False,False,1.0965735902799727,0.03651753350792511,0.20176774830694566,0.1286203480481753,0.32100080382520924,0.2870055882700824,0.025087978041662292,0.6,1.0
85,1835086211,BASELINE,0.02341608390100718,0.9920016538144114,0.9920016538144114,0.796234681064406,0.7283739985265886,0.9315709814120976,0.7417491232735172,0.9819681286741521,0.9819681286741521,0.96383672906004,0.01813139961411203,328,330,0.9604538346181556,1.295380437522061,0.3787809865800811,70.95502829268958,0.8441977973533253,1.0,1,False,0.614,False,0.0,False,False,False,,,1.0,1.2576072696014993,0.6785320806424678,0.8533268772737983,17.39769098113802,3.1213121690968375,False,False,False,1.0965735902799727,0.1904286322440545,0.1874942202996226,0.0054508630258324805,0.2782762749654369,0.19327329276020352,0.14507671670485012,0.2,0.6
86,1835086211,BASELINE,0.06949257645130796,0.9927664649489073,0.9927664649489073,0.7941322669493047,0.7333566642099603,0.9218086729422191,0.7320380111371347,1.001801345084222,1.001801345084222,0.9819681286741521,0.019833216410069965,334,328,0.96440845115634,1.3166077652130757,0.4010293469485232,72.05461343791357,0.858367868992618,1.0,1,False,0.326,False,0.0,False,False,False,,,1.0,1.2086988982803961,0.6760145334287161,0.8170980217768251,14.331211862955794,3.114908068651191,False,False,False,1.0965735902799727,0.2050170701212645,0.16957567256943487,0.0681858618951674,0.28155099858781124,0.21697394835665626,0.05869644846966578,0.6,0.2
87,1835086211,BASELINE,0.15263244815447224,0.9898999583154985,0.9898999583154985,0.7990481781045787,0.733193851389507,0.9221984279572121,0.736880973710117,0.9949963122238783,0.9949963122238783,1.001801345084222,-0.006805032860343729,327,334,0.966316584935913,1.293248634653399,0.3019970062500359,70.94960308767203,0.8449765448761467,1.0,1,False,0.0,False,0.0,False,False,False,,,1.0,1.2252618253181102,0.6761502171392971,0.8284610492413318,15.227248185674616,3.111836787050087,False,False,False,1.0965735902799727,0.14381275487555972,0.2710477219818105,0.02839332646980387,0.26522263134184987,0.26285311154607405,0.028670453784902048,0.0,0.0
88,1835086211,BASELINE,0.09076019698750976,0.9898158680580643,0.9898158680580643,0.7986851053978278,0.7330942114566615,0.9269376925425791,0.740331328665589,0.9902244887812973,0.9902244887812973,0.9949963122238783,-0.00477182344258098,330,327,0.9696849264423217,1.3044094649922557,0.30319637067349436,72.07955956830405,0.8595178867199931,1.0,1,False,0.21400000000000002,False,0.0,False,False,False,,,1.0,1.2370112686104449,0.6795326567839594,0.8405895538305516,16.29720353071437,3.106444694995667,False,False,False,1.0965735902799727,0.14450065795787406,0.17916800384253045,0.03573622490424575,0.3139261560576565,0.284795536905441,0.041873420332252255,0.2,0.2
89,1835086211,BASELINE,0.10232856351078765,0.9894764607857441,0.9894764607857441,0.7978742412709199,0.7350484013095229,0.9246001379223456,0.7377146335237794,0.9963858217078859,0.9963858217078859,0.9902244887812973,0.006161332926588603,327,330,0.9656940402995305,1.2907961709619473,0.3464120280029379,71.05818469900834,0.8471632560369833,1.0,1,False,0.2,False,0.0,False,False,False,,,1.0,1.2218615264007207,0.6796258532303845,0.8304086824094697,15.036208872945414,3.1128374844472724,False,False,False,1.0965735902799727,0.1701112553211796,0.19206129439362624,0.1288844046251539,0.24080730227927724,0.25178107317012255,0.016354670210640576,0.0,0.2
90,1835086211,BASELINE,0.1408202468941003,0.9934212348768365,0.9934212348768365,0.7896691034240328,0.7482959812440467,0.9106177726503836,0.7190867200908182,1.0406199424035247,1.0406199424035247,0.9963858217078859,0.04423412069563881,332,327,0.9691246362695775,1.3022269327401945,0.5828915883470867,72.04888402345566,0.8599552303315422,1.0,1,False,0.0,False,0.0,False,False,False,,,1.0,1.1184091745585674,0.681411619723687,0.7620970071497852,8.146116752673962,3.107339017142395,False,False,False,1.0965735902799727,0.34976364439570784,0.15553381927330043,0.025786078023961073,0.27598984347269967,0.1923882426013626,0.0005383722329684286,0.0,0.0
91,1835086211,BASELINE,0.0862218605235175,0.9932563750332011,0.9932563750332011,0.7825682455477834,0.7439523741977516,0.9195559953853452,0.7196153219916551,1.0338195303273139,1.0338195303273139,1.0406199424035247,-0.006800412076210849,339,332,0.967934263290893,1.3175080734471574,0.22292992844337678,73.0131187896505,0.8724136719837081,1.0,1,False,0.256,False,0.0,False,False,False,,,1.0,1.1337243746577301,0.6841058659747042,0.7755874951018565,9.333016246130647,3.109242499349218,False,False,False,1.0965735902799727,0.10088990019884078,0.15209167395173015,0.1040963131449341,0.25328223021942425,0.3219475288640761,0.0676923536209946,0.4,0.2
92,1835086211,BASELINE,0.0,1.0,1.0,0.7819962143721976,0.7476072707600768,0.9276003958468106,0.7253799980023579,1.030642246572736,1.030642246572736,1.0338195303273139,-0.00317728375457782,336,339,0.9584890752994198,1.3137536401452918,0.39066745064691955,73.04754545596055,0.8732438612497794,1.0,1,False,1.0,False,0.0,False,False,False,,,1.0,1.1409516414907117,0.693480800295001,0.7912280574388738,9.846796847047276,3.1245135470834295,False,False,False,1.0965735902799727,0.19815644090266005,0.1962724791835618,0.06671281147068542,0.21521926517098205,0.30942527943715376,0.014213723834956988,1.0,0.8
93,1835086211,BASELINE,0.04407168697121361,0.9919482687268639,0.9919482687268639,0.7884549318039122,0.7356162082400691,0.9348403562621296,0.7370794893442024,0.9980147580752312,0.9980147580752312,1.030642246572736,-0.03262748849750485,330,336,0.9626401677694778,1.2904757325438796,0.05,71.49861417789594,0.8542845722230556,1.0,1,False,0.456,False,0.0,False,False,False,,,1.0,1.2178873342694703,0.6876837181833432,0.8375212903588295,14.890901989073242,3.1177651206121477,False,False,False,1.0965735902799727,0.004866262724951746,0.2117286774304831,0.0008459200924414781,0.39454376189991053,0.38717792379985727,0.0008374540523559314,0.4,0.4
94,1835086211,BASELINE,0.01658267855574975,0.9901783838290376,0.9901783838290376,0.7848760062004404,0.7430658732487555,0.9394654851034105,0.7373639179111242,1.0077328917229695,1.0077328917229695,0.9980147580752312,0.009718133647738325,329,330,0.9405160698151234,1.2784401350108452,0.45171077964991535,70.27472390721474,0.8393725490270147,1.0,1,False,0.656,False,0.0,False,False,False,,,1.0,1.1944447070748014,0.6980847410754315,0.8338236240672324,13.056904872723916,3.1544195642510195,False,False,False,1.0965735902799727,0.24038094275862312,0.16043501687318482,0.15061827697206231,0.15518144919360596,0.29054582233746984,0.0028384918650538674,0.4,0.6
95,1835086211,BASELINE,0.020666981195982696,0.9901929239797495,0.9901929239797495,0.7776004167635746,0.7519043595298088,0.9455189365930695,0.7352359191526228,1.0226708733115173,1.0226708733115173,1.0077328917229695,0.014937981588547755,332,329,0.9319681396143293,1.2781575544025727,0.48107355131762053,70.84366889256529,0.8468730080480139,1.0,1,False,0.6240000000000001,False,0.0,False,False,False,,,1.0,1.1592873164494368,0.7109398104423179,0.824183505004746,10.791675082256766,3.169047563862738,False,False,False,1.0965735902799727,0.26239724929363833,0.15232898477022203,0.009749432784268952,0.20683489445781067,0.30165163875693346,0.06703779993712664,0.8,0.4
96,1835086211,BASELINE,0.04281593454560702,0.990337504530734,0.990337504530734,0.7806354382629517,0.7554814096226742,0.9251739504534837,0.7222235722817216,1.046049227160893,1.046049227160893,1.0226708733115173,0.0233783538493757,335,332,0.937237239803798,1.2949300243949589,0.3967257504855878,70.92602308964744,0.8482873975625655,1.0,1,False,0.456,False,0.0,False,False,False,,,1.0,1.106330547775848,0.698951720234776,0.773271639516211,7.2158977176633785,3.159999052970706,False,False,False,1.0965735902799727,0.2021533508669473,0.18830600280982035,0.15170630113584468,0.26575415523137125,0.17103453759860598,0.0210456523574104,0.4,0.4
97,1835086211,BASELINE,0.0003632947672623395,0.9865965321660506,0.9865965321660506,0.7813607158618648,0.7639018566904029,0.927481815568316,0.7246978553613215,1.0540970295952303,1.0540970295952303,1.046049227160893,0.008047802434337337,337,335,0.9186437739518235,1.2989458968985663,0.48435084318085364,70.66751189149205,0.8454368383367261,1.0,1,False,0.95,False,0.0,False,False,False,,,1.0,1.08866603032956,0.7085050809592224,0.7713254139562002,5.996913825982536,3.1923923338855276,False,False,False,1.0965735902799727,0.26493146936078077,0.2596536190554426,0.02855203968245565,0.1596829914927514,0.27412630080090294,0.013053579607666519,1.0,0.6
98,1835086211,BASELINE,0.09318624148687832,0.992438618757266,0.992438618757266,0.7792478407167598,0.7617842216655901,0.9347336340114843,0.7283891659487792,1.0458478204756265,1.0458478204756265,1.0540970295952303,-0.008249209119603806,342,337,0.9151698501633341,1.3224381627149946,0.29260817349473534,71.94483221848198,0.8617810117318808,1.0,1,False,0.21400000000000002,False,0.0,False,False,False,,,1.0,1.1067762822806033,0.7120653338500872,0.7880970229394961,7.36140773568267,3.198590492781387,False,False,False,1.0965735902799727,0.13846822262134265,0.1698682666456568,0.12111150443183737,0.2199566073031495,0.3165923783586788,0.034003020639334865,0.2,0.2
99,1835086211,BASELINE,0.0757143523441588,0.991180230349664,0.991180230349664,0.7719284363321012,0.7624695041858496,0.9382878865340237,0.7242911010815609,1.052711407122465,1.052711407122465,1.0458478204756265,0.006863586646838504,343,342,0.9236528651470006,1.3121811521531401,0.34978547046733044,72.33920916467815,0.8670839850573591,1.0,1,False,0.256,False,0.0,False,False,False,,,1.0,1.091687174795666,0.7154158996291857,0.7810103622700856,6.3600276431606,3.1835372173735554,False,False,False,1.0965735902799727,0.17218117004423666,0.14276452229910191,0.039808056624445344,0.27859459251699725,0.28513807961843884,0.08151357889677997,0.4,0.2
100,1835086211,BASELINE,0.0030139434688322706,0.9899144716831525,0.9899144716831525,0.7762008438638178,0.7568239364564044,0.9419293203005449,0.7311263332773553,1.035147965555907,1.035147965555907,1.052711407122465,-0.01756344156655798,333,343,0.927791530334991,1.2793401263753248,0.20838855614515417,70.63521321017647,0.846154367338108,1.0,1,False,0.8560000000000001,False,0.0,False,False,False,,,1.0,1.1307162137765385,0.7128746560535638,0.8060589319901378,8.848466103889582,3.176292985083415,False,False,False,1.0965735902799727,0.09347384349809139,0.18059661509672761,0.06953029204586092,0.256836144103138,0.2873511120996175,0.1122119931565646,0.4,0.8
101,1835086211,BASELINE,0.0,1.0,1.0,0.7864406243953092,0.7446101710007139,0.9477363882704903,0.7453383969535996,0.999022959294916,0.999022959294916,1.035147965555907,-0.03612500626099102,326,333,0.9350123773014919,1.2818982177643539,0.05,70.58025439594242,0.8458384502245688,1.0,1,False,1.0,False,0.0,False,False,False,,,1.0,1.2154340575056246,0.7056941541336889,0.8577247091167091,14.577674303721523,3.16380732128484,False,False,False,1.0965735902799727,0.007842892089121502,0.17576092673388227,0.016156096835190304,0.28280623197207055,0.33092244251428193,0.18651140985545342,0.6,1.0
102,1835086211,BASELINE,0.0,1.0,1.0,0.7881358836315593,0.745551419069418,0.9491707095809563,0.7480754959127811,0.99662590626594,0.99662590626594,0.999022959294916,-0.0023970530289759706,322,326,0.9315903573285984,1.2688987726468106,0.3374222664441566,69.8058626637682,0.8365153043865324,1.0,1,False,1.0,False,0.0,False,False,False,,,1.0,1.2212749670666905,0.7076555694672084,0.864242032295625,14.807966002261649,3.16970025362196,False,False,False,1.0965735902799727,0.16464695773424748,0.21177862967469196,0.038255853540994034,0.2276328079875259,0.2810398006875748,0.07664595037496592,0.0,1.0
103,1835086211,BASELINE,0.0,1.0,1.0,0.7893806557295444,0.7376178973392765,0.9443551939391621,0.7454557222332969,0.9894858612520416,0.9894858612520416,0.99662590626594,-0.007140045013898422,326,322,0.9384313215957386,1.2866904688391574,0.12694047254110907,70.14314841838572,0.8410917973155394,1.0,1,False,1.0,False,0.0,False,False,False,,,1.0,1.2388400001833513,0.6965732924948295,0.8629428578020122,16.07085168234561,3.1579626050686085,False,False,False,1.0965735902799727,0.054300615291617955,0.18746331200217287,0.04061548016370638,0.34422136117145824,0.25050777658150747,0.12289145478953716,1.0,1.0
104,1835086211,BASELINE,0.004427356391396305,0.9940118280683953,0.9940118280683953,0.7896042806016373,0.7283370540496223,0.9461104623157898,0.7470528709665417,0.9749471320648233,0.9749471320648233,0.9894858612520416,-0.014538729187218324,327,326,0.9445881894361647,1.2832722508627432,0.07803831417277951,69.6501947132062,0.8352866967647159,1.0,1,False,0.8240000000000001,False,0.0,False,False,False,,,1.0,1.275391150707675,0.6890873069286085,0.8788558533217309,18.40234516789967,3.1475440837499296,False,False,False,1.0965735902799727,0.032500644716370805,0.21052947250974463,0.005228537870930953,0.3900152640102862,0.2809539388527194,0.08077214203994805,0.8,0.6
105,1835086211,BASELINE,0.0,1.0,1.0,0.7921541305470119,0.7224493356881594,0.9514994160842107,0.7537341926641774,0.9584935149811402,0.9584935149811402,0.9749471320648233,-0.016453617083683092,317,327,0.9445233947676435,1.2555642969170138,0.15868189816852585,68.01581354539232,0.8152064349771052,1.0,1,False,1.0,False,0.0,False,False,False,,,1.0,1.3180589350514829,0.6874101210577096,0.9060470521049356,20.742633261090585,3.1476530207223044,False,False,False,1.0965735902799727,0.06911417926272682,0.18201103152587253,0.06656191828583662,0.24724556488679658,0.373116391500432,0.06195091453833543,0.8,1.0
106,1835086211,BASELINE,0.0,1.0,1.0,0.7951210429851362,0.7145975604157483,0.9563494744757897,0.7604135916034768,0.9397485372517913,0.9397485372517913,0.9584935149811402,-0.01874497772934891,318,317,0.9500710552908791,1.2642424583463665,0.09715926087286797,68.43946188210106,0.8208515290573266,1.0,1,False,1.0,False,0.0,False,False,False,,,1.0,1.3684108541029696,0.6834050013652823,0.935178821616507,24.192740537639384,3.1383797629956125,False,False,False,1.0965735902799727,0.040883643899961186,0.20341503123030893,0.009577283329917278,0.38977733098383155,0.32609738210277794,0.030249328453203005,0.0,1.0
107,1835086211,BASELINE,0.05098723408403613,0.9910659556778495,0.9910659556778495,0.7991097703489647,0.7188804073346391,0.9607145270282107,0.7677163650644276,0.9363880204303184,0.9363880204303184,0.9397485372517913,-0.00336051682147287,319,318,0.9382580456661066,1.2631929287466335,0.3744647866675994,68.22762134628121,0.8185458069836288,1.0,1,False,0.42400000000000004,False,0.0,False,False,False,,,1.0,1.377638965978066,0.6906388505223452,0.9514509918978836,24.729143012885377,3.158257797151037,False,False,False,1.0965735902799727,0.18765906174597718,0.17322187301543177,0.013129565866880804,0.19633679956507002,0.3874733879468102,0.04217931185983002,0.8,0.2
108,1835086211,BASELINE,0.08538667411462758,0.9905874406715769,0.9905874406715769,0.7975707639514629,0.7298943467091625,0.9384654820819327,0.748492631486165,0.9751523475387129,0.9751523475387129,0.9363880204303184,0.0387643271083945,324,319,0.9443140284248037,1.2799030025437896,0.4965073888539563,68.94774141031867,0.827888409768787,1.0,1,False,0.256,False,0.0,False,False,False,,,1.0,1.2748677981162975,0.6849806499532916,0.8732597729582231,18.20476390662825,3.1480051231059725,False,False,False,1.0965735902799727,0.27447449676569197,0.18588135524566393,0.06917569139856516,0.27218994238776284,0.16911203878271533,0.029166475419600796,0.4,0.2
109,1835086211,BASELINE,0.04473745591712067,0.9910799523683307,0.9910799523683307,0.7999718169691311,0.7214789518574817,0.9379713819279571,0.7503506706659547,0.961522365558961,0.961522365558961,0.9751523475387129,-0.01362998197975196,322,324,0.9498826255823234,1.2764660087150153,0.09174384180544759,68.33150542246584,0.8205261983205461,1.0,1,False,0.456,False,0.0,False,False,False,,,1.0,1.3100986627351503,0.6767266095056962,0.8865786261507048,20.35543010872275,3.1386929578399467,False,False,False,1.0965735902799727,0.0384915310472159,0.2229777684536467,0.10008850310558408,0.2852879047434443,0.26676224027108875,0.08639205237902028,0.4,0.4
110,1835086211,BASELINE,0.15352314000335657,0.9879123005188475,0.9879123005188475,0.7980729080069032,0.714205482140266,0.9441742437351615,0.7535198843629389,0.9478256605584985,0.9478256605584985,0.961522365558961,-0.013696705000462495,324,322,0.954894363024091,1.2772501889000034,0.11198348093678456,68.45826112215654,0.8224445626029567,1.0,1,False,0.0,False,0.0,False,False,False,,,1.0,1.34648280015238,0.674334420971292,0.9079796993885592,22.796940839272228,3.130404870934624,False,False,False,1.0965735902799727,0.04750597344573048,0.1910897865019957,0.028139963511660537,0.3144226399283623,0.3154839414531363,0.1033576951591148,0.0,0.0
111,1835086211,BASELINE,0.050898343890883824,0.9883239841993529,0.9883239841993529,0.7959367927895563,0.7041472877660113,0.9497568193616454,0.755946396732718,0.9314778016131989,0.9314778016131989,0.9478256605584985,-0.016347858945299554,317,324,0.959404926721682,1.246829824219697,0.05,66.63520339085954,0.7999909199958819,1.0,1,False,0.41400000000000003,False,0.0,False,False,False,,,1.0,1.39123463195608,0.6687686883907761,0.9304141600570917,25.038528631416735,3.123019627667399,False,False,False,1.0965735902799727,0.00815099665948205,0.23035836678325444,0.13934282427355923,0.27445708363566873,0.32703402464066256,0.020656704007373048,0.2,0.4
112,1835086211,BASELINE,0.10797625765606095,0.9927987841878834,0.9927987841878834,0.7957534084131891,0.7060530487076128,0.9450083509354102,0.7519936162357799,0.9389083011659997,0.9389083011659997,0.9314778016131989,0.007430499552800729,317,317,0.955971412863921,1.2521864809717755,0.3151361136749756,66.50658972138852,0.7987059046595689,1.0,1,False,0.2,False,0.0,False,False,False,,,1.0,1.3707123637324052,0.6672260272321,0.914574964931094,23.687169208800732,3.128635060201832,False,False,False,1.0965735902799727,0.15141406662377538,0.2707005631255897,0.06408948971924247,0.23866808552003257,0.2511360675496469,0.02399172746171313,0.0,0.2
113,1835086211,BASELINE,0.0,1.0,1.0,0.7989152663058573,0.7123599663054035,0.9437636195558379,0.753987163447232,0.944790575808335,0.944790575808335,0.9389083011659997,0.005882274642335372,317,317,0.941299722728258,1.2662806970947837,0.4049138318707107,66.69192832055674,0.8013470714565849,1.0,1,False,1.0,False,0.0,False,False,False,,,1.0,1.3546810361463006,0.6722994202270623,0.910751275193754,22.737773500290793,3.1530918003398303,False,False,False,1.0965735902799727,0.20761962541464274,0.27393016963470795,0.059644963005296626,0.18602477795785993,0.26628051856984347,0.006499945417649205,0.4,1.0
114,1835086211,BASELINE,0.01956987855078917,0.9930417578194425,0.9930417578194425,0.7994034055715111,0.7137479370609037,0.9278926308771838,0.7417605291279298,0.9622349923364623,0.9622349923364623,0.944790575808335,0.017444416528127227,316,317,0.9471697504554322,1.2542687216594197,0.31283891170102274,65.50194723156756,0.7867939349965188,1.0,1,False,0.656,False,0.0,False,False,False,,,1.0,1.3082327699596952,0.6622814511026045,0.8664182972688868,19.401218450771967,3.1432159235905597,False,False,False,1.0965735902799727,0.15007461338462913,0.21334837896459558,0.06923161361539314,0.31624532732625105,0.19252686638464814,0.058573200324482884,0.4,0.6
115,1835086211,BASELINE,0.03465165581263811,0.9924054523385923,0.9924054523385923,0.7989225417996737,0.7056359872568524,0.9351033677894653,0.7470751594397947,0.9445314548886673,0.9445314548886673,0.9622349923364623,-0.01770353744779496,316,316,0.9524527754098889,1.252711036635561,0.0773291530610819,65.51592979997532,0.7872899327065914,1.0,1,False,0.526,False,0.0,False,False,False,,,1.0,1.355383270486077,0.6598425881173269,0.89433960508846,22.383051048396045,3.1344317148011984,False,False,False,1.0965735902799727,0.03219308811242356,0.280473599631294,0.0007478657607669092,0.34301526051699205,0.3406431323122892,0.002927053666234345,0.6,0.4
116,1835086211,BASELINE,0.09210900894973927,0.9895484722003621,0.9895484722003621,0.7977660020111248,0.709107155863158,0.9415930310105188,0.7511709078707987,0.9440024213306253,0.9440024213306253,0.9445314548886673,-0.0005290335580420136,320,316,0.9501572079173916,1.2630850055415994,0.34934793956809973,66.6129578416356,0.8013147746448244,1.0,1,False,0.256,False,0.0,False,False,False,,,1.0,1.3568181159017845,0.6676903562004394,0.9059343711056715,22.873851250067332,3.13823660743342,False,False,False,1.0965735902799727,0.1719120996143529,0.2388003959761265,0.0037307391005070847,0.24068050022041595,0.3408979071224065,0.00397835796619119,0.4,0.2
117,1835086211,BASELINE,0.005371855487553086,0.9929208900120282,0.9929208900120282,0.7971643005557777,0.7066555633646906,0.9474337279094669,0.7552603450319032,0.9356449971365046,0.9356449971365046,0.9440024213306253,-0.008357424194120666,322,320,0.9551414871256524,1.2743489497377907,0.22129084948916777,67.676036257696,0.8149157251304352,1.0,1,False,0.8140000000000001,False,0.0,False,False,False,,,1.0,1.379687723560019,0.6695093147465733,0.9237137823649278,24.753022198046157,3.129998443212145,False,False,False,1.0965735902799727,0.10004706618363203,0.1911869276886673,0.01752934898663074,0.2901926810831705,0.39790895149657646,0.0031350245613230602,0.2,0.8
118,1835086211,BASELINE,0.15085938444515162,0.9917607994382354,0.9917607994382354,0.7865836520581927,0.7079158557882943,0.949172118714525,0.7466032715702835,0.9481820971657138,0.9481820971657138,0.9356449971365046,0.012537100029209158,326,322,0.952566871321141,1.2715676154921562,0.30391496960000686,67.56867906593084,0.813882188889262,1.0,1,False,0.014000000000000002,False,0.0,False,False,False,,,1.0,1.3455232706825238,0.6719339927101814,0.9041028235541704,22.497176931685576,3.1342430797408722,False,False,False,1.0965735902799727,0.14491338239797819,0.15076024723988557,0.05549398560914763,0.24063424049115387,0.28240881798002426,0.12578932628181044,0.2,0.0
119,1835086211,BASELINE,0.07157525978971085,0.9927934186235225,0.9927934186235225,0.7911435028202527,0.7103247693579259,0.9542549068430725,0.7549525695832423,0.9408866172215926,0.9408866172215926,0.9481820971657138,-0.007295479944121164,318,326,0.9449313373363277,1.2488528798308645,0.3297785331778701,66.4252395509476,0.7998948348675232,1.0,1,False,0.326,False,0.0,False,False,False,,,1.0,1.3652996742506422,0.6778308966119745,0.9254423023413495,23.376064511330767,3.1469674104531755,False,False,False,1.0965735902799727,0.1600588294880787,0.26343903781887057,0.007308803021445905,0.2164597870331855,0.321302051119694,0.03143149151872531,0.6,0.2
120,1835086211,BASELINE,0.08346971167307443,0.9875934948564106,0.9875934948564106,0.7917662192928262,0.7044240832302251,0.9587644421566586,0.7591172975587731,0.9279515636062641,0.9279515636062641,0.9408866172215926,-0.01293505361532854,315,318,0.9461446787270993,1.231560489002523,0.13431658654116818,65.36710899729766,0.7869722396026226,1.0,1,False,0.256,False,0.0,False,False,False,,,1.0,1.4010809605147279,0.6753767631999424,0.9462575240935033,25.251080061944773,3.144931697833764,False,False,False,1.0965735902799727,0.05769440425244437,0.20077001820228346,0.08794102062839036,0.25321125056547406,0.2996751299894667,0.10070817636194118,0.4,0.2
121,1835086211,BASELINE,0.017374405318939933,0.9908135013999184,0.9908135013999184,0.7897774715752264,0.7103156259611965,0.9579595486891941,0.7565748702350966,0.9388570172050181,0.9388570172050181,0.9279515636062641,0.010905453598754056,319,315,0.9362692213316779,1.2481228801914683,0.395602593962299,65.9985824699412,0.7951638553433746,1.0,1,False,0.656,False,0.0,False,False,False,,,1.0,1.3708529620614782,0.6804536364726702,0.9328018831040643,23.591072442679664,3.161653773369432,False,False,False,1.0965735902799727,0.2014093361560321,0.2600505464668619,0.0147083985681263,0.2033591385331296,0.27535775374100663,0.04511482653484364,0.4,0.6
122,1835086211,BASELINE,0.09105344330466905,0.9902339691183433,0.9902339691183433,0.7901137984934441,0.7057148308077484,0.9596357389623956,0.7582214388816416,0.9307502988159513,0.9307502988159513,0.9388570172050181,-0.008106718389066847,324,319,0.9362948129592599,1.2674839868344812,0.16876548604910435,66.65717568072097,0.8036940566252951,1.0,1,False,0.21400000000000002,False,0.0,False,False,False,,,1.0,1.3932603594939028,0.6772291731589156,0.9435565612551493,25.284808948500565,3.161609983283037,False,False,False,1.0965735902799727,0.07393732680764788,0.1900376647564319,0.17557838037166776,0.24387506254886274,0.28736072571060495,0.029210839804784828,0.2,0.2
123,1835086211,BASELINE,0.046473154863516074,0.9898157105572395,0.9898157105572395,0.7841094552960903,0.7001639513673882,0.9595581294083884,0.7523986021753467,0.9305758268862583,0.9305758268862583,0.9307502988159513,-0.00017447192969299863,336,324,0.9342812486179887,1.3038880808495634,0.13753821700199464,67.81363511827448,0.8184440276337687,1.0,1,False,0.456,False,0.0,False,False,False,,,1.0,1.3937466139736976,0.6718480114532768,0.9363858910679665,25.780678598744228,3.1650627443084534,False,False,False,1.0965735902799727,0.05918577625034008,0.2500909752977276,0.014414728865527169,0.2346178043393401,0.2794298217111617,0.16226089353590342,0.4,0.4
124,1835086211,BASELINE,0.11995222590080566,0.9885004301205219,0.9885004301205219,0.7830870641104807,0.7113913828729976,0.9410307959601202,0.7369090432459593,0.9653720352506997,0.9653720352506997,0.9305758268862583,0.03479620836444142,343,336,0.9278763676826234,1.327550457976971,0.48501289041404516,68.28453574487712,0.8246194746448282,1.0,1,False,0.126,False,0.0,False,False,False,,,1.0,1.300050500249221,0.6694411992641476,0.8703073659907935,19.794171050957676,3.1761451635088567,False,False,False,1.0965735902799727,0.26544536342473585,0.1855925996271856,0.0801836981735492,0.21374201784742541,0.1871423974628532,0.06789392346425083,0.6,0.0
125,1835086211,BASELINE,0.05273089078036824,0.9878745189470457,0.9878745189470457,0.7782591875478111,0.7047892365721005,0.9469277163641081,0.7369551952040349,0.9563528979220659,0.9563528979220659,0.9653720352506997,-0.009019137328633797,345,343,0.9350887309143611,1.3262186753882241,0.1166042261899014,68.50336834136058,0.8276449201624153,1.0,1,False,0.4,False,0.0,False,False,False,,,1.0,1.323713950518989,0.6673844623052222,0.8834261231130369,21.433534048128188,3.163676327506913,False,False,False,1.0965735902799727,0.04959278553440941,0.15310996415878417,0.030781661145757373,0.31459801131522186,0.39519447281350367,0.056723105032323626,0.0,0.4
126,1835086211,BASELINE,0.002844908946507319,0.9952475871717342,0.9952475871717342,0.7806685806351158,0.7097550620753196,0.9336017678153165,0.7288335669588181,0.9738232351686177,0.9738232351686177,0.9563528979220659,0.01747033724655178,342,345,0.941579857822925,1.3285990713509772,0.37821768856682236,68.58404192072132,0.8289365097369263,1.0,1,False,0.8560000000000001,False,0.0,False,False,False,,,1.0,1.2782611914405786,0.662628580669388,0.8470123990090315,18.452838982303817,3.15261769626461,False,False,False,1.0965735902799727,0.19006609164780117,0.17124050720879117,0.03098309549108461,0.27809548980461113,0.20683411543809585,0.12278070040961607,0.4,0.8
127,1835086211,BASELINE,0.006174550739900619,0.991367271306493,0.991367271306493,0.7836931315847805,0.7115209029193902,0.9254816201468125,0.7252935891170117,0.9810108811048659,0.9810108811048659,0.9738232351686177,0.00718764593624821,345,342,0.9465558856125145,1.3402003194164565,0.31813583386788646,69.07498376173989,0.8353556969601225,1.0,1,False,0.8,False,0.0,False,False,False,,,1.0,1.260017258825602,0.6584995180021601,0.8297207576110619,17.376520440125653,3.1442429696969647,False,False,False,1.0965735902799727,0.15316992434795762,0.2433553845845152,0.03418259252672286,0.268790970781282,0.22620014556513815,0.07430098219438408,0.0,0.8
128,1835086211,BASELINE,0.0,1.0,1.0,0.7844440792711078,0.7259448577734207,0.9162796365632232,0.718770135858703,1.009981942149205,1.009981942149205,0.9810108811048659,0.028971061044338997,341,345,0.9339001094855754,1.3374771551572389,0.5588092068712768,68.69157316328332,0.8308420473590419,1.0,1,False,1.0,False,0.0,False,False,False,,,1.0,1.1890840397692568,0.6651684904455707,0.7909412357462375,12.567901369108666,3.1657179787859637,False,False,False,1.0965735902799727,0.3273111438463213,0.24620719570325575,0.018340280899625517,0.19090823833778361,0.21673089215545988,0.0005022490575539288,1.0,1.0
129,1835086211,BASELINE,0.09697109501002713,0.9911689454229087,0.9911689454229087,0.7869380202270875,0.720165428088218,0.9162937181552477,0.7210663645116075,0.9987505499247635,0.9987505499247635,1.009981942149205,-0.011231392224441361,342,341,0.9386320908950639,1.3337803822330623,0.15838419932479597,68.29210408324438,0.8261267821680413,1.0,1,False,0.21400000000000002,False,0.0,False,False,False,,,1.0,1.2160964291776244,0.659883057789819,0.8024814302530109,14.281800993945382,3.1576207117060675,False,False,False,1.0965735902799727,0.06897266504335474,0.39526276123475124,0.007764587987652066,0.26419087435475463,0.2582102262417345,0.005598885137752918,0.2,0.2
130,1835086211,BASELINE,0.05272230925160804,0.9912875209757891,0.9912875209757891,0.7891991252843906,0.7155633319202492,0.9246643463397229,0.7297442933129722,0.9805672185138404,0.9805672185138404,0.9987505499247635,-0.018183331410923098,345,342,0.94210124310047,1.3495075966925079,0.18142722717777604,69.47697130600434,0.8412113046399656,1.0,1,False,0.4,False,0.0,False,False,False,,,1.0,1.261135800050685,0.6616559005747115,0.8344379435295451,17.57358356034536,3.1517360481433223,False,False,False,1.0965735902799727,0.08007719045552598,0.20541618789244184,0.03835232230594984,0.2606016422496021,0.38606340300231917,0.029489254094161102,0.0,0.4
131,1835086211,BASELINE,0.034526812013782264,0.9925328815527295,0.9925328815527295,0.7950451661363003,0.7189073496241981,0.9321979117057506,0.7411394435840106,0.9700028191020271,0.9700028191020271,0.9805672185138404,-0.010564399411813308,346,345,0.9405898703810408,1.365157652598007,0.3568120266060856,71.0005461455416,0.8605263127912028,1.0,1,False,0.526,False,0.0,False,False,False,,,1.0,1.2880655797692353,0.6701639300295934,0.8632150910739975,19.831007566594785,3.1542944276272324,False,False,False,1.0965735902799727,0.17652730374951697,0.1964287441200578,0.013785474616526381,0.2395397799573533,0.3716438759712358,0.0020748215853097617,0.6,0.4
132,1835086211,BASELINE,0.09858238521228076,0.9892293978794923,0.9892293978794923,0.7950374561676196,0.717783172588697,0.923678793538031,0.734359238330452,0.9774278515520002,0.9774278515520002,0.9700028191020271,0.007425032449973057,357,346,0.9465308833429367,1.4038568469405623,0.2642848071852907,72.61627629882103,0.8809917849905736,1.0,1,False,0.21400000000000002,False,0.0,False,False,False,,,1.0,1.2690790468522064,0.6630010948786278,0.8414007975505382,18.964475492230843,3.1442848287735603,False,False,False,1.0965735902799727,0.12276488057135862,0.1731732213079057,0.08577981813960843,0.35580020654484124,0.22350336501427714,0.0389785084220089,0.2,0.2
133,1835086211,BASELINE,0.0,1.0,1.0,0.7978857974177771,0.715846714132461,0.9208030712777562,0.7346956927911907,0.9743445091026458,0.9743445091026458,0.9774278515520002,-0.003083342449354376,355,357,0.951877795008643,1.4162472904165542,0.24404382980247152,73.20378654055727,0.8886015835996784,1.0,1,False,1.0,False,0.0,False,False,False,,,1.0,1.2769292373941914,0.65915385293726,0.8416928267566184,19.6863381573565,3.1353830195245793,False,False,False,1.0965735902799727,0.11190875216498732,0.17500205045158232,0.03751145988452165,0.33636467843601053,0.2474607854676418,0.09175227359525645,0.6,1.0
134,1835086211,BASELINE,0.000861548087081725,0.990740662712476,0.990740662712476,0.8001168464104298,0.7149890207940015,0.9128747975000278,0.7304065041432819,0.9788919139385758,0.9788919139385758,0.9743445091026458,0.004547404835929969,350,355,0.9566900155077787,1.3872395156551498,0.26688857326636495,71.39302996109201,0.8662301245369951,1.0,1,False,0.926,False,0.0,False,False,False,,,1.0,1.2653684602375133,0.6526954575720673,0.8259002461519859,18.38957490907193,3.1274564670240963,False,False,False,1.0965735902799727,0.12418302960204376,0.27292793297091883,0.02993465719984613,0.31284552925562964,0.22076016675023621,0.039348684221325425,0.6,0.8
135,1835086211,BASELINE,0.011738370802457172,0.9905343960768959,0.9905343960768959,0.801503183138454,0.7174183421089411,0.9029741848662052,0.7237366834621143,0.9912698340466198,0.9912698340466198,0.9788919139385758,0.01237792010804406,349,350,0.9610210139570008,1.3853842427042582,0.3375675152210198,71.07250098925192,0.8624837837808592,1.0,1,False,0.726,False,0.0,False,False,False,,,1.0,1.2344277624618194,0.6478102426738854,0.7996749483637726,16.17518331239473,3.120390442154774,False,False,False,1.0965735902799727,0.164734654432996,0.169769778644242,0.11006978963972622,0.3435183362713451,0.2069343355809012,0.004973105430789545,0.6,0.6
136,1835086211,BASELINE,0.0,1.0,1.0,0.801258091648765,0.7071849925964339,0.9126767663795846,0.7312896441214717,0.9670381609820337,0.9670381609820337,0.9912698340466198,-0.02423167306458618,355,349,0.9607120255113376,1.422233112676558,0.05,72.60383546900854,0.881889239417505,1.0,1,False,1.0,False,0.0,False,False,False,,,1.0,1.2957256148729577,0.6454313122750838,0.8363018839558929,20.86360949106505,3.120892446397509,False,False,False,1.0965735902799727,0.00796959491174772,0.27290693324641574,0.10331491946213055,0.253605058863804,0.317647201479307,0.044556292036595,0.8,1.0
137,1835086211,BASELINE,0.10028057715936661,0.9927107035983709,0.9927107035983709,0.8051825951744875,0.7187753378228384,0.9214090897416262,0.7419025620955249,0.9688271405784569,0.9688271405784569,0.9670381609820337,0.0017889795964232125,349,355,0.9278299351955268,1.3948018491135445,0.49637575734387795,70.59997785760976,0.8570902495843935,1.0,1,False,0.21400000000000002,False,0.0,False,False,False,,,1.0,1.2910978454199222,0.6622861297520714,0.8550761951743984,19.95974235321305,3.1762260646619533,False,False,False,1.0965735902799727,0.2743699357028275,0.22100958968890586,0.05272188193510468,0.10540505561510415,0.3032304439446709,0.04326309311338674,0.2,0.2
138,1835086211,BASELINE,0.000879605387081827,0.9898040836208106,0.9898040836208106,0.8064355035502526,0.718314069184846,0.9292681807674635,0.7493948532904366,0.9585254903084517,0.9585254903084517,0.9688271405784569,-0.01030165027000518,349,349,0.9350469416759741,1.3928819547610243,0.2792203606711011,71.56184946239402,0.8693670291756843,1.0,1,False,0.926,False,0.0,False,False,False,,,1.0,1.317974647014921,0.6675064082910758,0.8797565228476283,22.114890273277627,3.1637480193058196,False,False,False,1.0965735902799727,0.13096872816436772,0.19019765496217073,0.020201714555819296,0.2834481497923607,0.3074948979049459,0.06768885462033557,0.6,0.8
139,1835086211,BASELINE,0.09714054383074737,0.9903667511051141,0.9903667511051141,0.7974269978592838,0.7153874379550118,0.9363413626907172,0.7466638818219294,0.9581117493046534,0.9581117493046534,0.9585254903084517,-0.000413741003798318,353,349,0.9415422475083767,1.3939002517251573,0.22093321662838827,72.32185046745133,0.8791177053272681,1.0,1,False,0.22400000000000003,False,0.0,False,False,False,,,1.0,1.3190656986723464,0.6698468485066167,0.8835720012288497,22.43965214025958,3.1526813320272535,False,False,False,1.0965735902799727,0.09986340286760101,0.1444726806127897,0.005665135945963352,0.27379520786472267,0.3140769380553472,0.16212663465357618,0.8,0.0
140,1835086211,BASELINE,0.09808296650225411,0.989593495946923,0.989593495946923,0.7984716467135458,0.7158946711935272,0.9354394723162484,0.7469218958612052,0.9584598806922063,0.9584598806922063,0.9581117493046534,0.00034813138755296347,349,353,0.947388022757539,1.378833297758641,0.2969968528987541,71.95594644740031,0.874791337944981,1.0,1,False,0.2,False,0.0,False,False,False,,,1.0,1.3181476019838054,0.6696761334552872,0.8827319894198736,22.264979137708046,3.1428510569328205,False,False,False,1.0965735902799727,0.14095756420332475,0.19822726033966137,0.07314035217921039,0.2832067378613779,0.2636612294730143,0.04080685594341128,0.0,0.2
141,1835086211,BASELINE,0.07029361120014241,0.9891117912837875,0.9891117912837875,0.7995740480666342,0.7112475856069128,0.9418955250846235,0.7531152178477605,0.944407401087318,0.944407401087318,0.9584598806922063,-0.014052479604888313,350,349,0.9394968125868446,1.384019208157631,0.1747872104340099,71.63981661454726,0.8710858664687661,1.0,1,False,0.326,False,0.0,False,False,False,,,1.0,1.3557195931004287,0.6699209181103939,0.9082249145100888,24.788915950798046,3.1561498328557267,False,False,False,1.0965735902799727,0.07684559966327446,0.2520700273555958,0.022385215094297656,0.21294360047754315,0.301618134758491,0.13413742265079798,0.6,0.2
142,1835086211,BASELINE,0.03210567404187889,0.9904580093557327,0.9904580093557327,0.8026394769386357,0.7007372554977814,0.946589800953208,0.7597703427125301,0.9223014062328507,0.9223014062328507,0.944407401087318,-0.022105994854467292,343,350,0.9455471313281602,1.3633918980286295,0.05,70.34177222728923,0.8551079004576072,1.0,1,False,0.55,False,0.0,False,False,False,,,1.0,1.4170034112696437,0.6633107392021422,0.9399135801812245,28.5264009731957,3.1459335943968822,False,False,False,1.0965735902799727,0.000650614640178364,0.2872145950219053,0.07004244842730245,0.32363817612987134,0.2944191418852341,0.02403502389550857,1.0,0.2
143,1835086211,BASELINE,0.0,1.0,1.0,0.8048744634330877,0.7052831996549717,0.9422130492129507,0.7583632224249272,0.9300071242903527,0.9300071242903527,0.9223014062328507,0.007705718057501976,336,343,0.9509924181953442,1.3521890985675873,0.3660040525673943,70.27672778041376,0.8545296541176992,1.0,1,False,1.0,False,0.0,False,False,False,,,1.0,1.3953327704888285,0.6645270341055771,0.9272363475632591,27.025841468940182,3.1368501243748677,False,False,False,1.0965735902799727,0.1822850866509906,0.1557757616847872,0.12883082180076644,0.27514074389016135,0.2514111417753175,0.006556444197976888,0.0,1.0
144,1835086211,BASELINE,0.05793276948359151,0.9899813999745689,0.9899813999745689,0.8023152701033646,0.7176300646721729,0.9254756571458418,0.7425232518370549,0.9664748718598448,0.9664748718598448,0.9300071242903527,0.036467747569492115,341,336,0.955367014351727,1.3542426163120251,0.5066786694964467,70.63735166484744,0.8592753308774593,1.0,1,False,0.41400000000000003,False,0.0,False,False,False,,,1.0,1.2971861737237935,0.6641491556900921,0.8615251020515187,20.42915180336564,3.129627717860735,False,False,False,1.0965735902799727,0.2826378124993727,0.17324131903680087,0.05236660594267994,0.27033562716326026,0.18741956427093104,0.03399907108695514,0.2,0.4
145,1835086211,BASELINE,0.00548218911653393,0.9875981047420369,0.9875981047420369,0.8052135467787812,0.7295523233030651,0.9162017721684437,0.7377380785327574,0.9889042527857956,0.9889042527857956,0.9664748718598448,0.022429380925950815,341,341,0.9598303129165543,1.355862670472831,0.5096410270629985,71.46660681982506,0.8698767791073153,1.0,1,False,0.8140000000000001,False,0.0,False,False,False,,,1.0,1.2402818782941487,0.6684171314998736,0.8290256553406502,16.72122722378903,3.1223267154086125,False,False,False,1.0965735902799727,0.2850470233062602,0.18084658484188726,0.023219959898684694,0.2762239758772127,0.21636840368593027,0.018294052390024993,0.2,0.8
146,1835086211,BASELINE,0.0209291965499023,0.9889532932279832,0.9889532932279832,0.8029398496878116,0.726725366041676,0.9245815949515993,0.7423834068745543,0.9789084175536751,0.9789084175536751,0.9889042527857956,-0.009995835232120553,329,341,0.9638472816248989,1.3062451641679624,0.23687473796226166,69.53432693265646,0.8459573844987002,1.0,1,False,0.6240000000000001,False,0.0,False,False,False,,,1.0,1.2653266946187478,0.6719168980265976,0.850194387638477,17.956366354347658,3.115813626309653,False,False,False,1.0965735902799727,0.10813323629705249,0.16246860782643752,0.08502400264752247,0.29554676775676764,0.33989829483721085,0.00892909063500906,0.8,0.4
147,1835086211,BASELINE,0.0,1.0,1.0,0.7992629870005128,0.7284956741625899,0.9314652353236078,0.7444856862718824,0.978522069122155,0.978522069122155,0.9789084175536751,-0.00038634843152007825,335,329,0.9526386235882552,1.338765503225859,0.33607129895717236,71.0727843131923,0.8654188019699881,1.0,1,False,1.0,False,0.0,False,False,False,,,1.0,1.2663047864219696,0.6785683945660871,0.8592744059537077,18.437181441866546,3.1341244746780355,False,False,False,1.0965735902799727,0.16383220528747058,0.16973417179544018,0.10947413393671894,0.20534577329930107,0.2967089993358422,0.05490471634522706,0.4,1.0
148,1835086211,BASELINE,0.025139934996755372,0.9878683130169403,0.9878683130169403,0.8031562056692907,0.7367676631378905,0.9230979438014334,0.7413918420046833,0.9937628409097553,0.9937628409097553,0.978522069122155,0.015240771787600305,330,335,0.9484952310389687,1.3091307338729548,0.4596424053945075,69.38051197702546,0.8444938871185056,1.0,1,False,0.6,False,0.0,False,False,False,,,1.0,1.2282882073663612,0.6801087149019739,0.8353695142411851,15.423017309118018,3.141002820431586,False,False,False,1.0965735902799727,0.2462096585428772,0.21447494567953607,0.07949175608439718,0.23236577186154106,0.22389616005093163,0.0035617077807167507,0.0,0.6
149,1835086211,BASELINE,0.06749834639337848,0.9908088684325179,0.9908088684325179,0.8052157784028807,0.7466172339664614,0.9277463927504997,0.7470360337990584,0.9994393846967902,0.9994393846967902,0.9937628409097553,0.00567654378703486,330,330,0.9316854893950932,1.3163946415015562,0.4922411059314905,69.76591039134789,0.8495378288048117,1.0,1,False,0.35,False,0.0,False,False,False,,,1.0,1.2144222036940466,0.6926714455777404,0.8411955833744604,14.57276157559381,3.169535845270888,False,False,False,1.0965735902799727,0.2710994248183168,0.16646371582891303,0.05594033996304648,0.17290809754555175,0.2847912166460487,0.04879720519812325,1.0,0.0
150,1835086211,BASELINE,0.0996110429277821,0.9912422372360699,0.9912422372360699,0.802261498198145,0.7405058109843744,0.9349717534754498,0.750091839716161,0.9872201932827133,0.9872201932827133,0.9994393846967902,-0.012219191414076902,332,330,0.9303125429801117,1.3200909006550021,0.17663646777276898,69.80689062349879,0.8502755194633932,1.0,1,False,0.21400000000000002,False,0.0,False,False,False,,,1.0,1.2444663381850902,0.6923520165548205,0.8616087787770405,16.629053626877962,3.1719118463769,False,False,False,1.0965735902799727,0.07774298395295046,0.19043518407941804,0.06800134674134962,0.23543455692967188,0.3147116994763536,0.11367422882025645,0.2,0.2
151,1835086211,BASELINE,0.0,1.0,1.0,0.801500341232598,0.74480866335421,0.9414745781279048,0.7545921956313318,0.9870346760359264,0.9870346760359264,0.9872201932827133,-0.00018551724678683712,334,332,0.9372812886821005,1.3385055698584385,0.3996572075877579,72.14460198777307,0.8797179368501574,1.0,1,False,1.0,False,0.0,False,False,False,,,1.0,1.2449281637939655,0.7012184221174136,0.8729665626651335,17.2373889670741,3.159923837594989,False,False,False,1.0965735902799727,0.20410178648817992,0.16146515664114547,0.0261214592707402,0.2932347481239999,0.30999909598515685,0.005077753490777714,0.8,0.8
152,1835086211,BASELINE,0.06904090540962246,0.9891760254254188,0.9891760254254188,0.8017256445732182,0.7439586577916714,0.9328876536570434,0.7479199554425903,0.9947035807480564,0.9947035807480564,0.9870346760359264,0.007668904712129998,338,334,0.9435531598138904,1.3402507593211597,0.29949295955892874,71.96305106057336,0.8776686442504051,1.0,1,False,0.326,False,0.0,False,False,False,,,1.0,1.225979380753463,0.6940298466851156,0.8508662816634388,15.866771446487746,3.1492860316195097,False,False,False,1.0965735902799727,0.14238034506464758,0.19521154803269863,0.023631865316488948,0.31703580552686517,0.22780266670964563,0.09393776934965409,0.6,0.2
153,1835086211,BASELINE,0.047009340497143864,0.9912575521949223,0.9912575521949223,0.8080462653654144,0.7376098120550901,0.9383323022079076,0.7582159124708311,0.9728229122116536,0.9728229122116536,0.9947035807480564,-0.021880668536402803,333,338,0.9491978438325014,1.333634968505505,0.1670519248660216,71.82385361477073,0.8761471849077543,1.0,1,False,0.456,False,0.0,False,False,False,,,1.0,1.2808210993509639,0.6921231130767947,0.8864858865772317,19.68319265729704,3.139832201838491,False,False,False,1.0965735902799727,0.07311358941252892,0.2524976494951317,0.08645595655381573,0.27917874597284414,0.2936670695828429,0.015086988982836625,0.4,0.4
154,1835086211,BASELINE,0.0,1.0,1.0,0.8135282736346524,0.7367838762201924,0.9444990719871169,0.7683766994832105,0.9588836786900662,0.9588836786900662,0.9728229122116536,-0.013939233521587435,333,333,0.9412582612303718,1.3545245756016964,0.29210169774995465,72.69349317133103,0.8872322889639399,1.0,1,False,1.0,False,0.0,False,False,False,,,1.0,1.317030818711971,0.6958916873450425,0.9165107987188963,22.50235536418207,3.1531619942628737,False,False,False,1.0965735902799727,0.13818193459820974,0.22279628944773583,0.10329829917230271,0.21354637173236604,0.3072074181979678,0.01496968685141768,0.0,1.0
155,1835086211,BASELINE,0.0,1.0,1.0,0.8149712065816203,0.7377525515862587,0.9500491647884052,0.7742627141394671,0.9528452527979646,0.9528452527979646,0.9588836786900662,-0.006038425892101573,331,333,0.9277681071761378,1.3487773468925814,0.32984477329614115,71.8638201796369,0.8770745375713038,1.0,1,False,1.0,False,0.0,False,False,False,,,1.0,1.333032837216454,0.7009011954550399,0.9343243091858362,23.367528564625513,3.1763338026283963,False,False,False,1.0965735902799727,0.16009836471344926,0.16830785973843154,0.11040782304331026,0.18470760031274175,0.33578135293813827,0.04069699925392902,0.8,0.8
156,1835086211,BASELINE,0.01931160917525035,0.9903539984923394,0.9903539984923394,0.8139346430205547,0.7468328157823274,0.9412923381523757,0.7661504432320372,0.9747861172432172,0.9747861172432172,0.9528452527979646,0.02194086444525256,337,331,0.9270050666769225,1.3582505765622275,0.48068602537045924,72.491852821725,0.8851358319279025,1.0,1,False,0.656,False,0.0,False,False,False,,,1.0,1.275801930602995,0.7029880073766694,0.8968734570019075,19.529746142516636,3.177664616445432,False,False,False,1.0965735902799727,0.2620986471922703,0.17508411023454318,0.08325160271975583,0.23642622826544776,0.2312404492140549,0.011898962373928105,0.4,0.6
157,1835086211,BASELINE,0.0,1.0,1.0,0.8147162056635994,0.7363824981717506,0.9471631043371381,0.7716691305101091,0.9542723287180966,0.9542723287180966,0.9747861172432172,-0.020513788525120535,340,337,0.9343045600092302,1.385017549628119,0.05739112522543943,73.86794977040614,0.9025514641969232,1.0,1,False,1.0,False,0.0,False,False,False,,,1.0,1.3292335834936002,0.6974743329478923,0.9271063069791353,23.771850043778525,3.1650226859312776,False,False,False,1.0965735902799727,0.02364153973174402,0.19300006066837336,0.1710037213645362,0.27848304221763365,0.3232224356736824,0.010649200344030496,1.0,1.0
158,1835086211,BASELINE,0.03581941424701552,0.9912464473172841,0.9912464473172841,0.8139455163958115,0.7271888006786411,0.9524467939034243,0.7752397975032578,0.9380178920388633,0.9380178920388633,0.9542723287180966,-0.01625443667923332,344,340,0.9408741040083072,1.38773143447195,0.07876913532002594,73.99345356397743,0.9043256461806507,1.0,1,False,0.526,False,0.0,False,False,False,,,1.0,1.3731555281012802,0.6926086417688481,0.951059385255613,26.996183583309744,3.153812663006482,False,False,False,1.0965735902799727,0.03281784269347544,0.20049492571604585,0.0005863680034806605,0.32528163143246897,0.4215759096994928,0.019243322455036387,0.6,0.4
159,1835086211,BASELINE,0.10223461454786126,0.9931436928853808,0.9931436928853808,0.8115549717390688,0.7228784976307022,0.9572021145130819,0.7768221349922411,0.9305585732799985,0.9305585732799985,0.9380178920388633,-0.007459318758864852,337,344,0.9381552267017383,1.358094332216944,0.1977103131710788,72.15954963505253,0.8816040877253707,1.0,1,False,0.21400000000000002,False,0.0,False,False,False,,,1.0,1.3937947091141143,0.691940826468148,0.9644234629513522,27.773611865522774,3.158433010618565,False,False,False,1.0965735902799727,0.08811421232491483,0.16412265996639602,0.015640362428034325,0.23349333224664515,0.384749386161883,0.11388004687212655,0.2,0.2
160,1835086211,BASELINE,0.019181751278028094,0.9897297797571054,0.9897297797571054,0.8092791419462881,0.7232705458164126,0.9604564269010529,0.7772773530392819,0.9305179714657916,0.9305179714657916,0.9305585732799985,-4.060181420684206e-05,343,337,0.9423193197317571,1.3736595487686902,0.30267183799198727,73.55092737733865,0.8991986600838064,1.0,1,False,0.656,False,0.0,False,False,False,,,1.0,1.393907894897244,0.6946698441176059,0.9683057800625687,28.336063101857025,3.1513675759522926,False,False,False,1.0965735902799727,0.14419966334056847,0.20490302328101173,0.06089029871321563,0.26354370772814817,0.294872619196396,0.03159068774066008,0.4,0.6
161,1835086211,BASELINE,0.1512984417069453,0.989944914026998,0.989944914026998,0.7982947205200628,0.7298070132951577,0.9612415352608681,0.7673540427433507,0.9510694837627239,0.9510694837627239,0.9305179714657916,0.020551512296932306,349,343,0.9480873877585814,1.3790173083361528,0.4248502495625991,74.97407526898853,0.9171885983502651,1.0,1,False,0.0,False,0.0,False,False,False,,,1.0,1.3377755711018315,0.7015208139039862,0.9384774074602269,24.784274685583874,3.141683121337736,False,False,False,1.0965735902799727,0.2212499346195719,0.15148203242521827,0.01723111410054475,0.2979087465664765,0.2841537552496022,0.02797441703858633,0.0,0.0
162,1835086211,BASELINE,0.10308956575507894,0.9888860363015103,0.9888860363015103,0.7965162687533885,0.73275083730509,0.9460736592369281,0.7535630610212628,0.9723815765491914,0.9723815765491914,0.9510694837627239,0.021312092786467507,353,349,0.9532786489827232,1.3902266349879702,0.36305244534682046,75.08126948907065,0.9187275612703134,1.0,1,False,0.2,False,0.0,False,False,False,,,1.0,1.2819521425039644,0.6932362659581495,0.8886957164064978,20.72294183991538,3.1330673154296838,False,False,False,1.0965735902799727,0.18042718343362746,0.2082580768684768,0.0032761469498883847,0.29757422872430533,0.20478138751073383,0.1056829765129682,0.0,0.2
163,1835086211,BASELINE,0.06490646949698255,0.9900800848960566,0.9900800848960566,0.8006024464396985,0.72436635079859,0.9404798032856976,0.7529504313376558,0.9620372346579513,0.9620372346579513,0.9723815765491914,-0.010344341891240116,354,353,0.9575718572816102,1.4030091525060429,0.09666154130552673,74.78707929646409,0.9152497506230151,1.0,1,False,0.35,False,0.0,False,False,False,,,1.0,1.3087502984492596,0.6812519231058366,0.8915886576838957,22.60658871999359,3.126012559725149,False,False,False,1.0965735902799727,0.040663191984430413,0.25100046658761915,0.18573401086253216,0.271004878168906,0.24506754986231152,0.006529902534200837,1.0,0.0
164,1835086211,BASELINE,0.09272447024775986,0.9925913340500544,0.9925913340500544,0.7992828112373693,0.7261194305577087,0.9350824951833544,0.7473953654890053,0.9715332260357592,0.9715332260357592,0.9620372346579513,0.009495991377807877,350,354,0.9618146715534492,1.388382085806412,0.33326070103509353,74.08683657909803,0.9066890782055563,1.0,1,False,0.22400000000000003,False,0.0,False,False,False,,,1.0,1.284129078302899,0.6789815689270187,0.8718999762909087,20.60930240037289,3.1191024887403387,False,False,False,1.0965735902799727,0.1621424662381023,0.16753911187580325,0.03761025149477894,0.3710126695006064,0.24325336113113305,0.018442139759576086,0.8,0.0
165,1835086211,BASELINE,0.005148949873807095,0.9898898562314327,0.9898898562314327,0.797909798856738,0.7265661850471439,0.9415742456650189,0.75129131696726,0.9670898207370155,0.9670898207370155,0.9715332260357592,-0.004443405298743652,345,350,0.9640650116267686,1.3624788577310099,0.30737925010479505,73.42416925734217,0.898598824049182,1.0,1,False,0.8140000000000001,False,0.0,False,False,False,,,1.0,1.2955917480530277,0.6841160076114751,0.8863350541724093,21.249432435292125,3.115462150866631,False,False,False,1.0965735902799727,0.14690907521650873,0.15906008651855572,0.017198391422625168,0.2655991237666558,0.31007590495267917,0.10115741812297548,0.2,0.8
166,1835086211,BASELINE,0.05305434733779057,0.9923878866174722,0.9923878866174722,0.7976389862592193,0.7203552890792263,0.947416821098517,0.7556965927459531,0.9532334749078223,0.9532334749078223,0.9670898207370155,-0.013856345829193262,339,345,0.9658847952475289,1.3417065190184447,0.1477873253246863,72.27646155685358,0.8844447328903924,1.0,1,False,0.4,False,0.0,False,False,False,,,1.0,1.331998213291168,0.6824767180409438,0.9090577690433574,23.490651285977005,3.112530722002505,False,False,False,1.0965735902799727,0.06396766605549511,0.1902582018155695,0.08042176501866685,0.2646649308338055,0.3203450286263163,0.08034240765014682,0.0,0.4
167,1835086211,BASELINE,0.05509359571555284,0.9895246143046278,0.9895246143046278,0.7946830483427889,0.7246535496978191,0.9420832203345345,0.7486575653280392,0.9679372563079595,0.9679372563079595,0.9532334749078223,0.014703781400137172,339,339,0.969296315722776,1.3328775505553718,0.38036568131266757,72.06552244374907,0.8819957810660338,1.0,1,False,0.4,False,0.0,False,False,False,,,1.0,1.2933977467875049,0.6826839497261731,0.8829818823438265,20.702012501573662,3.1070648765262927,False,False,False,1.0965735902799727,0.19145031340692628,0.16423442548160702,0.06556532582524068,0.2895262940596586,0.24704040672934618,0.042183234497221306,0.0,0.4
168,1835086211,BASELINE,0.1310449829196254,0.9854411633803659,0.9854411633803659,0.7936205733864554,0.721456769854045,0.9478748983010811,0.7522530202883321,0.9590613136754398,0.9590613136754398,0.9679372563079595,-0.008875942632519673,339,339,0.9672028288738228,1.325602515999318,0.22207238679461883,71.63348035785815,0.87678318680956,1.0,1,False,0.05600000000000001,False,0.0,False,False,False,,,1.0,1.3165630003173683,0.6838507623540294,0.9003326114541406,22.20451772134513,3.110414433552312,False,False,False,1.0965735902799727,0.10044872051396055,0.2019900477097842,0.0831542965950685,0.24925520328783837,0.34184019287414025,0.023311539019208082,0.4,0.0
169,1835086211,BASELINE,0.04271280654632175,0.9911406747828906,0.9911406747828906,0.7964150947160767,0.7120818769407588,0.953087408470973,0.75905319869011,0.9381185378964094,0.9381185378964094,0.9590613136754398,-0.020942775779030365,339,339,0.9675976023342441,1.3379641734811716,0.05167764665957719,71.76532741379653,0.8786217154643874,1.0,1,False,0.456,False,0.0,False,False,False,,,1.0,1.3728791510870753,0.678676270712614,0.9317405023988756,26.20937083702541,3.1097816912564906,False,False,False,1.0965735902799727,0.02122431974269957,0.19512068213233574,0.12068652527200678,0.25961389249001604,0.3675140008748323,0.03584057948810962,0.4,0.4
170,1835086211,BASELINE,0.04184885200102084,0.9909013525287768,0.9909013525287768,0.7986339795270266,0.7137619852149584,0.9577786676238756,0.7649145888305492,0.9331263851382463,0.9331263851382463,0.9381185378964094,-0.004992152758163115,332,339,0.9571240289441115,1.3136700342113583,0.3187877288174352,70.22564877258695,0.8595538435346164,1.0,1,False,0.456,False,0.0,False,False,False,,,1.0,1.3866550529360027,0.6836260031997553,0.9479534516553846,26.5880189034687,3.12674549097155,False,False,False,1.0965735902799727,0.15355252651546905,0.2054820908113619,0.016876119625302985,0.2103917583785993,0.3337525855772215,0.07994491909204544,0.4,0.4
171,1835086211,BASELINE,0.02228487928281908,0.9892282752424082,0.9892282752424082,0.7933193747305801,0.7146937492948423,0.9553049492911789,0.7578619250487066,0.9430395243156067,0.9430395243156067,0.9331263851382463,0.009913139177360364,331,332,0.9571100992586296,1.2988008984727495,0.30449753916092925,69.3447183114351,0.8487240147923448,1.0,1,False,0.614,False,0.0,False,False,False,,,1.0,1.3594335857490145,0.6827504759288319,0.9281539276637781,24.40474780147029,3.126768299772298,False,False,False,1.0965735902799727,0.14524829175789877,0.15358689630734032,0.04842906147221581,0.2531748782224054,0.2665207421484542,0.13304013009168547,0.2,0.6
172,1835086211,BASELINE,0.09566216244433262,0.9884187739223119,0.9884187739223119,0.7937505611295302,0.7141566316541261,0.9494667114224481,0.753639734965378,0.947610109340817,0.947610109340817,0.9430395243156067,0.00457058502521035,327,331,0.9613990893327666,1.2827522587659888,0.2728874920816815,68.32986273507241,0.8362183832076934,1.0,1,False,0.2,False,0.0,False,False,False,,,1.0,1.3470633973061317,0.6780679484971758,0.9134005143070048,23.217616850795977,3.1197766334248227,False,False,False,1.0965735902799727,0.1274696228003246,0.18018743035001072,0.006693444358808166,0.2851043734553994,0.2484612853019352,0.15208384373352193,0.0,0.2
173,1835086211,BASELINE,0.06397860948068447,0.9902690559467595,0.9902690559467595,0.7985506929028875,0.7061086662487585,0.9545200402802033,0.7622326395554484,0.9263689713688688,0.9263689713688688,0.947610109340817,-0.021241137971948265,323,327,0.96525918039949,1.2771097658703154,0.07976004108636936,67.8868522365335,0.830861737223297,1.0,1,False,0.35,False,0.0,False,False,False,,,1.0,1.4055226659191393,0.6739948725499656,0.9473150700822582,26.954517594417556,3.113537257361969,False,False,False,1.0965735902799727,0.03324832721673327,0.2006920571789434,0.0017782415969720387,0.3179763618479189,0.4161547903121924,0.03015022184724008,1.0,0.0
174,1835086211,BASELINE,0.017404290554273397,0.9888376996835205,0.9888376996835205,0.8049087232599175,0.7011493542178276,0.9581329206468824,0.771209545871178,0.9091554402711541,0.9091554402711541,0.9263689713688688,-0.01721353109771462,317,323,0.968733262359541,1.261539683226205,0.15385648141568486,67.08369595038846,0.8209967331388746,1.0,1,False,0.656,False,0.0,False,False,False,,,1.0,1.4547532520434265,0.6717942785664027,0.977294911448642,29.867983068629904,3.107964332772594,False,False,False,1.0965735902799727,0.06682651601883892,0.21378050442950491,0.13116959490947547,0.27343065863171373,0.2953244219734971,0.01946830403696987,0.4,0.6
175,1835086211,BASELINE,0.006007172128609251,0.9871066237492371,0.9871066237492371,0.811953451924986,0.6950427697894555,0.9545865636782922,0.7750798555397999,0.8967369811274439,0.8967369811274439,0.9091554402711541,-0.012418459143710203,314,317,0.9712929125000087,1.258330869996802,0.11614751512159671,66.26262537879668,0.810908621554893,1.0,1,False,0.8,False,0.0,False,False,False,,,1.0,1.4913372762825443,0.6634784892227586,0.9894702029895263,31.874247582243594,3.1038837946809346,False,False,False,1.0965735902799727,0.049386041031490045,0.26098273230100044,0.01271605261806323,0.27014989262009903,0.2613346754804905,0.1454306059488567,0.0,0.8
176,1835086211,BASELINE,0.05311786175569969,0.9920517155633353,0.9920517155633353,0.812664632111686,0.6984689113762035,0.9591279073104629,0.7794493279425087,0.8961056047349903,0.8961056047349903,0.8967369811274439,-0.0006313763924535865,321,314,0.9673683611116055,1.293959574654792,0.3375573244796264,68.46135693301218,0.8385639651098716,1.0,1,False,0.42400000000000004,False,0.0,False,False,False,,,1.0,1.493221656083933,0.6699210252896752,1.0003405828284953,33.08777500483684,3.1101490558631895,False,False,False,1.0965735902799727,0.1647285009527594,0.20380920201560684,0.013195401074994383,0.24183972664362566,0.345741686859103,0.030685482453910767,0.8,0.2
177,1835086211,BASELINE,0.01875506107044343,0.9899372228520841,0.9899372228520841,0.8108383122895274,0.7034851363378153,0.9426079270061124,0.7643026206843663,0.9204274816013397,0.9204274816013397,0.8961056047349903,0.024321876866349346,322,321,0.9696074885028758,1.2923132335504448,0.37303508952858233,67.83470704592368,0.8309019269368754,1.0,1,False,0.656,False,0.0,False,False,False,,,1.0,1.4223240907846502,0.6631106660430004,0.9431582751692144,28.072746121572184,3.1065682380806003,False,False,False,1.0965735902799727,0.18674588163027475,0.250080290260864,0.018435398321532865,0.26807256137468555,0.19696405213347898,0.07970181627916391,0.4,0.6
178,1835086211,BASELINE,0.030728714600557653,0.9901682431736484,0.9901682431736484,0.8111744281666717,0.7035391598588407,0.9457212254748704,0.767144874279662,0.9170877411120734,0.9170877411120734,0.9204274816013397,-0.0033397404892663296,324,322,0.9726467396525882,1.3011826366811954,0.2735849698039148,68.7140420234502,0.8420634300437426,1.0,1,False,0.55,False,0.0,False,False,False,,,1.0,1.4318562770826675,0.6653519164312636,0.9526883180110871,29.091971998260867,3.1017342368975074,False,False,False,1.0965735902799727,0.12785350422395209,0.18880570562728022,0.005291429513222667,0.3501408202435428,0.28687045584684606,0.04103808454515608,1.0,0.2
179,1835086211,BASELINE,0.03390046252648605,0.990303609931229,0.990303609931229,0.8103774967951028,0.7008670156102333,0.9511491029273833,0.7707898291092005,0.9092842032181759,0.9092842032181759,0.9170877411120734,-0.007803537893897428,321,324,0.9696957367486838,1.2880442155755736,0.20905387973699674,67.94567540088569,0.8326269850730657,1.0,1,False,0.526,False,0.0,False,False,False,,,1.0,1.4543786636467573,0.6666290331690657,0.9695310424085557,30.26616155071444,3.1064274499983897,False,False,False,1.0965735902799727,0.09381017180418291,0.28035680342966757,0.058546190230312996,0.24688032300615642,0.30448218953814876,0.0159243219915314,0.6,0.4
180,1835086211,BASELINE,0.08255758000510847,0.9925145982736284,0.9925145982736284,0.8110968695625137,0.7036219276852168,0.9538428406458743,0.7736589421024843,0.9094730111605304,0.9094730111605304,0.9092842032181759,0.00018880794235442977,324,321,0.9615545362503679,1.3041412835208341,0.32964356413963025,68.6516692252231,0.8416174930986579,1.0,1,False,0.256,False,0.0,False,False,False,,,1.0,1.4538295708405904,0.6711447382439931,0.9757300667731849,30.556018454585846,3.1195244040018686,False,False,False,1.0965735902799727,0.15997828569368927,0.27705487813486246,0.013820470887034418,0.2219471508025111,0.2890432400561468,0.03815597442575591,0.4,0.2
181,1835086211,BASELINE,0.14809852235582208,0.9884984511120282,0.9884984511120282,0.8072041791699576,0.7117730024617429,0.9493588172628059,0.766326404826385,0.928811793485047,0.928811793485047,0.9094730111605304,0.01933878232451669,326,324,0.9642925929666643,1.3006097317702743,0.43610112814036495,69.10726016529125,0.8474766273779586,1.0,1,False,0.05600000000000001,False,0.0,False,False,False,,,1.0,1.3986725295034634,0.6757279757766765,0.9451221571358193,27.029211726529592,3.11509494234022,False,False,False,1.0965735902799727,0.22915213950983707,0.15823107469737907,0.03495466495430697,0.2676977742787869,0.2545013034075953,0.05546304315209466,0.4,0.0
182,1835086211,BASELINE,0.04554754585409623,0.9916794302474596,0.9916794302474596,0.8053697893766383,0.7018190059943107,0.9544229355365254,0.7686633985692842,0.9130381481681172,0.9130381481681172,0.928811793485047,-0.01577364531692982,321,326,0.9678633336699978,1.2818631894574035,0.05,67.77882100740916,0.8310395756570077,1.0,1,False,0.456,False,0.0,False,False,False,,,1.0,1.4435002368824952,0.6698321559164163,0.9669028757368594,29.485060174768115,3.109356068138723,False,False,False,1.0965735902799727,0.007933170695687075,0.3015054101258766,0.06209256143674346,0.30325399706568273,0.3168803725385921,0.008334488137418095,0.4,0.4
183,1835086211,BASELINE,0.055720792528171005,0.9913368335919597,0.9913368335919597,0.8100109541040109,0.7103284303072126,0.9539017523156522,0.7726708685146894,0.9193156611076615,0.9193156611076615,0.9130381481681172,0.006277512939544261,316,321,0.9507651297108884,1.2687300371777104,0.44080761545906255,66.670794842667,0.8173448131428177,1.0,1,False,0.4,False,0.0,False,False,False,,,1.0,1.4254903479351608,0.6775835343896768,0.9658887881922764,27.821745105362197,3.1372271912589773,False,False,False,1.0965735902799727,0.23250468265771743,0.19513249961216525,0.07187479248964405,0.18040058821768373,0.27460555166389705,0.045481885358892526,0.0,0.4
184,1835086211,BASELINE,0.030941602631038127,0.993000234384744,0.993000234384744,0.8056246119812733,0.7076667216793854,0.958511577084087,0.7722005173679259,0.9164287070041,0.9164287070041,0.9193156611076615,-0.0028869541035615454,322,316,0.9487023088007174,1.287976539922872,0.21765524916077106,67.5765642235397,0.828827297197089,1.0,1,False,0.55,False,0.0,False,False,False,,,1.0,1.4337448056626299,0.6783067454468333,0.972518772930321,28.75989514383838,3.140657629313916,False,False,False,1.0965735902799727,0.09818391109416809,0.180096479001653,0.06274133330379776,0.2409713275496261,0.3567680212694711,0.06123892778128406,1.0,0.2
185,1835086211,BASELINE,0.05081148462049176,0.991671560172163,0.991671560172163,0.8086377454834164,0.7188422901683982,0.943071273072101,0.7626030280871992,0.9426166218765694,0.9426166218765694,0.9164287070041,0.02618791487246941,323,322,0.9515525939950517,1.2950734333043885,0.49018928433264974,68.09147296984877,0.8354208830575458,1.0,1,False,0.42400000000000004,False,0.0,False,False,False,,,1.0,1.360583887704186,0.677919513727176,0.9223663675374524,24.099111166062276,3.1359215734009527,False,False,False,1.0965735902799727,0.26948630716227584,0.1784367505916397,0.064861112225584,0.262365982156391,0.20205426848211389,0.02279557938199578,0.8,0.2
186,1835086211,BASELINE,0.03062258689367791,0.9891722553712131,0.9891722553712131,0.8083763886984144,0.7100624271083877,0.948764145764891,0.7669585338799586,0.9258159284260914,0.9258159284260914,0.9426166218765694,-0.016800693450477966,324,323,0.9563973345955465,1.2953900628681883,0.06533804242172125,68.0153052825316,0.8346294697131548,1.0,1,False,0.55,False,0.0,False,False,False,,,1.0,1.4070781547952997,0.6736817720952347,0.9479229047989906,27.180580785231232,3.1279362844985363,False,False,False,1.0965735902799727,0.02702814310511843,0.26141350651157785,0.06019188388898245,0.3110238763136917,0.31149517151201706,0.028847418668612568,1.0,0.2
187,1835086211,BASELINE,0.16028350106013056,0.9925085218996945,0.9925085218996945,0.8091608618556877,0.7049058435337127,0.9538877311884019,0.7718486186819739,0.9132695537337695,0.9132695537337695,0.9258159284260914,-0.012546374692321893,322,324,0.9607576011359918,1.2929894720769493,0.15386749441057934,68.05596665218334,0.8352898259578334,1.0,1,False,0.0,False,0.0,False,False,False,,,1.0,1.4428323234756268,0.6724010357898198,0.9701619487760438,29.59137599938303,3.1208183807484957,False,False,False,1.0965735902799727,0.06683172225930435,0.20177621721803016,0.0803929903375908,0.27521163926162623,0.360495519485165,0.015291911438283498,0.0,0.0
188,1835086211,BASELINE,0.01911085159848768,0.9915256912203776,0.9915256912203776,0.7992281176973832,0.7112792145324329,0.9584989580695616,0.7660593180728388,0.9284910420798547,0.9284910420798547,0.9132695537337695,0.015221488346085166,326,322,0.9598810338580543,1.2917019953035345,0.40508290794620416,68.84471256699285,0.8453012356081852,1.0,1,False,0.656,False,0.0,False,False,False,,,1.0,1.399570069718453,0.6817603860258732,0.9541714310015108,27.02052384557191,3.122244136964976,False,False,False,1.0965735902799727,0.20773328969257426,0.14493171606140892,0.014163043405727018,0.25090542198028015,0.3567932022252019,0.025473326634807794,0.4,0.6
189,1835086211,BASELINE,0.05879665467948042,0.992021227948913,0.992021227948913,0.7991489607673459,0.7229972329593279,0.9307341894514068,0.7437952602507298,0.9720379674315335,0.9720379674315335,0.9284910420798547,0.04354692535167881,330,326,0.9638929304722489,1.3080750100679581,0.5015798328519804,69.08408740319234,0.8484451013398026,1.0,1,False,0.4,False,0.0,False,False,False,,,1.0,1.2828334261755165,0.6729182435940101,0.8632420159657148,19.19746434703977,3.1157399234984675,False,False,False,1.0965735902799727,0.2785247394189579,0.166500202834426,0.024089779820518745,0.38706172689177304,0.14042563594400692,0.0033979150903174923,0.0,0.4
190,1835086211,BASELINE,0.021120372748790018,0.992125481404903,0.992125481404903,0.8047704195143458,0.7236815965659731,0.9361267654051225,0.753367129713688,0.9605961927765594,0.9605961927765594,0.9720379674315335,-0.01144177465497409,324,330,0.967503637425024,1.2934618486073757,0.3091410076493798,69.01964228604754,0.8477902566917482,1.0,1,False,0.6240000000000001,False,0.0,False,False,False,,,1.0,1.3125276671657844,0.6774577121765192,0.8891819905665161,21.19659382829697,3.1099322512431433,False,False,False,1.0965735902799727,0.14792781568264432,0.22574349803963428,0.03998918962443999,0.27359181855550335,0.29232997449428155,0.020417703603496623,0.8,0.4
191,1835086211,BASELINE,0.005905897383330572,0.9883886478586034,0.9883886478586034,0.8117029024368857,0.7204740782944634,0.9398854799997441,0.7629077720740778,0.9443789992278463,0.9443789992278463,0.9605961927765594,-0.016217193548713094,312,324,0.9640285602734882,1.251553577355896,0.22062857428491056,66.54608173726143,0.8170199228983129,1.0,1,False,0.8,False,0.0,False,False,False,,,1.0,1.3557966052024275,0.677163124905165,0.91809546591469,23.255378963788143,3.1155209822002745,False,False,False,1.0965735902799727,0.09970701945986277,0.18474239537963702,0.09314573550036549,0.24216039359530248,0.28685695567566916,0.09338750038916303,0.0,0.8
192,1835086211,BASELINE,0.03647339041481055,0.9873922039534071,0.9873922039534071,0.8091049764185243,0.7095762011178183,0.9458969319997698,0.7653299148600282,0.9271507455024716,0.9271507455024716,0.9443789992278463,-0.01722825372537473,324,312,0.9676257042461394,1.2942243923508012,0.05,68.4157237076284,0.8405428053568862,1.0,1,False,0.526,False,0.0,False,False,False,,,1.0,1.403326780524079,0.6711859516573959,0.9418932206723636,27.120853315102348,3.1097366692395734,False,False,False,1.0965735902799727,0.0015728342259757214,0.18396762456783294,0.10552970948215182,0.3407506619554257,0.3221897795010883,0.04598939026752561,0.6,0.4
193,1835086211,BASELINE,0.051217643638557755,0.989258961238151,0.989258961238151,0.8131680888303848,0.7065771115503747,0.9448677507341612,0.7683363030619623,0.9196195842036022,0.9196195842036022,0.9271507455024716,-0.007531161298869327,316,324,0.9688066382405357,1.2710054338120074,0.20843340482327144,66.92757765363605,0.8220819345156506,1.0,1,False,0.42400000000000004,False,0.0,False,False,False,,,1.0,1.4246241323451991,0.667621926110843,0.9511103072202904,27.925998367004315,3.1078470583590283,False,False,False,1.0965735902799727,0.09349650610559279,0.31382690135246866,0.04311203730314669,0.2633795655409557,0.267802559671842,0.018382430025994226,0.8,0.2
194,1835086211,BASELINE,0.053662428519763467,0.9905640917235095,0.9905640917235095,0.809602791990657,0.7193914342433979,0.9215152894175436,0.7460613511745215,0.9642523810017268,0.9642523810017268,0.9196195842036022,0.0446327967981246,317,316,0.9719259744164821,1.2711120750734923,0.5148146620577336,66.66968262043686,0.8190017706380204,1.0,1,False,0.4,False,0.0,False,False,False,,,1.0,1.3029649763698725,0.6629302057313066,0.8637748398455666,19.850281183163954,3.1028778964627692,False,False,False,1.0965735902799727,0.28928972838177347,0.16939167964935556,0.019614776342433922,0.290361408320764,0.15567156878399246,0.07567083852168065,0.0,0.4
195,1835086211,BASELINE,0.10117688243953923,0.9886529457688766,0.9886529457688766,0.8101116565289502,0.7229043527359785,0.9293637604757892,0.7528884155170161,0.9601746259298634,0.9601746259298634,0.9642523810017268,-0.004077755071863476,310,317,0.9602577099956656,1.2414248772250291,0.3640134215294746,65.20957173895289,0.8008935945959859,1.0,1,False,0.2,False,0.0,False,False,False,,,1.0,1.3136347701177973,0.6718411077230253,0.8825538390994226,20.095012869361337,3.1216311458859654,False,False,False,1.0965735902799727,0.18103112755938083,0.19727394767457102,0.06262609583502421,0.20692878645832585,0.3058270135573511,0.04631302891534711,0.0,0.2
196,1835086211,BASELINE,0.10072629969395322,0.9924501693675221,0.9924501693675221,0.8072671624468183,0.7201050944599985,0.9333486498999648,0.7534617161783134,0.9557288432815069,0.9557288432815069,0.9601746259298634,-0.004445782648356489,317,310,0.964231938996099,1.2698583048708663,0.2295736607504384,66.96318785893119,0.8229559005453083,1.0,1,False,0.2,False,0.0,False,False,False,,,1.0,1.3253671216406815,0.6721091177003262,0.8907913267549393,21.420974927548972,3.1151927921873606,False,False,False,1.0965735902799727,0.10432449201023618,0.18465680617425995,0.0651277251516853,0.35297721687372996,0.28460632735877295,0.008307432431315731,0.0,0.2
197,1835086211,BASELINE,0.0,1.0,1.0,0.8102521218331754,0.7271762812751823,0.9210222346369107,0.7462602198700896,0.974427233173129,0.974427233173129,0.9557288432815069,0.01869838989162209,311,317,0.9678087450964892,1.2599420494505877,0.4315766469819421,66.44965649164865,0.816676261393911,1.0,1,False,1.0,False,0.0,False,False,False,,,1.0,1.276717989301503,0.6697455235550271,0.8550761581768567,18.0790940285763,3.1094434838358094,False,False,False,1.0965735902799727,0.22595551922729698,0.16097371865813434,0.06492059619347497,0.29835099475599774,0.20504224863471177,0.044756922530384186,0.2,1.0
198,1835086211,BASELINE,0.009895185806273882,0.9927625606887512,0.9927625606887512,0.813421640867922,0.7175239803754938,0.9289200111732197,0.7556036397235688,0.9496036581268903,0.9496036581268903,0.974427233173129,-0.024823575046238666,311,311,0.9702358432375241,1.2557162269724487,0.05193151367457849,66.06815330289835,0.812051475928098,1.0,1,False,0.75,False,0.0,False,False,False,,,1.0,1.3417032169870464,0.6665223838674568,0.8942752266288418,22.19827386654334,3.1055663415441512,False,False,False,1.0965735902799727,0.02133141455088272,0.2323807263476723,0.14739136648214582,0.2691271484121994,0.30137670584344867,0.028392638363650923,1.0,0.4
199,1835086211,BASELINE,0.017886490637319875,0.989927073927013,0.989927073927013,0.814859294476475,0.7241511777960948,0.9360280100558976,0.7627311238843676,0.9494186812624136,0.9494186812624136,0.9496036581268903,-0.0001849768644767158,315,311,0.9489889003374257,1.27047576134324,0.4213058265121672,66.47205827273166,0.8172324500376412,1.0,1,False,0.656,False,0.0,False,False,False,,,1.0,1.3421996769232596,0.6778257859321132,0.9097775508883368,22.37250039130935,3.1401801401393326,False,False,False,1.0965735902799727,0.21879245549219656,0.22162191521682184,0.027175710490635704,0.16262109738024505,0.3458302161159114,0.023958605304189473,0.4,0.6
200,1835086211,BASELINE,0.0,1.0,1.0,0.814332496159001,0.7295489700110069,0.9380789532850562,0.7639081756228427,0.9550218119032153,0.9550218119032153,0.9494186812624136,0.005603130640801757,312,315,0.9314028449576398,1.2703586940080416,0.4048353696370449,65.86359566519154,0.8097626946702932,1.0,1,False,1.0,False,0.0,False,False,False,,,1.0,1.3272425996354718,0.6843745341581162,0.9083310358403331,21.199075057171918,3.1700244130366415,False,False,False,1.0965735902799727,0.20756688880896002,0.18075891056296842,0.14784711669490985,0.1696037938816212,0.2782687211737418,0.015954568877798794,1.0,1.0
201,1835086211,BASELINE,0.0,1.0,1.0,0.7971485069041236,0.7409844911089665,0.938422700219327,0.7480622543247726,0.9905385371673447,0.9905385371673447,0.9550218119032153,0.03551672526412941,320,312,0.9382625604618758,1.275437611046598,0.5113116432597042,67.64222518890033,0.8321300959658582,1.0,1,False,1.0,False,0.0,False,False,False,,,1.0,1.2362345497784164,0.6953566669671203,0.8596239361235182,15.726208923602078,3.1582501043821667,False,False,False,1.0965735902799727,0.286412119981373,0.13787032584769016,0.028672427489763556,0.2742569787432875,0.27075821131388234,0.0020299366240033303,0.2,1.0
202,1835086211,BASELINE,0.03439752496778029,0.9896537876614135,0.9896537876614135,0.7968608408302456,0.7456136200390093,0.9445804301973943,0.7526991558388907,0.9905864969491238,0.9905864969491238,0.9905385371673447,4.795978177907223e-05,325,320,0.9444363044156883,1.2815015677209058,0.40619158565728763,69.2533166459339,0.8524022574551673,1.0,1,False,0.526,False,0.0,False,False,False,,,1.0,1.236115976386791,0.704292033977484,0.8705866352415166,16.101238270176438,3.1477994661821924,False,False,False,1.0965735902799727,0.20847941856863947,0.1905631702967229,0.002426545069429383,0.275957957404292,0.3209760718979747,0.0015968367629416477,0.6,0.4
203,1835086211,BASELINE,0.009705916362579337,0.9876539576242936,0.9876539576242936,0.7903862732155813,0.741512564214309,0.950122387177655,0.7509636927000383,0.9874146665443326,0.9874146665443326,0.9905864969491238,-0.003171830404791187,322,325,0.9467364659384081,1.256811290577189,0.22555860238847303,68.11418472191151,0.8382957112319595,1.0,1,False,0.75,False,0.0,False,False,False,,,1.0,1.243982401448422,0.7045276876335235,0.8764200447492543,16.362314502798906,3.1439407057661324,False,False,False,1.0965735902799727,0.10224531471562655,0.24235177405548936,0.02607738010224767,0.2579263271104028,0.34966122294692287,0.02173798106931075,1.0,0.4
204,1835086211,BASELINE,0.0,1.0,1.0,0.7941313991034078,0.7405117080125209,0.9551101484598895,0.7584829584943156,0.9763063226661415,0.9763063226661415,0.9874146665443326,-0.011108343878191151,327,322,0.9243435308982445,1.2984048375340718,0.2925487987055865,68.94778034225277,0.8488460265917382,1.0,1,False,1.0,False,0.0,False,False,False,,,1.0,1.2719288594234328,0.7072702473761252,0.899597439049244,18.466023335297194,3.182323781047893,False,False,False,1.0965735902799727,0.1384346501115916,0.27191774116115386,0.027233203480225503,0.14673050706216928,0.3390800783671563,0.07660381981770348,1.0,1.0
205,1835086211,BASELINE,0.024036349900602588,0.9894326745568551,0.9894326745568551,0.7920525178586189,0.7324860404807646,0.9526889280013766,0.7545796641595188,0.970720621389442,0.970720621389442,0.9763063226661415,-0.00558570127669944,335,327,0.9319091778084201,1.312668423900027,0.11750083239787135,69.32149674566054,0.8536485317745109,1.0,1,False,0.6,False,0.0,False,False,False,,,1.0,1.2862177536214314,0.6978313406815926,0.8975630594181099,19.546274483816017,3.1691493965914446,False,False,False,1.0965735902799727,0.049998973360871876,0.24996306320790423,0.0799606331594542,0.309921487411772,0.26544897193738004,0.044706870922617756,0.0,0.6
206,1835086211,BASELINE,0.024160701641851696,0.9842750813939283,0.9842750813939283,0.7942474341800716,0.7242502206096009,0.9540553750739914,0.7577560337182235,0.9557828488092488,0.9557828488092488,0.970720621389442,-0.014937772580193243,327,335,0.9367035269520366,1.2781742612065716,0.10047647028861229,67.20203041274296,0.8272836517147557,1.0,1,False,0.6,False,0.0,False,False,False,,,1.0,1.3252239750698147,0.6909748158711138,0.9156963921618506,21.524104217963544,3.160910952996385,False,False,False,1.0965735902799727,0.04235602691093196,0.3299212425073331,0.00025801066588029565,0.2635693951111754,0.2831766993637625,0.08071862544091687,0.0,0.6
207,1835086211,BASELINE,0.005825235317192356,0.9918671337619159,0.9918671337619159,0.796896950527395,0.7266007220276152,0.937876927594656,0.7473912635701838,0.9721825199785517,0.9721825199785517,0.9557828488092488,0.016399671169302854,325,327,0.943033174256833,1.2844258281127303,0.34547411099133674,67.04338028728851,0.8254251131564432,1.0,1,False,0.8,False,0.0,False,False,False,,,1.0,1.282462606102778,0.6814620527633184,0.8739496001469941,18.65210628904471,3.150162606852806,False,False,False,1.0965735902799727,0.16953765560617978,0.17619952951090448,0.11109920698284954,0.28386229433399884,0.19613545014031872,0.06316586342574854,0.0,0.8
208,1835086211,BASELINE,0.004946729920429151,0.9901611999406571,0.9901611999406571,0.7993423040052804,0.7313167700145771,0.9440892348351904,0.7546504641597432,0.9690801301352848,0.9690801301352848,0.9721825199785517,-0.0031023898432668284,322,325,0.9238642503647085,1.2742791531844888,0.39434219326737985,66.02447864193265,0.8128142675708642,1.0,1,False,0.8240000000000001,False,0.0,False,False,False,,,1.0,1.290444742118702,0.690428289825205,0.8909595564149431,18.886180545831984,3.183165640283926,False,False,False,1.0965735902799727,0.2005760511042833,0.3099275757955454,0.01805305430938007,0.1597017887889039,0.3066957132184695,0.0050458167834177,0.8,0.6
209,1835086211,BASELINE,0.096903747441177,0.9923505715187212,0.9923505715187212,0.8016740054975451,0.7303662512072501,0.9496803113516713,0.7613340191434501,0.9593243344477884,0.9593243344477884,0.9690801301352848,-0.009755795687496405,326,322,0.9174247712903022,1.2967329017693217,0.28231802543547047,67.00231132523734,0.8251618179536473,1.0,1,False,0.2,False,0.0,False,False,False,,,1.0,1.3158706156105167,0.6936144488472542,0.9127068718009856,20.85150888377078,3.1945619271035697,False,False,False,1.0965735902799727,0.1326914961675226,0.32148203392545294,0.0005184639639674168,0.20884975437302056,0.3307634539490089,0.005694797621027542,0.0,0.2
210,1835086211,BASELINE,0.1433309495133765,0.991454433744095,0.991454433744095,0.79947419122868,0.7383739122972132,0.9413759690740686,0.7526057915176059,0.9810898622083487,0.9810898622083487,0.9593243344477884,0.021765527760560288,326,326,0.9189487468639173,1.2920068374389682,0.45675055233670336,67.0010775039748,0.8252690415445818,1.0,1,False,0.05600000000000001,False,0.0,False,False,False,,,1.0,1.259818239437768,0.6950874572278004,0.8756838566200024,17.15357105817112,3.191850440188084,False,False,False,1.0965735902799727,0.2440746706290697,0.15843775983128977,0.09531296094806094,0.2421202395574787,0.23331844428782217,0.02673592474627866,0.4,0.0
211,1835086211,BASELINE,0.04755610338949864,0.9892945999746293,0.9892945999746293,0.8030509655427878,0.7283710051051594,0.9472383721666617,0.7606806893676162,0.957525299755779,0.957525299755779,0.9810898622083487,-0.02356456245256966,320,326,0.9235225240497229,1.2711263739454275,0.05811151094546374,65.76393748201727,0.8099312459462628,1.0,1,False,0.456,False,0.0,False,False,False,,,1.0,1.3206137373092819,0.6899409652092064,0.9111455165877034,20.773859519216867,3.1837664182943635,False,False,False,1.0965735902799727,0.023947355285086295,0.21429688514811218,0.07135772931100227,0.2566756903281698,0.39513187144309114,0.03859046848453822,0.4,0.4
212,1835086211,BASELINE,0.022254788777613537,0.9909108653165661,0.9909108653165661,0.8082100782976562,0.7227856169562255,0.9525145349499956,0.7698318468715916,0.938887654353934,0.938887654353934,0.957525299755779,-0.018637645401845093,315,320,0.9304920360378067,1.2613610331685128,0.1666372986730832,65.60331225389172,0.8080406029630691,1.0,1,False,0.614,False,0.0,False,False,False,,,1.0,1.3707689665822058,0.6884638058036048,0.9437248196106598,23.9676412916315,3.171600819887708,False,False,False,1.0965735902799727,0.0729145263290499,0.23532336924255512,0.04415424964211822,0.2696443836048006,0.33604602375761033,0.04191744742386577,0.2,0.6
213,1835086211,BASELINE,0.0,1.0,1.0,0.8101796603266707,0.7269079848564349,0.944285907372479,0.765041235686297,0.9501553000660757,0.9501553000660757,0.938887654353934,0.011267645712141783,313,315,0.937442832434026,1.2679311684112395,0.3793118663131724,66.22056034773074,0.8158746106563936,1.0,1,False,1.0,False,0.0,False,False,False,,,1.0,1.3402237537422308,0.6864089660564588,0.9199416010905107,22.206357976755204,3.159648055107557,False,False,False,1.0965735902799727,0.19077060935025877,0.1866628779382033,0.05335602396684216,0.32982003179828745,0.23511412958741457,0.004276327358993876,0.6,1.0
214,1835086211,BASELINE,0.0,1.0,1.0,0.8125738560577822,0.7299711544504955,0.9416781339102265,0.7651830324367294,0.9539824114054105,0.9539824114054105,0.9501553000660757,0.0038271113393347767,310,313,0.9385772693272686,1.2594894768895624,0.36254256713321464,65.94852194822025,0.8125924079552893,1.0,1,False,1.0,False,0.0,False,False,False,,,1.0,1.330004542643322,0.6873978745312364,0.9142422957299087,21.45269927765433,3.1577140537443182,False,False,False,1.0965735902799727,0.18010711046102934,0.20452419241602482,0.05240925029739358,0.2494487278938417,0.25910408637497706,0.054406632556733336,0.8,1.0
215,1835086211,BASELINE,0.044891724750313715,0.9915113950162934,0.9915113950162934,0.8128585274231256,0.738743130562016,0.9475103205192038,0.7701918438554537,0.9591676884865327,0.9591676884865327,0.9539824114054105,0.005185277081122153,311,310,0.9183758584388075,1.2532654558004803,0.46924469455144435,65.38296671189863,0.8056398364390845,1.0,1,False,0.456,False,0.0,False,False,False,,,1.0,1.3162829318297558,0.6999667404201758,0.9213542732635867,20.3847812172341,3.192868678791686,False,False,False,1.0965735902799727,0.2533816729255651,0.1862749880738174,0.07692630938749252,0.1529832547466629,0.32911043221225766,0.0013233426542044566,0.4,0.4
216,1835086211,BASELINE,0.01888362059109545,0.989854650381527,0.989854650381527,0.8193634398663758,0.7390294950705476,0.9343589032373196,0.7655795250263044,0.965320350025238,0.965320350025238,0.9591676884865327,0.006152661538705306,308,311,0.9265382725949268,1.2490180954086785,0.3174947314016282,64.85143478716685,0.7991118920477608,1.0,1,False,0.656,False,0.0,False,False,False,,,1.0,1.3001848940017067,0.6905187884741469,0.8978020977984457,19.19047070554787,3.178479829506504,False,False,False,1.0965735902799727,0.1527940129579056,0.21842410243083593,0.053698730457815605,0.2992623042651725,0.20799807385018126,0.06782277603808913,0.4,0.6
217,1835086211,BASELINE,0.0004118859934195202,0.9903135333835761,0.9903135333835761,0.8213429543500709,0.741357687888333,0.9409230129135877,0.772820487242416,0.9592883471990387,0.9592883471990387,0.965320350025238,-0.006032002826199312,309,308,0.9108751010042897,1.2566829818090814,0.3599696050223278,64.79206673836778,0.7984844273950117,1.0,1,False,0.95,False,0.0,False,False,False,,,1.0,1.3159653281452524,0.6975605093345415,0.9179654445675993,20.183437765449153,3.20631851794655,False,False,False,1.0965735902799727,0.17849584464140927,0.21660185893110936,0.0318628869130156,0.16813934394934316,0.3343512488874426,0.07054881667768004,1.0,0.6
218,1835086211,BASELINE,0.0035501083578661813,0.9892479427854574,0.9892479427854574,0.8214077417936538,0.749657198385934,0.932832636454288,0.7662359493813372,0.9783633866189795,0.9783633866189795,0.9592883471990387,0.01907503941994082,300,309,0.9128718360170899,1.2188638781361303,0.47084881307984505,63.15167551250923,0.7780929182787453,1.0,1,False,0.8560000000000001,False,0.0,False,False,False,,,1.0,1.2667067310267572,0.6993047008072861,0.885813971551242,16.60178578242051,3.2027165233803383,False,False,False,1.0965735902799727,0.2545924361502213,0.18112980233367698,0.04023253637444598,0.24129202324195068,0.2300096241602954,0.052743577739409575,0.4,0.8
219,1835086211,BASELINE,0.0709082475261959,0.9905405895707473,0.9905405895707473,0.8139246166147727,0.7430640172976419,0.9284581303498904,0.7556949277879033,0.9832857016425465,0.9832857016425465,0.9783633866189795,0.004922315023566992,305,300,0.9191462368538802,1.2294936886518055,0.16810784126659706,63.26712260423062,0.7796496208144973,1.0,1,False,0.326,False,0.0,False,False,False,,,1.0,1.2542976534908188,0.6899038282304473,0.8653447528837829,15.861000140441961,3.191499720259959,False,False,False,1.0965735902799727,0.0736209853875573,0.27832146556948933,0.03300567924831372,0.2616435656295422,0.24454378770515597,0.10886451645994145,0.6,0.2
220,1835086211,BASELINE,0.0689896302599764,0.9864352473199082,0.9864352473199082,0.8199043343899187,0.738348429701335,0.9328875097273684,0.7648785127236869,0.965314644638297,0.965314644638297,0.9832857016425465,-0.017971057004249502,292,305,0.9272316131684921,1.180822500913973,0.20739113584268276,61.21907442115399,0.7541599829634572,1.0,1,False,0.35,False,0.0,False,False,False,,,1.0,1.300199730202183,0.6887960278951913,0.8955724096336631,18.111845648254782,3.1772692696144524,False,False,False,1.0965735902799727,0.09297016585718908,0.22717916511610353,0.0005359914447574264,0.28500613567358163,0.28637596206233523,0.10793257984603305,1.0,0.0
221,1835086211,BASELINE,0.1029652428554839,0.990808170229589,0.990808170229589,0.8238904159682578,0.7354485103887982,0.9395987587546316,0.7741264121936122,0.9500367108064252,0.9500367108064252,0.965314644638297,-0.015277933831871815,291,292,0.9302821739877342,1.1877417522746225,0.24557313928232916,61.96062027499293,0.7635393598465453,1.0,1,False,0.21400000000000002,False,0.0,False,False,False,,,1.0,1.340541663726895,0.6910265074892576,0.9263498240290351,20.801312228029243,3.1719644817936783,False,False,False,1.0965735902799727,0.11271877715662507,0.2761315163487054,0.03433631259955612,0.2535169188004146,0.3078928875090424,0.015403587585656478,0.2,0.2
222,1835086211,BASELINE,0.018985110945539698,0.9900500502531336,0.9900500502531336,0.8108076808947713,0.741891034453963,0.9456388828791684,0.7667312695911808,0.9676024232708514,0.9676024232708514,0.9500367108064252,0.017565712464426286,290,291,0.9337433292486081,1.1639732685624677,0.43403168025016814,61.868234655583656,0.7624931786861034,1.0,1,False,0.656,False,0.0,False,False,False,,,1.0,1.2942641814575682,0.7015610090391162,0.9080052851065573,17.949927647400475,3.165987662448147,False,False,False,1.0965735902799727,0.22768686980755862,0.15136149413163924,0.011750011212257713,0.2567698757256702,0.319110191201415,0.03332155792145935,0.4,0.6
223,1835086211,BASELINE,0.053647985090098334,0.9883831415799941,0.9883831415799941,0.806354546052456,0.7371708559776644,0.9477540192305124,0.7642257619460106,0.964598280618735,0.964598280618735,0.9676024232708514,-0.0030041426521164594,294,290,0.9403689963237474,1.1715712419983157,0.20582319321207965,62.43739425567732,0.7697165006793102,1.0,1,False,0.42400000000000004,False,0.0,False,False,False,,,1.0,1.3020638979158987,0.6986566416124287,0.90969559008271,18.600239668364154,3.154669001402773,False,False,False,1.0965735902799727,0.09217966557999525,0.2512906970657977,0.042358452914359884,0.28750353847747934,0.2833951231963042,0.04327252276606363,0.8,0.2
224,1835086211,BASELINE,0.09804299573717772,0.9918875555893212,0.9918875555893212,0.804998983748065,0.7310026736041755,0.9529786173074611,0.7671468184661424,0.9528849706575924,0.9528849706575924,0.964598280618735,-0.011713309961142615,295,294,0.937234088832628,1.17774099950659,0.16291006353682713,62.36775295361238,0.7689533472519215,1.0,1,False,0.22400000000000003,False,0.0,False,False,False,,,1.0,1.332926950999868,0.6966299171393645,0.9285567914278638,20.48036342073453,3.160004433662,False,False,False,1.0965735902799727,0.07112950531742845,0.16035354633641213,0.0039736274064597005,0.23137269155116075,0.3447258934638495,0.18844473592468944,0.8,0.0
225,1835086211,BASELINE,0.055275867350177955,0.9920964398403157,0.9920964398403157,0.8086845893691674,0.7339753686039611,0.933751746081499,0.7551106473526601,0.9720103552733668,0.9720103552733668,0.9528849706575924,0.0191253846157744,290,295,0.9352848761882863,1.163324997996974,0.3648146267094221,60.49823385761059,0.7456892545124695,1.0,1,False,0.41400000000000003,False,0.0,False,False,False,,,1.0,1.2829042717306276,0.6853507820147605,0.8792394458806625,16.876666059030793,3.16333991481474,False,False,False,1.0965735902799727,0.18153535849992933,0.263699634677625,0.04088461321880474,0.235337255631459,0.18035495252392023,0.09818818544826179,0.2,0.4
226,1835086211,BASELINE,0.010272842334665858,0.9897540371000649,0.9897540371000649,0.8049214167482421,0.7247637763889364,0.9368673060061129,0.7541045592555493,0.9610918903665321,0.9610918903665321,0.9720103552733668,-0.01091846490683468,286,290,0.9417563885694576,1.1392441371380733,0.07478048556768857,59.11452163537615,0.7285006440564471,1.0,1,False,0.75,False,0.0,False,False,False,,,1.0,1.311227078368269,0.6790074866763197,0.890333002944772,18.13822775267174,3.1523190783334596,False,False,False,1.0965735902799727,0.031089702689667115,0.1739887574294991,0.12621532676349104,0.36926521464299444,0.28245367266381877,0.01698732581052963,1.0,0.4
227,1835086211,BASELINE,0.05431359312409324,0.9910043911855698,0.9910043911855698,0.8063432575143445,0.7385255875694896,0.9172735145372243,0.7396373137435769,0.9984969306531326,0.9984969306531326,0.9610918903665321,0.03740504028660052,283,286,0.9475807497125119,1.130711938234423,0.5878405841283438,58.89251428712293,0.7258261444696791,1.0,1,False,0.4,False,0.0,False,False,False,,,1.0,1.216713436630578,0.6774299612855343,0.824238136272242,12.5836862894678,3.1425290319249477,False,False,False,1.0965735902799727,0.3545380290976266,0.17757447231397497,0.014737812392935026,0.27622887279631975,0.17046469565861325,0.006456117740530421,0.0,0.4
228,1835086211,BASELINE,0.02285108929143918,0.9893042224282054,0.9893042224282054,0.8059654578464609,0.7489254244434713,0.9059367335493602,0.7301537142350374,1.025709257985629,1.025709257985629,0.9984969306531326,0.027212327332496455,287,283,0.9389406764747072,1.1441901188805572,0.5022668220985276,59.13084205857579,0.7289081238643723,1.0,1,False,0.6240000000000001,False,0.0,False,False,False,,,1.0,1.1522639561021883,0.6784790526923866,0.7817869573877945,8.878902527538234,3.1570955012852853,False,False,False,1.0965735902799727,0.27907645315570206,0.19134083219635606,0.001097207525882097,0.2096272806065751,0.20195285232929178,0.11690537418619278,0.8,0.4
229,1835086211,BASELINE,0.050234143905034466,0.9898416819968899,0.9898416819968899,0.7957889987232687,0.7494922002147135,0.9153430601944242,0.7284199373604135,1.028928728846522,1.028928728846522,1.025709257985629,0.0032194708608930256,286,287,0.9450466088272366,1.1264183230455314,0.33412793303925326,59.23438358223143,0.7303044471122148,1.0,1,False,0.42400000000000004,False,0.0,False,False,False,,,1.0,1.1448684308702208,0.686042484136388,0.785428382323535,8.463829901516934,3.1467737862295744,False,False,False,1.0965735902799727,0.162663087417697,0.14555081506848408,0.016146674265073883,0.29372153346444907,0.34541046204322123,0.036507427741074794,0.8,0.2
230,1835086211,BASELINE,0.003136755133567904,0.9875876738665785,0.9875876738665785,0.7961691901419705,0.7415416168819028,0.9206477980844031,0.7329914118068476,1.0116648093515566,1.0116648093515566,1.028928728846522,-0.01726391949496553,290,286,0.950541947944513,1.1401159738199922,0.13183703451107542,59.99063734127413,0.739859689936083,1.0,1,False,0.8560000000000001,False,0.0,False,False,False,,,1.0,1.1850886262286546,0.6826986567702719,0.8090584132800293,10.955130995075272,3.1375976206495375,False,False,False,1.0965735902799727,0.05655033347406236,0.17581765320378542,0.03882422927301726,0.2856186973821862,0.2841952195471065,0.15899386711984212,0.4,0.8
231,1835086211,BASELINE,0.0567690351520153,0.9850283292761394,0.9850283292761394,0.7928135113538187,0.7373732048303222,0.9247397509199434,0.7331461690152961,1.0057656112705378,1.0057656112705378,1.0116648093515566,-0.005899198081018797,285,290,0.9554877531500616,1.1128448701358722,0.21897326639951908,58.797775008483065,0.7250477874550666,1.0,1,False,0.4,False,0.0,False,False,False,,,1.0,1.1991535801214301,0.6818783137698325,0.8176768211642585,11.551641898363174,3.1294293173705316,False,False,False,1.0965735902799727,0.09885835990643178,0.16669347321904077,0.07821734414479861,0.28911082659857523,0.280783663219903,0.08633633291125062,0.0,0.4
232,1835086211,BASELINE,0.0,1.0,1.0,0.7921051108791954,0.7343919574393577,0.9296974659302828,0.7364181143348136,0.997248632460262,0.997248632460262,1.0057656112705378,-0.0085169788102758,295,285,0.9504394811533808,1.1683550385468133,0.24249993181069962,61.43997200198411,0.7581739590910488,1.0,1,False,1.0,False,0.0,False,False,False,,,1.0,1.2197548740400033,0.682762341830951,0.8328026942592692,13.32896488805738,3.137767749763109,False,False,False,1.0965735902799727,0.11109266063189539,0.19600447857576903,0.1567893779537784,0.22954774235602418,0.28715845051166883,0.019407289970864106,0.2,1.0
233,1835086211,BASELINE,0.011506551941449856,0.9905843906278026,0.9905843906278026,0.7954220797291245,0.7340383906408974,0.9367277193372545,0.7450939106551586,0.9851622461864704,0.9851622461864704,0.997248632460262,-0.01208638627379155,295,295,0.9392350218986568,1.162200726807052,0.29895869523195007,60.823348759562606,0.7505637181587242,1.0,1,False,0.726,False,0.0,False,False,False,,,1.0,1.2495989854298284,0.6875941075710366,0.8592168992082956,14.98716714902284,3.156594849100614,False,False,False,1.0965735902799727,0.14207538841884487,0.2293018844962887,0.041568380653316306,0.19927040391188208,0.300021562095462,0.087762380424206,0.6,0.6
234,1835086211,BASELINE,0.0,1.0,1.0,0.7951078297310029,0.7407950295762192,0.9157064715278217,0.7280853852471207,1.0174562552505908,1.0174562552505908,0.9851622461864704,0.03229400906412039,304,295,0.9453115197087911,1.2085639011911244,0.43832391255492764,62.770129744470005,0.7749950196471063,1.0,1,False,1.0,False,0.0,False,False,False,,,1.0,1.171441064598009,0.678350802658588,0.7946479864372902,10.629261961161236,3.146328988175527,False,False,False,1.0965735902799727,0.23073198084208382,0.20017735484099414,0.03508789596701556,0.34953570169618625,0.16325762062146318,0.021209446032257086,0.8,1.0
235,1835086211,BASELINE,0.0189442216937775,0.9900073295296523,0.9900073295296523,0.7972930766928272,0.7358628073594117,0.9241358243750395,0.7368070946980375,0.9987184062892163,0.9987184062892163,1.0174562552505908,-0.018737848961374537,301,304,0.9485213453002774,1.187935614512265,0.19917296329955025,62.06310538062352,0.7662538514394195,1.0,1,False,0.656,False,0.0,False,False,False,,,1.0,1.216174611211472,0.6800371821060208,0.8270439555571348,13.251536958375548,3.1409592806000504,False,False,False,1.0965735902799727,0.08884411577504189,0.1654634663000421,0.09379559878733365,0.26245898891984254,0.3271664038402486,0.062271426377491175,0.4,0.6
236,1835086211,BASELINE,0.0,1.0,1.0,0.7960321655536546,0.7288116419584874,0.9317222419375355,0.7416808739440425,0.9826485589184466,0.9826485589184466,0.9987184062892163,-0.016069847370769663,297,301,0.9536692107702497,1.1821077658471772,0.1377299011968125,61.99676198531728,0.7655200968374614,1.0,1,False,1.0,False,0.0,False,False,False,,,1.0,1.2558970055374736,0.6790500169957383,0.8528168829551183,15.671491573130304,3.1324229037827873,False,False,False,1.0965735902799727,0.0592746870880788,0.15354813310362914,0.17815308912878372,0.27274755056401984,0.32040716106282413,0.01586937905266458,1.0,0.8
237,1835086211,BASELINE,0.006385857924015339,0.9917195274115465,0.9917195274115465,0.7902234821948838,0.7324320563788318,0.92953342541932,0.7345391402513934,0.997131420564137,0.997131420564137,0.9826485589184466,0.014482861645690348,294,297,0.9583022896932247,1.1520096857183706,0.3754076869440862,60.87633367340218,0.7516073379844206,1.0,1,False,0.8,False,0.0,False,False,False,,,1.0,1.2200408471213287,0.680820078252732,0.8306283050086725,13.230723673622158,3.124818578781369,False,False,False,1.0965735902799727,0.18826245647836007,0.15074908677537108,0.07006064214325958,0.33135624308935213,0.2549170383776904,0.004654533135966636,0.0,0.8
238,1835086211,BASELINE,0.0,1.0,1.0,0.8004596351327232,0.7236633177439621,0.9332656610230102,0.7470414905043785,0.968705656837571,0.968705656837571,0.997131420564137,-0.02842576372656591,288,294,0.9624720607239022,1.1526618745911215,0.08529347764658801,60.68081123611418,0.7492588916028736,1.0,1,False,1.0,False,0.0,False,False,False,,,1.0,1.291411578324048,0.6753701245924235,0.8721807985528106,17.46732958082124,3.118037281093226,False,False,False,1.0965735902799727,0.03566080230089859,0.22252821624047173,0.1055490066865611,0.3142370484558532,0.28342789072811103,0.038597035588104275,0.8,0.8
239,1835086211,BASELINE,0.0,1.0,1.0,0.8068258519720981,0.7125385077977203,0.9399390949207092,0.758367161061284,0.9395693067729495,0.9395693067729495,0.968705656837571,-0.029136350064621563,292,288,0.966224854651512,1.1779657438792632,0.05,61.71555305074856,0.7622877126671926,1.0,1,False,1.0,False,0.0,False,False,False,,,1.0,1.3689014638952106,0.6697428001155419,0.9168118995114427,22.4965414664847,3.1119841561261774,False,False,False,1.0965735902799727,0.0007294492619542148,0.27607982264848635,0.04941970939414044,0.34934227386123,0.3012523208685218,0.023176423965667145,0.8,0.8
240,1835086211,BASELINE,0.03343231019988649,0.9921146148854222,0.9921146148854222,0.8020236540805054,0.7025648381980124,0.9459451854286383,0.7586704141773377,0.9260474971333063,0.9260474971333063,0.9395693067729495,-0.013521809639643223,295,292,0.9611676487090406,1.1736565983281926,0.05,60.701948955112655,0.7497087353567523,1.0,1,False,0.55,False,0.0,False,False,False,,,1.0,1.4064266351399974,0.6645878261448601,0.9346940200799212,24.375929718232005,3.1201523220092766,False,False,False,1.0965735902799727,0.008165697377226156,0.21530301684019348,0.07256594810607025,0.2343876341939991,0.4477857618412412,0.021791941641269894,1.0,0.2
241,1835086211,BASELINE,0.0571716737871656,0.9873400932152506,0.9873400932152506,0.8044390446550377,0.711651931481265,0.9485033112011493,0.7630130975147924,0.9326863900491149,0.9326863900491149,0.9260474971333063,0.0066388929158086585,290,295,0.940646524961469,1.1516696359367533,0.4514513050358713,59.21775905027279,0.73124154211037,1.0,1,False,0.41400000000000003,False,0.0,False,False,False,,,1.0,1.3878758328216,0.6750042134326733,0.9368220348759605,22.690440559914716,3.154198377148476,False,False,False,1.0965735902799727,0.2401916899144159,0.24802746102363485,0.020598825819260456,0.16179836874242062,0.2857632215768742,0.043620432923393924,0.2,0.4
242,1835086211,BASELINE,0.0,1.0,1.0,0.7992955312832462,0.7086600588101676,0.9464382534024268,0.7564838665800803,0.9367814571034871,0.9367814571034871,0.9326863900491149,0.004095067054372237,297,290,0.9465818724653221,1.1869538639556205,0.2111744789680594,60.99664083991764,0.7535676792465883,1.0,1,False,1.0,False,0.0,False,False,False,,,1.0,1.376555364979145,0.6707029883163561,0.9232597968744248,22.70074170013974,3.1441994645638216,False,False,False,1.0965735902799727,0.09488404878707248,0.252648118612016,0.0542191819910105,0.27601328081059323,0.2639263666069625,0.05830900319234538,0.2,1.0
243,1835086211,BASELINE,0.01150596438263225,0.9893245429191171,0.9893245429191171,0.7976141271699735,0.7156713873710334,0.9517944280621842,0.7591646819840632,0.9427090120955564,0.9427090120955564,0.9367814571034871,0.005927554992069206,297,297,0.9448691579898381,1.171812359205573,0.42023669839470545,61.04020604733065,0.7542000552240643,1.0,1,False,0.726,False,0.0,False,False,False,,,1.0,1.3603325016438441,0.6811720388232826,0.9266204636223138,21.74099027570609,3.1470718741731623,False,False,False,1.0965735902799727,0.2180541437671777,0.17381778757512636,0.027457368669017605,0.2406612398684007,0.3097581862341698,0.030251273886107714,0.6,0.6
244,1835086211,BASELINE,0.01834761530285684,0.9925444798797852,0.9925444798797852,0.7994768339510089,0.7136070717140124,0.9559885520580136,0.76429070089275,0.9336854038397494,0.9336854038397494,0.9427090120955564,-0.009023608255806947,300,297,0.9309769872453875,1.1902744774947622,0.238508811903965,61.173825054975865,0.7559584118209243,1.0,1,False,0.656,False,0.0,False,False,False,,,1.0,1.3851055870635562,0.6822001912262378,0.9449192963632884,23.28985335503922,3.1707610936987924,False,False,False,1.0965735902799727,0.10899067139413265,0.26483542802296783,0.04619041846407932,0.18452156842969633,0.29686783401023925,0.09859407967888459,0.4,0.6
245,1835086211,BASELINE,0.050624227753281736,0.989918516688577,0.989918516688577,0.7989227032836033,0.7079237521192601,0.959991820162696,0.7669592600945279,0.9230265399390423,0.9230265399390423,0.9336854038397494,-0.010658863900707138,302,300,0.9344233624852758,1.1942112498488324,0.14457538895634425,61.3594320203001,0.7583660152781632,1.0,1,False,0.42400000000000004,False,0.0,False,False,False,,,1.0,1.4149498668532479,0.6796010113333737,0.9616013604994897,25.17462897306531,3.1648185663848634,False,False,False,1.0965735902799727,0.062462924886853496,0.19577687234728947,0.03329058331928019,0.2570185180201228,0.2980106165524188,0.1534404848740352,0.8,0.2
246,1835086211,BASELINE,0.004834337603509041,0.9884594182387928,0.9884594182387928,0.794614373122361,0.7082718741253156,0.9625034998076787,0.7648191151277571,0.926064555809388,0.926064555809388,0.9230265399390423,0.0030380158703456894,311,302,0.9409810262367482,1.221365514825007,0.28520513201592135,63.361888836095844,0.7834816575343033,1.0,1,False,0.8240000000000001,False,0.0,False,False,False,,,1.0,1.406378652405721,0.6817141576609599,0.958748238377122,25.47116801797383,3.153631509444153,False,False,False,1.0965735902799727,0.13430387015023104,0.20159446726074828,0.0013619959019305623,0.3095433968797377,0.29255430830626106,0.06064196150109152,0.8,0.6
247,1835086211,BASELINE,0.005226554639747904,0.9905193202569496,0.9905193202569496,0.7927552504205739,0.7228582804190498,0.9396284185936536,0.7448953622844998,0.9704158691525946,0.9704158691525946,0.926064555809388,0.04435131334320663,313,311,0.9262765908903877,1.2288996481305585,0.5558282313259373,62.52897490524853,0.7731547209280695,1.0,1,False,0.8140000000000001,False,0.0,False,False,False,,,1.0,1.2870019480571409,0.6792181828974796,0.8741551245448876,17.751729706913412,3.1789371920211598,False,False,False,1.0965735902799727,0.3246175699921571,0.20705340025935184,0.11612775990342691,0.1790621239877926,0.166876343833714,0.006262802023557582,0.2,0.8
248,1835086211,BASELINE,0.06468600308917465,0.9915435593717463,0.9915435593717463,0.7934008145436431,0.7242110146798496,0.9418464852380137,0.7472617685629074,0.9691530400017818,0.9691530400017818,0.9704158691525946,-0.001262829150812772,316,313,0.9238235781354087,1.2429725189044538,0.32327413133580807,63.32917058641272,0.7832417270267519,1.0,1,False,0.35,False,0.0,False,False,False,,,1.0,1.2902565835299138,0.6820955987468719,0.8800783368799299,18.18725285990313,3.1832371215164126,False,False,False,1.0965735902799727,0.1561956035219038,0.19608132771057074,0.11779150411342625,0.22806657424572607,0.280904542518627,0.02096044788974612,1.0,0.0
249,1835086211,BASELINE,0.0,1.0,1.0,0.7903208770000355,0.7270818575731778,0.9268982892639992,0.7325470688609564,0.992539440098673,0.992539440098673,0.9691530400017818,0.02338640009689119,318,316,0.919303683602111,1.2566101944300565,0.3559916266421006,62.94551891269391,0.7785293103440487,1.0,1,False,1.0,False,0.0,False,False,False,,,1.0,1.2312972647266178,0.6739309299394692,0.8298093106491344,14.405711820894544,3.191220220563352,False,False,False,1.0965735902799727,0.17601742034150827,0.2016754813195459,0.06123508236134682,0.21755665127383245,0.19618226274893424,0.14733310195483237,1.0,1.0
250,1835086211,BASELINE,0.05233833269131429,0.9884638056756946,0.9884638056756946,0.7946229420163315,0.7254775702033,0.9342084603375993,0.7423434752100105,0.9772801869081705,0.9772801869081705,0.992539440098673,-0.015259253190502475,319,318,0.9223255381191783,1.2528023476615744,0.2626417570181593,63.30705301620425,0.783131293070227,1.0,1,False,0.42400000000000004,False,0.0,False,False,False,,,1.0,1.2694538984126942,0.6777472838690874,0.860368931646228,16.881387613714402,3.185874311377824,False,False,False,1.0965735902799727,0.1218725688597636,0.18156254725858548,0.0481354695755699,0.2497828312603564,0.3362095878314201,0.062436995214304555,0.8,0.2
251,1835086211,BASELINE,0.0,1.0,1.0,0.7919347953589733,0.7355062823805749,0.9399389149023056,0.7443703322230928,0.9880918818781439,0.9880918818781439,0.9772801869081705,0.010811694969973362,324,319,0.9177780588938886,1.2829343684815369,0.48608940018853664,65.77061226343739,0.8140069774465163,1.0,1,False,1.0,False,0.0,False,False,False,,,1.0,1.2422986540508738,0.6913309769646264,0.858839542186831,15.778601567635299,3.1939325491518273,False,False,False,1.0965735902799727,0.2662823835929991,0.19137202298802888,0.016323771734676328,0.21675033903012828,0.295756502992331,0.01351497966183648,1.0,0.8
252,1835086211,BASELINE,0.050504816112910474,0.9894857077572926,0.9894857077572926,0.7960821896342837,0.7487309682615462,0.9328605706251074,0.7426336856867228,1.0082103501259643,1.0082103501259643,0.9880918818781439,0.020118468247820376,317,324,0.9129677127509511,1.248523438916558,0.6088581933710528,64.33556033884881,0.7961495468320061,1.0,1,False,0.42400000000000004,False,0.0,False,False,False,,,1.0,1.193304656163709,0.6984615982971552,0.8334774773995414,12.311937792685335,3.20254396372579,False,False,False,1.0965735902799727,0.37547404317909144,0.16757887987976605,0.00874855659440006,0.21348845339296085,0.23457773606516147,0.00013233088862012112,0.8,0.2
253,1835086211,BASELINE,0.0,1.0,1.0,0.8002692188238918,0.7496823268521142,0.9174330147755323,0.7341934020576633,1.0210965186435093,1.0210965186435093,1.0082103501259643,0.012886168517544982,315,317,0.919100315861636,1.2604240196476295,0.34188269854986775,64.37850446072054,0.7967667893703505,1.0,1,False,1.0,False,0.0,False,False,False,,,1.0,1.1629433280842625,0.6877833172478711,0.7998530199610734,10.386208705695834,3.191581257309795,False,False,False,1.0965735902799727,0.16734883754556767,0.24541891178985648,0.09722542678702377,0.2610426108444546,0.18929250606467798,0.039671706968419325,1.0,0.8
254,1835086211,BASELINE,0.018574291454927738,0.9894528131419572,0.9894528131419572,0.7972533764703964,0.7621982105095085,0.8968672618073683,0.7150304527216834,1.0659660824350716,1.0659660824350716,1.0210965186435093,0.04486956379156237,323,315,0.9254350123022382,1.2739840227589254,0.5592769924711996,65.10653528345887,0.8059461108119177,1.0,1,False,0.656,False,0.0,False,False,False,,,1.0,1.0631274787020168,0.683590622014139,0.7267439744462351,4.070182375548151,3.1804098412747313,False,False,False,1.0965735902799727,0.3277354806859934,0.17528611360267088,0.03791350073944501,0.2647487637580265,0.15588774254694623,0.038428398666918016,0.4,0.6
255,1835086211,BASELINE,0.054532041442637534,0.9911239095845096,0.9911239095845096,0.7976707610801529,0.7567428917074029,0.9071805356266315,0.7236313882903959,1.0457574173160649,1.0457574173160649,1.0659660824350716,-0.020208665119006763,319,323,0.9266764270820503,1.2609919484364047,0.2127473015813004,64.8004753567351,0.8021997139046588,1.0,1,False,0.41400000000000003,False,0.0,False,False,False,,,1.0,1.106976412518156,0.6865024218307678,0.7599419881032492,6.865299370960825,3.1782384697966912,False,False,False,1.0965735902799727,0.09568239654212238,0.2179235250473465,0.04716374606850356,0.24447689095470893,0.30593899846546674,0.08881444292185173,0.2,0.4
256,1835086211,BASELINE,0.0,1.0,1.0,0.7980359810376764,0.7518410481105176,0.9164624820639683,0.7313700359581429,1.0279899519339157,1.0279899519339157,1.0457574173160649,-0.017767465382149128,316,319,0.9271414688438403,1.2608968500395288,0.219623010267459,65.05839675156379,0.8055013821834002,1.0,1,False,1.0,False,0.0,False,False,False,,,1.0,1.1470200021853816,0.6890341130689404,0.7903359098781384,9.473963099794947,3.1774265575498757,False,False,False,1.0965735902799727,0.09919126235605918,0.18025394138211218,0.01840432564637789,0.24151220213634098,0.3987553521717967,0.06188291630731312,0.0,1.0
257,1835086211,BASELINE,0.005289634636165918,0.991764558099066,0.991764558099066,0.7881927251767537,0.7435417171602,0.9248162338575715,0.7289334276519012,1.0200406360226286,1.0200406360226286,1.0279899519339157,-0.007949315911287114,312,316,0.9344273219594563,1.2194545112596418,0.125538967684106,63.296806347668266,0.7835593868467777,1.0,1,False,0.8140000000000001,False,0.0,False,False,False,,,1.0,1.165401786312331,0.6876394505800878,0.8013762440448641,10.368132276667103,3.164811764338969,False,False,False,1.0965735902799727,0.05365901819010383,0.15493129622453716,0.05071019524655201,0.3159053364083765,0.3192933894913044,0.10550076443912622,0.2,0.8
258,1835086211,BASELINE,0.0,1.0,1.0,0.79468152083154,0.7521284766928424,0.9295889721436047,0.7387271781313078,1.0181410660907788,1.0181410660907788,1.0200406360226286,-0.0018995699318498094,304,312,0.9266769956394068,1.2079159116639409,0.4773640661276928,63.21529012010819,0.7826148407139601,1.0,1,False,1.0,False,0.0,False,False,False,,,1.0,1.169837731749004,0.6991703375688345,0.8179158418077108,10.633387351327523,3.1782374766599597,False,False,False,1.0965735902799727,0.25954806738315556,0.17876192788806947,0.05231989977334367,0.20769275398134565,0.28627180835895166,0.015405542615134094,1.0,1.0
259,1835086211,BASELINE,0.11648677372545632,0.9872803506042145,0.9872803506042145,0.7899344071683607,0.7548367255122291,0.9366095585301953,0.7398601163657699,1.020242487485371,1.020242487485371,1.0181410660907788,0.00210142139459224,316,304,0.9286523187407502,1.2322210151723483,0.380339493105165,65.32077655207908,0.8090090248321506,1.0,1,False,0.126,False,0.0,False,False,False,,,1.0,1.1649314051553443,0.7069872922443872,0.823591699781226,10.674462337822193,3.174794390644298,False,False,False,1.0965735902799727,0.1914334081753602,0.16606602797447473,0.009127028604742063,0.24837737575129124,0.29989741800475567,0.0850987414893762,0.6,0.0
260,1835086211,BASELINE,0.005442229752314015,0.9889332893748559,0.9889332893748559,0.7888730113598484,0.7578854368796505,0.9334909428252579,0.7364058111437053,1.0291681915200879,1.0291681915200879,1.020242487485371,0.00892570403471682,314,316,0.9239406247987151,1.2248241677763345,0.3894863419936051,64.64442969547962,0.8006293020588284,1.0,1,False,0.8140000000000001,False,0.0,False,False,False,,,1.0,1.144320255637531,0.7074791910263174,0.8095827687334691,9.243747301593359,3.1830314296156867,False,False,False,1.0965735902799727,0.19738184553791072,0.16631781738510384,0.08720295268420547,0.2188797178729088,0.2527117007404103,0.07750596577946095,0.2,0.8
261,1835086211,BASELINE,0.11322161216029607,0.9945277944982548,0.9945277944982548,0.7858998961550031,0.7489926303317058,0.9401418485427321,0.7388573811407058,1.013717463545336,1.013717463545336,1.0291681915200879,-0.015450727974751777,317,314,0.9222903090710851,1.2388348753148166,0.11754350646568301,64.95187396477898,0.8045480706074284,1.0,1,False,0.126,False,0.0,False,False,False,,,1.0,1.180233444778883,0.7041593160249331,0.8310723752252488,11.60047332134231,3.1859364326424577,False,False,False,1.0965735902799727,0.05001831620047274,0.20088180424812707,0.14326805644005752,0.2306533943283705,0.31452403767242504,0.06065439111054721,0.6,0.0
262,1835086211,BASELINE,0.0,1.0,1.0,0.7901744649250467,0.7522722080086269,0.9349589597459962,0.7387806957441708,1.018261863557312,1.018261863557312,1.013717463545336,0.004544400011975869,311,317,0.9300612781639765,1.2287212929584477,0.3883149709072635,64.88402639997248,0.803771333863041,1.0,1,False,1.0,False,0.0,False,False,False,,,1.0,1.1695551390183643,0.7033436410455695,0.8225991698807334,10.902667477184263,3.1723474409887595,False,False,False,1.0965735902799727,0.1966151149188305,0.16750291659763816,0.016926635582362567,0.30406654675340866,0.24415648028768658,0.07073230586007366,0.6,1.0
263,1835086211,BASELINE,0.0,1.0,1.0,0.7899166731390027,0.7512934312452851,0.9414630637713965,0.7436773712175543,1.0102410807730533,1.0102410807730533,1.018261863557312,-0.008020782784258662,314,311,0.9281405453461804,1.2401691768282344,0.3048228342532401,65.70897502733114,0.8141558654266176,1.0,1,False,1.0,False,0.0,False,False,False,,,1.0,1.1884679242389669,0.7073150155715112,0.8406212083393264,12.27535850360475,3.175685030388167,False,False,False,1.0965735902799727,0.1454354204636193,0.16583475379798107,0.0427578784164149,0.23220634090273384,0.3547808130461748,0.05898479337307607,0.8,0.8
264,1835086211,BASELINE,0.04992150581884769,0.9891912852756144,0.9891912852756144,0.7877475732778801,0.7417505355687279,0.9439661047144354,0.7436070082453698,0.9975034222969167,0.9975034222969167,1.0102410807730533,-0.012737658476136615,320,314,0.9353264908115624,1.2467728551735882,0.09010902689919809,65.89187574102247,0.8165162679088511,1.0,1,False,0.42400000000000004,False,0.0,False,False,False,,,1.0,1.2191334700906298,0.7001873637306584,0.8536218504585675,14.314014840547907,3.1632685588832365,False,False,False,1.0965735902799727,0.03777219857133793,0.170569776781446,0.06882221967684454,0.28915373104904185,0.28324673660089295,0.1504353373204369,0.8,0.2
265,1835086211,BASELINE,0.005399928705726621,0.9904875445784179,0.9904875445784179,0.7864853238081317,0.7318124341314569,0.9495694942429919,0.7468224711580234,0.9799014657348327,0.9799014657348327,0.9975034222969167,-0.017601956562083965,323,320,0.92683591771377,1.2580913263194706,0.06496334000512483,65.38815264649175,0.810292020639287,1.0,1,False,0.8140000000000001,False,0.0,False,False,False,,,1.0,1.2628161278124863,0.6949067629589404,0.8775394675905184,17.036515808629165,3.1779599247332033,False,False,False,1.0965735902799727,0.02686781676456661,0.2858644089128787,0.020421479711750245,0.2047367090152906,0.38905727357162434,0.07305231202388959,0.2,0.8
266,1835086211,BASELINE,0.009013425484959668,0.99366642817076,0.99366642817076,0.7873809176618565,0.7308722576160999,0.9515286098027738,0.7492154699680186,0.9755167730950594,0.9755167730950594,0.9799014657348327,-0.004384692639773369,311,323,0.9341523259423931,1.2166226452177662,0.28310537250172396,63.79000401287535,0.7903817857203189,1.0,1,False,0.75,False,0.0,False,False,False,,,1.0,1.2739389478410015,0.6954458632328623,0.8859555712872496,17.32127454338355,3.1652843215937185,False,False,False,1.0965735902799727,0.13313056489019742,0.15600985450472277,0.04219312284380558,0.3002828616382911,0.2845803249204055,0.08380327120257756,1.0,0.4
267,1835086211,BASELINE,0.004817191349806548,0.9838690499576532,0.9838690499576532,0.7923472169807754,0.7290283083870611,0.950384269954237,0.7530343313605457,0.9681209448577044,0.9681209448577044,0.9755167730950594,-0.007395828237354962,303,311,0.9407370933481538,1.1810423439653108,0.26148546034788755,62.13781300646979,0.7697990473683174,1.0,1,False,0.8240000000000001,False,0.0,False,False,False,,,1.0,1.2929226693464326,0.6928570366424094,0.895810569291163,18.039290015462264,3.1540448542480735,False,False,False,1.0965735902799727,0.1212457956470784,0.176216773232027,0.06790256026114164,0.29592981980267097,0.2700426056587027,0.06866244539837939,0.8,0.6
268,1835086211,BASELINE,0.0,1.0,1.0,0.8007183415213841,0.7251657798354799,0.9464578705017834,0.757846176388049,0.9568772693314542,0.9568772693314542,0.9681209448577044,-0.011243675526250163,299,303,0.9446240105620911,1.1970739205744694,0.211129193285581,62.6364770843919,0.7761015281423136,1.0,1,False,1.0,False,0.0,False,False,False,,,1.0,1.3223264427158623,0.6863388597438534,0.9075640229027508,20.012595526744956,3.1474838653793396,False,False,False,1.0965735902799727,0.0948610858471483,0.32637573925718705,0.03757075642469197,0.2634573934034213,0.2555601377148505,0.022174887352700828,0.0,1.0
269,1835086211,BASELINE,0.05307315734892992,0.9879044161574388,0.9879044161574388,0.8026031345973557,0.7286464750748836,0.9443469026634264,0.7579357842249699,0.9613564766835277,0.9613564766835277,0.9568772693314542,0.004479207352073522,299,299,0.9455282186616115,1.1853782957303438,0.36909075700687466,62.24077370838927,0.7712228600925886,1.0,1,False,0.41400000000000003,False,0.0,False,False,False,,,1.0,1.3105333964363828,0.6880950418735898,0.9017715322976307,19.159204745263825,3.1459653255860824,False,False,False,1.0965735902799727,0.18423730288972015,0.2597349388814933,0.0010899122045193552,0.251666405253316,0.2626740960591064,0.04059734471184496,0.2,0.4
270,1835086211,BASELINE,0.04597618308131984,0.9895134575394775,0.9895134575394775,0.8053708699211277,0.7352242337516594,0.9499122123970837,0.7650316248469423,0.9610377007600877,0.9610377007600877,0.9613564766835277,-0.00031877592344009553,302,299,0.9271072877013169,1.2033572242868202,0.43039667185699404,62.87052186735603,0.7791621531790683,1.0,1,False,0.456,False,0.0,False,False,False,,,1.0,1.311369195828091,0.6983984784909893,0.915858251106291,19.40853827507103,3.177486206366595,False,False,False,1.0965735902799727,0.22512603038149917,0.2127770441050104,0.06289162133962999,0.16423586775393847,0.3191931667661133,0.01577626965380857,0.4,0.4
271,1835086211,BASELINE,0.09351040111787166,0.989217712143861,0.989217712143861,0.7941720876996978,0.7353732454898921,0.9463628260580713,0.7515749412919245,0.9784430069286473,0.9784430069286473,0.9610377007600877,0.01740530616855962,299,302,0.9339239171871349,1.1744855979859992,0.310779811470716,61.60031914556046,0.7633517242644005,1.0,1,False,0.21400000000000002,False,0.0,False,False,False,,,1.0,1.2665050359218448,0.6959299028093102,0.8813987265565915,16.274936374975965,3.165677034169721,False,False,False,1.0965735902799727,0.1488777928226964,0.1451704517982384,0.1006589049342849,0.27057890116340727,0.2572091745034802,0.07750477477789276,0.2,0.2
272,1835086211,BASELINE,0.08705210690565818,0.9846149042427635,0.9846149042427635,0.7956329765605785,0.727917104227353,0.9335471190822383,0.7427608731149541,0.9800154135403633,0.9800154135403633,0.9784430069286473,0.0015724066117159818,307,299,0.9405315254684213,1.2025068535888688,0.12607986098274715,62.01175928644777,0.7685623131899834,1.0,1,False,0.22400000000000003,False,0.0,False,False,False,,,1.0,1.2625283703499575,0.6795449155821308,0.8579447348495071,16.141494671909474,3.1543933559391175,False,False,False,1.0965735902799727,0.053906512649442934,0.38395408790585733,0.03390605075737142,0.2877202307063965,0.20910287814987058,0.03141023983106134,0.8,0.0
273,1835086211,BASELINE,0.10237649592982165,0.991475740864424,0.991475740864424,0.7963759968340227,0.7224301683008559,0.9401924071740144,0.748746665478985,0.964852601832565,0.964852601832565,0.9800154135403633,-0.015162811707798207,306,307,0.941125453986629,1.208068846645515,0.16860787788390463,62.30070886147182,0.7722391547400594,1.0,1,False,0.21400000000000002,False,0.0,False,False,False,,,1.0,1.3014017813784509,0.6792233589499101,0.8839424892912681,18.620287400183138,3.153386877302098,False,False,False,1.0965735902799727,0.07386149106088288,0.2940244156743854,0.006387696008675007,0.24839582302295307,0.32354035192644204,0.05379022230666155,0.2,0.2
274,1835086211,BASELINE,0.05172100691472204,0.9928040412131101,0.9928040412131101,0.7979609417147071,0.718751303381209,0.946173166456613,0.7550092309309052,0.9519768420513333,0.9519768420513333,0.964852601832565,-0.012875759781231788,304,306,0.947012908587966,1.2041726484501618,0.2075157198744202,62.55814283020849,0.7755216560675324,1.0,1,False,0.42400000000000004,False,0.0,False,False,False,,,1.0,1.3353500890432368,0.6800631966150161,0.90812245015489,20.80564981794143,3.1434782062298603,False,False,False,1.0965735902799727,0.09303304369244733,0.17499428418407995,0.050202985981313515,0.273553601989855,0.38632319961619116,0.02189288453611315,0.8,0.2
275,1835086211,BASELINE,0.049274489011453246,0.9936782770086828,0.9936782770086828,0.800080372367127,0.7201421490038065,0.9407249142108416,0.7526555396568437,0.9568017652964316,0.9568017652964316,0.9519768420513333,0.0048249232450983115,308,304,0.946731843120208,1.2243346282586376,0.3197281880602526,63.331315875419826,0.7852500887383791,1.0,1,False,0.42400000000000004,False,0.0,False,False,False,,,1.0,1.3225261397574994,0.6774556613412169,0.8959528206504634,20.261057881887456,3.143948442220769,False,False,False,1.0965735902799727,0.1541051348957246,0.2868581034356358,0.06366782595591064,0.24736466086835712,0.24584532199944967,0.0021589528449222767,0.8,0.2
276,1835086211,BASELINE,0.04446138529417178,0.9934804493985943,0.9934804493985943,0.7970806922110539,0.7219327736666059,0.9383669204365603,0.7479541544895285,0.9652099254122307,0.9652099254122307,0.9568017652964316,0.008408160115799146,302,308,0.9520586588081872,1.1957449673002185,0.32963244571448047,62.20289129692924,0.7712083380730316,1.0,1,False,0.456,False,0.0,False,False,False,,,1.0,1.3004720705394135,0.6774378335877573,0.8809889821076055,18.538092540818145,3.1350836566047295,False,False,False,1.0965735902799727,0.15997165141237157,0.15744880719863666,0.09884985389540088,0.29789927432539176,0.25857248823401446,0.027257924934184753,0.4,0.4
277,1835086211,BASELINE,0.09851069125630046,0.9916527094985499,0.9916527094985499,0.7984966602566094,0.725200359649927,0.9242195219951768,0.7379862016571086,0.9826746869000103,0.9826746869000103,0.9652099254122307,0.017464761487779534,298,302,0.9484073060996584,1.1798287512368246,0.36165859476127715,60.49922668707535,0.7499753938801094,1.0,1,False,0.2,False,0.0,False,False,False,,,1.0,1.2558313791445606,0.6702443297463858,0.8417138609892253,15.34935355759573,3.1411494337061576,False,False,False,1.0965735902799727,0.1795528083331427,0.1888914720291359,0.09830523818350557,0.2343386962376817,0.19844646801136206,0.1004653172051722,0.0,0.2
278,1835086211,BASELINE,0.08825119942862145,0.9900192024228414,0.9900192024228414,0.8021587411684639,0.7224537546378283,0.928509635654132,0.7448121204991076,0.9699812002974701,0.9699812002974701,0.9826746869000103,-0.012693486602540105,295,298,0.9535665754896926,1.1713750217934669,0.23359471412054456,60.438477056199275,0.7492788022059054,1.0,1,False,0.256,False,0.0,False,False,False,,,1.0,1.2881212738493173,0.6708052724957297,0.8640785421120378,17.270614408590983,3.132592196841414,False,False,False,1.0965735902799727,0.10641766212997159,0.16564952561986598,0.07935062998639462,0.2964987021344246,0.2835603292923644,0.06852315083697891,0.4,0.2
279,1835086211,BASELINE,0.02538445091683131,0.9882497896014336,0.9882497896014336,0.8060065191863732,0.7276335054272647,0.92646869803013,0.7467398104343962,0.9744137050949286,0.9744137050949286,0.9699812002974701,0.004432504797458492,296,295,0.9485296635121114,1.1788729440449093,0.3991747810464996,60.795999543103804,0.7538090674389697,1.0,1,False,0.6,False,0.0,False,False,False,,,1.0,1.2767525328504068,0.6741296664162975,0.8606967590666076,16.68945926230703,3.1409454123006397,False,False,False,1.0965735902799727,0.20378048151659683,0.19364739921023144,0.06372605275507406,0.22872611623358244,0.254050129707056,0.05606982057745924,0.0,0.6
280,1835086211,BASELINE,0.0053874005638984744,0.9931811335022035,0.9931811335022035,0.8061519112988902,0.7320104078982098,0.9334199324471345,0.7524782625867384,0.9727994073633864,0.9727994073633864,0.9744137050949286,-0.0016142977315422025,295,296,0.9318818774309093,1.1809659318322294,0.3888760978018465,60.64288228646842,0.7519562303305446,1.0,1,False,0.8140000000000001,False,0.0,False,False,False,,,1.0,1.280881311777432,0.6832731054909463,0.8751917516634831,16.896809263067606,3.1691965513425355,False,False,False,1.0965735902799727,0.19698222177885444,0.1811067551643292,0.027046302252840642,0.17365991031822292,0.29799052110008734,0.12321428938566548,0.2,0.8
281,1835086211,BASELINE,0.11817908478920722,0.9851204660238039,0.9851204660238039,0.801878221499322,0.7242907911034835,0.9360583545005194,0.7506048085264584,0.96494291386884,0.96494291386884,0.9727994073633864,-0.007856493494546424,305,295,0.9386936896878184,1.2046686370680704,0.11421253399258657,61.81484522829193,0.7666680933253476,1.0,1,False,0.126,False,0.0,False,False,False,,,1.0,1.301166738116549,0.6779784461002062,0.8821630032255319,18.471521943453812,3.1575158434216677,False,False,False,1.0965735902799727,0.04851129500230257,0.21753561673092303,0.07474562745635092,0.31870665407004545,0.2799020764904921,0.060598730249886004,0.6,0.0
282,1835086211,BASELINE,0.09614498610609841,0.9831712700564107,0.9831712700564107,0.8033674012876734,0.7305857026079982,0.9226259925561566,0.7412076460002999,0.9856694093084174,0.9856694093084174,0.96494291386884,0.020726495439577386,306,305,0.9443752635857553,1.2084670548162577,0.4214153090762225,62.01799532493055,0.7692655299398541,1.0,1,False,0.2,False,0.0,False,False,False,,,1.0,1.2483321269970595,0.6740573590160414,0.8414474566985155,15.282644307507924,3.1479021245636654,False,False,False,1.0965735902799727,0.21886813824611084,0.17153068139054167,0.0816875590956561,0.27068610393963055,0.2008673675284458,0.05636014979961502,0.0,0.2
283,1835086211,BASELINE,0.00039616753699469595,0.989898973480823,0.989898973480823,0.8067718546855847,0.7350102904770758,0.9076208753975687,0.7322429769958505,1.0037792284366847,1.0037792284366847,0.9856694093084174,0.018109819128267257,308,306,0.9472719584437419,1.2298788514111791,0.3925944148482192,62.6483067433388,0.7772037913669912,1.0,1,False,0.95,False,0.0,False,False,False,,,1.0,1.2039270118795449,0.6671106832690248,0.8031525715009985,12.679407626937042,3.143045050529896,False,False,False,1.0965735902799727,0.19942341249346862,0.23119945833640485,0.10906508692919542,0.2606100964389186,0.1862874104851388,0.013414535316873873,1.0,0.6
284,1835086211,BASELINE,0.0,1.0,1.0,0.8072116328806221,0.7330988417197081,0.9107322678290217,0.7351536810313367,0.9972048846864972,0.9972048846864972,1.0037792284366847,-0.006574343750187506,297,308,0.9497892447034039,1.198709274827724,0.26469566570455894,61.27858999038324,0.7601413722045209,1.0,1,False,1.0,False,0.0,False,False,False,,,1.0,1.2198616018295945,0.6676567706622187,0.8144488577323883,13.370044678905108,3.1388482151383905,False,False,False,1.0965735902799727,0.12298832208107614,0.2170719048561447,0.013710810683784776,0.26020219138198264,0.269367399856049,0.11665937114096257,0.8,0.8
285,1835086211,BASELINE,0.10481223112544463,0.9891825622126196,0.9891825622126196,0.8054970047423502,0.7325737707408314,0.9176135394371877,0.7391349575276811,0.991123154547045,0.991123154547045,0.9972048846864972,-0.006081730139452124,306,297,0.9548103202330634,1.2190788942386117,0.29376587319693026,63.05913870274595,0.7824563059412677,1.0,1,False,0.2,False,0.0,False,False,False,,,1.0,1.2347899460770517,0.6722196106683412,0.8300500168090977,14.697001863193679,3.1305431381739357,False,False,False,1.0965735902799727,0.13912338883885894,0.19078132619212043,0.011223460604756064,0.35396428952783354,0.28977249195534077,0.01513504288109031,0.0,0.2
286,1835086211,BASELINE,0.14997059928778703,0.9889770514974594,0.9889770514974594,0.7985290255624472,0.7279429387537955,0.9186288242978198,0.7335517799201146,0.9923538578736324,0.9923538578736324,0.991123154547045,0.001230703326587368,312,306,0.959329288209757,1.2319739347279859,0.1964236023065662,63.684120595999,0.7903266542710681,1.0,1,False,0.014000000000000002,False,0.0,False,False,False,,,1.0,1.2317543633228936,0.668709365983299,0.8236856793448143,14.652894811724302,3.1231428997085873,False,False,False,1.0965735902799727,0.08747320687507033,0.16113054974372923,0.07778217390070724,0.2884947884094127,0.2638831940217545,0.12123608704932598,0.2,0.0
287,1835086211,BASELINE,0.11090539426364435,0.988778274569905,0.988778274569905,0.794882774973249,0.7288478924761034,0.9143442791160376,0.7267965178646708,1.0028224882219572,1.0028224882219572,0.9923538578736324,0.010468630348324792,321,312,0.9621811309718868,1.2614703240510365,0.3191686442863947,65.16334187209564,0.8088733526361335,1.0,1,False,0.126,False,0.0,False,False,False,,,1.0,1.2062329080953405,0.666417900831306,0.8038552025265385,13.345280188415789,3.118508512717961,False,False,False,1.0965735902799727,0.15377625824997054,0.19903035687813073,0.14000119749613868,0.26720350719593433,0.23789168623999854,0.002096993939827275,0.6,0.0
288,1835086211,BASELINE,0.021464661267310874,0.9866599897618742,0.9866599897618742,0.7956120919060724,0.7360246983803859,0.9004038207656778,0.7163721673996012,1.0274334094415232,1.0274334094415232,1.0028224882219572,0.024610921219565984,317,321,0.9659630178746982,1.244222810250333,0.44113649710001335,64.16936374660246,0.796504760511323,1.0,1,False,0.6240000000000001,False,0.0,False,False,False,,,1.0,1.1482974437456808,0.662719450599605,0.7609990510440684,9.449555574537822,3.1124049633637423,False,False,False,1.0965735902799727,0.23274000660109515,0.1659952642456448,0.0758115076497456,0.2783273995947527,0.18746984780622006,0.059655974102541684,0.8,0.4
289,1835086211,BASELINE,0.0,1.0,1.0,0.7937766621252534,0.7471403248406361,0.8848661385041185,0.7023860898494614,1.063717427833411,1.063717427833411,1.0274334094415232,0.03628401839188777,321,317,0.9693667160872284,1.2740115427110317,0.5113710730190192,65.76226893365266,0.8164718569890921,1.0,1,False,1.0,False,0.0,False,False,False,,,1.0,1.0679194591283276,0.6611191741624464,0.7060220308909264,4.436340127635624,3.1069524881231443,False,False,False,1.0965735902799727,0.2864607672408684,0.17435691854946728,0.008310429021434456,0.34680363753510235,0.17251349907504246,0.011554748578085082,0.4,1.0
290,1835086211,BASELINE,0.03551901857978722,0.9911036666771927,0.9911036666771927,0.7884084312898461,0.7463616738832329,0.8963795246537067,0.7067131748725668,1.0561026742112392,1.0561026742112392,1.063717427833411,-0.007614753622171788,318,321,0.9724300444785056,1.2424172344740223,0.30359501658314614,65.10324754711353,0.8082897907094941,1.0,1,False,0.526,False,0.0,False,False,False,,,1.0,1.084307822863963,0.6690233224551972,0.72542722221661,5.451602028193448,3.102077895321964,False,False,False,1.0965735902799727,0.14472956605785847,0.15001628868283853,0.05568588157378935,0.28184263151458216,0.31162687610730283,0.05609875606362877,0.6,0.4
291,1835086211,BASELINE,0.034331648664620816,0.9872116749309511,0.9872116749309511,0.7924183871536,0.7521259492398825,0.8818626743928982,0.6988041981333808,1.0763042798668536,1.0763042798668536,1.0561026742112392,0.020201605655614463,325,318,0.975187040030655,1.271212610245481,0.43168175140010767,66.2147620130032,0.822238195185085,1.0,1,False,0.526,False,0.0,False,False,False,,,1.0,1.0413715275547042,0.66327180107698,0.6907123686714945,2.72137592495156,3.097716946047848,True,False,True,1.0965735902799727,0.22602948813514062,0.22948573907566305,0.04189228159038684,0.2900412686376329,0.1756055110228108,0.036945711538365886,0.6,0.4
292,1835086211,BASELINE,0.0,1.0,1.0,0.789027474748673,0.7449089545549842,0.8936764069536084,0.7051352386210731,1.056405798144042,1.056405798144042,1.0763042798668536,-0.019898481722811612,322,325,0.9688633133669153,1.2703342343453636,0.15499751583094024,65.9784450298045,0.8193397049412346,1.0,1,False,1.0,False,0.0,False,False,False,,,1.0,1.0836506627817684,0.6657075580142671,0.721394436460993,5.483048056421929,3.1077564884067344,False,False,False,1.0965735902799727,0.06736628471369736,0.16097364237629716,0.08287139113712615,0.232704442451481,0.39494809867256025,0.06113614064883813,1.0,1.0
293,1835086211,BASELINE,0.14011443096681672,0.9926365362178883,0.9926365362178883,0.7873499673600244,0.7463024042733157,0.8882036626384456,0.6993271247874343,1.0671721113351065,1.0671721113351065,1.056405798144042,0.01076631319106447,314,322,0.9719769820302238,1.2270371806946896,0.3470244187946798,63.672780018825804,0.7905714076263123,1.0,1,False,0.014000000000000002,False,0.0,False,False,False,,,1.0,1.0605662439394654,0.662868528911437,0.7030159859332816,3.8305487068688784,3.1027969054001936,False,False,False,1.0965735902799727,0.17048621807600917,0.16017949153577932,0.13064658737877857,0.3155109470418557,0.21947448190099017,0.003702274066587177,0.2,0.0
294,1835086211,BASELINE,0.06997823188517704,0.9868771361291028,0.9868771361291028,0.7910857470359268,0.7459385514791992,0.8993832963746011,0.7114893068841357,1.0484184994233139,1.0484184994233139,1.0671721113351065,-0.01875361191179259,310,314,0.9437038178637875,1.2100918765244193,0.3116632556952089,61.71313616260266,0.766129045885139,1.0,1,False,0.326,False,0.0,False,False,False,,,1.0,1.101100552285372,0.6708846733222572,0.7387114843149288,6.1964741928485,3.1490322375232624,False,False,False,1.0965735902799727,0.1493908427443662,0.33215600762196,0.04947536935216008,0.13147515471175503,0.3242310201204778,0.013271605449280986,0.6,0.2
295,1835086211,BASELINE,0.005236887254118835,0.9893330319211706,0.9893330319211706,0.8002348442707902,0.7464554700486841,0.8966244698876724,0.7175101430299413,1.0403413488992794,1.0403413488992794,1.0484184994233139,-0.00807715052403446,302,310,0.9493334360774088,1.1954651347443939,0.32996993333369184,61.184542515498606,0.7595741631840353,1.0,1,False,0.8140000000000001,False,0.0,False,False,False,,,1.0,1.1190325112622381,0.6692902401271547,0.7489575381727962,7.233108821077789,3.139606491948081,False,False,False,1.0965735902799727,0.16017307679306017,0.18324809808405707,0.05619434667070281,0.3222075945993536,0.23589751575265713,0.042279368100169155,0.2,0.8
296,1835086211,BASELINE,0.16345112329775907,0.9852521281975495,0.9852521281975495,0.7992070844887187,0.7591326965462498,0.8691115537623324,0.694600110977854,1.0929060974055234,1.0929060974055234,1.0403413488992794,0.05256474850624393,299,302,0.9533435767143627,1.177193618890288,0.6421484632203557,59.64977313163059,0.7404411808437709,1.0,1,False,0.0,False,0.0,False,False,False,,,1.0,1.0073619526504913,0.6597709974071003,0.6646282002501789,0.43608690180884885,3.1329601506245606,True,False,True,1.0965735902799727,0.4110548321307272,0.15916932263453895,0.029368102971904713,0.26792492838497595,0.11074765431713603,0.021735159560717303,0.0,0.0
297,1835086211,BASELINE,0.03546448896756579,0.9886546928807188,0.9886546928807188,0.79869691365692,0.759213809455405,0.8735454023215357,0.6976980167734029,1.0881696539234695,1.0881696539234695,1.0929060974055234,-0.00473644348205382,294,299,0.9456114398868495,1.1607641142581024,0.33464172018153326,58.64695682543727,0.7279579142196075,1.0,1,False,0.526,False,0.0,False,False,False,,,1.0,1.0169499197256708,0.6632077326287874,0.6744490504582895,0.9871045266052324,3.145825708634181,True,False,True,1.0965735902799727,0.16297184670584497,0.1692556637095683,0.15920846883384507,0.2163737311087412,0.25672501967718264,0.03546526996481794,0.6,0.4
298,1835086211,BASELINE,0.054939626146679105,0.9832604312694376,0.9832604312694376,0.8013732342427434,0.7573472469507743,0.8861908620893821,0.7101696373089331,1.0664314653335683,1.0664314653335683,1.0881696539234695,-0.021738188589901286,289,294,0.9510502958981646,1.1386001653089441,0.29297658795695625,58.54783776505464,0.7267700906081489,1.0,1,False,0.4,False,0.0,False,False,False,,,1.0,1.0621384163710959,0.6711542096763269,0.7128586694064083,3.61282047896537,3.1367541352560115,False,False,False,1.0965735902799727,0.13867659960174386,0.17365196051078177,0.02657506217129487,0.32499604025496404,0.31478360369219877,0.02131673376901674,0.0,0.4
299,1835086211,BASELINE,0.0,1.0,1.0,0.8066989852556893,0.7583586162738939,0.8908267889749601,0.7186290667046844,1.0552851970647272,1.0552851970647272,1.0664314653335683,-0.01114626826884102,280,289,0.946756098708864,1.129378579357965,0.3519000590805387,58.18991832544909,0.722346465125244,1.0,1,False,1.0,False,0.0,False,False,False,,,1.0,1.0860820666023985,0.6755661710267669,0.7337203031554204,4.974477711609168,3.1439078504514475,False,False,False,1.0965735902799727,0.17348414588322952,0.18541846653248706,0.07268220202262002,0.23095832909325403,0.26627506547258106,0.07118179099582833,0.2,1.0
