arm,seed,step,novelty_vector_count,h_n_latest,h_n_shape_latest,V,H_N,total_suppression,avg_wb,theta_capability,transfer_state,g,population,x_compute,x_bio_welfare,x_novelty_agency,x_institutional_capacity,x_transfer_comprehension,x_resilience,c_protective,c_suppressive,adapter_active,action_modified,adapter_score,shape_fallback_increase
R02,1835086214,0,200,0.9889708139421141,0.9900630507893464,0.05420445595043327,0.9889708139421141,0.256,0.6572781252224092,0.5117203264942122,0.55,1.415535612585634,200,0.14650408117765243,0.1622526467424806,0.06299367050503389,0.1681089386305744,0.3294455642852411,0.1306950986590175,0.4,0.2,False,False,0.0,2
R02,1835086214,1,200,0.984563022345534,0.9845671691812252,0.09852671824733848,0.984563022345534,0.05600000000000001,0.6744307892833552,0.514023195331711,0.5950000000000001,1.280938746712973,209,0.03611106452761854,0.24835226391762097,0.050101253319446,0.29957853993463746,0.32974914991858173,0.03610772838209532,0.4,0.0,False,False,0.0,0
R02,1835086214,2,209,0.9859616054158435,0.986553898873291,0.059047605483074556,0.9859616054158435,0.256,0.6876916326652408,0.52049010851003,0.6243669783075065,1.2122126573869945,212,0.08960091181130572,0.23124749940273007,0.01795577797074959,0.2193110906015561,0.24433489153753218,0.19754982867612644,0.4,0.2,False,False,0.0,0
R02,1835086214,3,212,0.9800777314705152,0.9867363929804922,0.03978831085185177,0.9800777314705152,0.4,0.702536113231242,0.5246675360926631,0.6618830427519136,1.1283251916768233,209,0.06502416260168363,0.25434851559573357,0.015871085339471097,0.2856288085193094,0.2997638113757882,0.07936361656801405,0.0,0.4,False,False,0.0,0
R02,1835086214,4,209,0.9867759198185068,0.9867763648324944,0.11631140777021676,0.9867759198185068,0.014000000000000002,0.713689575724363,0.5264859143922138,0.6956947384767223,1.0603730572596668,207,0.038146938802298525,0.22469109993584185,0.12051306468496996,0.19683560601222175,0.3338933249813638,0.08591996558330404,0.2,0.0,False,False,0.0,0
R02,1835086214,5,207,0.9882940075376625,0.9882951486481466,0.10882803376528816,0.9882940075376625,0.05600000000000001,0.7216371639201637,0.5370141377979905,0.7216124136481269,1.0312473195472804,215,0.14815648906734216,0.231813158567337,0.00045233355348976066,0.2582232786139618,0.27743574509538427,0.08391899510248502,0.4,0.0,False,False,0.0,0
R02,1835086214,6,215,0.9771050641699762,0.9877818797465757,0.03603834219418852,0.9771050641699762,0.456,0.7331180945440943,0.5428288221618445,0.7494511722833141,0.987974230617855,217,0.09581739067191977,0.1859160544717467,0.004078341673005776,0.2085185412069552,0.3330484879637509,0.17262118401262164,0.4,0.4,False,False,0.0,0
R02,1835086214,7,217,0.985830405550663,0.9867929497462359,0.05518429862958018,0.985830405550663,0.35,0.7404485169307256,0.5416309231429572,0.7744491012582696,0.9445298852487742,226,0.011794276115062174,0.3195757180275279,0.04331142205358574,0.2276733380403659,0.2997152310164342,0.09793001474702413,1.0,0.0,False,False,0.0,0
R02,1835086214,8,226,0.9877308067433841,0.9877314246645191,0.11370617289421164,0.9877308067433841,0.05600000000000001,0.7450627247776526,0.5645493769858094,0.7899714896022866,0.9591746193775029,224,0.32198759333233107,0.1482721417993725,0.0293072488763127,0.1943311894269563,0.26483649234921947,0.04126533421580809,0.4,0.0,False,False,0.0,0
R02,1835086214,9,224,0.987040873039596,0.9870414808135114,0.11383241264056412,0.987040873039596,0.05600000000000001,0.755884129128762,0.5789288246210466,0.7943642434840351,0.9641625519815202,228,0.2200864560565954,0.17971570503976098,0.1272449402357991,0.19872541102171923,0.21694951420988592,0.05727797343623951,0.4,0.0,False,False,0.0,0
R02,1835086214,10,228,0.9873118711789097,0.987312049526091,0.12359421030253433,0.9873118711789097,0.05600000000000001,0.7717288231459614,0.5762248067679995,0.8141871900013223,0.917071009832708,226,0.01553029222506607,0.2299635992202742,0.04458193955097806,0.3309899734514722,0.2962968543284536,0.08263734122375582,0.4,0.0,False,False,0.0,0
R02,1835086214,11,226,0.9820053577476114,0.9850492030298483,0.04600581035674735,0.9820053577476114,0.456,0.7732349278469888,0.5879645235770338,0.8174154420703501,0.9302438796228203,225,0.19438696434292818,0.15032260967866726,0.14007382811502894,0.21493264228485162,0.22323485534579998,0.07704910023272415,0.4,0.4,False,False,0.0,0
R02,1835086214,12,225,0.9895070855818795,0.9895071175724863,0.1372896036115791,0.9895070855818795,0.014000000000000002,0.776384477396811,0.5886423491402765,0.8356738978633151,0.9072726573153208,229,0.06345064677617958,0.17965714571189711,0.06152717270122297,0.27203825143932664,0.367722705446928,0.055604077924445855,0.2,0.0,False,False,0.0,0
R02,1835086214,13,229,0.9868714158368337,0.9869457818439098,0.07556794841800515,0.9868714158368337,0.326,0.7800695900120309,0.6006281856028675,0.8210606337824661,0.9377717171918329,236,0.20522442399506052,0.1709970358008924,0.10572998541089697,0.30591633297290216,0.1447706285274124,0.06736159329283552,0.6,0.2,False,False,0.0,0
R02,1835086214,14,236,0.9841756041704393,0.984186707191942,0.09068398895119298,0.9841756041704393,0.22400000000000003,0.787394967556922,0.6089351312602503,0.8263254175289976,0.9358953381637317,241,0.16672943671907767,0.2703731075878922,0.0906487585867885,0.1968313333768932,0.23685423562389024,0.0385631281054581,0.8,0.0,False,False,0.0,0
R02,1835086214,15,241,0.9866369840839991,0.9866592178666206,0.08517652048956136,0.9866369840839991,0.22400000000000003,0.795471389798507,0.6257412174158853,0.8436928757760979,0.932364687451926,238,0.2781605339830938,0.22589798727586527,0.02320356341902396,0.15773555310107407,0.30302826781680003,0.011974094404142764,0.8,0.0,False,False,0.0,0
R02,1835086214,16,238,0.9892820510939659,0.9892830435516746,0.10994699639846513,0.9892820510939659,0.126,0.8018011952412618,0.6204186622215585,0.8593235881984881,0.9004537693547525,238,0.012056320955843167,0.2418785169657052,0.0009425825282338735,0.26675348844643176,0.47682888880686186,0.001540202296924205,0.6,0.0,False,False,0.0,0
R02,1835086214,17,238,0.9882402631582757,0.9882523787234094,0.09002209888778703,0.9882402631582757,0.256,0.803846523774698,0.6309201933795678,0.8469522098735001,0.9267068734732054,242,0.20653080336359006,0.1897163256322832,0.07311635754337457,0.2467521286325991,0.16780490247430419,0.116079482353849,0.4,0.2,False,False,0.0,0
R02,1835086214,18,242,0.9872493820329066,0.9872503901935005,0.10980566414081175,0.9872493820329066,0.126,0.7985095845591823,0.6244716389990943,0.8431726944248565,0.9275045571024557,258,0.001218191106311072,0.33938939672664936,0.06109458367043399,0.28805878494549025,0.2045785276935325,0.1056605158575828,0.6,0.0,False,False,0.0,0
R02,1835086214,19,258,0.9729377663464349,0.985920990983209,0.03446647277336602,0.9729377663464349,0.526,0.7953604723925131,0.6236439111783305,0.8588554249823709,0.912961828066978,272,0.0674481766148868,0.2261330770908615,1.109220982203388e-05,0.2306084814779381,0.32763238942685796,0.1481667831796335,0.6,0.4,False,False,0.0,0
R02,1835086214,20,272,0.9710561186133297,0.986201044276376,0.03324282288577368,0.9710561186133297,0.526,0.8002074591756582,0.6301772286268403,0.8481765800131068,0.9284827384121989,270,0.1589439125928297,0.2622946298433311,0.06969950670232813,0.28227880542902634,0.17603348764486507,0.05074965778761962,0.6,0.4,False,False,0.0,0
R02,1835086214,21,270,0.9844071106381844,0.9844071177201899,0.14925134989126534,0.9844071106381844,0.014000000000000002,0.8091767164028929,0.6257177097751906,0.8592798925615487,0.8999127813090214,264,0.025616782246153928,0.3068741454745988,0.08060412994362794,0.2285820922228078,0.2796048527487626,0.07871799736404883,0.2,0.0,False,False,0.0,0
R02,1835086214,22,264,0.9859670000006574,0.9859670033808353,0.1551514537444689,0.9859670000006574,0.0,0.8070152556376158,0.6373422788367925,0.8673771011643993,0.9105064605564094,271,0.22388068187951807,0.19692879216365916,0.022420469391972727,0.17544845424891037,0.27012598929502696,0.11119561302091274,0.0,0.0,False,False,0.0,0
R02,1835086214,23,271,0.9881204394482525,0.9882287289688296,0.0725868177885973,0.9881204394482525,0.326,0.8034516136120959,0.6493995005568313,0.8553429303563536,0.9449567961136347,283,0.23655419577347983,0.16831453801804436,0.047173372788037134,0.20533156027014357,0.17351769654197138,0.16910863660832376,0.6,0.2,False,False,0.0,0
R02,1835086214,24,283,0.9853809264116448,0.9866600065915176,0.052920045448615435,0.9853809264116448,0.42400000000000004,0.8065344330218358,0.6636362397875424,0.8660400935543155,0.9500997031235171,278,0.27133392823190783,0.17965377788411172,0.06441485613154636,0.18408494064258116,0.28115728116798655,0.019355215941866507,0.8,0.2,False,False,0.0,0
R02,1835086214,25,278,0.9801075603886048,0.9923789080509733,0.034967319118972676,0.9801075603886048,0.526,0.8091217133387734,0.6781424210892445,0.8594507468545041,0.975182868474221,283,0.28359991613849056,0.1994422954003669,0.061579381786916,0.1977042511977966,0.2000733132781002,0.05760084219832974,0.6,0.4,False,False,0.0,0
R02,1835086214,26,283,0.9882006705394293,0.9882355321767473,0.08160899174047888,0.9882006705394293,0.256,0.7997670685326357,0.6894023628470746,0.8684232383582976,0.9926080973963868,289,0.2520882851536536,0.15345041572566276,0.016594585584956464,0.28218452593489435,0.2745878309462195,0.021094356654613393,0.4,0.2,False,False,0.0,0
R02,1835086214,27,289,0.9831151028523443,0.9861652488901161,0.04599836358258489,0.9831151028523443,0.456,0.7965074445921075,0.7024222167179753,0.853304735465866,1.0334851583550155,294,0.28112465016568156,0.17906387097200252,0.023313058123528956,0.2516678766712934,0.1586191047169913,0.10621143935050231,0.4,0.4,False,False,0.0,0
R02,1835086214,28,294,0.9930842996453213,0.9930843062479764,0.14987909165501287,0.9930842996453213,0.0,0.8054325753845368,0.7116360942040121,0.8657409128035252,1.0205653876782306,289,0.24168735402419336,0.21595854085337063,0.021095193264206925,0.15153466596142157,0.2888332544212288,0.08089099147557875,0.0,0.0,False,False,0.0,0
R02,1835086214,29,289,0.9900515727073761,0.9900515799515508,0.14911664123022428,0.9900515727073761,0.0,0.8127969080194114,0.7242051899097072,0.8557619956873156,1.0411818632735999,286,0.28938625519869554,0.2265951666744676,0.01476711209595099,0.21558735522261183,0.1829758708207146,0.07068823998755948,0.0,0.0,False,False,0.0,0
R02,1835086214,30,286,0.9869243210750681,0.9869243524953285,0.13741199643053356,0.9869243210750681,0.05600000000000001,0.8033710597585374,0.7214250630438991,0.8691230540349543,1.0332223053189105,284,0.1053766578709663,0.14453970731898502,0.1404464583843657,0.2618551123096349,0.2946862895818512,0.05309577453419689,0.4,0.0,False,False,0.0,0
R02,1835086214,31,284,0.9879466332407847,0.9911158644409275,0.0457333563228306,0.9879466332407847,0.456,0.8079685481754666,0.7116838031837628,0.8822107486314589,0.9984361155168794,284,0.016624916150733405,0.20007811576943232,0.010344610728217135,0.2863719590568436,0.43001698907288893,0.056563409221884554,0.4,0.4,False,False,0.0,0
R02,1835086214,32,284,0.9888679641121183,0.9913808917864662,0.04758254481911106,0.9888679641121183,0.456,0.8132038864454199,0.7011850011319315,0.8829720260746816,0.9765314337335929,281,0.0010673513419610441,0.36542027131753424,0.11303731030851998,0.2744563573069177,0.24491176153184335,0.001106948193223698,0.4,0.4,False,False,0.0,0
R02,1835086214,33,281,0.9895252494279093,0.9895252630119484,0.14410792644982204,0.9895252494279093,0.05600000000000001,0.8097912841804473,0.6939957661613009,0.8946748234672135,0.9578963238730802,289,0.035875188574574446,0.19048099803848104,0.23699994310677425,0.22260407761159617,0.31272424552451417,0.001315547144059778,0.4,0.0,False,False,0.0,0
R02,1835086214,34,289,0.9835922240511585,0.9849095152022849,0.05267159563630455,0.9835922240511585,0.41400000000000003,0.8154224185202702,0.6993971058066665,0.8858881638156464,0.968193770983565,288,0.18876409941788286,0.16207578266592687,0.08921683641502398,0.32486621593204135,0.20340411347577098,0.031672952093354086,0.2,0.4,False,False,0.0,0
R02,1835086214,35,288,0.9898873805395542,0.9916353558310783,0.05047401800660891,0.9898873805395542,0.42400000000000004,0.8139391223092627,0.7083450012239927,0.8761963655951642,0.9932337364574074,285,0.23647188384574422,0.17362241810132226,0.10735505238367644,0.2628467794134349,0.19448509080541257,0.025218775450409705,0.8,0.2,False,False,0.0,0
R02,1835086214,36,285,0.9888793859412603,0.9897923485279417,0.055629426128508616,0.9888793859412603,0.41400000000000003,0.8108381914665339,0.69810989191455,0.8804680808258039,0.9778584189101482,292,0.0022767593969616555,0.20311291497084982,0.16200905457468726,0.36155473251743053,0.25945675895078024,0.011589779589290503,0.2,0.4,False,False,0.0,0
R02,1835086214,37,292,0.9903113944209563,0.9903136042826647,0.1035832377756805,0.9903113944209563,0.2,0.8061650209342556,0.7021073249308143,0.8785381615779014,0.9913315371859267,296,0.17378659514989755,0.16066913319666962,0.06001404080700449,0.33513815187344986,0.23058444417338975,0.039807634799588744,0.0,0.2,False,False,0.0,0
R02,1835086214,38,296,0.9876300544032244,0.987630060164571,0.15092021561039692,0.9876300544032244,0.0,0.8051120744782161,0.7099335016988028,0.8796751759858851,1.002395237244579,305,0.2241442876816148,0.17290856159068335,0.05055987285410415,0.2497873218227714,0.24495415282886868,0.057645803221957594,0.0,0.0,False,False,0.0,0
R02,1835086214,39,305,0.9931510051503156,0.9937757012222306,0.05868168512505436,0.9931510051503156,0.41400000000000003,0.806375941778473,0.7202110514936951,0.8917076583872966,1.0016124693499184,308,0.2596778109979067,0.2152367210319834,0.028409934576290454,0.18046187286063203,0.3156421780336086,0.0005714824995789212,0.2,0.4,False,False,0.0,0
R02,1835086214,40,308,0.979350920948391,0.9935929878647894,0.0337915340430784,0.979350920948391,0.526,0.8051899211022607,0.7132905381043074,0.8914414509161993,0.9937458058451002,310,0.051125489816212545,0.21414085288353565,0.1011958469816093,0.30283514547505047,0.24452279183816178,0.08617987300543042,0.6,0.4,False,False,0.0,0
R02,1835086214,41,310,0.988064768954871,0.9882635723095534,0.06775129094911597,0.988064768954871,0.35,0.8082035840607191,0.7095059351610499,0.8985673051600167,0.9769776941012163,311,0.08599904952447207,0.22121946449533056,0.07329234460954309,0.23648270259878382,0.2813499966771866,0.10165644209468393,1.0,0.0,False,False,0.0,0
R02,1835086214,42,311,0.9876089093413055,0.9876140325941644,0.09686820352703865,0.9876089093413055,0.2,0.8067435281150819,0.7181064006890749,0.8692723726464318,1.0239940440726292,310,0.23844702857597003,0.19122627445820345,0.12226889195207222,0.3286215204184096,0.10280899001208343,0.01662729458326118,0.0,0.2,False,False,0.0,0
R02,1835086214,43,310,0.9902036689920284,0.9904180203484885,0.06716922884248167,0.9902036689920284,0.326,0.8052435679726128,0.731152094473403,0.8823451353817886,1.0290630115374833,313,0.29938767273477324,0.16684608042085733,0.014683666423750831,0.11735565170645702,0.3342990347099132,0.06742789400424844,0.6,0.2,False,False,0.0,0
R02,1835086214,44,313,0.9778694052504794,0.9913571386141546,0.03420678416202924,0.9778694052504794,0.526,0.809629013492246,0.720254898530811,0.8941106218436098,0.9949675193397228,301,0.008255109763477384,0.2106159907145655,0.16283823758568566,0.3081441301388163,0.3053921939956907,0.004754337801764475,0.6,0.4,False,False,0.0,0
R02,1835086214,45,301,0.9756596999614932,0.9891046099629555,0.034213990297100295,0.9756596999614932,0.526,0.8047886104960225,0.711056659243126,0.9038157756329358,0.9775578534463647,300,0.022681320485693518,0.17860672378340536,0.008563593802653745,0.4097871742217685,0.29558107986843474,0.08478010783804424,0.6,0.4,False,False,0.0,0
R02,1835086214,46,300,0.9915733398489576,0.9916890168755081,0.07208932680611882,0.9915733398489576,0.35,0.8053976053877399,0.7231611428505987,0.9134341980696422,0.9829863367000684,299,0.28321645712036236,0.2344259359647775,0.0002576165191277183,0.14969792338733617,0.33168532093004616,0.0007167460783501971,1.0,0.0,False,False,0.0,0
R02,1835086214,47,299,0.9862472423804889,0.986271062768745,0.0846247084129341,0.9862472423804889,0.256,0.81142344656189,0.7276004568869302,0.9220907782626779,0.9724599664745562,288,0.19496713973576693,0.17882483182424094,0.02545644371367489,0.21239047552155546,0.3654142025531852,0.022946906651576674,0.4,0.2,False,False,0.0,0
R02,1835086214,48,288,0.9828060486580974,0.9834069497972048,0.05890732390240196,0.9828060486580974,0.4,0.8169139608588187,0.7298036117398421,0.9072437543796931,0.984704002272477,283,0.1697897212157305,0.1764165716757605,0.14146929944790487,0.3089733730035796,0.18681026971641457,0.016540764940609968,0.0,0.4,False,False,0.0,0
R02,1835086214,49,283,0.9890414978461207,0.9900052720221245,0.055200003865438836,0.9890414978461207,0.4,0.8156620526116147,0.7204268577905497,0.9165193789417238,0.9636914037916846,283,0.02641783297124652,0.25286803371213695,0.0507319619588409,0.3160964737788273,0.303440888604184,0.05044480897476439,0.0,0.4,False,False,0.0,0
R02,1835086214,50,283,0.985423519248548,0.9874298838068531,0.04934276216512491,0.985423519248548,0.456,0.8145537994625474,0.7120429820679133,0.9104969021249145,0.9600811967758847,289,0.032968339586138116,0.4551436982927035,0.0035910069360623083,0.27925273432205683,0.22814730538681594,0.0008969154762233381,0.4,0.4,True,True,0.03,0
R02,1835086214,51,289,0.9902267198834357,0.9902267234169496,0.15483262560519254,0.9902267198834357,0.014000000000000002,0.8064394093469246,0.7264408329645176,0.8767278435070059,1.0274571189064339,297,0.43933168010660084,0.19218512328288773,0.022567643202696774,0.1945510882044837,0.08640315797291434,0.06496130723041674,0.2,0.0,True,True,0.06,0
R02,1835086214,52,297,0.9779177999879706,0.9890739760790067,0.03569915219042592,0.9779177999879706,0.526,0.8043049644025657,0.719637094224969,0.8890550591563053,1.0063849519544188,299,0.056478786358466024,0.21250850458986317,0.055415549510620596,0.328456208528111,0.33660324478246767,0.010537706230471471,0.6,0.4,True,True,0.09000000000000001,0
R02,1835086214,53,299,0.9917396070400843,0.991739610632767,0.1547125897959396,0.9917396070400843,0.0,0.804012320243248,0.7104286657089893,0.9001495532406748,0.9816193322154044,299,0.022167827440858802,0.18493144161666136,0.09063152390189169,0.24375008010988267,0.44844347388171313,0.010075653048992427,0.0,0.0,True,True,0.12000000000000001,0
R02,1835086214,54,299,0.9872466486737254,0.9883036702442124,0.05445117061941626,0.9872466486737254,0.41400000000000003,0.8015505708568842,0.7027913112218727,0.9081631589802959,0.9654539766310205,302,0.03605098497915948,0.17541575288170036,0.07931810007529588,0.23740234108512814,0.29014280531844283,0.18167001566027344,0.2,0.4,True,True,0.15000000000000002,0
R02,1835086214,55,302,0.9910338090347655,0.9912220969227453,0.06820766788210939,0.9910338090347655,0.326,0.8032548701125156,0.6991832588520108,0.9173468430822663,0.9488642473443228,300,0.08164391489039687,0.18201337162464692,0.13227694072181653,0.2899268180798452,0.30024286199487416,0.013896092688420543,0.6,0.2,True,True,0.18000000000000005,0
R02,1835086214,56,300,0.9888352040796938,0.9903877430229943,0.051407795252082396,0.9888352040796938,0.42400000000000004,0.8050303409961092,0.7130250756498112,0.8920712507292835,0.992871423417827,295,0.2975122467550114,0.18942918031833234,0.05893829096477555,0.3201919534924664,0.13229545977621923,0.0016328686931951603,0.8,0.2,True,True,0.21000000000000008,0
R02,1835086214,57,295,0.9887997238091386,0.991945754456596,0.04579850529492535,0.9887997238091386,0.456,0.804836301100239,0.7137442061057335,0.889046376351448,0.9974947606455333,300,0.14212980298016104,0.19238679122550373,0.016757513929796828,0.3500660460305446,0.23091125347546423,0.06774859235852958,0.4,0.4,True,True,0.2400000000000001,0
R02,1835086214,58,300,0.9904424460247501,0.9904430274818377,0.11421215653329178,0.9904424460247501,0.126,0.8036265279322737,0.7220921832458298,0.8902545955232577,1.0093090212889206,304,0.23793984306728688,0.21125274033337538,0.0541983540407987,0.21523444325824265,0.2505642840347724,0.030810335265523976,0.6,0.0,True,True,0.27000000000000013,0
R02,1835086214,59,304,0.9672172386313309,0.9889843233015325,0.030377871169476926,0.9672172386313309,0.55,0.8066115773876037,0.7187447937809198,0.8902363934355091,1.0009327886937383,301,0.09696524621726875,0.16329804574736714,0.11781208226478491,0.2623673498955087,0.24503628732288554,0.114520988552185,1.0,0.2,True,True,0.30000000000000016,0
R02,1835086214,60,301,0.9853911900161679,0.9860401652057157,0.05831596998827151,0.9853911900161679,0.4,0.8090680514682926,0.7186325962836823,0.8809070876426518,1.0083046175315467,300,0.13531302739760495,0.23459765830331977,0.03337165184482042,0.378015234110892,0.19847166775346783,0.020230760589895022,0.0,0.4,True,True,0.3300000000000002,0
R02,1835086214,61,300,0.9885651930564603,0.9905355867029942,0.04951176543513792,0.9885651930564603,0.456,0.8123245784956682,0.7162160906851092,0.8928163788783866,0.9875346231164334,300,0.10643905269513841,0.2678544591895221,0.005755987379083088,0.2672862996791587,0.30356114501741827,0.04910305603967955,0.4,0.4,True,True,0.3600000000000002,0
R02,1835086214,62,300,0.9898462001892677,0.991955373031752,0.0489813841783271,0.9898462001892677,0.456,0.8149262651825608,0.7235461610216898,0.8686034672870809,1.0221776234311732,299,0.2267609358854515,0.22545355306317622,0.010253548132214933,0.37926567293467617,0.12534363148266486,0.032922658501816346,0.4,0.4,True,True,0.39000000000000024,0
R02,1835086214,63,299,0.992377927130717,0.9923780341458496,0.12770065239224704,0.992377927130717,0.126,0.8172220148746319,0.7222766267541875,0.8783781442814969,1.0061946005734812,296,0.12384717229477653,0.21060212257157582,0.028658959658325323,0.22253565708408812,0.28317511861561984,0.13118096977561422,0.6,0.0,True,True,0.42000000000000026,0
R02,1835086214,64,296,0.9903730404561202,0.9903731800116053,0.1255712184152527,0.9903730404561202,0.126,0.8189946837630377,0.7224823246613367,0.8766612167427713,1.0062695941332238,297,0.14149411556073171,0.22926831435103873,0.05351588412725423,0.21519230421224658,0.23060443444712045,0.12992494730160842,0.6,0.0,True,True,0.45000000000000023,0
R02,1835086214,65,297,0.9888771918693754,0.9888794501067457,0.10339932917794062,0.9888771918693754,0.21400000000000002,0.8163401062897785,0.7274446699917511,0.8617702511186136,1.0340399895749879,300,0.20108076954351525,0.1681066288608315,0.09200066641810925,0.2626297402321951,0.16387578025059715,0.11230641469475156,0.2,0.2,True,True,0.48000000000000026,0
R02,1835086214,66,300,0.991988087393625,0.9930718821996825,0.05429037362988093,0.991988087393625,0.41400000000000003,0.815486688736029,0.7296944289433329,0.8539367171007513,1.0478484289898047,304,0.17027490563961742,0.19604336389585209,0.05163493096129233,0.27686402696272366,0.1917174554699948,0.11346531707051973,0.2,0.4,True,True,0.5100000000000002,0
R02,1835086214,67,304,0.9899637877998287,0.9899656207603785,0.10506895427040547,0.9899637877998287,0.2,0.8180459350568647,0.7383963768271293,0.856027389634159,1.0544456642960252,303,0.25233336663703865,0.18481772758467055,0.045151493746656564,0.22550213113982806,0.23742172121741476,0.05477355967439147,0.0,0.2,True,True,0.5400000000000001,0
R02,1835086214,68,303,0.9908678735576446,0.9908678744703157,0.16561311268065973,0.9908678735576446,0.0,0.8150880254633763,0.7320471198331551,0.8523977386588111,1.0536399631308762,307,0.06963202309227731,0.26993699291246315,0.12025480766177223,0.32008235779050925,0.20986543994033985,0.010228378602638241,0.0,0.0,True,True,0.5700000000000001,0
R02,1835086214,69,307,0.991269623470932,0.9913623406825792,0.07384785431077337,0.991269623470932,0.326,0.8148119442218489,0.7308426553561498,0.8573738537401417,1.0461555538182767,311,0.12997364393315525,0.18432904081456142,0.15353344359462845,0.25390577089778743,0.25107944473605903,0.02717865602380833,0.6,0.2,True,True,0.6,0
R02,1835086214,70,311,0.9878433494571458,0.9878433503415266,0.16583942396148715,0.9878433494571458,0.0,0.8182553342184473,0.7421972406828701,0.854687747524757,1.0612629729353364,310,0.28620897618159735,0.2133903714048977,0.0029440768840070636,0.18488430406141892,0.21525639579314718,0.09731587567493187,0.0,0.0,True,True,0.6299999999999999,0
R02,1835086214,71,310,0.9882101822983824,0.988214754414046,0.09777900794747077,0.9882101822983824,0.21400000000000002,0.8169837960928318,0.745106480321521,0.8581729945204752,1.0627474066580918,316,0.18773877090993102,0.16947330338894048,0.09762443028220004,0.1947195432735191,0.24477010874096986,0.10567384340443958,0.2,0.2,True,True,0.6599999999999998,0
R02,1835086214,72,316,0.9887931153564512,0.9898369060030837,0.054563776655641924,0.9887931153564512,0.41400000000000003,0.8124128130513798,0.7462858572634619,0.8431965734343513,1.089430711767141,320,0.16793376197521023,0.2126671577369536,0.05007985125897844,0.4076792701614579,0.15420439182961768,0.0074355670377821,0.2,0.4,True,True,0.6899999999999997,0
R02,1835086214,73,320,0.9841516182001662,0.9872607524529,0.04585472732708313,0.9841516182001662,0.456,0.8115606534729559,0.7427037314492979,0.8588769160909162,1.0655251188145414,325,0.10915208811261479,0.19687073554024803,0.09397094761545803,0.23649784699609794,0.3061399175724642,0.05736846416311688,0.4,0.4,True,True,0.7199999999999996,0
R02,1835086214,74,325,0.9898891667620706,0.990016906118138,0.07128633513600731,0.9898891667620706,0.326,0.7955066006655548,0.7408205238552659,0.8724679642893542,1.0673816414077208,314,0.1281497372304101,0.1319048297394022,0.13449185582485795,0.2957150720934308,0.29739369903764845,0.012344806074250625,0.6,0.2,True,True,0.7499999999999996,0
R02,1835086214,75,314,0.988990140014345,0.9889989903945074,0.09252781736002852,0.988990140014345,0.22400000000000003,0.7966409113892504,0.7409936300286707,0.8852211678604188,1.0507516444015519,319,0.1526766545771018,0.19547249734281452,0.07281176948327593,0.22507888223454076,0.30937282514107006,0.044587371221196825,0.8,0.0,True,True,0.7799999999999995,0
R02,1835086214,76,319,0.989497097004262,0.9897148772859429,0.06703724802182168,0.989497097004262,0.326,0.7956359069103621,0.7483223511446285,0.8883553671308513,1.0587358328496095,320,0.242230032717392,0.1805452852182702,0.028988953303477907,0.25885747783340607,0.2582815802823717,0.031096670645082154,0.6,0.2,True,True,0.8099999999999994,0
R02,1835086214,77,320,0.9879044804605287,0.9880407350701852,0.07075673979561425,0.9879044804605287,0.326,0.7935634453152701,0.7394117316780574,0.8924119964032566,1.0440932375397924,326,0.04381872613325428,0.19663867977817903,0.09242480436126416,0.30778148620821205,0.2644608299274525,0.09487547359163798,0.6,0.2,True,True,0.8399999999999993,0
R02,1835086214,78,326,0.9872426134669778,0.9875852522030193,0.06341267527249479,0.9872426134669778,0.35,0.8001116593321156,0.7342137129665017,0.8891961385507922,1.0319872328703974,323,0.08465709840433995,0.2959351514173511,0.016474080011490155,0.35113228976343247,0.23012670893930606,0.021674671464080263,1.0,0.0,True,True,0.8699999999999992,0
R02,1835086214,79,323,0.9900902416008142,0.9913744844910198,0.052925925522464,0.9900902416008142,0.41400000000000003,0.8000562557354258,0.7395253975874644,0.900276524695713,1.0267309234690507,323,0.21277962836609687,0.17341575635739273,0.05599965291446895,0.21380278901961655,0.31505218331558554,0.028949990026839303,0.2,0.4,True,True,0.8999999999999991,0
R02,1835086214,80,323,0.9921771248073125,0.9924163604515133,0.06631099852743422,0.9921771248073125,0.326,0.7960381083633835,0.7423100828314108,0.9102488722261417,1.0244513783185063,322,0.18451193904149477,0.18409919569109795,0.01772808908806736,0.19129578094883554,0.31169809415956656,0.11066690107093775,0.6,0.2,True,True,0.929999999999999,0
R02,1835086214,81,322,0.9904762565278532,0.9916436880332318,0.05368718587589574,0.9904762565278532,0.41400000000000003,0.8017607560930956,0.7376096882489996,0.9086520735666199,1.0124747365773292,307,0.09268886948949327,0.19637263787581924,0.01986873072227857,0.2809992987513519,0.24714044281546171,0.16293002034559545,0.2,0.4,True,True,0.9599999999999991,0
R02,1835086214,82,307,0.9910227266799229,0.9910227305989358,0.15401478006933667,0.9910227266799229,0.014000000000000002,0.7986894924164508,0.7411272997534403,0.8990283236192527,1.0321467890679001,315,0.19247619896113252,0.2514520759777898,0.052031910506552585,0.22495465112781746,0.20620728704647373,0.07287787638023392,0.2,0.0,True,True,0.9899999999999991,0
R02,1835086214,83,315,0.9893571172949184,0.9893741031672894,0.0873414915344738,0.9893571172949184,0.22400000000000003,0.8001693879503622,0.7409646858364984,0.8884125260501562,1.0423195998681771,319,0.14867188838412718,0.18930525832051176,0.05412649673212758,0.26276833447882225,0.19643517396414378,0.1486928481202675,0.8,0.0,True,True,1.0199999999999991,0
R02,1835086214,84,319,0.9919182255691169,0.991918696689583,0.11589899309261883,0.9919182255691169,0.126,0.7913309909434144,0.74170095663402,0.8957092842711679,1.0464141145018189,326,0.1598063136168308,0.15301000147915447,0.0518115679108443,0.2578685023127389,0.28069005413013653,0.09681356055029501,0.6,0.0,True,True,1.0499999999999992,0
R02,1835086214,85,326,0.9752506383273272,0.9916023543912966,0.03267602278663526,0.9752506383273272,0.526,0.7948300514223327,0.7335144046931703,0.9061383558440511,1.0184503319738893,321,0.04873119863564104,0.2508888840565638,0.09457853152084544,0.2758168984041096,0.3028496933436321,0.027134794039208154,0.6,0.4,True,True,1.0799999999999992,0
R02,1835086214,86,321,0.9887288643620341,0.9887533687617611,0.08441936139625901,0.9887288643620341,0.256,0.7995707110653921,0.7392440056470774,0.9070255164667229,1.019322074998723,319,0.21756651485707032,0.17445297191219908,0.05326949525804343,0.24371830991157886,0.2575049810353844,0.05348772702572389,0.4,0.2,True,True,1.1099999999999992,0
R02,1835086214,87,319,0.9884875005905156,0.9885875755645046,0.0732176680307398,0.9884875005905156,0.326,0.8002713194581687,0.7347905824205072,0.9132087721258586,1.0054402202450754,322,0.09385971319729564,0.2906981516022444,0.04143240074900518,0.2194914359081166,0.28442903652903967,0.07008926201429844,0.6,0.2,True,True,1.1399999999999992,0
R02,1835086214,88,322,0.9874297527261201,0.9903939106139694,0.04626005354603781,0.9874297527261201,0.456,0.8054424899030699,0.7251522916129184,0.9122297303580208,0.9869393504646933,315,0.026265478917956726,0.2969967918630048,0.008170859834094706,0.41125324712728417,0.25170917722374025,0.005604445033919265,0.4,0.4,True,True,1.1699999999999993,0
R02,1835086214,89,315,0.987637933489649,0.9906329639362361,0.046179496950797816,0.987637933489649,0.456,0.8051760288187281,0.7234983007260457,0.9210067573222187,0.9756271152109627,311,0.12004529617216597,0.16276747779961595,0.19593989189468236,0.21197888476102023,0.3033477664425465,0.005920682929968861,0.4,0.4,True,True,1.1999999999999993,0
R02,1835086214,90,311,0.9846394236953591,0.9921177720781655,0.038907492131481515,0.9846394236953591,0.526,0.8088505181017652,0.7158170793137161,0.9289060815899969,0.9527127605274756,305,0.043671170299657794,0.18507750384114596,0.05029501788186041,0.33275527928569787,0.3525077807468972,0.035693247944740755,0.6,0.4,True,True,1.2299999999999993,0
R02,1835086214,91,305,0.9910897801698326,0.991089781066425,0.16575637960379785,0.9910897801698326,0.0,0.802064115850364,0.7268728328069809,0.9112275519036024,0.994540579586462,315,0.2730825932368831,0.16274552610649148,0.09638565778650347,0.21061418107920749,0.17606039236302579,0.08111164942788872,0.0,0.0,True,True,1.2599999999999993,0
R02,1835086214,92,315,0.9902452562001332,0.9902452834342044,0.1385769008263007,0.9902452562001332,0.014000000000000002,0.8033751545145403,0.7232780044293816,0.9149173440812843,0.9840224368329622,319,0.09686016578437186,0.195818845537404,0.13274350118077616,0.19558841790634177,0.27406273684021076,0.10492633275089523,0.2,0.0,True,True,1.2899999999999994,0
R02,1835086214,93,319,0.991127821503369,0.9914791226710512,0.06324525760891639,0.991127821503369,0.35,0.8005419699844304,0.7219012419064604,0.9165626637499075,0.9838559606021603,315,0.12233922123184873,0.1491148699335741,0.011810275867378789,0.2879577972454822,0.2656852703837578,0.16309256533795846,1.0,0.0,True,True,1.3199999999999994,0
R02,1835086214,94,315,0.9393964539364513,0.991922155317825,0.023389422869078504,0.9393964539364513,0.614,0.8063533222522685,0.7238191046405941,0.9127184678820633,0.9834851892358403,306,0.16266156036820803,0.2940194181215326,0.006823226689393671,0.279537515707321,0.2390603525357329,0.01789792657781187,0.2,0.6,True,True,1.3499999999999994,0
R02,1835086214,95,306,0.9891199568870813,0.9891201595503879,0.12259136634060015,0.9891199568870813,0.126,0.8016598494952432,0.7237144947266343,0.9115838602088365,0.9903313121478471,315,0.1385793164758737,0.17737962767902274,0.08002962603872543,0.25660475652595616,0.2506861955748977,0.09672047770552439,0.6,0.0,True,True,1.3799999999999994,0
R02,1835086214,96,315,0.9907803123397071,0.9907803477082485,0.13650080366514253,0.9907803123397071,0.05600000000000001,0.7954020896616254,0.7375287699903026,0.9037701693105805,1.025968994040033,313,0.4086028657517443,0.15012063738465803,0.056641719405266196,0.15649088348944795,0.21672347561313834,0.011420418355745096,0.4,0.0,True,True,1.4099999999999995,0
R02,1835086214,97,313,0.9910745960634282,0.991964290054819,0.05585238197106791,0.9910745960634282,0.4,0.7999313139883387,0.731804276486942,0.8926440266106365,1.024858581585344,311,0.07689931245193182,0.2975142482032568,0.1341552007276522,0.26793175889347065,0.19625437115556976,0.027245108568118848,0.0,0.4,True,True,1.4399999999999995,0
R02,1835086214,98,311,0.9864179237020314,0.9864297713790686,0.0901853855528984,0.9864179237020314,0.22400000000000003,0.8010708639589323,0.7239831135098223,0.9021927977498275,1.0017472173496516,315,0.04711313559034175,0.2718250084552559,0.010665065012205696,0.32005805227233725,0.2940658690012733,0.056272869668585974,0.8,0.0,True,True,1.4699999999999995,0
R02,1835086214,99,315,0.9933215706751789,0.993321580453773,0.14675488185610835,0.9933215706751789,0.014000000000000002,0.7984957582753599,0.7277885841464812,0.8998821416919306,1.0128543377768353,316,0.18755782890187525,0.16042446018264048,0.06489480561674374,0.2242660311641073,0.23954311858542923,0.12331375554920417,0.2,0.0,True,True,1.4999999999999996,0
R02,1835086214,100,316,0.9880358391398507,0.9896439106646359,0.051122065452055006,0.9880358391398507,0.41400000000000003,0.8024939427558773,0.7220831726773019,0.903054597538801,0.9963948022535921,310,0.0710502217268108,0.187113241865362,0.08415571466429952,0.24635888770865122,0.26580335008031736,0.14551858395455922,0.2,0.4,True,True,1.5299999999999996,0
R02,1835086214,101,310,0.9906177913945593,0.9906207860841851,0.10116655488325102,0.9906177913945593,0.2,0.8024888252915862,0.7163444702639893,0.8926329543512512,1.0000230331786062,320,0.06706820275690564,0.24064457506137008,0.0918503068257961,0.30657323093456756,0.19941908283165147,0.09444460158970927,0.0,0.2,True,True,1.5599999999999996,0
R02,1835086214,102,320,0.9903417296123733,0.9903417493581615,0.1411370679283454,0.9903417296123733,0.05600000000000001,0.8003672955220779,0.721118861672692,0.88237273564242,1.0210933328281646,329,0.19489518652377685,0.2750698502781408,0.01937816121739414,0.20659789836919648,0.19501538363146945,0.1090435199800223,0.4,0.0,True,True,1.5899999999999996,0
R02,1835086214,103,329,0.9906155880443935,0.9906208806146237,0.09663358429846183,0.9906155880443935,0.21400000000000002,0.8041757264057985,0.7235668502739423,0.8722272689026219,1.0315684276418187,319,0.16879914606106122,0.18284128025792992,0.03656571717546446,0.32576652103869796,0.19045903412221957,0.09556830134462681,0.2,0.2,True,True,1.6199999999999997,0
R02,1835086214,104,319,0.992872163889556,0.9928721671917233,0.1553928700086657,0.992872163889556,0.014000000000000002,0.8028662180472697,0.7233478267057789,0.8809141986612207,1.0227521150607035,320,0.1369914868191712,0.23808706619036818,0.1094058369540489,0.1823655058042203,0.2795482832443049,0.053601820987886725,0.2,0.0,True,True,1.6499999999999997,0
R02,1835086214,105,320,0.9875020707488255,0.9875132955804408,0.09062399533478366,0.9875020707488255,0.256,0.8035380044767698,0.7259194713893548,0.8580802956795894,1.0528199218742587,321,0.1717379502358103,0.29052094200911655,0.01566715369650023,0.3051791193541547,0.12628758442245383,0.0906072502819645,0.4,0.2,True,True,1.6799999999999997,0
R02,1835086214,106,321,0.9923115662326581,0.9923115717588841,0.1512895240348623,0.9923115662326581,0.0,0.8059814173143973,0.7250637385197843,0.8595159010797372,1.046639790794112,317,0.13050300874871612,0.1658904756056867,0.06619696795592912,0.23789477692458016,0.2362181748405335,0.16329659592455437,0.0,0.0,True,True,1.7099999999999997,0
R02,1835086214,107,317,0.9893954602756037,0.9905131143643539,0.054024958642086555,0.9893954602756037,0.41400000000000003,0.7985346951169123,0.7204037240170614,0.8614547012722568,1.047248419036107,326,0.08241465529082839,0.18914820294655743,0.018854771022371094,0.2814246001584313,0.23945195150246648,0.1887058190793453,0.2,0.4,True,True,1.7399999999999998,0
R02,1835086214,108,326,0.9858970878898854,0.9865668894010956,0.05806878665032197,0.9858970878898854,0.4,0.7997756429985162,0.7343835378162084,0.8753092311450311,1.0490429047306589,322,0.31325286783542855,0.18781135726138348,0.005208557618509189,0.14852057386565518,0.33060765756325167,0.01459898585577205,0.0,0.4,True,True,1.7699999999999998,0
R02,1835086214,109,322,0.9882195092738596,0.9890952433274461,0.055955215326690635,0.9882195092738596,0.41400000000000003,0.795560808018914,0.7329339648004288,0.881484706796995,1.0451453329985831,322,0.1283700484378861,0.16144849119202032,0.06416651380061392,0.20050532607162294,0.2685319938323347,0.17697762666552208,0.2,0.4,True,True,1.7999999999999998,0
R02,1835086214,110,322,0.9904098296342866,0.9905399264944439,0.07114497065924613,0.9904098296342866,0.326,0.7942729970088205,0.7295859039783413,0.8933362361172955,1.0282333506126327,330,0.10373296772417472,0.18165377156815277,0.0818299378243744,0.21602315166537137,0.3532351391916295,0.06352503202629711,0.6,0.2,True,True,1.8299999999999998,0
R02,1835086214,111,330,0.9888043692620792,0.9913777726228408,0.04739322274245339,0.9888043692620792,0.456,0.793990094055054,0.7264200508371527,0.8931225576307701,1.024381391281649,327,0.10391802572160494,0.21173022541874223,0.10008414961139066,0.3337764810788662,0.2455997256260208,0.004891392543375188,0.4,0.4,True,True,1.8599999999999999,0
R02,1835086214,112,327,0.9906556767178908,0.9906556910902294,0.1436679875954572,0.9906556767178908,0.05600000000000001,0.7963439543623017,0.7322929132707466,0.8870192992638088,1.0366951693338646,331,0.2149233121931448,0.21913967774971943,0.0654334866906642,0.26653141584738843,0.21604498698057878,0.017927120538504416,0.4,0.0,True,True,1.89,0
R02,1835086214,113,331,0.9916039038598634,0.9916039082437048,0.15312723736677789,0.9916039038598634,0.0,0.7980635989741928,0.7412281798851365,0.8761992253897675,1.0600138863664554,327,0.25687390347408895,0.21664335611299085,0.055003657297579854,0.21528558812364734,0.18940928026169768,0.06678421472999546,0.0,0.0,True,True,1.92,0
R02,1835086214,114,327,0.9886207408729681,0.9907714342794728,0.04881670053445851,0.9886207408729681,0.42400000000000004,0.7970358954124146,0.7439093868871782,0.8853620629684447,1.0541957211819926,331,0.18428269995373275,0.19368601001950905,0.08885848035972936,0.16666990773290793,0.2839138005882699,0.08258910134585079,0.8,0.2,True,True,1.95,0
R02,1835086214,115,331,0.9909558416187287,0.9909558646761122,0.13990782604505894,0.9909558416187287,0.05600000000000001,0.7956631792602606,0.7563759223946415,0.8497803167236716,1.1186694226756004,329,0.30827506064777627,0.18903101666751357,0.038685986309340545,0.3295144994909392,0.06477230026035706,0.06972113662407345,0.4,0.0,True,True,1.9799999999999998,0
R02,1835086214,116,329,0.9900727314289397,0.9900729061066375,0.12378192472818024,0.9900727314289397,0.126,0.7971858738687787,0.7568384747988887,0.8505263287527591,1.1162355383645306,326,0.16601685654974072,0.2634546906827548,0.037865251623184486,0.27377048817109007,0.22862021850727327,0.030272494465956697,0.6,0.0,True,True,2.01,0
R02,1835086214,117,326,0.9898994923414729,0.9899015421261685,0.10417848420556923,0.9898994923414729,0.21400000000000002,0.7933547370143146,0.7461860809417937,0.8654736958774832,1.0867404975640123,323,0.027369123535618774,0.17826829937415628,0.04969326494871968,0.30872073941844436,0.3198334297719205,0.1161151429511404,0.2,0.2,True,True,2.04,0
R02,1835086214,118,323,0.9905558881670898,0.9905684523653467,0.08975130113931933,0.9905558881670898,0.21400000000000002,0.7959114716214961,0.7471125176082823,0.8480157395884959,1.1069228065652286,320,0.1654467589197294,0.21450562335958476,0.04989561759366487,0.27801571211565645,0.14544706649380484,0.14668922151755948,0.2,0.2,True,True,2.0700000000000003,0
R02,1835086214,119,320,0.991548788089689,0.9915488248768861,0.13619392856831466,0.991548788089689,0.05600000000000001,0.79380644348117,0.7427484649236613,0.8500090000848652,1.1007878285647077,322,0.09989466494741357,0.22245458893823397,0.16166519383803288,0.27192612759881646,0.23397417227609482,0.010085252401408326,0.4,0.0,True,True,2.1000000000000005,0
R02,1835086214,120,322,0.9909297570621641,0.9909297640319468,0.14943106603377704,0.9909297570621641,0.0,0.796888892147396,0.7382425269802595,0.8557167204796527,1.0826080900082855,321,0.09539356628476497,0.2418468863116542,0.013424492260567421,0.25997405046380045,0.25354310201637037,0.13581790266284252,0.0,0.0,True,True,2.130000000000001,0
R02,1835086214,121,321,0.9921817311148905,0.9921891454898941,0.09396270190405083,0.9921817311148905,0.22400000000000003,0.8024391089762292,0.7373231100091409,0.8701450484316875,1.055976141808746,311,0.13740886722367907,0.1707996469053775,0.016005765137220462,0.21199869165470256,0.46257346948541717,0.0012135595936032346,0.8,0.0,True,True,2.160000000000001,0
R02,1835086214,122,311,0.9855311543165616,0.9858163210847597,0.06485989419197484,0.9855311543165616,0.35,0.8020064449096359,0.7386801661735842,0.8789372150322219,1.0479021384811718,310,0.16529014581125565,0.26428063188712553,0.08424765902779036,0.14876849954507051,0.27903335721851563,0.05837970651024229,1.0,0.0,True,True,2.1900000000000013,0
R02,1835086214,123,310,0.99191562973981,0.9920796851869584,0.06931119262748815,0.99191562973981,0.326,0.8022605060612696,0.7456673870807974,0.8810777723759541,1.054910197934928,305,0.2365153651986541,0.1864102311537239,0.06809182783639944,0.22348292370056597,0.2501713942347717,0.035328257875884984,0.6,0.2,True,True,2.2200000000000015,0
R02,1835086214,124,305,0.989182100603399,0.9914867867594239,0.04827197310702268,0.989182100603399,0.456,0.8068649162568144,0.7583840177267576,0.882395770479302,1.065184706076571,297,0.38109210204177685,0.16707366476259125,0.03778359053744434,0.10009798059025293,0.24712887670471664,0.06682378536321816,0.4,0.4,True,True,2.2500000000000018,0
R02,1835086214,125,297,0.9897149163347521,0.9897172025976323,0.10330789056065763,0.9897149163347521,0.2,0.8036104884416183,0.7535207428079829,0.8941561934313718,1.0486636797687205,302,0.10069907459454008,0.16295774169551142,0.10508499017078728,0.2941596493765829,0.3035834290976175,0.03351511506496085,0.0,0.2,True,True,2.280000000000002,0
R02,1835086214,126,302,0.9911666824612272,0.991172207183715,0.0962962949682839,0.9911666824612272,0.2,0.8062426885090654,0.7613900973662546,0.8784035403031126,1.0750962756600027,301,0.25681739623338695,0.290025439824468,0.03169443031167408,0.22935196212833503,0.16831483107438996,0.023795940427746052,0.0,0.2,True,True,2.3100000000000023,0
R02,1835086214,127,301,0.9920026617916516,0.9921210108384558,0.07191101548776989,0.9920026617916516,0.326,0.7977246430650022,0.7558064139235533,0.8905631862728014,1.0638804449987431,303,0.09357276782014212,0.1527677838010107,0.03261610792306209,0.3383316209731009,0.3300409234165782,0.052670796066106,0.6,0.2,True,True,2.3400000000000025,0
R02,1835086214,128,303,0.9895152310365624,0.989515499127447,0.12036747722944999,0.9895152310365624,0.126,0.8015621737864327,0.7544842801607128,0.8854787771802014,1.0630038184305022,302,0.14335233666671449,0.24766196641269783,0.03973746801764933,0.2858238012606493,0.21985954767340077,0.0635648799688883,0.6,0.0,True,True,2.3700000000000028,0
R02,1835086214,129,302,0.9877227679893855,0.9887324085166495,0.054819678137243304,0.9877227679893855,0.4,0.8024011357657664,0.7491525368134101,0.879886626912798,1.0610894650242073,299,0.09240588325916221,0.20282421421982386,0.15432444936878612,0.2477359640105421,0.21477863725308358,0.08793085188860215,0.0,0.4,True,True,2.400000000000003,0
R02,1835086214,130,299,0.9876484189668683,0.9896118815516652,0.04953238869813883,0.9876484189668683,0.42400000000000004,0.7985196941949082,0.7403969501748475,0.8795118436249737,1.054234676721673,307,0.04627550252634944,0.26254555205497826,0.03366603527933022,0.2968690771609104,0.2380693970172775,0.12257443596115425,0.8,0.2,True,True,2.4300000000000033,0
R02,1835086214,131,307,0.9748876346685472,0.9878611270221448,0.03448809069077926,0.9748876346685472,0.526,0.7973474693438825,0.7405459430282076,0.8817343725617801,1.0533352440603965,315,0.1521105045262809,0.1904196288125191,0.026516994111984785,0.33449009616472913,0.2508685664965191,0.045594209887966974,0.6,0.4,True,True,2.4600000000000035,0
R02,1835086214,132,315,0.9893605961589264,0.9893606097602121,0.1440965019237801,0.9893605961589264,0.014000000000000002,0.7989118400274164,0.7525478905161495,0.8588790188144982,1.0967390107362387,314,0.3003655579919028,0.2013077039998746,0.042658276420777456,0.27480292065707074,0.12659041754448067,0.0542751233858938,0.2,0.0,True,True,2.4900000000000038,0
R02,1835086214,133,314,0.9926477980465704,0.9926481116105915,0.11914547275151875,0.9926477980465704,0.126,0.8022754365429325,0.7420819683953831,0.8729911169330484,1.0595429322470546,307,0.027018405063014547,0.18065763394255052,0.014527919648538343,0.30567395386572643,0.40578485729457253,0.06633723018559756,0.6,0.0,True,True,2.520000000000004,0
R02,1835086214,134,307,0.9909300276000242,0.9909333131850806,0.10043113387573356,0.9909300276000242,0.2,0.805768575422583,0.7338249558009712,0.8799521102514114,1.0349589245323387,304,0.04808857281696516,0.20257601861214478,0.13442959815859643,0.29949633479637155,0.271300525058339,0.04410895055758303,0.0,0.2,True,True,2.5500000000000043,0
R02,1835086214,135,304,0.993125482463126,0.9933040412600395,0.06864668470478744,0.993125482463126,0.326,0.8073404372167231,0.7446321762293995,0.8565301715040379,1.076818299399256,307,0.2812308527309604,0.23538196949923826,0.03540088919541283,0.2279178397155228,0.12286636138883804,0.09720208747002769,0.6,0.2,True,True,2.5800000000000045,0
R02,1835086214,136,307,0.9875303311497861,0.9876444406993407,0.07216539562340314,0.9875303311497861,0.326,0.8091753384365373,0.7408973310183776,0.8655311402769961,1.0578709580718393,311,0.10620954500560119,0.3171963064353651,0.030004943023033703,0.257493291397824,0.27326992961680985,0.015825984521366354,0.6,0.2,True,True,2.6100000000000048,0
R02,1835086214,137,311,0.991809759759293,0.9918101579491214,0.1172368870842481,0.991809759759293,0.126,0.8087251227663684,0.7358159069591569,0.8731812448691951,1.0419906904123084,313,0.08704303114622643,0.1987787908724376,0.02111813194815671,0.2325703053896351,0.2710160930994934,0.18947364754405072,0.6,0.0,True,True,2.640000000000005,0
R02,1835086214,138,313,0.9890540163895379,0.9890540250726364,0.14766640426396094,0.9890540163895379,0.05600000000000001,0.8127486223600563,0.7395827767742266,0.8658184825852799,1.0510023676716995,308,0.1944708145378447,0.27307202050428114,0.0752568853292927,0.24938315062306513,0.19977681101502173,0.008040317990494622,0.4,0.0,True,True,2.6700000000000053,0
R02,1835086214,139,308,0.9930223652922965,0.9930226553147181,0.1197697222371929,0.9930223652922965,0.126,0.8153430782499581,0.7377389001866099,0.8792366343267519,1.0290974928559093,294,0.12669077813868385,0.20677888499429997,0.12296452206590179,0.21137381846705477,0.32507335350986194,0.007118642824197749,0.6,0.0,True,True,2.7000000000000055,0
R02,1835086214,140,294,0.9874700378701396,0.9874700453507436,0.1488402137392606,0.9874700378701396,0.05600000000000001,0.8258804381264734,0.7394801165808208,0.866182557050059,1.0337127851489523,287,0.17035201754426743,0.26435277286520076,0.08950495459050652,0.23026319321958882,0.17434793077991137,0.07117913100052517,0.4,0.0,True,True,2.7300000000000058,0
R02,1835086214,141,287,0.9854892481262357,0.9854925620235324,0.10031900943108579,0.9854892481262357,0.2,0.8245083964102925,0.7385031541834381,0.8575280572296313,1.0445011762170535,291,0.13746304289572917,0.22633381169273328,0.06726089265381256,0.2933621858830895,0.18981877942289127,0.08576128745174413,0.0,0.2,True,True,2.760000000000006,0
R02,1835086214,142,291,0.9934852267941315,0.9934852290637736,0.1583824683123585,0.9934852267941315,0.014000000000000002,0.8176868443496523,0.7509144540160546,0.8532392857470043,1.0762981900792061,287,0.3042057192723545,0.1497682024957452,0.010607140827599906,0.22542598361347901,0.20732017120168042,0.102672782589141,0.2,0.0,True,True,2.7900000000000063,0
R02,1835086214,143,287,0.9862039184548679,0.9862039292650754,0.1458992819469834,0.9862039184548679,0.0,0.817658232970734,0.7461866731540457,0.8593277502248164,1.0619812220881446,281,0.09772427298492369,0.23946554297110256,0.10712450325972374,0.2299947428779072,0.2570619652625628,0.06862897264378,0.0,0.0,True,True,2.8200000000000065,0
R02,1835086214,144,281,0.9944651223844394,0.9946158922299215,0.07000374449436095,0.9944651223844394,0.35,0.8174777432219819,0.7494604642345727,0.8524445709558884,1.0754906553072838,280,0.19478905922786535,0.19601153671258512,0.12122466446459602,0.2710848243905276,0.19524797876776795,0.02164193643665807,1.0,0.0,True,True,2.8500000000000068,0
R02,1835086214,145,280,0.9906245083061072,0.9907238785202186,0.07329110661825984,0.9906245083061072,0.326,0.8188475811912741,0.7575678713774873,0.8520432799941496,1.0858174624151713,281,0.2572553794330403,0.17633853031462443,0.06715104044252393,0.26851143594747257,0.22421583066925005,0.00652778319308882,0.6,0.2,True,True,2.880000000000007,0
R02,1835086214,146,281,0.9840082136427255,0.9884300881284881,0.04306045713619819,0.9840082136427255,0.456,0.8242344714386634,0.7644301269194654,0.8523452938671814,1.0881066219072904,279,0.24675811388565674,0.27271891136087684,0.04666233356668196,0.19261820259666562,0.22753170936223352,0.013710729227885228,0.4,0.4,True,True,2.9100000000000072,0
R02,1835086214,147,279,0.9849986524292027,0.9851198384403481,0.07166608274777143,0.9849986524292027,0.326,0.8283957363609438,0.766045434902412,0.8671107644804632,1.0664539230795114,272,0.1854601791114976,0.16530253808038414,0.032459813925879,0.24528344183417503,0.3026752160808382,0.06881881096722606,0.6,0.2,True,True,2.9400000000000075,0
R02,1835086214,148,272,0.9873629165324858,0.9880520160991169,0.05785465954623126,0.9873629165324858,0.42400000000000004,0.8287376955657779,0.7727308948952879,0.8802622666635631,1.0592515230524528,271,0.24984664672495674,0.23655213381655207,0.04873881247492095,0.12537189259248402,0.2993128931557309,0.040177621235355426,0.8,0.2,True,True,2.9700000000000077,0
R02,1835086214,149,271,0.9882858461920256,0.9882858683124789,0.14021656056923973,0.9882858461920256,0.05600000000000001,0.8247481836140058,0.7674073455291749,0.8922360399972068,1.0428571485458182,276,0.10391244223314233,0.16787217562195866,0.08390210000210628,0.19342550929204438,0.33720991663879013,0.11367785621195826,0.4,0.0,True,True,3.000000000000008,0
R02,1835086214,150,276,0.9879604005257576,0.9886419168701509,0.057947493057930226,0.9879604005257576,0.41400000000000003,0.8257031557049201,0.7607641457339474,0.896956498290473,1.0271992920817055,269,0.08408959351538989,0.28113498991014424,0.0029972091733045667,0.23330941784905432,0.2697203114649343,0.12874847808717269,0.2,0.4,True,True,3.0300000000000082,0
R02,1835086214,151,269,0.9853871147559791,0.9853885380200958,0.10704580180453142,0.9853871147559791,0.2,0.8170273937771446,0.7564051164732465,0.9072608484614256,1.0204357606922805,275,0.10848972532495645,0.19329239129852283,0.04703516327858558,0.2852127147531953,0.3126478517762691,0.05332215356847086,0.0,0.2,True,True,3.0600000000000085,0
R02,1835086214,152,275,0.9902646317471546,0.9902646373673234,0.15113890735398752,0.9902646317471546,0.014000000000000002,0.8167145267173185,0.7499777522888089,0.8942855647861736,1.0268378755295913,280,0.07991114549030905,0.2943501843782894,0.025644449944287807,0.3151096970199459,0.18875400585445254,0.09623051731271526,0.2,0.0,True,True,3.0900000000000087,0
R02,1835086214,153,280,0.989780431100631,0.9897804330522316,0.1595544796478066,0.989780431100631,0.014000000000000002,0.8109056490625796,0.7474867826815488,0.9040882294288093,1.0195825095716446,284,0.1250989750897542,0.15805083966340575,0.08838808674543142,0.24335002355898705,0.2961561056062651,0.08895596933615652,0.2,0.0,True,True,3.120000000000009,0
R02,1835086214,154,284,0.9735264383646695,0.9875622970426952,0.033859167468721,0.9735264383646695,0.526,0.8109804833224956,0.7426129527606733,0.9136794064859284,1.0022089591548562,285,0.09375636516502388,0.21178468496530736,0.02135537882475955,0.3196729793183528,0.34352823000042526,0.009902361726131115,0.6,0.4,True,True,3.1500000000000092,0
R02,1835086214,155,285,0.9891234590194047,0.9893627074780144,0.06628604135271568,0.9891234590194047,0.326,0.8105838920006996,0.7489750484658905,0.8960886534540962,1.0311418236127805,290,0.23115929179063507,0.16339451787504733,0.03217912367291262,0.38712579247767515,0.1688859380838031,0.01725533609992686,0.6,0.2,True,True,3.1800000000000095,0
R02,1835086214,156,290,0.9926666889670847,0.992666702201436,0.14434075344153724,0.9926666889670847,0.05600000000000001,0.8043330199257919,0.7518220704861269,0.8991904593338854,1.0395071538677652,289,0.1911971805441369,0.15412893128421792,0.11445119868106898,0.2484425427722284,0.26355335612599423,0.028226790592353612,0.4,0.0,True,True,3.2100000000000097,0
R02,1835086214,157,289,0.9886792583271784,0.9886792620300211,0.15444758126351402,0.9886792583271784,0.014000000000000002,0.7998723995578808,0.7442402304370205,0.9042283835176046,1.0289974436632412,298,0.06261579343999935,0.1996498113422072,0.09276986526238229,0.3198068342435262,0.2747848505855388,0.05037284512634621,0.2,0.0,True,True,3.24000000000001,0
R02,1835086214,158,298,0.9873490418310719,0.9874185983372354,0.0761039674362213,0.9873490418310719,0.326,0.7951704161341578,0.7570282189151695,0.8842992367698917,1.0765956094052709,307,0.3958885854402871,0.1596134449466962,0.013650290985189635,0.20091687493856883,0.15246845802023812,0.07746234566902019,0.6,0.2,True,True,3.2700000000000102,0
R02,1835086214,159,307,0.9892046077603732,0.99043516298312,0.05325830595751007,0.9892046077603732,0.4,0.7854775259975189,0.7674054412195408,0.8720581028453152,1.1203292861988776,308,0.29035791562662283,0.14456464044653278,0.11492878615923975,0.2433145719180992,0.18094394876206277,0.025890137087442762,0.0,0.4,True,True,3.3000000000000105,0
R02,1835086214,160,308,0.9906909937971655,0.9906966090754835,0.09616305855450927,0.9906909937971655,0.2,0.788258873805525,0.7655096129048627,0.8720971406864582,1.1135684494251394,308,0.1434305468287373,0.20983921805250136,0.051021850218536946,0.2622477120507749,0.23622424062837233,0.09723643222107717,0.0,0.2,True,True,3.3300000000000107,0
R02,1835086214,161,308,0.9876015037504693,0.9878967967995338,0.06459891593875053,0.9876015037504693,0.35,0.7884127724293885,0.7772341322596196,0.8482149899087081,1.162230504354752,307,0.3752613016530363,0.18883363592065003,0.003778829674983277,0.27706145930136833,0.11663781645447917,0.03842695699548292,1.0,0.0,True,True,3.360000000000011,0
R02,1835086214,162,307,0.987885389770269,0.9878853934828246,0.15442033424368795,0.987885389770269,0.0,0.7889965931640399,0.7707627893756062,0.8487275114455712,1.1510053221589964,312,0.0923795466120949,0.2889617010894466,0.020837481563264263,0.3068835068709362,0.22667010263866952,0.06426766122558861,0.0,0.0,True,True,3.3900000000000112,0
R02,1835086214,163,312,0.9777262996633865,0.9921691090430433,0.03366870440183425,0.9777262996633865,0.526,0.7889392501194037,0.7650859782050315,0.8638547603010142,1.1226023549622675,315,0.09826660372757122,0.18427516010587727,0.015100599170248532,0.30054811333102455,0.3972483837043162,0.0045611399609622495,0.6,0.4,True,True,3.4200000000000115,0
R02,1835086214,164,315,0.9883482918828086,0.9883483127851056,0.1406679508727031,0.9883482918828086,0.05600000000000001,0.7919320045893941,0.7628791380519842,0.8613782278778329,1.1183402446539479,312,0.1380932344650519,0.284762525878832,0.05276260074279199,0.22820090995283732,0.21954471803460077,0.076636010925886,0.4,0.0,True,True,3.4500000000000117,0
R02,1835086214,165,312,0.9781609444225071,0.9933154721951463,0.03329499530994448,0.9781609444225071,0.526,0.791329715924062,0.75388023927508,0.851446552080628,1.1188902616812582,311,0.05181322657118837,0.25543326264982524,0.10462667506603403,0.32312604951344603,0.18103073495289207,0.08397005124661439,0.6,0.4,True,True,3.480000000000012,0
R02,1835086214,166,311,0.9875229010928369,0.9875333220946791,0.09121563216101396,0.9875229010928369,0.22400000000000003,0.7896273687147801,0.744692375589359,0.8663018968725652,1.0886429122240517,306,0.04382685347541221,0.25494187428246257,0.00010338214981624029,0.2921890714655278,0.37091636499682545,0.038022453629955766,0.8,0.0,True,True,3.510000000000012,0
R02,1835086214,167,306,0.9914104127244654,0.9915667535463261,0.06969048162722165,0.9914104127244654,0.326,0.7976838130386076,0.7388207316576575,0.8676921499992771,1.0674379176378432,300,0.07953718559708148,0.23577657747152667,0.0605835680926782,0.29521354483864615,0.24010221406984195,0.08878690993022562,0.6,0.2,True,True,3.5400000000000125,0
R02,1835086214,168,300,0.9789981657087667,0.9817112946253377,0.04689435162820937,0.9789981657087667,0.456,0.8013132032768852,0.7289396703301355,0.8663060659133033,1.0500692284823852,294,0.02574969069201146,0.17565454566549069,0.00688800124851865,0.45740414904430704,0.2269156545697695,0.10738795877990279,0.4,0.4,True,True,3.5700000000000127,0
R02,1835086214,169,294,0.9919217225383078,0.9919217241868492,0.1609150160327414,0.9919217225383078,0.0,0.801251871424255,0.7332961053939603,0.8495915334080115,1.077209427835298,298,0.19754273225414415,0.17096427186977742,0.08276475080695082,0.2677541277843135,0.14958037043019265,0.13139374685462157,0.0,0.0,True,True,3.600000000000013,0
R02,1835086214,170,298,0.9905807871518538,0.9905807920633577,0.15221431915393302,0.9905807871518538,0.014000000000000002,0.8032391888894252,0.7461681768238813,0.8512841926454628,1.0912324318725963,301,0.3067109587452369,0.22268931368363729,0.005154990045403256,0.17263830909159897,0.2332590628912621,0.05954736554286146,0.2,0.0,True,True,3.630000000000013,0
R02,1835086214,171,301,0.9783825036173683,0.9903281529501939,0.03516497816701912,0.9783825036173683,0.526,0.8090077775350074,0.7445804334173605,0.8514815938839869,1.0808953738875193,296,0.13400831793341633,0.19472534900290486,0.10123402473900167,0.25742738583425984,0.22662910251535154,0.0859758199750656,0.6,0.4,True,True,3.6600000000000135,0
R02,1835086214,172,296,0.9899281766060153,0.9899347709776077,0.09487754918800242,0.9899281766060153,0.22400000000000003,0.8161240862340203,0.7528799758123319,0.8488910912249904,1.086719788179461,290,0.25660705082299395,0.18027564353352193,0.1323043606524474,0.19205791316626508,0.21278828364701066,0.025966748177761158,0.8,0.0,True,True,3.6900000000000137,0
R02,1835086214,173,290,0.992616839387074,0.9926168403572823,0.1651405103993197,0.992616839387074,0.0,0.8198210114601281,0.7561977155623697,0.8379403125876566,1.1007868473376983,287,0.19952173175818,0.18200193402038228,0.0337751530001201,0.2988869507723517,0.16969165242582596,0.11612257802314005,0.0,0.0,True,True,3.720000000000014,0
R02,1835086214,174,287,0.9870103853359387,0.987023812321934,0.0891940958251578,0.9870103853359387,0.256,0.8211630478787237,0.7525594368871258,0.8541462813288909,1.0729491834740947,287,0.11464508878593163,0.18573922733969822,0.022854196755140065,0.21927463958096788,0.39641287097958516,0.06107397655867697,0.4,0.2,True,True,3.750000000000014,0
R02,1835086214,175,287,0.9910676648298932,0.9910677125543884,0.1341180982519523,0.9910676648298932,0.05600000000000001,0.81004367474319,0.7571958381864734,0.8666251795454202,1.0786200276003983,294,0.2158046642962982,0.14482308278350808,0.06940783839957798,0.241579940321788,0.2894676317470918,0.03891684245173598,0.4,0.0,True,True,3.7800000000000145,0
R02,1835086214,176,294,0.9876422153868328,0.9876423608993358,0.12521651014550103,0.9876422153868328,0.126,0.8237224374519142,0.7562555871755438,0.8578598403683616,1.070215811320845,280,0.14899426122992504,0.17899554797885814,0.210878283168863,0.20640112492851462,0.1894858938874174,0.06524488880642183,0.6,0.0,True,True,3.8100000000000147,0
R02,1835086214,177,280,0.9848391169325559,0.9848405962085641,0.10673411632599271,0.9848391169325559,0.2,0.8284506024689006,0.7545550910305335,0.8720738563315255,1.044410113078459,278,0.1389035401720866,0.16824031618371554,0.008943336119078212,0.3184202911006186,0.32900208612484366,0.036490430299657345,0.0,0.2,True,True,3.840000000000015,0
R02,1835086214,178,278,0.975448038866835,0.9888191482574791,0.0342555067387273,0.975448038866835,0.55,0.8236683885982949,0.7525988282172216,0.8690879392706145,1.0513502350372954,286,0.1346436467276845,0.18337876481212972,0.05616899806188311,0.24744859746174608,0.22110734286120776,0.15725265007534872,1.0,0.2,True,True,3.870000000000015,0
R02,1835086214,179,286,0.9889438514115378,0.9896892264271582,0.05724295913122056,0.9889438514115378,0.42400000000000004,0.8191776822038255,0.7583566897096334,0.860805369692307,1.07545054232533,286,0.22984753629091173,0.1513500430011634,0.03853252737368402,0.22767093083785256,0.1931311217437701,0.15946784075261822,0.8,0.2,True,True,3.9000000000000155,0
R02,1835086214,180,286,0.98967322661195,0.9896732403889338,0.14399684903237947,0.98967322661195,0.05600000000000001,0.8199356021964717,0.7617137386757674,0.840372116399833,1.1054533256883772,288,0.20343604314519578,0.20410493796511398,0.13782567968296253,0.27630001863330667,0.12823641838378325,0.05009690218963762,0.4,0.0,True,True,3.9300000000000157,0
R02,1835086214,181,288,0.9798146384887627,0.9929886263630003,0.034407224593611216,0.9798146384887627,0.526,0.8235261433240962,0.7533864882719223,0.8550941756407342,1.0698588610495219,283,0.059480456624291474,0.22679585021983506,0.1818628591917709,0.21372137721519072,0.2937963544044222,0.024343102344489703,0.6,0.4,True,True,3.960000000000016,0
R02,1835086214,182,283,0.9921816566680437,0.9921980369815447,0.08765314392254651,0.9921816566680437,0.256,0.8227507975787058,0.7506405079220669,0.8535712587790228,1.06886757355546,281,0.12404180079675885,0.1872532910719628,0.07809502910649324,0.2923190083856239,0.21993250351181007,0.0983583671273512,0.4,0.2,True,True,3.990000000000016,0
R02,1835086214,183,281,0.9787652453853776,0.992813681338927,0.03389425351735318,0.9787652453853776,0.55,0.816488400388332,0.7627308414164211,0.8614425504110383,1.0844136329805547,283,0.3077794861307192,0.20210945055103738,0.021712411052587886,0.1852822276997565,0.2661420875495886,0.016974337016310445,1.0,0.2,True,True,4.0200000000000164,0
R02,1835086214,184,283,0.9891419075367254,0.9898749794533753,0.05737693777351255,0.9891419075367254,0.4,0.8179888036756384,0.7621332633659978,0.8752982953699345,1.064455413294351,283,0.1567370502549731,0.1925646012683731,0.031154069282035658,0.2264213125844105,0.3847868135196345,0.008336153090573088,0.0,0.4,True,True,4.050000000000017,0
R02,1835086214,185,283,0.9898755645613218,0.9898756578724297,0.12877133271716779,0.9898755645613218,0.126,0.8179845036757346,0.7569271169612156,0.8877684658329411,1.0423396859703218,285,0.09875645954397089,0.22015227876610927,3.4308097912216005e-05,0.32692799116836885,0.34979339052962144,0.004335571894017441,0.6,0.0,True,True,4.080000000000017,0
R02,1835086214,186,285,0.9801875607493254,0.9909925653601129,0.0359691717985974,0.9801875607493254,0.526,0.817813772956107,0.767523183365557,0.8770644158362639,1.0700537439236273,290,0.29303027815502686,0.17168504944548013,0.0181829195787302,0.21850331881808233,0.19036398293308468,0.10823445106959588,0.6,0.4,True,True,4.110000000000017,0
R02,1835086214,187,290,0.9811886253682389,0.9913236384913905,0.03648138167625059,0.9811886253682389,0.526,0.8178040267447101,0.7607930633914808,0.8836235339774979,1.052810058374191,291,0.08307548992751974,0.35692970755463055,0.010040843184948044,0.2755063837743074,0.2713277986243021,0.00311977693429213,0.6,0.4,True,True,4.140000000000017,0
R02,1835086214,188,291,0.9888226137655778,0.9888249489331564,0.10313223532612688,0.9888226137655778,0.2,0.813199043569596,0.7570854276919471,0.8952611805797481,1.0399160338076294,288,0.1166502183755045,0.1450821512495051,0.05845683400544054,0.2579563982470851,0.3218355167890115,0.10001888133345324,0.0,0.2,True,True,4.170000000000018,0
R02,1835086214,189,288,0.988391740833575,0.9883917446492154,0.15420640221615478,0.988391740833575,0.014000000000000002,0.8138087612888436,0.7545080784405621,0.9057350625217733,1.0236237474133019,288,0.12846152666515426,0.16894636097338242,0.10602586601472744,0.20084608347507907,0.3138435431893679,0.08187661968228897,0.2,0.0,True,True,4.200000000000018,0
R02,1835086214,190,288,0.9869407887593888,0.9869407915321989,0.1567359403882445,0.9869407887593888,0.014000000000000002,0.8059579397355091,0.7462605597562422,0.9094267752109351,1.0181467400198212,289,0.05597356547135185,0.15104285867422562,0.12850588849046823,0.3492645253026915,0.27132609470669566,0.04388706735456729,0.2,0.0,True,True,4.230000000000018,0
R02,1835086214,191,289,0.987034179332358,0.9870344135755148,0.12142183544693158,0.987034179332358,0.126,0.8081147759526573,0.740209561284116,0.9184840976898415,0.9972636775508738,288,0.07827536894607429,0.19040957884525078,0.005262610420222025,0.274327084547004,0.3170923053123055,0.13463305192914338,0.6,0.0,True,True,4.260000000000018,0
R02,1835086214,192,288,0.9679777897636824,0.9901159581185645,0.03025241515643647,0.9679777897636824,0.55,0.8068737380816562,0.7450002373088429,0.8992099894098063,1.0268090974301138,292,0.210014426111659,0.20607400436177528,0.03556303730466872,0.260964483815527,0.162871507444745,0.12451254096162515,1.0,0.2,True,True,4.290000000000019,0
R02,1835086214,193,292,0.9886764506011011,0.9889221999051968,0.06606909203698731,0.9886764506011011,0.35,0.8088024037418896,0.7485076287610726,0.9035900564328706,1.0241943003211706,284,0.19696754147089773,0.1697897804453052,0.00788491865129848,0.21798113289874402,0.27150532982022424,0.13587129671353032,1.0,0.0,True,True,4.320000000000019,0
R02,1835086214,194,284,0.9778465060300765,0.9878086031674411,0.036590087390424304,0.9778465060300765,0.526,0.8116204842261767,0.7574474245563655,0.9066062877863317,1.0293919482676757,279,0.26706471541683235,0.24412728710182774,0.0028549703976761074,0.2117199031864281,0.26687618498374094,0.007356938913494806,0.6,0.4,True,True,4.350000000000019,0
R02,1835086214,195,279,0.9897293427887482,0.9897400834804337,0.09099287594763907,0.9897293427887482,0.256,0.8138013677244997,0.767477862114461,0.9040351712616705,1.0431868761655572,273,0.2862851098239227,0.1809658262071628,0.012511207030902555,0.13396777319812828,0.24044756126986036,0.14582252247002334,0.4,0.2,True,True,4.380000000000019,0
R02,1835086214,196,273,0.9863582686942572,0.9878303258781621,0.051810934629662186,0.9863582686942572,0.42400000000000004,0.8124829352473552,0.7566609000163377,0.8990526134306571,1.0358620838433041,276,0.03196163759499686,0.39544408355405,0.018438080205153883,0.3045186720954501,0.22710479647576798,0.022532730074581307,0.8,0.2,True,True,4.41000000000002,0
R02,1835086214,197,276,0.9895316225647228,0.9895374123263657,0.09591016110261294,0.9895316225647228,0.21400000000000002,0.8139857077386815,0.7515872940444669,0.9091473520875915,1.0156132820893669,278,0.09699298786182627,0.2302034760389811,0.017974763259152968,0.21867924943187117,0.36893809388080995,0.06721142952735865,0.2,0.2,True,True,4.44000000000002,0
R02,1835086214,198,278,0.9879946757502807,0.9893625521666389,0.05240755253408161,0.9879946757502807,0.42400000000000004,0.8089522494694519,0.7470051619877394,0.9132131525139326,1.011180202495498,292,0.09996540806869735,0.22145133000058143,0.10352417592528959,0.2777658397095353,0.27490267817550157,0.022390568120394836,0.8,0.2,True,True,4.47000000000002,0
R02,1835086214,199,292,0.9895796613334132,0.9901330938044605,0.059616622589919496,0.9895796613334132,0.4,0.8059672848254397,0.7488139798960791,0.9095021674058843,1.021533919739347,293,0.17698845009658348,0.16777699811521352,0.07778864858057866,0.18356024246548341,0.23805165071672432,0.15583401002541658,0.0,0.4,True,True,4.50000000000002,0
R02,1835086214,200,293,0.9881409317095502,0.9881409371830612,0.15133229370986537,0.9881409317095502,0.014000000000000002,0.8038977129736781,0.7453648950365752,0.9185519506652958,1.0094025969070253,300,0.11239517669125028,0.20867192456128628,0.11806101293604043,0.21600538424550203,0.30211497478915883,0.04275152677676213,0.2,0.0,True,True,4.530000000000021,0
R02,1835086214,201,300,0.9882956766720848,0.9883020012637194,0.09519690974118838,0.9882956766720848,0.21400000000000002,0.8001286061178615,0.7403472727392866,0.9256228360515419,0.9996353894811869,307,0.09063278068175214,0.20965997729388758,0.13982795736157524,0.20813061369576324,0.29463040226387827,0.05711826870314348,0.2,0.2,True,True,4.560000000000021,0
R02,1835086214,202,307,0.974553011860935,0.9860137328604082,0.035460101467358014,0.974553011860935,0.526,0.7955996772161834,0.7533299091023222,0.9073090039567111,1.0436031741693632,312,0.33921628552940636,0.18286278019157298,0.025360722830300733,0.28076939359686603,0.17124225755161648,0.0005485603002374302,0.6,0.4,True,True,4.590000000000021,0
R02,1835086214,203,312,0.9861332810902353,0.9862925421530793,0.06950071625929116,0.9861332810902353,0.326,0.7968522213216112,0.7656634136472061,0.9099401647561798,1.055959526234,321,0.32847456630813165,0.1825499264527082,0.09754083803870653,0.12259283481401298,0.2668103059756988,0.00203152841074175,0.6,0.2,True,True,4.620000000000021,0
R02,1835086214,204,321,0.9890858965617847,0.9893042906692413,0.06701154071953022,0.9890858965617847,0.35,0.7976549746445588,0.7762650198350692,0.9180811739780287,1.0600195044606795,313,0.29855971087779193,0.2156158470127942,0.05506777877963768,0.08931062923140544,0.29567512848733457,0.04577090561103629,1.0,0.0,True,True,4.650000000000022,0
R02,1835086214,205,313,0.9844947005026725,0.9845188530698923,0.08450031636327857,0.9844947005026725,0.256,0.79811764022511,0.7704787904046548,0.8928943853984259,1.0811692522167173,313,0.10033776951673846,0.30397098166147624,0.11330710061287429,0.322530154316726,0.13310664409100056,0.026747349801184532,0.4,0.2,True,True,4.680000000000022,0
R02,1835086214,206,313,0.9888863939093263,0.9888863969238357,0.1560863473701079,0.9888863939093263,0.0,0.7961556158608681,0.7611938227536215,0.9036049468585833,1.0580804560799089,315,0.0529871483649918,0.2076464806546576,0.16777746955764425,0.2585810316279761,0.3122390504558625,0.0007688193388677325,0.0,0.0,True,True,4.710000000000022,0
R02,1835086214,207,315,0.9880967931652721,0.9896236056711669,0.05153465922128957,0.9880967931652721,0.4,0.7989205124104757,0.7504672131111114,0.913244452172725,1.0285871839299388,313,0.029163518689637544,0.34783801496795946,0.02985130094098041,0.19942689548861822,0.31754750185540437,0.07617276805739998,0.0,0.4,True,True,4.740000000000022,0
R02,1835086214,208,313,0.9867398467543987,0.9879934608798723,0.05309087742032234,0.9867398467543987,0.42400000000000004,0.8026698861048256,0.7538965319946094,0.9050538470182594,1.037768196144171,303,0.1994084942381698,0.2703818957618386,0.07885024102748547,0.20215575266676789,0.21566920031403466,0.03353441599170371,0.8,0.2,True,True,4.770000000000023,0
R02,1835086214,209,303,0.9878885700538608,0.98788858032309,0.14632152909789992,0.9878885700538608,0.05600000000000001,0.7970169966141378,0.756985566077443,0.8984859290090207,1.0570821407727238,310,0.19729825853205124,0.21568722719219802,0.05660156604548304,0.3031218713788806,0.21968733346293629,0.007603743388450853,0.4,0.0,True,True,4.800000000000023,0
R02,1835086214,210,310,0.9863171833081343,0.9898696267899124,0.04481472517269558,0.9863171833081343,0.456,0.7946250289945611,0.7513632552948926,0.9064100586798398,1.0431889925097289,309,0.09033709401652139,0.17351546670643525,0.1174277383667068,0.26195381863391204,0.2888636128586057,0.06790226941781893,0.4,0.4,True,True,4.830000000000023,0
R02,1835086214,211,309,0.9875554225142348,0.9875554464574949,0.13958036306305363,0.9875554225142348,0.05600000000000001,0.7945758816524942,0.7522007436141788,0.890128198752945,1.0635203895599725,315,0.16757063855038526,0.264470669037121,0.017559735282085247,0.26931770515919434,0.17179572970544568,0.10928552226576854,0.4,0.0,True,True,4.860000000000023,0
R02,1835086214,212,315,0.9844664754019974,0.9879987775929309,0.044844926099000156,0.9844664754019974,0.456,0.7983304570411442,0.7468570883258268,0.8906341694056431,1.0504017966833004,313,0.0908297736544618,0.24723591086611416,0.12528679761128178,0.20548934378488204,0.24759395263996295,0.0835642214432972,0.4,0.4,True,True,4.890000000000024,0
R02,1835086214,213,313,0.9906257896148336,0.9911764849184197,0.05966447304375974,0.9906257896148336,0.35,0.807626571573441,0.7513444027452562,0.8743986254837631,1.0639445396006004,297,0.21037711044650972,0.176376013638776,0.0858317787727435,0.2951002814515019,0.16413936509342184,0.06817545059704691,1.0,0.0,True,True,4.920000000000024,0
R02,1835086214,214,297,0.9855135939548836,0.9855176887472867,0.09863493141934257,0.9855135939548836,0.21400000000000002,0.8044923489366755,0.7508442828884654,0.8730536861371156,1.0690229032498462,295,0.15083875350590006,0.15737943743009083,0.010858637356968624,0.35907792997841864,0.23047461600864447,0.09137062571997738,0.2,0.2,True,True,4.950000000000024,0
R02,1835086214,215,295,0.983981045056518,0.984179930140541,0.06771505890425801,0.983981045056518,0.35,0.8062673051626873,0.7533691793697366,0.8857483175234041,1.05491741979141,289,0.18833888282118066,0.16473419516336807,0.023419756848848283,0.17193955613666467,0.30994709162151357,0.1416205174084247,1.0,0.0,True,True,4.980000000000024,0
R02,1835086214,216,289,0.9901934883288313,0.990311791450608,0.07189957582866925,0.9901934883288313,0.326,0.812450610623762,0.7555229494839808,0.873479877993084,1.0646277612515374,281,0.18527786353413792,0.20197304166939398,0.06905200896393845,0.2975846472333324,0.18153196111010167,0.06458047748909548,0.6,0.2,True,True,5.010000000000025,0
R02,1835086214,217,281,0.9887669540876971,0.988791576440781,0.0843814446246795,0.9887669540876971,0.256,0.8142028229900968,0.7621196074264589,0.8611232190851748,1.0869892064646398,282,0.2421600677084645,0.2686536776630752,0.07537472150133409,0.2121873849784862,0.17495664445699557,0.026667503691644452,0.4,0.2,True,True,5.040000000000025,0
R02,1835086214,218,282,0.9846645140866784,0.9846662595938435,0.10541537545138857,0.9846645140866784,0.21400000000000002,0.8119724185278131,0.7586656470497937,0.8750108971766573,1.0678141720057843,287,0.12065024993322183,0.22032549904502496,0.025614090950056716,0.2995209577975974,0.3004777302067362,0.03341147206736277,0.2,0.2,True,True,5.070000000000025,0
R02,1835086214,219,287,0.9902486010490439,0.9902514020436616,0.10169584470416011,0.9902486010490439,0.22400000000000003,0.8160550962507777,0.7554935632484758,0.8864512901540542,1.0443748643094282,284,0.1220149818896479,0.19187123170909393,0.10775684103260114,0.23007644110599332,0.2947074134753137,0.05357309078735004,0.8,0.0,True,True,5.100000000000025,0
R02,1835086214,220,284,0.9912734482435664,0.9912898027412484,0.08765840931484745,0.9912734482435664,0.256,0.8179586586677479,0.7492362588123462,0.8978061611386488,1.0202458834781318,288,0.0814671715786779,0.19173179293425716,0.09590725537026987,0.23923356812378913,0.3151095952390017,0.07655061675400428,0.4,0.2,True,True,5.130000000000026,0
R02,1835086214,221,288,0.9881620837819804,0.9884620162971925,0.06447937734782405,0.9881620837819804,0.35,0.822377040723892,0.7583764323661382,0.8758241849040036,1.0529237395414974,284,0.27002483118011483,0.17136764438142968,0.06606370458753429,0.2448115544025767,0.13899319939609875,0.10873906605224581,1.0,0.0,True,True,5.160000000000026,0
R02,1835086214,222,284,0.9902912782026102,0.9904172310122753,0.07140166768135313,0.9902912782026102,0.326,0.8211619335421675,0.7691800172758656,0.8772940033792233,1.0677117537147451,289,0.29653008160042893,0.16940835713061356,0.10811347637750046,0.13022429909448305,0.2452611848280998,0.05046260096887433,0.6,0.2,True,True,5.190000000000026,0
R02,1835086214,223,289,0.989745907794248,0.9897501048153291,0.09847275627489518,0.989745907794248,0.21400000000000002,0.8175561627788631,0.7807210164120724,0.8700583499815061,1.0975641028252408,298,0.31450532825009,0.3207124241006379,0.01849948004881307,0.1296206061645128,0.20246873470102592,0.014193426734920207,0.2,0.2,True,True,5.220000000000026,0
R02,1835086214,224,298,0.9885014900210176,0.9888794476932019,0.06264217217450398,0.9885014900210176,0.35,0.8132249079388161,0.7845628539582926,0.8625924248843392,1.1184367534030975,304,0.2234736045852986,0.17561797953786354,0.05439727766116974,0.30028531964035315,0.19769954950491841,0.048526269070396366,1.0,0.0,True,True,5.250000000000027,0
R02,1835086214,225,304,0.9883931447900235,0.988414461081075,0.08552611622893755,0.9883931447900235,0.256,0.8125407795184936,0.7913764384228623,0.8568264324195355,1.136697994655566,304,0.2630215895310536,0.22187933267229654,0.02109951951303668,0.26369280757742664,0.202466250118151,0.027840500588035555,0.4,0.2,True,True,5.280000000000027,0
R02,1835086214,226,304,0.9811198848667515,0.9930674970172768,0.035185658281636764,0.9811198848667515,0.526,0.8089335114780496,0.796276521510272,0.8416252992305517,1.1695863780913114,313,0.24336131260690916,0.19371236788230384,0.09045402334872112,0.3020181835906461,0.15240755026484917,0.018046562306570667,0.6,0.4,True,True,5.310000000000027,0
R02,1835086214,227,313,0.9908687108115792,0.9910305195984497,0.0694125327532897,0.9908687108115792,0.326,0.8118973949451243,0.7989138296445294,0.8489138945610627,1.1591380152310906,318,0.21813917762213852,0.244189600756605,0.04280442498815908,0.16753393530598237,0.25725562626783044,0.07007723505928468,0.6,0.2,True,True,5.340000000000027,0
R02,1835086214,228,318,0.9893824352456201,0.9925361089190159,0.045783926404767826,0.9893824352456201,0.456,0.812190954970349,0.7881651324643928,0.8640225051049564,1.1231403111292875,318,0.052462428776122644,0.21945189969421874,0.0029698351014414703,0.23531879924373642,0.4327164618195498,0.057080575364931004,0.4,0.4,True,True,5.370000000000028,0
R02,1835086214,229,318,0.9762918378439607,0.9879923249969457,0.03531124641717367,0.9762918378439607,0.526,0.810997280177035,0.7760504750651179,0.8776202545944607,1.0903449930729798,318,0.028669990299309805,0.19680611015388458,0.04110161388649294,0.3014216918765524,0.42883099478704717,0.0031695989967130763,0.6,0.4,True,True,5.400000000000028,0
R02,1835086214,230,318,0.9905346297845257,0.9906584671234091,0.07153843712910489,0.9905346297845257,0.326,0.8113149807854991,0.7676742659484388,0.8779663444822359,1.0777291235031585,315,0.06782893295720953,0.1858632519018668,0.12175304911538597,0.2809579439015806,0.240540576736106,0.10305624538785105,0.6,0.2,True,True,5.430000000000028,0
R02,1835086214,231,315,0.9901719675094314,0.9911550430001614,0.05505140360345187,0.9901719675094314,0.42400000000000004,0.8084101750770087,0.7743952884776119,0.8901697100340122,1.076113596062707,325,0.25130919783243777,0.1999563235853913,0.021548023764680468,0.1439685255940585,0.34801265094745937,0.035205278275972744,0.8,0.2,True,True,5.460000000000028,0
R02,1835086214,232,325,0.990992447829181,0.990995337273596,0.10145434647229651,0.990992447829181,0.2,0.8071398364904013,0.7690587852754963,0.8858959194974596,1.0755436829656233,316,0.10479076527206377,0.22208823878195746,0.1511671638428058,0.24055225405433842,0.2237159023342428,0.05768567571459163,0.0,0.2,True,True,5.490000000000029,0
R02,1835086214,233,316,0.985334925380089,0.9853414015773874,0.09498446989728201,0.985334925380089,0.22400000000000003,0.7974499288890082,0.7753839376859808,0.8973063275477137,1.0836091068964495,314,0.2472261459282411,0.1392218839666648,0.007469572572729693,0.25638982529504095,0.33809483407210833,0.011597738165215133,0.8,0.0,True,True,5.520000000000029,0
R02,1835086214,234,314,0.9839476563077685,0.9868764095326269,0.04632738163019243,0.9839476563077685,0.456,0.7986158896925358,0.7788060083976561,0.9055203163525792,1.0769440665619812,313,0.21489084494967917,0.16372368019288894,0.11519763245337705,0.21445705113811098,0.2897231077981846,0.0020076834677593457,0.4,0.4,True,True,5.550000000000029,0
R02,1835086214,235,313,0.9909365380056261,0.9909428861149892,0.09518860752707227,0.9909365380056261,0.21400000000000002,0.7984693909181537,0.7898657079777733,0.8835677376639066,1.1195800144638166,321,0.3702715786601412,0.16376557625973448,0.07274343654809472,0.2379794158955048,0.14299726473292643,0.012242727903598368,0.2,0.2,True,True,5.580000000000029,0
R02,1835086214,236,321,0.9923701936089132,0.9923701979870533,0.15314374532851685,0.9923701936089132,0.0,0.7927339408429046,0.7814149809501986,0.895210963897516,1.1011053878974741,317,0.07553197964142341,0.14801799929267453,0.037155317067266644,0.3505915607348803,0.34544719608757424,0.04325594717618089,0.0,0.0,True,True,5.61000000000003,0
R02,1835086214,237,317,0.9901737983159826,0.9910958341726795,0.05556118321482996,0.9901737983159826,0.4,0.7945225395939786,0.7922985197537957,0.8730448351503103,1.1422103075153887,318,0.31192859813883855,0.18737388261268,0.028465099503780244,0.26872999455854496,0.13677483821272934,0.06672758697342684,0.0,0.4,True,True,5.64000000000003,0
R02,1835086214,238,318,0.9899127234738277,0.989913504157211,0.11186260292584468,0.9899127234738277,0.126,0.8004010938272312,0.7890472445014556,0.8857403516352793,1.1129839557583314,307,0.14204563419187016,0.19959178335990138,0.14628471793256814,0.17591813499295636,0.3282759726370982,0.007883756885605815,0.6,0.0,True,True,5.67000000000003,0
R02,1835086214,239,307,0.988870730186911,0.99046528094773,0.051195881055694246,0.988870730186911,0.42400000000000004,0.8008040498832065,0.7938535497290621,0.8651526324064643,1.1458331871336622,311,0.24073334315849151,0.17824291304939363,0.09888124964776335,0.27348778055066725,0.13993157967356457,0.06872313392011964,0.8,0.2,True,True,5.70000000000003,0
R02,1835086214,240,311,0.9896926495505166,0.9896927241457391,0.13055182535470727,0.9896926495505166,0.05600000000000001,0.7990579804702206,0.7832762882899643,0.8786373691658179,1.1156475499789213,308,0.05144270059194196,0.16916991778928328,0.014660090436104958,0.25278940835458763,0.4754316969212432,0.03650618590683904,0.4,0.0,True,True,5.730000000000031,0
R02,1835086214,241,308,0.989288912363023,0.9892889422969318,0.13781679857662332,0.989288912363023,0.05600000000000001,0.8027343906131406,0.770754118160554,0.8907736322492361,1.0778954321177927,299,0.020520553563598738,0.3744331676106321,0.04211439715457401,0.21111668987818347,0.306055977746032,0.04575921404697968,0.4,0.0,True,True,5.760000000000031,0
R02,1835086214,242,299,0.9907758079097303,0.9908134045690432,0.08102851898089446,0.9907758079097303,0.256,0.7981016998195692,0.7710738096769074,0.9016962690243125,1.0714636541904143,308,0.1732174678047649,0.18183409050200167,0.053056652899134325,0.178090351638394,0.37005719280056876,0.04374424435513635,0.4,0.2,True,True,5.790000000000031,0
R02,1835086214,243,308,0.9929950514465771,0.9931480046726936,0.069877540572018,0.9929950514465771,0.326,0.7987249191916324,0.7706653764412379,0.9065537359681839,1.0643269567185474,307,0.16431571560219793,0.1929658329762508,0.009291323616138613,0.2637842918892762,0.2751354692315131,0.09450736668462334,0.6,0.2,True,True,5.820000000000031,0
R02,1835086214,244,307,0.9862531212650458,0.9862621612528413,0.0923370261602947,0.9862531212650458,0.256,0.7906078769233913,0.7714706546946696,0.9101756418019473,1.072094493282566,314,0.17923183844367024,0.15687804723469206,0.021360092063670965,0.24813672624900182,0.27138639715290913,0.12300689885605577,0.4,0.2,True,True,5.850000000000032,0
R02,1835086214,245,314,0.9899233358962264,0.9899647771511331,0.08024669200451251,0.9899233358962264,0.256,0.7856232680422756,0.7648128591304452,0.9148572222331818,1.0641124460233402,316,0.08644671463136272,0.15738775540639866,0.15034847633929227,0.23561043065070367,0.27849572305714604,0.09171089991509668,0.4,0.2,True,True,5.880000000000032,0
R02,1835086214,246,316,0.9875143844159394,0.9875143962188557,0.14521051338994304,0.9875143844159394,0.014000000000000002,0.7879032057018094,0.7532978116052506,0.9233715000098636,1.0354219620274034,304,0.021569942891595913,0.20440595274001966,0.0022324889217701757,0.2677543716336339,0.4367466805304824,0.067290563282498,0.2,0.0,True,True,5.910000000000032,0
R02,1835086214,247,304,0.9879004249572955,0.9902014153795605,0.0482744217184893,0.9879004249572955,0.4,0.7811587228447884,0.7566345009465382,0.9155613495252991,1.0579360175956687,304,0.20001974901937655,0.26228408636098793,0.009187984702202327,0.2772389708733548,0.22263499758210925,0.028634211461969154,0.0,0.4,True,True,5.940000000000032,0
R02,1835086214,248,304,0.9933081843381348,0.99331343205714,0.09672293489670322,0.9933081843381348,0.2,0.7877759805910622,0.7505092531240142,0.9240052145727692,1.0310480233158286,298,0.08383096531003596,0.21434701840332884,0.0035436186767036754,0.2468817712185067,0.34755495230687533,0.10384167408454957,0.0,0.2,True,True,5.970000000000033,0
R02,1835086214,249,298,0.9910099560449231,0.9911616386511748,0.06992800640269099,0.9910099560449231,0.326,0.7864761996251096,0.7600318146522296,0.9258294478134941,1.0437949642747923,303,0.2756003023052012,0.19877068232867998,0.004047405642196051,0.23654413516497866,0.2711237734900088,0.013913701068935315,0.6,0.2,True,True,6.000000000000033,0
R02,1835086214,250,303,0.9907811527472208,0.9907811705740553,0.14195440000561255,0.9907811527472208,0.014000000000000002,0.7786986286810073,0.7612921297018207,0.9266893607185493,1.0549885671270791,313,0.1782738222775327,0.17915222747960083,0.11832538346077016,0.22329467416237056,0.2672142884320235,0.03373960418770225,0.2,0.0,True,True,6.030000000000033,0
R02,1835086214,251,313,0.9813154275820529,0.9853380419438019,0.043788792256552654,0.9813154275820529,0.456,0.7844952392189724,0.7541709177187986,0.917032639947289,1.048321939738661,312,0.07429243127586248,0.33767007509245306,0.01490959994114028,0.3565712188094718,0.21506107650297301,0.0014955983780994746,0.4,0.4,True,True,6.060000000000033,0
R02,1835086214,252,312,0.9881486061710965,0.9881486165482143,0.14624043172039822,0.9881486061710965,0.0,0.7820624539543464,0.7510107051225431,0.9080803497943841,1.0575000907333698,323,0.11935416612105482,0.28940643064989247,0.04811751266984088,0.2695707077264131,0.21375486920911999,0.0597963136236788,0.0,0.0,True,True,6.090000000000034,0
R02,1835086214,253,323,0.9930035245415099,0.9930207143260381,0.0872757865042317,0.9930035245415099,0.21400000000000002,0.7754692623365655,0.7402473473148655,0.9172723148149458,1.0406722782055176,328,0.022339718105620406,0.15424855143066155,0.14435376226716068,0.27796768384174814,0.34378410504361295,0.057306179311196144,0.2,0.2,True,True,6.120000000000034,0
R02,1835086214,254,328,0.9877350440637489,0.9896535070106816,0.04971727962066482,0.9877350440637489,0.41400000000000003,0.770656309961852,0.7343608606479891,0.903344623127913,1.0548612029470101,335,0.0765735087358352,0.22837999585672167,0.052986903888898214,0.2586710057853748,0.1889976989723091,0.19439088676086097,0.2,0.4,True,True,6.150000000000034,0
R02,1835086214,255,335,0.9853447854816141,0.9873840019470187,0.04921311078406433,0.9853447854816141,0.4,0.775393134071085,0.7298622618030837,0.9014568520023909,1.0441767368533053,332,0.09024305234367455,0.2689918083126833,0.04202932823890671,0.3033075632038762,0.2422334559363463,0.05319479196451291,0.0,0.4,True,True,6.180000000000034,0
R02,1835086214,256,332,0.9889232406001017,0.9891480723227065,0.0667790358480236,0.9889232406001017,0.326,0.7765895705642311,0.7225833220043678,0.9074539674378981,1.0253491503036156,326,0.05267716614297868,0.21535608563218284,0.010467372931049941,0.31542635941973224,0.28071400317873124,0.12535901269532504,0.6,0.2,True,True,6.210000000000035,0
R02,1835086214,257,326,0.9847487725981328,0.9847596935006373,0.09082027091265713,0.9847487725981328,0.21400000000000002,0.784375730886525,0.7236826728597682,0.9006732832240464,1.0243697525250632,318,0.15285646194523458,0.2739000730049425,0.05876955883328959,0.23046199429346162,0.2198235626496904,0.0641883492733814,0.2,0.2,True,True,6.240000000000035,0
R02,1835086214,258,318,0.9887577137610718,0.9887721078936161,0.08865452702969709,0.9887577137610718,0.21400000000000002,0.7866130435850169,0.726312537947195,0.9042929938261036,1.0210646281189881,320,0.1726749841301905,0.20159735514638435,0.0861311207428588,0.2561265196710444,0.26843519462230947,0.015034825687212683,0.2,0.2,True,True,6.270000000000035,0
R02,1835086214,259,320,0.9908106706236388,0.9908307803512125,0.0860093693563331,0.9908106706236388,0.21400000000000002,0.785103031784383,0.7253343594050662,0.9138636944434932,1.0109511531922009,316,0.12921810444038645,0.23056680644468358,0.019484568664479382,0.2406505310814597,0.343386538558977,0.03669345081001386,0.2,0.2,True,True,6.300000000000035,0
R02,1835086214,260,316,0.9931897912351676,0.9931908924916797,0.10915034979909623,0.9931897912351676,0.126,0.7891753630147587,0.7240232189156486,0.9224773249991439,0.9945423369752437,311,0.12444471851044571,0.22186753404519866,0.14887007235566313,0.19509478950011533,0.3066259611080344,0.0030969244805428525,0.6,0.0,True,True,6.330000000000036,0
R02,1835086214,261,311,0.9894260069828992,0.9894371537884047,0.09069501326831719,0.9894260069828992,0.22400000000000003,0.7902624780160534,0.7221322366416738,0.9097964086818109,1.0043871611965833,312,0.11637723339759598,0.2795516870868245,0.05587440986020343,0.28094755092920015,0.19783408091290652,0.06941503781326949,0.8,0.0,True,True,6.360000000000036,0
R02,1835086214,262,312,0.98958530490064,0.9895853172862543,0.1448436008067655,0.98958530490064,0.014000000000000002,0.7898920058333693,0.72320270715034,0.8982027854424743,1.0193373251335505,313,0.15221352925937237,0.210423235644769,0.07663202822840638,0.2104326482902806,0.19693008814422241,0.1533684704329493,0.2,0.0,True,True,6.390000000000036,0
R02,1835086214,263,313,0.986750220294886,0.9869783960454334,0.0666440342990095,0.986750220294886,0.35,0.790741381436219,0.7245641754654161,0.8877196200053947,1.0322064577347088,321,0.15652004590741417,0.1822626938316454,0.09803507043827134,0.26482624313958597,0.19668556553583882,0.10167038114724439,1.0,0.0,True,True,6.420000000000036,0
R02,1835086214,264,321,0.9871267219028206,0.9921474191702042,0.042079367272490495,0.9871267219028206,0.456,0.7934955717535729,0.7306812561500066,0.8855419432529167,1.0398586842530129,321,0.21681611822326596,0.25159308494519206,0.014042034054200696,0.2334560395071626,0.23297142624030734,0.051121297029871435,0.4,0.4,True,True,6.450000000000037,0
R02,1835086214,265,321,0.9911901023541291,0.9911901532643069,0.13360471694688048,0.9911901023541291,0.05600000000000001,0.7904253614414221,0.7273639252757165,0.8961697946559242,1.0268348250001968,325,0.10270914916512783,0.1534374415782554,0.014730171465057899,0.42746382531140975,0.29591022864149574,0.005749183838653315,0.4,0.0,True,True,6.480000000000037,0
R02,1835086214,266,325,0.9727170064374289,0.9936056216943627,0.03074289277646104,0.9727170064374289,0.55,0.786829361845722,0.7300658585795613,0.9010166025229758,1.0297900414412193,328,0.1758766195953831,0.1897565341242819,0.06521994636878937,0.2821398958736229,0.2723189366632204,0.014688067374702345,1.0,0.2,True,True,6.510000000000037,0
R02,1835086214,267,328,0.9889512060491591,0.9889516824039265,0.1157871960045337,0.9889512060491591,0.126,0.7885996252150934,0.7358908729406034,0.9109149422706782,1.0244223006657884,324,0.21660384112525213,0.16025412229254601,0.022855806314844407,0.2053074467685773,0.3177272968473415,0.07725148665143866,0.6,0.0,True,True,6.540000000000037,0
R02,1835086214,268,324,0.9787647628018253,0.9929614463123284,0.03381187877138022,0.9787647628018253,0.526,0.7902961545627055,0.7395826307299943,0.9126684788966103,1.025377498813077,328,0.19357876795526327,0.16152504260333533,0.07638281700991013,0.26166825822713385,0.2642251542649996,0.04261995993935779,0.6,0.4,True,True,6.570000000000038,0
R02,1835086214,269,328,0.9891721168779292,0.9908130031377008,0.050970663085696206,0.9891721168779292,0.41400000000000003,0.7907513816824625,0.7456827205274708,0.9121250505123233,1.0338552481391976,328,0.225990266674702,0.16950215561582638,0.06962372791117658,0.23903430920057264,0.2536170975268702,0.04223244307085217,0.2,0.4,True,True,6.600000000000038,0
R02,1835086214,270,328,0.9920986413401743,0.9923111776191913,0.06725212085332431,0.9920986413401743,0.326,0.7934470830175111,0.7351667859135423,0.9205419285052537,1.0065244652408873,327,0.022102517655563966,0.23212219104378579,0.050286062190606724,0.3277565378435272,0.29814691522081405,0.06958577604570237,0.6,0.2,True,True,6.630000000000038,0
R02,1835086214,271,327,0.9934349982930408,0.9936339219276781,0.06778961535466746,0.9934349982930408,0.326,0.798706592319616,0.729388797716536,0.9126757569116093,1.0005880349215872,321,0.07475438873338472,0.19216879478781304,0.13225961518342502,0.269519348269147,0.22094010628440433,0.11035774674182586,0.6,0.2,True,True,6.660000000000038,0
R02,1835086214,272,321,0.9750049628606152,0.984733073255,0.03675445965479211,0.9750049628606152,0.526,0.7993205373536977,0.7302850293090063,0.9214081812204483,0.9915608293903344,314,0.15457089347871353,0.17496316167633727,0.009346835362585581,0.2149059508175212,0.3452700530907023,0.1009431055741402,0.6,0.4,True,True,6.690000000000039,0
R02,1835086214,273,314,0.9722447966072938,0.9895603041909751,0.03220374270733266,0.9722447966072938,0.526,0.8013759265923243,0.7262677126019945,0.9292673630984035,0.9752585373189491,315,0.0937116844804816,0.1843382570258826,0.0034650987276678515,0.3196185542390057,0.38253371391378926,0.016332691613173,0.6,0.4,True,True,6.720000000000039,0
R02,1835086214,274,315,0.980436750466427,0.9923427925908095,0.03520759143754914,0.980436750466427,0.526,0.8033610430282819,0.7169797899192619,0.9363406267885632,0.9531522530600529,310,0.02531828684208949,0.2401679803667882,0.0019763031634130695,0.31704197518574184,0.41521552695326985,0.0002799274886975871,0.6,0.4,True,True,6.750000000000039,0
R02,1835086214,275,310,0.9903307445148026,0.990330749714591,0.15175828494362503,0.9903307445148026,0.0,0.8074265280098646,0.7172308283426325,0.9377808425594979,0.9472281100853039,311,0.13875034899167124,0.23305464378414564,0.10148483816714989,0.18142326468229816,0.27537139224895507,0.0699155121257799,0.0,0.0,True,True,6.780000000000039,0
R02,1835086214,276,311,0.9881505749199934,0.9881554320696719,0.09729713869780775,0.9881505749199934,0.21400000000000002,0.8092071599726494,0.7083325888719035,0.9410830474796485,0.9301426448994965,308,0.024541274330032788,0.19721290928956553,0.022617980185345336,0.43673436283586853,0.28540144588050237,0.033492027478685384,0.2,0.2,True,True,6.81000000000004,0
R02,1835086214,277,308,0.9931800782239669,0.993180318668341,0.12126325697019366,0.9931800782239669,0.126,0.812168999670812,0.7213917784221496,0.9369832494371403,0.9479664186039776,309,0.29344773742301644,0.2341118874852005,0.058603952700764586,0.14765433974369124,0.250042533527283,0.016139549120044266,0.6,0.0,True,True,6.84000000000004,0
R02,1835086214,278,309,0.9871341895713653,0.9871365163250616,0.10314736464553649,0.9871341895713653,0.21400000000000002,0.8122162099980028,0.7220428354225962,0.9371018316091014,0.9486467506517161,313,0.14650807401942545,0.32578408292578415,0.05556138658792604,0.19270245826170146,0.2690845355783758,0.010359462626787073,0.2,0.2,True,True,6.87000000000004,0
R02,1835086214,279,313,0.9867287850214109,0.9894556523676247,0.046916693732244934,0.9867287850214109,0.456,0.8109515402879366,0.7173412446042718,0.9333640674767658,0.9477195105742675,317,0.08000688691006874,0.1953636547584502,0.07949943713187645,0.37129739079030827,0.2498620951428723,0.02397053526642395,0.4,0.4,True,True,6.90000000000004,0
R02,1835086214,280,317,0.989824989604467,0.9910241235665683,0.053468932261324695,0.989824989604467,0.41400000000000003,0.8129075984046839,0.7286836746033433,0.9184505644824884,0.9759825915729099,307,0.2776186528660624,0.14501044333094265,0.04285210985652316,0.2817989640865465,0.19211451876699565,0.060605311092929555,0.2,0.4,True,True,6.930000000000041,0
R02,1835086214,281,307,0.9925253265629048,0.9925253270508865,0.17061020270073624,0.9925253265629048,0.014000000000000002,0.8190168276194841,0.720321874204279,0.9266055080342396,0.9491588488219531,299,0.03840479163878612,0.18687727736087759,0.013789553553625003,0.24348302214191178,0.37660343689157355,0.14084191841322588,0.2,0.0,True,True,6.960000000000041,0
R02,1835086214,282,299,0.9913380926441462,0.9913411428811949,0.10102604523037766,0.9913380926441462,0.22400000000000003,0.8187360276041836,0.7160981629017635,0.9244807018009626,0.9460864189755968,299,0.08490478009623227,0.16591941225993298,0.018703130523866025,0.3892950027312056,0.252678722850735,0.08849895153802821,0.8,0.0,True,True,6.990000000000041,0
R02,1835086214,283,299,0.9884509237266424,0.988451020468991,0.12847241333270937,0.9884509237266424,0.126,0.8232870536735627,0.7110622588763386,0.9320326316208664,0.9266702578237446,300,0.07211255149579002,0.29290407994556417,0.053965463912857906,0.2591207044001362,0.3096464082999864,0.012250791945665326,0.6,0.0,True,True,7.020000000000041,0
R02,1835086214,284,300,0.9881314644790251,0.9904978458016801,0.04805374493705932,0.9881314644790251,0.456,0.8242317714904627,0.7208881794143964,0.9329355986793725,0.9374905271492282,298,0.25473791852343486,0.19442411685736094,0.001817198186775913,0.17248838438729872,0.27053115110296366,0.10600123094216597,0.4,0.4,True,True,7.050000000000042,0
R02,1835086214,285,298,0.990134120111784,0.9901408328926934,0.09473754200776402,0.990134120111784,0.22400000000000003,0.8208657930244846,0.729853487460996,0.9182950061312752,0.968236179903166,305,0.25012146271649205,0.22709480289031664,0.018200060077306304,0.22293554767752907,0.1932648365991999,0.088383290039156,0.8,0.0,True,True,7.080000000000042,0
R02,1835086214,286,305,0.9889142911931051,0.9889903394661546,0.07540635961950481,0.9889142911931051,0.326,0.8208119128336697,0.7244744868393332,0.9264655055181477,0.9526868942412822,295,0.07642092189233832,0.16708591977870113,0.07378224933740798,0.22533183073159804,0.32226847542418197,0.13511060283577253,0.6,0.2,True,True,7.110000000000042,0
R02,1835086214,287,295,0.9875848190001736,0.9875848201490106,0.16375484345520294,0.9875848190001736,0.014000000000000002,0.8153330546804063,0.7344705345942888,0.912422650331592,0.9872866626165095,300,0.26524715121152814,0.16624705435084133,0.08959809421399163,0.2715060185879821,0.19301847682629514,0.014383204809361715,0.2,0.0,True,True,7.140000000000042,0
R02,1835086214,288,300,0.9922112867043246,0.992211475004367,0.12320134527464027,0.9922112867043246,0.126,0.8188834865062286,0.7292360464544256,0.9004578672823681,0.9889688616307062,294,0.08111298237314096,0.18425997616207115,0.054873001882645676,0.292480451329337,0.19638740991967668,0.1908861783331286,0.6,0.0,True,True,7.170000000000043,0
R02,1835086214,289,294,0.9888722045082771,0.9903081859320021,0.052028384602150625,0.9888722045082771,0.456,0.8207914404112009,0.7213975283282474,0.9104120805541313,0.9653922750810319,290,0.04529105245678819,0.22603823212089091,0.02524226656577901,0.24032035720337241,0.30368813295914837,0.15941995869402106,0.4,0.4,True,True,7.200000000000043,0
R02,1835086214,290,290,0.9934511817395729,0.9934511899768033,0.14812132443145376,0.9934511817395729,0.05600000000000001,0.824582126086782,0.7183714157283965,0.911219941291761,0.956074887934405,285,0.1005470477070177,0.31641019316721963,0.023721175242953692,0.24017306670086858,0.25924534396521415,0.059903173216726335,0.4,0.0,True,True,7.230000000000043,0
R02,1835086214,291,285,0.9938197422294645,0.993830583164257,0.09095175935789127,0.9938197422294645,0.256,0.82691839703765,0.7199278430899531,0.9200979471625849,0.9462202852876367,285,0.15593747684970533,0.20779261172896196,0.12288394339945544,0.16299779576294945,0.3021989194807719,0.04818925277815597,0.4,0.2,True,True,7.260000000000043,0
R02,1835086214,292,285,0.9782052771743959,0.9901103855044665,0.03519028835309424,0.9782052771743959,0.526,0.8275298002025415,0.7306342399916914,0.925324405158721,0.9541625393045635,278,0.27128486320295003,0.16765126990522722,0.08896247348766646,0.14286725617229598,0.2861812635619731,0.04305287366988727,0.6,0.4,True,True,7.290000000000044,0
R02,1835086214,293,278,0.9897177514903508,0.9897197647049822,0.10432031959753259,0.9897177514903508,0.2,0.8241137254819386,0.727698540700425,0.9273176882443998,0.9522167415633576,279,0.10745015885397653,0.20888728948676327,0.17064619550222257,0.21736150573817448,0.27262861800775423,0.023026232411108967,0.0,0.2,True,True,7.320000000000044,0
R02,1835086214,294,279,0.9886397220037685,0.9891578278640919,0.0601338259628557,0.9886397220037685,0.4,0.8210242098078872,0.7362986278336717,0.9288031313899543,0.9655490851872377,288,0.24981267710335073,0.2067519089108998,0.017522810526452492,0.18727764325696228,0.2710860598499728,0.06754890035236188,0.0,0.4,True,True,7.350000000000044,0
R02,1835086214,295,288,0.9933659287822011,0.9933693480400408,0.10013324017556673,0.9933659287822011,0.22400000000000003,0.8259802667192295,0.7302422444020946,0.9359228182509589,0.9446202375490714,285,0.0719818495013313,0.20308590371660365,0.11458058553688741,0.2196486349992416,0.32256381492406316,0.06813921132187295,0.8,0.0,True,True,7.380000000000044,0
R02,1835086214,296,285,0.9830951869532003,0.9848095729303082,0.05057348707821614,0.9830951869532003,0.456,0.8204870350037354,0.7283916727541386,0.9189159975792152,0.966089666719775,293,0.12076925715185925,0.18158740276878504,0.19268874631081473,0.293668796690364,0.18292730576676078,0.028358491311416243,0.4,0.4,True,True,7.4100000000000446,0
R02,1835086214,297,293,0.988662321398837,0.9896270495998433,0.0551890865543184,0.988662321398837,0.41400000000000003,0.812875949916598,0.733912806816054,0.914058122978831,0.9877485009295162,292,0.21175897124527882,0.14658998324524833,0.025163562990187488,0.28943165139132154,0.2351686257876869,0.0918872053402768,0.2,0.4,True,True,7.440000000000045,0
R02,1835086214,298,292,0.9881364411996263,0.9882001126162987,0.07681396533319994,0.9881364411996263,0.326,0.8139353180300803,0.7293769946137296,0.9226523106809479,0.97123448375185,301,0.0894978517309793,0.16976589155449767,0.007915012088980872,0.27233715459976654,0.3190210933111799,0.1414629967145958,0.6,0.2,True,True,7.470000000000045,0
R02,1835086214,299,301,0.9929099132608389,0.99290991834024,0.15196545007425508,0.9929099132608389,0.0,0.8155241975568979,0.7367229178109552,0.9107951551253631,0.9918514136384843,305,0.23518466159890145,0.22115592840262546,0.013356137878955553,0.24802244831654013,0.20204037756255025,0.0802404462404272,0.0,0.0,True,True,7.500000000000045,0
