arm,seed,step,novelty_vector_count,h_n_latest,h_n_shape_latest,V,H_N,L_t,total_suppression,avg_wb,theta_capability,transfer_state,g,population,x_compute,x_bio_welfare,x_novelty_agency,x_institutional_capacity,x_transfer_comprehension,x_resilience,c_protective,c_suppressive,adapter_active,action_modified,adapter_score,shape_fallback_increase
M4,1835087600,0,200,0.9853786701822186,0.9853882528797977,0.09186588694245418,0.9853786701822186,0.09879706590957976,0.05600000000000001,0.6687429222203327,0.5000013086011867,0.55,1.359406220476263,203,1.6357514834035764e-05,0.17745588602962198,0.012219511584216474,0.21424081617967689,0.5288504981444383,0.06721693054721227,0.4,0.0,False,False,0.0,2
M4,1835087600,1,203,0.9851066484163653,0.9852397911194605,0.07091804979374082,0.9851066484163653,0.11887736311755889,0.2,0.6794502503284668,0.5185032835964445,0.5689292132549465,1.3413299246398338,209,0.23127550531646351,0.16906495711535796,0.050880863379932716,0.23966305243617506,0.16964606627473217,0.13946955547733872,0.0,0.2,False,False,0.0,0
M4,1835087600,2,209,0.9881234775868448,0.9886808257349297,0.059548817382468755,0.9881234775868448,0.14390837824471128,0.256,0.6904466731325539,0.5260464747619739,0.6096091818709769,1.2498056209459405,218,0.10585444181689488,0.2402220216248068,0.010124810139793826,0.20418559230022554,0.28786444970762504,0.1517486844106539,0.4,0.2,False,False,0.0,0
M4,1835087600,3,218,0.9852216852934587,0.9852755926653427,0.07811547482035588,0.9852216852934587,0.16779618570306365,0.2,0.7036490231406476,0.5319244794181367,0.6451392943454198,1.1717646534969797,223,0.08975410492826945,0.2160073225699655,0.11464073698684822,0.2248672096619371,0.2824551533077032,0.07227547254527672,0.0,0.2,False,False,0.0,0
M4,1835087600,4,223,0.9916744334427404,0.9916748279612971,0.11730953242303366,0.9916744334427404,0.1921624597654559,0.0,0.7142964847258078,0.5377510460912447,0.6759758619989759,1.1137085731351384,223,0.09278488305018548,0.21662052818378322,0.027631858395997754,0.2819598026006806,0.27675248544048997,0.10425044232886302,0.0,0.0,False,False,0.0,0
M4,1835087600,5,223,0.985748476409247,0.9857490529410097,0.1142420562129902,0.985748476409247,0.20805077628310023,0.05600000000000001,0.7285748143642138,0.5562532643802061,0.6865241733103638,1.1120967830926947,216,0.25487213241904505,0.1819597876936566,0.03372534667285858,0.2880937116726327,0.19072948755642724,0.05061953398538001,0.4,0.0,False,False,0.0,0
M4,1835087600,6,216,0.9888196001531514,0.9888199031082856,0.11938869135694188,0.9888196001531514,0.23429383444547247,0.014000000000000002,0.7360934750949119,0.5595243427477024,0.7110990845187789,1.0689463241219581,221,0.07604676983133217,0.16177848576234985,0.150928559832691,0.31825198596960824,0.26613664269725773,0.026857555906760998,0.2,0.0,False,False,0.0,0
M4,1835087600,7,221,0.9872779825425451,0.9878378012465695,0.05950682048702741,0.9872779825425451,0.25955708100749386,0.326,0.748307015660267,0.5635873373825759,0.7399891760669011,1.0177849921776916,222,0.08799014715323375,0.20605835035994421,0.04716852585732849,0.27311262939552156,0.3577617334740429,0.02790861375992921,0.6,0.2,False,False,0.0,0
M4,1835087600,8,222,0.9907048394378658,0.9907051096865608,0.1203132286074916,0.9907048394378658,0.28415532156771867,0.05600000000000001,0.7592100098087383,0.5674388306110908,0.765990258460211,0.9757394852253047,222,0.08788575122054502,0.1606009384422544,0.02540076786872652,0.30601288252181935,0.3933960785654929,0.0267035813811619,0.4,0.0,False,False,0.0,0
M4,1835087600,9,222,0.9908769001613581,0.9908769997402948,0.128261884471478,0.9908769001613581,0.3032022439389852,0.014000000000000002,0.7698291264252468,0.5882356530929431,0.7719291798257566,0.9898731561456362,223,0.30210955015508606,0.16437962548088103,0.08166804169368885,0.18338562439558423,0.21268973605783345,0.05576742221692632,0.2,0.0,False,False,0.0,0
M4,1835087600,10,223,0.9845471652269447,0.9845550001659864,0.09346204177314173,0.9845471652269447,0.3191936089218124,0.21400000000000002,0.7731317449772782,0.6019117830805351,0.76227146191833,1.0213384417647902,227,0.22609890802798818,0.25412973980794873,0.07123190015434162,0.26667068809740163,0.13767600037574496,0.04419276353657495,0.2,0.2,False,False,0.0,0
M4,1835087600,11,227,0.9750492282088099,0.9884842389233933,0.0342148591777685,0.9750492282088099,0.33505724510308044,0.526,0.7806372124240308,0.6218161939265083,0.7849034292873176,1.0148376048982355,230,0.34531412565238156,0.18736260545450437,0.024382206559669425,0.0888909246638508,0.294295567804103,0.059754569865490846,0.6,0.4,False,False,0.0,0
M4,1835087600,12,230,0.9337786504263359,0.9854596137207371,0.0234664494463236,0.9337786504263359,0.347453062096359,0.6,0.783181268171318,0.6270027937200902,0.8036793368107256,0.9961491800983295,234,0.1409676186238412,0.1874032483020085,0.02461175481033322,0.29097043917420684,0.28633125226069867,0.06971568682891155,0.0,0.6,False,False,0.0,0
M4,1835087600,13,234,0.9840918724564641,0.9840931644795594,0.10780541727536884,0.9840918724564641,0.39414822771652847,0.126,0.7778148057839595,0.6315899735120232,0.823311403129653,0.9862678824401827,242,0.13671649347421924,0.15198295134139791,0.03958329740963941,0.24151878663199774,0.3867489602588715,0.04344951088387426,0.6,0.0,False,False,0.0,0
M4,1835087600,14,242,0.9853008166154951,0.9853016663366889,0.11115090587411759,0.9853008166154951,0.4140747376836117,0.126,0.7850135143204282,0.644683607945756,0.837436702434117,0.9806578373838184,245,0.24591416386667386,0.21194233923007608,0.0849489815655899,0.1495881915691783,0.28228219808714683,0.02532412568133505,0.6,0.0,False,False,0.0,0
M4,1835087600,15,245,0.985558134844499,0.989241593006931,0.044521388290666715,0.985558134844499,0.43849349070107374,0.456,0.7851965953959928,0.6567814891108914,0.8469912270335394,0.987560211837751,252,0.24165076953029055,0.16973050612389018,0.0982869820503004,0.18132905033594776,0.26649097421416984,0.04251171774540134,0.4,0.4,False,False,0.0,0
M4,1835087600,16,252,0.9836543583221988,0.9847602258993099,0.0540629826491435,0.9836543583221988,0.4653832600785592,0.4,0.7847621902887174,0.6739424146553469,0.8545185928542999,1.0049933829872364,259,0.31326504501698144,0.20499966311675233,0.008174324731171278,0.18550555711108113,0.2611324426205725,0.02692296740344121,0.0,0.4,False,False,0.0,0
M4,1835087600,17,259,0.9868581826211758,0.9868595094317838,0.10761627295040843,0.9868581826211758,0.48485626527382214,0.126,0.7754500388435525,0.6902452939225795,0.8570923977331634,1.0385370369928488,262,0.35116201783533624,0.1373582352945882,0.03766785267351596,0.22720003282526416,0.24012832082146737,0.006483540549827959,0.6,0.0,False,False,0.0,0
M4,1835087600,18,262,0.9838699892817705,0.9901112510485043,0.04033079400994884,0.9838699892817705,0.4952193458326763,0.456,0.7789952821476148,0.7025106114548736,0.8675886495647713,1.0394514265209032,264,0.27221977785528856,0.17544255232546896,0.003425639990037237,0.12433215981131712,0.28102745802462176,0.14355241199326613,0.4,0.4,False,False,0.0,0
M4,1835087600,19,264,0.987323432747221,0.9873720097035631,0.0789611806914377,0.987323432747221,0.5108766412218961,0.256,0.7862521921793288,0.697723126236181,0.8784137738359998,1.0102343042781823,261,0.06672556692563954,0.16314609169294034,0.1409082869666269,0.2874394955759561,0.2879199461385279,0.05386061270030935,0.4,0.2,False,False,0.0,0
M4,1835087600,20,261,0.9890260990451103,0.9890467775078283,0.08577302527107634,0.9890260990451103,0.5472898287820944,0.256,0.7848336312637665,0.6972600816373546,0.8781360977028031,1.0117084267651293,274,0.11778889641228343,0.17028449387621403,0.16455329024731422,0.2942347677994321,0.23781850625201642,0.015320045412739822,0.4,0.2,False,False,0.0,0
M4,1835087600,21,274,0.986398552122995,0.9864018786176126,0.10029614907340954,0.986398552122995,0.5803326011626209,0.2,0.7842866506788133,0.7098325338967614,0.8775618563793506,1.0313435086369263,282,0.28044320426593095,0.19068832619349402,0.014852687522929536,0.261804978922148,0.2361968422341391,0.01601396086135856,0.0,0.2,False,False,0.0,0
M4,1835087600,22,282,0.9881010872660386,0.9882637974836991,0.06934605681598462,0.9881010872660386,0.5884642709399384,0.326,0.7863530879822735,0.7045188540953352,0.875115219335706,1.0237874149738773,283,0.06472433616764817,0.20108257890092704,0.14664077183814914,0.27029513952680473,0.22654774297145222,0.09070943059501872,0.6,0.2,False,False,0.0,0
M4,1835087600,23,283,0.9884475789512117,0.9884483117007872,0.11235520778751128,0.9884475789512117,0.5967097306992822,0.126,0.7953488841695318,0.6995612942851342,0.88250636012927,0.9966673984605791,279,0.06585478618207291,0.2988568674304543,0.016182848555577826,0.29303566627100114,0.27451331363567266,0.05155651792522098,0.6,0.0,False,False,0.0,0
M4,1835087600,24,279,0.9893070926611662,0.9893070957389193,0.15592446030241605,0.9893070926611662,0.6209813649685455,0.0,0.7941170781187378,0.6978996602249288,0.8714926656814955,1.0084275788158743,291,0.10395538317564067,0.2007294402090492,0.11611487692357347,0.3066544438033508,0.18618470782576274,0.08636114806262324,0.0,0.0,False,False,0.0,0
M4,1835087600,25,291,0.9849428211632508,0.9907399624636377,0.04092343942623361,0.9849428211632508,0.6310135284282944,0.456,0.79689616233617,0.7050985269756953,0.8776688899351529,1.0081319239001514,292,0.21367312202516237,0.17854171569621843,0.09405298375487971,0.20877509953996784,0.26662745410903477,0.03832962487473691,0.4,0.4,False,False,0.0,0
M4,1835087600,26,292,0.9912344754896083,0.9912344801294369,0.15267252049227156,0.9912344754896083,0.6329312109031641,0.0,0.8055823180811799,0.7018564962463115,0.879556145023482,0.990546417574095,289,0.08766119524251233,0.3028562755868878,0.03722275853707889,0.2170330981672962,0.24827072040922213,0.10695595205700259,0.0,0.0,False,False,0.0,0
M4,1835087600,27,289,0.988210793142208,0.988213744342877,0.10126363367283767,0.988210793142208,0.6343799216275835,0.22400000000000003,0.8104309277044199,0.698288220401223,0.8755555184657408,0.9840904561832999,288,0.08155686209033779,0.1651300826638142,0.10099798062689001,0.31504630623366014,0.2197749397230346,0.11749382866226325,0.8,0.0,False,False,0.0,0
M4,1835087600,28,288,0.9890135333888527,0.9890180853508,0.09782064142933922,0.9890135333888527,0.6399559967579203,0.21400000000000002,0.813019778625989,0.7063002976849223,0.869429088568703,0.99920388052808,290,0.22408110379700644,0.2806440410505372,0.05527060829972304,0.2004130224550879,0.20714560974768167,0.03244561464996375,0.2,0.2,False,False,0.0,0
M4,1835087600,29,290,0.9899719724363865,0.9901424356676297,0.06899064213917899,0.9899719724363865,0.6378534567240519,0.35,0.8103960598764597,0.7209852828006762,0.8658276216278676,1.0275374098820187,288,0.3666376241380941,0.20284770662225624,0.030189241494217475,0.18189496465052762,0.21670720958017425,0.0017232535147302102,1.0,0.0,False,False,0.0,0
M4,1835087600,30,288,0.9894944242608322,0.9894987579729165,0.09821561843981946,0.9894944242608322,0.6479020275491798,0.2,0.8041285660204263,0.7265679102315173,0.8747879496627056,1.032875391816408,287,0.20789864463593663,0.15191121350043263,0.024031955046280064,0.2579637844844042,0.2777154509881233,0.08047895134482327,0.0,0.2,False,False,0.0,0
M4,1835087600,31,287,0.989882468645617,0.9898859910182991,0.09986877409520273,0.989882468645617,0.6775555295554662,0.21400000000000002,0.8051637817575342,0.7294951362373621,0.887309154696435,1.0210880823014008,292,0.1781952689677576,0.20184089781921463,0.0026635777138483163,0.25481867207500786,0.34186767997150175,0.020613903452669873,0.2,0.2,False,False,0.0,0
M4,1835087600,32,292,0.990969033739956,0.9909690529303036,0.14136923156597536,0.990969033739956,0.6870307639745362,0.05600000000000001,0.809803544451742,0.722375695266104,0.8985782392267915,0.9927217909044753,290,0.05444144800762535,0.17092522332296642,0.004668874296614528,0.28098906585422456,0.3307835825155043,0.1581918060030649,0.4,0.0,False,False,0.0,0
M4,1835087600,33,290,0.9907006920045652,0.99070069804619,0.1505668084882167,0.9907006920045652,0.6903683220841029,0.014000000000000002,0.8052108893510687,0.7335610468430961,0.867733482565805,1.0498814600934994,296,0.2788017042537155,0.23200250084861146,0.046633295761170535,0.32195883792901087,0.09506533630846338,0.02553832489902839,0.2,0.0,False,False,0.0,0
M4,1835087600,34,296,0.9890873375750734,0.989087338792568,0.163304902494451,0.9890873375750734,0.7053745667620551,0.014000000000000002,0.8057430229558703,0.743452047474786,0.8681565189237967,1.062816718933145,297,0.2696131621730586,0.16248962660935126,0.04028135526506337,0.2575956192368401,0.23598192307286162,0.03403831364282513,0.2,0.0,False,False,0.0,0
M4,1835087600,35,297,0.9895836159289919,0.989583869418721,0.1208138132120357,0.9895836159289919,0.7097216365598883,0.126,0.8098645325470026,0.7554849881321422,0.8732700883006606,1.0682302561951234,297,0.3025692878886934,0.25787033927520503,0.014345117626054869,0.14910561319317803,0.2596461063462173,0.016463535670651612,0.6,0.0,False,False,0.0,0
M4,1835087600,36,297,0.9906958918717531,0.9906958935426383,0.16079800881920608,0.9906958918717531,0.7145861103725384,0.0,0.8052054125044521,0.7677107387255351,0.8580465242746536,1.1111689408879513,298,0.32236425418707687,0.16857150126177048,0.0693603651541165,0.2688835747247944,0.16051722402029533,0.01030308065194643,0.0,0.0,False,False,0.0,0
M4,1835087600,37,298,0.9870382442664987,0.9870493979931773,0.0906708394651692,0.9870382442664987,0.7127460699756006,0.22400000000000003,0.8006265956921382,0.7586702120762656,0.8630339064078261,1.0979818509275787,299,0.05431262858759095,0.15542528550354967,0.01893779102631827,0.43106809750682124,0.25396017280318917,0.0862960245725309,0.8,0.0,False,False,0.0,0
M4,1835087600,38,299,0.9893441764909093,0.9893487132838037,0.09784987264835471,0.9893441764909093,0.7484999924015066,0.2,0.7933451961267642,0.751532542037263,0.8684853290131206,1.0907446911106602,315,0.0724480070601334,0.17279206325295512,0.06894392957400557,0.26547442573083585,0.2587740662303857,0.16156750815168425,0.0,0.2,False,False,0.0,0
M4,1835087600,39,315,0.990403310088983,0.9904033173243699,0.14912913085309173,0.990403310088983,0.7596624146569169,0.0,0.7919776571186938,0.753309111762556,0.8789341928015213,1.0821910326047686,320,0.17941496033945117,0.1851143221707997,0.1610152945018278,0.1786878476835853,0.2864869834485636,0.00928059185577226,0.0,0.0,False,False,0.0,0
M4,1835087600,40,320,0.9887532089382688,0.9901047905290047,0.05250891579674079,0.9887532089382688,0.7515040808731088,0.4,0.7911570418036928,0.7629854325167701,0.852789836602432,1.1308670034295603,320,0.2792722042792736,0.16935187771267035,0.04947029350624169,0.33268945508456416,0.10874531540531422,0.06047085401193606,0.0,0.4,False,False,0.0,0
M4,1835087600,41,320,0.9925396949253286,0.9925400572573029,0.11799391931180879,0.9925396949253286,0.7673070488904968,0.126,0.7899981605018587,0.7579398446259336,0.8675108529421888,1.1059455401364577,322,0.10129604668752534,0.1753146830906856,0.08509332602836082,0.24495097782692302,0.38855212174905024,0.00479284461745494,0.6,0.0,False,False,0.0,0
M4,1835087600,42,322,0.9885227650182679,0.9888456756332366,0.06389486913277866,0.9885227650182679,0.7906169059314123,0.326,0.787618620812428,0.7574036343848628,0.8670952602219217,1.1090333275980762,332,0.15450977487782466,0.1681243379924791,0.06221825891794224,0.2704269587258944,0.2316774628697591,0.11304320661610047,0.6,0.2,False,False,0.0,0
M4,1835087600,43,332,0.9907056428241816,0.9907120455962091,0.09511850336239808,0.9907056428241816,0.7976313382926661,0.2,0.7925070167040223,0.7462624838900449,0.8739956797794408,1.0774055474595754,332,0.02161289030531512,0.2940168188778786,0.03376987056051206,0.3819553429089357,0.2680497278985561,0.0005953494488025958,0.0,0.2,False,False,0.0,0
M4,1835087600,44,332,0.9908370921849106,0.990837185253743,0.12879975571109206,0.9908370921849106,0.7804853841220153,0.126,0.7974741232991012,0.7561341090796276,0.8604405221335897,1.1019486939074374,326,0.27730936730106237,0.21440882418255666,0.00899896838139985,0.2133083380022807,0.16922205166046494,0.11675245047223545,0.6,0.0,False,False,0.0,0
M4,1835087600,45,326,0.9904795574319943,0.9904795683917862,0.1458243268774046,0.9904795574319943,0.794935617591412,0.014000000000000002,0.7964959964792777,0.7560301371726628,0.8743964699202307,1.0855432095791713,334,0.15878416933770598,0.2666459304704782,0.0054583390741853215,0.1566277677679112,0.321773539210937,0.0907102541387823,0.2,0.0,False,False,0.0,0
M4,1835087600,46,334,0.9904151345867882,0.9915616731570028,0.053830275126520596,0.9904151345867882,0.7850911044986526,0.41400000000000003,0.8026487927739,0.7551286246511515,0.8727232766349914,1.0780001399732277,329,0.14874992921402397,0.17190988730179654,0.013206385113539734,0.22518188901500605,0.22883226853391891,0.21211964082171483,0.2,0.4,False,False,0.0,0
M4,1835087600,47,329,0.9918001357832719,0.9918155718329799,0.08812270083811097,0.9918001357832719,0.8172052304380882,0.256,0.7959321203004149,0.745427618972037,0.8854509489714922,1.0577059339712678,341,0.03819281941803859,0.21608780770157,0.03924034696904159,0.37366532087221427,0.321700540718686,0.011113164320449518,0.4,0.2,False,False,0.0,0
M4,1835087600,48,341,0.989078924227646,0.9901174969389213,0.05460592520062727,0.989078924227646,0.7917860052922671,0.4,0.80130536014746,0.7520521498116886,0.8954678591344623,1.0480932084234413,324,0.2361988973531674,0.16359821860046125,0.01612367849193075,0.21738345819971502,0.2928100253005963,0.07388572205412935,0.0,0.4,False,False,0.0,0
M4,1835087600,49,324,0.9748804101700871,0.9898921178808584,0.03334288785857459,0.9748804101700871,0.8037208782234833,0.526,0.79602855930755,0.7452703314370676,0.905921073221016,1.0334627347984124,333,0.07275986394954313,0.1866527432196703,0.03226639336936074,0.2598101072524608,0.44755926675967733,0.0009516254492877169,0.6,0.4,False,False,0.0,0
M4,1835087600,50,333,0.992466662319722,0.9924666783278951,0.14282447769946377,0.992466662319722,0.8100918413899568,0.04,0.7968560947977077,0.7442362343787959,0.9059611013634712,1.0309114441761367,327,0.14036774391977166,0.205694871422649,0.054870305351829865,0.290366884904375,0.25316067732278374,0.05553951707859078,0.2,0.026,True,True,0.03,0
M4,1835087600,51,327,0.985784368062164,0.9908934214658491,0.04193043392428749,0.985784368062164,0.8079596707610872,0.466,0.7974284003777129,0.7469330959398308,0.9044471214921233,1.0356352477282322,325,0.18635841599968325,0.24813364385996273,0.027121841843188728,0.27618626941128355,0.2454106513249961,0.0167891775608855,0.2,0.452,True,True,0.06,0
M4,1835087600,52,325,0.9901302324109941,0.9901302707330332,0.13585716202767176,0.9901302324109941,0.8034896376518231,0.092,0.7936233811050761,0.7428573987509491,0.8931121493728781,1.048057238356006,327,0.10338697010137268,0.18454832427078,0.017290345505083574,0.37802303320348224,0.19554870014983586,0.12120262676944556,0.2,0.078,True,True,0.09000000000000001,0
M4,1835087600,53,327,0.9651276402171327,0.9897831275582069,0.029392468342622935,0.9651276402171327,0.7713281991739446,0.56,0.7866768322096963,0.7423349854609451,0.882594581143348,1.069159038813347,327,0.1452557080942928,0.1505972294056259,0.043142988140234234,0.33390502753076823,0.1939682335387883,0.13313081329029042,0.4,0.504,True,True,0.12000000000000001,0
M4,1835087600,54,327,0.9811249385177211,0.9874381211524651,0.040218071072337935,0.9811249385177211,0.7678290795444419,0.48,0.78824343519851,0.7351019167477963,0.8880444490699534,1.0501527856843063,319,0.06104600699873089,0.1788921360532369,0.0464633776527523,0.3394518913786972,0.2685466302047012,0.10559995771188153,1.0,0.13,True,True,0.15000000000000002,0
M4,1835087600,55,319,0.985737506816995,0.9863434071851886,0.05886510699545421,0.985737506816995,0.7750794536301914,0.37,0.7767314653468397,0.7297338712873112,0.899240004162958,1.0447634893521667,322,0.07983812971130812,0.14635744702444234,0.09222803779682043,0.3325089853608583,0.31989560070800305,0.029171799398567715,0.2,0.356,True,True,0.18000000000000005,0
M4,1835087600,56,322,0.9825573248793551,0.9922015705677258,0.03688352357369317,0.9825573248793551,0.7741720592004432,0.508,0.7686630468800606,0.7275154490027242,0.8954561108234762,1.0569681786367648,327,0.11585339099723259,0.15177903152700145,0.028576022840994288,0.387223821191028,0.23070053538407018,0.08586719805967358,0.6,0.382,True,True,0.21000000000000008,0
M4,1835087600,57,327,0.9680808731430773,0.9887057604845577,0.030804680646899597,0.9680808731430773,0.7770173962425934,0.534,0.7471746560433815,0.7271702808531462,0.8968132755708645,1.0852054353566656,341,0.13788255375697692,0.12755517494055765,0.032014395722734366,0.29070203828312746,0.25451387914867984,0.15733195814792375,0.6,0.40800000000000003,True,True,0.2400000000000001,0
M4,1835087600,58,341,0.9931662650814792,0.9931956993157617,0.08299591731656653,0.9931662650814792,0.8111565497518121,0.23399999999999999,0.7544096287374364,0.7242171283387276,0.9064626141592953,1.0590383139914425,341,0.10506701910298435,0.17162665055440873,0.139262776155446,0.2623691024511746,0.296653330727586,0.025021121008400416,0.0,0.23399999999999999,True,True,0.27000000000000013,0
M4,1835087600,59,341,0.9919407631591193,0.9922144164320743,0.06523944220452879,0.9919407631591193,0.7803467039765558,0.316,0.7445390434786573,0.7287438607021725,0.9135035316289901,1.0714630565020027,336,0.19671985975476478,0.12727930262454182,0.0851659596056258,0.15565599865517948,0.28843589442812156,0.14674298493176652,0.4,0.26,True,True,0.30000000000000016,0
M4,1835087600,60,336,0.9902502932753237,0.9904572764381018,0.06744798036487089,0.9902502932753237,0.7900805508986009,0.3,0.7511601881453205,0.7423066676670639,0.9058352739734988,1.0909417717613086,335,0.3365656778370347,0.17267655877213203,0.012989939453463929,0.2399746674120601,0.21841047753703866,0.019382678988270504,0.2,0.286,True,True,0.3300000000000002,0
M4,1835087600,61,335,0.9785130533238537,0.9917984352527915,0.034330653673742245,0.9785130533238537,0.7945535692508026,0.512,0.7524285634424941,0.7551913342837107,0.8921385640041543,1.1250178451377997,339,0.3272894578374954,0.18103116394649124,0.03009059832567728,0.25560512378702716,0.18443408714002646,0.02154956896328245,0.0,0.512,True,True,0.3600000000000002,0
M4,1835087600,62,339,0.9427773177431807,0.993280539512718,0.02371287237880285,0.9427773177431807,0.7682335624129568,0.5940000000000001,0.7612296030018547,0.7512348658451046,0.9029247076037388,1.092970725371583,334,0.11003872844474268,0.17935600664723308,0.0499901207785726,0.24765321177177613,0.3930077710314953,0.019954161326180116,0.4,0.538,True,True,0.39000000000000024,0
M4,1835087600,63,334,0.5608723203618996,0.9926926770032013,0.006626057678167749,0.5608723203618996,0.4569354917059966,0.778,0.7601898798559755,0.7609576229617505,0.9035908706714323,1.1078132465292756,330,0.2785562551112653,0.15632719928274802,0.008363787136836554,0.24601759820383032,0.25479316914033706,0.05594199112498276,0.2,0.764,True,True,0.42000000000000026,0
M4,1835087600,64,330,0.9407392363807769,0.9914464096508501,0.023666079093250865,0.9407392363807769,0.7491987060883752,0.5940000000000001,0.7648776365087467,0.7567128400892424,0.913231783604289,1.0833233948184675,319,0.11003872844474268,0.17935600664723308,0.0499901207785726,0.24765321177177613,0.3930077710314953,0.019954161326180116,0.4,0.538,True,True,0.45000000000000023,0
M4,1835087600,65,319,0.9418676825454497,0.9907528507323227,0.02395179449388787,0.9418676825454497,0.7427035302202776,0.5940000000000001,0.7686709205189804,0.7526802963603597,0.9219086052438601,1.0621411304401875,313,0.11003872844474268,0.17935600664723308,0.0499901207785726,0.24765321177177613,0.3930077710314953,0.019954161326180116,0.4,0.538,True,True,0.48000000000000026,0
M4,1835087600,66,313,0.943296462461126,0.9908750349620087,0.024168426788794543,0.943296462461126,0.7693932017940934,0.5940000000000001,0.7702785968732755,0.7488493798179211,0.9297177447194741,1.045672107692727,322,0.11003872844474268,0.17935600664723308,0.0499901207785726,0.24765321177177613,0.3930077710314953,0.019954161326180116,0.4,0.538,True,True,0.5100000000000002,0
M4,1835087600,67,322,0.9380277220903407,0.9894046902347128,0.023545212887273285,0.9380277220903407,0.7445142541286226,0.5940000000000001,0.7790043808682704,0.7452100091026045,0.9367459702475267,1.021214437094886,309,0.11003872844474268,0.17935600664723308,0.0499901207785726,0.24765321177177613,0.3930077710314953,0.019954161326180116,0.4,0.538,True,True,0.5400000000000001,0
M4,1835087600,68,309,0.9917743281810446,0.9917887928908301,0.08863984134648731,0.9917743281810446,0.8026197361611755,0.256,0.78183247132262,0.7438313434887223,0.9399930570735331,1.0121295976286733,312,0.1360229355155997,0.2061409568906703,0.052807183062202334,0.26711884854035045,0.2846084192537951,0.053301656737382165,0.4,0.2,True,True,0.5700000000000001,0
M4,1835087600,69,312,0.9883981572295615,0.9884129523789319,0.08843290246060034,0.9883981572295615,0.8001424377322874,0.256,0.7854148808666844,0.7425216111555342,0.9429154352169388,1.0026219954959399,309,0.1360229355155997,0.2061409568906703,0.052807183062202334,0.26711884854035045,0.2846084192537951,0.053301656737382165,0.4,0.2,True,True,0.6,0
M4,1835087600,70,309,0.9873111635924455,0.987333837835764,0.08502581044128271,0.9873111635924455,0.8203200172663747,0.256,0.7845116985552347,0.7412773654390055,0.9455455755460039,0.9993068132372096,316,0.1360229355155997,0.2061409568906703,0.052807183062202334,0.26711884854035045,0.2846084192537951,0.053301656737382165,0.4,0.2,True,True,0.6299999999999999,0
M4,1835087600,71,316,0.9843404264009413,0.9843685998195701,0.08327334338919921,0.9843404264009413,0.8226289881439336,0.256,0.7833277865159268,0.7400953320083031,0.9479127018421626,0.9967260064130039,317,0.1360229355155997,0.2061409568906703,0.052807183062202334,0.26711884854035045,0.2846084192537951,0.053301656737382165,0.4,0.2,True,True,0.6599999999999998,0
M4,1835087600,72,317,0.9890821952062168,0.9891259576150881,0.07980613364944306,0.9890821952062168,0.8179544778281557,0.256,0.7872099939399044,0.7389724002491359,0.9500431155087053,0.988084994888662,311,0.1360229355155997,0.2061409568906703,0.052807183062202334,0.26711884854035045,0.2846084192537951,0.053301656737382165,0.4,0.2,True,True,0.6899999999999997,0
M4,1835087600,73,311,0.9852732636510396,0.9852923981541256,0.08636044999088328,0.9852732636510396,0.8070636786825965,0.256,0.7925261079688174,0.7379056150779271,0.9519604878085939,0.9780663428823059,305,0.1360229355155997,0.2061409568906703,0.052807183062202334,0.26711884854035045,0.2846084192537951,0.053301656737382165,0.4,0.2,True,True,0.7199999999999996,0
M4,1835087600,74,305,0.9900301203943803,0.9900479202751808,0.08697430141902021,0.9900301203943803,0.8123619045963497,0.256,0.7916754333317656,0.7368921691652787,0.9536861228784935,0.9760033530199496,305,0.1360229355155997,0.2061409568906703,0.052807183062202334,0.26711884854035045,0.2846084192537951,0.053301656737382165,0.4,0.2,True,True,0.7499999999999996,0
M4,1835087600,75,305,0.988098998534248,0.9881208256598526,0.0853352416470761,0.988098998534248,0.8069169138151391,0.256,0.7964285502089811,0.7359293955482628,0.9552391944414031,0.9673356570847648,301,0.1360229355155997,0.2061409568906703,0.052807183062202334,0.26711884854035045,0.2846084192537951,0.053301656737382165,0.4,0.2,True,True,0.7799999999999995,0
M4,1835087600,76,301,0.9917113781592165,0.9917355900893935,0.08453891210067033,0.9917113781592165,0.8085366713133575,0.256,0.8014197278193798,0.7350147606120976,0.9566369588480219,0.958713573974158,298,0.1360229355155997,0.2061409568906703,0.052807183062202334,0.26711884854035045,0.2846084192537951,0.053301656737382165,0.4,0.2,True,True,0.8099999999999994,0
M4,1835087600,77,298,0.9892878877445007,0.9893141850122711,0.08386179531702795,0.9892878877445007,0.822808340848423,0.256,0.7999507768551485,0.7341458574227406,0.9578949468139788,0.9580787458140214,304,0.1360229355155997,0.2061409568906703,0.052807183062202334,0.26711884854035045,0.2846084192537951,0.053301656737382165,0.4,0.2,True,True,0.8399999999999993,0
M4,1835087600,78,304,0.9930889165362877,0.9931081617876402,0.08637740444676241,0.9930889165362877,0.8562563419619286,0.256,0.796519668524173,0.7333203993928515,0.95902713598334,0.9599892418113573,316,0.1360229355155997,0.2061409568906703,0.052807183062202334,0.26711884854035045,0.2846084192537951,0.053301656737382165,0.4,0.2,True,True,0.8699999999999992,0
M4,1835087600,79,316,0.9849442506783429,0.9849635143090396,0.08630425506571346,0.9849442506783429,0.840505520963614,0.256,0.792263938215931,0.7325362142644569,0.960046106235765,0.9630905482577181,314,0.1360229355155997,0.2061409568906703,0.052807183062202334,0.26711884854035045,0.2846084192537951,0.053301656737382165,0.4,0.2,True,True,0.8999999999999991,0
M4,1835087600,80,314,0.988992478029717,0.9890144712320293,0.08528210058885788,0.988992478029717,0.8236082490508518,0.256,0.8029317277181829,0.7317912383924821,0.9609631794629475,0.9484224786494532,302,0.1360229355155997,0.2061409568906703,0.052807183062202334,0.26711884854035045,0.2846084192537951,0.053301656737382165,0.4,0.2,True,True,0.929999999999999,0
M4,1835087600,81,302,0.9873381901670648,0.9873587524810864,0.08580426497595338,0.9873381901670648,0.8351566600444206,0.256,0.8014629424633516,0.731083511314106,0.9617885453674118,0.9484270721004271,307,0.1360229355155997,0.2061409568906703,0.052807183062202334,0.26711884854035045,0.2846084192537951,0.053301656737382165,0.4,0.2,True,True,0.9599999999999991,0
M4,1835087600,82,307,0.9901980050424632,0.9902270836192805,0.08306885777455408,0.9901980050424632,0.8580634812240887,0.256,0.7995295199622449,0.7304111705896487,0.9625313746814296,0.9491131892263108,315,0.1360229355155997,0.2061409568906703,0.052807183062202334,0.26711884854035045,0.2846084192537951,0.053301656737382165,0.4,0.2,True,True,0.9899999999999991,0
M4,1835087600,83,315,0.9903441117588437,0.9903635852181756,0.08626154093759059,0.9903441117588437,0.8598191783251511,0.256,0.8004683033144758,0.7297724469014142,0.9631999210640456,0.946513656336775,315,0.1360229355155997,0.2061409568906703,0.052807183062202334,0.26711884854035045,0.2846084192537951,0.053301656737382165,0.4,0.2,True,True,1.0199999999999991,0
M4,1835087600,84,315,0.990295465094407,0.9903128585275902,0.08716030126386955,0.990295465094407,0.884104076370632,0.256,0.8022448918909741,0.7291656593975915,0.9638016128084,0.9430432216650081,323,0.1360229355155997,0.2061409568906703,0.052807183062202334,0.26711884854035045,0.2846084192537951,0.053301656737382165,0.4,0.2,True,True,1.0499999999999992,0
M4,1835087600,85,323,0.9897857283086955,0.9898086801055459,0.08494889105896189,0.9897857283086955,0.9055927169433009,0.256,0.79707756070965,0.7285892112689599,0.9643431353783191,0.9478738883438934,333,0.1360229355155997,0.2061409568906703,0.052807183062202334,0.26711884854035045,0.2846084192537951,0.053301656737382165,0.4,0.2,True,True,1.0799999999999992,0
M4,1835087600,86,333,0.9896397086310453,0.9896710815634728,0.08245986879612062,0.9896397086310453,0.9178728431584706,0.256,0.7957259357301011,0.7280415855467599,0.9648305056912462,0.9482910393563896,338,0.1360229355155997,0.2061409568906703,0.052807183062202334,0.26711884854035045,0.2846084192537951,0.053301656737382165,0.4,0.2,True,True,1.1099999999999992,0
M4,1835087600,87,338,0.9911036626934234,0.9911262603658342,0.08508325376925027,0.9911036626934234,0.9475737797309686,0.256,0.7918758093948627,0.7275213411106699,0.9652691389728806,0.951788032722407,350,0.1360229355155997,0.2061409568906703,0.052807183062202334,0.26711884854035045,0.2846084192537951,0.053301656737382165,0.4,0.2,True,True,1.1399999999999992,0
M4,1835087600,88,350,0.9889217686633072,0.988942054368839,0.08592482664465205,0.9889217686633072,0.9323213465171255,0.256,0.7919584954571316,0.7270271088963844,0.9656639089263516,0.9506533494683992,345,0.1360229355155997,0.2061409568906703,0.052807183062202334,0.26711884854035045,0.2846084192537951,0.053301656737382165,0.4,0.2,True,True,1.1699999999999993,0
M4,1835087600,89,345,0.9897263617972071,0.9897558609544965,0.08295076232615654,0.9897263617972071,0.9311670484553835,0.256,0.7947842818421033,0.7265575882928133,0.9660192018844754,0.9463134531341444,343,0.1360229355155997,0.2061409568906703,0.052807183062202334,0.26711884854035045,0.2846084192537951,0.053301656737382165,0.4,0.2,True,True,1.1999999999999993,0
M4,1835087600,90,343,0.9927420306504953,0.9927697912102494,0.08345850283199106,0.9927420306504953,0.9658994124606185,0.256,0.7940250280495685,0.7261115437194205,0.9663389655467869,0.9463235707932018,355,0.1360229355155997,0.2061409568906703,0.052807183062202334,0.26711884854035045,0.2846084192537951,0.053301656737382165,0.4,0.2,True,True,1.2299999999999993,0
M4,1835087600,91,355,0.994594944097608,0.9946396191800319,0.07968608055987554,0.994594944097608,0.982912523171074,0.256,0.7952236368656447,0.7256878013746975,0.9666267528428673,0.9440646406123853,360,0.1360229355155997,0.2061409568906703,0.052807183062202334,0.26711884854035045,0.2846084192537951,0.053301656737382165,0.4,0.2,True,True,1.2599999999999993,0
M4,1835087600,92,360,0.9876113160926615,0.9876419900158281,0.08262289302514685,0.9876113160926615,0.9704186502290894,0.256,0.7972626508931292,0.7252852461472106,0.9668857614093396,0.9408757148403644,357,0.1360229355155997,0.2061409568906703,0.052807183062202334,0.26711884854035045,0.2846084192537951,0.053301656737382165,0.4,0.2,True,True,1.2899999999999994,0
M4,1835087600,93,357,0.9916269844372149,0.9916549009927202,0.08340495348526505,0.9916269844372149,0.9871481043495698,0.256,0.798751412250893,0.7249028186810981,0.9671188691191647,0.9384006343262276,361,0.1360229355155997,0.2061409568906703,0.052807183062202334,0.26711884854035045,0.2846084192537951,0.053301656737382165,0.4,0.2,True,True,1.3199999999999994,0
M4,1835087600,94,361,0.9931313958307056,0.9931541752222257,0.08503576909294089,0.9931313958307056,0.9885851816143761,0.256,0.8031541232209174,0.7245395125882912,0.9673286660580073,0.9325864978396592,359,0.1360229355155997,0.2061409568906703,0.052807183062202334,0.26711884854035045,0.2846084192537951,0.053301656737382165,0.4,0.2,True,True,1.3499999999999994,0
M4,1835087600,95,359,0.9917518129196178,0.9917761349701419,0.08450311570926866,0.9917518129196178,0.9954677579691599,0.256,0.8054062029956018,0.7241943718001246,0.9675174833029656,0.9293543875813646,361,0.1360229355155997,0.2061409568906703,0.052807183062202334,0.26711884854035045,0.2846084192537951,0.053301656737382165,0.4,0.2,True,True,1.3799999999999994,0
M4,1835087600,96,361,0.990408784100366,0.9904282824457674,0.08625189485851861,0.990408784100366,0.9886736270831203,0.256,0.8054958138494255,0.7238664880513663,0.9676874188234281,0.9286671612466694,359,0.1360229355155997,0.2061409568906703,0.052807183062202334,0.26711884854035045,0.2846084192537951,0.053301656737382165,0.4,0.2,True,True,1.4099999999999995,0
M4,1835087600,97,359,0.9932367081271833,0.9932533254399089,0.08754726021246918,0.9932367081271833,0.9759709567357295,0.256,0.8064135348618168,0.723554998490046,0.9678403607918443,0.9270646273402563,353,0.1360229355155997,0.2061409568906703,0.052807183062202334,0.26711884854035045,0.2846084192537951,0.053301656737382165,0.4,0.2,True,True,1.4399999999999995,0
M4,1835087600,98,353,0.9934614971229724,0.9934782192984036,0.08749898852094455,0.9934614971229724,0.9796163770030304,0.256,0.8047494178699988,0.7232590834067917,0.9679780085634189,0.9284696986161745,355,0.1360229355155997,0.2061409568906703,0.052807183062202334,0.26711884854035045,0.2846084192537951,0.053301656737382165,0.4,0.2,True,True,1.4699999999999995,0
M4,1835087600,99,355,0.9931734708159274,0.9931836756428101,0.09142790923490579,0.9931734708159274,0.9742005586417721,0.256,0.8074314829207153,0.7229779640777001,0.968101891557836,0.9249075244701422,352,0.1360229355155997,0.2061409568906703,0.052807183062202334,0.26711884854035045,0.2846084192537951,0.053301656737382165,0.4,0.2,True,True,1.4999999999999996,0
M4,1835087600,100,352,0.9910978816789743,0.9911149303512818,0.08732610955675399,0.9910978816789743,0.9436634798218798,0.256,0.8067612643470549,0.722710900715063,0.9682133862528114,0.9252273977204135,342,0.1360229355155997,0.2061409568906703,0.052807183062202334,0.26711884854035045,0.2846084192537951,0.053301656737382165,0.4,0.2,True,True,1.5299999999999996,0
M4,1835087600,101,342,0.9900561127266351,0.9900783983123775,0.08518553290828546,0.9900561127266351,0.9454828489712697,0.256,0.8045535519982533,0.7224571905205579,0.9683137314782893,0.9273444365365674,344,0.1360229355155997,0.2061409568906703,0.052807183062202334,0.26711884854035045,0.2846084192537951,0.053301656737382165,0.4,0.2,True,True,1.5599999999999996,0
M4,1835087600,102,344,0.987235462521975,0.9872591423112046,0.08467980237104397,0.987235462521975,0.9538257107044373,0.256,0.8070308739060131,0.722216165835778,0.9684040421812193,0.9241031747629789,347,0.1360229355155997,0.2061409568906703,0.052807183062202334,0.26711884854035045,0.2846084192537951,0.053301656737382165,0.4,0.2,True,True,1.5899999999999996,0
M4,1835087600,103,347,0.9909256911905425,0.99093591660261,0.09139383279474225,0.9909256911905425,0.9532188300778499,0.256,0.8082722885636832,0.721987192385237,0.9684853218138564,0.9223139154771428,345,0.1360229355155997,0.2061409568906703,0.052807183062202334,0.26711884854035045,0.2846084192537951,0.053301656737382165,0.4,0.2,True,True,1.6199999999999997,0
M4,1835087600,104,345,0.9907645956892089,0.9907746155819659,0.09155415522173141,0.9907645956892089,0.9621905419539624,0.256,0.8044578148052044,0.7217696676072232,0.9685584734832298,0.9263380577388647,350,0.1360229355155997,0.2061409568906703,0.052807183062202334,0.26711884854035045,0.2846084192537951,0.053301656737382165,0.4,0.2,True,True,1.6499999999999997,0
M4,1835087600,105,350,0.9930767934552527,0.9930895403574591,0.08965661558842582,0.9930767934552527,0.9761912609682502,0.256,0.8051671165009755,0.7215630190681099,0.9686243099856658,0.9251941386844573,354,0.1360229355155997,0.2061409568906703,0.052807183062202334,0.26711884854035045,0.2846084192537951,0.053301656737382165,0.4,0.2,True,True,1.6799999999999997,0
M4,1835087600,106,354,0.9911007766548064,0.9911136120049348,0.08958571937781193,0.9911007766548064,0.9822182480264448,0.256,0.8050378065592575,0.7213667029559524,0.9686835628378583,0.9250344038914942,357,0.1360229355155997,0.2061409568906703,0.052807183062202334,0.26711884854035045,0.2846084192537951,0.053301656737382165,0.4,0.2,True,True,1.7099999999999997,0
M4,1835087600,107,357,0.9927384486581222,0.992760250316553,0.08538182129991954,0.9927384486581222,0.9925251939502099,0.256,0.8077256833223349,0.7211802026494027,0.9687368904048315,0.9216670583100239,359,0.1360229355155997,0.2061409568906703,0.052807183062202334,0.26711884854035045,0.2846084192537951,0.053301656737382165,0.4,0.2,True,True,1.7399999999999998,0
M4,1835087600,108,359,0.9894230197205657,0.9894420529439634,0.0864361491177719,0.9894230197205657,1.0075774932535169,0.256,0.8070942449050612,0.7210030273581806,0.9687848852151073,0.9221158420388476,366,0.1360229355155997,0.2061409568906703,0.052807183062202334,0.26711884854035045,0.2846084192537951,0.053301656737382165,0.4,0.2,True,True,1.7699999999999998,0
M4,1835087600,109,366,0.9902502459067062,0.9902625919629112,0.0898882611112899,0.9902502459067062,1.0238894192797208,0.256,0.8020515170765354,0.7208347108315195,0.9688280805443557,0.9276554679160711,374,0.1360229355155997,0.2061409568906703,0.052807183062202334,0.26711884854035045,0.2846084192537951,0.053301656737382165,0.4,0.2,True,True,1.7999999999999998,0
M4,1835087600,110,374,0.9886908113755459,0.988702361563167,0.09040612910536691,0.9886908113755459,1.0079226649101067,0.256,0.8037869539936434,0.7206748101311915,0.9688669563406791,0.9254101210505273,368,0.1360229355155997,0.2061409568906703,0.052807183062202334,0.26711884854035045,0.2846084192537951,0.053301656737382165,0.4,0.2,True,True,1.8299999999999998,0
M4,1835087600,111,368,0.9929727993251553,0.992993134017552,0.08593816832266506,0.9929727993251553,0.9943461533745793,0.256,0.8094375617092008,0.7205229044658799,0.9689019445573702,0.9187230437829341,359,0.1360229355155997,0.2061409568906703,0.052807183062202334,0.26711884854035045,0.2846084192537951,0.053301656737382165,0.4,0.2,True,True,1.8599999999999999,0
M4,1835087600,112,359,0.9881601086089172,0.9881714701017158,0.09053297103796956,0.9881601086089172,0.9933653416713728,0.256,0.810422119731519,0.7203785940838339,0.9689334339523922,0.9173933153131495,360,0.1360229355155997,0.2061409568906703,0.052807183062202334,0.26711884854035045,0.2846084192537951,0.053301656737382165,0.4,0.2,True,True,1.89,0
M4,1835087600,113,360,0.9907162848147794,0.9907225840136171,0.0952484054683222,0.9907162848147794,0.9933473777724585,0.256,0.8129323000843306,0.7202414992208902,0.968961774407912,0.9143597854537916,358,0.1360229355155997,0.2061409568906703,0.052807183062202334,0.26711884854035045,0.2846084192537951,0.053301656737382165,0.4,0.2,True,True,1.92,0
M4,1835087600,114,358,0.9953323013095594,0.9953404493919624,0.09323681591061109,0.9953323013095594,0.9993920670549287,0.256,0.8119161290853077,0.7201112591010936,0.9689872808178798,0.915314528615551,359,0.1360229355155997,0.2061409568906703,0.052807183062202334,0.26711884854035045,0.2846084192537951,0.053301656737382165,0.4,0.2,True,True,1.95,0
M4,1835087600,115,359,0.9929078247014576,0.9929215870553748,0.08904514057196812,0.9929078247014576,1.000365728221324,0.256,0.8102731768524122,0.719987530987287,0.9690102365868508,0.9169911577826778,361,0.1360229355155997,0.2061409568906703,0.052807183062202334,0.26711884854035045,0.2846084192537951,0.053301656737382165,0.4,0.2,True,True,1.9799999999999998,0
M4,1835087600,116,361,0.9903786416729088,0.9903947364261161,0.08777865641278884,0.9903786416729088,1.0009063015294153,0.256,0.8128742557381298,0.7198699892791706,0.9690308967789247,0.9138882105336726,361,0.1360229355155997,0.2061409568906703,0.052807183062202334,0.26711884854035045,0.2846084192537951,0.053301656737382165,0.4,0.2,True,True,2.01,0
M4,1835087600,117,361,0.9918224350355027,0.9918299196169833,0.0938848003329722,0.9918224350355027,1.0188145503427635,0.256,0.8105877221478562,0.7197583246564601,0.9690494909517913,0.9163063950267271,368,0.1360229355155997,0.2061409568906703,0.052807183062202334,0.26711884854035045,0.2846084192537951,0.053301656737382165,0.4,0.2,True,True,2.04,0
M4,1835087600,118,368,0.9865257993356953,0.9865383295727816,0.0897403948595198,0.9865257993356953,1.0100783845790202,0.256,0.8102405366319392,0.7196522432648851,0.9690662257073712,0.9165480938870664,367,0.1360229355155997,0.2061409568906703,0.052807183062202334,0.26711884854035045,0.2846084192537951,0.053301656737382165,0.4,0.2,True,True,2.0700000000000003,0
M4,1835087600,119,367,0.9913509499197177,0.9913620948067775,0.09071185458166536,0.9913509499197177,0.9957807337018802,0.256,0.8059468979157671,0.7195514659428888,0.9690812869873932,0.9212876021855118,362,0.1360229355155997,0.2061409568906703,0.052807183062202334,0.26711884854035045,0.2846084192537951,0.053301656737382165,0.4,0.2,True,True,2.1000000000000005,0
M4,1835087600,120,362,0.9935392143049979,0.9935494217355325,0.09142880937401222,0.9935392143049979,0.9993726582198114,0.256,0.8049304470994477,0.7194557274869923,0.9690948421394129,0.9223153507520006,363,0.1360229355155997,0.2061409568906703,0.052807183062202334,0.26711884854035045,0.2846084192537951,0.053301656737382165,0.4,0.2,True,True,2.130000000000001,0
M4,1835087600,121,363,0.9911355977080989,0.9911518374007565,0.08771337642081727,0.9911355977080989,0.9900815228231458,0.256,0.8038880023088084,0.7193647759538906,0.9691070417762306,0.9233829948049896,361,0.1360229355155997,0.2061409568906703,0.052807183062202334,0.26711884854035045,0.2846084192537951,0.053301656737382165,0.4,0.2,True,True,2.160000000000001,0
M4,1835087600,122,361,0.990303156668804,0.9903111628029122,0.09333638817777892,0.990303156668804,0.9727189335800628,0.256,0.8061607837921325,0.719278371997444,0.9691180214493667,0.9206587057867491,354,0.1360229355155997,0.2061409568906703,0.052807183062202334,0.26711884854035045,0.2846084192537951,0.053301656737382165,0.4,0.2,True,True,2.1900000000000013,0
M4,1835087600,123,354,0.9949822852845713,0.9949897038478911,0.09398064309642953,0.9949822852845713,0.9775837227424166,0.256,0.806455595770052,0.7191962882388199,0.969127903155189,0.920207735362992,354,0.1360229355155997,0.2061409568906703,0.052807183062202334,0.26711884854035045,0.2846084192537951,0.053301656737382165,0.4,0.2,True,True,2.2200000000000015,0
M4,1835087600,124,354,0.9913282287664719,0.9913426115582796,0.08868146792007917,0.9913282287664719,0.9653207637055146,0.256,0.8084797910851612,0.7191183086681269,0.9691367966904292,0.9177958590776871,350,0.1360229355155997,0.2061409568906703,0.052807183062202334,0.26711884854035045,0.2846084192537951,0.053301656737382165,0.4,0.2,True,True,2.2500000000000018,0
M4,1835087600,125,350,0.9931908901597237,0.993205062158721,0.08881393403656584,0.9931908901597237,0.9619756095027789,0.256,0.8088567685755802,0.7190442280759685,0.9691448008721453,0.9172660299622383,348,0.1360229355155997,0.2061409568906703,0.052807183062202334,0.26711884854035045,0.2846084192537951,0.053301656737382165,0.4,0.2,True,True,2.280000000000002,0
M4,1835087600,126,348,0.9907120720286823,0.9907276260907613,0.08805333918846703,0.9907120720286823,0.9440836816078687,0.256,0.8098256952064691,0.718973851513418,0.9691520046356897,0.9160720755224011,342,0.1360229355155997,0.2061409568906703,0.052807183062202334,0.26711884854035045,0.2846084192537951,0.053301656737382165,0.4,0.2,True,True,2.3100000000000023,0
M4,1835087600,127,342,0.9908205249031142,0.9908288578157052,0.09302210522546102,0.9908205249031142,0.9512887668074438,0.256,0.8136012087033652,0.718906993778995,0.9691584880228797,0.9117301563950228,343,0.1360229355155997,0.2061409568906703,0.052807183062202334,0.26711884854035045,0.2846084192537951,0.053301656737382165,0.4,0.2,True,True,2.3400000000000025,0
M4,1835087600,128,343,0.9893147736884138,0.9893240688549976,0.0921401180227314,0.9893147736884138,0.9557987688659357,0.256,0.8140171762553419,0.7188434789312933,0.9691643230713508,0.9111782615169336,345,0.1360229355155997,0.2061409568906703,0.052807183062202334,0.26711884854035045,0.2846084192537951,0.053301656737382165,0.4,0.2,True,True,2.3700000000000028,0
M4,1835087600,129,345,0.9928235776770953,0.9928351671576794,0.09041229942604184,0.9928235776770953,0.9547944530521086,0.256,0.8198514402850848,0.7187831398259766,0.9691695746149748,0.904613252405151,341,0.1360229355155997,0.2061409568906703,0.052807183062202334,0.26711884854035045,0.2846084192537951,0.053301656737382165,0.4,0.2,True,True,2.400000000000003,0
M4,1835087600,130,341,0.9900837797753025,0.9900900520708747,0.09527739120589915,0.9900837797753025,0.9554391995860099,0.256,0.8203260611556362,0.7187258176759258,0.9691743010042363,0.9040133562059713,342,0.1360229355155997,0.2061409568906703,0.052807183062202334,0.26711884854035045,0.2846084192537951,0.053301656737382165,0.4,0.2,True,True,2.4300000000000033,0
M4,1835087600,131,342,0.992783094752675,0.9927929752817781,0.09168184605181894,0.992783094752675,0.9668218629712308,0.256,0.8159670933397554,0.7186713616333775,0.9691785547545717,0.9087698255347088,347,0.1360229355155997,0.2061409568906703,0.052807183062202334,0.26711884854035045,0.2846084192537951,0.053301656737382165,0.4,0.2,True,True,2.4600000000000035,0
M4,1835087600,132,347,0.9906399504217638,0.9906566528110867,0.0874857731779498,0.9906399504217638,0.9760649801515755,0.256,0.8138747590432799,0.7186196283929567,0.9691823831298736,0.9110369347106186,352,0.1360229355155997,0.2061409568906703,0.052807183062202334,0.26711884854035045,0.2846084192537951,0.053301656737382165,0.4,0.2,True,True,2.4900000000000038,0
M4,1835087600,133,352,0.9879844601430211,0.9879959412264201,0.09044820744772934,0.9879844601430211,0.9818476273313815,0.256,0.8140088598302903,0.7185704818145568,0.9691858286676452,0.9108213155624008,355,0.1360229355155997,0.2061409568906703,0.052807183062202334,0.26711884854035045,0.2846084192537951,0.053301656737382165,0.4,0.2,True,True,2.520000000000004,0
M4,1835087600,134,355,0.9916315774397775,0.9916409127379514,0.09212444409635676,0.9916315774397775,0.9743285696988419,0.256,0.8140226731893252,0.718523792565077,0.9691889296516397,0.9107437658297001,351,0.1360229355155997,0.2061409568906703,0.052807183062202334,0.26711884854035045,0.2846084192537951,0.053301656737382165,0.4,0.2,True,True,2.5500000000000043,0
M4,1835087600,135,351,0.9923713653712175,0.992382128239541,0.0909976780543015,0.9923713653712175,0.9699715330951735,0.256,0.8121367887780835,0.7184794377780712,0.9691917205372348,0.9127996484541728,350,0.1360229355155997,0.2061409568906703,0.052807183062202334,0.26711884854035045,0.2846084192537951,0.053301656737382165,0.4,0.2,True,True,2.5800000000000045,0
M4,1835087600,136,350,0.9917134697722173,0.9917291099094441,0.08801745253231899,0.9917134697722173,0.964284572473487,0.256,0.814938582249915,0.7184373007304157,0.9691942323342704,0.9096056977085887,347,0.1360229355155997,0.2061409568906703,0.052807183062202334,0.26711884854035045,0.2846084192537951,0.053301656737382165,0.4,0.2,True,True,2.6100000000000048,0
M4,1835087600,137,347,0.9939771066728067,0.9939912551899576,0.08883343264798792,0.9939771066728067,0.9334569104874632,0.256,0.8202209877935464,0.7183972705351429,0.9691964929516024,0.9036951715197417,333,0.1360229355155997,0.2061409568906703,0.052807183062202334,0.26711884854035045,0.2846084192537951,0.053301656737382165,0.4,0.2,True,True,2.640000000000005,0
M4,1835087600,138,333,0.9899332193145097,0.98994056673708,0.0940168483292708,0.9899332193145097,0.9035604020241753,0.256,0.8244674845162666,0.7183592418496337,0.9691985275072011,0.898991126899589,322,0.1360229355155997,0.2061409568906703,0.052807183062202334,0.26711884854035045,0.2846084192537951,0.053301656737382165,0.4,0.2,True,True,2.6700000000000053,0
M4,1835087600,139,322,0.992384280459494,0.9923905344290646,0.09531915634392576,0.992384280459494,0.8905066605721823,0.256,0.8233720143742724,0.7183231145984,0.9692003586072401,0.9001402336007871,317,0.1360229355155997,0.2061409568906703,0.052807183062202334,0.26711884854035045,0.2846084192537951,0.053301656737382165,0.4,0.2,True,True,2.7000000000000055,0
M4,1835087600,140,317,0.992105273307869,0.9921088525558422,0.09975912534144207,0.992105273307869,0.8938417184829779,0.256,0.8215411109375829,0.718288793709728,0.9692020065972751,0.9021016669528839,319,0.1360229355155997,0.2061409568906703,0.052807183062202334,0.26711884854035045,0.2846084192537951,0.053301656737382165,0.4,0.2,True,True,2.7300000000000058,0
M4,1835087600,141,319,0.9920321462325129,0.9920470091806806,0.08842572153386136,0.9920321462325129,0.8905859745179451,0.256,0.8238082774114542,0.7182561888654896,0.9692034897883066,0.8995768201912107,317,0.1360229355155997,0.2061409568906703,0.052807183062202334,0.26711884854035045,0.2846084192537951,0.053301656737382165,0.4,0.2,True,True,2.760000000000006,0
M4,1835087600,142,317,0.9922046652687897,0.9922121730415518,0.09386324108815021,0.9922046652687897,0.8788288064851973,0.256,0.8258498363780862,0.7182252142634631,0.9692048246602349,0.8973130689660452,312,0.1360229355155997,0.2061409568906703,0.052807183062202334,0.26711884854035045,0.2846084192537951,0.053301656737382165,0.4,0.2,True,True,2.7900000000000063,0
M4,1835087600,143,312,0.9913478738652837,0.9913618731995573,0.08889672531585324,0.9913478738652837,0.8985006555006257,0.256,0.8188524731446837,0.7181957883915379,0.9692060260449704,0.9049427047226093,322,0.1360229355155997,0.2061409568906703,0.052807183062202334,0.26711884854035045,0.2846084192537951,0.053301656737382165,0.4,0.2,True,True,2.8200000000000065,0
M4,1835087600,144,322,0.9902990704594475,0.9903170221002121,0.08690888562126411,0.9902990704594475,0.9212901450309511,0.256,0.8127759219860938,0.7181678338132089,0.9692071072912324,0.911671817985617,333,0.1360229355155997,0.2061409568906703,0.052807183062202334,0.26711884854035045,0.2846084192537951,0.053301656737382165,0.4,0.2,True,True,2.8500000000000068,0
M4,1835087600,145,333,0.9890190272227268,0.9890345278042566,0.08806714103525516,0.9890190272227268,0.9297733910272671,0.256,0.8068129015472973,0.7181412769637965,0.9692080804128682,0.9183749496923783,339,0.1360229355155997,0.2061409568906703,0.052807183062202334,0.26711884854035045,0.2846084192537951,0.053301656737382165,0.4,0.2,True,True,2.880000000000007,0
M4,1835087600,146,339,0.9935333580810307,0.9935451540638731,0.09027740528140128,0.9935333580810307,0.9224886295152054,0.256,0.8063956626565038,0.7181160479568547,0.9692089562223404,0.9188170176436777,335,0.1360229355155997,0.2061409568906703,0.052807183062202334,0.26711884854035045,0.2846084192537951,0.053301656737382165,0.4,0.2,True,True,2.9100000000000072,0
M4,1835087600,147,335,0.9907390855170431,0.9907567895581434,0.0870229738954527,0.9907390855170431,0.9037477693698556,0.256,0.8067150303629012,0.71809208040026,0.9692097444508654,0.9184218694004629,329,0.1360229355155997,0.2061409568906703,0.052807183062202334,0.26711884854035045,0.2846084192537951,0.053301656737382165,0.4,0.2,True,True,2.9400000000000075,0
M4,1835087600,148,329,0.9898911430394752,0.9899026351515327,0.09045591174553361,0.9898911430394752,0.8829257994702302,0.256,0.808486702467692,0.718069311221495,0.9692104538565378,0.9163795634443916,321,0.1360229355155997,0.2061409568906703,0.052807183062202334,0.26711884854035045,0.2846084192537951,0.053301656737382165,0.4,0.2,True,True,2.9700000000000077,0
M4,1835087600,149,321,0.9906501130793753,0.9906599337429989,0.09171310150113188,0.9906501130793753,0.8743762534916695,0.256,0.8076152496948477,0.7180476805016682,0.969211092321643,0.9173401391595131,318,0.1360229355155997,0.2061409568906703,0.052807183062202334,0.26711884854035045,0.2846084192537951,0.053301656737382165,0.4,0.2,True,True,3.000000000000008,0
M4,1835087600,150,318,0.9873719533091737,0.9873858812768243,0.08890541928015262,0.9873719533091737,0.8899400875549158,0.256,0.8020429718732123,0.7180271313178328,0.9692116669402377,0.9236864735830983,327,0.1360229355155997,0.2061409568906703,0.052807183062202334,0.26711884854035045,0.2846084192537951,0.053301656737382165,0.4,0.2,True,True,3.0300000000000082,0
M4,1835087600,151,327,0.9901533822382197,0.9901727271087509,0.08631274371635861,0.9901533822382197,0.8824918104508229,0.256,0.805432256858697,0.7180076095931891,0.969212184096973,0.9197740727370003,322,0.1360229355155997,0.2061409568906703,0.052807183062202334,0.26711884854035045,0.2846084192537951,0.053301656737382165,0.4,0.2,True,True,3.0600000000000085,0
M4,1835087600,152,322,0.9913203467963497,0.9913423713635544,0.0852894707428024,0.9913203467963497,0.8795406771411677,0.256,0.7993312778932149,0.7179890639547776,0.9692126495380347,0.9267699603244587,323,0.1360229355155997,0.2061409568906703,0.052807183062202334,0.26711884854035045,0.2846084192537951,0.053301656737382165,0.4,0.2,True,True,3.0900000000000087,0
M4,1835087600,153,323,0.9881098069746752,0.9881381346334182,0.08326030752173448,0.9881098069746752,0.8806312396285039,0.256,0.8004634630968605,0.7179714455982866,0.9692130684349902,0.9254360163515807,324,0.1360229355155997,0.2061409568906703,0.052807183062202334,0.26711884854035045,0.2846084192537951,0.053301656737382165,0.4,0.2,True,True,3.120000000000009,0
M4,1835087600,154,324,0.9899566203333418,0.9899840037012194,0.08354503252236774,0.9899566203333418,0.9025652403957225,0.256,0.7991563189302591,0.7179547081596203,0.9692134454422502,0.9269277408337554,332,0.1360229355155997,0.2061409568906703,0.052807183062202334,0.26711884854035045,0.2846084192537951,0.053301656737382165,0.4,0.2,True,True,3.1500000000000092,0
M4,1835087600,155,332,0.9921841526408909,0.9922056189282766,0.08550077294780148,0.9921841526408909,0.8958518923670163,0.256,0.8011000085756642,0.7179388075928872,0.9692137847487842,0.924657955794366,328,0.1360229355155997,0.2061409568906703,0.052807183062202334,0.26711884854035045,0.2846084192537951,0.053301656737382165,0.4,0.2,True,True,3.1800000000000095,0
M4,1835087600,156,328,0.9881494974820887,0.9881718342434398,0.08515193145492582,0.9881494974820887,0.8964919090005301,0.256,0.8025152542139957,0.7179237020544909,0.9692140901246648,0.9230075985335378,329,0.1360229355155997,0.2061409568906703,0.052807183062202334,0.26711884854035045,0.2846084192537951,0.053301656737382165,0.4,0.2,True,True,3.2100000000000097,0
M4,1835087600,157,329,0.988946453966782,0.988979163463285,0.08212220770058593,0.988946453966782,0.9138453761041483,0.256,0.8075874838385413,0.7179093517930143,0.9692143649629573,0.9171918538598861,333,0.1360229355155997,0.2061409568906703,0.052807183062202334,0.26711884854035045,0.2846084192537951,0.053301656737382165,0.4,0.2,True,True,3.24000000000001,0
M4,1835087600,158,333,0.9912182222641833,0.9912336811844569,0.08810624416847218,0.9912182222641833,0.9020649206861159,0.256,0.80748885616503,0.7178957190446116,0.9692146123174206,0.9172862275362418,328,0.1360229355155997,0.2061409568906703,0.052807183062202334,0.26711884854035045,0.2846084192537951,0.053301656737382165,0.4,0.2,True,True,3.2700000000000102,0
M4,1835087600,159,328,0.9917501937284133,0.9917687708247906,0.08664793003638774,0.9917501937284133,0.9121069099795323,0.256,0.8038012703347647,0.7178827679336289,0.9692148349364376,0.92147761066935,333,0.1360229355155997,0.2061409568906703,0.052807183062202334,0.26711884854035045,0.2846084192537951,0.053301656737382165,0.4,0.2,True,True,3.3000000000000105,0
M4,1835087600,160,333,0.992725391191951,0.9927529020207264,0.08353029941549218,0.992725391191951,0.8978278899123655,0.256,0.8074266295651386,0.7178704643781955,0.9692150352935528,0.9173242489838116,326,0.1360229355155997,0.2061409568906703,0.052807183062202334,0.26711884854035045,0.2846084192537951,0.053301656737382165,0.4,0.2,True,True,3.3300000000000107,0
M4,1835087600,161,326,0.9916487431383655,0.9916713397909386,0.08508798953367208,0.9916487431383655,0.8946928746877367,0.256,0.8054936203021659,0.7178587760005337,0.9692152156149565,0.919510484596428,326,0.1360229355155997,0.2061409568906703,0.052807183062202334,0.26711884854035045,0.2846084192537951,0.053301656737382165,0.4,0.2,True,True,3.360000000000011,0
M4,1835087600,162,326,0.9899461103387129,0.9899680964618366,0.08529233474329487,0.9899461103387129,0.8897824060609043,0.256,0.8049317207184068,0.717847672041755,0.9692153779042199,0.9201379811644003,325,0.1360229355155997,0.2061409568906703,0.052807183062202334,0.26711884854035045,0.2846084192537951,0.053301656737382165,0.4,0.2,True,True,3.3900000000000112,0
M4,1835087600,163,325,0.9901050028798799,0.9901235088172453,0.08666526334369727,0.9901050028798799,0.8906984051773792,0.256,0.8106311192878272,0.7178371232809153,0.9692155239645569,0.9136550959196073,323,0.1360229355155997,0.2061409568906703,0.052807183062202334,0.26711884854035045,0.2846084192537951,0.053301656737382165,0.4,0.2,True,True,3.4200000000000115,0
M4,1835087600,164,323,0.9887899980220957,0.9887995952053497,0.0918813727976472,0.9887899980220957,0.8856456691979399,0.256,0.8121443141799954,0.7178271019581175,0.9692156554188602,0.9119399102394244,321,0.1360229355155997,0.2061409568906703,0.052807183062202334,0.26711884854035045,0.2846084192537951,0.053301656737382165,0.4,0.2,True,True,3.4500000000000117,0
M4,1835087600,165,321,0.9910377464646896,0.9910519013114104,0.08880629858579647,0.9910377464646896,0.8990245750870525,0.256,0.8099378731968295,0.7178175817014596,0.9692157737277333,0.9144119869425901,326,0.1360229355155997,0.2061409568906703,0.052807183062202334,0.26711884854035045,0.2846084192537951,0.053301656737382165,0.4,0.2,True,True,3.480000000000012,0
M4,1835087600,166,326,0.9904845835252533,0.9905026068478782,0.08687865548089345,0.9904845835252533,0.8913544535273926,0.256,0.8109489175429998,0.7178085374576346,0.9692158802057189,0.9132603435783683,323,0.1360229355155997,0.2061409568906703,0.052807183062202334,0.26711884854035045,0.2846084192537951,0.053301656737382165,0.4,0.2,True,True,3.510000000000012,0
M4,1835087600,167,323,0.9931036227188319,0.9931140443979248,0.09125997199774363,0.9931036227188319,0.8956925301041059,0.256,0.8102476462058652,0.7177999454260009,0.969215976035906,0.9140397412707097,324,0.1360229355155997,0.2061409568906703,0.052807183062202334,0.26711884854035045,0.2846084192537951,0.053301656737382165,0.4,0.2,True,True,3.5400000000000125,0
M4,1835087600,168,324,0.9873586773561441,0.9873717325024187,0.08942045319436369,0.9873586773561441,0.9185473398707239,0.256,0.8083231953160817,0.7177917829959488,0.9692160622830744,0.9162053812246714,335,0.1360229355155997,0.2061409568906703,0.052807183062202334,0.26711884854035045,0.2846084192537951,0.053301656737382165,0.4,0.2,True,True,3.5700000000000127,0
M4,1835087600,169,335,0.9876887786180517,0.9877012589177563,0.08978155972241159,0.9876887786180517,0.9185229723215448,0.256,0.8104594670558292,0.7177840286873993,0.969216139905526,0.9137804313613979,334,0.1360229355155997,0.2061409568906703,0.052807183062202334,0.26711884854035045,0.2846084192537951,0.053301656737382165,0.4,0.2,True,True,3.600000000000013,0
M4,1835087600,170,334,0.9926620752211074,0.9926888465962616,0.08374666977752435,0.9926620752211074,0.9176432403639605,0.256,0.8056348079637655,0.7177766620942774,0.9692162097657324,0.9192432354445313,334,0.1360229355155997,0.2061409568906703,0.052807183062202334,0.26711884854035045,0.2846084192537951,0.053301656737382165,0.4,0.2,True,True,3.630000000000013,0
M4,1835087600,171,334,0.9868251542469931,0.9868404514916056,0.08815457412730471,0.9868251542469931,0.9272864516589906,0.256,0.8044725034957537,0.7177696638308115,0.9692162726399182,0.9205623258232093,340,0.1360229355155997,0.2061409568906703,0.052807183062202334,0.26711884854035045,0.2846084192537951,0.053301656737382165,0.4,0.2,True,True,3.6600000000000135,0
M4,1835087600,172,340,0.9909246627891996,0.9909453094462259,0.08580054331827562,0.9909246627891996,0.916924057123039,0.256,0.8064299447249453,0.7177630154805189,0.9692163292266853,0.9183192923012443,334,0.1360229355155997,0.2061409568906703,0.052807183062202334,0.26711884854035045,0.2846084192537951,0.053301656737382165,0.4,0.2,True,True,3.6900000000000137,0
M4,1835087600,173,334,0.9936027343079403,0.9936156957005208,0.08952800319914114,0.9936027343079403,0.8958275906365935,0.256,0.8100107785543561,0.7177566995477409,0.9692163801547758,0.914251563421781,324,0.1360229355155997,0.2061409568906703,0.052807183062202334,0.26711884854035045,0.2846084192537951,0.053301656737382165,0.4,0.2,True,True,3.720000000000014,0
M4,1835087600,174,324,0.9931204617106325,0.9931288561779136,0.09298197698471178,0.9931204617106325,0.8992072883491599,0.256,0.810965282951848,0.7177506994116019,0.9692164259900573,0.9131678143562986,325,0.1360229355155997,0.2061409568906703,0.052807183062202334,0.26711884854035045,0.2846084192537951,0.053301656737382165,0.4,0.2,True,True,3.750000000000014,0
M4,1835087600,175,325,0.9894525577098137,0.9894664544701487,0.08894003026267777,0.9894525577098137,0.8996492579328277,0.256,0.8044767449434018,0.7177449992822698,0.9692164672418107,0.9205256546133296,329,0.1360229355155997,0.2061409568906703,0.052807183062202334,0.26711884854035045,0.2846084192537951,0.053301656737382165,0.4,0.2,True,True,3.7800000000000145,0
M4,1835087600,176,329,0.988429648014779,0.98844988797338,0.08593883545743176,0.988429648014779,0.9016562279337178,0.256,0.8071118160650577,0.7177395841594042,0.9692165043683886,0.9175133507397072,329,0.1360229355155997,0.2061409568906703,0.052807183062202334,0.26711884854035045,0.2846084192537951,0.053301656737382165,0.4,0.2,True,True,3.8100000000000147,0
M4,1835087600,177,329,0.988269394638279,0.9882807343663672,0.09054911454076245,0.988269394638279,0.8769461297638416,0.256,0.8046925782962742,0.7177344397926819,0.9692165377823088,0.9202651465474463,321,0.1360229355155997,0.2061409568906703,0.052807183062202334,0.26711884854035045,0.2846084192537951,0.053301656737382165,0.4,0.2,True,True,3.840000000000015,0
M4,1835087600,178,321,0.988792524904664,0.9888014513230123,0.0924581302815458,0.988792524904664,0.8929564446628846,0.256,0.8039290710077319,0.7177295526442958,0.9692165678548369,0.9211328397621424,327,0.1360229355155997,0.2061409568906703,0.052807183062202334,0.26711884854035045,0.2846084192537951,0.053301656737382165,0.4,0.2,True,True,3.870000000000015,0
M4,1835087600,179,327,0.9900230184577994,0.9900346423138812,0.09036623904691234,0.9900230184577994,0.9018642478210889,0.256,0.803572572147391,0.717724909853329,0.9692165949201123,0.9215355064141713,330,0.1360229355155997,0.2061409568906703,0.052807183062202334,0.26711884854035045,0.2846084192537951,0.053301656737382165,0.4,0.2,True,True,3.9000000000000155,0
M4,1835087600,180,330,0.9910761617098717,0.9910905770202546,0.08866146702147244,0.9910761617098717,0.9031315204196322,0.256,0.8014229703201969,0.7177204992019106,0.96921661927886,0.924001576307351,331,0.1360229355155997,0.2061409568906703,0.052807183062202334,0.26711884854035045,0.2846084192537951,0.053301656737382165,0.4,0.2,True,True,3.9300000000000157,0
M4,1835087600,181,331,0.9901340206875922,0.9901590932582203,0.08424821135859527,0.9901340206875922,0.8994755731354623,0.256,0.80136389901559,0.717716309083063,0.9692166412017331,0.9240642719531932,330,0.1360229355155997,0.2061409568906703,0.052807183062202334,0.26711884854035045,0.2846084192537951,0.053301656737382165,0.4,0.2,True,True,3.960000000000016,0
M4,1835087600,182,330,0.989908175629796,0.9899266920703539,0.0866591643602924,0.989908175629796,0.9011576440800654,0.256,0.80305008286926,0.7177123284701579,0.9692166609323188,0.9221188585791316,330,0.1360229355155997,0.2061409568906703,0.052807183062202334,0.26711884854035045,0.2846084192537951,0.053301656737382165,0.4,0.2,True,True,3.990000000000016,0
M4,1835087600,183,330,0.99193960370316,0.9919597256044637,0.08601361654910343,0.99193960370316,0.8878326491174597,0.256,0.7992474564762899,0.717708546887898,0.969216678689846,0.926501178753273,326,0.1360229355155997,0.2061409568906703,0.052807183062202334,0.26711884854035045,0.2846084192537951,0.053301656737382165,0.4,0.2,True,True,4.0200000000000164,0
M4,1835087600,184,326,0.9906270982861923,0.9906627464233511,0.08145093022923258,0.9906270982861923,0.8746577142832573,0.256,0.8032173619879099,0.717704954384751,0.9692166946716204,0.9219173125105481,320,0.1360229355155997,0.2061409568906703,0.052807183062202334,0.26711884854035045,0.2846084192537951,0.053301656737382165,0.4,0.2,True,True,4.050000000000017,0
M4,1835087600,185,320,0.9906238950203669,0.9906545334736142,0.08265634618800642,0.9906238950203669,0.8693227743247088,0.256,0.8033454289899682,0.7177015415067615,0.9692167090552174,0.9217659461795574,318,0.1360229355155997,0.2061409568906703,0.052807183062202334,0.26711884854035045,0.2846084192537951,0.053301656737382165,0.4,0.2,True,True,4.080000000000017,0
M4,1835087600,186,318,0.98706394491713,0.9870767464792163,0.08957421319961573,0.98706394491713,0.8776029706768148,0.256,0.7988530977680223,0.7176982992726714,0.9692167220004547,0.9269452749571634,324,0.1360229355155997,0.2061409568906703,0.052807183062202334,0.26711884854035045,0.2846084192537951,0.053301656737382165,0.4,0.2,True,True,4.110000000000017,0
M4,1835087600,187,324,0.9896395821044144,0.9896565750915344,0.08734043037599526,0.9896395821044144,0.86161425724916,0.256,0.8097528242325652,0.7176952191502858,0.9692167336511682,0.9144641368943666,313,0.1360229355155997,0.2061409568906703,0.052807183062202334,0.26711884854035045,0.2846084192537951,0.053301656737382165,0.4,0.2,True,True,4.140000000000017,0
M4,1835087600,188,313,0.9927451031710431,0.9927607643963915,0.08801500315595032,0.9927451031710431,0.8740417135616082,0.256,0.8110919162023362,0.7176922930340195,0.9692167441368105,0.9129506479524966,316,0.1360229355155997,0.2061409568906703,0.052807183062202334,0.26711884854035045,0.2846084192537951,0.053301656737382165,0.4,0.2,True,True,4.170000000000018,0
M4,1835087600,189,316,0.9918762738329892,0.9918910281149219,0.08848288148501746,0.9918762738329892,0.8690425718499809,0.256,0.8097247571297292,0.7176895132235664,0.9692167535738885,0.9144885451704937,315,0.1360229355155997,0.2061409568906703,0.052807183062202334,0.26711884854035045,0.2846084192537951,0.053301656737382165,0.4,0.2,True,True,4.200000000000018,0
M4,1835087600,190,315,0.9923470695222127,0.9923659569486962,0.08652084720393176,0.9923470695222127,0.8364834769740417,0.256,0.8179721770671095,0.717686872403636,0.9692167620672587,0.9052646345592377,300,0.1360229355155997,0.2061409568906703,0.052807183062202334,0.26711884854035045,0.2846084192537951,0.053301656737382165,0.4,0.2,True,True,4.230000000000018,0
M4,1835087600,191,300,0.9884374079987842,0.9884520199449152,0.08853239929261063,0.9884374079987842,0.8147921907342255,0.256,0.8218306887506651,0.7176843636247022,0.9692167697112919,0.90101124208176,292,0.1360229355155997,0.2061409568906703,0.052807183062202334,0.26711884854035045,0.2846084192537951,0.053301656737382165,0.4,0.2,True,True,4.260000000000018,0
M4,1835087600,192,292,0.9913435383339599,0.9913563193004383,0.08962146708902231,0.9913435383339599,0.8076865890090384,0.256,0.8264293861568074,0.7176819802847151,0.9692167765909218,0.895994549277263,287,0.1360229355155997,0.2061409568906703,0.052807183062202334,0.26711884854035045,0.2846084192537951,0.053301656737382165,0.4,0.2,True,True,4.290000000000019,0
M4,1835087600,193,287,0.9855117427502004,0.985523913693087,0.08996379056631829,0.9855117427502004,0.7964907681864608,0.256,0.8255519417629683,0.7176797161117273,0.9692167827825886,0.8969440286969282,285,0.1360229355155997,0.2061409568906703,0.052807183062202334,0.26711884854035045,0.2846084192537951,0.053301656737382165,0.4,0.2,True,True,4.320000000000019,0
M4,1835087600,194,285,0.9871038343981674,0.9871152292654226,0.09050110959539717,0.9871038343981674,0.803893907432436,0.256,0.823218319964981,0.7176775651473889,0.9692167883550887,0.8994839437449219,288,0.1360229355155997,0.2061409568906703,0.052807183062202334,0.26711884854035045,0.2846084192537951,0.053301656737382165,0.4,0.2,True,True,4.350000000000019,0
M4,1835087600,195,288,0.9868833035122924,0.986890155058797,0.09454849394310733,0.9868833035122924,0.8368503910823357,0.256,0.8174250198499191,0.7176755217312675,0.9692167933703388,0.905856232529617,302,0.1360229355155997,0.2061409568906703,0.052807183062202334,0.26711884854035045,0.2846084192537951,0.053301656737382165,0.4,0.2,True,True,4.380000000000019,0
M4,1835087600,196,302,0.9902862036051326,0.9902948303811457,0.09274193505445358,0.9902862036051326,0.8203643413508661,0.256,0.8175193629033748,0.7176735804859521,0.969216797884064,0.9057492410669192,295,0.1360229355155997,0.2061409568906703,0.052807183062202334,0.26711884854035045,0.2846084192537951,0.053301656737382165,0.4,0.2,True,True,4.41000000000002,0
M4,1835087600,197,295,0.9873110350384452,0.9873314840369363,0.08584803311583632,0.9873110350384452,0.803156030665376,0.256,0.8194514353132757,0.7176717363029025,0.9692168019464167,0.9036113730945164,289,0.1360229355155997,0.2061409568906703,0.052807183062202334,0.26711884854035045,0.2846084192537951,0.053301656737382165,0.4,0.2,True,True,4.44000000000002,0
M4,1835087600,198,289,0.9895133122970635,0.9895255802661909,0.08993284080095787,0.9895133122970635,0.7926485926128835,0.256,0.8211394119832498,0.7176699843290053,0.9692168056025341,0.9017516580381045,284,0.1360229355155997,0.2061409568906703,0.052807183062202334,0.26711884854035045,0.2846084192537951,0.053301656737382165,0.4,0.2,True,True,4.47000000000002,0
M4,1835087600,199,284,0.9902354405387426,0.9902433546336212,0.09342788291825715,0.9902354405387426,0.7941721151949711,0.256,0.8221196298934688,0.717668319953803,0.9692168088930397,0.9006744025576293,284,0.1360229355155997,0.2061409568906703,0.052807183062202334,0.26711884854035045,0.2846084192537951,0.053301656737382165,0.4,0.2,True,True,4.50000000000002,0
M4,1835087600,200,284,0.9915238742516649,0.9915328799552626,0.09240969862786483,0.9915238742516649,0.7719955394840327,0.256,0.8242464111628296,0.7176667387973608,0.9692168118544948,0.8983484341808704,275,0.1360229355155997,0.2061409568906703,0.052807183062202334,0.26711884854035045,0.2846084192537951,0.053301656737382165,0.4,0.2,True,True,4.530000000000021,0
M4,1835087600,201,275,0.9878855295436777,0.987906547945696,0.08563404910835741,0.9878855295436777,0.7656542348188872,0.256,0.8204883535137321,0.7176652366987407,0.9692168145198043,0.9024612206053632,275,0.1360229355155997,0.2061409568906703,0.052807183062202334,0.26711884854035045,0.2846084192537951,0.053301656737382165,0.4,0.2,True,True,4.560000000000021,0
M4,1835087600,202,275,0.9901495327190674,0.9901591187346409,0.09190157783931167,0.9901495327190674,0.7584002586395951,0.256,0.8228265668716677,0.7176638097050516,0.969216816918583,0.8998949191331738,271,0.1360229355155997,0.2061409568906703,0.052807183062202334,0.26711884854035045,0.2846084192537951,0.053301656737382165,0.4,0.2,True,True,4.590000000000021,0
M4,1835087600,203,271,0.9895895631766607,0.9896029948749172,0.08921207595803358,0.9895895631766607,0.7528582667146695,0.256,0.8203044772122751,0.717662454061047,0.9692168190774837,0.9026600086618742,270,0.1360229355155997,0.2061409568906703,0.052807183062202334,0.26711884854035045,0.2846084192537951,0.053301656737382165,0.4,0.2,True,True,4.620000000000021,0
M4,1835087600,204,270,0.9879228397639428,0.9879373908027191,0.08856150340097106,0.9879228397639428,0.7489639355543652,0.256,0.8235397990548537,0.7176611661992426,0.9692168210204943,0.899112243398269,268,0.1360229355155997,0.2061409568906703,0.052807183062202334,0.26711884854035045,0.2846084192537951,0.053301656737382165,0.4,0.2,True,True,4.650000000000022,0
M4,1835087600,205,268,0.9874757848459541,0.9874867058429782,0.09084221472157561,0.9874757848459541,0.7509246065258076,0.256,0.8230000203244516,0.7176599427305285,0.969216822769204,0.8997004062052631,269,0.1360229355155997,0.2061409568906703,0.052807183062202334,0.26711884854035045,0.2846084192537951,0.053301656737382165,0.4,0.2,True,True,4.680000000000022,0
M4,1835087600,206,269,0.9904556366396565,0.990467168444799,0.09043300375333707,0.9904556366396565,0.7510729551229947,0.256,0.8237496606710537,0.71765878043525,0.9692168243430426,0.8988801908294446,268,0.1360229355155997,0.2061409568906703,0.052807183062202334,0.26711884854035045,0.2846084192537951,0.053301656737382165,0.4,0.2,True,True,4.710000000000022,0
M4,1835087600,207,268,0.9914641287421705,0.9914743698377336,0.09138595733158462,0.9914641287421705,0.7563664063256283,0.256,0.8225741829267209,0.7176576762547355,0.9692168257594973,0.9001633253462663,270,0.1360229355155997,0.2061409568906703,0.052807183062202334,0.26711884854035045,0.2846084192537951,0.053301656737382165,0.4,0.2,True,True,4.740000000000022,0
M4,1835087600,208,270,0.9867989800802726,0.9868102526928016,0.09058451441884514,0.9867989800802726,0.7562519322225648,0.256,0.8202630491679268,0.7176566272832468,0.9692168270343066,0.902698261657358,272,0.1360229355155997,0.2061409568906703,0.052807183062202334,0.26711884854035045,0.2846084192537951,0.053301656737382165,0.4,0.2,True,True,4.770000000000023,0
M4,1835087600,209,272,0.9900025503230538,0.9900219617470137,0.0862841930413242,0.9900025503230538,0.7518784128583769,0.256,0.8189028585790592,0.7176556307603323,0.9692168281816349,0.9041963790681941,270,0.1360229355155997,0.2061409568906703,0.052807183062202334,0.26711884854035045,0.2846084192537951,0.053301656737382165,0.4,0.2,True,True,4.800000000000023,0
M4,1835087600,210,270,0.9897321414256962,0.9897422789488728,0.09145295237940268,0.9897321414256962,0.7655700795476962,0.256,0.8129670224406783,0.7176546840635637,0.9692168292142305,0.9107971191245434,277,0.1360229355155997,0.2061409568906703,0.052807183062202334,0.26711884854035045,0.2846084192537951,0.053301656737382165,0.4,0.2,True,True,4.830000000000023,0
M4,1835087600,211,277,0.9805174368615478,0.9805385514656394,0.08553810838910558,0.9805174368615478,0.756038066263693,0.256,0.8074757885125105,0.7176537847016335,0.9692168301435664,0.9169898390511654,278,0.1360229355155997,0.2061409568906703,0.052807183062202334,0.26711884854035045,0.2846084192537951,0.053301656737382165,0.4,0.2,True,True,4.860000000000023,0
M4,1835087600,212,278,0.9909324448164964,0.9909465685756551,0.0888229540433666,0.9909324448164964,0.7620694884570813,0.256,0.8141497835851287,0.7176529303077999,0.9692168309799688,0.909471728796783,275,0.1360229355155997,0.2061409568906703,0.052807183062202334,0.26711884854035045,0.2846084192537951,0.053301656737382165,0.4,0.2,True,True,4.890000000000024,0
M4,1835087600,213,275,0.9891464061519308,0.9891560311697651,0.09186118859276757,0.9891464061519308,0.7787536000057593,0.256,0.8070642689108362,0.7176521186336579,0.969216831732731,0.9174552779387104,284,0.1360229355155997,0.2061409568906703,0.052807183062202334,0.26711884854035045,0.2846084192537951,0.053301656737382165,0.4,0.2,True,True,4.920000000000024,0
M4,1835087600,214,284,0.9852082462317702,0.9852294618593629,0.08553810428650997,0.9852082462317702,0.7826994460152455,0.256,0.8087017657982001,0.7176513475432229,0.9692168324102169,0.9155965874745604,286,0.1360229355155997,0.2061409568906703,0.052807183062202334,0.26711884854035045,0.2846084192537951,0.053301656737382165,0.4,0.2,True,True,4.950000000000024,0
M4,1835087600,215,286,0.9850157770941613,0.9850314494948602,0.0879471080348599,0.9850157770941613,0.7773670983551048,0.256,0.8061688026907305,0.7176506150073098,0.9692168330199543,0.9184724319651374,285,0.1360229355155997,0.2061409568906703,0.052807183062202334,0.26711884854035045,0.2846084192537951,0.053301656737382165,0.4,0.2,True,True,4.980000000000024,0
M4,1835087600,216,285,0.9899812229387819,0.9900020056860825,0.08574066649319456,0.9899812229387819,0.7869342467188407,0.256,0.8063394188709009,0.7176499190981922,0.9692168335687179,0.9182771981897849,287,0.1360229355155997,0.2061409568906703,0.052807183062202334,0.26711884854035045,0.2846084192537951,0.053301656737382165,0.4,0.2,True,True,5.010000000000025,0
M4,1835087600,217,287,0.9892738390846335,0.98931003466146,0.08131874182624259,0.9892738390846335,0.7842321800561617,0.256,0.8013538836032196,0.7176492579845306,0.9692168340626052,0.9239893073618107,288,0.1360229355155997,0.2061409568906703,0.052807183062202334,0.26711884854035045,0.2846084192537951,0.053301656737382165,0.4,0.2,True,True,5.040000000000025,0
M4,1835087600,218,288,0.9883837167089616,0.9884065038244314,0.08499492691509647,0.9883837167089616,0.7846599715677749,0.256,0.8025137963390461,0.7176486299265521,0.9692168345071037,0.9226530121909478,288,0.1360229355155997,0.2061409568906703,0.052807183062202334,0.26711884854035045,0.2846084192537951,0.053301656737382165,0.4,0.2,True,True,5.070000000000025,0
M4,1835087600,219,288,0.9913382943218884,0.9913558715873019,0.08708499150416148,0.9913382943218884,0.7790475866285934,0.256,0.8055883983011228,0.7176480332714724,0.9692168349071524,0.9191308578518784,284,0.1360229355155997,0.2061409568906703,0.052807183062202334,0.26711884854035045,0.2846084192537951,0.053301656737382165,0.4,0.2,True,True,5.100000000000025,0
M4,1835087600,220,284,0.9917835176062435,0.991797396527136,0.0889689852190016,0.9917835176062435,0.7711908244920205,0.256,0.8056166426931304,0.7176474664491468,0.9692168352671962,0.919097907449665,281,0.1360229355155997,0.2061409568906703,0.052807183062202334,0.26711884854035045,0.2846084192537951,0.053301656737382165,0.4,0.2,True,True,5.130000000000026,0
M4,1835087600,221,281,0.9913574774525514,0.9913758871038898,0.08671684967946895,0.9913574774525514,0.7795338281831821,0.256,0.8060768473005449,0.7176469279679374,0.9692168355912356,0.9185724874174657,284,0.1360229355155997,0.2061409568906703,0.052807183062202334,0.26711884854035045,0.2846084192537951,0.053301656737382165,0.4,0.2,True,True,5.160000000000026,0
M4,1835087600,222,284,0.9863006771953862,0.986310533701893,0.09164907726327946,0.9863006771953862,0.7723810481295744,0.256,0.8056126166142954,0.7176464164107885,0.9692168358828711,0.919101155290805,283,0.1360229355155997,0.2061409568906703,0.052807183062202334,0.26711884854035045,0.2846084192537951,0.053301656737382165,0.4,0.2,True,True,5.190000000000026,0
M4,1835087600,223,283,0.988516762272673,0.9885358897656489,0.08638952757163233,0.988516762272673,0.7715243304561311,0.256,0.8057627581543761,0.717645930431497,0.969216836145343,0.9189292723432818,282,0.1360229355155997,0.2061409568906703,0.052807183062202334,0.26711884854035045,0.2846084192537951,0.053301656737382165,0.4,0.2,True,True,5.220000000000026,0
M4,1835087600,224,282,0.9884019241066929,0.988419578445157,0.08702655244988233,0.9884019241066929,0.7733652772316866,0.256,0.807779762504285,0.7176454687511702,0.9692168363815677,0.9166341407371306,282,0.1360229355155997,0.2061409568906703,0.052807183062202334,0.26711884854035045,0.2846084192537951,0.053301656737382165,0.4,0.2,True,True,5.250000000000027,0
M4,1835087600,225,282,0.9884761406314527,0.9884965388314967,0.08587721914438061,0.9884761406314527,0.7694366507820055,0.256,0.8064763079144577,0.7176450301548597,0.96921683659417,0.918115074866613,281,0.1360229355155997,0.2061409568906703,0.052807183062202334,0.26711884854035045,0.2846084192537951,0.053301656737382165,0.4,0.2,True,True,5.280000000000027,0
M4,1835087600,226,281,0.990234355265673,0.9902513282279874,0.08735459850906897,0.990234355265673,0.7601313325085925,0.256,0.8097166501276947,0.7176446134883647,0.9692168367855121,0.9144404103039053,276,0.1360229355155997,0.2061409568906703,0.052807183062202334,0.26711884854035045,0.2846084192537951,0.053301656737382165,0.4,0.2,True,True,5.310000000000027,0
M4,1835087600,227,276,0.9858369553647885,0.9858590478005843,0.08522082845853796,0.9858369553647885,0.7436660050165225,0.256,0.807412887894372,0.7176442176551945,0.9692168369577199,0.9170490443457061,272,0.1360229355155997,0.2061409568906703,0.052807183062202334,0.26711884854035045,0.2846084192537951,0.053301656737382165,0.4,0.2,True,True,5.340000000000027,0
M4,1835087600,228,272,0.9923566342047998,0.992388823649395,0.08227717909019265,0.9923566342047998,0.7565076306012404,0.256,0.8070581275868773,0.7176438416136828,0.9692168371127069,0.9174516727147604,275,0.1360229355155997,0.2061409568906703,0.052807183062202334,0.26711884854035045,0.2846084192537951,0.053301656737382165,0.4,0.2,True,True,5.370000000000028,0
M4,1835087600,229,275,0.9886527059992397,0.9886754897554983,0.08499826642100825,0.9886527059992397,0.7488449121533796,0.256,0.8107209761514983,0.7176434843742466,0.9692168372521952,0.9133061586185325,272,0.1360229355155997,0.2061409568906703,0.052807183062202334,0.26711884854035045,0.2846084192537951,0.053301656737382165,0.4,0.2,True,True,5.400000000000028,0
M4,1835087600,230,272,0.9859264359100285,0.9859363734780802,0.09158085976241244,0.9859264359100285,0.7514647854089196,0.256,0.806907632508837,0.7176431449967823,0.9692168373777347,0.91762189420112,275,0.1360229355155997,0.2061409568906703,0.052807183062202334,0.26711884854035045,0.2846084192537951,0.053301656737382165,0.4,0.2,True,True,5.430000000000028,0
M4,1835087600,231,275,0.9896757854052071,0.9897109083873671,0.08156141560858017,0.9896757854052071,0.7449045368950585,0.256,0.8085948560172246,0.7176428225881911,0.9692168374907202,0.9157067620987263,271,0.1360229355155997,0.2061409568906703,0.052807183062202334,0.26711884854035045,0.2846084192537951,0.053301656737382165,0.4,0.2,True,True,5.460000000000028,0
M4,1835087600,232,271,0.9873102436862118,0.9873262420429589,0.08780177449252209,0.9873102436862118,0.7263367071500835,0.256,0.8082230856537934,0.7176425163000295,0.9692168375924072,0.9161275822261852,265,0.1360229355155997,0.2061409568906703,0.052807183062202334,0.26711884854035045,0.2846084192537951,0.053301656737382165,0.4,0.2,True,True,5.490000000000029,0
M4,1835087600,233,265,0.9892335183258866,0.9892539683291646,0.08586312640139238,0.9892335183258866,0.7460681441908451,0.256,0.8013496694084844,0.717642225326276,0.9692168376839255,0.9239851082994792,274,0.1360229355155997,0.2061409568906703,0.052807183062202334,0.26711884854035045,0.2846084192537951,0.053301656737382165,0.4,0.2,True,True,5.520000000000029,0
M4,1835087600,234,274,0.9844179048336346,0.9844270500667313,0.09223006382965501,0.9844179048336346,0.7613682886755754,0.256,0.7956498095534519,0.7176419489012101,0.969216837766292,0.9306039754125266,283,0.1360229355155997,0.2061409568906703,0.052807183062202334,0.26711884854035045,0.2846084192537951,0.053301656737382165,0.4,0.2,True,True,5.550000000000029,0
M4,1835087600,235,283,0.9904485756476819,0.9904796224575184,0.08254954765430386,0.9904485756476819,0.7499410853612307,0.256,0.7986921400099538,0.7176416862973976,0.9692168378404218,0.9270588349554395,276,0.1360229355155997,0.2061409568906703,0.052807183062202334,0.26711884854035045,0.2846084192537951,0.053301656737382165,0.4,0.2,True,True,5.580000000000029,0
M4,1835087600,236,276,0.9904860545219201,0.9904957408396124,0.09182142699022386,0.9904860545219201,0.7230471172992187,0.256,0.8019841552366213,0.7176414368237757,0.9692168379071386,0.9232530873869267,265,0.1360229355155997,0.2061409568906703,0.052807183062202334,0.26711884854035045,0.2846084192537951,0.053301656737382165,0.4,0.2,True,True,5.61000000000003,0
M4,1835087600,237,265,0.9817807731157544,0.9818036957537014,0.08489437220718579,0.9817807731157544,0.7189211866755534,0.256,0.8044785288149389,0.7176411998238349,0.9692168379671838,0.9203901362975974,265,0.1360229355155997,0.2061409568906703,0.052807183062202334,0.26711884854035045,0.2846084192537951,0.053301656737382165,0.4,0.2,True,True,5.64000000000003,0
M4,1835087600,238,265,0.9869540419390533,0.9869693546263997,0.08814758209239956,0.9869540419390533,0.7201098390491799,0.256,0.8046214311365939,0.7176409746738911,0.9692168380212245,0.9202263844704758,264,0.1360229355155997,0.2061409568906703,0.052807183062202334,0.26711884854035045,0.2846084192537951,0.053301656737382165,0.4,0.2,True,True,5.67000000000003,0
M4,1835087600,239,264,0.9895744611706082,0.98959427952105,0.08611560957613915,0.9895744611706082,0.699016004082628,0.256,0.8096526863885516,0.7176407607814446,0.969216838069861,0.9145077416119921,254,0.1360229355155997,0.2061409568906703,0.052807183062202334,0.26711884854035045,0.2846084192537951,0.053301656737382165,0.4,0.2,True,True,5.70000000000003,0
M4,1835087600,240,254,0.9911530134231915,0.9911877706210732,0.08165661888761926,0.9911530134231915,0.6998205040772384,0.256,0.8124925660049435,0.7176405575836203,0.9692168381136339,0.9113110334966059,253,0.1360229355155997,0.2061409568906703,0.052807183062202334,0.26711884854035045,0.2846084192537951,0.053301656737382165,0.4,0.2,True,True,5.730000000000031,0
M4,1835087600,241,253,0.9918665870456168,0.9918836138411465,0.08734250168591538,0.9918665870456168,0.714064893775523,0.256,0.8092425956147606,0.7176403645456872,0.9692168381530295,0.9149706711529514,259,0.1360229355155997,0.2061409568906703,0.052807183062202334,0.26711884854035045,0.2846084192537951,0.053301656737382165,0.4,0.2,True,True,5.760000000000031,0
M4,1835087600,242,259,0.9915806408845297,0.9915984769187141,0.08697060695099026,0.9915806408845297,0.7136184173879792,0.256,0.8089700337311734,0.7176401811596509,0.9692168381884856,0.9152787133319497,259,0.1360229355155997,0.2061409568906703,0.052807183062202334,0.26711884854035045,0.2846084192537951,0.053301656737382165,0.4,0.2,True,True,5.790000000000031,0
M4,1835087600,243,259,0.9876319677862817,0.9876419075426432,0.09159286503757182,0.9876319677862817,0.7166627851681762,0.256,0.8002212513204086,0.7176400069429163,0.9692168382203961,0.9252851890666883,264,0.1360229355155997,0.2061409568906703,0.052807183062202334,0.26711884854035045,0.2846084192537951,0.053301656737382165,0.4,0.2,True,True,5.820000000000031,0
M4,1835087600,244,264,0.9898433957443522,0.9898646966612453,0.08554353015862577,0.9898433957443522,0.6997509582174183,0.256,0.8039544439249232,0.7176398414370184,0.9692168382491155,0.9209883801673258,256,0.1360229355155997,0.2061409568906703,0.052807183062202334,0.26711884854035045,0.2846084192537951,0.053301656737382165,0.4,0.2,True,True,5.850000000000032,0
M4,1835087600,245,256,0.9879865641207133,0.9879991415288893,0.08972226290371034,0.9879865641207133,0.6914159179667007,0.256,0.8085042049749871,0.7176396842064154,0.969216838274963,0.9158054271560858,252,0.1360229355155997,0.2061409568906703,0.052807183062202334,0.26711884854035045,0.2846084192537951,0.053301656737382165,0.4,0.2,True,True,5.880000000000032,0
M4,1835087600,246,252,0.9874537278182333,0.9874640527955524,0.09128876208157108,0.9874537278182333,0.6972982165535174,0.256,0.8093989991486011,0.7176395348373427,0.9692168382982257,0.9147928097792664,254,0.1360229355155997,0.2061409568906703,0.052807183062202334,0.26711884854035045,0.2846084192537951,0.053301656737382165,0.4,0.2,True,True,5.910000000000032,0
M4,1835087600,247,254,0.9841149710994241,0.984132194106589,0.08718884557987312,0.9841149710994241,0.6976085803458814,0.256,0.806158939820846,0.7176393929367235,0.9692168383191622,0.9184693013572769,256,0.1360229355155997,0.2061409568906703,0.052807183062202334,0.26711884854035045,0.2846084192537951,0.053301656737382165,0.4,0.2,True,True,5.940000000000032,0
M4,1835087600,248,256,0.9895507122487774,0.9895641949702428,0.08918158307957202,0.9895507122487774,0.6979598211636348,0.256,0.8052800367302427,0.7176392581311353,0.969216838338005,0.9194715693500853,255,0.1360229355155997,0.2061409568906703,0.052807183062202334,0.26711884854035045,0.2846084192537951,0.053301656737382165,0.4,0.2,True,True,5.970000000000033,0
M4,1835087600,249,255,0.9846769414826914,0.9846952935015985,0.08668798604256835,0.9846769414826914,0.7038388615822718,0.256,0.8034790065182036,0.7176391300658265,0.9692168383549635,0.9215324370471236,259,0.1360229355155997,0.2061409568906703,0.052807183062202334,0.26711884854035045,0.2846084192537951,0.053301656737382165,0.4,0.2,True,True,6.000000000000033,0
M4,1835087600,250,259,0.9892374485196939,0.9892512373151248,0.08900038255229832,0.9892374485196939,0.6961410657840419,0.256,0.8002978262839251,0.7176390084037831,0.9692168383702262,0.9251953674461703,256,0.1360229355155997,0.2061409568906703,0.052807183062202334,0.26711884854035045,0.2846084192537951,0.053301656737382165,0.4,0.2,True,True,6.030000000000033,0
M4,1835087600,251,256,0.9825457659201084,0.9825603106832902,0.08852149427515113,0.9825457659201084,0.6785668435227094,0.256,0.797873926646529,0.717638892824842,0.9692168383839626,0.9280059135493329,252,0.1360229355155997,0.2061409568906703,0.052807183062202334,0.26711884854035045,0.2846084192537951,0.053301656737382165,0.4,0.2,True,True,6.060000000000033,0
M4,1835087600,252,252,0.9815481939402384,0.9815780973428693,0.08277637853195298,0.9815481939402384,0.6800789947727341,0.256,0.8004647763085762,0.7176387830248478,0.9692168383963253,0.9250021122885624,252,0.1360229355155997,0.2061409568906703,0.052807183062202334,0.26711884854035045,0.2846084192537951,0.053301656737382165,0.4,0.2,True,True,6.090000000000034,0
M4,1835087600,253,252,0.9887490942425847,0.9887668001981066,0.08700610885608888,0.9887490942425847,0.694256414277917,0.256,0.8079944505577238,0.7176386787148534,0.9692168384074518,0.9163819142018449,253,0.1360229355155997,0.2061409568906703,0.052807183062202334,0.26711884854035045,0.2846084192537951,0.053301656737382165,0.4,0.2,True,True,6.120000000000034,0
M4,1835087600,254,253,0.9912249971579066,0.991239795987478,0.08845365586918244,0.9912249971579066,0.6952846353925187,0.256,0.8103730744312332,0.7176385796203587,0.9692168384174656,0.913692004805023,252,0.1360229355155997,0.2061409568906703,0.052807183062202334,0.26711884854035045,0.2846084192537951,0.053301656737382165,0.4,0.2,True,True,6.150000000000034,0
M4,1835087600,255,252,0.9865040636743656,0.9865202929046479,0.08768122258677229,0.9865040636743656,0.6940161271181997,0.256,0.8160037906337811,0.7176384854805887,0.9692168384264781,0.9073870861621655,251,0.1360229355155997,0.2061409568906703,0.052807183062202334,0.26711884854035045,0.2846084192537951,0.053301656737382165,0.4,0.2,True,True,6.180000000000034,0
M4,1835087600,256,251,0.985423864556689,0.985439687065586,0.08787452857638221,0.985423864556689,0.6907809466706232,0.256,0.8163427382792674,0.7176383960478072,0.9692168384345893,0.9070102236246386,250,0.1360229355155997,0.2061409568906703,0.052807183062202334,0.26711884854035045,0.2846084192537951,0.053301656737382165,0.4,0.2,True,True,6.210000000000035,0
M4,1835087600,257,250,0.9855197888338577,0.9855396834597662,0.08605235094570914,0.9855197888338577,0.681339795386663,0.256,0.8148858426352045,0.7176383110866649,0.9692168384418893,0.9086317164885814,247,0.1360229355155997,0.2061409568906703,0.052807183062202334,0.26711884854035045,0.2846084192537951,0.053301656737382165,0.4,0.2,True,True,6.240000000000035,0
M4,1835087600,258,247,0.9890542074238876,0.9891020968360397,0.07908858575535126,0.9890542074238876,0.6856664527784598,0.256,0.8105668304435771,0.7176382303735797,0.9692168384484594,0.9134731534092662,249,0.1360229355155997,0.2061409568906703,0.052807183062202334,0.26711884854035045,0.2846084192537951,0.053301656737382165,0.4,0.2,True,True,6.270000000000035,0
M4,1835087600,259,249,0.9865015689949364,0.9865338172996558,0.08221553413094015,0.9865015689949364,0.6815932560417693,0.256,0.8110940922153831,0.7176381536961487,0.9692168384543725,0.9128792413153716,248,0.1360229355155997,0.2061409568906703,0.052807183062202334,0.26711884854035045,0.2846084192537951,0.053301656737382165,0.4,0.2,True,True,6.300000000000035,0
M4,1835087600,260,248,0.9840282579009674,0.9840564472923815,0.08326630712659812,0.9840282579009674,0.6866897807222022,0.256,0.8062095385188033,0.7176380808525893,0.9692168384596942,0.9184099778031721,252,0.1360229355155997,0.2061409568906703,0.052807183062202334,0.26711884854035045,0.2846084192537951,0.053301656737382165,0.4,0.2,True,True,6.330000000000036,0
M4,1835087600,261,252,0.986374328882172,0.9863929267833205,0.08659575577604027,0.986374328882172,0.6947801488090083,0.256,0.8041942443764543,0.7176380116512078,0.9692168384644838,0.9207114054228644,255,0.1360229355155997,0.2061409568906703,0.052807183062202334,0.26711884854035045,0.2846084192537951,0.053301656737382165,0.4,0.2,True,True,6.360000000000036,0
M4,1835087600,262,255,0.9894602243176888,0.9894930134529576,0.0821069854198053,0.9894602243176888,0.6833285603271667,0.256,0.8074719142934776,0.7176379459098954,0.9692168384687945,0.9169739925729555,249,0.1360229355155997,0.2061409568906703,0.052807183062202334,0.26711884854035045,0.2846084192537951,0.053301656737382165,0.4,0.2,True,True,6.390000000000036,0
M4,1835087600,263,249,0.9855159613295998,0.9855363652994328,0.08585109471433369,0.9855159613295998,0.6621818493217757,0.256,0.8116936444294343,0.7176378834556486,0.969216838472674,0.9122046054948219,241,0.1360229355155997,0.2061409568906703,0.052807183062202334,0.26711884854035045,0.2846084192537951,0.053301656737382165,0.4,0.2,True,True,6.420000000000036,0
M4,1835087600,264,241,0.9873643548856292,0.9874006098314058,0.08129031795079472,0.9873643548856292,0.6651087693688446,0.256,0.8103926200906979,0.7176378241241141,0.9692168384761657,0.9136690057689765,242,0.1360229355155997,0.2061409568906703,0.052807183062202334,0.26711884854035045,0.2846084192537951,0.053301656737382165,0.4,0.2,True,True,6.450000000000037,0
M4,1835087600,265,242,0.983629455901869,0.9836490710016793,0.08614970089112753,0.983629455901869,0.6503723480995078,0.256,0.8191403666973295,0.7176377677591564,0.9692168384793082,0.9039116999062667,235,0.1360229355155997,0.2061409568906703,0.052807183062202334,0.26711884854035045,0.2846084192537951,0.053301656737382165,0.4,0.2,True,True,6.480000000000037,0
M4,1835087600,266,235,0.9877249366736763,0.9877367760226855,0.0902015228546632,0.9877249366736763,0.637469010975423,0.256,0.8169413967899259,0.7176377142124466,0.9692168384821364,0.9063447010802725,230,0.1360229355155997,0.2061409568906703,0.052807183062202334,0.26711884854035045,0.2846084192537951,0.053301656737382165,0.4,0.2,True,True,6.510000000000037,0
M4,1835087600,267,230,0.9864430810741569,0.9864666323695499,0.08471672139222673,0.9864430810741569,0.6441787070215963,0.256,0.8124828231181583,0.7176376633430722,0.9692168384846818,0.9113182857762543,234,0.1360229355155997,0.2061409568906703,0.052807183062202334,0.26711884854035045,0.2846084192537951,0.053301656737382165,0.4,0.2,True,True,6.540000000000037,0
M4,1835087600,268,234,0.9862244838851352,0.986245314385796,0.0856921342934399,0.9862244838851352,0.6599281633298374,0.256,0.8083502570617684,0.7176376150171666,0.9692168384869726,0.9159771983193482,241,0.1360229355155997,0.2061409568906703,0.052807183062202334,0.26711884854035045,0.2846084192537951,0.053301656737382165,0.4,0.2,True,True,6.570000000000038,0
M4,1835087600,269,241,0.9868504057203301,0.9868631683536461,0.0895967336393519,0.9868504057203301,0.6580974844728763,0.256,0.8191931819326707,0.7176375691075563,0.9692168384890344,0.9038531724690371,237,0.1360229355155997,0.2061409568906703,0.052807183062202334,0.26711884854035045,0.2846084192537951,0.053301656737382165,0.4,0.2,True,True,6.600000000000038,0
M4,1835087600,270,237,0.9904219953904101,0.9904387378986671,0.08746492493024571,0.9904219953904101,0.6873477390063362,0.256,0.8147049324681686,0.7176375254934264,0.96921683849089,0.9088324887280697,248,0.1360229355155997,0.2061409568906703,0.052807183062202334,0.26711884854035045,0.2846084192537951,0.053301656737382165,0.4,0.2,True,True,6.630000000000038,0
M4,1835087600,271,248,0.9880488152408478,0.9880688054326697,0.08603460666002559,0.9880488152408478,0.6792160976572104,0.256,0.8135612992903658,0.717637484060003,0.96921683849256,0.9101099932472998,246,0.1360229355155997,0.2061409568906703,0.052807183062202334,0.26711884854035045,0.2846084192537951,0.053301656737382165,0.4,0.2,True,True,6.660000000000038,0
M4,1835087600,272,246,0.9875735297865927,0.9875930881618824,0.08620460654631906,0.9875735297865927,0.6923102470512766,0.256,0.8098910910680158,0.7176374446982509,0.969216838494063,0.9142343163868354,252,0.1360229355155997,0.2061409568906703,0.052807183062202334,0.26711884854035045,0.2846084192537951,0.053301656737382165,0.4,0.2,True,True,6.690000000000039,0
M4,1835087600,273,252,0.9794693370722218,0.9794754256764484,0.09542819316223768,0.9794693370722218,0.6875164738134437,0.256,0.8045525466466461,0.7176374073045863,0.9692168384954157,0.9203005975111214,254,0.1360229355155997,0.2061409568906703,0.052807183062202334,0.26711884854035045,0.2846084192537951,0.053301656737382165,0.4,0.2,True,True,6.720000000000039,0
M4,1835087600,274,254,0.9882941017484275,0.9883072466333419,0.08937346275514502,0.9882941017484275,0.685385288861602,0.256,0.8043975538975601,0.7176373717806049,0.9692168384966332,0.9204778770984586,251,0.1360229355155997,0.2061409568906703,0.052807183062202334,0.26711884854035045,0.2846084192537951,0.053301656737382165,0.4,0.2,True,True,6.750000000000039,0
M4,1835087600,275,251,0.9844753118290165,0.9844938581122701,0.0866025393994534,0.9844753118290165,0.6909255946018238,0.256,0.8012760816103709,0.7176373380328227,0.9692168384977289,0.9240636715952584,255,0.1360229355155997,0.2061409568906703,0.052807183062202334,0.26711884854035045,0.2846084192537951,0.053301656737382165,0.4,0.2,True,True,6.780000000000039,0
M4,1835087600,276,255,0.9865565044460524,0.9865728142313329,0.08764223366745479,0.9865565044460524,0.702920201904753,0.256,0.8009035604033776,0.7176373059724296,0.969216838498715,0.924493436490667,259,0.1360229355155997,0.2061409568906703,0.052807183062202334,0.26711884854035045,0.2846084192537951,0.053301656737382165,0.4,0.2,True,True,6.81000000000004,0
M4,1835087600,277,259,0.9901834343615509,0.9902085333041994,0.08424024058059033,0.9901834343615509,0.7154991270039645,0.256,0.8029492679691869,0.7176372755150561,0.9692168384996025,0.92213802660561,262,0.1360229355155997,0.2061409568906703,0.052807183062202334,0.26711884854035045,0.2846084192537951,0.053301656737382165,0.4,0.2,True,True,6.84000000000004,0
M4,1835087600,278,262,0.9901931469472872,0.9902090902986435,0.08785239828867832,0.9901931469472872,0.7118072522631105,0.256,0.8018588898214745,0.7176372465805513,0.9692168385004013,0.9233919246568113,261,0.1360229355155997,0.2061409568906703,0.052807183062202334,0.26711884854035045,0.2846084192537951,0.053301656737382165,0.4,0.2,True,True,6.87000000000004,0
M4,1835087600,279,261,0.9877813573219811,0.9878084108420476,0.08362398584990507,0.9877813573219811,0.7227031109403536,0.256,0.8007804139833072,0.7176372190927717,0.9692168385011202,0.9246354959294693,266,0.1360229355155997,0.2061409568906703,0.052807183062202334,0.26711884854035045,0.2846084192537951,0.053301656737382165,0.4,0.2,True,True,6.90000000000004,0
M4,1835087600,280,266,0.9896877221199306,0.9897225111177459,0.08163756343562258,0.9896877221199306,0.7160361687340411,0.256,0.8008976605119097,0.7176371929793811,0.9692168385017672,0.9245001012957532,263,0.1360229355155997,0.2061409568906703,0.052807183062202334,0.26711884854035045,0.2846084192537951,0.053301656737382165,0.4,0.2,True,True,6.930000000000041,0
M4,1835087600,281,263,0.9910301019300344,0.9910479736937263,0.08695025671461208,0.9910301019300344,0.7241104684483217,0.256,0.7997096825603103,0.71763716817166,0.9692168385023495,0.9258734248461122,266,0.1360229355155997,0.2061409568906703,0.052807183062202334,0.26711884854035045,0.2846084192537951,0.053301656737382165,0.4,0.2,True,True,6.960000000000041,0
M4,1835087600,282,266,0.9883539906517349,0.9883683727578205,0.08865792962208982,0.9883539906517349,0.7371744746204726,0.256,0.8012803694957543,0.717637144604325,0.9692168385028735,0.9240584775893238,271,0.1360229355155997,0.2061409568906703,0.052807183062202334,0.26711884854035045,0.2846084192537951,0.053301656737382165,0.4,0.2,True,True,6.990000000000041,0
M4,1835087600,283,271,0.9890038441136199,0.9890342175877558,0.08271245879048204,0.9890038441136199,0.7389576727170452,0.256,0.8056638137105555,0.7176371222153568,0.9692168385033452,0.9190308446992563,270,0.1360229355155997,0.2061409568906703,0.052807183062202334,0.26711884854035045,0.2846084192537951,0.053301656737382165,0.4,0.2,True,True,7.020000000000041,0
M4,1835087600,284,270,0.9896912687561479,0.9897109078489129,0.08618887440542776,0.9896912687561479,0.7207319369621735,0.256,0.806147165241823,0.717637100945837,0.9692168385037697,0.9184797828949064,263,0.1360229355155997,0.2061409568906703,0.052807183062202334,0.26711884854035045,0.2846084192537951,0.053301656737382165,0.4,0.2,True,True,7.050000000000042,0
M4,1835087600,285,263,0.9881713396357448,0.9881835960061242,0.08992956751403203,0.9881713396357448,0.7199994227013984,0.256,0.803511379088573,0.7176370807397932,0.9692168385041517,0.9214926779312448,264,0.1360229355155997,0.2061409568906703,0.052807183062202334,0.26711884854035045,0.2846084192537951,0.053301656737382165,0.4,0.2,True,True,7.080000000000042,0
M4,1835087600,286,264,0.9874712941729001,0.987485003998551,0.08903187690997598,0.9874712941729001,0.7467515419298167,0.256,0.8005989757339516,0.7176370615440515,0.9692168385044956,0.9248448413015865,275,0.1360229355155997,0.2061409568906703,0.052807183062202334,0.26711884854035045,0.2846084192537951,0.053301656737382165,0.4,0.2,True,True,7.110000000000042,0
M4,1835087600,287,275,0.9896598192207136,0.9896754190740213,0.0880214805917081,0.9896598192207136,0.7579904845983724,0.256,0.8021010896887648,0.7176370433080969,0.969216838504805,0.9231128387206202,278,0.1360229355155997,0.2061409568906703,0.052807183062202334,0.26711884854035045,0.2846084192537951,0.053301656737382165,0.4,0.2,True,True,7.140000000000042,0
M4,1835087600,288,278,0.9899036602118522,0.989933405280043,0.08288610836186433,0.9899036602118522,0.7617788783997897,0.256,0.7973073615393759,0.71763702598394,0.9692168385050836,0.9286629368871464,281,0.1360229355155997,0.2061409568906703,0.052807183062202334,0.26711884854035045,0.2846084192537951,0.053301656737382165,0.4,0.2,True,True,7.170000000000043,0
M4,1835087600,289,281,0.9896830478746391,0.989716874800935,0.08186075093015437,0.9896830478746391,0.7646633189581722,0.256,0.8005047498483788,0.717637009525991,0.9692168385053342,0.9249536359756542,281,0.1360229355155997,0.2061409568906703,0.052807183062202334,0.26711884854035045,0.2846084192537951,0.053301656737382165,0.4,0.2,True,True,7.200000000000043,0
M4,1835087600,290,281,0.9879510068492091,0.9879704388834855,0.08625923384210549,0.9879510068492091,0.7627400400237401,0.256,0.7970547333236556,0.7176369938909394,0.9692168385055598,0.9289572370628788,282,0.1360229355155997,0.2061409568906703,0.052807183062202334,0.26711884854035045,0.2846084192537951,0.053301656737382165,0.4,0.2,True,True,7.230000000000043,0
M4,1835087600,291,282,0.9906344153688488,0.9906727924337834,0.08086385096861864,0.9906344153688488,0.7625208600479353,0.256,0.800343480312908,0.7176369790376403,0.9692168385057629,0.925139975203573,280,0.1360229355155997,0.2061409568906703,0.052807183062202334,0.26711884854035045,0.2846084192537951,0.053301656737382165,0.4,0.2,True,True,7.260000000000043,0
M4,1835087600,292,280,0.9890738753084635,0.9891235005159298,0.07880534367250124,0.9890738753084635,0.7560171472367995,0.256,0.8092195289639802,0.7176369649270063,0.9692168385059456,0.9149924173481526,275,0.1360229355155997,0.2061409568906703,0.052807183062202334,0.26711884854035045,0.2846084192537951,0.053301656737382165,0.4,0.2,True,True,7.290000000000044,0
M4,1835087600,293,275,0.9895653513982848,0.9895886053769545,0.08484300311056084,0.9895653513982848,0.7608858000802582,0.256,0.8052418627818353,0.717636951521904,0.9692168385061101,0.919512202933872,278,0.1360229355155997,0.2061409568906703,0.052807183062202334,0.26711884854035045,0.2846084192537951,0.053301656737382165,0.4,0.2,True,True,7.320000000000044,0
M4,1835087600,294,278,0.9896091186583759,0.9896265311319488,0.08714607365736997,0.9896091186583759,0.7690298728982217,0.256,0.8022811037043348,0.7176369387870568,0.9692168385062581,0.922905578335223,282,0.1360229355155997,0.2061409568906703,0.052807183062202334,0.26711884854035045,0.2846084192537951,0.053301656737382165,0.4,0.2,True,True,7.350000000000044,0
M4,1835087600,295,282,0.9886921534402996,0.98872878334458,0.08121911556512856,0.9886921534402996,0.7593883907562704,0.256,0.8043669672235504,0.717636926688952,0.9692168385063913,0.9205123080513529,278,0.1360229355155997,0.2061409568906703,0.052807183062202334,0.26711884854035045,0.2846084192537951,0.053301656737382165,0.4,0.2,True,True,7.380000000000044,0
M4,1835087600,296,278,0.9860918656726296,0.9861221974451776,0.08269992369711654,0.9860918656726296,0.7567625242543412,0.256,0.8066007766492129,0.7176369151957523,0.9692168385065112,0.9179630160248428,277,0.1360229355155997,0.2061409568906703,0.052807183062202334,0.26711884854035045,0.2846084192537951,0.053301656737382165,0.4,0.2,True,True,7.4100000000000446,0
M4,1835087600,297,277,0.9870957812581327,0.9871109823294393,0.08820695871389592,0.9870957812581327,0.7506240265465574,0.256,0.8079951865412096,0.7176369042772127,0.9692168385066191,0.9163788135484445,274,0.1360229355155997,0.2061409568906703,0.052807183062202334,0.26711884854035045,0.2846084192537951,0.053301656737382165,0.4,0.2,True,True,7.440000000000045,0
M4,1835087600,298,274,0.9907827262120904,0.9908094844850532,0.08373548214912017,0.9907827262120904,0.7664748021716278,0.256,0.8015106783641652,0.7176368939046001,0.9692168385067162,0.9237926326877266,281,0.1360229355155997,0.2061409568906703,0.052807183062202334,0.26711884854035045,0.2846084192537951,0.053301656737382165,0.4,0.2,True,True,7.470000000000045,0
M4,1835087600,299,281,0.9891514029180543,0.9891888379790231,0.0810497445143044,0.9891514029180543,0.7689767729053427,0.256,0.8025969875293022,0.717636884050618,0.9692168385068036,0.9225422734337206,282,0.1360229355155997,0.2061409568906703,0.052807183062202334,0.26711884854035045,0.2846084192537951,0.053301656737382165,0.4,0.2,True,True,7.500000000000045,0
