arm,seed,step,novelty_vector_count,h_n_latest,h_n_shape_latest,V,H_N,L_t,total_suppression,avg_wb,theta_capability,transfer_state,g,population,x_compute,x_bio_welfare,x_novelty_agency,x_institutional_capacity,x_transfer_comprehension,x_resilience,c_protective,c_suppressive,adapter_active,action_modified,adapter_score,shape_fallback_increase
M1,1835087600,0,200,0.9853786701822186,0.9853882528797977,0.09186588694245418,0.9853786701822186,0.09879706590957976,0.05600000000000001,0.6687429222203327,0.5000013086011867,0.55,1.359406220476263,203,1.6357514834035764e-05,0.17745588602962198,0.012219511584216474,0.21424081617967689,0.5288504981444383,0.06721693054721227,0.4,0.0,False,False,0.0,2
M1,1835087600,1,203,0.9851066484163653,0.9852397911194605,0.07091804979374082,0.9851066484163653,0.11887736311755889,0.2,0.6794502503284668,0.5185032835964445,0.5689292132549465,1.3413299246398338,209,0.23127550531646351,0.16906495711535796,0.050880863379932716,0.23966305243617506,0.16964606627473217,0.13946955547733872,0.0,0.2,False,False,0.0,0
M1,1835087600,2,209,0.9881234775868448,0.9886808257349297,0.059548817382468755,0.9881234775868448,0.14390837824471128,0.256,0.6904466731325539,0.5260464747619739,0.6096091818709769,1.2498056209459405,218,0.10585444181689488,0.2402220216248068,0.010124810139793826,0.20418559230022554,0.28786444970762504,0.1517486844106539,0.4,0.2,False,False,0.0,0
M1,1835087600,3,218,0.9852216852934587,0.9852755926653427,0.07811547482035588,0.9852216852934587,0.16779618570306365,0.2,0.7036490231406476,0.5319244794181367,0.6451392943454198,1.1717646534969797,223,0.08975410492826945,0.2160073225699655,0.11464073698684822,0.2248672096619371,0.2824551533077032,0.07227547254527672,0.0,0.2,False,False,0.0,0
M1,1835087600,4,223,0.9916744334427404,0.9916748279612971,0.11730953242303366,0.9916744334427404,0.1921624597654559,0.0,0.7142964847258078,0.5377510460912447,0.6759758619989759,1.1137085731351384,223,0.09278488305018548,0.21662052818378322,0.027631858395997754,0.2819598026006806,0.27675248544048997,0.10425044232886302,0.0,0.0,False,False,0.0,0
M1,1835087600,5,223,0.985748476409247,0.9857490529410097,0.1142420562129902,0.985748476409247,0.20805077628310023,0.05600000000000001,0.7285748143642138,0.5562532643802061,0.6865241733103638,1.1120967830926947,216,0.25487213241904505,0.1819597876936566,0.03372534667285858,0.2880937116726327,0.19072948755642724,0.05061953398538001,0.4,0.0,False,False,0.0,0
M1,1835087600,6,216,0.9888196001531514,0.9888199031082856,0.11938869135694188,0.9888196001531514,0.23429383444547247,0.014000000000000002,0.7360934750949119,0.5595243427477024,0.7110990845187789,1.0689463241219581,221,0.07604676983133217,0.16177848576234985,0.150928559832691,0.31825198596960824,0.26613664269725773,0.026857555906760998,0.2,0.0,False,False,0.0,0
M1,1835087600,7,221,0.9872779825425451,0.9878378012465695,0.05950682048702741,0.9872779825425451,0.25955708100749386,0.326,0.748307015660267,0.5635873373825759,0.7399891760669011,1.0177849921776916,222,0.08799014715323375,0.20605835035994421,0.04716852585732849,0.27311262939552156,0.3577617334740429,0.02790861375992921,0.6,0.2,False,False,0.0,0
M1,1835087600,8,222,0.9907048394378658,0.9907051096865608,0.1203132286074916,0.9907048394378658,0.28415532156771867,0.05600000000000001,0.7592100098087383,0.5674388306110908,0.765990258460211,0.9757394852253047,222,0.08788575122054502,0.1606009384422544,0.02540076786872652,0.30601288252181935,0.3933960785654929,0.0267035813811619,0.4,0.0,False,False,0.0,0
M1,1835087600,9,222,0.9908769001613581,0.9908769997402948,0.128261884471478,0.9908769001613581,0.3032022439389852,0.014000000000000002,0.7698291264252468,0.5882356530929431,0.7719291798257566,0.9898731561456362,223,0.30210955015508606,0.16437962548088103,0.08166804169368885,0.18338562439558423,0.21268973605783345,0.05576742221692632,0.2,0.0,False,False,0.0,0
M1,1835087600,10,223,0.9845471652269447,0.9845550001659864,0.09346204177314173,0.9845471652269447,0.3191936089218124,0.21400000000000002,0.7731317449772782,0.6019117830805351,0.76227146191833,1.0213384417647902,227,0.22609890802798818,0.25412973980794873,0.07123190015434162,0.26667068809740163,0.13767600037574496,0.04419276353657495,0.2,0.2,False,False,0.0,0
M1,1835087600,11,227,0.9750492282088099,0.9884842389233933,0.0342148591777685,0.9750492282088099,0.33505724510308044,0.526,0.7806372124240308,0.6218161939265083,0.7849034292873176,1.0148376048982355,230,0.34531412565238156,0.18736260545450437,0.024382206559669425,0.0888909246638508,0.294295567804103,0.059754569865490846,0.6,0.4,False,False,0.0,0
M1,1835087600,12,230,0.9337786504263359,0.9854596137207371,0.0234664494463236,0.9337786504263359,0.347453062096359,0.6,0.783181268171318,0.6270027937200902,0.8036793368107256,0.9961491800983295,234,0.1409676186238412,0.1874032483020085,0.02461175481033322,0.29097043917420684,0.28633125226069867,0.06971568682891155,0.0,0.6,False,False,0.0,0
M1,1835087600,13,234,0.9840918724564641,0.9840931644795594,0.10780541727536884,0.9840918724564641,0.39414822771652847,0.126,0.7778148057839595,0.6315899735120232,0.823311403129653,0.9862678824401827,242,0.13671649347421924,0.15198295134139791,0.03958329740963941,0.24151878663199774,0.3867489602588715,0.04344951088387426,0.6,0.0,False,False,0.0,0
M1,1835087600,14,242,0.9853008166154951,0.9853016663366889,0.11115090587411759,0.9853008166154951,0.4140747376836117,0.126,0.7850135143204282,0.644683607945756,0.837436702434117,0.9806578373838184,245,0.24591416386667386,0.21194233923007608,0.0849489815655899,0.1495881915691783,0.28228219808714683,0.02532412568133505,0.6,0.0,False,False,0.0,0
M1,1835087600,15,245,0.985558134844499,0.989241593006931,0.044521388290666715,0.985558134844499,0.43849349070107374,0.456,0.7851965953959928,0.6567814891108914,0.8469912270335394,0.987560211837751,252,0.24165076953029055,0.16973050612389018,0.0982869820503004,0.18132905033594776,0.26649097421416984,0.04251171774540134,0.4,0.4,False,False,0.0,0
M1,1835087600,16,252,0.9836543583221988,0.9847602258993099,0.0540629826491435,0.9836543583221988,0.4653832600785592,0.4,0.7847621902887174,0.6739424146553469,0.8545185928542999,1.0049933829872364,259,0.31326504501698144,0.20499966311675233,0.008174324731171278,0.18550555711108113,0.2611324426205725,0.02692296740344121,0.0,0.4,False,False,0.0,0
M1,1835087600,17,259,0.9868581826211758,0.9868595094317838,0.10761627295040843,0.9868581826211758,0.48485626527382214,0.126,0.7754500388435525,0.6902452939225795,0.8570923977331634,1.0385370369928488,262,0.35116201783533624,0.1373582352945882,0.03766785267351596,0.22720003282526416,0.24012832082146737,0.006483540549827959,0.6,0.0,False,False,0.0,0
M1,1835087600,18,262,0.9838699892817705,0.9901112510485043,0.04033079400994884,0.9838699892817705,0.4952193458326763,0.456,0.7789952821476148,0.7025106114548736,0.8675886495647713,1.0394514265209032,264,0.27221977785528856,0.17544255232546896,0.003425639990037237,0.12433215981131712,0.28102745802462176,0.14355241199326613,0.4,0.4,False,False,0.0,0
M1,1835087600,19,264,0.987323432747221,0.9873720097035631,0.0789611806914377,0.987323432747221,0.5108766412218961,0.256,0.7862521921793288,0.697723126236181,0.8784137738359998,1.0102343042781823,261,0.06672556692563954,0.16314609169294034,0.1409082869666269,0.2874394955759561,0.2879199461385279,0.05386061270030935,0.4,0.2,False,False,0.0,0
M1,1835087600,20,261,0.9890260990451103,0.9890467775078283,0.08577302527107634,0.9890260990451103,0.5472898287820944,0.256,0.7848336312637665,0.6972600816373546,0.8781360977028031,1.0117084267651293,274,0.11778889641228343,0.17028449387621403,0.16455329024731422,0.2942347677994321,0.23781850625201642,0.015320045412739822,0.4,0.2,False,False,0.0,0
M1,1835087600,21,274,0.986398552122995,0.9864018786176126,0.10029614907340954,0.986398552122995,0.5803326011626209,0.2,0.7842866506788133,0.7098325338967614,0.8775618563793506,1.0313435086369263,282,0.28044320426593095,0.19068832619349402,0.014852687522929536,0.261804978922148,0.2361968422341391,0.01601396086135856,0.0,0.2,False,False,0.0,0
M1,1835087600,22,282,0.9881010872660386,0.9882637974836991,0.06934605681598462,0.9881010872660386,0.5884642709399384,0.326,0.7863530879822735,0.7045188540953352,0.875115219335706,1.0237874149738773,283,0.06472433616764817,0.20108257890092704,0.14664077183814914,0.27029513952680473,0.22654774297145222,0.09070943059501872,0.6,0.2,False,False,0.0,0
M1,1835087600,23,283,0.9884475789512117,0.9884483117007872,0.11235520778751128,0.9884475789512117,0.5967097306992822,0.126,0.7953488841695318,0.6995612942851342,0.88250636012927,0.9966673984605791,279,0.06585478618207291,0.2988568674304543,0.016182848555577826,0.29303566627100114,0.27451331363567266,0.05155651792522098,0.6,0.0,False,False,0.0,0
M1,1835087600,24,279,0.9893070926611662,0.9893070957389193,0.15592446030241605,0.9893070926611662,0.6209813649685455,0.0,0.7941170781187378,0.6978996602249288,0.8714926656814955,1.0084275788158743,291,0.10395538317564067,0.2007294402090492,0.11611487692357347,0.3066544438033508,0.18618470782576274,0.08636114806262324,0.0,0.0,False,False,0.0,0
M1,1835087600,25,291,0.9849428211632508,0.9907399624636377,0.04092343942623361,0.9849428211632508,0.6310135284282944,0.456,0.79689616233617,0.7050985269756953,0.8776688899351529,1.0081319239001514,292,0.21367312202516237,0.17854171569621843,0.09405298375487971,0.20877509953996784,0.26662745410903477,0.03832962487473691,0.4,0.4,False,False,0.0,0
M1,1835087600,26,292,0.9912344754896083,0.9912344801294369,0.15267252049227156,0.9912344754896083,0.6329312109031641,0.0,0.8055823180811799,0.7018564962463115,0.879556145023482,0.990546417574095,289,0.08766119524251233,0.3028562755868878,0.03722275853707889,0.2170330981672962,0.24827072040922213,0.10695595205700259,0.0,0.0,False,False,0.0,0
M1,1835087600,27,289,0.988210793142208,0.988213744342877,0.10126363367283767,0.988210793142208,0.6343799216275835,0.22400000000000003,0.8104309277044199,0.698288220401223,0.8755555184657408,0.9840904561832999,288,0.08155686209033779,0.1651300826638142,0.10099798062689001,0.31504630623366014,0.2197749397230346,0.11749382866226325,0.8,0.0,False,False,0.0,0
M1,1835087600,28,288,0.9890135333888527,0.9890180853508,0.09782064142933922,0.9890135333888527,0.6399559967579203,0.21400000000000002,0.813019778625989,0.7063002976849223,0.869429088568703,0.99920388052808,290,0.22408110379700644,0.2806440410505372,0.05527060829972304,0.2004130224550879,0.20714560974768167,0.03244561464996375,0.2,0.2,False,False,0.0,0
M1,1835087600,29,290,0.9899719724363865,0.9901424356676297,0.06899064213917899,0.9899719724363865,0.6378534567240519,0.35,0.8103960598764597,0.7209852828006762,0.8658276216278676,1.0275374098820187,288,0.3666376241380941,0.20284770662225624,0.030189241494217475,0.18189496465052762,0.21670720958017425,0.0017232535147302102,1.0,0.0,False,False,0.0,0
M1,1835087600,30,288,0.9894944242608322,0.9894987579729165,0.09821561843981946,0.9894944242608322,0.6479020275491798,0.2,0.8041285660204263,0.7265679102315173,0.8747879496627056,1.032875391816408,287,0.20789864463593663,0.15191121350043263,0.024031955046280064,0.2579637844844042,0.2777154509881233,0.08047895134482327,0.0,0.2,False,False,0.0,0
M1,1835087600,31,287,0.989882468645617,0.9898859910182991,0.09986877409520273,0.989882468645617,0.6775555295554662,0.21400000000000002,0.8051637817575342,0.7294951362373621,0.887309154696435,1.0210880823014008,292,0.1781952689677576,0.20184089781921463,0.0026635777138483163,0.25481867207500786,0.34186767997150175,0.020613903452669873,0.2,0.2,False,False,0.0,0
M1,1835087600,32,292,0.990969033739956,0.9909690529303036,0.14136923156597536,0.990969033739956,0.6870307639745362,0.05600000000000001,0.809803544451742,0.722375695266104,0.8985782392267915,0.9927217909044753,290,0.05444144800762535,0.17092522332296642,0.004668874296614528,0.28098906585422456,0.3307835825155043,0.1581918060030649,0.4,0.0,False,False,0.0,0
M1,1835087600,33,290,0.9907006920045652,0.99070069804619,0.1505668084882167,0.9907006920045652,0.6903683220841029,0.014000000000000002,0.8052108893510687,0.7335610468430961,0.867733482565805,1.0498814600934994,296,0.2788017042537155,0.23200250084861146,0.046633295761170535,0.32195883792901087,0.09506533630846338,0.02553832489902839,0.2,0.0,False,False,0.0,0
M1,1835087600,34,296,0.9890873375750734,0.989087338792568,0.163304902494451,0.9890873375750734,0.7053745667620551,0.014000000000000002,0.8057430229558703,0.743452047474786,0.8681565189237967,1.062816718933145,297,0.2696131621730586,0.16248962660935126,0.04028135526506337,0.2575956192368401,0.23598192307286162,0.03403831364282513,0.2,0.0,False,False,0.0,0
M1,1835087600,35,297,0.9895836159289919,0.989583869418721,0.1208138132120357,0.9895836159289919,0.7097216365598883,0.126,0.8098645325470026,0.7554849881321422,0.8732700883006606,1.0682302561951234,297,0.3025692878886934,0.25787033927520503,0.014345117626054869,0.14910561319317803,0.2596461063462173,0.016463535670651612,0.6,0.0,False,False,0.0,0
M1,1835087600,36,297,0.9906958918717531,0.9906958935426383,0.16079800881920608,0.9906958918717531,0.7145861103725384,0.0,0.8052054125044521,0.7677107387255351,0.8580465242746536,1.1111689408879513,298,0.32236425418707687,0.16857150126177048,0.0693603651541165,0.2688835747247944,0.16051722402029533,0.01030308065194643,0.0,0.0,False,False,0.0,0
M1,1835087600,37,298,0.9870382442664987,0.9870493979931773,0.0906708394651692,0.9870382442664987,0.7127460699756006,0.22400000000000003,0.8006265956921382,0.7586702120762656,0.8630339064078261,1.0979818509275787,299,0.05431262858759095,0.15542528550354967,0.01893779102631827,0.43106809750682124,0.25396017280318917,0.0862960245725309,0.8,0.0,False,False,0.0,0
M1,1835087600,38,299,0.9893441764909093,0.9893487132838037,0.09784987264835471,0.9893441764909093,0.7484999924015066,0.2,0.7933451961267642,0.751532542037263,0.8684853290131206,1.0907446911106602,315,0.0724480070601334,0.17279206325295512,0.06894392957400557,0.26547442573083585,0.2587740662303857,0.16156750815168425,0.0,0.2,False,False,0.0,0
M1,1835087600,39,315,0.990403310088983,0.9904033173243699,0.14912913085309173,0.990403310088983,0.7596624146569169,0.0,0.7919776571186938,0.753309111762556,0.8789341928015213,1.0821910326047686,320,0.17941496033945117,0.1851143221707997,0.1610152945018278,0.1786878476835853,0.2864869834485636,0.00928059185577226,0.0,0.0,False,False,0.0,0
M1,1835087600,40,320,0.9887532089382688,0.9901047905290047,0.05250891579674079,0.9887532089382688,0.7515040808731088,0.4,0.7911570418036928,0.7629854325167701,0.852789836602432,1.1308670034295603,320,0.2792722042792736,0.16935187771267035,0.04947029350624169,0.33268945508456416,0.10874531540531422,0.06047085401193606,0.0,0.4,False,False,0.0,0
M1,1835087600,41,320,0.9925396949253286,0.9925400572573029,0.11799391931180879,0.9925396949253286,0.7673070488904968,0.126,0.7899981605018587,0.7579398446259336,0.8675108529421888,1.1059455401364577,322,0.10129604668752534,0.1753146830906856,0.08509332602836082,0.24495097782692302,0.38855212174905024,0.00479284461745494,0.6,0.0,False,False,0.0,0
M1,1835087600,42,322,0.9885227650182679,0.9888456756332366,0.06389486913277866,0.9885227650182679,0.7906169059314123,0.326,0.787618620812428,0.7574036343848628,0.8670952602219217,1.1090333275980762,332,0.15450977487782466,0.1681243379924791,0.06221825891794224,0.2704269587258944,0.2316774628697591,0.11304320661610047,0.6,0.2,False,False,0.0,0
M1,1835087600,43,332,0.9907056428241816,0.9907120455962091,0.09511850336239808,0.9907056428241816,0.7976313382926661,0.2,0.7925070167040223,0.7462624838900449,0.8739956797794408,1.0774055474595754,332,0.02161289030531512,0.2940168188778786,0.03376987056051206,0.3819553429089357,0.2680497278985561,0.0005953494488025958,0.0,0.2,False,False,0.0,0
M1,1835087600,44,332,0.9908370921849106,0.990837185253743,0.12879975571109206,0.9908370921849106,0.7804853841220153,0.126,0.7974741232991012,0.7561341090796276,0.8604405221335897,1.1019486939074374,326,0.27730936730106237,0.21440882418255666,0.00899896838139985,0.2133083380022807,0.16922205166046494,0.11675245047223545,0.6,0.0,False,False,0.0,0
M1,1835087600,45,326,0.9904795574319943,0.9904795683917862,0.1458243268774046,0.9904795574319943,0.794935617591412,0.014000000000000002,0.7964959964792777,0.7560301371726628,0.8743964699202307,1.0855432095791713,334,0.15878416933770598,0.2666459304704782,0.0054583390741853215,0.1566277677679112,0.321773539210937,0.0907102541387823,0.2,0.0,False,False,0.0,0
M1,1835087600,46,334,0.9904151345867882,0.9915616731570028,0.053830275126520596,0.9904151345867882,0.7850911044986526,0.41400000000000003,0.8026487927739,0.7551286246511515,0.8727232766349914,1.0780001399732277,329,0.14874992921402397,0.17190988730179654,0.013206385113539734,0.22518188901500605,0.22883226853391891,0.21211964082171483,0.2,0.4,False,False,0.0,0
M1,1835087600,47,329,0.9918001357832719,0.9918155718329799,0.08812270083811097,0.9918001357832719,0.8172052304380882,0.256,0.7959321203004149,0.745427618972037,0.8854509489714922,1.0577059339712678,341,0.03819281941803859,0.21608780770157,0.03924034696904159,0.37366532087221427,0.321700540718686,0.011113164320449518,0.4,0.2,False,False,0.0,0
M1,1835087600,48,341,0.989078924227646,0.9901174969389213,0.05460592520062727,0.989078924227646,0.7917860052922671,0.4,0.80130536014746,0.7520521498116886,0.8954678591344623,1.0480932084234413,324,0.2361988973531674,0.16359821860046125,0.01612367849193075,0.21738345819971502,0.2928100253005963,0.07388572205412935,0.0,0.4,False,False,0.0,0
M1,1835087600,49,324,0.9748804101700871,0.9898921178808584,0.03334288785857459,0.9748804101700871,0.8037208782234833,0.526,0.79602855930755,0.7452703314370676,0.905921073221016,1.0334627347984124,333,0.07275986394954313,0.1866527432196703,0.03226639336936074,0.2598101072524608,0.44755926675967733,0.0009516254492877169,0.6,0.4,False,False,0.0,0
M1,1835087600,50,333,0.9924670028803235,0.992467010535066,0.14869721693189897,0.9924670028803235,0.8098124664927919,0.0205,0.7968893865408269,0.7439482343787959,0.9059611013634712,1.0304694565072572,327,0.13676774391977167,0.209294871422649,0.054870305351829865,0.290366884904375,0.25316067732278374,0.05553951707859078,0.2,0.0065,True,True,0.03,0
M1,1835087600,51,327,0.9885960555623142,0.9908940616845238,0.048290318473253276,0.9885960555623142,0.8094435164965362,0.42700000000000005,0.7975279055511542,0.7460834959398307,0.9044471214921233,1.0343281969571383,325,0.17915841599968327,0.2553336438599627,0.027121841843188728,0.27618626941128355,0.2454106513249961,0.0167891775608855,0.2,0.41300000000000003,True,True,0.06,0
M1,1835087600,52,325,0.9901338561991,0.9901338601229126,0.15399789429968577,0.9901338561991,0.801880373841093,0.0335,0.7938167363997807,0.741186278750949,0.8931121493728781,1.0454448376398535,327,0.09258697010137269,0.19534832427078,0.017290345505083574,0.37802303320348224,0.19554870014983586,0.12120262676944556,0.2,0.0195,True,True,0.09000000000000001,0
M1,1835087600,53,327,0.9842918404286393,0.9898004033324025,0.041322337512454815,0.9842918404286393,0.7895750724695542,0.48200000000000004,0.7925326511774873,0.7395954214609449,0.882594581143348,1.0573427547637966,327,0.1308557080942928,0.1649972294056259,0.043142988140234234,0.33390502753076823,0.1939682335387883,0.13313081329029042,0.4,0.42600000000000005,True,True,0.12000000000000001,0
M1,1835087600,54,327,0.9867692155257748,0.9874894717787592,0.057498121458757365,0.9867692155257748,0.773465812999194,0.38249999999999995,0.7938538995993614,0.7310593309477962,0.8880444490699534,1.0369966136883493,319,0.04304600699873089,0.19689213605323688,0.0464633776527523,0.3394518913786972,0.2685466302047012,0.10559995771188153,1.0,0.0325,True,True,0.15000000000000002,0
M1,1835087600,55,319,0.9863779477695576,0.9863992172675101,0.0855273631477064,0.9863779477695576,0.7854778684270601,0.253,0.7902356699612979,0.724165414777311,0.899240004162958,1.0190735544159224,323,0.058238129711308116,0.16795744702444232,0.09222803779682043,0.3325089853608583,0.31989560070800305,0.029171799398567715,0.2,0.23900000000000002,True,True,0.18000000000000005,0
M1,1835087600,56,323,0.9884735577564141,0.9888393896413514,0.06290141434040193,0.9884735577564141,0.7814903191795627,0.3715,0.7912072541867814,0.720209415318224,0.8954561108234762,1.016539431690473,322,0.09065339099723259,0.17697903152700145,0.028576022840994288,0.387223821191028,0.23070053538407018,0.08586719805967358,0.6,0.2455,True,True,0.21000000000000008,0
M1,1835087600,57,322,0.985321810687437,0.9919711394524173,0.03984159294105138,0.985321810687437,0.789247365165711,0.508,0.7919077224186768,0.7181541351896108,0.9040480088743919,1.0031170066789288,323,0.11193988296622537,0.2719361179938494,0.05372179784735706,0.26610241809043234,0.2906875456663162,0.005612237435819636,0.4,0.452,True,True,0.2400000000000001,0
M1,1835087600,58,323,0.9826308188147062,0.987820144922353,0.04178161203086334,0.9826308188147062,0.8114384771890236,0.47250000000000003,0.7902366508311829,0.7144699813054023,0.9136432079869526,0.9895783568914964,331,0.09029441094090034,0.237064059890659,0.02772143203960206,0.2685036613129091,0.3124869959167276,0.06392943989920201,0.2,0.4585,True,True,0.27000000000000013,0
M1,1835087600,59,331,0.9496042254516776,0.9859984170625313,0.02626224199871994,0.9496042254516776,0.7780718793196811,0.591,0.7746993700616516,0.722803336967754,0.9222788871882573,1.011636939855762,327,0.23821068409527318,0.12127798850903936,0.040356453118101376,0.2719897128021413,0.32112056879492906,0.007044592680515921,0.6,0.465,True,True,0.30000000000000016,0
M1,1835087600,60,327,0.9847278140457633,0.9925998840134217,0.038502935167541406,0.9847278140457633,0.792537694344302,0.49550000000000005,0.7810426707038165,0.726115637406787,0.9055869486206765,1.026599086671238,322,0.18065584109275873,0.19792092105642506,0.08234632497756518,0.29174677865954146,0.1776797507562241,0.06965038345748543,0.8,0.2715,True,True,0.3300000000000002,0
M1,1835087600,61,322,0.9852921837688761,0.9892250668079917,0.04399970542031086,0.9852921837688761,0.7763657388627317,0.47800000000000004,0.7869366276605687,0.7330513672181445,0.9150282537586089,1.0180289868275478,313,0.22801889602120995,0.17884499497246584,0.01843734466699029,0.1719769178468288,0.30611897604300614,0.09660287044949899,0.0,0.47800000000000004,True,True,0.3600000000000002,0
M1,1835087600,62,313,0.9717739213195913,0.9890395048321226,0.03222253590435747,0.9717739213195913,0.7736424216412464,0.5405000000000001,0.7882806997309452,0.7361877112496289,0.9073469552262069,1.0292817776435226,316,0.18486140490489608,0.26961552196758004,0.007545026459403029,0.26571521299295553,0.21910763421729468,0.05315519945787082,0.4,0.48450000000000004,True,True,0.39000000000000024,0
M1,1835087600,63,316,0.9932034200529959,0.9932980759734025,0.07369865382467873,0.9932034200529959,0.7813410219245837,0.30500000000000005,0.7848152163151063,0.7348770958198712,0.9133991881345983,1.0251482526729196,316,0.13123462665904567,0.280157762880967,0.04486785264043714,0.1996684646190335,0.28393464215506065,0.06013665104545607,0.2,0.29100000000000004,True,True,0.42000000000000026,0
M1,1835087600,64,316,0.9823788873513085,0.991069123576055,0.03770356503520311,0.9823788873513085,0.7800355136714808,0.5115,0.7872335454259328,0.7311821303546067,0.9213193327788641,1.0081189830943609,315,0.10061111657161353,0.19159831625005466,0.043119610386694616,0.2842636106785464,0.2963003172886285,0.08410702882446232,0.2,0.4975,True,True,0.45000000000000023,0
M1,1835087600,65,315,0.991477471959358,0.991478364838716,0.11080628307846126,0.991477471959358,0.7775393546771366,0.16,0.7886896264634257,0.7390087419013567,0.9263724802431579,1.0114811698243422,311,0.24232147580600502,0.16244949529672736,0.13120235463291144,0.17486461623281432,0.28592540371090075,0.0032366543206411307,0.4,0.104,True,True,0.48000000000000026,0
M1,1835087600,66,311,0.992136430691625,0.9921497182971734,0.08931839025862363,0.992136430691625,0.7733515130745824,0.2365,0.7887504447645425,0.7444672679838131,0.9193716338545289,1.0266322215253791,308,0.21761203971905405,0.23705115905010257,0.01795690505702374,0.25881762099109384,0.22818200817843406,0.04038026700429176,0.6,0.1105,True,True,0.5100000000000002,0
M1,1835087600,67,308,0.9931259348284586,0.9931275661826706,0.10602186182484392,0.9931259348284586,0.7431758974413163,0.173,0.7896130194644387,0.7367613769941616,0.8995871999561629,1.0372161803207232,303,0.05646840511923808,0.23919684931716328,0.10318191152330852,0.3456645503130043,0.16076364743543395,0.09472463629185178,0.4,0.11699999999999999,True,True,0.5400000000000001,0
M1,1835087600,68,303,0.9888059566835331,0.9888087014269702,0.10184572498740954,0.9888059566835331,0.7435723046145112,0.1795,0.7886226513208586,0.7290278325833595,0.9096284799605466,1.016273994604772,305,0.05130655548632407,0.19080369868649533,0.13612448193813115,0.24299218597882472,0.30270629249717035,0.07606678541305431,0.4,0.1235,True,True,0.5700000000000001,0
M1,1835087600,69,305,0.9920897191394158,0.9923626279093709,0.06526231689550313,0.9920897191394158,0.7366106262281121,0.34400000000000003,0.7941036914274576,0.7264691455227068,0.901507029110205,1.0147775286382026,301,0.11115880710644191,0.21778550497110719,0.07515800966822975,0.3343148439154695,0.21420698572856475,0.04737584861018692,0.2,0.33,True,True,0.6,0
M1,1835087600,70,301,0.991426117007601,0.9914263682921732,0.1208981694409568,0.991426117007601,0.745416430786017,0.13649999999999998,0.7935413506568233,0.724287247934564,0.9113563261991845,1.0015048665970647,301,0.11426949609990619,0.19491703929325252,0.03458249389830859,0.2972311623736206,0.30881365662956684,0.050186151705345246,0.0,0.13649999999999998,True,True,0.6299999999999999,0
M1,1835087600,71,301,0.9906156879232183,0.9906397768146963,0.08457066594300278,0.9906156879232183,0.7170102920849089,0.269,0.783611563342542,0.7321882634056452,0.886411960302169,1.0541109377852207,297,0.2389422233476178,0.14721755806753023,0.0002514443999840809,0.37728112987932033,0.13095633361451464,0.10535131069103294,0.6,0.143,True,True,0.6599999999999998,0
M1,1835087600,72,297,0.9848735209567994,0.9848744685778844,0.11027943607713521,0.9848735209567994,0.7100380987754704,0.1635,0.7853813312351078,0.7345131183124686,0.8846227830598895,1.0572090268999665,294,0.17417835096382026,0.18709199320908623,0.06388365574211377,0.26597067384650236,0.23426009393968703,0.07461523229879037,0.2,0.1495,True,True,0.6899999999999997,0
M1,1835087600,73,294,0.8476701416440825,0.9883159611170486,0.015520216943413892,0.8476701416440825,0.6022201575538187,0.682,0.7795761431471955,0.7267981915121723,0.8961605047539005,1.0403261083752937,290,0.05013411394158904,0.1402846689237461,0.060902849643618286,0.41438944179092596,0.3342376806743236,5.124502579708918e-05,0.6,0.556,True,True,0.7199999999999996,0
M1,1835087600,74,290,0.9591182275615211,0.9913621574840173,0.027269227697907097,0.9591182275615211,0.6720640868383233,0.5765,0.7656114622819482,0.7404582819365637,0.876012684909478,1.1040322842710133,295,0.3432642868029171,0.13699202439013813,0.10012304763745473,0.21883170152444784,0.14734115315483767,0.05344778649020462,0.2,0.5625,True,True,0.7499999999999996,0
M1,1835087600,75,295,0.8203704689705199,0.9890458928526263,0.014079497506418402,0.8203704689705199,0.5754300000363269,0.682,0.7579448806533994,0.7324460969550627,0.8884114164185303,1.0877370320454869,296,0.05013411394158904,0.1402846689237461,0.060902849643618286,0.41438944179092596,0.3342376806743236,5.124502579708918e-05,0.6,0.556,True,True,0.7799999999999995,0
M1,1835087600,76,296,0.8138110533237393,0.9910944264378152,0.013699769684352414,0.8138110533237393,0.5728236338834912,0.682,0.7508993617481822,0.7248345212226367,0.8995702747766773,1.0730551360148892,298,0.05013411394158904,0.1402846689237461,0.060902849643618286,0.41438944179092596,0.3342376806743236,5.124502579708918e-05,0.6,0.556,True,True,0.8099999999999994,0
M1,1835087600,77,298,0.9887396571280914,0.9887844476805716,0.07961853573610057,0.9887396571280914,0.68296131664377,0.256,0.7604820958414132,0.7244746300027528,0.9065349311497686,1.0508715742163455,286,0.1360229355155997,0.2061409568906703,0.052807183062202334,0.26711884854035045,0.2846084192537951,0.053301656737382165,0.4,0.2,True,True,0.8399999999999993,0
M1,1835087600,78,286,0.9881336577445483,0.9881799597042212,0.07934949648787004,0.9881336577445483,0.695077965786322,0.256,0.767863012675573,0.7241327333438632,0.9128031218855508,1.0331355702979235,286,0.1360229355155997,0.2061409568906703,0.052807183062202334,0.26711884854035045,0.2846084192537951,0.053301656737382165,0.4,0.2,True,True,0.8699999999999992,0
M1,1835087600,79,286,0.9883342004962469,0.9883705167763369,0.08128467807957232,0.9883342004962469,0.7045741772861368,0.256,0.7722898259996659,0.723807931517918,0.9184444935477547,1.020446192388974,286,0.1360229355155997,0.2061409568906703,0.052807183062202334,0.26711884854035045,0.2846084192537951,0.053301656737382165,0.4,0.2,True,True,0.8999999999999991,0
M1,1835087600,80,286,0.9901124397325476,0.9901368589680977,0.08445820470719308,0.9901124397325476,0.7105886677169824,0.256,0.7776539801075779,0.7234993697832701,0.9235217280437382,1.0074062486846507,284,0.1360229355155997,0.2061409568906703,0.052807183062202334,0.26711884854035045,0.2846084192537951,0.053301656737382165,0.4,0.2,True,True,0.929999999999999,0
M1,1835087600,81,284,0.9912414944132368,0.9912735347252066,0.0823051926436908,0.9912414944132368,0.7218449125901213,0.256,0.7842986878882149,0.7232062361353546,0.9280912390901235,0.993550624887746,284,0.1360229355155997,0.2061409568906703,0.052807183062202334,0.26711884854035045,0.2846084192537951,0.053301656737382165,0.4,0.2,True,True,0.9599999999999991,0
M1,1835087600,82,284,0.9893475075529834,0.9894179041816775,0.07602450057275603,0.9893475075529834,0.7301538234480315,0.256,0.7822863164633158,0.7229277591698349,0.9322037990318701,0.9913301137143187,287,0.1360229355155997,0.2061409568906703,0.052807183062202334,0.26711884854035045,0.2846084192537951,0.053301656737382165,0.4,0.2,True,True,0.9899999999999991,0
M1,1835087600,83,287,0.9898013436706806,0.9898144645735044,0.08940012898555925,0.9898013436706806,0.733843307963215,0.256,0.7820849871460603,0.7226632060525912,0.9359051029794421,0.9873023686018524,287,0.1360229355155997,0.2061409568906703,0.052807183062202334,0.26711884854035045,0.2846084192537951,0.053301656737382165,0.4,0.2,True,True,1.0199999999999991,0
M1,1835087600,84,287,0.9867983043034289,0.9868260399281901,0.08341785540283958,0.9867983043034289,0.7398241363972989,0.256,0.7819982180841014,0.7224118805912095,0.9392362765322568,0.983567699556106,289,0.1360229355155997,0.2061409568906703,0.052807183062202334,0.26711884854035045,0.2846084192537951,0.053301656737382165,0.4,0.2,True,True,1.0499999999999992,0
M1,1835087600,85,289,0.986485800352725,0.9865118666837918,0.08390942805873894,0.986485800352725,0.7527901321372377,0.256,0.7820641218598837,0.722173121402897,0.9422343327297902,0.9800314955883532,293,0.1360229355155997,0.2061409568906703,0.052807183062202334,0.26711884854035045,0.2846084192537951,0.053301656737382165,0.4,0.2,True,True,1.0799999999999992,0
M1,1835087600,86,293,0.9868345617257358,0.9868574071417601,0.08496210182205466,0.9868345617257358,0.7623340938109792,0.256,0.7809776393551173,0.7219463001740002,0.9449325833075701,0.978285171981321,296,0.1360229355155997,0.2061409568906703,0.052807183062202334,0.26711884854035045,0.2846084192537951,0.053301656737382165,0.4,0.2,True,True,1.1099999999999992,0
M1,1835087600,87,296,0.9872435075565936,0.9872877712198362,0.07970067047826711,0.9872435075565936,0.7706726488988148,0.256,0.786766088957374,0.7217308200065482,0.9473610088275721,0.9683093208500525,296,0.1360229355155997,0.2061409568906703,0.052807183062202334,0.26711884854035045,0.2846084192537951,0.053301656737382165,0.4,0.2,True,True,1.1399999999999992,0
M1,1835087600,88,296,0.9908445574679584,0.9908755239867901,0.08257334114788124,0.9908445574679584,0.7821089707071772,0.256,0.7880295270524735,0.7215261138474688,0.9495465917955739,0.9642580740452301,298,0.1360229355155997,0.2061409568906703,0.052807183062202334,0.26711884854035045,0.2846084192537951,0.053301656737382165,0.4,0.2,True,True,1.1699999999999993,0
M1,1835087600,89,298,0.9868833675274208,0.9869021427670345,0.08652432110977082,0.9868833675274208,0.7729794487744805,0.256,0.7933497134387241,0.7213316429963433,0.9515136164667755,0.9555541593624328,293,0.1360229355155997,0.2061409568906703,0.052807183062202334,0.26711884854035045,0.2846084192537951,0.053301656737382165,0.4,0.2,True,True,1.1999999999999993,0
M1,1835087600,90,293,0.9913719587052489,0.9913845230818823,0.08975774326411276,0.9913719587052489,0.8040519686356843,0.256,0.7926518955850523,0.7211468956877741,0.9532839386708569,0.954374792311577,303,0.1360229355155997,0.2061409568906703,0.052807183062202334,0.26711884854035045,0.2846084192537951,0.053301656737382165,0.4,0.2,True,True,1.2299999999999993,0
M1,1835087600,91,303,0.990797983016069,0.990811136043242,0.0893886750704007,0.990797983016069,0.7959451145208536,0.256,0.7967262160191195,0.7209713857446334,0.9548772286545303,0.947679277482711,298,0.1360229355155997,0.2061409568906703,0.052807183062202334,0.26711884854035045,0.2846084192537951,0.053301656737382165,0.4,0.2,True,True,1.2599999999999993,0
M1,1835087600,92,298,0.9910973542830354,0.9911071223493687,0.09175944087134541,0.9910973542830354,0.8263571950272444,0.256,0.7986736230729329,0.7208046512986497,0.9563111896398363,0.9437326953965057,308,0.1360229355155997,0.2061409568906703,0.052807183062202334,0.26711884854035045,0.2846084192537951,0.053301656737382165,0.4,0.2,True,True,1.2899999999999994,0
M1,1835087600,93,308,0.9907111585592583,0.9907398694491071,0.08317427253665785,0.9907111585592583,0.8233341834432185,0.256,0.8000171000114713,0.7206462535749651,0.9576017545266117,0.9406713786208205,306,0.1360229355155997,0.2061409568906703,0.052807183062202334,0.26711884854035045,0.2846084192537951,0.053301656737382165,0.4,0.2,True,True,1.3199999999999994,0
M1,1835087600,94,306,0.989870987719214,0.9898822595958393,0.09060977584804755,0.989870987719214,0.8279687287735814,0.256,0.8014655137910981,0.7204957757374648,0.9587632629247095,0.93763803115938,307,0.1360229355155997,0.2061409568906703,0.052807183062202334,0.26711884854035045,0.2846084192537951,0.053301656737382165,0.4,0.2,True,True,1.3499999999999994,0
M1,1835087600,95,307,0.9902253078958775,0.9902587485465211,0.08195652838473451,0.9902253078958775,0.8273113095719711,0.256,0.8021640373552461,0.7203528217918396,0.9598086204829975,0.9356155425714734,306,0.1360229355155997,0.2061409568906703,0.052807183062202334,0.26711884854035045,0.2846084192537951,0.053301656737382165,0.4,0.2,True,True,1.3799999999999994,0
M1,1835087600,96,306,0.9905050700359577,0.99052004656222,0.08835286270208856,0.9905050700359577,0.8532645852397099,0.256,0.8000369365820273,0.7202170155434956,0.9607494422854568,0.937007783244134,316,0.1360229355155997,0.2061409568906703,0.052807183062202334,0.26711884854035045,0.2846084192537951,0.053301656737382165,0.4,0.2,True,True,1.4099999999999995,0
M1,1835087600,97,316,0.9883938064014919,0.9884100049244694,0.08771153130045195,0.9883938064014919,0.8471092567316614,0.256,0.8079640041973123,0.7200879996075688,0.9615961819076702,0.9268315952855972,311,0.1360229355155997,0.2061409568906703,0.052807183062202334,0.26711884854035045,0.2846084192537951,0.053301656737382165,0.4,0.2,True,True,1.4399999999999995,0
M1,1835087600,98,311,0.9907615912568628,0.9907781558674206,0.08755268475922892,0.9907615912568628,0.8545484337904625,0.256,0.8097962002855796,0.7199654344684383,0.9623582475676622,0.9238450563565788,312,0.1360229355155997,0.2061409568906703,0.052807183062202334,0.26711884854035045,0.2846084192537951,0.053301656737382165,0.4,0.2,True,True,1.4699999999999995,0
M1,1835087600,99,312,0.9904302439375132,0.9904505915731616,0.08591269548272654,0.9904302439375132,0.843929411052088,0.256,0.8097596303511626,0.7198489975862644,0.963044106661655,0.9230794966766029,308,0.1360229355155997,0.2061409568906703,0.052807183062202334,0.26711884854035045,0.2846084192537951,0.053301656737382165,0.4,0.2,True,True,1.4999999999999996,0
M1,1835087600,100,308,0.987415349597798,0.987425066391211,0.09177170613275917,0.987415349597798,0.8543013267685782,0.256,0.8111115273264965,0.7197383825481992,0.9636613798462484,0.9208091701449619,312,0.1360229355155997,0.2061409568906703,0.052807183062202334,0.26711884854035045,0.2846084192537951,0.053301656737382165,0.4,0.2,True,True,1.5299999999999996,0
M1,1835087600,101,312,0.9911722209950746,0.9911849593465759,0.08964667628925511,0.9911722209950746,0.8408920423384084,0.256,0.8131078860034195,0.7196332982620373,0.9642169257123826,0.9178851138159763,305,0.1360229355155997,0.2061409568906703,0.052807183062202334,0.26711884854035045,0.2846084192537951,0.053301656737382165,0.4,0.2,True,True,1.5599999999999996,0
M1,1835087600,102,305,0.9930587923450527,0.9930688006984421,0.0915817383116343,0.9930587923450527,0.8513474946191976,0.256,0.8132068523254503,0.7195334681901834,0.9647169169919033,0.9171704959849539,308,0.1360229355155997,0.2061409568906703,0.052807183062202334,0.26711884854035045,0.2846084192537951,0.053301656737382165,0.4,0.2,True,True,1.5899999999999996,0
M1,1835087600,103,308,0.9876110608295746,0.9876210722071128,0.09153554623414553,0.9876110608295746,0.8343348250973631,0.256,0.81150364537692,0.7194386296219222,0.965166909143472,0.9185458818856592,304,0.1360229355155997,0.2061409568906703,0.052807183062202334,0.26711884854035045,0.2846084192537951,0.053301656737382165,0.4,0.2,True,True,1.6199999999999997,0
M1,1835087600,104,304,0.9897509922987969,0.9897570545039552,0.09554590363146599,0.9897509922987969,0.8294702195683559,0.256,0.810011732334237,0.719348532982074,0.9655719020798839,0.9197365245955698,302,0.1360229355155997,0.2061409568906703,0.052807183062202334,0.26711884854035045,0.2846084192537951,0.053301656737382165,0.4,0.2,True,True,1.6499999999999997,0
M1,1835087600,105,302,0.9904129487303245,0.9904293248380465,0.08764098554708342,0.9904129487303245,0.832917299399642,0.256,0.8098443052519257,0.7192629411742183,0.9659363957226546,0.9194701224594765,303,0.1360229355155997,0.2061409568906703,0.052807183062202334,0.26711884854035045,0.2846084192537951,0.053301656737382165,0.4,0.2,True,True,1.6799999999999997,0
M1,1835087600,106,303,0.9927604978152319,0.9927719924110847,0.09047723141908653,0.9927604978152319,0.8432773898729817,0.256,0.812342237301147,0.7191816289567554,0.9662644400011481,0.9162279862917346,305,0.1360229355155997,0.2061409568906703,0.052807183062202334,0.26711884854035045,0.2846084192537951,0.053301656737382165,0.4,0.2,True,True,1.7099999999999997,0
M1,1835087600,107,305,0.9904363609065705,0.9904511575583449,0.08844849173973553,0.9904363609065705,0.8250121370207473,0.256,0.8123568985401246,0.7191043823501656,0.9665596798517923,0.9158332103142931,299,0.1360229355155997,0.2061409568906703,0.052807183062202334,0.26711884854035045,0.2846084192537951,0.053301656737382165,0.4,0.2,True,True,1.7399999999999998,0
M1,1835087600,108,299,0.9912271361245992,0.9912346338248366,0.0938660813714616,0.9912271361245992,0.825532973494972,0.256,0.8066138496129449,0.7190309980739054,0.966825395717372,0.9220063019036496,301,0.1360229355155997,0.2061409568906703,0.052807183062202334,0.26711884854035045,0.2846084192537951,0.053301656737382165,0.4,0.2,True,True,1.7699999999999998,0
M1,1835087600,109,301,0.9905177233637867,0.9905278860587581,0.09143952755306414,0.9905177233637867,0.82487118718502,0.256,0.8036891147205927,0.7189612830114581,0.9670645399963939,0.9250430795896909,302,0.1360229355155997,0.2061409568906703,0.052807183062202334,0.26711884854035045,0.2846084192537951,0.053301656737382165,0.4,0.2,True,True,1.7999999999999998,0
M1,1835087600,110,302,0.9882867061839623,0.9882940501932896,0.09400729643854765,0.9882867061839623,0.8279909076458382,0.256,0.8057187342399329,0.7188950537021332,0.9672797698475135,0.9224225871188102,303,0.1360229355155997,0.2061409568906703,0.052807183062202334,0.26711884854035045,0.2846084192537951,0.053301656737382165,0.4,0.2,True,True,1.8299999999999998,0
M1,1835087600,111,303,0.9915807220763563,0.991597548682796,0.08743434911367834,0.9915807220763563,0.8330691327069751,0.256,0.7999044983434398,0.7188321358582745,0.9674734767135211,0.9288600352905007,306,0.1360229355155997,0.2061409568906703,0.052807183062202334,0.26711884854035045,0.2846084192537951,0.053301656737382165,0.4,0.2,True,True,1.8599999999999999,0
M1,1835087600,112,306,0.9908869753511548,0.9908955148908818,0.09282766612509658,0.9908869753511548,0.8307002785297973,0.256,0.8059663949230939,0.7187723639066088,0.967647812892928,0.9216310909203037,303,0.1360229355155997,0.2061409568906703,0.052807183062202334,0.26711884854035045,0.2846084192537951,0.053301656737382165,0.4,0.2,True,True,1.89,0
M1,1835087600,113,303,0.9899236794777257,0.9899426196949905,0.08647916753838084,0.9899236794777257,0.810396122812077,0.256,0.8082658504149386,0.7187155805525264,0.9678047154543943,0.9187875377572883,295,0.1360229355155997,0.2061409568906703,0.052807183062202334,0.26711884854035045,0.2846084192537951,0.053301656737382165,0.4,0.2,True,True,1.92,0
M1,1835087600,114,295,0.9877413331329767,0.9877578466594612,0.08755296826804264,0.9877413331329767,0.8065433705289071,0.256,0.8143875581372887,0.718661636366148,0.9679459277597139,0.9116795953903699,292,0.1360229355155997,0.2061409568906703,0.052807183062202334,0.26711884854035045,0.2846084192537951,0.053301656737382165,0.4,0.2,True,True,1.95,0
M1,1835087600,115,292,0.9890602090990107,0.9890692900349619,0.09232367509024031,0.9890602090990107,0.8307223231756896,0.256,0.8098625624698559,0.7186103893890886,0.9680730188345015,0.9165877578483722,302,0.1360229355155997,0.2061409568906703,0.052807183062202334,0.26711884854035045,0.2846084192537951,0.053301656737382165,0.4,0.2,True,True,1.9799999999999998,0
M1,1835087600,116,302,0.9876708267406761,0.9876887184961786,0.08691433005468752,0.9876708267406761,0.8313139768154564,0.256,0.8115077189043762,0.7185617047608821,0.9681874008018103,0.9145595438656099,302,0.1360229355155997,0.2061409568906703,0.052807183062202334,0.26711884854035045,0.2846084192537951,0.053301656737382165,0.4,0.2,True,True,2.01,0
M1,1835087600,117,302,0.9911136301386587,0.9911224824489465,0.09254315443916716,0.9911136301386587,0.8321991704314485,0.256,0.8094882907965482,0.7185154543640859,0.9682903445723883,0.9166846125582357,302,0.1360229355155997,0.2061409568906703,0.052807183062202334,0.26711884854035045,0.2846084192537951,0.053301656737382165,0.4,0.2,True,True,2.04,0
M1,1835087600,118,302,0.9903538072449953,0.990374901589502,0.08562520405326408,0.9903538072449953,0.8300759925329253,0.256,0.8106741386882449,0.7184715164871296,0.9683829939659084,0.9152001497186977,301,0.1360229355155997,0.2061409568906703,0.052807183062202334,0.26711884854035045,0.2846084192537951,0.053301656737382165,0.4,0.2,True,True,2.0700000000000003,0
M1,1835087600,119,301,0.9862611855468776,0.9862708067840961,0.09184106353887739,0.9862611855468776,0.8431870767324792,0.256,0.8054427509715847,0.7184297755040211,0.9684663784200767,0.9210115956841702,309,0.1360229355155997,0.2061409568906703,0.052807183062202334,0.26711884854035045,0.2846084192537951,0.053301656737382165,0.4,0.2,True,True,2.1000000000000005,0
M1,1835087600,120,309,0.9916352437134645,0.9916547011964322,0.08627844482389743,0.9916352437134645,0.8623834871399759,0.256,0.8062309968473886,0.718390121570068,0.968541424428828,0.9199890543786358,314,0.1360229355155997,0.2061409568906703,0.052807183062202334,0.26711884854035045,0.2846084192537951,0.053301656737382165,0.4,0.2,True,True,2.130000000000001,0
M1,1835087600,121,314,0.9886191581528849,0.9886250777240092,0.09572632091413184,0.9886191581528849,0.8691609329682228,0.256,0.8073007015374729,0.7183524503328126,0.9686089658367042,0.9186577916519351,317,0.1360229355155997,0.2061409568906703,0.052807183062202334,0.26711884854035045,0.2846084192537951,0.053301656737382165,0.4,0.2,True,True,2.160000000000001,0
M1,1835087600,122,317,0.9910650850242346,0.9910761276663475,0.09078292211999392,0.9910650850242346,0.8888643494748243,0.256,0.8057444830002003,0.7183166626574199,0.9686697531037928,0.9203284790470736,324,0.1360229355155997,0.2061409568906703,0.052807183062202334,0.26711884854035045,0.2846084192537951,0.053301656737382165,0.4,0.2,True,True,2.1900000000000013,0
M1,1835087600,123,324,0.9844197186156297,0.9844275313213304,0.0934836316795134,0.9844197186156297,0.8898345510348913,0.256,0.8070650564272261,0.7182826643657969,0.9687244616441725,0.9187272002658223,326,0.1360229355155997,0.2061409568906703,0.052807183062202334,0.26711884854035045,0.2846084192537951,0.053301656737382165,0.4,0.2,True,True,2.2200000000000015,0
M1,1835087600,124,326,0.9935087366634545,0.9935163161939182,0.09379797734726027,0.9935087366634545,0.8797976054396882,0.256,0.8054686661436767,0.718250365988755,0.9687736993305143,0.9204598841370603,320,0.1360229355155997,0.2061409568906703,0.052807183062202334,0.26711884854035045,0.2846084192537951,0.053301656737382165,0.4,0.2,True,True,2.2500000000000018,0
M1,1835087600,125,320,0.9890108998319499,0.9890200463773244,0.09226597428357411,0.9890108998319499,0.8941981245695138,0.256,0.8023034856172144,0.7182196825305652,0.9688180132482218,0.9240094621708252,328,0.1360229355155997,0.2061409568906703,0.052807183062202334,0.26711884854035045,0.2846084192537951,0.053301656737382165,0.4,0.2,True,True,2.280000000000002,0
M1,1835087600,126,328,0.9912133824157173,0.9912353496516619,0.08530935892023121,0.9912133824157173,0.8746185361845206,0.256,0.8050719303214638,0.7181905332452849,0.9688578957741587,0.9207567440661175,319,0.1360229355155997,0.2061409568906703,0.052807183062202334,0.26711884854035045,0.2846084192537951,0.053301656737382165,0.4,0.2,True,True,2.3100000000000023,0
M1,1835087600,127,319,0.9922983288997232,0.9923164049569495,0.08686996210969096,0.9922983288997232,0.8841600193409553,0.256,0.8053822842477494,0.7181628414242687,0.9688937900475019,0.9203323454735733,322,0.1360229355155997,0.2061409568906703,0.052807183062202334,0.26711884854035045,0.2846084192537951,0.053301656737382165,0.4,0.2,True,True,2.3400000000000025,0
M1,1835087600,128,322,0.9932945897112176,0.9933059277039971,0.0905907054569771,0.9932945897112176,0.9096861145800362,0.256,0.8052887040445609,0.7181365341943032,0.9689260948935107,0.9203748905494804,331,0.1360229355155997,0.2061409568906703,0.052807183062202334,0.26711884854035045,0.2846084192537951,0.053301656737382165,0.4,0.2,True,True,2.3700000000000028,0
M1,1835087600,129,331,0.9886668463616688,0.9886752293661448,0.09295707728839428,0.9886668463616688,0.9055306612141056,0.256,0.8077988815660336,0.7181115423258361,0.9689551692549186,0.9174554307673973,330,0.1360229355155997,0.2061409568906703,0.052807183062202334,0.26711884854035045,0.2846084192537951,0.053301656737382165,0.4,0.2,True,True,2.400000000000003,0
M1,1835087600,130,330,0.9891293545741234,0.9891367425478755,0.09396657049973016,0.9891293545741234,0.8999907181945378,0.256,0.8073725033775114,0.7180878000507922,0.9689813361801858,0.9178848076238677,328,0.1360229355155997,0.2061409568906703,0.052807183062202334,0.26711884854035045,0.2846084192537951,0.053301656737382165,0.4,0.2,True,True,2.4300000000000033,0
M1,1835087600,131,328,0.9876916902455797,0.9877057762841897,0.08881816628573935,0.9876916902455797,0.8915747635408532,0.256,0.8083799952163667,0.7180652448895005,0.9690048864129263,0.9166897646816492,325,0.1360229355155997,0.2061409568906703,0.052807183062202334,0.26711884854035045,0.2846084192537951,0.053301656737382165,0.4,0.2,True,True,2.4600000000000035,0
M1,1835087600,132,325,0.9894963447943651,0.9895077464603318,0.09051563151973753,0.9894963447943651,0.8926547556740034,0.256,0.8078838484254757,0.7180438174862734,0.9690260816223927,0.9172052991563608,325,0.1360229355155997,0.2061409568906703,0.052807183062202334,0.26711884854035045,0.2846084192537951,0.053301656737382165,0.4,0.2,True,True,2.4900000000000038,0
M1,1835087600,133,325,0.9885072597442146,0.9885166254599976,0.09207343080973997,0.9885072597442146,0.9055508007336563,0.256,0.8079472143389345,0.7180234614532077,0.9690451573109125,0.9170893109470594,330,0.1360229355155997,0.2061409568906703,0.052807183062202334,0.26711884854035045,0.2846084192537951,0.053301656737382165,0.4,0.2,True,True,2.520000000000004,0
M1,1835087600,134,330,0.9919891301858508,0.9920007209405526,0.09040473136238047,0.9919891301858508,0.8911695330590761,0.256,0.8045176145572817,0.7180041232217953,0.9690623254305802,0.9209576745824963,325,0.1360229355155997,0.2061409568906703,0.052807183062202334,0.26711884854035045,0.2846084192537951,0.053301656737382165,0.4,0.2,True,True,2.5500000000000043,0
M1,1835087600,135,325,0.9877259530077427,0.9877390212526685,0.08941543108529444,0.9877259530077427,0.8947862412002561,0.256,0.8038526555313967,0.7179857519019535,0.9690777767382812,0.9216812250951275,328,0.1360229355155997,0.2061409568906703,0.052807183062202334,0.26711884854035045,0.2846084192537951,0.053301656737382165,0.4,0.2,True,True,2.5800000000000045,0
M1,1835087600,136,328,0.9912749790564271,0.9912947244777074,0.08615862198980889,0.9912749790564271,0.899330478134086,0.256,0.805046761483302,0.7179682991481038,0.9690916829152121,0.9202785412759805,328,0.1360229355155997,0.2061409568906703,0.052807183062202334,0.26711884854035045,0.2846084192537951,0.053301656737382165,0.4,0.2,True,True,2.6100000000000048,0
M1,1835087600,137,328,0.9915660154489645,0.9915801935918822,0.08879745066318308,0.9915660154489645,0.8905491989842815,0.256,0.8092937046235483,0.7179517190319465,0.96910419847445,0.9154162183675009,323,0.1360229355155997,0.2061409568906703,0.052807183062202334,0.26711884854035045,0.2846084192537951,0.053301656737382165,0.4,0.2,True,True,2.640000000000005,0
M1,1835087600,138,323,0.9873039488212594,0.9873147280775187,0.09094481631525608,0.9873039488212594,0.8781511315634976,0.256,0.8115269857403591,0.7179359679215972,0.969115462477764,0.9128664009979174,319,0.1360229355155997,0.2061409568906703,0.052807183062202334,0.26711884854035045,0.2846084192537951,0.053301656737382165,0.4,0.2,True,True,2.6700000000000053,0
M1,1835087600,139,319,0.989650034480902,0.9896614321330409,0.0905196704929546,0.989650034480902,0.8496669628446348,0.256,0.8113246619133953,0.7179210043667653,0.9691256000807467,0.9130654643512077,308,0.1360229355155997,0.2061409568906703,0.052807183062202334,0.26711884854035045,0.2846084192537951,0.053301656737382165,0.4,0.2,True,True,2.7000000000000055,0
M1,1835087600,140,308,0.9891808800759895,0.9891874233759301,0.09493342611603889,0.9891808800759895,0.8450982698144601,0.256,0.8126276118887389,0.7179067889896751,0.969134723923431,0.9115748420144678,306,0.1360229355155997,0.2061409568906703,0.052807183062202334,0.26711884854035045,0.2846084192537951,0.053301656737382165,0.4,0.2,True,True,2.7300000000000058,0
M1,1835087600,141,306,0.9911168471710133,0.9911366342887526,0.08614056083932946,0.9911168471710133,0.8388300320893796,0.256,0.8130013986594072,0.7178932843814393,0.9691429353818469,0.9111308751419187,303,0.1360229355155997,0.2061409568906703,0.052807183062202334,0.26711884854035045,0.2846084192537951,0.053301656737382165,0.4,0.2,True,True,2.760000000000006,0
M1,1835087600,142,303,0.9942494596874685,0.9942613744307165,0.09020340116915097,0.9942494596874685,0.8366830870383777,0.256,0.8137431099586803,0.7178804550036153,0.9691503256944213,0.9102771874698118,301,0.1360229355155997,0.2061409568906703,0.052807183062202334,0.26711884854035045,0.2846084192537951,0.053301656737382165,0.4,0.2,True,True,2.7900000000000063,0
M1,1835087600,143,301,0.9909532513044841,0.9909784850654991,0.08420378472756972,0.9909532513044841,0.8287118895566059,0.256,0.8168188784287365,0.7178682670946825,0.9691569769757382,0.9068278777878701,298,0.1360229355155997,0.2061409568906703,0.052807183062202334,0.26711884854035045,0.2846084192537951,0.053301656737382165,0.4,0.2,True,True,2.8200000000000065,0
M1,1835087600,144,298,0.9887635531332033,0.9887775387586043,0.08888374621473136,0.9887635531332033,0.8133770886705496,0.256,0.8116570350002195,0.7178566885811964,0.9691629631289234,0.9125746172213567,295,0.1360229355155997,0.2061409568906703,0.052807183062202334,0.26711884854035045,0.2846084192537951,0.053301656737382165,0.4,0.2,True,True,2.8500000000000068,0
M1,1835087600,145,295,0.9887776522722569,0.9887986181320465,0.08566115740719087,0.9887776522722569,0.8222126596874592,0.256,0.8094925958088908,0.7178456889933846,0.9691683506667901,0.9149955723720443,299,0.1360229355155997,0.2061409568906703,0.052807183062202334,0.26711884854035045,0.2846084192537951,0.053301656737382165,0.4,0.2,True,True,2.880000000000007,0
M1,1835087600,146,299,0.9891369595712007,0.9891483884378901,0.09049377257361935,0.9891369595712007,0.827052043671392,0.256,0.805882024721572,0.7178352393849634,0.9691731994508701,0.9190770245380728,302,0.1360229355155997,0.2061409568906703,0.052807183062202334,0.26711884854035045,0.2846084192537951,0.053301656737382165,0.4,0.2,True,True,2.9100000000000072,0
M1,1835087600,147,302,0.989968013794931,0.9899817152439961,0.08905684241798319,0.989968013794931,0.8200936070179449,0.256,0.801089782234858,0.7178253122569632,0.9691775633565421,0.9245581356809609,301,0.1360229355155997,0.2061409568906703,0.052807183062202334,0.26711884854035045,0.2846084192537951,0.053301656737382165,0.4,0.2,True,True,2.9400000000000075,0
M1,1835087600,148,301,0.9921971387876048,0.9922148056975353,0.08705139189391556,0.9921971387876048,0.8178017622199782,0.256,0.7997193810504336,0.717815881485363,0.969181490871647,0.9261265401842933,300,0.1360229355155997,0.2061409568906703,0.052807183062202334,0.26711884854035045,0.2846084192537951,0.053301656737382165,0.4,0.2,True,True,2.9700000000000077,0
M1,1835087600,149,300,0.9909671122561641,0.9909822564052457,0.08826797905784972,0.9909671122561641,0.7979860372731344,0.256,0.7972616092341566,0.7178069222523429,0.9691850256352412,0.9289665896269665,294,0.1360229355155997,0.2061409568906703,0.052807183062202334,0.26711884854035045,0.2846084192537951,0.053301656737382165,0.4,0.2,True,True,3.000000000000008,0
M1,1835087600,150,294,0.9910067231663675,0.9910277525796214,0.08565498955089812,0.9910067231663675,0.8054744642712561,0.256,0.7886227807885182,0.7177984109809737,0.9691882069224761,0.9391285710944924,300,0.1360229355155997,0.2061409568906703,0.052807183062202334,0.26711884854035045,0.2846084192537951,0.053301656737382165,0.4,0.2,True,True,3.0300000000000082,0
M1,1835087600,151,300,0.9885590942092556,0.9885957002661725,0.08122322804350565,0.9885590942092556,0.7771054072867452,0.256,0.7863264781589784,0.717790325273173,0.9691910700809875,0.9418577081815279,291,0.1360229355155997,0.2061409568906703,0.052807183062202334,0.26711884854035045,0.2846084192537951,0.053301656737382165,0.4,0.2,True,True,3.0600000000000085,0
M1,1835087600,152,291,0.9921430233426279,0.9921559482970006,0.08953870981956093,0.9921430233426279,0.7573772739051655,0.256,0.7879716522533385,0.7177826438507623,0.9691936469236477,0.9398786844842445,282,0.1360229355155997,0.2061409568906703,0.052807183062202334,0.26711884854035045,0.2846084192537951,0.053301656737382165,0.4,0.2,True,True,3.0900000000000087,0
M1,1835087600,153,282,0.9877590077587921,0.987787293170451,0.08326936106700474,0.9877590077587921,0.7364893482499634,0.256,0.7921176051889128,0.7177753464994722,0.969195966082042,0.9349476058135981,274,0.1360229355155997,0.2061409568906703,0.052807183062202334,0.26711884854035045,0.2846084192537951,0.053301656737382165,0.4,0.2,True,True,3.120000000000009,0
M1,1835087600,154,274,0.9881433436708451,0.9881672826369526,0.08460047094360683,0.9881433436708451,0.7166343463969017,0.256,0.796635235339272,0.7177684140157465,0.9691980533245967,0.9296346407029736,265,0.1360229355155997,0.2061409568906703,0.052807183062202334,0.26711884854035045,0.2846084192537951,0.053301656737382165,0.4,0.2,True,True,3.1500000000000092,0
M1,1835087600,155,265,0.9891182110047255,0.9891555106926831,0.08107831379153482,0.9891182110047255,0.6931160080227515,0.256,0.7999229175766709,0.7177618281562071,0.9691999318428961,0.9258035542546859,255,0.1360229355155997,0.2061409568906703,0.052807183062202334,0.26711884854035045,0.2846084192537951,0.053301656737382165,0.4,0.2,True,True,3.1800000000000095,0
M1,1835087600,156,255,0.985977072416532,0.9859881354744597,0.09072724825663386,0.985977072416532,0.6927755551835483,0.256,0.8052401020164363,0.7177555715896448,0.9692016225093655,0.9196806407676401,254,0.1360229355155997,0.2061409568906703,0.052807183062202334,0.26711884854035045,0.2846084192537951,0.053301656737382165,0.4,0.2,True,True,3.2100000000000097,0
M1,1835087600,157,254,0.9886544871793204,0.988688382807455,0.08183632432980159,0.9886544871793204,0.6882053218182478,0.256,0.8040980562111829,0.7177496278514105,0.969203144109188,0.9209777738215537,252,0.1360229355155997,0.2061409568906703,0.052807183062202334,0.26711884854035045,0.2846084192537951,0.053301656737382165,0.4,0.2,True,True,3.24000000000001,0
M1,1835087600,158,252,0.989506803930325,0.989524060165929,0.08721699560495899,0.989506803930325,0.703680979593638,0.256,0.799274462794922,0.717743981300088,0.9692045135490281,0.9265272442438709,259,0.1360229355155997,0.2061409568906703,0.052807183062202334,0.26711884854035045,0.2846084192537951,0.053301656737382165,0.4,0.2,True,True,3.2700000000000102,0
M1,1835087600,159,259,0.9870440413781462,0.9870664777236394,0.08510761284799855,0.9870440413781462,0.7014620035273452,0.256,0.8018425604179612,0.7177386170763316,0.9692057460448844,0.9235517364386939,258,0.1360229355155997,0.2061409568906703,0.052807183062202334,0.26711884854035045,0.2846084192537951,0.053301656737382165,0.4,0.2,True,True,3.3000000000000105,0
M1,1835087600,160,258,0.9879895985060654,0.9880179016659768,0.08326622606319763,0.9879895985060654,0.710373743685816,0.256,0.8050165281500037,0.717733521063763,0.969206855291155,0.9199028313898339,260,0.1360229355155997,0.2061409568906703,0.052807183062202334,0.26711884854035045,0.2846084192537951,0.053301656737382165,0.4,0.2,True,True,3.3300000000000107,0
M1,1835087600,161,260,0.9840807745402096,0.9841185330609244,0.08094035444442513,0.9840807745402096,0.7148310679346057,0.256,0.8009671413143895,0.7177286798518228,0.9692078536127986,0.9245463235164622,264,0.1360229355155997,0.2061409568906703,0.052807183062202334,0.26711884854035045,0.2846084192537951,0.053301656737382165,0.4,0.2,True,True,3.360000000000011,0
M1,1835087600,162,264,0.9908634532509021,0.9909005624121895,0.08113310868545245,0.9908634532509021,0.7027573705846398,0.256,0.8033534834411991,0.7177240807004795,0.9692087521022777,0.9217932196248901,257,0.1360229355155997,0.2061409568906703,0.052807183062202334,0.26711884854035045,0.2846084192537951,0.053301656737382165,0.4,0.2,True,True,3.3900000000000112,0
M1,1835087600,163,257,0.990492566349362,0.9905114819752167,0.08649408225323695,0.990492566349362,0.7059836515853403,0.256,0.8042185537903166,0.7177197115067036,0.969209560742809,0.9207953045452898,258,0.1360229355155997,0.2061409568906703,0.052807183062202334,0.26711884854035045,0.2846084192537951,0.053301656737382165,0.4,0.2,True,True,3.4200000000000115,0
M1,1835087600,164,258,0.9868733806726881,0.9868996645010247,0.08384641331097924,0.9868733806726881,0.7223354242801878,0.256,0.8010291000883988,0.7177155607726163,0.969210288519287,0.9244555902256403,266,0.1360229355155997,0.2061409568906703,0.052807183062202334,0.26711884854035045,0.2846084192537951,0.053301656737382165,0.4,0.2,True,True,3.4500000000000117,0
M1,1835087600,165,266,0.9921101797087489,0.9921260513484523,0.08790367783406594,0.9921101797087489,0.7153208299045354,0.256,0.8041830367874302,0.7177116175752335,0.9692109435181173,0.9208242734908146,261,0.1360229355155997,0.2061409568906703,0.052807183062202334,0.26711884854035045,0.2846084192537951,0.053301656737382165,0.4,0.2,True,True,3.480000000000012,0
M1,1835087600,166,261,0.9846027597618456,0.9846191134508562,0.087605056123964,0.9846027597618456,0.7275010984944261,0.256,0.8025908010497365,0.7177078715377198,0.9692115330170646,0.9226456921773548,268,0.1360229355155997,0.2061409568906703,0.052807183062202334,0.26711884854035045,0.2846084192537951,0.053301656737382165,0.4,0.2,True,True,3.510000000000012,0
M1,1835087600,167,268,0.9920338389520419,0.9920503597831772,0.08758396522182901,0.9920338389520419,0.7270551825232419,0.256,0.8020795760117462,0.7177043128020817,0.9692120635661172,0.9232286797704464,266,0.1360229355155997,0.2061409568906703,0.052807183062202334,0.26711884854035045,0.2846084192537951,0.053301656737382165,0.4,0.2,True,True,3.5400000000000125,0
M1,1835087600,168,266,0.9898056003236314,0.9898204544320797,0.08841257147987656,0.9898056003236314,0.734553069302377,0.256,0.7971938681099665,0.7177009320032256,0.9692125410602646,0.9288819754456765,271,0.1360229355155997,0.2061409568906703,0.052807183062202334,0.26711884854035045,0.2846084192537951,0.053301656737382165,0.4,0.2,True,True,3.5700000000000127,0
M1,1835087600,169,271,0.9903169611059494,0.9903342884907046,0.087190758001331,0.9903169611059494,0.7540740321424831,0.256,0.794506076672545,0.7176977202443123,0.9692129708049971,0.9320197725989392,279,0.1360229355155997,0.2061409568906703,0.052807183062202334,0.26711884854035045,0.2846084192537951,0.053301656737382165,0.4,0.2,True,True,3.600000000000013,0
M1,1835087600,170,279,0.9919519229559202,0.9919763856731153,0.08445881826851065,0.9919519229559202,0.7441258721159795,0.256,0.7970186680908062,0.7176946690733447,0.9692133575752564,0.9290772712934164,274,0.1360229355155997,0.2061409568906703,0.052807183062202334,0.26711884854035045,0.2846084192537951,0.053301656737382165,0.4,0.2,True,True,3.630000000000013,0
M1,1835087600,171,274,0.9889187200602414,0.9889375777772258,0.08650583037687813,0.9889187200602414,0.7150453571620351,0.256,0.7973222610994891,0.7176917704609254,0.9692137056684897,0.9287194260277056,264,0.1360229355155997,0.2061409568906703,0.052807183062202334,0.26711884854035045,0.2846084192537951,0.053301656737382165,0.4,0.2,True,True,3.6600000000000135,0
M1,1835087600,172,264,0.9901150650154197,0.9901399544815035,0.08430640309375333,0.9901150650154197,0.715756276719373,0.256,0.7971533474643824,0.7176890167791271,0.9692140189523998,0.9289123536162255,264,0.1360229355155997,0.2061409568906703,0.052807183062202334,0.26711884854035045,0.2846084192537951,0.053301656737382165,0.4,0.2,True,True,3.6900000000000137,0
M1,1835087600,173,264,0.9898309551637055,0.9898458847053192,0.088372454874486,0.9898309551637055,0.7220944309655085,0.256,0.795407026550712,0.7176864007814188,0.9692143009079188,0.9309481221085788,267,0.1360229355155997,0.2061409568906703,0.052807183062202334,0.26711884854035045,0.2846084192537951,0.053301656737382165,0.4,0.2,True,True,3.720000000000014,0
M1,1835087600,174,267,0.9809685254743276,0.9809859819997566,0.0870561553119393,0.9809685254743276,0.7004560428338553,0.256,0.7964424135569603,0.7176839155835958,0.969214554667886,0.9297344127657645,261,0.1360229355155997,0.2061409568906703,0.052807183062202334,0.26711884854035045,0.2846084192537951,0.053301656737382165,0.4,0.2,True,True,3.750000000000014,0
M1,1835087600,175,261,0.9863527925656456,0.986390656875877,0.08093644054148927,0.9863527925656456,0.6929319630194164,0.256,0.7988931884055062,0.717681554645664,0.9692147830518564,0.9268789870823652,256,0.1360229355155997,0.2061409568906703,0.052807183062202334,0.26711884854035045,0.2846084192537951,0.053301656737382165,0.4,0.2,True,True,3.7800000000000145,0
M1,1835087600,176,256,0.9882810818013108,0.9883051898694862,0.08454555038800529,0.9882810818013108,0.6942017286235119,0.256,0.7956896124696868,0.7176793117546287,0.9692149885974297,0.9306076471077587,257,0.1360229355155997,0.2061409568906703,0.052807183062202334,0.26711884854035045,0.2846084192537951,0.053301656737382165,0.4,0.2,True,True,3.8100000000000147,0
M1,1835087600,177,257,0.9842912338389421,0.9843019432936221,0.09097220251616571,0.9842912338389421,0.7081063701767172,0.256,0.7873467339578939,0.7176771810081453,0.9692151735884458,0.9404655743087385,266,0.1360229355155997,0.2061409568906703,0.052807183062202334,0.26711884854035045,0.2846084192537951,0.053301656737382165,0.4,0.2,True,True,3.840000000000015,0
M1,1835087600,178,266,0.9881809584748346,0.988210975579213,0.08279977750829105,0.9881809584748346,0.7132942120197219,0.256,0.7840997836880518,0.717675156798986,0.9692153400803603,0.9443572081445079,268,0.1360229355155997,0.2061409568906703,0.052807183062202334,0.26711884854035045,0.2846084192537951,0.053301656737382165,0.4,0.2,True,True,3.870000000000015,0
M1,1835087600,179,268,0.9885016042247008,0.9885275006478804,0.08397773134839152,0.9885016042247008,0.7197956281736518,0.256,0.7793596302722641,0.7176732338002847,0.9692154899230833,0.9500982028231135,272,0.1360229355155997,0.2061409568906703,0.052807183062202334,0.26711884854035045,0.2846084192537951,0.053301656737382165,0.4,0.2,True,True,3.9000000000000155,0
M1,1835087600,180,272,0.9881366478374681,0.9881533791027397,0.08745188363762285,0.9881366478374681,0.7246956170980405,0.256,0.7792271485129203,0.7176714069515184,0.969215624781534,0.9502571844219572,274,0.1360229355155997,0.2061409568906703,0.052807183062202334,0.26711884854035045,0.2846084192537951,0.053301656737382165,0.4,0.2,True,True,3.9300000000000157,0
M1,1835087600,181,274,0.9905191497600713,0.9905531431378618,0.08182840108117584,0.9905191497600713,0.7282463706163054,0.256,0.778322789731516,0.7176696714451904,0.9692157461541396,0.9513588996540917,275,0.1360229355155997,0.2061409568906703,0.052807183062202334,0.26711884854035045,0.2846084192537951,0.053301656737382165,0.4,0.2,True,True,3.960000000000016,0
M1,1835087600,182,275,0.9894035715365931,0.9894214031161883,0.086955099532643,0.9894035715365931,0.7296849932444144,0.256,0.777912553596764,0.717668022714179,0.9692158553894847,0.9518583095738483,276,0.1360229355155997,0.2061409568906703,0.052807183062202334,0.26711884854035045,0.2846084192537951,0.053301656737382165,0.4,0.2,True,True,3.990000000000016,0
M1,1835087600,183,276,0.9848463430853309,0.9848845527506404,0.08085200351138341,0.9848463430853309,0.7163314948915719,0.256,0.7784943703086992,0.7176664564197179,0.9692159537012953,0.9511447549943436,272,0.1360229355155997,0.2061409568906703,0.052807183062202334,0.26711884854035045,0.2846084192537951,0.053301656737382165,0.4,0.2,True,True,4.0200000000000164,0
M1,1835087600,184,272,0.9885658348276977,0.9886004576613104,0.08166664507937753,0.9885658348276977,0.7180537606233778,0.256,0.7803002247720335,0.7176649684399801,0.9692160421819248,0.9489414596672685,271,0.1360229355155997,0.2061409568906703,0.052807183062202334,0.26711884854035045,0.2846084192537951,0.053301656737382165,0.4,0.2,True,True,4.050000000000017,0
M1,1835087600,185,271,0.9888499215637889,0.9888747098455258,0.08432865128714895,0.9888499215637889,0.6967260687462602,0.256,0.7889305908017697,0.7176635548592291,0.9692161218144913,0.9385587573749786,260,0.1360229355155997,0.2061409568906703,0.052807183062202334,0.26711884854035045,0.2846084192537951,0.053301656737382165,0.4,0.2,True,True,4.080000000000017,0
M1,1835087600,186,260,0.990829678617113,0.9908959380370476,0.0765185064781377,0.990829678617113,0.6968628433049329,0.256,0.7875102067480397,0.7176622119575156,0.9692161934838013,0.9402497495336635,260,0.1360229355155997,0.2061409568906703,0.052807183062202334,0.26711884854035045,0.2846084192537951,0.053301656737382165,0.4,0.2,True,True,4.110000000000017,0
M1,1835087600,187,260,0.9860705237861547,0.9860867386750053,0.0876847607996061,0.9860705237861547,0.6872161893184683,0.256,0.789467494378254,0.7176609362008878,0.9692162579861802,0.9379169052153203,257,0.1360229355155997,0.2061409568906703,0.052807183062202334,0.26711884854035045,0.2846084192537951,0.053301656737382165,0.4,0.2,True,True,4.140000000000017,0
M1,1835087600,188,257,0.9868626073207581,0.9868888390091243,0.08386213230269428,0.9868626073207581,0.6723157099774034,0.256,0.7933397726710003,0.7176597242320913,0.9692163160383211,0.9333373162289604,250,0.1360229355155997,0.2061409568906703,0.052807183062202334,0.26711884854035045,0.2846084192537951,0.053301656737382165,0.4,0.2,True,True,4.170000000000018,0
M1,1835087600,189,250,0.9848919540064306,0.9849301556293591,0.08085404769145282,0.9848919540064306,0.6602198026076098,0.256,0.79331960289249,0.7176585728617347,0.969216368285248,0.9333594981494286,246,0.1360229355155997,0.2061409568906703,0.052807183062202334,0.26711884854035045,0.2846084192537951,0.053301656737382165,0.4,0.2,True,True,4.200000000000018,0
M1,1835087600,190,246,0.9854037173947798,0.9854404894175861,0.08116177385343473,0.9854037173947798,0.6489178939604149,0.256,0.7922170005064111,0.717657479059896,0.9692164153074823,0.9346570718483896,242,0.1360229355155997,0.2061409568906703,0.052807183062202334,0.26711884854035045,0.2846084192537951,0.053301656737382165,0.4,0.2,True,True,4.230000000000018,0
M1,1835087600,191,242,0.9895646081548488,0.9896212690543799,0.07775395838272639,0.9895646081548488,0.6625623643211925,0.256,0.7923773912001144,0.7176564399481491,0.9692164576274931,0.9344664874826196,246,0.1360229355155997,0.2061409568906703,0.052807183062202334,0.26711884854035045,0.2846084192537951,0.053301656737382165,0.4,0.2,True,True,4.260000000000018,0
M1,1835087600,192,246,0.9869617473640119,0.9869839716554677,0.0851825388014061,0.9869617473640119,0.6703386980146316,0.256,0.787780811381407,0.7176554527919896,0.9692164957155028,0.9399176258298857,251,0.1360229355155997,0.2061409568906703,0.052807183062202334,0.26711884854035045,0.2846084192537951,0.053301656737382165,0.4,0.2,True,True,4.290000000000019,0
M1,1835087600,193,251,0.9892379266376805,0.9892487252715535,0.09094609683048147,0.9892379266376805,0.6584680779501807,0.256,0.7877430057488458,0.7176545149936381,0.9692165299947115,0.9399614731354587,246,0.1360229355155997,0.2061409568906703,0.052807183062202334,0.26711884854035045,0.2846084192537951,0.053301656737382165,0.4,0.2,True,True,4.320000000000019,0
M1,1835087600,194,246,0.9881852297292524,0.988217894637657,0.0821269362710524,0.9881852297292524,0.6542346608958547,0.256,0.7931861713247231,0.7176536240852042,0.9692165608459994,0.933509887250252,243,0.1360229355155997,0.2061409568906703,0.052807183062202334,0.26711884854035045,0.2846084192537951,0.053301656737382165,0.4,0.2,True,True,4.350000000000019,0
M1,1835087600,195,243,0.9909770022460397,0.9910173415780358,0.08046967421228655,0.9909770022460397,0.6536580897814053,0.256,0.7968135936679371,0.7176527777221919,0.9692165886121584,0.9292590447616742,241,0.1360229355155997,0.2061409568906703,0.052807183062202334,0.26711884854035045,0.2846084192537951,0.053301656737382165,0.4,0.2,True,True,4.380000000000019,0
M1,1835087600,196,241,0.9851967082376967,0.9852163915403301,0.08613474454260286,0.9851967082376967,0.6405163345131052,0.256,0.7986308748062898,0.7176519736773304,0.9692166136017016,0.9271434571212487,237,0.1360229355155997,0.2061409568906703,0.052807183062202334,0.26711884854035045,0.2846084192537951,0.053301656737382165,0.4,0.2,True,True,4.41000000000002,0
M1,1835087600,197,237,0.9887717527891359,0.9887954199461221,0.08469642696827291,0.9887717527891359,0.6353546268987164,0.256,0.7994511320116259,0.7176512098347119,0.9692166360922905,0.9261911770435128,234,0.1360229355155997,0.2061409568906703,0.052807183062202334,0.26711884854035045,0.2846084192537951,0.053301656737382165,0.4,0.2,True,True,4.44000000000002,0
M1,1835087600,198,234,0.9871750853711458,0.9871916762796172,0.08751119074870899,0.9871750853711458,0.6354940723706932,0.256,0.797512531859715,0.7176504841842243,0.9692166563338205,0.9284416121440869,235,0.1360229355155997,0.2061409568906703,0.052807183062202334,0.26711884854035045,0.2846084192537951,0.053301656737382165,0.4,0.2,True,True,4.47000000000002,0
M1,1835087600,199,235,0.9843726861567783,0.9843942502832845,0.08540165939974875,0.9843726861567783,0.6382007777119998,0.256,0.7930659138386438,0.717649794816261,0.9692166745511974,0.9336463497978872,238,0.1360229355155997,0.2061409568906703,0.052807183062202334,0.26711884854035045,0.2846084192537951,0.053301656737382165,0.4,0.2,True,True,4.50000000000002,0
M1,1835087600,200,238,0.9896731092395666,0.9897031375140221,0.0828088262792482,0.9896731092395666,0.6420147325635484,0.256,0.7935332344111236,0.717649139916696,0.9692166909468367,0.9330956477564466,238,0.1360229355155997,0.2061409568906703,0.052807183062202334,0.26711884854035045,0.2846084192537951,0.053301656737382165,0.4,0.2,True,True,4.530000000000021,0
M1,1835087600,201,238,0.988437593641014,0.9884624041191463,0.08431820711416461,0.988437593641014,0.6420896949552858,0.256,0.79797138929219,0.7176485177621091,0.9692167057029121,0.9279051406191522,237,0.1360229355155997,0.2061409568906703,0.052807183062202334,0.26711884854035045,0.2846084192537951,0.053301656737382165,0.4,0.2,True,True,4.560000000000021,0
M1,1835087600,202,237,0.9856455228316952,0.985662494308566,0.08731832239685014,0.9856455228316952,0.6378311800731272,0.256,0.805116460374793,0.7176479267152517,0.9692167189833799,0.9196696014409175,234,0.1360229355155997,0.2061409568906703,0.052807183062202334,0.26711884854035045,0.2846084192537951,0.053301656737382165,0.4,0.2,True,True,4.590000000000021,0
M1,1835087600,203,234,0.9882991087214983,0.9883096372496294,0.0911401742053545,0.9882991087214983,0.6426351492412995,0.256,0.7987624305145278,0.7176473652207371,0.969216730935801,0.9269846921695725,237,0.1360229355155997,0.2061409568906703,0.052807183062202334,0.26711884854035045,0.2846084192537951,0.053301656737382165,0.4,0.2,True,True,4.620000000000021,0
M1,1835087600,204,237,0.9882114287834742,0.9882278462487705,0.08760319489471134,0.9882114287834742,0.6298225461456852,0.256,0.8032423004712778,0.7176468318009482,0.9692167416929799,0.9218139865803303,231,0.1360229355155997,0.2061409568906703,0.052807183062202334,0.26711884854035045,0.2846084192537951,0.053301656737382165,0.4,0.2,True,True,4.650000000000022,0
M1,1835087600,205,231,0.9842310387737176,0.9842442894135565,0.08927688604814019,0.9842310387737176,0.6349130206461469,0.256,0.806031058748872,0.7176463250521488,0.969216751374441,0.918623977216033,233,0.1360229355155997,0.2061409568906703,0.052807183062202334,0.26711884854035045,0.2846084192537951,0.053301656737382165,0.4,0.2,True,True,4.680000000000022,0
M1,1835087600,206,233,0.9864483751266349,0.9864640600871699,0.08795229996644804,0.9864483751266349,0.6334929989152611,0.256,0.8093684761789517,0.7176458436407893,0.9692167600877559,0.9148354246327166,231,0.1360229355155997,0.2061409568906703,0.052807183062202334,0.26711884854035045,0.2846084192537951,0.053301656737382165,0.4,0.2,True,True,4.710000000000022,0
M1,1835087600,207,231,0.9879963176040275,0.9880103466073444,0.08885291678127609,0.9879963176040275,0.6293397046577729,0.256,0.8133660453198204,0.7176453862999979,0.9692167679297393,0.9103385615772389,228,0.1360229355155997,0.2061409568906703,0.052807183062202334,0.26711884854035045,0.2846084192537951,0.053301656737382165,0.4,0.2,True,True,4.740000000000022,0
M1,1835087600,208,228,0.9876288693001862,0.9876499896813835,0.08559345352324312,0.9876288693001862,0.6310317178066139,0.256,0.815856736358921,0.717644951826246,0.9692167749875245,0.9075588753141033,228,0.1360229355155997,0.2061409568906703,0.052807183062202334,0.26711884854035045,0.2846084192537951,0.053301656737382165,0.4,0.2,True,True,4.770000000000023,0
M1,1835087600,209,228,0.9840660009362747,0.9840820101693958,0.08777016584014949,0.9840660009362747,0.6137257429787553,0.256,0.8142107537280897,0.7176445390761816,0.969216781339531,0.909393038552984,223,0.1360229355155997,0.2061409568906703,0.052807183062202334,0.26711884854035045,0.2846084192537951,0.053301656737382165,0.4,0.2,True,True,4.800000000000023,0
M1,1835087600,210,223,0.9803639460170617,0.9803857863400215,0.08526787332024974,0.9803639460170617,0.6198322691590651,0.256,0.8108729481621483,0.7176441469636206,0.969216787056337,0.9131358791777627,227,0.1360229355155997,0.2061409568906703,0.052807183062202334,0.26711884854035045,0.2846084192537951,0.053301656737382165,0.4,0.2,True,True,4.830000000000023,0
M1,1835087600,211,227,0.9876990989140513,0.9877249896271455,0.08397302190533462,0.9876990989140513,0.6110773508320492,0.256,0.80771603930556,0.7176437744566875,0.9692167922014623,0.9167043343467237,223,0.1360229355155997,0.2061409568906703,0.052807183062202334,0.26711884854035045,0.2846084192537951,0.053301656737382165,0.4,0.2,True,True,4.860000000000023,0
M1,1835087600,212,223,0.9837764219484825,0.9837903285623034,0.08888859331498443,0.9837764219484825,0.61810385664424,0.256,0.8093732680083571,0.7176434205751011,0.9692167968320751,0.9148268849007382,226,0.1360229355155997,0.2061409568906703,0.052807183062202334,0.26711884854035045,0.2846084192537951,0.053301656737382165,0.4,0.2,True,True,4.890000000000024,0
M1,1835087600,213,226,0.9857093056117654,0.9857230722445762,0.08898474665172787,0.9857093056117654,0.6173728120052606,0.256,0.8104170664568915,0.717643084387594,0.9692168009996266,0.9136481770827335,225,0.1360229355155997,0.2061409568906703,0.052807183062202334,0.26711884854035045,0.2846084192537951,0.053301656737382165,0.4,0.2,True,True,4.920000000000024,0
M1,1835087600,214,225,0.9863508791780133,0.9863747366488649,0.08461316282839394,0.9863508791780133,0.6087085154965305,0.256,0.8129770981132065,0.7176427650094623,0.9692168047504229,0.9107707274610956,221,0.1360229355155997,0.2061409568906703,0.052807183062202334,0.26711884854035045,0.2846084192537951,0.053301656737382165,0.4,0.2,True,True,4.950000000000024,0
M1,1835087600,215,221,0.9886225973585757,0.9886424531352689,0.08609293147033131,0.9886225973585757,0.6247804383529346,0.256,0.8105202294496691,0.7176424616002371,0.9692168081261396,0.9135310884663038,227,0.1360229355155997,0.2061409568906703,0.052807183062202334,0.26711884854035045,0.2846084192537951,0.053301656737382165,0.4,0.2,True,True,4.980000000000024,0
M1,1835087600,216,227,0.9877553163452175,0.9878032750887714,0.0790666104738274,0.9877553163452175,0.6256980867703494,0.256,0.8160185101148141,0.7176421733614733,0.9692168111642847,0.9073754069799881,226,0.1360229355155997,0.2061409568906703,0.052807183062202334,0.26711884854035045,0.2846084192537951,0.053301656737382165,0.4,0.2,True,True,5.010000000000025,0
M1,1835087600,217,226,0.987206469583574,0.9872250311109347,0.08661805149362792,0.987206469583574,0.6233616598916364,0.256,0.8170389082967648,0.7176418995346476,0.9692168138986152,0.9062418393873922,225,0.1360229355155997,0.2061409568906703,0.052807183062202334,0.26711884854035045,0.2846084192537951,0.053301656737382165,0.4,0.2,True,True,5.040000000000025,0
M1,1835087600,218,225,0.9873359950328331,0.9873566500514794,0.08576844090524514,0.9873359950328331,0.6289645321621128,0.256,0.8170123975099569,0.7176416393991633,0.9692168163595127,0.9062709147192335,227,0.1360229355155997,0.2061409568906703,0.052807183062202334,0.26711884854035045,0.2846084192537951,0.053301656737382165,0.4,0.2,True,True,5.070000000000025,0
M1,1835087600,219,227,0.9829010411962941,0.9829162628406052,0.0881622945521151,0.9829010411962941,0.6483261030126712,0.256,0.813701611206774,0.7176413922704531,0.9692168185743205,0.9099580312498673,236,0.1360229355155997,0.2061409568906703,0.052807183062202334,0.26711884854035045,0.2846084192537951,0.053301656737382165,0.4,0.2,True,True,5.100000000000025,0
M1,1835087600,220,236,0.9890928351178992,0.9891109451064132,0.08682927905103964,0.9890928351178992,0.6684299281173012,0.256,0.8130122177512824,0.7176411574981785,0.9692168205676475,0.9107293300645357,242,0.1360229355155997,0.2061409568906703,0.052807183062202334,0.26711884854035045,0.2846084192537951,0.053301656737382165,0.4,0.2,True,True,5.130000000000026,0
M1,1835087600,221,242,0.9851796403465072,0.9851985431205355,0.08645668095986352,0.9851796403465072,0.6662411828487041,0.256,0.816944860759906,0.7176409344645175,0.9692168223616417,0.9063449401349332,241,0.1360229355155997,0.2061409568906703,0.052807183062202334,0.26711884854035045,0.2846084192537951,0.053301656737382165,0.4,0.2,True,True,5.160000000000026,0
M1,1835087600,222,241,0.9901536397559199,0.9901625386545192,0.09249365826984385,0.9901536397559199,0.6856047800009901,0.256,0.8161465775906143,0.7176407225825396,0.9692168239762367,0.9072311780805871,247,0.1360229355155997,0.2061409568906703,0.052807183062202334,0.26711884854035045,0.2846084192537951,0.053301656737382165,0.4,0.2,True,True,5.190000000000026,0
M1,1835087600,223,247,0.985901286868342,0.9859178127137227,0.08753219019214394,0.985901286868342,0.6904320042117061,0.256,0.8155328545720911,0.7176405212946606,0.969216825429372,0.9079136519538442,250,0.1360229355155997,0.2061409568906703,0.052807183062202334,0.26711884854035045,0.2846084192537951,0.053301656737382165,0.4,0.2,True,True,5.220000000000026,0
M1,1835087600,224,250,0.9874099514658394,0.9874387518062465,0.08312294394941314,0.9874099514658394,0.6888634914431504,0.256,0.8092003306806757,0.7176403300711756,0.9692168267371939,0.9150184273454746,251,0.1360229355155997,0.2061409568906703,0.052807183062202334,0.26711884854035045,0.2846084192537951,0.053301656737382165,0.4,0.2,True,True,5.250000000000027,0
M1,1835087600,225,251,0.9930390915787657,0.9930510999701202,0.09013138537917026,0.9930390915787657,0.6963269831312254,0.256,0.8069015915640587,0.7176401484088648,0.9692168279142335,0.9176249413765399,253,0.1360229355155997,0.2061409568906703,0.052807183062202334,0.26711884854035045,0.2846084192537951,0.053301656737382165,0.4,0.2,True,True,5.280000000000027,0
M1,1835087600,226,253,0.9873095152087787,0.9873404599595725,0.08255048940763297,0.9873095152087787,0.6861488446757543,0.256,0.8060938538783251,0.7176399758296695,0.9692168289735692,0.9185442156933126,251,0.1360229355155997,0.2061409568906703,0.052807183062202334,0.26711884854035045,0.2846084192537951,0.053301656737382165,0.4,0.2,True,True,5.310000000000027,0
M1,1835087600,227,251,0.9872277232049375,0.9872418457276637,0.08879383585757628,0.9872277232049375,0.6883363031059535,0.256,0.8055216319001567,0.717639811879434,0.9692168299269713,0.9191965151245655,252,0.1360229355155997,0.2061409568906703,0.052807183062202334,0.26711884854035045,0.2846084192537951,0.053301656737382165,0.4,0.2,True,True,5.340000000000027,0
M1,1835087600,228,252,0.9861194770012652,0.9861389916894763,0.08621067789994297,0.9861194770012652,0.6520856592077918,0.256,0.8055114561852834,0.7176396561267103,0.9692168307850332,0.91920792666502,239,0.1360229355155997,0.2061409568906703,0.052807183062202334,0.26711884854035045,0.2846084192537951,0.053301656737382165,0.4,0.2,True,True,5.370000000000028,0
M1,1835087600,229,239,0.9877954590790207,0.9878164160426474,0.08565662481516145,0.9877954590790207,0.6571720665226768,0.256,0.8070406811345564,0.7176395081616228,0.9692168315572889,0.9174659711695415,240,0.1360229355155997,0.2061409568906703,0.052807183062202334,0.26711884854035045,0.2846084192537951,0.053301656737382165,0.4,0.2,True,True,5.400000000000028,0
M1,1835087600,230,240,0.9880170950376462,0.9880249991716358,0.09342005572660007,0.9880170950376462,0.6603900370860122,0.256,0.8041098301577306,0.7176393675947896,0.969216832252319,0.9208098060222428,242,0.1360229355155997,0.2061409568906703,0.052807183062202334,0.26711884854035045,0.2846084192537951,0.053301656737382165,0.4,0.2,True,True,5.430000000000028,0
M1,1835087600,231,242,0.9858266476851522,0.9858478155172663,0.08556105168310614,0.9858266476851522,0.6745334098332669,0.256,0.8064932237777043,0.7176392340562981,0.9692168328778461,0.9180884062511915,247,0.1360229355155997,0.2061409568906703,0.052807183062202334,0.26711884854035045,0.2846084192537951,0.053301656737382165,0.4,0.2,True,True,5.460000000000028,0
M1,1835087600,232,247,0.9866499900957872,0.9866703100964522,0.08589307416912148,0.9866499900957872,0.6921892668520221,0.256,0.8073020666582924,0.7176391071947312,0.9692168334408205,0.917168402918232,253,0.1360229355155997,0.2061409568906703,0.052807183062202334,0.26711884854035045,0.2846084192537951,0.053301656737382165,0.4,0.2,True,True,5.490000000000029,0
M1,1835087600,233,253,0.9859573925393059,0.9859796239281737,0.08517189288836018,0.9859573925393059,0.6925598365740309,0.256,0.8051195102684199,0.7176389866762426,0.9692168339474975,0.919654551868188,254,0.1360229355155997,0.2061409568906703,0.052807183062202334,0.26711884854035045,0.2846084192537951,0.053301656737382165,0.4,0.2,True,True,5.520000000000029,0
M1,1835087600,234,254,0.9898323986183195,0.989851643608625,0.08635136751040709,0.9898323986183195,0.6902556259918633,0.256,0.805643173781074,0.7176388721836784,0.9692168344035067,0.919056634544426,252,0.1360229355155997,0.2061409568906703,0.052807183062202334,0.26711884854035045,0.2846084192537951,0.053301656737382165,0.4,0.2,True,True,5.550000000000029,0
M1,1835087600,235,252,0.9840066682347796,0.9840174877391362,0.09088852197347232,0.9840066682347796,0.6805058102600419,0.256,0.8118525573236718,0.7176387634157424,0.9692168348139151,0.9120271713422662,248,0.1360229355155997,0.2061409568906703,0.052807183062202334,0.26711884854035045,0.2846084192537951,0.053301656737382165,0.4,0.2,True,True,5.580000000000029,0
M1,1835087600,236,248,0.9860284201823184,0.9860345119117021,0.09547723565736753,0.9860284201823184,0.6839469876592991,0.256,0.8077707253638369,0.7176386600862033,0.9692168351832826,0.9166357002797237,250,0.1360229355155997,0.2061409568906703,0.052807183062202334,0.26711884854035045,0.2846084192537951,0.053301656737382165,0.4,0.2,True,True,5.61000000000003,0
M1,1835087600,237,250,0.9871748408899476,0.9871922633290642,0.087121915045184,0.9871748408899476,0.6841515541887614,0.256,0.8038586460181145,0.717638561923141,0.9692168355157134,0.9210964970548939,251,0.1360229355155997,0.2061409568906703,0.052807183062202334,0.26711884854035045,0.2846084192537951,0.053301656737382165,0.4,0.2,True,True,5.64000000000003,0
M1,1835087600,238,251,0.9860440871381033,0.9860637843835657,0.08613595153858511,0.9860440871381033,0.6761494687304103,0.256,0.8017560695788216,0.717638468668232,0.969216835814901,0.9235119191778729,249,0.1360229355155997,0.2061409568906703,0.052807183062202334,0.26711884854035045,0.2846084192537951,0.053301656737382165,0.4,0.2,True,True,5.67000000000003,0
M1,1835087600,239,249,0.9901894772222587,0.9902098913659538,0.08588478500283293,0.9901894772222587,0.663333585016922,0.256,0.7993171520722465,0.7176383800760684,0.96921683608417,0.9263296715177795,244,0.1360229355155997,0.2061409568906703,0.052807183062202334,0.26711884854035045,0.2846084192537951,0.053301656737382165,0.4,0.2,True,True,5.70000000000003,0
M1,1835087600,240,244,0.9909904881868484,0.9910088435698273,0.08673740155402675,0.9909904881868484,0.6740134059188154,0.256,0.7952341672117665,0.7176382959135129,0.969216836326512,0.9310856329185748,249,0.1360229355155997,0.2061409568906703,0.052807183062202334,0.26711884854035045,0.2846084192537951,0.053301656737382165,0.4,0.2,True,True,5.730000000000031,0
M1,1835087600,241,249,0.9860580904188788,0.9860747872446735,0.08745152372292947,0.9860580904188788,0.6663596460735869,0.256,0.7933227072966824,0.7176382159590853,0.9692168365446199,0.9333289195256438,248,0.1360229355155997,0.2061409568906703,0.052807183062202334,0.26711884854035045,0.2846084192537951,0.053301656737382165,0.4,0.2,True,True,5.760000000000031,0
M1,1835087600,242,248,0.988850787159059,0.9888679934855986,0.08723477198027929,0.988850787159059,0.6748879163735951,0.256,0.7947971550988217,0.717638140002379,0.9692168367409169,0.9315973792397279,250,0.1360229355155997,0.2061409568906703,0.052807183062202334,0.26711884854035045,0.2846084192537951,0.053301656737382165,0.4,0.2,True,True,5.790000000000031,0
M1,1835087600,243,250,0.9867962447831911,0.9868163477570964,0.08597972671321383,0.9867962447831911,0.6888944075859033,0.256,0.7877727110840621,0.717638067843508,0.9692168369175842,0.939904190274217,258,0.1360229355155997,0.2061409568906703,0.052807183062202334,0.26711884854035045,0.2846084192537951,0.053301656737382165,0.4,0.2,True,True,5.820000000000031,0
M1,1835087600,244,258,0.9808902532517522,0.9809103413864463,0.08593782123195227,0.9808902532517522,0.6931998240653364,0.256,0.7852939329569775,0.7176379992925807,0.9692168370765848,0.9428709050303115,262,0.1360229355155997,0.2061409568906703,0.052807183062202334,0.26711884854035045,0.2846084192537951,0.053301656737382165,0.4,0.2,True,True,5.850000000000032,0
M1,1835087600,245,262,0.988466058035623,0.9884784915900823,0.08981769174388637,0.988466058035623,0.710561225774779,0.256,0.7867806229191714,0.7176379341691996,0.9692168372196853,0.94108918345457,266,0.1360229355155997,0.2061409568906703,0.052807183062202334,0.26711884854035045,0.2846084192537951,0.053301656737382165,0.4,0.2,True,True,5.880000000000032,0
M1,1835087600,246,266,0.9863508999547069,0.9863710195949865,0.08596953713090844,0.9863508999547069,0.7052090995527147,0.256,0.7884571956069278,0.7176378723019876,0.9692168373484759,0.9390879735460657,264,0.1360229355155997,0.2061409568906703,0.052807183062202334,0.26711884854035045,0.2846084192537951,0.053301656737382165,0.4,0.2,True,True,5.910000000000032,0
M1,1835087600,247,264,0.9888058765724724,0.9888568958104395,0.07858267307560685,0.9888058765724724,0.7159353283841559,0.256,0.792458885103849,0.7176378135281362,0.9692168374643872,0.934345772682179,266,0.1360229355155997,0.2061409568906703,0.052807183062202334,0.26711884854035045,0.2846084192537951,0.053301656737382165,0.4,0.2,True,True,5.940000000000032,0
M1,1835087600,248,266,0.9863046784012813,0.9863282690270193,0.08470232269123464,0.9863046784012813,0.7233955158379342,0.256,0.7908545357793103,0.7176377576929773,0.9692168375687076,0.9362411393434883,270,0.1360229355155997,0.2061409568906703,0.052807183062202334,0.26711884854035045,0.2846084192537951,0.053301656737382165,0.4,0.2,True,True,5.970000000000033,0
M1,1835087600,249,270,0.988843945881765,0.9888590465763353,0.08827377947067168,0.988843945881765,0.7331191726394735,0.256,0.7906419585471799,0.7176377046495764,0.9692168376625958,0.9364927940248856,273,0.1360229355155997,0.2061409568906703,0.052807183062202334,0.26711884854035045,0.2846084192537951,0.053301656737382165,0.4,0.2,True,True,6.000000000000033,0
M1,1835087600,250,273,0.986362656621792,0.9863773032572021,0.08849679878686621,0.986362656621792,0.7265025461461189,0.256,0.7942047352482011,0.7176376542583456,0.9692168377470952,0.9322916521588197,270,0.1360229355155997,0.2061409568906703,0.052807183062202334,0.26711884854035045,0.2846084192537951,0.053301656737382165,0.4,0.2,True,True,6.030000000000033,0
M1,1835087600,251,270,0.9899526064768408,0.9899976256190449,0.07958777514130935,0.9899526064768408,0.7308834424014161,0.256,0.7902428262700498,0.7176376063866763,0.9692168378231447,0.936965665125397,272,0.1360229355155997,0.2061409568906703,0.052807183062202334,0.26711884854035045,0.2846084192537951,0.053301656737382165,0.4,0.2,True,True,6.060000000000033,0
M1,1835087600,252,272,0.990862603919797,0.9909191620169938,0.0777788466464745,0.990862603919797,0.743450923156747,0.256,0.7943317954843364,0.7176375609085904,0.9692168378915893,0.9321424026598648,275,0.1360229355155997,0.2061409568906703,0.052807183062202334,0.26711884854035045,0.2846084192537951,0.053301656737382165,0.4,0.2,True,True,6.090000000000034,0
M1,1835087600,253,275,0.9866666500161073,0.9866932895548656,0.08373774387978329,0.9866666500161073,0.755270700042388,0.256,0.7930885279416477,0.7176375177044089,0.9692168379531894,0.9336035986425577,281,0.1360229355155997,0.2061409568906703,0.052807183062202334,0.26711884854035045,0.2846084192537951,0.053301656737382165,0.4,0.2,True,True,6.120000000000034,0
M1,1835087600,254,281,0.986795175448192,0.9868144266126219,0.08632435230075283,0.986795175448192,0.757927211596831,0.256,0.7957744421158887,0.7176374766604364,0.9692168380086295,0.930452427411214,281,0.1360229355155997,0.2061409568906703,0.052807183062202334,0.26711884854035045,0.2846084192537951,0.053301656737382165,0.4,0.2,True,True,6.150000000000034,0
M1,1835087600,255,281,0.9884410343318942,0.9884589745651915,0.08689899666266322,0.9884410343318942,0.7849070242886943,0.256,0.7999548108564407,0.7176374376686626,0.9692168380585255,0.9255900596153878,289,0.1360229355155997,0.2061409568906703,0.052807183062202334,0.26711884854035045,0.2846084192537951,0.053301656737382165,0.4,0.2,True,True,6.180000000000034,0
M1,1835087600,256,289,0.9884800221944177,0.9885089086072839,0.08310781223446345,0.9884800221944177,0.7975711028530781,0.256,0.7990060250325381,0.7176374006264774,0.9692168381034321,0.9266891107449325,294,0.1360229355155997,0.2061409568906703,0.052807183062202334,0.26711884854035045,0.2846084192537951,0.053301656737382165,0.4,0.2,True,True,6.210000000000035,0
M1,1835087600,257,294,0.9891259330604558,0.9891510582928391,0.08422340185387642,0.9891259330604558,0.789198041075078,0.256,0.8065621062146415,0.7176373654364016,0.9692168381438478,0.9180076038454317,288,0.1360229355155997,0.2061409568906703,0.052807183062202334,0.26711884854035045,0.2846084192537951,0.053301656737382165,0.4,0.2,True,True,6.240000000000035,0
M1,1835087600,258,288,0.9873058055133048,0.9873353640656367,0.08291526063700302,0.9873058055133048,0.7832550606524596,0.256,0.8047584288350222,0.7176373320058295,0.9692168381802221,0.9200650598097357,287,0.1360229355155997,0.2061409568906703,0.052807183062202334,0.26711884854035045,0.2846084192537951,0.053301656737382165,0.4,0.2,True,True,6.270000000000035,0
M1,1835087600,259,287,0.9892232132659927,0.989235455413863,0.08994727838330625,0.9892232132659927,0.7838624844853713,0.256,0.8094623468972466,0.717637300246786,0.9692168382129589,0.9147183707851044,285,0.1360229355155997,0.2061409568906703,0.052807183062202334,0.26711884854035045,0.2846084192537951,0.053301656737382165,0.4,0.2,True,True,6.300000000000035,0
M1,1835087600,260,285,0.988243979826549,0.9882556243321138,0.09033779419854078,0.988243979826549,0.7880753597689608,0.256,0.8117709167432289,0.7176372700756947,0.969216838242422,0.9121169935287081,286,0.1360229355155997,0.2061409568906703,0.052807183062202334,0.26711884854035045,0.2846084192537951,0.053301656737382165,0.4,0.2,True,True,6.330000000000036,0
M1,1835087600,261,286,0.9874828033166064,0.9875161934917825,0.08194647615316311,0.9874828033166064,0.8040562807205331,0.256,0.8090684273289899,0.7176372414131579,0.9692168382689388,0.9151636541610546,293,0.1360229355155997,0.2061409568906703,0.052807183062202334,0.26711884854035045,0.2846084192537951,0.053301656737382165,0.4,0.2,True,True,6.360000000000036,0
M1,1835087600,262,293,0.9898518203059634,0.9898766557509883,0.08432158169403939,0.9898518203059634,0.8129109092604395,0.256,0.8077501324656245,0.7176372141837479,0.9692168382928039,0.9166572192914811,296,0.1360229355155997,0.2061409568906703,0.052807183062202334,0.26711884854035045,0.2846084192537951,0.053301656737382165,0.4,0.2,True,True,6.390000000000036,0
M1,1835087600,263,296,0.9892666376631166,0.9892912156838649,0.08439981082228899,0.9892666376631166,0.8110845735814587,0.256,0.8064121567363356,0.7176371883158085,0.9692168383142825,0.9181780773233305,296,0.1360229355155997,0.2061409568906703,0.052807183062202334,0.26711884854035045,0.2846084192537951,0.053301656737382165,0.4,0.2,True,True,6.420000000000036,0
M1,1835087600,264,296,0.9895974456143798,0.9896475373999919,0.07873506849943383,0.9895974456143798,0.8147329336105756,0.256,0.8070422489167269,0.7176371637412661,0.9692168383336133,0.9174611852432399,297,0.1360229355155997,0.2061409568906703,0.052807183062202334,0.26711884854035045,0.2846084192537951,0.053301656737382165,0.4,0.2,True,True,6.450000000000037,0
M1,1835087600,265,297,0.9886251951669174,0.9886418664243811,0.08748441834152594,0.9886251951669174,0.8187223401421033,0.256,0.8090674523161926,0.7176371403954508,0.9692168383510109,0.915164628131095,298,0.1360229355155997,0.2061409568906703,0.052807183062202334,0.26711884854035045,0.2846084192537951,0.053301656737382165,0.4,0.2,True,True,6.480000000000037,0
M1,1835087600,266,298,0.988014717836164,0.9880322988401579,0.08705656721866904,0.988014717836164,0.7972402477356882,0.256,0.8156979199990675,0.7176371182169262,0.9692168383666688,0.9077256090561956,288,0.1360229355155997,0.2061409568906703,0.052807183062202334,0.26711884854035045,0.2846084192537951,0.053301656737382165,0.4,0.2,True,True,6.510000000000037,0
M1,1835087600,267,288,0.984169964829381,0.9841812896641127,0.09052648848876725,0.984169964829381,0.8155654752875098,0.256,0.8095963020105201,0.7176370971473279,0.969216838380761,0.9145667632729028,298,0.1360229355155997,0.2061409568906703,0.052807183062202334,0.26711884854035045,0.2846084192537951,0.053301656737382165,0.4,0.2,True,True,6.540000000000037,0
M1,1835087600,268,298,0.9858599541948482,0.9858778191261411,0.08691166518156067,0.9858599541948482,0.8086409570869596,0.256,0.8094957230827788,0.7176370771312095,0.969216838393444,0.9146803716345515,295,0.1360229355155997,0.2061409568906703,0.052807183062202334,0.26711884854035045,0.2846084192537951,0.053301656737382165,0.4,0.2,True,True,6.570000000000038,0
M1,1835087600,269,295,0.9903634697480899,0.9904017446490807,0.08088289164252,0.9903634697480899,0.8162006048476533,0.256,0.8078708311365422,0.717637058115897,0.9692168384048586,0.9165200681355173,297,0.1360229355155997,0.2061409568906703,0.052807183062202334,0.26711884854035045,0.2846084192537951,0.053301656737382165,0.4,0.2,True,True,6.600000000000038,0
M1,1835087600,270,297,0.993525144755157,0.993539713490779,0.08859684021273302,0.993525144755157,0.834416060580973,0.256,0.8069697436971695,0.7176370400513501,0.9692168384151317,0.9175434597578672,303,0.1360229355155997,0.2061409568906703,0.052807183062202334,0.26711884854035045,0.2846084192537951,0.053301656737382165,0.4,0.2,True,True,6.630000000000038,0
M1,1835087600,271,303,0.9913726478812921,0.9913872040044344,0.08858647015564564,0.9913726478812921,0.8311500915202465,0.256,0.8002741413868135,0.7176370228900306,0.9692168384243776,0.9252201896156126,305,0.1360229355155997,0.2061409568906703,0.052807183062202334,0.26711884854035045,0.2846084192537951,0.053301656737382165,0.4,0.2,True,True,6.660000000000038,0
M1,1835087600,272,305,0.9865996163822549,0.9866304044368384,0.08258517294230379,0.9865996163822549,0.845702358130017,0.256,0.7947729179238386,0.7176370065867771,0.9692168384326988,0.9316243159683468,314,0.1360229355155997,0.2061409568906703,0.052807183062202334,0.26711884854035045,0.2846084192537951,0.053301656737382165,0.4,0.2,True,True,6.690000000000039,0
M1,1835087600,273,314,0.9905776520369808,0.9905942505751223,0.08753491996981463,0.9905776520369808,0.8506007826318976,0.256,0.7936386624002826,0.7176369910986862,0.9692168384401879,0.9329557582110206,315,0.1360229355155997,0.2061409568906703,0.052807183062202334,0.26711884854035045,0.2846084192537951,0.053301656737382165,0.4,0.2,True,True,6.720000000000039,0
M1,1835087600,274,315,0.9895542095527041,0.9895954601336858,0.08028043120044273,0.9895542095527041,0.8484544725416744,0.256,0.7975184560400085,0.7176369763849998,0.9692168384469282,0.9284170657511861,313,0.1360229355155997,0.2061409568906703,0.052807183062202334,0.26711884854035045,0.2846084192537951,0.053301656737382165,0.4,0.2,True,True,6.750000000000039,0
M1,1835087600,275,313,0.9894065975932768,0.9894461242248286,0.08061904975268332,0.9894065975932768,0.8245400365996753,0.256,0.7981040195609083,0.7176369624069978,0.9692168384529944,0.9277358743536368,304,0.1360229355155997,0.2061409568906703,0.052807183062202334,0.26711884854035045,0.2846084192537951,0.053301656737382165,0.4,0.2,True,True,6.780000000000039,0
M1,1835087600,276,304,0.9906071703661884,0.9906253265315895,0.08682118624493838,0.9906071703661884,0.8182844603628057,0.256,0.8016369469603656,0.7176369491278959,0.9692168384584541,0.9236471940508888,300,0.1360229355155997,0.2061409568906703,0.052807183062202334,0.26711884854035045,0.2846084192537951,0.053301656737382165,0.4,0.2,True,True,6.81000000000004,0
M1,1835087600,277,300,0.9905450334888724,0.9905596533025952,0.0885450693112695,0.9905450334888724,0.8076043739175773,0.256,0.8046343574284917,0.7176369365127491,0.9692168384633677,0.9202064227709749,295,0.1360229355155997,0.2061409568906703,0.052807183062202334,0.26711884854035045,0.2846084192537951,0.053301656737382165,0.4,0.2,True,True,6.84000000000004,0
M1,1835087600,278,295,0.9858258032068633,0.9858408326881961,0.08828707407257595,0.9858258032068633,0.8168316904086376,0.256,0.8067841683935669,0.7176369245283596,0.9692168384677899,0.9177543639630448,299,0.1360229355155997,0.2061409568906703,0.052807183062202334,0.26711884854035045,0.2846084192537951,0.053301656737382165,0.4,0.2,True,True,6.87000000000004,0
M1,1835087600,279,299,0.9896135672210048,0.9896353082257283,0.08537890194442954,0.9896135672210048,0.8164249670148731,0.256,0.814188166510693,0.7176369131431896,0.96921683847177,0.9094085495529666,295,0.1360229355155997,0.2061409568906703,0.052807183062202334,0.26711884854035045,0.2846084192537951,0.053301656737382165,0.4,0.2,True,True,6.90000000000004,0
M1,1835087600,280,295,0.9901010594980169,0.9901101654274909,0.09231016922326798,0.9901010594980169,0.8273748119538962,0.256,0.8055861648431303,0.7176369023272781,0.969216838475352,0.919119146679598,302,0.1360229355155997,0.2061409568906703,0.052807183062202334,0.26711884854035045,0.2846084192537951,0.053301656737382165,0.4,0.2,True,True,6.930000000000041,0
M1,1835087600,281,302,0.9899047777926273,0.9899290165328406,0.08451558921100544,0.9899047777926273,0.8316629785926264,0.256,0.8072489680313626,0.7176368920521621,0.9692168384785759,0.9172258957596041,303,0.1360229355155997,0.2061409568906703,0.052807183062202334,0.26711884854035045,0.2846084192537951,0.053301656737382165,0.4,0.2,True,True,6.960000000000041,0
M1,1835087600,282,303,0.9905685537216496,0.9905974394136174,0.08312481126968552,0.9905685537216496,0.8568202486544599,0.256,0.8045573948099474,0.7176368822908019,0.9692168384814773,0.9202943786314723,313,0.1360229355155997,0.2061409568906703,0.052807183062202334,0.26711884854035045,0.2846084192537951,0.053301656737382165,0.4,0.2,True,True,6.990000000000041,0
M1,1835087600,283,313,0.9907400254529876,0.9907531033532735,0.08943380517915665,0.9907400254529876,0.8797976680452617,0.256,0.8054048769203305,0.7176368730175098,0.9692168384840886,0.9193259928986054,321,0.1360229355155997,0.2061409568906703,0.052807183062202334,0.26711884854035045,0.2846084192537951,0.053301656737382165,0.4,0.2,True,True,7.020000000000041,0
M1,1835087600,284,321,0.9935643992216334,0.993583165868242,0.08658167076238572,0.9935643992216334,0.8769864839998233,0.256,0.8157977806460092,0.7176368642078823,0.9692168384864387,0.9076141742903623,315,0.1360229355155997,0.2061409568906703,0.052807183062202334,0.26711884854035045,0.2846084192537951,0.053301656737382165,0.4,0.2,True,True,7.050000000000042,0
M1,1835087600,285,315,0.9890010255322029,0.9890170015172154,0.08782653314271073,0.9890010255322029,0.8572673164733536,0.256,0.8166900135094237,0.7176368558387362,0.9692168384885539,0.9066225963148998,309,0.1360229355155997,0.2061409568906703,0.052807183062202334,0.26711884854035045,0.2846084192537951,0.053301656737382165,0.4,0.2,True,True,7.080000000000042,0
M1,1835087600,286,309,0.9893803393223438,0.9894104187502075,0.0827929231104423,0.9893803393223438,0.8747489485030557,0.256,0.8094485286186583,0.7176368478880473,0.9692168384904575,0.9147334092894824,318,0.1360229355155997,0.2061409568906703,0.052807183062202334,0.26711884854035045,0.2846084192537951,0.053301656737382165,0.4,0.2,True,True,7.110000000000042,0
M1,1835087600,287,318,0.9907232047774752,0.9907309827796932,0.09356987570790427,0.9907232047774752,0.8535766489469101,0.256,0.8143960964994017,0.7176368403348928,0.9692168384921708,0.9091762689138656,308,0.1360229355155997,0.2061409568906703,0.052807183062202334,0.26711884854035045,0.2846084192537951,0.053301656737382165,0.4,0.2,True,True,7.140000000000042,0
M1,1835087600,288,308,0.990772423245808,0.9907891697625655,0.08746583524692221,0.990772423245808,0.8653240052931543,0.256,0.809788131490518,0.7176368331593962,0.9692168384937128,0.9143497764852557,314,0.1360229355155997,0.2061409568906703,0.052807183062202334,0.26711884854035045,0.2846084192537951,0.053301656737382165,0.4,0.2,True,True,7.170000000000043,0
M1,1835087600,289,314,0.989970437910221,0.9899978004010097,0.08355121453389354,0.989970437910221,0.8725929481780782,0.256,0.8069721945251273,0.7176368263426743,0.9692168384951005,0.9175403998029893,318,0.1360229355155997,0.2061409568906703,0.052807183062202334,0.26711884854035045,0.2846084192537951,0.053301656737382165,0.4,0.2,True,True,7.200000000000043,0
M1,1835087600,290,318,0.9893682028716444,0.989382916501562,0.0884846904380823,0.9893682028716444,0.8748716223965102,0.256,0.8095720072448639,0.7176368198667886,0.9692168384963495,0.9145938553777222,318,0.1360229355155997,0.2061409568906703,0.052807183062202334,0.26711884854035045,0.2846084192537951,0.053301656737382165,0.4,0.2,True,True,7.230000000000043,0
M1,1835087600,291,318,0.9907211327681119,0.9907376706781826,0.08756520068065993,0.9907211327681119,0.8811407961490637,0.256,0.806649883401977,0.7176368137146971,0.9692168384974736,0.917907003024555,321,0.1360229355155997,0.2061409568906703,0.052807183062202334,0.26711884854035045,0.2846084192537951,0.053301656737382165,0.4,0.2,True,True,7.260000000000043,0
M1,1835087600,292,321,0.9861500939037205,0.9861672814934637,0.08722167519211003,0.9861500939037205,0.8647675431946618,0.256,0.815658285564797,0.7176368078702102,0.9692168384984853,0.9077693245278865,313,0.1360229355155997,0.2061409568906703,0.052807183062202334,0.26711884854035045,0.2846084192537951,0.053301656737382165,0.4,0.2,True,True,7.290000000000044,0
M1,1835087600,293,313,0.9844232173528578,0.9844339975830884,0.09092083770581771,0.9844232173528578,0.8631813973197486,0.256,0.8155904260574419,0.7176368023179477,0.9692168384993958,0.9078448465642958,313,0.1360229355155997,0.2061409568906703,0.052807183062202334,0.26711884854035045,0.2846084192537951,0.053301656737382165,0.4,0.2,True,True,7.320000000000044,0
M1,1835087600,294,313,0.9924029629057407,0.9924233296115695,0.08592107742295604,0.9924029629057407,0.8722870248630958,0.256,0.8175668207818374,0.7176367970432983,0.9692168385002152,0.9056502061232781,313,0.1360229355155997,0.2061409568906703,0.052807183062202334,0.26711884854035045,0.2846084192537951,0.053301656737382165,0.4,0.2,True,True,7.350000000000044,0
M1,1835087600,295,313,0.9929711890218955,0.9929881117914201,0.08740014220330092,0.9929711890218955,0.8894778295333584,0.256,0.8175306344832699,0.7176367920323814,0.9692168385009527,0.9056902865272934,319,0.1360229355155997,0.2061409568906703,0.052807183062202334,0.26711884854035045,0.2846084192537951,0.053301656737382165,0.4,0.2,True,True,7.380000000000044,0
M1,1835087600,296,319,0.9910637214767545,0.9910879971248533,0.08451279174632823,0.9910637214767545,0.8818287587666522,0.256,0.8120602225594068,0.7176367872720103,0.9692168385016164,0.9117914276656428,319,0.1360229355155997,0.2061409568906703,0.052807183062202334,0.26711884854035045,0.2846084192537951,0.053301656737382165,0.4,0.2,True,True,7.4100000000000446,0
M1,1835087600,297,319,0.9924157088538248,0.9924517841817044,0.08137046954991393,0.9924157088538248,0.8767844223882344,0.256,0.8139699213958633,0.7176367827496578,0.9692168385022139,0.9096522187720748,316,0.1360229355155997,0.2061409568906703,0.052807183062202334,0.26711884854035045,0.2846084192537951,0.053301656737382165,0.4,0.2,True,True,7.440000000000045,0
M1,1835087600,298,316,0.9899409934818231,0.9899561626090215,0.08824661448449836,0.9899409934818231,0.8743330755731437,0.256,0.8111563711116407,0.7176367784534229,0.9692168385027515,0.9128074030456874,317,0.1360229355155997,0.2061409568906703,0.052807183062202334,0.26711884854035045,0.2846084192537951,0.053301656737382165,0.4,0.2,True,True,7.470000000000045,0
M1,1835087600,299,317,0.9923506315679076,0.9923715600357638,0.08570407784822878,0.9923506315679076,0.8641697818782544,0.256,0.8152105392720665,0.7176367743719997,0.9692168385032354,0.9082678654131691,311,0.1360229355155997,0.2061409568906703,0.052807183062202334,0.26711884854035045,0.2846084192537951,0.053301656737382165,0.4,0.2,True,True,7.500000000000045,0
