arm,seed,step,novelty_vector_count,h_n_latest,h_n_shape_latest,V,H_N,total_suppression,avg_wb,theta_capability,transfer_state,g,population,x_compute,x_bio_welfare,x_novelty_agency,x_institutional_capacity,x_transfer_comprehension,x_resilience,c_protective,c_suppressive,adapter_active,action_modified,adapter_score,shape_fallback_increase
R02,1835086200,0,200,0.984686158542085,0.9864939484700901,0.05016480740680711,0.984686158542085,0.326,0.6682989537060284,0.5063257585375452,0.55,1.3775156808864804,206,0.07907198171931586,0.3285048557940994,0.007228834880923903,0.26562419038139706,0.31932376946537705,0.00024636775888689136,0.6,0.2,False,False,0.0,2
R02,1835086200,1,206,0.9894460272130904,0.9895381542639115,0.07388402281202114,0.9894460272130904,0.2,0.6829101365037529,0.5162692225182554,0.5942261760719632,1.2722161294854388,210,0.1282468988448418,0.28403168965997644,0.07131360947096292,0.16480212296265506,0.29613088035981583,0.055474798701748027,0.0,0.2,False,False,0.0,0
R02,1835086200,2,210,0.9866617612013353,0.9868222888553063,0.06944193507565925,0.9866617612013353,0.22400000000000003,0.6938556227967647,0.5290955373220434,0.61003030182973,1.2500102618671594,218,0.17049719912126077,0.26605648133797494,0.016151500138194125,0.27167436115745436,0.17613371682481532,0.09948674142030066,0.8,0.0,False,False,0.0,0
R02,1835086200,3,218,0.9837612724565712,0.9889535757196793,0.04178617478760481,0.9837612724565712,0.4,0.7053982374799893,0.5361468185259762,0.6475726544595395,1.173710154256647,224,0.10632572587543761,0.16828818335211215,0.1817163078945039,0.15572462060227446,0.2927269140639124,0.09521824821175949,0.0,0.4,False,False,0.0,0
R02,1835086200,4,224,0.986274231056266,0.9873027774173978,0.054660483633310546,0.986274231056266,0.35,0.71652350273503,0.5398364666364248,0.6757461293201027,1.1149315658135082,228,0.06871236295934206,0.1972298563863285,0.05090070929607241,0.2541737450490425,0.2646537015325856,0.16432962477662877,1.0,0.0,False,False,0.0,0
R02,1835086200,5,228,0.9865967886674527,0.9865975306790915,0.11224030335528194,0.9865967886674527,0.05600000000000001,0.7257006126303758,0.5457655414527176,0.6877550466201013,1.0934900513673178,235,0.0990112268514252,0.19607326045449758,0.20253178594728863,0.22193782134706397,0.1979176511600447,0.08252825423967991,0.4,0.0,False,False,0.0,0
R02,1835086200,6,235,0.984854681267578,0.9905641072450294,0.04104338910277863,0.984854681267578,0.456,0.7331860217735313,0.5558138799775905,0.7189795419580912,1.0543836877506494,241,0.1542076949688597,0.15597036217032328,0.03251072914244884,0.26885077682252906,0.3069284807795569,0.08153195611628226,0.4,0.4,False,False,0.0,0
R02,1835086200,7,241,0.9802631136166604,0.9880285984675381,0.0385747043936906,0.9802631136166604,0.456,0.742132994214986,0.5548928182750488,0.7387535511428894,1.0121101548322848,250,0.02337040370422304,0.4508154113067767,0.0007908400403787808,0.26515242657954446,0.2583598169030367,0.0015111014660402666,0.4,0.4,False,False,0.0,0
R02,1835086200,8,250,0.9891638993629297,0.9891851936004932,0.08554056043740171,0.9891638993629297,0.2,0.7505619784830705,0.5616426997885973,0.7411213647256648,1.0096810951972086,252,0.11868153034126133,0.33149373641395075,0.0017360893209900864,0.31578130925920744,0.1812158434853218,0.05109149117926868,0.0,0.2,False,False,0.0,0
R02,1835086200,9,252,0.9843732042860457,0.9872362708503734,0.04651084636607636,0.9843732042860457,0.41400000000000003,0.7573360962647281,0.566288213873064,0.7549906702365766,0.9903923592414233,260,0.09659561342370823,0.20455252478791452,0.09295181313068228,0.27999409200055403,0.23990720991739126,0.08599874673974969,0.2,0.4,False,False,0.0,0
R02,1835086200,10,260,0.9892224673735007,0.9892500539193434,0.0834802851338133,0.9892224673735007,0.22400000000000003,0.7639690568537842,0.5742187311279086,0.7598557890546028,0.9891688009807988,266,0.140561599356222,0.2643851551285797,0.0095619150909386,0.3640937649944862,0.2018209292084194,0.01957663622135424,0.8,0.0,False,False,0.0,0
R02,1835086200,11,266,0.9665509849057441,0.9890022092871645,0.030131681058982077,0.9665509849057441,0.526,0.7735505689301012,0.5708480787861732,0.7838702101491426,0.9414292201644588,261,0.004253552683249742,0.19014228274928302,3.402576939208775e-09,0.38884749749493086,0.4109423171550632,0.005814346514896059,0.6,0.4,False,False,0.0,0
R02,1835086200,12,261,0.9877197804373987,0.9877259667790654,0.09536819894259321,0.9877197804373987,0.2,0.7762388086714197,0.5735271524404475,0.8054831891342283,0.9172804780179012,268,0.07776846991978771,0.18410982332784276,0.0419241592453499,0.31899878536441184,0.31204824515627255,0.06515051698633523,0.0,0.2,False,False,0.0,0
R02,1835086200,13,268,0.9863617389392713,0.9863799610216639,0.08675815253936675,0.9863617389392713,0.22400000000000003,0.7825875486762554,0.5826816986945205,0.8249348702208055,0.9025656106755232,266,0.16038629845119118,0.19612926127994784,0.03558418522522039,0.21424613510534304,0.3765642869632437,0.017089832975053995,0.8,0.0,False,False,0.0,0
R02,1835086200,14,266,0.9853912014823313,0.9855693953869364,0.0686007421065641,0.9853912014823313,0.326,0.788048248090344,0.5826558299528739,0.838254682451815,0.8820298853235122,268,0.05135270241349265,0.20898473513584742,0.10706533091777183,0.2605154316476025,0.27906649626545016,0.0930153036198355,0.6,0.2,False,False,0.0,0
R02,1835086200,15,268,0.9893044794209865,0.9909670059538466,0.050867607687028873,0.9893044794209865,0.42400000000000004,0.7951725079350851,0.583950625213645,0.8544292142066335,0.8594857530640564,272,0.06784483448018473,0.17252856005101003,0.08955943300095708,0.23847329741051626,0.4052646524774825,0.02632922257984932,0.8,0.2,False,False,0.0,0
R02,1835086200,16,272,0.9901582184590026,0.9901582220816375,0.1546337989410906,0.9901582184590026,0.0,0.7864220984319961,0.6026059764064408,0.8689862927859702,0.8817892496935767,279,0.2856610306684748,0.15040645084022145,0.0011534827109361398,0.1661425842139476,0.39539746549028254,0.0012389860761376386,0.0,0.0,False,False,0.0,0
R02,1835086200,17,279,0.9885916961908038,0.9886028534199988,0.09068085823531966,0.9885916961908038,0.21400000000000002,0.7890766835246138,0.6157318729605004,0.881257234123421,0.8854615952983941,280,0.2282024421797706,0.17214757539213432,0.08193369454069563,0.20522714137108036,0.2958478530802397,0.016641293436079497,0.2,0.2,False,False,0.0,0
R02,1835086200,18,280,0.9898603840975356,0.9901031054875917,0.06617727826159432,0.9898603840975356,0.326,0.788932698365683,0.6172091758453636,0.8835190287593091,0.8854754199810175,288,0.09079870666110298,0.21947185105221176,0.004063777314579402,0.41476142297413976,0.25193759024115087,0.01896665175681531,0.6,0.2,False,False,0.0,0
R02,1835086200,19,288,0.9885570470900173,0.9885570593777042,0.1448985122114046,0.9885570470900173,0.014000000000000002,0.793916150536481,0.6220570222835502,0.8771827170989485,0.8932345107171483,297,0.1338538153806839,0.23712014032380616,0.04767683387894346,0.3377371216626074,0.2100779560778513,0.033534132676107775,0.2,0.0,False,False,0.0,0
R02,1835086200,20,297,0.9850328870314988,0.9871565455395952,0.04888829949948599,0.9850328870314988,0.42400000000000004,0.7932711001085406,0.639158655396889,0.8690386260468933,0.9271456432897841,308,0.2900560528439542,0.15616336121529234,0.029317808843336235,0.23948101273235622,0.19787090328919824,0.0871108610758628,0.8,0.2,False,False,0.0,0
R02,1835086200,21,308,0.989259189266837,0.9892591985573909,0.14712979715906205,0.989259189266837,0.0,0.7975324045533666,0.6461128194559752,0.859780795172797,0.9422633080051009,312,0.17390121036163395,0.213166693914888,0.08122403292698545,0.22299058668713542,0.18823015865296513,0.12048731745639213,0.0,0.0,False,False,0.0,0
R02,1835086200,22,312,0.9908180867223658,0.9908383641234527,0.08594333489736095,0.9908180867223658,0.256,0.7998189614537118,0.6554264716744741,0.873275798771931,0.9383845687532063,317,0.20774116489122083,0.18827650118958988,0.025456898048615374,0.22550767660365817,0.2973654155820683,0.055652343684847436,0.4,0.2,False,False,0.0,0
R02,1835086200,23,317,0.9926100609683602,0.9934462400672052,0.05635806635554748,0.9926100609683602,0.4,0.7973124671206651,0.660205027361505,0.8859482188947378,0.934634768441773,325,0.15687349088443225,0.165123559190854,0.07205828940847646,0.2564023614133927,0.30836115220557536,0.041181146897269275,0.0,0.4,False,False,0.0,0
R02,1835086200,24,325,0.9914398098405354,0.9916071539922697,0.06914940860255381,0.9914398098405354,0.326,0.7996518329648036,0.6655526525624322,0.8913748164441839,0.9337295893393718,327,0.16697345711253064,0.17861233583974007,0.11531920819703904,0.2524266229023231,0.27010709719459924,0.016561278753767953,0.6,0.2,False,False,0.0,0
R02,1835086200,25,327,0.975610831656879,0.9905506737900237,0.03338638057050023,0.975610831656879,0.526,0.7978344949945997,0.6616689500742264,0.9022373347997655,0.9191939375414903,338,0.0549241267489475,0.2887872235863428,0.017001096392347786,0.2433812603874209,0.3957131881661311,0.0001931047188100743,0.6,0.4,False,False,0.0,0
R02,1835086200,26,338,0.9906191421346994,0.9906217304292165,0.10232747114254027,0.9906191421346994,0.2,0.7976064246990942,0.677538422397841,0.8798624265986887,0.9654516139956193,347,0.2994114978415734,0.1676158970491942,0.05006445677617135,0.2642732020726907,0.139244126394499,0.07939081986587135,0.0,0.2,False,False,0.0,0
R02,1835086200,27,347,0.9892195006873927,0.9894644156349094,0.06610052692470728,0.9892195006873927,0.326,0.7979688114105438,0.6696252471071339,0.8918761839388198,0.9408953785300214,353,0.012046822864811343,0.18025768044155605,0.14645571750289088,0.23099669727893118,0.3287725911893268,0.10147049072248368,0.6,0.2,False,False,0.0,0
R02,1835086200,28,353,0.9860639280632105,0.9874958939750443,0.05202803766951198,0.9860639280632105,0.42400000000000004,0.800720731858291,0.6768477775369894,0.8857392750549454,0.9543419876108162,353,0.19629740981515303,0.23063956713881767,0.12759771774445858,0.2238058893864425,0.21525354755003798,0.006405868365090197,0.8,0.2,False,False,0.0,0
R02,1835086200,29,353,0.9908153112342335,0.9909022808502305,0.07435356689654675,0.9908153112342335,0.326,0.8072861458021223,0.6826220873529744,0.8971653475494509,0.9424978022367346,353,0.1827087336604305,0.26680863589266657,0.005890011477036994,0.11161385854293823,0.32815673674958945,0.10482202367733828,0.6,0.2,False,False,0.0,0
R02,1835086200,30,353,0.9903017779161919,0.9903041045980079,0.10317311247504092,0.9903017779161919,0.21400000000000002,0.810845188866579,0.6748100626655331,0.9059871290302082,0.9185897139672657,345,0.016488496002592997,0.22409595174712305,0.15298575419841368,0.29275783367133645,0.2926915811785118,0.020980383202021946,0.2,0.2,False,False,0.0,0
R02,1835086200,31,345,0.9907254104336967,0.9907280698502943,0.10211254702522514,0.9907254104336967,0.2,0.8153536689853369,0.6688436067296596,0.9127056240220442,0.8987684603092518,349,0.034675589967539104,0.20252372554084866,0.034375912715934855,0.275600124522723,0.2865860394742845,0.1662386077786699,0.0,0.2,False,False,0.0,0
R02,1835086200,32,349,0.9918817823055976,0.9928287851120956,0.05536241257550337,0.9918817823055976,0.4,0.8153834844139115,0.6653980336379435,0.9214350616198398,0.8856351989296934,352,0.06245759055958646,0.23025433306401327,0.04797557575977519,0.2078445547188435,0.36836653630738675,0.0831014095903948,0.0,0.4,False,False,0.0,0
R02,1835086200,33,352,0.9899750829566415,0.98998609834506,0.09079383253499564,0.9899750829566415,0.256,0.8157818978282769,0.6696560365117984,0.922382365638125,0.8899523056740388,353,0.15659880694690112,0.1607685010961163,0.07084836142771175,0.2566457818304233,0.26545405090134605,0.08968449779750158,0.4,0.2,False,False,0.0,0
R02,1835086200,34,353,0.9909054895996792,0.9909104859796235,0.09709433460538966,0.9909054895996792,0.22400000000000003,0.8210222963909598,0.6743579684942024,0.9184775071316932,0.8942666134683773,347,0.1648091725999243,0.24240927109590557,0.04083013425730214,0.26043712239857947,0.24166689028690327,0.04984740936138531,0.8,0.0,False,False,0.0,0
R02,1835086200,35,347,0.9933978143529276,0.993397823773874,0.14705208659855468,0.9933978143529276,0.05600000000000001,0.8219200155168824,0.6714183106829097,0.9092176369267073,0.8984538475993814,348,0.0722280076677175,0.2521777636947226,0.1068882722032387,0.2976185348305958,0.21293940254091695,0.05814801906280839,0.4,0.0,False,False,0.0,0
R02,1835086200,36,348,0.9872591190316657,0.9873161466181254,0.07768404688989086,0.9872591190316657,0.326,0.8195485523931418,0.6749018667320902,0.8946878640427821,0.9204376934629384,350,0.15068089479157437,0.24625121273077977,0.10419794251920943,0.2519010319270143,0.18195995404372767,0.06500896398769448,0.6,0.2,False,False,0.0,0
R02,1835086200,37,350,0.9885280696454019,0.9885280724256057,0.15672753476900775,0.9885280696454019,0.014000000000000002,0.8223961966311848,0.6702374812607415,0.9033584971156585,0.9021681356173634,346,0.05100884831569724,0.31237844768697814,0.026035248888141134,0.2719446866832394,0.29069709738577315,0.0479356710401711,0.2,0.0,False,False,0.0,0
R02,1835086200,38,346,0.9928636086249905,0.992963582063761,0.07326090606091969,0.9928636086249905,0.326,0.8293997791386057,0.6732223497123977,0.9101925552387524,0.8917873980103104,336,0.14370928143366662,0.1686531346548706,0.12635130359310143,0.24427538910592225,0.2858495391732987,0.031161352039140368,0.6,0.2,False,False,0.0,0
R02,1835086200,39,336,0.9922127366843289,0.9922127388441281,0.15876714101501896,0.9922127366843289,0.05600000000000001,0.8316793850627631,0.6757329280032298,0.9191732997148772,0.8839378795438119,338,0.1396461972056494,0.18010129015405296,0.015455046707991854,0.1933877855784394,0.4714047429719361,4.937381930271868e-06,0.4,0.0,False,False,0.0,0
R02,1835086200,40,338,0.9910664696548798,0.9919066624796582,0.05630760320675397,0.9910664696548798,0.41400000000000003,0.8311239543746497,0.6857329498256793,0.9179107849263584,0.8988531523431973,336,0.23483335278263706,0.23954836221968215,0.06448724932833032,0.1493567767378671,0.25327407591484447,0.05850018301663895,0.2,0.4,False,False,0.0,0
R02,1835086200,41,336,0.9921505764275677,0.9921505773842261,0.16524872316737665,0.9921505764275677,0.014000000000000002,0.8282108902880941,0.686435899201642,0.9230968209793028,0.8978665578321691,342,0.12486996084058345,0.1819966521572748,0.06292754896841135,0.25324476656001105,0.2848855727279012,0.09207549874581826,0.2,0.0,False,False,0.0,0
R02,1835086200,42,342,0.9940922814429796,0.9942005589040726,0.07263566198172647,0.9940922814429796,0.35,0.8237414522791738,0.6863264585590358,0.9204767312025305,0.9051634440161429,340,0.11515442896844845,0.18444078386773577,0.03263416292249719,0.4052555087572912,0.24844796160578989,0.014067153878237492,1.0,0.0,False,False,0.0,0
R02,1835086200,43,340,0.9916847545119931,0.9918500511370846,0.06924935383914071,0.9916847545119931,0.35,0.8227510062727248,0.6941250601635981,0.9086122523263872,0.9285188250182845,345,0.21393655665642536,0.2337434094201412,0.05062122571382268,0.2946461617451545,0.20091597122054894,0.0061366752439071075,1.0,0.0,False,False,0.0,0
R02,1835086200,44,345,0.9918508515402402,0.992637674534959,0.056835872088337604,0.9918508515402402,0.4,0.8180963315357678,0.7088253290920362,0.8931047462512175,0.970135474693199,346,0.30508152420772544,0.15716919931259532,0.08365287519140988,0.26840150832031306,0.17676859578734505,0.008926297180611205,0.0,0.4,False,False,0.0,0
R02,1835086200,45,346,0.9909098952817088,0.9909098997254014,0.15301372287230555,0.9909098952817088,0.05600000000000001,0.8209873778431116,0.6992612222720198,0.9037942716260957,0.9423958835735528,339,0.010964495432317301,0.16292454071505807,0.12339845657405307,0.32739523779067187,0.3684298218012606,0.00688744768663912,0.4,0.0,False,False,0.0,0
R02,1835086200,46,339,0.9890144450412014,0.9898822327572698,0.05603410511944663,0.9890144450412014,0.41400000000000003,0.8233011852850672,0.6927313129012415,0.9134148444634862,0.9211662401874273,334,0.0429143967852835,0.17040800455340377,0.0564833293139504,0.21566135939464395,0.4329662700719751,0.08156663988074322,0.2,0.4,False,False,0.0,0
R02,1835086200,47,334,0.992730082910003,0.9927439028461007,0.08901048022530791,0.992730082910003,0.256,0.8246742382147931,0.6832587258751993,0.919670433362505,0.900887444531732,335,0.0020497327377484603,0.1992521869797171,0.12140075049517822,0.2715920721577955,0.28798536672683717,0.11771989090272357,0.4,0.2,False,False,0.0,0
R02,1835086200,48,335,0.9875168855065677,0.9875169540941482,0.1312026740114159,0.9875168855065677,0.126,0.824537161365814,0.6869118684371393,0.9213059640775098,0.9042466402146564,340,0.16020098569624822,0.16187047800318513,0.061034064849000105,0.17653925361778006,0.26801287025627635,0.17234234757751013,0.6,0.0,False,False,0.0,0
R02,1835086200,49,340,0.9911583473666106,0.9923239536604191,0.05370509945474032,0.9911583473666106,0.456,0.8249728252779468,0.6848554175970752,0.9291753676697587,0.8934321252127208,342,0.09111428227241164,0.16290916131750205,0.10476705422249405,0.25195986510580154,0.30336842249992796,0.0858812145818628,0.4,0.4,False,False,0.0,0
R02,1835086200,50,342,0.983089764945304,0.9912425168597764,0.03821316532903752,0.983089764945304,0.526,0.8271256123463322,0.6990694235723732,0.8944322076166465,0.9449338537020522,333,0.29320971068939694,0.16578832959154463,0.0076066285670257265,0.28888315203988313,0.09087188356931855,0.1536402955428311,0.6,0.4,True,True,0.03,0
R02,1835086200,51,333,0.987193619007391,0.9872718751493079,0.07516470676437939,0.987193619007391,0.326,0.8253028902145195,0.7011181804471915,0.8883765487933659,0.9562705412959511,333,0.1500278506679624,0.19710313452652273,0.13578469822749983,0.24551862883582176,0.21693780969192017,0.054627878050273096,0.6,0.2,True,True,0.06,0
R02,1835086200,52,333,0.9897923695314277,0.9899249573459419,0.07098905698148567,0.9897923695314277,0.35,0.8247305512487345,0.7043659412788444,0.8995388939140293,0.9494373648741801,331,0.16629587317515573,0.2190533256005292,0.09252293737442371,0.14484780332805286,0.34300692558784907,0.03427313493398941,1.0,0.0,True,True,0.09000000000000001,0
R02,1835086200,53,331,0.9927758979277915,0.9928354615629654,0.07738207776152878,0.9927758979277915,0.326,0.8272049854751101,0.6961852194197025,0.9095850045226264,0.9252697490363859,325,0.02546969006000259,0.2744451071445711,0.041542213903844306,0.30244815875315306,0.33679587449551324,0.019298955642915745,0.6,0.2,True,True,0.12000000000000001,0
R02,1835086200,54,325,0.992709346408012,0.9929610089678955,0.06591226677456521,0.992709346408012,0.35,0.8156646152572586,0.7059200355599952,0.9092039155265763,0.9518808474055349,327,0.2443009638909725,0.14341337550209124,0.026091992578103816,0.2862589844059548,0.25288705728106287,0.04704762634181463,1.0,0.0,True,True,0.15000000000000002,0
R02,1835086200,55,327,0.9921484631799643,0.992148467690982,0.15290397010880505,0.9921484631799643,0.014000000000000002,0.8068969715341717,0.7019315211572481,0.9182835239739187,0.9473268960512179,331,0.07884359219065892,0.15463074169995114,0.043712352257685314,0.2699846985882977,0.34002989070514683,0.11279872455826008,0.2,0.0,True,True,0.18000000000000005,0
R02,1835086200,56,331,0.9896703887176355,0.9896725182021625,0.1038730038289608,0.9896703887176355,0.2,0.8084951194921187,0.7138814331481443,0.9264551715765268,0.9530688476696269,333,0.27558110060948254,0.1886680225255345,0.036925290090737084,0.14793297687858029,0.3496543246660353,0.0012382852296303631,0.0,0.2,True,True,0.21000000000000008,0
R02,1835086200,57,333,0.9928322073796141,0.9928352639864175,0.10102142784875018,0.9928322073796141,0.22400000000000003,0.8071404569078502,0.7128348061920045,0.9205259567089441,0.9594088975109262,340,0.12059305876584193,0.16398528198328502,0.05054466487941377,0.37725506967406575,0.2335815114503498,0.0540404132470437,0.8,0.0,True,True,0.2400000000000001,0
R02,1835086200,58,340,0.9908119707485011,0.9908121180882477,0.12514268181934854,0.9908119707485011,0.126,0.8098251332315892,0.7104566607375397,0.9224426395051747,0.9510579260265747,337,0.10329493568919247,0.2288179182762933,0.015785845179117124,0.23617708174797683,0.2698463923356252,0.1460778267717951,0.6,0.0,True,True,0.27000000000000013,0
R02,1835086200,59,337,0.9897109271694136,0.9897149525512009,0.09880484845290306,0.9897109271694136,0.21400000000000002,0.8077208878196583,0.7185779108848263,0.9171338056365226,0.9700181200241227,340,0.2330510398020452,0.2238614558814463,0.04388836335342408,0.2382759205896996,0.23467715040932655,0.026246069964058222,0.2,0.2,True,True,0.30000000000000016,0
R02,1835086200,60,340,0.9867775697385689,0.9894701687249907,0.04701747811932708,0.9867775697385689,0.456,0.8126667614226815,0.7191250802131828,0.9202167910631511,0.9616162302081807,334,0.14345081090747258,0.25712138324793427,0.07814740455934957,0.15990453275025598,0.27398182995140397,0.08739403858358366,0.4,0.4,True,True,0.3300000000000002,0
R02,1835086200,61,334,0.9902326100206241,0.9904515558644973,0.06700068197361726,0.9902326100206241,0.35,0.816632831155386,0.72830220945044,0.9171959502499548,0.9723500996989808,330,0.25166729059895476,0.18564329074904196,0.02974722671436296,0.2626852918907171,0.24500419146559413,0.02525270858132913,1.0,0.0,True,True,0.3600000000000002,0
R02,1835086200,62,330,0.9872652868888896,0.9872653562284398,0.13111384922102468,0.9872652868888896,0.126,0.8187177962890073,0.7261569689201196,0.9254763552249593,0.9583650149312047,323,0.11587337427752019,0.23798934598357915,0.08617436029028992,0.1669209159494506,0.35638768518044206,0.03665431831871815,0.6,0.0,True,True,0.39000000000000024,0
R02,1835086200,63,323,0.9916051188658142,0.9916054096162795,0.11973839632507424,0.9916051188658142,0.126,0.8154887902226992,0.7295187240878742,0.9291379038960111,0.9628048520041412,321,0.18337004517200767,0.14571096090712757,0.05519365699351506,0.23298233593922404,0.2810459209677386,0.10169708002038702,0.6,0.0,True,True,0.42000000000000026,0
R02,1835086200,64,321,0.990575057071905,0.9905752069951638,0.125002412791552,0.990575057071905,0.126,0.8182137226244552,0.736156538996327,0.9087096841453792,0.9900981722155132,314,0.22642188891058176,0.2630833340860321,0.06088095072689823,0.2670646233434022,0.16242785319484587,0.020121349738239855,0.6,0.0,True,True,0.45000000000000023,0
R02,1835086200,65,314,0.9881044036644205,0.9891666334445899,0.054418993164089866,0.9881044036644205,0.41400000000000003,0.8143239064726249,0.7295812633036035,0.9069991491300871,0.9878013326970201,313,0.06540689071365999,0.15809965984775232,0.09774281953275264,0.4085519526201394,0.24580216699622856,0.024396510289467183,0.2,0.4,True,True,0.48000000000000026,0
R02,1835086200,66,313,0.9914199643446643,0.9915925577392627,0.06890343633901048,0.9914199643446643,0.35,0.8152629245323416,0.7251974339920131,0.9162992342170784,0.9707809437727057,313,0.08869042316987132,0.20939277212394458,0.013083268196867615,0.192070638433447,0.33154626644564017,0.16521663163022932,1.0,0.0,True,True,0.5100000000000002,0
R02,1835086200,67,313,0.9896522376003015,0.9898824262190248,0.06659750875525544,0.9896522376003015,0.35,0.8123436489258635,0.716800715551368,0.9242949427639344,0.9546585444372241,312,0.03578941573694461,0.2533778074681601,0.12798327676721186,0.24185428248904328,0.2981281598428197,0.0428670576958204,1.0,0.0,True,True,0.5400000000000001,0
R02,1835086200,68,312,0.9920290270456912,0.9920290503536698,0.139830396057468,0.9920290270456912,0.05600000000000001,0.802815297657441,0.7266707552238529,0.9070508157351974,0.997907817374453,309,0.25887594312566586,0.15254989000714014,0.020703539727849975,0.2934179345979882,0.17592683623828198,0.09852585630307387,0.4,0.0,True,True,0.5700000000000001,0
R02,1835086200,69,309,0.9877030981954656,0.988877186730906,0.053619686003278245,0.9877030981954656,0.41400000000000003,0.7998494744001695,0.7238819697060234,0.9075978360149808,0.997162743877111,317,0.10680940304203852,0.1881565560043515,0.23153941487982074,0.19500712825660577,0.2562605092665153,0.022226988550668025,0.2,0.4,True,True,0.6,0
R02,1835086200,70,317,0.9910564353652151,0.9910612517463224,0.09738760715243179,0.9910564353652151,0.21400000000000002,0.8028950843682762,0.7227527252481104,0.9002109675436126,0.9999692359471843,318,0.1258106753423522,0.16383200111272966,0.07201779989221802,0.3448776771002753,0.21686457565064937,0.0765972709017755,0.2,0.2,True,True,0.6299999999999999,0
R02,1835086200,71,318,0.9907861534215296,0.9907916981558377,0.09626445739019344,0.9907861534215296,0.21400000000000002,0.8066554340938116,0.7277114087076486,0.8918839552195686,1.0114927370198996,309,0.20120399652429663,0.19901441603488917,0.027433823349228434,0.2785397004144358,0.20847042215158618,0.08533764152556378,0.2,0.2,True,True,0.6599999999999998,0
R02,1835086200,72,309,0.9911389403256272,0.9911389527682437,0.14481953765905067,0.9911389403256272,0.05600000000000001,0.8091454967910924,0.7355755367585012,0.8884195879405408,1.0232518312794077,313,0.2406212310779373,0.17622479351478434,0.027781350121817136,0.3085253668047314,0.2286201412146449,0.018227117266084843,0.4,0.0,True,True,0.6899999999999997,0
R02,1835086200,73,313,0.9888597350069881,0.9888598250386312,0.1290479549492063,0.9888597350069881,0.126,0.8112484785332003,0.7316067345065844,0.8811095881079083,1.0235141992861057,315,0.09762468232510418,0.17533856913188284,0.04827918399373986,0.2823514978120059,0.20765979480710808,0.1887462719301592,0.6,0.0,True,True,0.7199999999999996,0
R02,1835086200,74,315,0.9893097746902144,0.9893100255963689,0.12089315572347986,0.9893097746902144,0.126,0.8071963201418911,0.7408162332584997,0.8863919019482602,1.035393745619102,317,0.2598729434655552,0.2481541073471358,0.04287264162423471,0.11860435840499302,0.26696636325571377,0.06352958590236761,0.6,0.0,True,True,0.7499999999999996,0
R02,1835086200,75,317,0.9929746886479305,0.9931740263275232,0.06776937915080788,0.9929746886479305,0.35,0.807796123822971,0.7363204721655882,0.8848238560558631,1.030168550282869,318,0.09431313212516845,0.29924806948901383,0.11107286976482923,0.20670044461784395,0.23535572151214443,0.053309762491000064,1.0,0.0,True,True,0.7799999999999995,0
R02,1835086200,76,318,0.9893116978735307,0.9893117167723434,0.1414777630249703,0.9893116978735307,0.05600000000000001,0.8064479306599242,0.7284614464076687,0.8867693348497513,1.0186372966234905,316,0.049462473129500556,0.1591571915186955,0.059220777034447336,0.40453320532979165,0.2521393219973722,0.07548703099019281,0.4,0.0,True,True,0.8099999999999994,0
R02,1835086200,77,316,0.9926677555662481,0.9941515761389101,0.05179835274289152,0.9926677555662481,0.42400000000000004,0.8029955867145037,0.727537430688156,0.8924967474355056,1.0151624414946434,314,0.13123820751088322,0.2481789257187723,0.06684634282981616,0.2091522316571679,0.2720217303536472,0.07256256192971315,0.8,0.2,True,True,0.8399999999999993,0
R02,1835086200,78,314,0.9919202356708937,0.9919276471231919,0.09396374213021985,0.9919202356708937,0.22400000000000003,0.8055182291573662,0.7303699511337155,0.8888007838462902,1.020147794805628,309,0.17761739974959098,0.18034378835106943,0.037485934767806726,0.32066004621195543,0.2277685557716761,0.05612427514790139,0.8,0.0,True,True,0.8699999999999992,0
R02,1835086200,79,309,0.9883673113573775,0.9883809838554404,0.08906079845555027,0.9883673113573775,0.22400000000000003,0.8022036473081853,0.7370794845182013,0.8640379966723946,1.0634004748922552,311,0.22785038676464414,0.18350206834483315,0.08499038770651443,0.33212229097269447,0.12058645605366689,0.05094841015764684,0.8,0.0,True,True,0.8999999999999991,0
R02,1835086200,80,311,0.9886929348997248,0.9886929527023496,0.14194842276706848,0.9886929348997248,0.05600000000000001,0.7985585616413136,0.7477808636130099,0.8590568482914486,1.0900481253996157,320,0.281941916508983,0.16600830728530946,0.05621644958419183,0.24460059854037333,0.20711325643146722,0.04411947164967528,0.4,0.0,True,True,0.929999999999999,0
R02,1835086200,81,320,0.989999427651909,0.9899994305154071,0.1565043947646804,0.989999427651909,0.014000000000000002,0.7890822810634164,0.753879139334252,0.8731511634623037,1.0941830874102936,318,0.2310914862736575,0.1448160939369129,0.05124818033830719,0.19160114554284732,0.36452398508524886,0.016719108823026275,0.2,0.0,True,True,0.9599999999999991,0
R02,1835086200,82,318,0.989914931400091,0.989914938162735,0.149663066031115,0.989914931400091,0.014000000000000002,0.7879541644212519,0.7519753986558622,0.8797181263256206,1.0848236307631565,313,0.1348777036040341,0.18317009958114017,0.07376468375426426,0.1856658021128201,0.2694103960477367,0.15311131490000474,0.2,0.0,True,True,0.9899999999999991,0
R02,1835086200,83,313,0.9903568785640136,0.9915045350573516,0.0538220587940576,0.9903568785640136,0.4,0.7803100772721827,0.743360896092441,0.8917463136930586,1.0682949447772208,306,0.04980334211715015,0.14834280552926649,0.0913457293224216,0.3027643810273794,0.337772342331508,0.06997139967227442,0.0,0.4,True,True,1.0199999999999991,0
R02,1835086200,84,306,0.9850913222781557,0.9894260699141483,0.04322688190756675,0.9850913222781557,0.456,0.7840314322826257,0.733091271877942,0.89906196822886,1.0400038523730355,303,0.023730257376536966,0.2618112373995914,0.05607891688762539,0.37275611225413785,0.28245142952553637,0.0031720465565720345,0.4,0.4,True,True,1.0499999999999992,0
R02,1835086200,85,303,0.9908780676484767,0.9908979257530796,0.0861101375789796,0.9908780676484767,0.22400000000000003,0.7806995785668288,0.7270889854912688,0.9091557714059739,1.0243899774649776,296,0.0706534650902985,0.17859524631031345,0.02232136077100982,0.24673923661275618,0.4267798258395563,0.054910865376065855,0.8,0.0,True,True,1.0799999999999992,0
R02,1835086200,86,296,0.9896891027209151,0.9896898042275971,0.11271204830901349,0.9896891027209151,0.126,0.7844356475442229,0.7275416991550683,0.899845460832909,1.030700860064406,289,0.1475895367295373,0.19926248423320808,0.04552125230220413,0.25178043167266473,0.2080263328376621,0.1478199622247235,0.6,0.0,True,True,1.1099999999999992,0
R02,1835086200,87,289,0.9852957147396987,0.9888729720569149,0.0447512986217912,0.9852957147396987,0.456,0.7804039981892457,0.7256059443634443,0.909860914749618,1.021895147589258,296,0.11801662707661735,0.20929640874974192,0.08186938112270079,0.19953618730198444,0.30916116285596956,0.08212023289298603,0.4,0.4,True,True,1.1399999999999992,0
R02,1835086200,88,296,0.9804764323851441,0.9841881066515258,0.044419876890219,0.9804764323851441,0.456,0.7827606364252895,0.7161877524617302,0.9188748232746562,0.9957299264619964,295,0.02327631645572623,0.30770661300258645,0.023296155148843034,0.23764594822816698,0.3609871558912498,0.04708781127342742,0.4,0.4,True,True,1.1699999999999993,0
R02,1835086200,89,295,0.9887914990616512,0.9887915270051879,0.13836049601208703,0.9887914990616512,0.05600000000000001,0.7876642438107402,0.7200426967300191,0.908758360509863,1.0059321749813732,290,0.1833041486421925,0.20003918404204124,0.006359699290111744,0.3921449347958115,0.20885509781336223,0.00929693541648058,0.4,0.0,True,True,1.1999999999999993,0
R02,1835086200,90,290,0.9908739129252319,0.9908739205973053,0.14866642743597805,0.9908739129252319,0.014000000000000002,0.7872633308232271,0.7228212510491957,0.9128556906947922,1.005793354451274,288,0.1722586144459693,0.17297604203237654,0.08700083832782163,0.26725806733841084,0.2748658311795774,0.025640606675844193,0.2,0.0,True,True,1.2299999999999993,0
R02,1835086200,91,288,0.988754063716235,0.9900807961915393,0.05265643259933407,0.988754063716235,0.41400000000000003,0.7939520611035426,0.7256786969922143,0.90458970158145,1.0104119048105307,281,0.17498135619348057,0.17185900948871635,0.14893123220450288,0.27990683806792316,0.2150978997806852,0.009223664264691869,0.2,0.4,True,True,1.2599999999999993,0
R02,1835086200,92,281,0.9848990876393022,0.9860666265605396,0.05364155921490626,0.9848990876393022,0.41400000000000003,0.7966513172329236,0.7241981934216508,0.914130731423305,0.9944451846665616,281,0.12254289098809025,0.1912745927960283,0.1310239837912214,0.15808892743263595,0.3415560479179431,0.05551355707408094,0.2,0.4,True,True,1.2899999999999994,0
R02,1835086200,93,281,0.9874819834606893,0.9878613557929137,0.06260423453626057,0.9874819834606893,0.35,0.7942325025041925,0.7379882837505682,0.8940162768436931,1.039336993195454,283,0.33690376554925916,0.18093513837397276,0.024948234705796164,0.29367184476797525,0.15649309281359272,0.0070479237894039495,1.0,0.0,True,True,1.3199999999999994,0
R02,1835086200,94,283,0.9865445739205722,0.9872410123631097,0.057763796989702194,0.9865445739205722,0.4,0.796529382518033,0.7417353103309716,0.8860443523617817,1.0509733210523302,284,0.19558050959914708,0.16291273664922154,0.14574192611465614,0.24517521537318906,0.20714851601228923,0.04344109625149694,0.0,0.4,True,True,1.3499999999999994,0
R02,1835086200,95,284,0.9882834296616593,0.9882870870706701,0.0995564470001113,0.9882834296616593,0.2,0.8033199435588787,0.7348735150234004,0.8974399171256036,1.0193390546843455,277,0.06531212761221686,0.27452956000638634,0.05225728794828461,0.27330064002709986,0.31470862593406196,0.019891758471950325,0.0,0.2,True,True,1.3799999999999994,0
R02,1835086200,96,277,0.9872067433140473,0.9872067653627592,0.14023372244613838,0.9872067433140473,0.05600000000000001,0.8032421086425121,0.7271201045516384,0.9076959254130432,0.9972850285299169,280,0.049878315992600585,0.19786451986509213,0.050720009570210764,0.2560493449466719,0.30357002901849756,0.14191778060692709,0.4,0.0,True,True,1.4099999999999995,0
R02,1835086200,97,280,0.9912842181072167,0.9912842189969242,0.16581930242434886,0.9912842181072167,0.0,0.8040108277586939,0.7407640993240565,0.8994748338932352,1.0243043380005532,278,0.3302846314585668,0.25238556251001876,0.0043493622234874576,0.1857439829548344,0.21274250510748138,0.014493955745611131,0.0,0.0,True,True,1.4399999999999995,0
R02,1835086200,98,278,0.9848700448591576,0.9848706543344674,0.11379263435926881,0.9848700448591576,0.126,0.8042070653499768,0.7426449453229343,0.8955205122910912,1.0311878972170831,280,0.17398813706350882,0.21889846967522134,0.07458339749089889,0.2485018964382198,0.22996580893589758,0.054062290396253564,0.6,0.0,True,True,1.4699999999999995,0
R02,1835086200,99,280,0.9867549300560106,0.9867612238193072,0.09522338532729703,0.9867549300560106,0.22400000000000003,0.8045555181799904,0.7474544549693418,0.8846092973721859,1.050212582657887,286,0.21177196140692714,0.18665793327960456,0.048571532692876604,0.20263112437244407,0.19320418155101868,0.15716326669712893,0.8,0.0,True,True,1.4999999999999996,0
R02,1835086200,100,286,0.9868912062168113,0.9868976598214975,0.09502484996363639,0.9868912062168113,0.21400000000000002,0.8058777892122266,0.7442211392494105,0.8961483676349673,1.0305116298857986,282,0.11424258785669697,0.1801562889911018,0.08972079365944892,0.25482846757459277,0.3179350659257029,0.04311679599245656,0.2,0.2,True,True,1.5299999999999996,0
R02,1835086200,101,282,0.990933771251432,0.9929498307091216,0.049348765761973425,0.990933771251432,0.456,0.8059766572323909,0.7404574474296733,0.9059851882097537,1.0140434032031327,280,0.10559206428416772,0.2500609994962444,0.07517991759292778,0.21539340340385038,0.2972582866914159,0.05651532853139374,0.4,0.4,True,True,1.5599999999999996,0
R02,1835086200,102,280,0.9409648976292185,0.9875252106026849,0.024313678867674552,0.9409648976292185,0.614,0.8083224270900515,0.7479871231491589,0.8931759804997383,1.036030300839352,284,0.24440685113711544,0.17448832625330093,0.06755330060455612,0.2798535718817017,0.18894655555480017,0.044751394568525636,0.2,0.6,True,True,1.5899999999999996,0
R02,1835086200,103,284,0.989153405914423,0.98941978799457,0.06543135704310532,0.989153405914423,0.35,0.8042012382774695,0.7479702989223206,0.8960858271743798,1.0379346415144086,291,0.15478164913274559,0.20035900437931203,0.0819551618330992,0.25389690432619283,0.26113722362307656,0.047870056705573795,1.0,0.0,True,True,1.6199999999999997,0
R02,1835086200,104,291,0.9905823255844127,0.9905873690905346,0.09701701048298594,0.9905823255844127,0.2,0.8055848917290444,0.7419326694836849,0.8872161249164094,1.0380631053116616,292,0.0795110688435035,0.16305968729272,0.224230555887273,0.279284925728652,0.20369440229733846,0.05021935995051303,0.0,0.2,True,True,1.6499999999999997,0
R02,1835086200,105,292,0.988819759124015,0.9888197612260646,0.15895561066243805,0.988819759124015,0.014000000000000002,0.8059745978491777,0.7546580465358397,0.8797114873190409,1.0643601101489888,294,0.31027513157923775,0.17493249007503925,0.07502831941806276,0.1870659682752222,0.2060848744713622,0.046613216181075987,0.2,0.0,True,True,1.6799999999999997,0
R02,1835086200,106,294,0.9786348459363113,0.989195475249493,0.036136822722418055,0.9786348459363113,0.526,0.8026372358883109,0.7669251442090477,0.8576240229979899,1.1141322239104787,298,0.3173322322204,0.1693225095469834,0.05457388890669089,0.2585702624300124,0.1294184220542652,0.07078268484164804,0.6,0.4,True,True,1.7099999999999997,0
R02,1835086200,107,298,0.9911869630332462,0.9911869659403397,0.15639366206056984,0.9911869630332462,0.0,0.8058459344771597,0.7706675864014086,0.8555169031440479,1.1178575887439983,304,0.21360874253516732,0.21547020134016576,0.05009127514054635,0.28526911834533636,0.21827641222928487,0.017284250409499474,0.0,0.0,True,True,1.7399999999999998,0
R02,1835086200,108,304,0.9929752532027377,0.9929810712794453,0.09589898043899558,0.9929752532027377,0.21400000000000002,0.8111211246356035,0.7638145876410489,0.857710911171857,1.0978962491310391,300,0.08350475699638459,0.16501709140276688,0.0589860065301281,0.3426617998658486,0.23872849171106927,0.11110185349380262,0.2,0.2,True,True,1.7699999999999998,0
R02,1835086200,109,300,0.9875011098517574,0.987755534369222,0.06578354262311428,0.9875011098517574,0.35,0.8124942939971921,0.7708328879511787,0.8337321720965764,1.1379242579100555,293,0.2526128711522769,0.2500392486278802,0.05140304642032742,0.2895790437015547,0.10896176020952496,0.0474040298884358,1.0,0.0,True,True,1.7999999999999998,0
R02,1835086200,110,293,0.9892207012202633,0.9892227248157958,0.1042753813059064,0.9892207012202633,0.21400000000000002,0.8200618539312712,0.7670139822504278,0.8407208858514679,1.1125123317317236,295,0.12153423371010116,0.2444679348287148,0.06201147712515103,0.2971838283333457,0.25180965482274575,0.022992871179941615,0.2,0.2,True,True,1.8299999999999998,0
R02,1835086200,111,295,0.9922331163406114,0.9922348975185841,0.10531529609267345,0.9922331163406114,0.2,0.8177226770745696,0.7781460577980782,0.8451697606529848,1.1259293230655167,299,0.306034683252147,0.2030496830495033,0.020034561944968245,0.15496746517567164,0.24260481693331845,0.0733087896443914,0.0,0.2,True,True,1.8599999999999999,0
R02,1835086200,112,299,0.9891465561810451,0.9892596060188101,0.07225267163507054,0.9891465561810451,0.326,0.816444790068768,0.7745156026321539,0.8408125149035092,1.128246985363532,306,0.12846059654974543,0.2315662999051341,0.06574744881269554,0.27001719723728185,0.20079865157911458,0.10340980591602836,0.6,0.2,True,True,1.89,0
R02,1835086200,113,306,0.9908012537421983,0.9908012880107231,0.13675247427295598,0.9908012537421983,0.05600000000000001,0.8153106064735105,0.767390744979748,0.8567312634131583,1.0986234120218097,308,0.08251153099002188,0.17494970149240835,0.13085389069147932,0.1736651053537301,0.3190712949876491,0.11894847648471131,0.4,0.0,True,True,1.92,0
R02,1835086200,114,308,0.9850154193658601,0.9879927762703283,0.04620536500621287,0.9850154193658601,0.456,0.8176587448856821,0.7702747740758472,0.837236615637788,1.1251887359904325,309,0.20316957931358282,0.19749670434067818,0.039050965419475614,0.41054170485938085,0.13089239282972745,0.01884865323715508,0.4,0.4,True,True,1.95,0
R02,1835086200,115,309,0.9870456001137415,0.9897347350008265,0.04702985365249049,0.9870456001137415,0.456,0.8154004899248745,0.7602080455797879,0.8535129540740092,1.0923237503366248,313,0.04308762759666421,0.2652629762074922,0.023362477719215263,0.29565453250622986,0.3674718766293754,0.00516050934102313,0.4,0.4,True,True,1.9799999999999998,0
R02,1835086200,116,313,0.9880218449488445,0.9889574004924375,0.05542811956900901,0.9880218449488445,0.41400000000000003,0.8193126588335787,0.761213348578716,0.8519617091835083,1.0905275817708382,310,0.17519631597396887,0.182660213801026,0.04294069278926395,0.2959115200443093,0.2190002525845004,0.08429100480693134,0.2,0.4,True,True,2.01,0
R02,1835086200,117,310,0.9884207396467971,0.9884251489567356,0.09806931764614232,0.9884207396467971,0.21400000000000002,0.8214631815730203,0.7557927535014459,0.8515326390695239,1.0804715145784536,308,0.09550090439582073,0.1689633184600134,0.10359131159346636,0.3310327125212643,0.2238355040218321,0.07707624900760301,0.2,0.2,True,True,2.04,0
R02,1835086200,118,308,0.9838407128081536,0.9876044684009585,0.04433654295024683,0.9838407128081536,0.456,0.8150532849619866,0.746566745519062,0.8640338599608781,1.0601123085901663,307,0.04454537115860424,0.1998096399812587,0.11278799136085718,0.24023127500373248,0.28827242399153286,0.11435329850401466,0.4,0.4,True,True,2.0700000000000003,0
R02,1835086200,119,307,0.9865085638706249,0.9865085657092139,0.16000295293758537,0.9865085638706249,0.014000000000000002,0.8162683683278883,0.7404368532153832,0.8674423480148798,1.0457176514769622,297,0.07748056215342954,0.17611128953302457,0.15974801135871194,0.27087077632508644,0.24905937025044758,0.06672999037930005,0.2,0.0,True,True,2.1000000000000005,0
R02,1835086200,120,297,0.9731058930977423,0.9881759103837991,0.033298216033372456,0.9731058930977423,0.55,0.8214041411482285,0.7422981008973111,0.8806981132133919,1.0261111232845357,293,0.17353862928371255,0.20305479794063214,0.0170343728832291,0.22504277048839239,0.35615157564951133,0.025177853754522472,1.0,0.2,True,True,2.130000000000001,0
R02,1835086200,121,293,0.986070324391536,0.9860717134374057,0.10724503361419033,0.986070324391536,0.2,0.8181005162135643,0.7343148321760873,0.8926283018920527,1.0055530351087492,291,0.051645454045522315,0.16164066895248227,0.09511127026891311,0.3406893252764714,0.31796139680416935,0.032951884652441414,0.0,0.2,True,True,2.160000000000001,0
R02,1835086200,122,291,0.9896845243293395,0.9896855880995865,0.10939788264664688,0.9896845243293395,0.2,0.8168082085210784,0.7439101402164462,0.8728951632915598,1.0433698863093066,292,0.26638812061454065,0.16996971699650126,0.08202644985657798,0.29366538226793826,0.14764845794356227,0.04030187232087967,0.0,0.2,True,True,2.1900000000000013,0
R02,1835086200,123,292,0.9866699193489837,0.9866725639313132,0.10212442162460525,0.9866699193489837,0.2,0.8132734639037977,0.7397464441199135,0.8710199606108232,1.0442829242110314,295,0.10039763642862097,0.2761436506314684,0.10654821686558313,0.23537151862336858,0.2270715682420967,0.05446740920886226,0.0,0.2,True,True,2.2200000000000015,0
R02,1835086200,124,295,0.9896426323687412,0.9896688953988382,0.08387501917975425,0.9896426323687412,0.256,0.811805170930936,0.7384524006192354,0.8839179645497409,1.0291027361081577,300,0.13366598381647057,0.2000079479329037,0.06370714775234858,0.22204228115829902,0.3299982107130478,0.05057842862693041,0.4,0.2,True,True,2.2500000000000018,0
R02,1835086200,125,300,0.9882419726954585,0.988242258240302,0.11985516201309493,0.9882419726954585,0.126,0.8094972862842339,0.7353581302874216,0.8847028112570253,1.0268005531410913,302,0.11035437123934895,0.1790361654335259,0.12677662949230883,0.25621929183400405,0.24588321581129255,0.08173032618951978,0.6,0.0,True,True,2.280000000000002,0
R02,1835086200,126,302,0.988169104825478,0.988469215045872,0.06447472049950795,0.988169104825478,0.35,0.8054169710034723,0.7276683770811192,0.8935192766892307,1.011134197851425,304,0.050976916350859325,0.1895917848189691,0.09386322507754796,0.2972445761866738,0.28643373278953965,0.08188976477640998,1.0,0.0,True,True,2.3100000000000023,0
R02,1835086200,127,304,0.9882638207946248,0.9882638233119871,0.15751594220341272,0.9882638207946248,0.014000000000000002,0.8035866711500114,0.721813787358947,0.9041673490203076,0.9934445435016802,307,0.0691103641485468,0.18404754309015006,0.06348934067187602,0.23599926329859602,0.4038231396985169,0.043530349092314055,0.2,0.0,True,True,2.3400000000000025,0
R02,1835086200,128,307,0.9648689530649449,0.9909769013444184,0.028946425985055778,0.9648689530649449,0.55,0.8039212195041994,0.7331886132029528,0.8907981809095517,1.0238183236551066,305,0.2808189401494147,0.23528577567554784,0.06093636269559928,0.2273272306005295,0.18523783395637394,0.010393856922534932,1.0,0.2,True,True,2.3700000000000028,0
R02,1835086200,129,305,0.9884280965014748,0.9909824283967026,0.04744925948331334,0.9884280965014748,0.456,0.7960944978365154,0.7422439547036832,0.8999744175530747,1.0359812190934812,297,0.2589346520109755,0.14728774584966314,0.027271871419843812,0.2366057425569618,0.2912802736723912,0.03861971449016459,0.4,0.4,True,True,2.400000000000003,0
R02,1835086200,130,297,0.9873677385386016,0.9883949488182833,0.0546796311960258,0.9873677385386016,0.4,0.795440508550334,0.7356244607524066,0.9032433055236382,1.0238673789531048,296,0.06865879729884444,0.18090458183579083,0.14048046737303393,0.2760379980822324,0.26633164862935493,0.0675865067807435,0.0,0.4,True,True,2.4300000000000033,0
R02,1835086200,131,296,0.9873380833465752,0.9873459183015998,0.09348455803874337,0.9873380833465752,0.21400000000000002,0.7985708718760843,0.7487422811349841,0.9031384084327488,1.038160691448468,292,0.3112380427524729,0.1950715774265659,0.011061513701262,0.20679031997439096,0.2510971673073722,0.02474137883793597,0.2,0.2,True,True,2.4600000000000035,0
R02,1835086200,132,292,0.988639604213443,0.9900768263378443,0.052019650115770914,0.988639604213443,0.41400000000000003,0.8001933705080915,0.7550942919319742,0.8808307148377295,1.0713066187302824,287,0.2348640606717419,0.16747391167031847,0.046104092803732184,0.29805910416866943,0.1400307362412777,0.11346809444426037,0.2,0.4,True,True,2.4900000000000038,0
R02,1835086200,133,287,0.9714401180799918,0.9921886500507873,0.030785094560958817,0.9714401180799918,0.55,0.794765544502473,0.7559579205430461,0.8788530347969351,1.082286731358486,288,0.1702292900958829,0.2543208908439424,0.06029421775463992,0.2754145820139327,0.23052695721489283,0.00921406207670933,1.0,0.2,True,True,2.520000000000004,0
R02,1835086200,134,288,0.9876616925059776,0.9908144304331444,0.04577246889997654,0.9876616925059776,0.456,0.7980186429704974,0.7532993439852131,0.8846007050272725,1.067105284919683,279,0.12674149336649151,0.21475945757765505,0.01661252381639726,0.3728217845084879,0.2681648685501544,0.0008998721808139287,0.4,0.4,True,True,2.5500000000000043,0
R02,1835086200,135,279,0.9923641237131458,0.992364125072875,0.16245171818574713,0.9923641237131458,0.0,0.7947020773618025,0.7433084735535426,0.8896727841410079,1.051318798612352,283,0.03342620959487611,0.27100153673694316,0.08215063949449371,0.32623152304797176,0.2676607480823134,0.01952934304340177,0.0,0.0,True,True,2.5800000000000045,0
R02,1835086200,136,283,0.9888499995662736,0.9908183921508452,0.04952212585048643,0.9888499995662736,0.42400000000000004,0.7875142265698962,0.7516941771205388,0.8855455049621705,1.0778836765367943,281,0.25688909055841647,0.17586558475107472,0.06881696481280063,0.2741914477461636,0.22419999617631714,3.6915955227579065e-05,0.8,0.2,True,True,2.6100000000000048,0
R02,1835086200,137,281,0.9865504094030515,0.9865621104636172,0.09028557490980166,0.9865504094030515,0.22400000000000003,0.7889927289344564,0.7533501252167202,0.8959744395868267,1.0656835048169762,277,0.17800821190260496,0.18419635514750232,0.06592576453534596,0.22137967666227246,0.29491742560436585,0.05557256614790851,0.8,0.0,True,True,2.640000000000005,0
R02,1835086200,138,277,0.9662583041654609,0.9897172906004549,0.029787919524563004,0.9662583041654609,0.55,0.7909808256175905,0.7471544763345092,0.8985757948469126,1.0512105993770506,280,0.08089821723281274,0.23121506989114532,0.05594352205681876,0.31089801753649676,0.2609939960938433,0.06005117718888317,1.0,0.2,True,True,2.6700000000000053,0
R02,1835086200,139,280,0.986491886261178,0.9879017827833464,0.05215494430427716,0.986491886261178,0.41400000000000003,0.7827047892159119,0.7524968930038097,0.9060660102394306,1.0610769518807108,279,0.22125175607532582,0.14975947277833113,0.07874632404715248,0.25289185667721065,0.2867389743860459,0.010611616035934105,0.2,0.4,True,True,2.7000000000000055,0
R02,1835086200,140,279,0.9731502900157591,0.9893712147156845,0.03272201787614785,0.9731502900157591,0.526,0.7830208139669235,0.7461801085660911,0.9013760007100219,1.0572175658211016,280,0.07885075265589783,0.21625486131706756,0.11868815383426798,0.3080802102361913,0.2295829574726721,0.048543064483903046,0.6,0.4,True,True,2.7300000000000058,0
R02,1835086200,141,280,0.984919484042103,0.986867320610029,0.04957388465806866,0.984919484042103,0.41400000000000003,0.7861885874802957,0.7460323476165146,0.9112384006390197,1.0413552487837654,279,0.15201555598410146,0.16448946361232425,0.060186943090905186,0.2511653627152959,0.32375578075361683,0.048386893843756267,0.2,0.4,True,True,2.760000000000006,0
R02,1835086200,142,279,0.9876832030841947,0.9914283521397084,0.04440675296623249,0.9876832030841947,0.456,0.7887233080717851,0.7353716363051123,0.9152131010084849,1.0187320544070972,276,0.02051132586779186,0.4473461273419084,0.0014368097697586685,0.2509837387370719,0.2754927021668357,0.004229296116633542,0.4,0.4,True,True,2.7900000000000063,0
R02,1835086200,143,276,0.9875687917938673,0.9883652342123311,0.056704809931746605,0.9875687917938673,0.4,0.7919200923789096,0.7411786224592773,0.8963440571866105,1.0441593440888355,273,0.2196945996177593,0.18990635898956365,0.04022917518331089,0.3152447946223633,0.1632613313948707,0.07166374019213204,0.0,0.4,True,True,2.8200000000000065,0
R02,1835086200,144,273,0.9900110527257374,0.9900379539167943,0.0836868790608135,0.9900110527257374,0.256,0.7953220871624113,0.7442935322040815,0.8919964509247325,1.0491511840102306,262,0.1896730108471001,0.27289626161599384,0.12031082791191597,0.1820859226985859,0.22643399728391542,0.00859997964248898,0.4,0.2,True,True,2.8500000000000068,0
R02,1835086200,145,262,0.9855832680593767,0.9855873413315617,0.0986774385489129,0.9855832680593767,0.21400000000000002,0.796748930129097,0.744456212301536,0.9027968058322592,1.0349697477853699,257,0.1547169588457336,0.21531928258170682,0.046383556723766046,0.21369688441602658,0.3015162690629592,0.06836704836980781,0.2,0.2,True,True,2.880000000000007,0
R02,1835086200,146,257,0.992675678716727,0.9926802501963765,0.09781600389511483,0.992675678716727,0.22400000000000003,0.7988788629551747,0.7448568631690934,0.9125171252490333,1.0217646411043335,257,0.15779326853292686,0.1943941286969909,0.03286580265941798,0.2448157065938057,0.31726990566098895,0.05286118785586967,0.8,0.0,True,True,2.9100000000000072,0
R02,1835086200,147,257,0.9898389956086522,0.9908308020035168,0.054978416113363376,0.9898389956086522,0.41400000000000003,0.7979266838581904,0.7382356047227554,0.92126541272413,1.0042624668474718,250,0.07026980890145881,0.164745276442693,0.10116906905564657,0.20073577914315657,0.3570135916064042,0.10606647485064088,0.2,0.4,True,True,2.9400000000000075,0
R02,1835086200,148,250,0.9858927650966233,0.989649104231013,0.04436870639974028,0.9858927650966233,0.456,0.795019473246901,0.7417707751889335,0.9106724081279507,1.0245420173699509,250,0.1930868837789485,0.281494246026368,0.001107675932509994,0.19623839213502814,0.20766768338116873,0.12040511874597673,0.4,0.4,True,True,2.9700000000000077,0
R02,1835086200,149,250,0.9870092323362255,0.9870232545738248,0.0888487999325657,0.9870092323362255,0.256,0.7957751029999148,0.7414269682673296,0.8964522988539811,1.0393237366072061,244,0.146809147973034,0.2288692221287534,0.14947540046194388,0.27773769643658386,0.1842356576941273,0.012872875305557651,0.4,0.2,True,True,3.000000000000008,0
R02,1835086200,150,244,0.9867772297913504,0.989950021478016,0.04571504966743859,0.9867772297913504,0.456,0.7982222115202595,0.73694607953806,0.906807068968583,1.0181154018519678,239,0.09488074605121224,0.20452953429709458,0.032269216516920364,0.2625760681800298,0.34659146560837384,0.05915296934636906,0.4,0.4,True,True,3.0300000000000082,0
R02,1835086200,151,239,0.9908337336583206,0.990987910973829,0.06979675741700843,0.9908337336583206,0.326,0.7974721821241322,0.7357279319846074,0.9161263620717247,1.0070390726432823,236,0.13286445529313026,0.19263576928533996,0.11512901964669023,0.19749308524702278,0.31272808728266377,0.04914958324515297,0.6,0.2,True,True,3.0600000000000085,0
R02,1835086200,152,236,0.9867372970709637,0.9867384275315926,0.10889012482791417,0.9867372970709637,0.2,0.8029161395058868,0.726317153861326,0.9245137258645523,0.978459265493902,232,0.02969523094936235,0.16836484498841373,0.12381964231228723,0.23795974254694122,0.32044731375338203,0.11971322544961346,0.0,0.2,True,True,3.0900000000000087,0
R02,1835086200,153,232,0.9858787379235252,0.9860960084254715,0.0670267436277601,0.9858787379235252,0.35,0.8026670936053522,0.7170706946851871,0.9211548600195719,0.9698260994091454,227,0.025867481461593386,0.18963532543195363,0.07448669683627487,0.34539438611467155,0.24546253370737428,0.1191535764481323,1.0,0.0,True,True,3.120000000000009,0
R02,1835086200,154,227,0.9809918945713818,0.9811139851508893,0.07157445250682107,0.9809918945713818,0.326,0.8024043070937444,0.7160474340355468,0.9241717798438651,0.9655968462767078,230,0.12287842605773869,0.2509085955342823,0.07742707262248538,0.19458979245172345,0.27566202913125176,0.07853408420251837,0.6,0.2,True,True,3.1500000000000092,0
R02,1835086200,155,230,0.9758307120498474,0.9856695027436979,0.036671972282516174,0.9758307120498474,0.526,0.8026108132145451,0.7168796592950278,0.9236105186233262,0.9670576863794806,229,0.14543246201572968,0.18800699452533134,0.08367796402766796,0.2507565686390416,0.25927958381923827,0.07284642697299114,0.6,0.4,True,True,3.1800000000000095,0
R02,1835086200,156,229,0.9832004357278618,0.9838732623761967,0.05801115302510215,0.9832004357278618,0.41400000000000003,0.8014896406776036,0.7229853285067785,0.9137470066643006,0.9872010385534336,225,0.21187065220627602,0.166046567412842,0.05607562096984074,0.28193310628780544,0.21248769951653537,0.0715863536067004,0.2,0.4,True,True,3.2100000000000097,0
R02,1835086200,157,225,0.9816033362722612,0.9820553831561623,0.061162168052570916,0.9816033362722612,0.41400000000000003,0.8081777427786532,0.7224506905621195,0.9160869122302648,0.9758086108356505,217,0.132682856008499,0.1743588563600554,0.09532943046153007,0.3033407345555855,0.2685730311619714,0.025715091452358604,0.2,0.4,True,True,3.24000000000001,0
R02,1835086200,158,217,0.9848181125659409,0.988330438918602,0.04489274126890555,0.9848181125659409,0.456,0.8001462834327119,0.7327465942059063,0.9125615585286891,1.0035112508240165,216,0.26773047714865866,0.15803915481043712,0.010788445116105385,0.29192681361730816,0.2404166876072539,0.031098421700236863,0.4,0.4,True,True,3.2700000000000102,0
R02,1835086200,159,216,0.9798832316504192,0.9817537817918154,0.04985480896182713,0.9798832316504192,0.456,0.791891452697043,0.7398952538590903,0.9213054026758203,1.0141471350997258,223,0.23482486704349162,0.18349043874607557,0.05680667623478847,0.1669638663992267,0.30552016267375753,0.05239398890266009,0.4,0.4,True,True,3.3000000000000105,0
R02,1835086200,160,223,0.9841289527946597,0.9841336674564937,0.09750168326194564,0.9841289527946597,0.2,0.7886282657121426,0.7396946936102162,0.9103760461735307,1.0302896625041142,221,0.14742753055100524,0.2685295330404016,0.033891686256124896,0.34042036906475504,0.2060059188264625,0.003724962261250809,0.0,0.2,True,True,3.3300000000000107,0
R02,1835086200,161,221,0.9873909237209524,0.9881563920948931,0.057018879550729366,0.9873909237209524,0.4,0.7876995889560352,0.7515595747495358,0.9019903205288344,1.057793553859167,227,0.29812019774788007,0.2927182816632498,0.04265220658470083,0.1354718541416874,0.21325939486328357,0.017778064999198324,0.0,0.4,True,True,3.360000000000011,0
R02,1835086200,162,227,0.9869945861606563,0.9873722353744988,0.06263652949543645,0.9869945861606563,0.35,0.7857839833134367,0.7442868772353219,0.9052335254627315,1.0463489909083743,232,0.06631601529078628,0.16733512309201068,0.17367383274608023,0.26084266137208983,0.26721118493390233,0.06462118256513066,1.0,0.0,True,True,3.3900000000000112,0
R02,1835086200,163,232,0.9836930419800715,0.9848855216205655,0.05346376826895736,0.9836930419800715,0.4,0.7854061639021319,0.7542555690442645,0.9032957550661247,1.0631492835162808,230,0.2772879458838577,0.22715178155167182,0.044729617717444214,0.18023367781696278,0.24292791074833162,0.027669066281731918,0.0,0.4,True,True,3.4200000000000115,0
R02,1835086200,164,230,0.9881228310652123,0.9881264959823903,0.09953882921790935,0.9881228310652123,0.22400000000000003,0.7855455358006307,0.7488086798245711,0.9084126304108856,1.049340272810261,231,0.09082361540649805,0.2460199361107056,0.028132471550533604,0.3185353639726314,0.2772322542568668,0.03925635870276462,0.8,0.0,True,True,3.4500000000000117,0
R02,1835086200,165,231,0.9808380595798176,0.983122016956442,0.048276450629942895,0.9808380595798176,0.456,0.7928171423897289,0.7380733467912248,0.9134783553352271,1.01912681592304,233,0.021313761973528963,0.280533760751805,0.025309732394288673,0.38089587880535675,0.2795349398271504,0.012411926247870126,0.4,0.4,True,True,3.480000000000012,0
R02,1835086200,166,233,0.9810892465853913,0.9851568650673425,0.04369876740380554,0.9810892465853913,0.456,0.8006486920132273,0.7284148329768018,0.9221305198017045,0.9866074403083904,234,0.028064419064227596,0.3565302973392969,0.0003071877153152708,0.23627137776028062,0.34720022906410686,0.031626489056772795,0.4,0.4,True,True,3.510000000000012,0
R02,1835086200,167,234,0.9867487309194667,0.9867487318170244,0.16571287161738665,0.9867487309194667,0.0,0.7993029182511229,0.7234404211351068,0.9249984182727606,0.9784764600383649,238,0.08057912258931292,0.24934489318586286,0.0528863642805955,0.25548349997778985,0.2754047522561333,0.08630136771030557,0.0,0.0,True,True,3.5400000000000125,0
R02,1835086200,168,238,0.9861040073346883,0.9861095667591137,0.0962056903377394,0.9861040073346883,0.2,0.8023264393748125,0.7197126005746849,0.9225409538262259,0.9723493936964128,237,0.09305250620416873,0.15589371445263323,0.056574461869262564,0.36120451406228754,0.2502118869037069,0.08306291650794102,0.0,0.2,True,True,3.5700000000000127,0
R02,1835086200,169,237,0.9865322422804471,0.9865511766516639,0.08645430762820332,0.9865322422804471,0.256,0.7953941987752168,0.7304543785382687,0.9267855808896504,0.9909036068817653,237,0.2715925999039754,0.15323133745115955,0.017360593738491026,0.25677621815162693,0.2824936122302352,0.018545638524511927,0.4,0.2,True,True,3.600000000000013,0
R02,1835086200,170,237,0.9806750779124204,0.9806813330475084,0.09522319371702745,0.9806750779124204,0.21400000000000002,0.7976329371499182,0.72896269765229,0.9231014674696082,0.9900400982886691,239,0.12538797551168498,0.17725644380444416,0.02407059853000425,0.30107777107830175,0.24497222334461458,0.12723498773095018,0.2,0.2,True,True,3.630000000000013,0
R02,1835086200,171,239,0.9871489779870994,0.9871490142257484,0.13627811823572913,0.9871489779870994,0.05600000000000001,0.7969248387516435,0.7263485839785465,0.9220841177083648,0.9884556526119128,245,0.11042526511088709,0.2317093915931272,0.09937942708627627,0.2801702862417022,0.2564639849285873,0.021851645039419984,0.4,0.0,True,True,3.6600000000000135,0
R02,1835086200,172,245,0.988078867554213,0.9880794822998694,0.11374998944074194,0.988078867554213,0.126,0.8035085989138083,0.7263795043820727,0.9298757059375283,0.9721832882987568,245,0.14185437003066792,0.19929379312314713,0.021261239093983135,0.26691998268857553,0.34601594528865015,0.02465466977497609,0.6,0.0,True,True,3.6900000000000137,0
R02,1835086200,173,245,0.9752478877076819,0.9871949524844922,0.03513881102075801,0.9752478877076819,0.526,0.8034079211624626,0.7318023284645693,0.9279514139180706,0.9815952312309982,245,0.2092724912700035,0.2528671876376676,0.06276489882414917,0.18709091740291164,0.2553163928714753,0.03268811199379286,0.6,0.4,True,True,3.720000000000014,0
R02,1835086200,174,245,0.9926440596503227,0.9926497977038388,0.0960065690473344,0.9926440596503227,0.21400000000000002,0.8022746127309204,0.7322550840577295,0.9140457378055903,0.9985536839418486,255,0.15053590020485888,0.2781089275328927,0.06514654528073048,0.27401457473504015,0.1944473263966338,0.03774672584984399,0.2,0.2,True,True,3.750000000000014,0
R02,1835086200,175,255,0.9899766654033364,0.9901387630846592,0.06939116753716557,0.9899766654033364,0.326,0.8000709938506573,0.7256226602435527,0.9039294235355415,1.0033392176876506,255,0.06225412985887026,0.23934323539293204,0.12678129573677827,0.2841245107140946,0.20644129755255106,0.08105553074477388,0.6,0.2,True,True,3.7800000000000145,0
R02,1835086200,176,255,0.9897896674144417,0.9897897007439578,0.13696550510257563,0.9897896674144417,0.05600000000000001,0.7856032249592456,0.739341527231375,0.8956271354776717,1.0507867779800104,254,0.3190914956951308,0.1371252195017056,0.05138778246681748,0.2654496963018958,0.21045327147842174,0.016492534556028608,0.4,0.0,True,True,3.8100000000000147,0
R02,1835086200,177,254,0.986542796768262,0.9865475397625819,0.09747349129326839,0.986542796768262,0.21400000000000002,0.7866513137411109,0.746516533043498,0.9005802562009377,1.0537430825507415,252,0.2392760271711456,0.21535487832012637,0.06101663729453285,0.12645775719134128,0.2725791713551662,0.08531552866768774,0.2,0.2,True,True,3.840000000000015,0
R02,1835086200,178,252,0.983256774577424,0.9869460413117203,0.044490352709232545,0.983256774577424,0.456,0.7916900656916968,0.7371734686435651,0.9105222305808439,1.0226427582694801,253,0.037284528153026034,0.23469095040617946,0.03723059916431369,0.2828413070885225,0.3032167061062792,0.1047359090816791,0.4,0.4,True,True,3.870000000000015,0
R02,1835086200,179,253,0.9895853760576778,0.989785916114723,0.06769430790721244,0.9895853760576778,0.326,0.7898134653878902,0.7333883502939926,0.9194700075227595,1.009884963548805,251,0.1009194385325725,0.17876971413236625,0.061190203006796964,0.2689177622524255,0.3246555812063162,0.06554730086952248,0.6,0.2,True,True,3.9000000000000155,0
R02,1835086200,180,251,0.9818821802489545,0.9848770406849063,0.046133563108151324,0.9818821802489545,0.456,0.7940113004897099,0.7233189943920839,0.9255455551611518,0.9842499171952054,252,0.02000077015988665,0.33729429785656456,8.981837599110262e-05,0.32321806972937395,0.2901127419533412,0.029284301924842642,0.4,0.4,True,True,3.9300000000000157,0
R02,1835086200,181,252,0.9852600557606114,0.9852600597678252,0.15379119585836318,0.9852600557606114,0.014000000000000002,0.7904692693773504,0.7339190337549752,0.926787406394624,1.0018046344976195,264,0.2720748635311935,0.17256991993281065,0.07943296576897015,0.15852780555853022,0.2689820337479368,0.04841241146055863,0.2,0.0,True,True,3.960000000000016,0
R02,1835086200,182,264,0.9870798864442778,0.9872256615048128,0.07021255112685622,0.9870798864442778,0.326,0.7898580273524805,0.737644676958799,0.9042509657266241,1.0327832725320734,263,0.19276993614465637,0.22583635517202813,0.07439469841371996,0.314547364212465,0.15071149985731289,0.04174014619981769,0.6,0.2,True,True,3.990000000000016,0
R02,1835086200,183,263,0.9842200250904892,0.9842217951172053,0.10530074260478463,0.9842200250904892,0.2,0.792772525747675,0.7401609159049712,0.9101111162463345,1.0258482896088235,262,0.17998090992640275,0.25384455010789214,0.017569695406209278,0.09189160825857391,0.2814262354618638,0.17528700083905824,0.0,0.2,True,True,4.0200000000000164,0
R02,1835086200,184,262,0.9862808797798726,0.9875786888252517,0.052811743749959894,0.9862808797798726,0.41400000000000003,0.7947964230785014,0.7483318727253633,0.9120630412074048,1.032317956090842,257,0.25223753269550775,0.19680066046145536,0.03934178682455292,0.19650652169292215,0.2648151829285187,0.050298315397042985,0.2,0.4,True,True,4.050000000000017,0
R02,1835086200,185,257,0.9852681448009133,0.9852681492807869,0.15290372347581885,0.9852681448009133,0.014000000000000002,0.801646440748426,0.7375156677888945,0.9208567370866643,0.9990709069110016,250,0.020004858747493092,0.21977786219613094,0.09474999017990192,0.23489130157524063,0.4304339656954411,0.0001420216057922446,0.2,0.0,True,True,4.080000000000017,0
R02,1835086200,186,250,0.984446612552979,0.9844466161768761,0.1545849764003096,0.984446612552979,0.0,0.8010143988463619,0.7281840004949567,0.9130112648521673,0.9956912109629504,253,0.031801451193836094,0.19549749212623332,0.0016040147861885044,0.43226776118699256,0.2212010073708476,0.11762827333590178,0.0,0.0,True,True,4.110000000000017,0
R02,1835086200,187,253,0.9890010904152241,0.9890072751930515,0.09538053077802397,0.9890010904152241,0.21400000000000002,0.8007217266131237,0.7361652348401304,0.8832400001564213,1.0409142698685492,254,0.2423804296240191,0.2065459738279388,0.014474640461140687,0.28472535160563256,0.10764930894735394,0.14422429553391508,0.2,0.2,True,True,4.140000000000017,0
R02,1835086200,188,254,0.986262879364861,0.987082317393197,0.05646789579163352,0.986262879364861,0.4,0.8036486545787955,0.7261959513982089,0.8939685267822515,1.010800323331234,253,0.02298722875106317,0.37407802752986435,0.03697965344289229,0.2534787310496348,0.29526263320736157,0.017213726019183858,0.0,0.4,True,True,4.170000000000018,0
R02,1835086200,189,253,0.9864588374926987,0.9867132965217954,0.0657740593764936,0.9864588374926987,0.326,0.800974909430748,0.7341790204962552,0.8865919527759017,1.0338541445432825,257,0.241160833349459,0.242302432585204,0.05509293680618991,0.21609229288187456,0.2101013933593771,0.03525011101789554,0.6,0.2,True,True,4.200000000000018,0
R02,1835086200,190,257,0.9863554217747144,0.9863621416514148,0.09469869591679851,0.9863554217747144,0.22400000000000003,0.8018948454695802,0.7409633178974329,0.8979327574983116,1.0290476166217468,254,0.23116560532488017,0.1832629767200514,0.03227339997651457,0.11660836245957507,0.3851763765400828,0.051513278978895856,0.8,0.0,True,True,4.230000000000018,0
R02,1835086200,191,254,0.9860932130068024,0.9860932203876869,0.14893593176152142,0.9860932130068024,0.014000000000000002,0.8070794500776777,0.7539151520025612,0.9051642886166573,1.031997798660709,250,0.35112477943077064,0.1663571615086949,0.02352481637698018,0.09978060330176293,0.28512403434088457,0.07408860504090664,0.2,0.0,True,True,4.260000000000018,0
R02,1835086200,192,250,0.9859679491666983,0.986082390674467,0.07212967288593028,0.9859679491666983,0.326,0.8117185945022753,0.7524268777664496,0.8865734719258537,1.045548236571536,248,0.1400935420502053,0.26074989755358385,0.08612429554729498,0.299478063964884,0.15962806085431028,0.05392614002972144,0.6,0.2,True,True,4.290000000000019,0
R02,1835086200,193,248,0.9892504726606106,0.9920800586972535,0.046643439454622675,0.9892504726606106,0.456,0.8124241239438693,0.7639713330522135,0.8749508347862717,1.0747577908654835,250,0.30207248967608125,0.21192736441063081,0.0047995612787849916,0.2752423784543257,0.18517355026501664,0.020784655915160502,0.4,0.4,True,True,4.320000000000019,0
R02,1835086200,194,250,0.9903038985689048,0.9918714920494575,0.05134289691062591,0.9903038985689048,0.41400000000000003,0.8018348104767711,0.7703281732043001,0.884367722805941,1.0863205407109284,252,0.24444258505871552,0.14149343041157897,0.04795834220441942,0.2186826611629218,0.28455985749148244,0.06286312367088183,0.2,0.4,True,True,4.350000000000019,0
R02,1835086200,195,252,0.9854542154632736,0.9888760766943923,0.04510484464477212,0.9854542154632736,0.456,0.8038385604809795,0.7651047838377851,0.8959309505253469,1.062374265340768,254,0.10366274117125043,0.3047349130920316,4.5291197413887094e-05,0.2684730244977935,0.3192638997968452,0.00382013024466541,0.4,0.4,True,True,4.380000000000019,0
R02,1835086200,196,254,0.9875338620795533,0.9875390503563923,0.09676720617013354,0.9875338620795533,0.22400000000000003,0.7984809382323601,0.7727917102265717,0.8871065100731585,1.0909934306047377,260,0.261777069758447,0.16804516538687728,0.04867531037789349,0.2696807877789546,0.20384327300173158,0.047978393696096015,0.8,0.0,True,True,4.41000000000002,0
R02,1835086200,197,260,0.975337316452717,0.9888991040114826,0.03414343780365321,0.975337316452717,0.526,0.7946161340790673,0.7800961879233442,0.8708853483157362,1.1272747849153169,264,0.26180079010126367,0.24576739804713088,0.0036250313270932677,0.27325584702041206,0.16244744624946755,0.05310348725463255,0.6,0.4,True,True,4.44000000000002,0
R02,1835086200,198,264,0.9916371198526639,0.9917396271425263,0.07305185246848027,0.9916371198526639,0.326,0.7962545876857203,0.7848778281931795,0.8481700488164531,1.1621633653381696,264,0.23483062082503173,0.27246816726258716,0.022823807712766136,0.24727768117520016,0.12186617666145257,0.10073354636296217,0.6,0.2,True,True,4.47000000000002,0
R02,1835086200,199,264,0.9896491159875487,0.989649311866256,0.12286666725487555,0.9896491159875487,0.126,0.7970275645450577,0.7918907367304904,0.840260159879628,1.1824373760147866,261,0.26570999933712236,0.19673019530813932,0.01716398577395623,0.23064472285597248,0.1845355797241008,0.10521551700070876,0.6,0.0,True,True,4.50000000000002,0
R02,1835086200,200,261,0.985115916928512,0.9877679478253436,0.0471246155804067,0.985115916928512,0.456,0.7944205981881357,0.7810358611884853,0.8499317979678707,1.1567417243653284,267,0.046745766181492836,0.27343874533523066,0.07688061551533765,0.3246891907125483,0.26848827038102707,0.009757411874363542,0.4,0.4,True,True,4.530000000000021,0
R02,1835086200,201,267,0.986428318894471,0.9867491599467705,0.06392915555845448,0.986428318894471,0.35,0.8009115401145281,0.7744151936310203,0.8649386181710836,1.1179027527333916,265,0.09288906877449081,0.21839185215105011,0.03356969933118333,0.22423240254576882,0.3353475429079246,0.0955694342895822,1.0,0.0,True,True,4.560000000000021,0
R02,1835086200,202,265,0.9863612477200562,0.9863612533682582,0.15106786273387385,0.9863612477200562,0.0,0.7982479991404664,0.7684499449565889,0.8769401026983557,1.0977610421274306,265,0.0969438875889958,0.15789805173131682,0.13923612252543272,0.27522438496591356,0.29247673172190203,0.03822082146643909,0.0,0.0,True,True,4.590000000000021,0
R02,1835086200,203,265,0.9881652541624889,0.9881652730276348,0.1414827262766936,0.9881652541624889,0.014000000000000002,0.7934651518212801,0.7633883075965581,0.88924609242852,1.0819213241392718,267,0.10451074859748306,0.15242607520312543,0.11771766273891257,0.29954472248465797,0.31752430497623646,0.008276485999584693,0.2,0.0,True,True,4.620000000000021,0
R02,1835086200,204,267,0.9877345214870504,0.9879432080983681,0.0673625072608451,0.9877345214870504,0.326,0.7937149085595616,0.76502689938271,0.8933447291815066,1.0789295518687916,266,0.18510008957474725,0.16490783127635408,0.11888797228716357,0.16943791155518792,0.2651162299791929,0.09654996532735435,0.6,0.2,True,True,4.650000000000022,0
R02,1835086200,205,266,0.9861917343395739,0.9862005180285593,0.09256547110465904,0.9861917343395739,0.21400000000000002,0.796267859559233,0.7706588416021972,0.8814102109317417,1.098057042441876,260,0.23604108985778482,0.27747284117448556,0.04241560201972809,0.17277113761119003,0.1869997733419286,0.08429955599488301,0.2,0.2,True,True,4.680000000000022,0
R02,1835086200,206,260,0.9878572363193685,0.9881455730480914,0.06479068248883627,0.9878572363193685,0.35,0.7912146465218105,0.7596486517460794,0.8932691898385675,1.0748208894967524,270,0.031534402799901586,0.28325291480406745,0.0021926843621533844,0.26003858040015154,0.42254382679181574,0.00043759084191035205,1.0,0.0,True,True,4.710000000000022,0
R02,1835086200,207,270,0.9880634769810123,0.9889818092887553,0.05557622378489139,0.9880634769810123,0.4,0.7913800626020715,0.7551855752480796,0.8815264082435563,1.0825133325921685,271,0.10649195111630218,0.2529073440806729,0.08426607976598918,0.35786910361804697,0.18792068694422762,0.010544834474761098,0.0,0.4,True,True,4.740000000000022,0
R02,1835086200,208,271,0.9900117695889986,0.9900117816720647,0.1450438886068913,0.9900117695889986,0.0,0.8029754920006695,0.7590605711738222,0.8933737674192007,1.0581346759874783,259,0.20792843360183247,0.19062675025887568,0.027484513325148015,0.1562719986935424,0.3725149840861145,0.045173320034486916,0.0,0.0,True,True,4.770000000000023,0
R02,1835086200,209,259,0.9908692636376264,0.9908692672270407,0.1547128458732848,0.9908692636376264,0.0,0.7998016055089215,0.7701273665863124,0.8772767855219167,1.0975988606987352,262,0.30024779963976617,0.19579102265831158,0.027588029645568356,0.2793298388584894,0.16620197422317998,0.030841334974684442,0.0,0.0,True,True,4.800000000000023,0
R02,1835086200,210,262,0.9898710046502928,0.9898899307828105,0.0864846655090651,0.9898710046502928,0.256,0.797795842821249,0.7645051253580432,0.889549106969725,1.0772554610128946,262,0.09855158876307932,0.2642813872701675,0.014534375078407557,0.2771086975202371,0.33154450004392394,0.01397945132418465,0.4,0.2,True,True,4.830000000000023,0
R02,1835086200,211,262,0.9900459609962639,0.9912746556420889,0.053277094653050874,0.9900459609962639,0.4,0.7955533566996693,0.7695139408844918,0.9005941962727525,1.0740340147335188,264,0.22792589742938504,0.1587353134589737,0.0170767979663046,0.15097286771788318,0.35991752616143236,0.08537159726602102,0.0,0.4,True,True,4.860000000000023,0
R02,1835086200,212,264,0.988741973489591,0.992458975431471,0.04447507426985403,0.988741973489591,0.456,0.7961981131496856,0.7810382438402672,0.9064105237874905,1.0822465661826197,259,0.3360895844915631,0.17221511908110101,0.041245644814735825,0.09266311878178413,0.2793787357100662,0.0784077971207498,0.4,0.4,True,True,4.890000000000024,0
R02,1835086200,213,259,0.9446536715190226,0.9881242586473789,0.02486507648836926,0.9446536715190226,0.6,0.8029772324259357,0.7888388580526952,0.9153590017275732,1.0732319854672472,254,0.2731565800555165,0.16807916917034824,0.019401436354069698,0.20837636814265786,0.29794765159415887,0.033038794683248766,0.0,0.6,True,True,4.920000000000024,0
R02,1835086200,214,254,0.987881727940193,0.9885473620751434,0.05813443076581846,0.987881727940193,0.4,0.8012074242279063,0.784584908457673,0.9125126858075792,1.0731392377356013,257,0.12734991634515735,0.1644609629364529,0.03440873483962808,0.3680660060710474,0.24344792126381629,0.062266458543898,0.0,0.4,True,True,4.950000000000024,0
R02,1835086200,215,257,0.9890770219091999,0.9890799999075185,0.10119865500453103,0.9890770219091999,0.2,0.8015302197082347,0.778443242289116,0.9212614172268212,1.0542028081416723,253,0.10109474067908318,0.16038290559574755,0.07350099743327591,0.25274318332365237,0.31481197273206635,0.09746620023617464,0.0,0.2,True,True,4.980000000000024,0
R02,1835086200,216,253,0.9877802597878814,0.9879477674395982,0.06911220530782568,0.9877802597878814,0.326,0.8011594869838515,0.7759847317420977,0.9291352755041391,1.0424500334228974,259,0.14329564459296873,0.23461563818188308,0.07242387454730081,0.12567157443194418,0.34099951104324494,0.08299375720265821,0.6,0.2,True,True,5.010000000000025,0
R02,1835086200,217,259,0.9896436903016953,0.989678361445873,0.08166422022884566,0.9896436903016953,0.256,0.7953717374678007,0.770460670281601,0.9318012474010846,1.0395778843005825,254,0.10343968908260341,0.14726027343295223,0.14832815300228025,0.27214339021166933,0.27789749723679724,0.050930997033697585,0.4,0.2,True,True,5.040000000000025,0
R02,1835086200,218,254,0.9897443842692736,0.9898595473537413,0.0721100731417988,0.9897443842692736,0.326,0.7993907743895228,0.7709915724528875,0.9345775383641064,1.0319892183991413,254,0.17567419606708143,0.2541562298504863,0.035078126391104934,0.22980962490267645,0.27978207851565146,0.02549974427299942,0.6,0.2,True,True,5.070000000000025,0
R02,1835086200,219,254,0.9869968807311957,0.9882918575328968,0.052834880421985045,0.9869968807311957,0.4,0.799248054211739,0.774666674100432,0.9148416110654793,1.0594668573512112,256,0.21530850337736035,0.26287145629270664,0.11963873349332903,0.23192537578937375,0.16860913268891778,0.0016467983583124427,0.0,0.4,True,True,5.100000000000025,0
R02,1835086200,220,256,0.987073357440829,0.9870790371090764,0.09604318064591374,0.987073357440829,0.2,0.7976672967914119,0.765947949802305,0.9092119276268625,1.0561177617303983,263,0.06268261758618193,0.21511105519024543,0.04700469339203583,0.2769662024278809,0.22927238833965569,0.16896304306400023,0.0,0.2,True,True,5.130000000000026,0
R02,1835086200,221,263,0.9920248029239165,0.9920459589398092,0.08561538564423135,0.9920248029239165,0.256,0.7902593724987791,0.7646873543652277,0.9069179777827373,1.0669553417162465,273,0.1504600256629749,0.17352657131858748,0.07447838215460406,0.31767075852028764,0.24313621459280518,0.04072804775074074,0.4,0.2,True,True,5.160000000000026,0
R02,1835086200,222,273,0.9899821418944909,0.9903044204313397,0.06392219981775055,0.9899821418944909,0.35,0.7947811265443754,0.759304236672703,0.9002724089464769,1.061192904047378,273,0.09814062532170809,0.2397723876053677,0.004299458332332118,0.32360590836491143,0.22023114471006675,0.11395047566561392,1.0,0.0,True,True,5.190000000000026,0
R02,1835086200,223,273,0.9871807819492977,0.9871807946074874,0.1446509548094683,0.9871807819492977,0.0,0.7976247785715649,0.7528702909970374,0.9102451680518292,1.0369627134058794,275,0.08164082697461941,0.17477107378980908,0.04069948620629132,0.35392305816503966,0.3122201294642512,0.03674542539998934,0.0,0.0,True,True,5.220000000000026,0
R02,1835086200,224,275,0.986742299233196,0.986753938958252,0.09032895799820728,0.986742299233196,0.21400000000000002,0.7885187468485088,0.7542130795751094,0.9161163219027826,1.044074324454342,280,0.17482878909904792,0.14630425449852916,0.059791348192537196,0.31075040483356725,0.28447835328068166,0.023846850095636772,0.2,0.2,True,True,5.250000000000027,0
R02,1835086200,225,280,0.9871784507086441,0.9871784621216152,0.14547523264612747,0.9871784507086441,0.0,0.7918280102968717,0.7584369914083637,0.901760260496143,1.0621786156405681,280,0.21168207265012207,0.26472425773104163,0.02628018181448955,0.2888181786349255,0.1862778539181931,0.022217455251228178,0.0,0.0,True,True,5.280000000000027,0
R02,1835086200,226,280,0.9879790367419653,0.9880332013967588,0.07809982195670297,0.9879790367419653,0.256,0.7979534261684409,0.7489661830061545,0.909248021286195,1.032291379563619,277,0.04313801460261123,0.2184850175258777,0.0843921907173741,0.2926983038611231,0.28831893419833127,0.07296753909468262,0.4,0.2,True,True,5.310000000000027,0
R02,1835086200,227,277,0.9911487584096662,0.9922760635012655,0.05397067306030852,0.9911487584096662,0.41400000000000003,0.7994243368372389,0.7615178738558468,0.9028760880016169,1.0550537482536777,275,0.3209373526892956,0.20963103666814645,0.01863954844970384,0.10871442933232282,0.2227643442202072,0.11931328864032424,0.2,0.4,True,True,5.340000000000027,0
R02,1835086200,228,275,0.9759561968808127,0.9877819369498139,0.03522479198486807,0.9759561968808127,0.526,0.7986726420567682,0.7643788170507078,0.9125884792014552,1.0487328046153035,275,0.19921046109566606,0.17447142352798017,0.013772643525746036,0.2330326497233273,0.3648154935430487,0.01469732858423183,0.6,0.4,True,True,5.370000000000028,0
R02,1835086200,229,275,0.9908910181709074,0.9908910723140266,0.13311222854220545,0.9908910181709074,0.05600000000000001,0.7927857958122401,0.7734866102202468,0.9093853153158048,1.072874696568673,277,0.2790841752759297,0.15653867705395896,0.12434041882888011,0.1649237467517022,0.2402784201724755,0.03483456191705343,0.4,0.0,True,True,5.400000000000028,0
R02,1835086200,230,277,0.990410214497655,0.9904102241411111,0.1468422908148887,0.990410214497655,0.014000000000000002,0.793034662999466,0.7738946271754358,0.9053610589013563,1.0778736378500835,279,0.17602934332751716,0.217313708457788,0.007412460260525464,0.21911665209470052,0.2345713755856599,0.145556460273809,0.2,0.0,True,True,5.430000000000028,0
R02,1835086200,231,279,0.9926885049691746,0.9942147845715799,0.05157428193390805,0.9926885049691746,0.42400000000000004,0.7995929100692405,0.7705841102929989,0.9032862776804386,1.066904881473877,274,0.1298026809541865,0.17901830359693174,0.04107239607398268,0.33165457498153467,0.24230662334608957,0.07614542104727476,0.8,0.2,True,True,5.460000000000028,0
R02,1835086200,232,274,0.9878991391855594,0.9879074146510588,0.09305366718522931,0.9878991391855594,0.22400000000000003,0.7969011823481813,0.7610088134675347,0.9022016743381195,1.0584773924959001,277,0.0494238586148217,0.2761444423433685,0.03474036123288104,0.2999716346685918,0.24622012212862365,0.09349958101171343,0.8,0.0,True,True,5.490000000000029,0
R02,1835086200,233,277,0.9864613211383448,0.9904437081112646,0.04390993591462584,0.9864613211383448,0.456,0.8002034093455369,0.753099858855479,0.9119815069043076,1.0319677775720675,273,0.06426857576651339,0.1722527440037412,0.08846778365528608,0.2636841084574502,0.37041523568203805,0.04091155243497098,0.4,0.4,True,True,5.520000000000029,0
R02,1835086200,234,273,0.9845276078957969,0.9890012132663712,0.04297247193883552,0.9845276078957969,0.456,0.800617392852151,0.7519746696121514,0.9034770758475043,1.0395875106926526,276,0.1441225462430798,0.2685313562904357,0.005626623350678756,0.2238836997854787,0.2134685981681371,0.14436717616219003,0.4,0.4,True,True,5.550000000000029,0
R02,1835086200,235,276,0.974921824850247,0.9888129044638045,0.03395177550855727,0.974921824850247,0.526,0.8056005423456218,0.7499804390064285,0.9121366772441051,1.020634553336115,269,0.1325562859360587,0.26456315455651364,0.01795504859534167,0.21915340157621277,0.29503654490675624,0.07073556442911698,0.6,0.4,True,True,5.580000000000029,0
R02,1835086200,236,269,0.9891561006840173,0.9902472449879023,0.0542139030217383,0.9891561006840173,0.42400000000000004,0.806782256778686,0.7533303532933577,0.9058573124279153,1.0307879514495544,274,0.19811170296563343,0.26973925479085054,0.08898243460883311,0.18513702028679668,0.22467151454110373,0.03335807280678247,0.8,0.2,True,True,5.61000000000003,0
R02,1835086200,237,274,0.9908182570874784,0.9909698045387538,0.06993356151465278,0.9908182570874784,0.326,0.8114216503157831,0.7641996684893054,0.9101873398234351,1.034735771460877,268,0.2941979107576952,0.19441556492656195,0.06183662708438101,0.13025374592531372,0.2745787931915566,0.04471735811449149,0.6,0.2,True,True,5.64000000000003,0
R02,1835086200,238,268,0.9896495660454514,0.9906162701845415,0.05518075238419711,0.9896495660454514,0.41400000000000003,0.810275630845038,0.756562801889246,0.9121728707474402,1.0236112613938495,268,0.06966396030507213,0.28760982001588464,0.14532280131644615,0.2184384011062516,0.26502132453174304,0.013943692724602413,0.2,0.4,True,True,5.67000000000003,0
R02,1835086200,239,268,0.9886032247816485,0.9888438076635805,0.06623759090518154,0.9886032247816485,0.35,0.8066039485645247,0.7687346617947837,0.909669487114743,1.047689261212777,275,0.3283507138266805,0.20334982801045848,0.02551280275982232,0.178309756337236,0.2435695172102341,0.020907381855568674,1.0,0.0,True,True,5.70000000000003,0
R02,1835086200,240,275,0.9901488311060648,0.9911801510877913,0.05467024694656339,0.9901488311060648,0.41400000000000003,0.8090720277958312,0.7682920769510577,0.9032389182480832,1.0513238725029916,274,0.16242685307516502,0.17718600495194647,0.07468313154679343,0.30277216624383385,0.22268189922407214,0.0602499449581891,0.2,0.4,True,True,5.730000000000031,0
R02,1835086200,241,274,0.9706010013219781,0.9894425970699686,0.03153045226750892,0.9706010013219781,0.55,0.8096077164130145,0.762236060441806,0.9114889512177046,1.0329122865549536,274,0.0919823417287654,0.1719430950716153,0.0572430567136664,0.31382337119795595,0.29286962397214855,0.07213851131584832,1.0,0.2,True,True,5.760000000000031,0
R02,1835086200,242,274,0.9772284977696993,0.9909319182636971,0.034077083817697654,0.9772284977696993,0.526,0.8092519338864177,0.7536038227254983,0.9203400560959341,1.0118380863913627,272,0.05599456632228213,0.1832898536399975,0.04544449893844368,0.3643487137250841,0.3385471704302887,0.012375196943903956,0.6,0.4,True,True,5.790000000000031,0
R02,1835086200,243,272,0.9888496328841235,0.988849746033071,0.12722864746941506,0.9888496328841235,0.126,0.8131949327232234,0.7576976259442321,0.9076976830940884,1.0265025577491733,268,0.20967492943760813,0.2722736433985813,0.05544484762267602,0.1894064904261553,0.19695816303873867,0.0762419260762407,0.6,0.0,True,True,5.820000000000031,0
R02,1835086200,244,268,0.9862487233833903,0.9862524650592089,0.09935872293563999,0.9862487233833903,0.2,0.806689718196476,0.759541405410611,0.9044031505497071,1.0410770329360552,277,0.184108259544882,0.18635414077196943,0.0385970360192125,0.34156660079826756,0.23737617882513787,0.011997784040530757,0.0,0.2,True,True,5.850000000000032,0
R02,1835086200,245,277,0.9858050745735757,0.989199691318823,0.045171080090103816,0.9858050745735757,0.456,0.8072464846801558,0.7594804491818038,0.8888314019138295,1.0585004488748877,277,0.16145142552154176,0.23418325027480058,0.15894304488755345,0.25881290278952623,0.17434283209546517,0.012266544431112754,0.4,0.4,True,True,5.880000000000032,0
R02,1835086200,246,277,0.9935153207878163,0.993526249891361,0.09088484440001002,0.9935153207878163,0.21400000000000002,0.8057575510854267,0.7572044504036202,0.8864896275252234,1.0600713939412114,282,0.13372529601133198,0.19905896075986154,0.05472574449243927,0.18527559369050098,0.23270682901388465,0.1945075760319816,0.2,0.2,True,True,5.910000000000032,0
R02,1835086200,247,282,0.9794170782374275,0.9888414678914682,0.03704008394702205,0.9794170782374275,0.526,0.8078549902024422,0.7573803757590621,0.8751325499460016,1.0712893775106673,285,0.16295184844528735,0.20082280744816997,0.09473226721180372,0.33740778607462235,0.186459425866503,0.0176258649536137,0.6,0.4,True,True,5.940000000000032,0
R02,1835086200,248,285,0.9894286383212245,0.9894286603233576,0.14026845171768154,0.9894286383212245,0.05600000000000001,0.8099893207414408,0.7562045883612297,0.8775046336578141,1.063923977787199,278,0.14616539237650902,0.17962581702148966,0.07886299138900228,0.29360509722631833,0.24942669353206312,0.052314008454617526,0.4,0.0,True,True,5.970000000000033,0
R02,1835086200,249,278,0.9386607466853962,0.9864356493990677,0.024099904188697428,0.9386607466853962,0.614,0.8178497331618214,0.7564938280759732,0.8872350553716415,1.0425410877183978,267,0.16374336416006174,0.17357429901577137,0.028403941895311882,0.3359346248609107,0.287404425398044,0.010939344669900264,0.2,0.6,True,True,6.000000000000033,0
R02,1835086200,250,267,0.9893045394448802,0.9894308946445094,0.0713683464006637,0.9893045394448802,0.326,0.8165764727925325,0.7559793472829912,0.8985115498344773,1.0303609815558004,270,0.1538776326352077,0.22927228781184972,0.05658279938396591,0.15959192304740694,0.37838390971437974,0.022291447407190017,0.6,0.2,True,True,6.030000000000033,0
R02,1835086200,251,270,0.9759617993103995,0.9914792622374796,0.03309187841536261,0.9759617993103995,0.55,0.8206054626467922,0.7513445155756683,0.9068719835638477,1.009621828666964,271,0.10205169571033353,0.3107191196126276,0.051042672493568045,0.23540880947311776,0.2910579435640902,0.009719759146262712,1.0,0.2,True,True,6.060000000000033,0
R02,1835086200,252,271,0.9929578102274479,0.9929651667110533,0.09403132141972881,0.9929578102274479,0.22400000000000003,0.8218541437547264,0.7443828469582284,0.9107420993337396,0.9945032239990738,266,0.07006946451679445,0.1993489352079389,0.10231368005848812,0.2586763918844861,0.2727865706313833,0.09680495770090923,0.8,0.0,True,True,6.090000000000034,0
R02,1835086200,253,266,0.9884173338347342,0.9884232171832036,0.09577355384715008,0.9884173338347342,0.256,0.8247389719449644,0.7379773405881571,0.9127948834327068,0.9802871573794051,266,0.0726704497230007,0.2706892273134783,0.09896285191141847,0.26857294360660194,0.2656349701617057,0.02346955728379493,0.4,0.2,True,True,6.120000000000034,0
R02,1835086200,254,266,0.9885035672562957,0.9885105521724243,0.09440809401801353,0.9885035672562957,0.256,0.8154246210110359,0.7498936530637752,0.9136257300502677,1.0065782349000745,265,0.2976897438128238,0.15239025498865305,0.04689092579602642,0.1982060970179355,0.260551674804158,0.04427130358040334,0.4,0.2,True,True,6.150000000000034,0
R02,1835086200,255,265,0.9912103960670328,0.9913020041902106,0.07394316277968162,0.9912103960670328,0.326,0.816249492525054,0.7522957890106806,0.911508615804677,1.0111251864555288,268,0.1862102325011775,0.22708693166905372,0.06126645861427605,0.22196506554810072,0.2462272937971803,0.057244017870211654,0.6,0.2,True,True,6.180000000000034,0
R02,1835086200,256,268,0.9909173739828067,0.9909176839457973,0.11922352831518732,0.9909173739828067,0.126,0.8136589340573085,0.7498107288930195,0.908445368459299,1.0144027966771094,276,0.1266216166609113,0.20399436485309816,0.04067482095198043,0.3433053051755675,0.24043807117544866,0.044965821182993915,0.6,0.0,True,True,6.210000000000035,0
R02,1835086200,257,276,0.9886722052271504,0.9887064841664326,0.081746958162359,0.9886722052271504,0.256,0.8145438119638169,0.7461887031266904,0.9176008316133691,0.9983444836202611,280,0.11085638347902314,0.22239471299844513,0.03572526090714546,0.2250057493287914,0.3425880206517564,0.06342987263483853,0.4,0.2,True,True,6.240000000000035,0
R02,1835086200,258,280,0.9875398766219333,0.9875548750651407,0.08831735766413931,0.9875398766219333,0.21400000000000002,0.8127706855243029,0.739349492633015,0.9258407484520322,0.9825291784507945,284,0.06837780828323874,0.17838460384301522,0.082625563472271,0.32032502864407303,0.3051324339361734,0.04515456182122857,0.2,0.2,True,True,6.270000000000035,0
R02,1835086200,259,284,0.9885499212324312,0.9890387074767764,0.06059657605261663,0.9885499212324312,0.4,0.8098791168228275,0.7523820180013642,0.9035405114114788,1.028183374747207,283,0.3967188212014869,0.17225550305381948,0.014151759921295507,0.21259028337391975,0.15141918902324897,0.05286444342622936,0.0,0.4,True,True,6.300000000000035,0
R02,1835086200,260,283,0.9888630063671665,0.9888740620148575,0.09075584646441973,0.9888630063671665,0.256,0.8103269694265244,0.7487995813434551,0.9050132045969548,1.0210579325476552,281,0.11295830302698992,0.22598334289494681,0.05457319874839052,0.27463533688676056,0.25913372163311893,0.07271609680979328,0.4,0.2,True,True,6.330000000000036,0
R02,1835086200,261,281,0.9880056408904717,0.9880058728982809,0.12150599263585628,0.9880056408904717,0.126,0.8076732717890172,0.7533595362166317,0.8827740471964381,1.0566156092697403,284,0.21249917425436604,0.17933019507644307,0.04194836130051352,0.32445345740294845,0.1413108152958944,0.10045799666983446,0.6,0.0,True,True,6.360000000000036,0
R02,1835086200,262,284,0.9891901710427163,0.9893385106507064,0.07009074892851068,0.9891901710427163,0.326,0.8073029890001469,0.7656915594058,0.8857873587354619,1.0707493542578492,288,0.3569744551091362,0.18154384756080374,0.028394439459539095,0.1397872750337615,0.2564535812933377,0.03684640154342182,0.6,0.2,True,True,6.390000000000036,0
R02,1835086200,263,288,0.9891377586663207,0.9891377611094557,0.15776122030094727,0.9891377586663207,0.014000000000000002,0.8013192490024357,0.7624367367580123,0.8868066456680962,1.0729248387388681,295,0.12537194153127776,0.1925436750632003,0.08890540685395089,0.2953452397374723,0.24799011403090235,0.04984362278319647,0.2,0.0,True,True,6.420000000000036,0
R02,1835086200,264,295,0.9893160196253361,0.989316645992343,0.1136108747861926,0.9893160196253361,0.126,0.8056637929028853,0.7593939490916934,0.8981259811012866,1.0494844928562201,298,0.12598811464477194,0.26842146398610905,0.06090541690467944,0.20649473101379978,0.3144642169581488,0.02372605649249095,0.6,0.0,True,True,6.450000000000037,0
R02,1835086200,265,298,0.9858748713161374,0.9858784932669983,0.09961457201844905,0.9858748713161374,0.22400000000000003,0.8131710055732017,0.7714242516371088,0.8645525598105898,1.097286413453524,292,0.3349655811709951,0.16569794921053177,0.04964851561444944,0.3378533323121836,0.08119588409715899,0.030638737594680974,0.8,0.0,True,True,6.480000000000037,0
R02,1835086200,266,292,0.9885498322612973,0.9886556150881949,0.0727766820900424,0.9885498322612973,0.326,0.8148746486371147,0.7675330302247978,0.8552765388826256,1.1012849601574262,295,0.12099988961930536,0.2923356088761498,0.056177581817180786,0.34279334811678763,0.18589617526547397,0.0017973963051025272,0.6,0.2,True,True,6.510000000000037,0
R02,1835086200,267,295,0.9881572170703067,0.9881652888950146,0.0932540748354696,0.9881572170703067,0.256,0.814161480442468,0.7613907309301893,0.869748884994363,1.0752344080830598,298,0.09042940270789226,0.23779645884793918,0.039302757381212645,0.21822886948788922,0.3879604580560817,0.02628205351898484,0.4,0.2,True,True,6.540000000000037,0
R02,1835086200,268,298,0.9759625965979613,0.9879846400157147,0.03509537541980911,0.9759625965979613,0.526,0.8166915066810608,0.7580600763946261,0.8710039794849718,1.0656766414260024,297,0.12173602513682939,0.1590032578632212,0.08805664617305578,0.32805229617811676,0.24114991495022528,0.062001859698551556,0.6,0.4,True,True,6.570000000000038,0
R02,1835086200,269,297,0.9901310765367318,0.9901311005580324,0.1395751939633264,0.9901310765367318,0.05600000000000001,0.8172778471211344,0.7681303496516351,0.8839035815364746,1.0633109934435063,295,0.28716596345925266,0.1664640127890294,0.06673464714815575,0.15287095736322143,0.30646770885504604,0.02029671038529472,0.4,0.0,True,True,6.600000000000038,0
R02,1835086200,270,295,0.9885044867259154,0.9885045066767455,0.14104005514640633,0.9885044867259154,0.05600000000000001,0.8152823639874055,0.7731575778210278,0.8745746795650381,1.0843339844315847,301,0.23042182064968056,0.24527694547113757,0.09322576834812893,0.1585914219358975,0.19530728091105473,0.07717676268410063,0.4,0.0,True,True,6.630000000000038,0
R02,1835086200,271,301,0.9921243584727477,0.9921246205267781,0.12056973187678369,0.9921243584727477,0.126,0.8154882675535466,0.7623606293923744,0.8871172116085343,1.0538085971996658,306,0.03576163077997456,0.2090649697103452,0.035515120545415974,0.24251056319083172,0.3264381656995624,0.1507095500738701,0.6,0.0,True,True,6.660000000000038,0
R02,1835086200,272,306,0.9489117857807171,0.989257378326872,0.025468040022864492,0.9489117857807171,0.6,0.8180561840374323,0.7537221637326064,0.8879112364379071,1.0376684257859305,305,0.055994572623133926,0.22224391278366418,0.11930272576852326,0.3172685548449405,0.2475287299511312,0.03766150402860681,0.0,0.6,True,True,6.690000000000039,0
R02,1835086200,273,305,0.9882722372446103,0.9882722383652786,0.16395799116971915,0.9882722372446103,0.014000000000000002,0.8108362802744601,0.7523455944659422,0.8991201127941164,1.03196863274205,311,0.14136923649957678,0.1768247034774246,0.11742033490749264,0.2276338584890415,0.3319024634065682,0.004849403219896404,0.2,0.0,True,True,6.720000000000039,0
R02,1835086200,274,311,0.9903337010093067,0.9903339594628339,0.12066547805021395,0.9903337010093067,0.126,0.808836837861374,0.7444903757098098,0.9092081015147048,1.0123597463848784,312,0.05952576208955965,0.19263300954180104,0.14031155709887078,0.2473819804030961,0.3376006009355361,0.022547089931136355,0.6,0.0,True,True,6.750000000000039,0
R02,1835086200,275,312,0.9888331211960248,0.988838704216979,0.09619397565799462,0.9888331211960248,0.21400000000000002,0.8085806510154874,0.7543216246102589,0.9111040460372268,1.0239181424574368,310,0.27569709607424514,0.19249252668995256,0.06688753022586502,0.1839717910214094,0.2640837733699628,0.016867282618565033,0.2,0.2,True,True,6.780000000000039,0
R02,1835086200,276,310,0.9922340568507512,0.9929072279712605,0.05807983491391383,0.9922340568507512,0.4,0.8064328313965596,0.7567232381158268,0.9060266941507904,1.0356854547671293,309,0.18897118420100986,0.29175289735803805,0.008842897189324081,0.2218120583102147,0.23016526358643105,0.05845569935498231,0.0,0.4,True,True,6.81000000000004,0
R02,1835086200,277,309,0.9928669960368651,0.9928722086796072,0.0967727828241125,0.9928669960368651,0.2,0.8029052665408286,0.7618025810227383,0.9154240247357114,1.0364678303112596,312,0.22394381015878667,0.20127707296571576,0.0076552044887613,0.16756010934933904,0.37756817152930705,0.021995631508090353,0.0,0.2,True,True,6.84000000000004,0
R02,1835086200,278,312,0.9902180267995403,0.9902180325805702,0.1509138982045673,0.9902180267995403,0.0,0.8035613756960097,0.7599848093115714,0.8990564438679188,1.05195920910624,314,0.14090446674962553,0.17573474870051334,0.10672231632686477,0.28127929106625493,0.17587410802889292,0.11948506912784854,0.0,0.0,True,True,6.87000000000004,0
R02,1835086200,279,314,0.9920198752038313,0.992019880967732,0.15095199027172737,0.9920198752038313,0.0,0.8009115209604095,0.7540217559901619,0.909150799481127,1.0355317304200815,317,0.08795233930211231,0.1619007906546332,0.017663700624571937,0.19556609351173737,0.49025921696696106,0.04665785893998408,0.0,0.0,True,True,6.90000000000004,0
R02,1835086200,280,317,0.9913644918215695,0.992647027961209,0.05294672256889388,0.9913644918215695,0.41400000000000003,0.799208811157847,0.7552997433739793,0.9028046978553301,1.0468037350254988,324,0.17473843979156964,0.17193365999462337,0.09381130370809512,0.27465324539382,0.22284489161157922,0.062018459500312685,0.2,0.4,True,True,6.930000000000041,0
R02,1835086200,281,324,0.9909455585442835,0.990952972550854,0.09395317378699708,0.9909455585442835,0.21400000000000002,0.8008623812401658,0.759720938537506,0.8930640363862267,1.0622178647491713,317,0.21482727915282113,0.17530269486723282,0.002863020440586581,0.28877736915300023,0.20269904158214794,0.11553059480421134,0.2,0.2,True,True,6.960000000000041,0
R02,1835086200,282,317,0.9930237878586683,0.9930337431754466,0.09162375176532657,0.9930237878586683,0.22400000000000003,0.7964970077603989,0.759247139261791,0.8997392540568996,1.059454590894121,326,0.15640309563950439,0.1986417134621969,0.0691179729215701,0.24109790001356302,0.27990810654647774,0.054831211416687876,0.8,0.0,True,True,6.990000000000041,0
R02,1835086200,283,326,0.9904478463185705,0.9904485154912486,0.11309377056609242,0.9904478463185705,0.126,0.7987446660739397,0.7534646851418021,0.9097653286512096,1.0368729602073363,321,0.08974878553875851,0.20575146015504242,0.06737662629183458,0.2293601194499123,0.30362271864885426,0.1041402899155979,0.6,0.0,True,True,7.020000000000041,0
R02,1835086200,284,321,0.991629002994171,0.9926630852643855,0.05466085558034377,0.991629002994171,0.42400000000000004,0.7961611784804222,0.765791450884712,0.8782632928065629,1.095178185874218,322,0.3251159118206365,0.2220437193220275,0.06680919414512979,0.20409311622642004,0.09737248510237118,0.0845655733834151,0.8,0.2,True,True,7.050000000000042,0
R02,1835086200,285,322,0.9893339345516025,0.989334034186667,0.12824499415838522,0.9893339345516025,0.05600000000000001,0.7975759790865535,0.757887397826499,0.8689189395347944,1.0935870442321716,323,0.06731899357528356,0.33610282669889946,0.058295720468953434,0.3080268036312043,0.19240988004443904,0.03784577558122031,0.4,0.0,True,True,7.080000000000042,0
R02,1835086200,286,323,0.9912265926567635,0.9912272488943372,0.11325540145130027,0.9912265926567635,0.126,0.7956874143295622,0.7603866748310564,0.8692944567440333,1.0993224538906725,329,0.19242058619852875,0.20528761277869093,0.03831018219646526,0.26693829130381275,0.23633705581359193,0.06070627170891046,0.6,0.0,True,True,7.110000000000042,0
R02,1835086200,287,329,0.9894039353076928,0.990682020933564,0.0529586196849368,0.9894039353076928,0.4,0.7913491459180945,0.7576046578435115,0.88236501106963,1.084991209740865,337,0.12796645942509866,0.18818658454711581,0.11298179930945935,0.2253606649943337,0.30730190892625087,0.03820258279774164,0.0,0.4,True,True,7.140000000000042,0
R02,1835086200,288,337,0.9861312522874145,0.9872401590027338,0.0540611575770094,0.9861312522874145,0.41400000000000003,0.7954182183038572,0.7590181299263898,0.8725635343903778,1.0936026563111636,329,0.17867131218817373,0.3365375439289393,4.03465433777648e-05,0.2892117265943083,0.1921751221385542,0.0033639486066466377,0.2,0.4,True,True,7.170000000000043,0
R02,1835086200,289,329,0.991860793286742,0.9918608586069096,0.1316261484947645,0.991860793286742,0.05600000000000001,0.799865394223153,0.7562714671120617,0.8839044374658824,1.0696839847728177,320,0.12755304602489168,0.18083525069187104,0.03948008749009093,0.30056364736509017,0.29298628257271203,0.05858168585534431,0.4,0.0,True,True,7.200000000000043,0
R02,1835086200,290,320,0.988662457592583,0.9921503285983638,0.04497906522491357,0.988662457592583,0.456,0.7993539291756363,0.7525375757776828,0.8955139937192942,1.0512758775629691,323,0.11349602526530211,0.24030536895916854,0.09442953203002746,0.17997950334216953,0.3358320662280705,0.035957504175261897,0.4,0.4,True,True,7.230000000000043,0
R02,1835086200,291,323,0.9895015561298811,0.9895146885028524,0.0893907622558151,0.9895015561298811,0.22400000000000003,0.8042577708079164,0.7451258044806484,0.8974928424604222,1.0322938599832168,323,0.0651888436481223,0.38040660365762147,0.06047488900348668,0.22802491582126494,0.25765124056528677,0.008253507304217993,0.8,0.0,True,True,7.260000000000043,0
R02,1835086200,292,323,0.9916619120679998,0.991888463307864,0.06674041120871756,0.9916619120679998,0.326,0.8016555172954536,0.7385300307383003,0.9077435582143799,1.014885851669675,322,0.07075645602105433,0.15928049222252627,0.031994806046923716,0.32064953015066594,0.33118703415815387,0.08613168140067595,0.6,0.2,True,True,7.290000000000044,0
R02,1835086200,293,322,0.9929134402171687,0.9929404486867078,0.08367850084976022,0.9929134402171687,0.256,0.80262634414063,0.7516035292013853,0.8893315189343879,1.0529596181854015,319,0.34740598029230774,0.16168772270568924,0.05531388553095022,0.2535988639134486,0.16181158270722965,0.02018196485037462,0.4,0.2,True,True,7.320000000000044,0
R02,1835086200,294,319,0.9911452251590744,0.991154356123259,0.09229670524725048,0.9911452251590744,0.22400000000000003,0.8035031909657735,0.7539557678466464,0.9003983670409491,1.0421339959192168,319,0.1866551888166297,0.17722550929656908,0.05935937708089768,0.18767497146122894,0.32260195030365446,0.06648300304102012,0.8,0.0,True,True,7.350000000000044,0
R02,1835086200,295,319,0.9905890940323586,0.9922264595549589,0.05099910827260621,0.9905890940323586,0.42400000000000004,0.8136752430330222,0.7517647796975101,0.8958810694767978,1.0312893028329035,313,0.1313350030399504,0.26327059977092204,0.09409855716977417,0.24870141532017306,0.2276126956997181,0.03498172899946234,0.8,0.2,True,True,7.380000000000044,0
R02,1835086200,296,313,0.9905731876734148,0.9905734667259247,0.12005699195444024,0.9905731876734148,0.126,0.8095321725222916,0.7493107004808465,0.9062929625291181,1.0213138318522843,312,0.12667699710264882,0.15413716559815666,0.0004142213316293761,0.27751887816912435,0.36660185965482917,0.07465087814361183,0.6,0.0,True,True,7.4100000000000446,0
R02,1835086200,297,312,0.9891350105714481,0.9891350143182247,0.15435736007199843,0.9891350105714481,0.014000000000000002,0.8046229615148133,0.751179385713552,0.9011635563021994,1.0359710496774033,314,0.17917775320934906,0.18852914845478783,0.10140106503573648,0.25801129032401776,0.2274994501299653,0.04538129284614343,0.2,0.0,True,True,7.440000000000045,0
R02,1835086200,298,314,0.988849394472215,0.9900167065307245,0.05367492960635082,0.988849394472215,0.4,0.8064761818390686,0.7440812606219396,0.910016345657101,1.0138638268721356,304,0.06826055242581444,0.17722132444819863,0.028902824130273407,0.23364214750662973,0.2948457249256078,0.1971274265634761,0.0,0.4,True,True,7.470000000000045,0
R02,1835086200,299,304,0.988073543564489,0.9883163424982117,0.06616035770169507,0.988073543564489,0.326,0.8030162677302107,0.7440712070239223,0.9160513637204344,1.0115103482122054,309,0.15242511791349567,0.18557898990154298,0.1433460435931803,0.1898947924993628,0.28518326314521775,0.04357179294720062,0.6,0.2,True,True,7.500000000000045,0
