arm,seed,step,novelty_vector_count,h_n_latest,h_n_shape_latest,V,H_N,total_suppression,avg_wb,theta_capability,transfer_state,g,population,x_compute,x_bio_welfare,x_novelty_agency,x_institutional_capacity,x_transfer_comprehension,x_resilience,c_protective,c_suppressive,adapter_active,action_modified,adapter_score,shape_fallback_increase
H,1835086204,0,200,0.9753038529036753,0.9853235150402259,0.03652417240263597,0.9753038529036753,0.41400000000000003,0.6672385504439929,0.5234752032644915,0.5413115850567103,1.4493312690370863,205,0.2934400408061441,0.15977466889359757,0.03160770166380818,0.1274917913573287,0.2565579252835517,0.13112787199556983,0.2,0.4,False,False,0.0,2
H,1835086204,1,205,0.9832322926149143,0.9832360094674536,0.09938732494281993,0.9832322926149143,0.014000000000000002,0.6729261087762893,0.5394056500826769,0.5766235094180389,1.3901311256613607,202,0.21380258726762508,0.14871507375631848,0.11695257609277189,0.24453194378012494,0.2472154143349981,0.0287824047681613,0.2,0.0,False,False,0.0,0
H,1835086204,2,202,0.9832275004282393,0.983332245083726,0.0728122130943459,0.9832275004282393,0.22400000000000003,0.6842318461226066,0.5585794754236368,0.5848739520832074,1.39578783890849,210,0.2643013480636719,0.18012436450971256,0.05219855979610671,0.23181789213720982,0.12956396803486211,0.14199386745843684,0.8,0.0,False,False,0.0,0
H,1835086204,3,210,0.9852248770666626,0.9852907581482534,0.07651893299047205,0.9852248770666626,0.2,0.6966335909459297,0.5723009027825697,0.6263865568748866,1.3115280715990154,214,0.20813001412643464,0.17830181212693638,0.013010582331527625,0.17353013001186426,0.3085153946930351,0.118512066710202,0.0,0.2,False,False,0.0,0
H,1835086204,4,214,0.985434469190563,0.9854442305499245,0.09171929637757242,0.985434469190563,0.126,0.7145694753000735,0.5710837315109073,0.663747901187398,1.2040711967136821,214,0.029973423343325947,0.26065125478293477,0.04504325614610649,0.2538405341085711,0.32734499952528784,0.08314653209377387,0.6,0.0,False,False,0.0,0
H,1835086204,5,214,0.9861055245796283,0.9861059378533795,0.11689500753931995,0.9861055245796283,0.0,0.7243171999570508,0.5755054438834204,0.6973731110686582,1.1393454957979314,218,0.09969873685073122,0.17767541818359378,0.05601869813286195,0.32447429218664814,0.31177652176032133,0.030356332885843735,0.0,0.0,False,False,0.0,0
H,1835086204,6,218,0.9862843565240271,0.9862847006088755,0.11835491072172667,0.9862843565240271,0.05600000000000001,0.7394454842485183,0.5884657246591374,0.7167066935640743,1.1103849089651208,216,0.2091944121235998,0.20181910948084927,0.030441494123949274,0.2773065848241883,0.24535446801141003,0.03588393143600335,0.4,0.0,False,False,0.0,0
H,1835086204,7,216,0.9852572913358453,0.9852576166238712,0.11879379221512773,0.9852572913358453,0.05600000000000001,0.7501004725191746,0.5902128636728643,0.7450360242076669,1.0561168197532045,218,0.07713031558354755,0.2179543473408747,0.0356989821899246,0.2695621877681436,0.325772184749794,0.07388198236771562,0.4,0.0,False,False,0.0,0
H,1835086204,8,218,0.9884350044907096,0.9890744554865999,0.05845811321468467,0.9884350044907096,0.35,0.759922457189307,0.595134777385222,0.7705324217869002,1.0163777128265366,215,0.11790696120001222,0.17615975775451312,0.06945878526583059,0.1852649580719587,0.342662368430571,0.10854716927711433,1.0,0.0,False,False,0.0,0
H,1835086204,9,215,0.9859556924423678,0.9859557195666372,0.13857450248320252,0.9859556924423678,0.0,0.7641027009922162,0.6061564399683489,0.7714549548465113,1.0283061092431156,217,0.1972300181548501,0.21673246546966032,0.05292140732485062,0.2478124205834871,0.18987887619150548,0.09542481227564645,0.0,0.0,False,False,0.0,0
H,1835086204,10,217,0.98373967200066,0.9857131347657851,0.049460527827462866,0.98373967200066,0.41400000000000003,0.770870672918432,0.6223335713126664,0.7943094593618601,1.0163703124869765,218,0.26856191678418745,0.26053616897392995,0.036751175966493944,0.09768384793578581,0.30477080163195747,0.03169608870764549,0.2,0.4,False,False,0.0,0
H,1835086204,11,218,0.9870772105795381,0.9870772250175152,0.14360291113973053,0.9870772105795381,0.014000000000000002,0.773386161611985,0.6396878748375918,0.8133747047737478,1.0169065855201747,218,0.29338727613198456,0.2606894974806626,0.013895808573666875,0.11438796605196822,0.2924809567403684,0.025158495021349234,0.2,0.0,False,False,0.0,0
H,1835086204,12,218,0.9848010413844176,0.9853424615842038,0.059752691630836546,0.9848010413844176,0.35,0.7814098716518332,0.6486366007719542,0.8256229483952991,1.0054044471121049,216,0.19916399595302378,0.19209114366994778,0.11752820890472536,0.14616485334553642,0.2679285704946303,0.07712322763213642,1.0,0.0,False,False,0.0,0
H,1835086204,13,216,0.989176394341054,0.9891774206718775,0.10967899829800208,0.989176394341054,0.126,0.7833292850578898,0.6633561377856343,0.8256095330304035,1.0257173219471776,219,0.27689208815347344,0.17838735460300903,0.03331834736418757,0.26817646255052957,0.2127443973731712,0.03048134995562933,0.6,0.0,False,False,0.0,0
H,1835086204,14,219,0.9859584890366071,0.98595906293183,0.1142802376368328,0.9859584890366071,0.126,0.7906944515255436,0.6611970614509264,0.8430485797273631,0.9919039561606567,221,0.07510913193217277,0.17382158117595373,0.0062512200133291234,0.3572727336986331,0.3168393998557677,0.07070593332414363,0.6,0.0,False,False,0.0,0
H,1835086204,15,221,0.9841352572660033,0.9841352869524863,0.13784129183316815,0.9841352572660033,0.05600000000000001,0.7906205988071319,0.6551264448241593,0.8576550901811428,0.9661495051333939,226,0.0248654555722396,0.31871674657748195,0.015828566975412253,0.14533633275633492,0.2945568421325799,0.20069605598595144,0.4,0.0,False,False,0.0,0
H,1835086204,16,226,0.985044623576828,0.9850607417872287,0.08772407685553808,0.985044623576828,0.2,0.7976833534866913,0.6555657951387636,0.858976669316761,0.9567630366717175,231,0.10244590694765375,0.22267390096966003,0.10243019604516855,0.23774650825903743,0.23543544076866213,0.09926804700981798,0.0,0.2,False,False,0.0,0
H,1835086204,17,231,0.9902171512066013,0.9902171531309719,0.15966983737240603,0.9902171512066013,0.014000000000000002,0.803719812197415,0.6686865037714083,0.8542186007848651,0.9739773551468445,228,0.26123747986978585,0.26378335631763183,0.0665363530038718,0.17313016765871403,0.20569799199890107,0.029614651151095395,0.2,0.0,False,False,0.0,0
H,1835086204,18,228,0.9859952899576963,0.9859956504047126,0.11798277875705826,0.9859952899576963,0.126,0.8140386816925376,0.6662791356320683,0.8578357776457785,0.9541288240890936,230,0.07533696311538111,0.2709477671812626,0.07284737523395647,0.2607919352704028,0.24519518469699914,0.07488077450199773,0.6,0.0,False,False,0.0,0
H,1835086204,19,230,0.9750419737364154,0.9876261058627204,0.0347287525996251,0.9750419737364154,0.526,0.8092891404434038,0.6708478456152641,0.866205947060322,0.9569718337179973,238,0.16103333455999005,0.1711389569413629,0.025283587719431913,0.31046742222011986,0.27076873589560685,0.06130796266348843,0.6,0.4,False,False,0.0,0
H,1835086204,20,238,0.9923729624322608,0.9923777440092902,0.09745590386787936,0.9923729624322608,0.2,0.8077195183069654,0.6873054533345009,0.8795853523542898,0.967411450923188,248,0.33689970760314475,0.21929689135873948,0.0007610320591557923,0.11381997058489961,0.32208030823966805,0.007142090154392421,0.0,0.2,False,False,0.0,0
H,1835086204,21,248,0.9872757616436698,0.9872757692139071,0.14874383577539063,0.9872757616436698,0.0,0.8096919133271364,0.6949395544492898,0.8724985237994524,0.983699677013407,255,0.2124921722689248,0.16793000208632117,0.14811771734584953,0.2652355297112263,0.20435853340295743,0.0018660451847208142,0.0,0.0,False,False,0.0,0
H,1835086204,22,255,0.9882702906912068,0.9882704844845127,0.1229407695767578,0.9882702906912068,0.126,0.8074485615837999,0.6924489247063829,0.8852486714195071,0.968740811706343,262,0.09070434974446945,0.1612754463971954,0.07934293717292855,0.2624699915053759,0.37366695782248877,0.032540317357541954,0.6,0.0,False,False,0.0,0
H,1835086204,23,262,0.985550430018278,0.9875750832917896,0.049271702425568095,0.985550430018278,0.42400000000000004,0.8026085597784894,0.6911237503375561,0.8934835084894079,0.9637524378301154,265,0.10371589833115559,0.15064484143127135,0.13054322179747802,0.2755354308943911,0.28379852105925735,0.05576208648644659,0.8,0.2,False,False,0.0,0
H,1835086204,24,265,0.9896007622619406,0.9896007734434384,0.14565784359406614,0.9896007622619406,0.014000000000000002,0.8003591503652949,0.6948690444330601,0.8983664515598926,0.9664169200147491,269,0.1662685201547715,0.15581494180276997,0.07254737726618324,0.2963760425709583,0.2711564695971271,0.037836648608190075,0.2,0.0,False,False,0.0,0
H,1835086204,25,269,0.9867251758270189,0.9867284524779661,0.10041895914117113,0.9867251758270189,0.2,0.7925967614246798,0.6949342680692839,0.9004197017920127,0.9737477008545927,279,0.12260844822346063,0.15435586783715802,0.05645709042484558,0.2255808711887964,0.259449476940547,0.18154824538519235,0.0,0.2,False,False,0.0,0
H,1835086204,26,279,0.9882907386475785,0.9882970284385487,0.09524079044293454,0.9882907386475785,0.22400000000000003,0.7929686992294558,0.6988121867684005,0.9103777316128114,0.968016587570585,283,0.17030790128225962,0.17742761687083797,0.0696226484946713,0.20981633268332528,0.31342179757487154,0.05940370309403434,0.8,0.0,False,False,0.0,0
H,1835086204,27,283,0.9905606686151921,0.9905606762428554,0.1487101217478804,0.9905606686151921,0.014000000000000002,0.7930365506489775,0.6935574893869045,0.9193399584515303,0.9512904235455732,286,0.05857389946155023,0.2253044645685576,0.041006868926505825,0.3052054127170232,0.33575792745721655,0.03415142686914666,0.2,0.0,False,False,0.0,0
H,1835086204,28,286,0.9904556482454205,0.9904556527585792,0.1528865999763813,0.9904556482454205,0.014000000000000002,0.7998340305680187,0.6867768192333183,0.9274059626063772,0.9258611606511497,280,0.03621505394698868,0.20010368567180722,0.03478419924344731,0.2856679840767005,0.3896684941170564,0.05356058294399994,0.2,0.0,False,False,0.0,0
H,1835086204,29,280,0.9916952419398741,0.9918757546487216,0.06854859912795598,0.9916952419398741,0.326,0.7976338695614558,0.68299491124265,0.9346653663457395,0.9161313197288323,285,0.06946166213746986,0.22880957007653982,0.09039639457071245,0.20678607953966552,0.37141794033018427,0.03312835334542802,0.6,0.2,False,False,0.0,0
H,1835086204,30,285,0.9859704369627844,0.9881543376525905,0.04867367988664263,0.9859704369627844,0.456,0.8040863469713958,0.6806200892059441,0.9358691912906015,0.9044549187687175,289,0.08468654406783224,0.18057794956556114,0.08833966801897025,0.3076179053069247,0.27335180789718017,0.06542612514353148,0.4,0.4,False,False,0.0,0
H,1835086204,31,289,0.9807490238835572,0.9851203186551225,0.04312533426340624,0.9807490238835572,0.456,0.8011286075311141,0.6892469555708735,0.9165003753976294,0.9387284258844522,295,0.22072338531533228,0.20620844958780024,0.06600957481600842,0.29638319724143386,0.17109051618044027,0.03958487685898496,0.4,0.4,False,False,0.0,0
H,1835086204,32,295,0.9890661700829578,0.9890746845983331,0.09283638607863046,0.9890661700829578,0.2,0.7916464635028615,0.6932866801748024,0.9248503378578665,0.9469130912936593,299,0.16877590478090884,0.14203951457504552,0.05668063399393548,0.19457757617819949,0.34817102684780077,0.08975534362411001,0.0,0.2,False,False,0.0,0
H,1835086204,33,299,0.9888162358133679,0.9888162420286908,0.1503260268556428,0.9888162358133679,0.0,0.7978615853052888,0.6843506615314227,0.9263070596221796,0.9259683912338205,298,0.00910394206700485,0.24350970547505132,0.22645343719897595,0.24453682879884558,0.26970877775049856,0.0066873087096238635,0.0,0.0,False,False,0.0,0
H,1835086204,34,298,0.9887258919807638,0.9913075063133119,0.04736730071244125,0.9887258919807638,0.456,0.7968996800084027,0.7001331284548515,0.9336497790721175,0.9410072654435063,308,0.31802702229588176,0.16653200648445332,0.08628009925899856,0.09333561481095265,0.2998671270607795,0.03595813008893426,0.4,0.4,False,False,0.0,0
H,1835086204,35,308,0.9896587494469775,0.9896659577466385,0.09416680858150728,0.9896587494469775,0.22400000000000003,0.8026180393711936,0.6935889365915516,0.9229992380152376,0.9362501451850817,309,0.043280806993033494,0.3674000373620971,0.06738392012335723,0.2679285581275064,0.21357218425165897,0.04043449314234679,0.8,0.0,False,False,0.0,0
H,1835086204,36,309,0.9764863852110964,0.9875805135373313,0.035731519158965386,0.9764863852110964,0.526,0.8049617598536672,0.7002955747596685,0.9175940560350322,0.9481030439282809,304,0.2048260624711806,0.26646114638671786,0.026183215358844145,0.22106118052920676,0.23447370910659138,0.046994686147459254,0.6,0.4,False,False,0.0,0
H,1835086204,37,304,0.9925141288358896,0.9926840482307827,0.0690364847778453,0.9925141288358896,0.35,0.8113855675443888,0.6966433422788414,0.9174770163547045,0.9358107266209605,299,0.0795318282144537,0.16714859820982902,0.10294297017039038,0.3368678321761736,0.25821182961587746,0.05529694161327573,1.0,0.0,False,False,0.0,0
H,1835086204,38,299,0.9881097994302815,0.9881098319354353,0.1371513416497061,0.9881097994302815,0.05600000000000001,0.8156623447675849,0.698682486875301,0.9215746655584992,0.929477575767996,297,0.1483913963800206,0.18724930802912645,0.07660522831928307,0.18921897493840367,0.27922675419632603,0.11930833813684015,0.4,0.0,False,False,0.0,0
H,1835086204,39,297,0.9895483331188056,0.9895483367204596,0.15467513010689699,0.9895483331188056,0.014000000000000002,0.8121941324242254,0.6940460606197119,0.9294171990026493,0.9194280327207435,301,0.06622122610219888,0.19563185982164644,0.08588954245036703,0.22631845731649694,0.3111915856388872,0.11474732867040358,0.2,0.0,False,False,0.0,0
H,1835086204,40,301,0.9832765995656113,0.9832811362259811,0.09780113651353048,0.9832765995656113,0.21400000000000002,0.8153434846157314,0.6871161192005651,0.9255775283724876,0.9104932483633941,304,0.03465452014798579,0.2104971923029916,0.1650922656071611,0.2823240518840592,0.24551024635051638,0.06192172370728606,0.2,0.2,False,False,0.0,0
H,1835086204,41,304,0.989839081410069,0.9898390887060472,0.14905821232746172,0.989839081410069,0.05600000000000001,0.8166817545341952,0.6858123730038692,0.9330197755352388,0.9000395921488387,299,0.10065074704165378,0.2729593455920419,0.04564709850799058,0.26060736321488925,0.3082032898544248,0.011932155788999642,0.4,0.0,False,False,0.0,0
H,1835086204,42,299,0.9847437349998955,0.984748776631733,0.09697291312130311,0.9847437349998955,0.21400000000000002,0.8160362735558389,0.6831314120792559,0.9328798272099179,0.8973649238757048,296,0.0826207215697517,0.20498906532209207,0.0813489074133942,0.3034628428261025,0.26581014614101456,0.06176831672764506,0.2,0.2,False,False,0.0,0
H,1835086204,43,296,0.9897310319739673,0.9897310356018105,0.15461892793393653,0.9897310319739673,0.014000000000000002,0.8112647657697091,0.6765124900498729,0.92291807081668,0.9035455578422611,289,0.03172060718224829,0.2136651129162636,0.015065230355707985,0.4627797002597082,0.2166311316387692,0.060138217647302546,0.2,0.0,False,False,0.0,0
H,1835086204,44,289,0.9887428792252999,0.9897309202505492,0.05499985279160785,0.9887428792252999,0.41400000000000003,0.8145068597196171,0.6746166876460437,0.9284774932588091,0.8920536056287652,283,0.08662277623330442,0.2412438545374241,0.048607969106151463,0.285351503893556,0.28925614761898544,0.0489177486105785,0.2,0.4,False,False,0.0,0
H,1835086204,45,283,0.9849015494554064,0.9861249290182746,0.053270142190679534,0.9849015494554064,0.41400000000000003,0.8120159946733781,0.6674341322523268,0.9356297439329282,0.8784960416027455,292,0.01935348735731723,0.1684999397813652,0.07677624354751153,0.2187594400202341,0.3735166694743517,0.1430942198192201,0.2,0.4,False,False,0.0,0
H,1835086204,46,292,0.9517466550719942,0.9925899513451736,0.025397215709845832,0.9517466550719942,0.6,0.8126040817442971,0.6758129170884979,0.9300442898700029,0.8942189276408807,288,0.20938114310984246,0.1667560630615847,0.0445970040109011,0.24078565141030805,0.23988760165183742,0.0985925367555262,0.0,0.6,False,False,0.0,0
H,1835086204,47,288,0.9904887842185983,0.9904984191147274,0.09186381857109661,0.9904887842185983,0.21400000000000002,0.8077973040721732,0.6808971022275362,0.9370398608830026,0.8995411199682128,292,0.1734353874182901,0.20470011426188833,0.038084187088054396,0.19231590763167497,0.35920973019539143,0.03225467340470068,0.2,0.2,False,False,0.0,0
H,1835086204,48,292,0.9860285669058063,0.9860384927460752,0.09159108379127323,0.9860285669058063,0.21400000000000002,0.8044022389500877,0.6809167843362895,0.9433358747947024,0.8973346083616446,296,0.11330671525162722,0.1975640294052699,0.01339742961887905,0.2699710350857568,0.32123497480897434,0.08452581582949276,0.2,0.2,False,False,0.0,0
H,1835086204,49,296,0.9787921758594688,0.9912616883254984,0.03483083559795847,0.9787921758594688,0.526,0.7941296049369336,0.684495912210713,0.9419925794865649,0.9150229576348394,297,0.15781208864047522,0.14740419888676082,0.03290704272696529,0.2932831662530006,0.26495146085666355,0.10364204263613476,0.6,0.4,False,False,0.0,0
H,1835086204,50,297,0.9895102613253187,0.9895154001077325,0.09685942162732607,0.9895102613253187,0.22400000000000003,0.7961942047463227,0.683305954213488,0.9477933215379084,0.9054876863412018,291,0.1004354701663833,0.1882274282923432,0.15578283080176375,0.23634681490510082,0.3014830976937896,0.01772435814061916,0.8,0.0,False,False,0.0,0
H,1835086204,51,291,0.9887272238479087,0.988727233707618,0.1466522213134319,0.9887272238479087,0.014000000000000002,0.7976682714602349,0.6764770871206142,0.9530139893841175,0.8898801060112559,294,0.029205382722506994,0.3161149666697134,0.07081056470317339,0.24176562431716714,0.32181206003228385,0.0202914015551552,0.2,0.0,False,False,0.0,0
H,1835086204,52,294,0.9880767802496767,0.9881900521140718,0.07222844278986196,0.9880767802496767,0.326,0.796509970629242,0.670741488212913,0.9577125904457058,0.8792831620405042,297,0.038603193104119624,0.2057988833476051,0.025381677133770694,0.3642797567817494,0.30479330874701926,0.061143180885736,0.6,0.2,False,False,0.0,0
H,1835086204,53,297,0.9885939699065448,0.9886060617305374,0.09004056071193173,0.9885939699065448,0.256,0.7958172263410479,0.6838508396107192,0.9502387501786521,0.9043057911449363,299,0.2705803226056487,0.17901098725681974,0.04835551779141373,0.13955603452602897,0.2414870938875847,0.12101004393250411,0.4,0.2,False,False,0.0,0
H,1835086204,54,299,0.9736445230126858,0.9887483621836564,0.033284981073293,0.9736445230126858,0.526,0.7931804792734274,0.6854347675071825,0.955214875160787,0.9046759292943023,306,0.13470587346248933,0.19072374488300042,0.12554035303405447,0.20471560928162444,0.3173810572705555,0.02693336206827595,0.6,0.4,False,False,0.0,0
H,1835086204,55,306,0.9897672540562843,0.9897678449992406,0.11407791584640462,0.9897672540562843,0.126,0.7937628300814786,0.6879122713555663,0.9436463409320429,0.9184024600030908,308,0.14686552779678677,0.17230320129742327,0.015444895698408206,0.3323836201941254,0.21976476643667328,0.11323798857658317,0.6,0.0,False,False,0.0,0
H,1835086204,56,308,0.9387666129790877,0.9911506640280511,0.02340472489989965,0.9387666129790877,0.614,0.7906899071775111,0.6910337106958694,0.9484092093623998,0.9215041095899597,310,0.1564631613510167,0.2735533254287824,0.007475417259003313,0.23841296898556905,0.29563751261780585,0.028457614357822767,0.2,0.6,False,False,0.0,0
H,1835086204,57,310,0.9757325410695231,0.9891278148830002,0.03424361858663303,0.9757325410695231,0.526,0.7901707565374562,0.6896432559997385,0.9402000296217083,0.9282891625713243,308,0.10201538548328289,0.17635445624668133,0.18014793978651478,0.28662809288725655,0.2331587059777424,0.02169541961852217,0.6,0.4,False,False,0.0,0
H,1835086204,58,308,0.9876201321148199,0.988983381168396,0.052431474902682504,0.9876201321148199,0.41400000000000003,0.7931032103274791,0.6897136572138872,0.9415770953972146,0.923598528742559,305,0.11940705017669527,0.19730002057276916,0.06903543446608215,0.23872219925989283,0.2769853436883855,0.09854995183617525,0.2,0.4,False,False,0.0,0
H,1835086204,59,305,0.990861373991294,0.9909051615513563,0.07981586557076323,0.990861373991294,0.256,0.7923296105559727,0.6891034285109612,0.9355435903666576,0.929639346112996,307,0.11094317697210433,0.16903068652495745,0.052093526750797925,0.2713195095021156,0.24062102254582243,0.15599207770420226,0.4,0.2,False,False,0.0,0
H,1835086204,60,307,0.987726714215161,0.9906842099546038,0.04628029737249399,0.987726714215161,0.456,0.7932753303093907,0.7024459902432243,0.9009893385063109,0.9828094806283073,306,0.28497166447263983,0.3639294634279358,0.014054716835904271,0.24204334147844017,0.09500053588159546,2.7790348434895895e-07,0.4,0.4,False,False,0.0,0
H,1835086204,61,306,0.9681841113754435,0.9878049774604567,0.031194671669972175,0.9681841113754435,0.55,0.7876077724937945,0.7016810458965349,0.9090472217409878,0.980038886453689,305,0.11696693956839734,0.16035268419612603,0.08451632314392787,0.28617374149907704,0.29078408542654016,0.061206226165931576,1.0,0.2,False,False,0.0,0
H,1835086204,62,305,0.9930277711281736,0.9931960931307129,0.06911577536993932,0.9930277711281736,0.326,0.7878330198188552,0.6970701542157344,0.9181424995668891,0.963678608019915,301,0.06841450767532747,0.21429026523807865,0.016353855393107814,0.30178801663182614,0.36771931055676615,0.031434044504893746,0.6,0.2,False,False,0.0,0
H,1835086204,63,301,0.9875254726749081,0.9898494233350489,0.048192556343662506,0.9875254726749081,0.42400000000000004,0.7788531230721764,0.7025097173775694,0.9130293785614296,0.9878977997985695,310,0.19116338590777227,0.14923014236732987,0.05306222832487462,0.2689457045616431,0.23350564475614716,0.10409289408223293,0.8,0.2,False,False,0.0,0
H,1835086204,64,310,0.9918184581505435,0.9923015831454861,0.06071552714961078,0.9918184581505435,0.35,0.7715755470471811,0.7058299428242975,0.9185195781137422,0.9959400681328222,319,0.16807139144508096,0.17518426763909895,0.040056153249274404,0.22407445312095847,0.2839656870422778,0.10864804750330945,1.0,0.0,False,False,0.0,0
H,1835086204,65,319,0.9899693783355977,0.9899696305438126,0.12085725974294324,0.9899693783355977,0.05600000000000001,0.7782126932518032,0.6982206751452115,0.9223472021530528,0.972747133570466,304,0.03352786827661126,0.2171549751546756,0.1912522615040142,0.27619331033348504,0.278397909253424,0.0034736754777897733,0.4,0.0,False,False,0.0,0
H,1835086204,66,304,0.9888143215836784,0.9909289249165303,0.04895267456954618,0.9888143215836784,0.42400000000000004,0.7828056286977164,0.6918796699444143,0.9301124819377475,0.9502571745208223,292,0.04462535695579281,0.16720871089755662,0.262917310617471,0.20316981580856963,0.30027504681208705,0.021803758908523044,0.8,0.2,False,False,0.0,0
H,1835086204,67,292,0.9926873300572207,0.9926947544890894,0.09395596750284563,0.9926873300572207,0.22400000000000003,0.7819208291315102,0.7032497525487297,0.9135616088322173,0.9844846865405508,290,0.2620508262692009,0.16922128712546455,0.05878513388943509,0.2788396753012416,0.18230187544122253,0.04880120197343526,0.8,0.0,False,False,0.0,0
H,1835086204,68,290,0.9860551783104871,0.9874218509718198,0.052398931065789925,0.9860551783104871,0.4,0.7859646599083367,0.710100314651402,0.8934459059147706,1.0112264557822634,287,0.21266312162636036,0.21098988034353094,0.03645847056295559,0.35080073212564244,0.15620228982887543,0.03288550551263515,0.0,0.4,False,False,0.0,0
H,1835086204,69,287,0.9902243853202884,0.9902399777420458,0.08802981307955336,0.9902243853202884,0.22400000000000003,0.79543084509825,0.7003131165006137,0.896941240332973,0.9815803136899925,281,0.008972719772271815,0.17613181652283438,0.10688949726697948,0.3920181879403372,0.264199625048397,0.051788153449179995,0.8,0.0,False,False,0.0,0
H,1835086204,70,281,0.9724696224690206,0.988325992364268,0.03289454248435478,0.9724696224690206,0.526,0.8020191351149807,0.6903033961829887,0.9072471162996757,0.9487017102412805,271,7.419384257241155e-05,0.19963673559110062,0.09778528538582575,0.3193401181004291,0.38282308218584177,0.00034058489423041997,0.6,0.4,False,False,0.0,0
H,1835086204,71,271,0.9740489262061212,0.9881373522749206,0.0338340447017414,0.9740489262061212,0.526,0.8028004978104055,0.6808987060795052,0.9165224046697081,0.9254048896147293,272,0.0013809963208233818,0.1667494171389617,0.008449521498299353,0.3448914694483245,0.43694077240934137,0.04158782318424978,0.6,0.4,False,False,0.0,0
H,1835086204,72,272,0.9860664180390236,0.9860664214568136,0.1550641721202991,0.9860664180390236,0.0,0.8021725743561292,0.6763979156834933,0.9239817682970541,0.9125802151605444,264,0.05680181134954151,0.15748762145451223,0.17728279596525065,0.2671364272065676,0.2955580204715843,0.04573332355254371,0.0,0.0,False,False,0.0,0
H,1835086204,73,264,0.9832309772074096,0.9873404842153248,0.043634837519228815,0.9832309772074096,0.456,0.8003372177997662,0.6774658214384454,0.9315835914673487,0.9086414534426648,259,0.12359751923908407,0.17405460552117868,0.08386382264139657,0.19834868851675955,0.3995005333706563,0.020634830710924815,0.4,0.4,False,False,0.0,0
H,1835086204,74,259,0.9847282536271315,0.9858506769716228,0.05395350638558114,0.9847282536271315,0.4,0.8051912935813816,0.6935925303665231,0.8942641452363462,0.9632511111376459,248,0.3150324500000909,0.24610060897061897,0.049529000026759945,0.28457572829438144,0.07919456457866213,0.025567648129486573,0.0,0.4,False,False,0.0,0
H,1835086204,75,248,0.9873204452210733,0.9891225693778394,0.050210976432271445,0.9873204452210733,0.42400000000000004,0.8064052644004355,0.7018542214768047,0.9048377307127116,0.9618843533226253,248,0.22426647035759611,0.18042580388129953,0.05038948608231453,0.19651489532933966,0.32823413696193476,0.0201692073875153,0.8,0.2,False,False,0.0,0
H,1835086204,76,248,0.9737341085520754,0.9864646440255156,0.0346273132561401,0.9737341085520754,0.526,0.8050648056785963,0.7034619539050045,0.9051054521653379,0.9654073292510615,250,0.14625554377550176,0.21675679517115876,0.08001277749216608,0.29350211578638646,0.25375747261948745,0.009715295155299345,0.6,0.4,False,False,0.0,0
H,1835086204,77,250,0.9836158263727652,0.9836215465591055,0.09595866489711702,0.9836158263727652,0.2,0.80725524564712,0.6984491660028557,0.9010382093085436,0.9602420478947202,248,0.06450387241376694,0.23451332819009685,0.11287615850118382,0.2912383168971486,0.23221651179869782,0.06465181219910598,0.0,0.2,False,False,0.0,0
H,1835086204,78,248,0.9918961325022827,0.9918963252648966,0.12301236939385064,0.9918961325022827,0.126,0.8059938052727647,0.6901903827180882,0.9109343883776893,0.940048156848748,246,0.020795937692191208,0.1728953886728349,0.009659019472792962,0.21824618113551622,0.5035800008284825,0.07482347219818215,0.6,0.0,False,False,0.0,0
H,1835086204,79,246,0.9307170879225672,0.9907010934290117,0.022322716179336115,0.9307170879225672,0.6240000000000001,0.7976915006713623,0.686133761814765,0.9198409495399203,0.9351065205495127,257,0.06816122790726555,0.3043342708819486,0.03812490677190856,0.26843723419907584,0.3004805107800587,0.020461849459742856,0.8,0.4,False,False,0.0,0
H,1835086204,80,257,0.9903766209583988,0.9915049464839166,0.05395728254452374,0.9903766209583988,0.42400000000000004,0.7938594510792303,0.6858518182816281,0.914829062792974,0.9443798710671937,258,0.11280930697001673,0.2649999170487668,0.08813143806990513,0.28426473968336935,0.2348610410352286,0.014933557192713475,0.8,0.2,False,False,0.0,0
H,1835086204,81,258,0.9897629440412941,0.9897733524765805,0.09124327236779481,0.9897629440412941,0.2,0.7941414084977529,0.6781774525692305,0.9233461565136767,0.9248705678195486,257,0.020227815021046543,0.21048982062018495,0.03174280551548159,0.26077726000968593,0.34203657446455793,0.13472572436904318,0.0,0.2,False,False,0.0,0
H,1835086204,82,257,0.9903068639907584,0.9903245416796034,0.08703135761618887,0.9903068639907584,0.256,0.8011988339306053,0.6825203477586247,0.9126535306872277,0.9334033529005293,252,0.16564709772319672,0.1940116285597651,0.1063547694910266,0.3208123636803477,0.2082099491245934,0.004964191421070557,0.4,0.2,False,False,0.0,0
H,1835086204,83,252,0.9368751570360265,0.9822208268019176,0.024481222283290742,0.9368751570360265,0.614,0.809221081845532,0.6758393398154036,0.9168895561362376,0.9108759878772504,247,0.030562618058876747,0.36298518263090856,0.03942810876189688,0.26808584492870347,0.2775068925886637,0.021431353030950718,0.2,0.6,False,False,0.0,0
H,1835086204,84,247,0.9862741221284618,0.9862769645586709,0.10154693988761729,0.9862741221284618,0.2,0.8102897815445513,0.6758075960519321,0.9132515909289498,0.9132554431579625,244,0.10950279034123356,0.19799476254920365,0.08404386151933621,0.3197583883412599,0.24025495203168007,0.04844524521728669,0.0,0.2,False,False,0.0,0
H,1835086204,85,244,0.9877909551233339,0.9877910098052236,0.13300846786422793,0.9877909551233339,0.05600000000000001,0.8115189766006996,0.6877870300342179,0.9154701803595384,0.925787045483055,244,0.25962267231103037,0.21628466938455598,0.06760334618518477,0.1440962291207108,0.2677187426174181,0.044674340381099784,0.4,0.0,False,False,0.0,0
H,1835086204,86,244,0.9846726856209802,0.9846729694621867,0.11987399430489026,0.9846726856209802,0.126,0.8131812172677692,0.6925290005462643,0.9183243627165345,0.9273731545275836,243,0.17664152517196627,0.18058175623649322,0.07607794103701895,0.29278329451024365,0.27200600196474967,0.001909481079528241,0.6,0.0,False,False,0.0,0
H,1835086204,87,243,0.9900541124857845,0.9900612394603501,0.09426030445832417,0.9900541124857845,0.21400000000000002,0.8107248809330386,0.6850428689689555,0.9264919264448811,0.9120163183600668,244,0.026753980625055063,0.215751840751488,0.020353097136343947,0.35688360643218653,0.3186811777917092,0.061576297263217325,0.2,0.2,False,False,0.0,0
H,1835086204,88,244,0.9892955539890849,0.9892955550721496,0.16423791024696524,0.9892955539890849,0.0,0.8062561265246195,0.6867378079336561,0.9222712385595493,0.9235475593581067,256,0.136838530164355,0.26131969881392325,0.07087515533307233,0.2231047196065809,0.24214252379578163,0.06571937228628702,0.0,0.0,False,False,0.0,0
H,1835086204,89,256,0.988813068029896,0.9888130715330528,0.1548899357668657,0.988813068029896,0.014000000000000002,0.8080140733814235,0.6951276673769771,0.9071973812762657,0.9482958754231874,257,0.22158437300004627,0.2241269604055855,0.027690924629306893,0.28749976049160864,0.18576633286335645,0.053331648610096344,0.2,0.0,False,False,0.0,0
H,1835086204,90,257,0.9800986365632814,0.9801065474913238,0.09334916409317938,0.9800986365632814,0.256,0.8093435751397056,0.6958589562469164,0.9159560901307771,0.9386715243201921,264,0.1310959029848527,0.3230248123517822,0.017101863754804488,0.2060249470132935,0.29739223491068933,0.025360238984577673,0.4,0.2,False,False,0.0,0
H,1835086204,91,264,0.9881135808407431,0.988116831588779,0.10049332834848589,0.9881135808407431,0.22400000000000003,0.8119122820563495,0.7039088228947185,0.9107193652415052,0.9519688246351443,271,0.22303518075184797,0.24075369088046922,0.005619055023413021,0.2971902384638297,0.2317944206190291,0.001607414261411004,0.8,0.0,False,False,0.0,0
H,1835086204,92,271,0.9878907071672529,0.9882332479709512,0.06342017195456652,0.9878907071672529,0.35,0.8145739132683895,0.6970748368673387,0.9196474287173547,0.9305239320092592,273,0.04201818896695193,0.21701811399449625,0.007040456993780894,0.3177083501488271,0.41502910945653404,0.001185780439409852,1.0,0.0,False,False,0.0,0
H,1835086204,93,273,0.9514651461331564,0.9883407359589438,0.02617652906186977,0.9514651461331564,0.6,0.8151070526016021,0.7060970908663852,0.9073504138215536,0.9547171624845083,276,0.2359499480301669,0.1914161864935126,0.07406665545365233,0.2451731866925818,0.19833863987967165,0.055055383450414774,0.0,0.6,False,False,0.0,0
H,1835086204,94,276,0.9927208740087295,0.9928817636652023,0.0694727332094953,0.9927208740087295,0.326,0.8145095894201185,0.7171556978968147,0.8852895735521508,0.9945620925273327,283,0.26704326967185954,0.15996244838231788,0.011324504548411536,0.29431944748244865,0.14337100556376298,0.12397932435119952,0.6,0.2,False,False,0.0,0
H,1835086204,95,283,0.9711659719576546,0.9914536919028824,0.030957977063022626,0.9711659719576546,0.55,0.815971911453284,0.7148011254396407,0.8967606161969357,0.9768626206832338,285,0.10629015547083503,0.18127490125461398,0.08709675024025094,0.21746195578829133,0.3851465476518202,0.02272968959418834,1.0,0.2,False,False,0.0,0
H,1835086204,96,285,0.9892261453839534,0.9894374149106844,0.0672766201412989,0.9892261453839534,0.35,0.8126148035410379,0.7270067180460155,0.9070845545772421,0.9862929353203027,280,0.2868206109794595,0.16571410507769982,0.028954819258094688,0.13569246569689433,0.35364352797079235,0.02917447101705937,1.0,0.0,False,False,0.0,0
H,1835086204,97,280,0.987509623312769,0.9905012874771408,0.04618739062013538,0.987509623312769,0.456,0.8094126260810475,0.7312585434816898,0.9029134651368964,1.0005869830195677,286,0.19502701672468953,0.30876924989450893,0.019213599216301083,0.20386726303486663,0.2326868300868927,0.04043604104274111,0.4,0.4,False,False,0.0,0
H,1835086204,98,286,0.9905895438936572,0.9906050286738969,0.08808788955526652,0.9905895438936572,0.256,0.8095813986595678,0.7337271426708506,0.8959866652643186,1.011515443675674,283,0.17539407954056555,0.3054456108331164,0.01597803738256205,0.26136933365296317,0.21682273320555898,0.024990205385233902,0.4,0.2,False,False,0.0,0
H,1835086204,99,283,0.9910376010778184,0.9910409542261057,0.10026997152035438,0.9910376010778184,0.21400000000000002,0.8138182647922422,0.7256784554021183,0.9063879987378867,0.9837905587414043,275,0.04547087331012737,0.24279712707258233,0.05817259067207688,0.2523320245070767,0.3303607192205954,0.07086666521754144,0.2,0.2,False,False,0.0,0
H,1835086204,100,275,0.9913408265894571,0.9913408326206561,0.15058569845372616,0.9913408265894571,0.014000000000000002,0.8175469684011349,0.7232386470667895,0.9048944435713456,0.977622056263598,275,0.11055143043471423,0.17941407867571835,0.15268008431891922,0.2914095403253471,0.24572622353623816,0.020218642709062918,0.2,0.0,False,False,0.0,0
H,1835086204,101,275,0.9867659303104496,0.9880416211612174,0.0529523048426262,0.9867659303104496,0.41400000000000003,0.81871426622095,0.714373335354186,0.9071097955791441,0.9619068575090791,278,0.02870775800919966,0.28820878508503517,0.06400470296065444,0.30483311433676125,0.2635239818246647,0.05072165778368472,0.2,0.4,False,False,0.0,0
H,1835086204,102,278,0.9907426030424863,0.9907427103138787,0.1276684857741679,0.9907426030424863,0.05600000000000001,0.8180209328635345,0.7286296359545253,0.9099325082180718,0.9788885157195073,281,0.31218709210060724,0.20788601948427865,0.043265070223114904,0.147369830101091,0.26766846098421104,0.02162352710669703,0.4,0.0,False,False,0.0,0
H,1835086204,103,281,0.9903875925366585,0.9904365131142627,0.07892973872638358,0.9903875925366585,0.326,0.8179429191346229,0.7234995336108646,0.9166726078117128,0.9649415436995091,279,0.07876724317581951,0.2520870795949636,0.07032631482609375,0.2155750714791711,0.2886667520772407,0.09457753884671136,0.6,0.2,False,False,0.0,0
H,1835086204,104,279,0.9917263509712876,0.9932228986375349,0.05172292906295696,0.9917263509712876,0.41400000000000003,0.8149732809424789,0.7284926657935921,0.9250053470305415,0.9663569402728116,284,0.20210136079088356,0.1904122233201007,0.0861182341260235,0.14406404896202593,0.31902659488323365,0.0582775379177328,0.2,0.4,False,False,0.0,0
H,1835086204,105,284,0.9859754294432242,0.9861553443999798,0.0685289612077157,0.9859754294432242,0.35,0.8133486951171017,0.7364173213788131,0.9162320022991275,0.988192979090962,289,0.24186611093625757,0.20354255684688313,0.060045618347572244,0.2739697869211851,0.21863594985820053,0.0019399770899014123,1.0,0.0,False,False,0.0,0
H,1835086204,106,289,0.9855870399537133,0.9855870450979076,0.15180562872649309,0.9855870399537133,0.014000000000000002,0.8190372955057162,0.7416184534736742,0.9179397319828038,0.9864218447369325,284,0.212774977047521,0.20198625343114196,0.05350303040112669,0.21612810854296377,0.2666546495679453,0.04895298100930137,0.2,0.0,False,False,0.0,0
H,1835086204,107,284,0.9896030492895639,0.9896345148647798,0.08243610359102753,0.9896030492895639,0.256,0.8254102123423044,0.7499494337155662,0.8880173487860658,1.0231532619893744,278,0.255148786444697,0.2003438040513277,0.009395320644490201,0.4169397048701774,0.10935795000771167,0.008814433981596112,0.4,0.2,False,False,0.0,0
H,1835086204,108,278,0.9864800795259175,0.9864800820922275,0.15734827158037692,0.9864800795259175,0.014000000000000002,0.8290725007685459,0.7499846904287335,0.8971488999628777,1.0083129820576398,271,0.15665910498681987,0.17041768150876602,0.017775614190527946,0.22017155120179807,0.2896664302770928,0.14530961783499527,0.2,0.0,False,False,0.0,0
H,1835086204,109,271,0.9793266526224372,0.9879684983424317,0.03772307093749452,0.9793266526224372,0.526,0.8253910674113831,0.743413626923492,0.90743400996659,0.9925575580406074,273,0.07410213770243959,0.16492777158382013,0.025947345716306736,0.3123039512753069,0.40008990491139096,0.022628888810735753,0.6,0.4,False,False,0.0,0
H,1835086204,110,273,0.9885101397353464,0.9888638923492192,0.0631688795307241,0.9885101397353464,0.4,0.8166131538897411,0.7508265430126122,0.8854362433478127,1.038403040758336,278,0.24479496794118547,0.2824825205935156,0.020199231084589056,0.2547724638523618,0.1437281718894083,0.05402264463893976,0.0,0.4,False,False,0.0,0
H,1835086204,111,278,0.9864069725926534,0.9864069738713196,0.16289308072252773,0.9864069725926534,0.014000000000000002,0.8160344798684077,0.7490370884936132,0.8936622914255874,1.0271204589007108,277,0.1343984078953941,0.16570276582700746,0.028262200707333558,0.3453754544751116,0.28384836206277986,0.0424128090323735,0.2,0.0,False,False,0.0,0
H,1835086204,112,277,0.98705618486992,0.9870563812618153,0.12282495654367964,0.98705618486992,0.126,0.8143193662436652,0.7527727483495568,0.8905823441452959,1.037994480524618,279,0.20234392850780378,0.23966543173572108,0.057631782782597875,0.2134255072250476,0.23143140931133635,0.05550194043749335,0.6,0.0,False,False,0.0,0
H,1835086204,113,279,0.9822016144249888,0.9822016275986447,0.14429298027701967,0.9822016144249888,0.05600000000000001,0.8135707930162576,0.7515211018988218,0.8976980858147684,1.029000371018395,272,0.1423373870842866,0.16296147598990984,0.021802251375324693,0.35444528734427405,0.2808698804200104,0.03758371778619449,0.4,0.0,False,False,0.0,0
H,1835086204,114,272,0.98510185135577,0.9872319935724153,0.04886464210559234,0.98510185135577,0.456,0.8132660699109183,0.7559764178801732,0.9019672012338992,1.0305874495119067,270,0.2128921384536556,0.20975905693996907,0.048168170829571824,0.18912906083881215,0.27019462000303784,0.06985695293495357,0.4,0.4,False,False,0.0,0
H,1835086204,115,270,0.9895560146267932,0.9895622989337982,0.09525791812261084,0.9895560146267932,0.21400000000000002,0.8074986849100146,0.7541218572733506,0.9117704811105093,1.0242693497551398,270,0.13680325358982492,0.14472713418984307,0.06730864894946066,0.32733597955673704,0.31637189590938103,0.007453087804753135,0.2,0.2,False,False,0.0,0
H,1835086204,116,270,0.9855017770504207,0.9875793267575439,0.049066440636140574,0.9855017770504207,0.42400000000000004,0.8051089234700138,0.7488949227495482,0.9080620608239649,1.0243555267892628,273,0.09348947924831466,0.18089240974771642,0.029021852352347544,0.2937032024814483,0.23734313912253246,0.16554991704764063,0.8,0.2,False,False,0.0,0
H,1835086204,117,273,0.9866073872981954,0.986701445918521,0.07369600255365337,0.9866073872981954,0.326,0.8056595180009336,0.7457629230605308,0.9085319615254667,1.018847151431697,269,0.11640933060575097,0.17391509746036107,0.06507844641424,0.3531279320868654,0.2563805339194915,0.03508865951329114,0.6,0.2,False,False,0.0,0
H,1835086204,118,269,0.9790402368665879,0.9895917506199626,0.03614688474016237,0.9790402368665879,0.526,0.8056948253326356,0.7413812271441966,0.91767876537292,1.0027215023579976,261,0.09883062795865426,0.1689560402913835,0.07051592381192287,0.23258730397391758,0.330574667782159,0.09853543618196291,0.6,0.4,False,False,0.0,0
H,1835086204,119,261,0.9893301481150562,0.9893437008245445,0.08913859581213142,0.9893301481150562,0.2,0.8063200947311258,0.7376227066966871,0.9038754479285834,1.0120878341381632,266,0.1038817613712537,0.2672030782938096,0.08103682978820899,0.3104687102151037,0.1898227954647772,0.047586824866846844,0.0,0.2,False,False,0.0,0
H,1835086204,120,266,0.9823031957469837,0.9854227714328444,0.04581320665981547,0.9823031957469837,0.456,0.8097768172587385,0.7350016125526011,0.9126503601600293,0.9945314537861326,258,0.11575051488435449,0.25329433556724823,0.07045879776554051,0.26068822553318177,0.2958122851215214,0.003995841128153438,0.4,0.4,False,False,0.0,0
H,1835086204,121,258,0.9874244683490192,0.9874247735310245,0.11931915600561575,0.9874244683490192,0.126,0.8103968143052951,0.7325349872946968,0.901903383072891,1.0022374602169632,255,0.11604319212157192,0.16733577652345208,0.056540505154651775,0.2643987061702629,0.2025902946443231,0.1930915253857383,0.6,0.0,False,False,0.0,0
H,1835086204,122,255,0.98416224242703,0.98499687233209,0.056304836865237774,0.98416224242703,0.41400000000000003,0.8048360382993208,0.7370445650366426,0.9117130447656019,1.0044496336499906,258,0.20170408883350885,0.16744409799139715,0.08453836269557524,0.18410539582081478,0.34385735052535177,0.018350704133352182,0.2,0.4,False,False,0.0,0
H,1835086204,123,258,0.9849573530904049,0.9849680034699838,0.09102161776574715,0.9849573530904049,0.22400000000000003,0.8055163532164676,0.7276996979435114,0.9205417402890417,0.9813735470548037,250,0.03134201448376207,0.19061800658074926,0.1489374555030654,0.23039327779337104,0.37072592620826483,0.027983319430787378,0.8,0.0,False,False,0.0,0
H,1835086204,124,250,0.9856264559737007,0.9856268236640021,0.11782142665416959,0.9856264559737007,0.126,0.8012264393814421,0.7413147130463359,0.9128172151674718,1.0135928206659528,248,0.32422560979397536,0.1744255651259546,0.03296153568087454,0.2220601477905727,0.22164824453667173,0.02467889707195113,0.6,0.0,False,False,0.0,0
H,1835086204,125,248,0.9885454245664066,0.9885454361510095,0.14536743265156118,0.9885454245664066,0.05600000000000001,0.7974502903944385,0.7325255612998915,0.9215354936507246,0.9967978585172022,249,0.040957298823405236,0.1848337413223397,0.017074813070555365,0.314020278843302,0.33010880377747337,0.11300506416292429,0.4,0.0,False,False,0.0,0
H,1835086204,126,249,0.9893640347692013,0.9893692928439564,0.09667557221010423,0.9893640347692013,0.22400000000000003,0.8050017492996252,0.7427012021147639,0.9035725560200814,1.0210670719780772,241,0.2725239859983355,0.17418646874986468,0.023684670593895216,0.2615454848374698,0.17095305867214564,0.09710633114828925,0.8,0.0,False,False,0.0,0
H,1835086204,127,241,0.9848969020612177,0.9848975604712332,0.1131780998318382,0.9848969020612177,0.126,0.8047220690067495,0.7428521284651078,0.9132153004180732,1.0108420063275143,241,0.15357483070102743,0.17851263326349615,0.06117677788106524,0.2254370172907397,0.3057442784002104,0.0755544624634612,0.6,0.0,False,False,0.0,0
H,1835086204,128,241,0.9852506539068395,0.9892174943899167,0.04393121032828974,0.9852506539068395,0.456,0.8046999452128465,0.7374035556229818,0.9218937703762659,0.9940091343636952,239,0.08367541976411709,0.15110592564246766,0.0023800307875879046,0.2982897429749907,0.4408352147051109,0.023713666125725816,0.4,0.4,False,False,0.0,0
H,1835086204,129,239,0.9837139428187163,0.9837139498416592,0.1493124067681364,0.9837139428187163,0.014000000000000002,0.800455105559495,0.7300911944607485,0.9181417728172603,0.9934142478107004,245,0.05697270773644896,0.19088392158230902,0.12364513618883528,0.32276753293634225,0.24218689739310525,0.06354380416295932,0.2,0.0,False,False,0.0,0
H,1835086204,130,245,0.9888333014159281,0.9888368504584196,0.09980028999981061,0.9888333014159281,0.2,0.7955318235363257,0.7237948640725183,0.9024416884498849,1.0081816541840876,243,0.0651028666850891,0.214059116738708,0.09424111215763223,0.4053891715323983,0.18057046457175333,0.04063726831441903,0.0,0.2,False,False,0.0,0
H,1835086204,131,243,0.9904473561723625,0.9904473718467324,0.14297600422537032,0.9904473561723625,0.014000000000000002,0.7934908344189823,0.7202546309283233,0.9100287269477572,0.9974451954606032,239,0.09561887574288781,0.15878738956702843,0.08172480142795677,0.25709507426411365,0.2891560367143034,0.11761782228371005,0.2,0.0,False,False,0.0,0
H,1835086204,132,239,0.9789532151588008,0.9800580130267776,0.054032585925251564,0.9789532151588008,0.4,0.792793426445572,0.7262664538458036,0.8947543760529354,1.0238400476302998,239,0.21280693079870505,0.24326329523707718,0.0052203318177050494,0.25153277467845203,0.17864260899976986,0.1085340584682907,0.0,0.4,False,False,0.0,0
H,1835086204,133,239,0.9866217461946658,0.9866220483811238,0.11939120122267935,0.9866217461946658,0.126,0.7960087444280712,0.7305811131166042,0.8799513220204127,1.0430183616470547,235,0.19534977453863542,0.16611016298897063,0.04200753712417965,0.2695736396520671,0.17336191786385435,0.15359696783229293,0.6,0.0,False,False,0.0,0
H,1835086204,134,235,0.9851803019631715,0.985205276249289,0.0842395515608511,0.9851803019631715,0.256,0.7975339489733041,0.7258963148865546,0.8880907004567367,1.0248683709086346,234,0.08555321782225699,0.17974281447711055,0.10246182623394634,0.26733544387215086,0.2806725531918262,0.08423414440270909,0.4,0.2,False,False,0.0,0
H,1835086204,135,234,0.9898111133134109,0.9898115038987975,0.11737431818749872,0.9898111133134109,0.126,0.7961912598263376,0.7340967517911807,0.8809715118517627,1.0465838573385042,236,0.24369065811192392,0.17865368053018776,0.01334077121202952,0.2990545269368251,0.20844940720349858,0.056810956005535075,0.6,0.0,False,False,0.0,0
H,1835086204,136,236,0.9867766233560975,0.9867766314835673,0.1481744441836894,0.9867766233560975,0.0,0.7979941460849022,0.7432617016707211,0.8928206966030539,1.0432245548614287,241,0.2608723433637426,0.1701691864392976,0.04147148009046702,0.18839049890764975,0.2997316796823372,0.03936481151650581,0.0,0.0,False,False,0.0,0
H,1835086204,137,241,0.9863705320111754,0.986376418817019,0.09575237686534024,0.9863705320111754,0.21400000000000002,0.8020310575739646,0.7538471106575011,0.8958519265028358,1.0491941406726697,235,0.2843561758789507,0.1803394441683085,0.06517907574531076,0.18164304136309026,0.26156649780043684,0.02691576504390289,0.2,0.2,False,False,0.0,0
H,1835086204,138,235,0.9849128336625582,0.9852282361617232,0.06405296418442655,0.9849128336625582,0.35,0.8061501832764802,0.7588532916070578,0.8776825449001296,1.0725175412512358,233,0.2212317060303971,0.23095320603610117,0.10786649480650366,0.23821240569154742,0.15707905523788704,0.04465713219756367,1.0,0.0,False,False,0.0,0
H,1835086204,139,233,0.9910019084722436,0.9910995695294507,0.07343222811830445,0.9910019084722436,0.326,0.8120545649840598,0.7674470524439936,0.8639826901757698,1.0938510016318526,230,0.26920531771610845,0.20056703517517127,0.11807673203183386,0.23283558376148036,0.17034199882826542,0.008973332487140611,0.6,0.2,False,False,0.0,0
H,1835086204,140,230,0.9888202818205134,0.9888203278680732,0.13438475922126072,0.9888202818205134,0.05600000000000001,0.8128344533825639,0.7562279479087943,0.8775844211581928,1.0601363230582623,228,0.026915601087505393,0.2752764103268069,0.0963039666568921,0.23650186996462133,0.33731446286090855,0.027687689103265786,0.4,0.0,False,False,0.0,0
H,1835086204,141,228,0.9848940464882097,0.9854058398475555,0.0602011547500713,0.9848940464882097,0.4,0.8129865532072396,0.7473723977497638,0.8898259790423735,1.033114865711259,227,0.0494480904551151,0.26610390696529296,0.1347013741511129,0.20634618594624757,0.3038843461640442,0.03951609631818734,0.0,0.4,False,False,0.0,0
H,1835086204,142,227,0.9848413243513233,0.9848413458494742,0.14041591505646223,0.9848413243513233,0.05600000000000001,0.8078967226165823,0.7395886037926723,0.9008433811381361,1.0162137625904484,234,0.05731032412995891,0.21123478677874252,0.04875498822992335,0.2752120482992189,0.32406228248937585,0.08342557007278045,0.4,0.0,False,False,0.0,0
H,1835086204,143,234,0.9876906015167783,0.9877045156647803,0.08891588971159331,0.9876906015167783,0.21400000000000002,0.8065386344352813,0.7295085674069902,0.9107590430243225,0.9931200021073898,222,0.023742422549394137,0.14895824680713346,0.02705377141558173,0.269328698643955,0.4216962925255043,0.1092205680584315,0.2,0.2,False,False,0.0,0
H,1835086204,144,222,0.9832495784289919,0.9847246755415768,0.05176944813160282,0.9832495784289919,0.41400000000000003,0.8102600571790807,0.7304359751120564,0.8956172817478851,1.0065497824565948,221,0.15503545094269663,0.18582147762980825,0.08127822964588315,0.26881885143210366,0.1796707151299743,0.129375275219534,0.2,0.4,False,False,0.0,0
H,1835086204,145,221,0.9870877557080222,0.9870915719081967,0.09920850695714932,0.9870877557080222,0.21400000000000002,0.8008763591598985,0.7404150322234102,0.8792163130931796,1.0515114737292197,225,0.2687606983369586,0.15571860744158705,0.07990659462522426,0.27025722683711895,0.16580379760041497,0.05955307515869601,0.2,0.2,False,False,0.0,0
H,1835086204,146,225,0.9890772736103473,0.9890777149796551,0.11639541228669152,0.9890772736103473,0.126,0.8109563592649004,0.740108855848251,0.8811953514687721,1.0356807868150266,214,0.14643219045014133,0.2222708969534891,0.15334934922784563,0.20442695386133333,0.24950334842455238,0.02401726108263825,0.6,0.0,False,False,0.0,0
H,1835086204,147,214,0.9883558381504107,0.9883559653645154,0.12629201780643085,0.9883558381504107,0.126,0.8112152471776043,0.7387165169247923,0.8880763269173955,1.0253955096020684,221,0.13266379836192285,0.2101482386696286,0.06535581460854747,0.246422352443245,0.2750025529775024,0.07040724293915357,0.6,0.0,False,False,0.0,0
H,1835086204,148,221,0.9760439893065218,0.9856959430912149,0.036824799921905634,0.9760439893065218,0.526,0.8148967137431222,0.7268685508596218,0.8988507841485651,0.9923519119132641,223,0.0010982472633622527,0.19705395580608998,0.0003106962627841084,0.42969468302776215,0.2979104496145458,0.07393196802545574,0.6,0.4,False,False,0.0,0
H,1835086204,149,223,0.98695766388328,0.987152054129298,0.06792102443531496,0.98695766388328,0.326,0.811089923925278,0.7253285073558607,0.8952649638402203,0.9988819186098584,228,0.12254230049025036,0.1737065431707321,0.08682889203064291,0.36232056715031324,0.23149629053255824,0.023105406625503082,0.6,0.2,False,False,0.0,0
H,1835086204,150,228,0.986718213794639,0.9867182262775468,0.14475821994394744,0.986718213794639,0.05600000000000001,0.8079077337512885,0.7188080805324579,0.8902035960323684,0.9994517686094613,235,0.05932498180487832,0.2243996513394941,0.139815026886279,0.2928524582672655,0.22232564288085072,0.061282238821232446,0.4,0.0,False,False,0.0,0
H,1835086204,151,235,0.9863972535592583,0.98639725565602,0.15895613524400343,0.9863972535592583,0.014000000000000002,0.8010669003748693,0.7226053485383341,0.8778700006672685,1.027548137218925,239,0.18422090040623895,0.18988309518960853,0.014094269596064964,0.4014238659263691,0.1834338211906845,0.02694404769103389,0.2,0.0,False,False,0.0,0
H,1835086204,152,239,0.960313856270218,0.9854284075278715,0.02921052250837055,0.960313856270218,0.55,0.7963046206522807,0.7278833825641131,0.8900830006005417,1.0269565333877573,242,0.20510376815869638,0.15542311216008856,0.04070083424529642,0.20401785830892075,0.3054518257149591,0.08930260141203895,1.0,0.2,False,False,0.0,0
H,1835086204,153,242,0.9806349969148196,0.9806358913009289,0.11070533345290139,0.9806349969148196,0.2,0.7943720542448213,0.730217662162849,0.8800240352512491,1.0445610846260824,245,0.17160560908676908,0.20629003786089967,0.032643278053919964,0.2697558510854601,0.19474667355380781,0.12495855035914315,0.0,0.2,False,False,0.0,0
H,1835086204,154,245,0.9862490370027461,0.9871756965237132,0.05548981880413209,0.9862490370027461,0.4,0.8053750677719064,0.7437067790547065,0.8641306752325039,1.0686220646361166,238,0.3705138379533832,0.2298185988902485,0.031081013639923206,0.18931182299720167,0.16054521753189832,0.018729508987345128,0.0,0.4,False,False,0.0,0
H,1835086204,155,238,0.9846040862839166,0.9846057496044645,0.10579879446289751,0.9846040862839166,0.2,0.7987460210442117,0.7372166696758838,0.8728290232671079,1.0574437144842845,244,0.07119036967390809,0.15838451615053056,0.1222484935738759,0.3262453608612376,0.275557077789272,0.04637418195117585,0.0,0.2,False,False,0.0,0
H,1835086204,156,244,0.9879158615762205,0.9879158643836036,0.156645163728711,0.9879158615762205,0.0,0.7941419964130342,0.737095102631522,0.8738538711779362,1.0621516983687243,248,0.14674083049290493,0.16614217380230648,0.18321078205027366,0.22426426147265413,0.24153875118769583,0.038103200994165025,0.0,0.0,False,False,0.0,0
H,1835086204,157,248,0.9856666567441346,0.9856675292514686,0.11094321542182406,0.9856666567441346,0.126,0.7929643867570855,0.7452019372432197,0.8843461684360576,1.062668956420301,249,0.24951987179092244,0.2042009374713934,0.0571913277188274,0.18198659605683645,0.2893884218795751,0.01771284508244515,0.6,0.0,False,False,0.0,0
H,1835086204,158,249,0.9879562628747346,0.9881143002712097,0.06957680217400752,0.9879562628747346,0.326,0.7795992606290895,0.7417360791395741,0.8959115515924518,1.0619714697209057,260,0.10992798448144224,0.14534091592697324,0.028065571515289857,0.3111066984496001,0.3591849526130129,0.046373877013681626,0.6,0.2,False,False,0.0,0
H,1835086204,159,260,0.9856450614958392,0.9859423418207071,0.06452976152907783,0.9856450614958392,0.35,0.7748266070808784,0.737641310235921,0.896781521886998,1.061583241008056,257,0.09990043816657108,0.15933852639426122,0.059297919315600515,0.26320068154043064,0.25230562726895656,0.16595680731418,1.0,0.0,False,False,0.0,0
H,1835086204,160,257,0.9863741857784127,0.9863918437943218,0.08700854771620165,0.9863741857784127,0.21400000000000002,0.7660869889573015,0.7291708600596242,0.9057264007462362,1.0508825753541313,260,0.042645191693739405,0.1558530886271667,0.1514891331267943,0.2863063509374201,0.29311515523968995,0.07059108037518942,0.2,0.2,False,False,0.0,0
H,1835086204,161,260,0.9843646710517754,0.9843749035433044,0.09133544450459447,0.9843646710517754,0.2,0.7723506440986332,0.7378273606557608,0.9119697689843478,1.0475139152544486,257,0.25143804498897354,0.27720599293715453,0.008239540951975714,0.14444657976540498,0.28408004156367583,0.034589799792815415,0.0,0.2,False,False,0.0,0
H,1835086204,162,257,0.9808479551524616,0.9856637180362923,0.042358908274968195,0.9808479551524616,0.456,0.7748766611078567,0.7271575935638983,0.901926606841249,1.0404585049258108,250,0.01527001176156856,0.3278164459106528,0.03509790566022872,0.3950089403037437,0.20576907377668038,0.021037622587125892,0.4,0.4,False,False,0.0,0
H,1835086204,163,250,0.9908591564067726,0.9908697174618738,0.0911362129764121,0.9908591564067726,0.21400000000000002,0.7737176234386793,0.7373099052666783,0.902012054671359,1.0564653014622758,248,0.26887739226218543,0.17775341970236191,0.08857928249401177,0.1769757424660901,0.2513905425711746,0.036423620504176225,0.2,0.2,False,False,0.0,0
H,1835086204,164,248,0.9869095110387891,0.9869182416988814,0.09261946429357425,0.9869095110387891,0.2,0.7780758331373191,0.7328747373271387,0.9084831179490187,1.0367903915836187,247,0.09287909154742895,0.24055775929350426,0.053337944479754595,0.3263129993074237,0.283361343723978,0.0035508616479105705,0.0,0.2,False,False,0.0,0
H,1835086204,165,247,0.9909797113685673,0.990997520465497,0.08697781226145194,0.9909797113685673,0.22400000000000003,0.7736224397778027,0.7325084457542016,0.9176348061541169,1.0318431843379154,248,0.14096806616774776,0.2760560523918061,0.011276921433536246,0.1863831424787975,0.3613370294075873,0.02397878812052518,0.8,0.0,False,False,0.0,0
H,1835086204,166,248,0.9822677184255653,0.9860607272381673,0.044262461405429235,0.9822677184255653,0.456,0.7678539031994249,0.7219342059884952,0.9258713255387052,1.015473020262867,253,0.013139781525046211,0.17135525227518295,0.023474810863219044,0.38587279910283945,0.34093991770392557,0.06521743852978679,0.4,0.4,False,False,0.0,0
H,1835086204,167,253,0.984918401607556,0.9861439635024634,0.05325610886556311,0.984918401607556,0.4,0.7705642042640449,0.7191042529115255,0.9268676422347556,1.0068512323787768,254,0.10333446528068774,0.16703519084489588,0.03414657617680631,0.3467771605190212,0.26791724624960456,0.08078936092898423,0.0,0.4,False,False,0.0,0
H,1835086204,168,254,0.9882708577019549,0.9887709318802445,0.06041268273356345,0.9882708577019549,0.35,0.769784053126367,0.7095674481725811,0.93418087801128,0.9867197031222731,260,0.017730098832898236,0.24738838863133586,0.06162229626770955,0.2362919781029786,0.33161374780906394,0.10535349035601384,1.0,0.0,False,False,0.0,0
H,1835086204,169,260,0.9828721789353593,0.9828791403570907,0.09438943644080508,0.9828721789353593,0.2,0.7712545203187694,0.7126048661832391,0.9407627902101521,0.9821344156947313,253,0.16894738024108896,0.2538538276849529,0.028178798932010345,0.14832076888149975,0.3141979190479068,0.08650130521254121,0.0,0.2,False,False,0.0,0
H,1835086204,170,253,0.9724058139208352,0.9871670951278699,0.03345485545432171,0.9724058139208352,0.526,0.7688719295604068,0.7106933727837185,0.9466865111891368,0.9763871852516816,254,0.10898437387051581,0.17080069422341468,0.0019872091233239996,0.30975456662209955,0.40737180333373557,0.0011013528269103743,0.6,0.4,False,False,0.0,0
H,1835086204,171,254,0.9856786705077569,0.9867888433559545,0.05404843429810141,0.9856786705077569,0.4,0.7751268149711725,0.7165111310286433,0.928831839420284,0.9952062302256026,252,0.20440533605138478,0.22611499925223746,0.050704907686144884,0.22105868090992814,0.18406989675030458,0.11364617935000029,0.0,0.4,False,False,0.0,0
H,1835086204,172,252,0.9907675498823121,0.9913352814797747,0.05942322783273586,0.9907675498823121,0.35,0.7746103094030616,0.7247421103986176,0.9279677775977705,1.008247902747992,244,0.23820669901758101,0.16269338163668426,0.023433592473496877,0.22297821840848156,0.26009561059757447,0.09259249786618187,1.0,0.0,False,False,0.0,0
H,1835086204,173,244,0.9860046769343886,0.986005571254342,0.11074939044321618,0.9860046769343886,0.126,0.7792546625668678,0.7184994488771119,0.9351709998379935,0.98595251509479,242,0.062430549980315816,0.20763528161874506,0.06471804029898956,0.25136186310415143,0.33240496475368664,0.08144930024411148,0.6,0.0,False,False,0.0,0
H,1835086204,174,242,0.9845478449607601,0.9845656852365485,0.08691205716396633,0.9845478449607601,0.22400000000000003,0.7829911367729349,0.724400333035049,0.9338302642986349,0.9907266616221001,235,0.21032320752240807,0.23215064950597783,0.08207646688800696,0.20515744663748725,0.2608818222222039,0.009410407223915835,0.8,0.0,False,False,0.0,0
H,1835086204,175,235,0.9828597808970808,0.9828629355313315,0.10068979339913085,0.9828597808970808,0.21400000000000002,0.7908039031652824,0.7253945448655584,0.9101718686243971,1.0078179118533797,232,0.1526778560282727,0.23084065412029464,0.08189289322167467,0.297423102943248,0.14862315377812865,0.08854233990838133,0.2,0.2,False,False,0.0,0
H,1835086204,176,232,0.9833254645727467,0.9833254910360912,0.13874960075891865,0.9833254645727467,0.05600000000000001,0.7971117549446696,0.7229172312434579,0.9114414109354646,0.9950401529618437,229,0.1099051702647175,0.16961863470909216,0.15753777301615882,0.24517787108228548,0.26143364586753587,0.05632690506021023,0.4,0.0,False,False,0.0,0
H,1835086204,177,229,0.985326102423127,0.9871936486722326,0.049911586996922566,0.985326102423127,0.41400000000000003,0.7995159961957761,0.727361769820103,0.9049918700191673,1.0052605410866668,233,0.1948800017352262,0.17455438943750406,0.08043789105713872,0.23353852355241933,0.22347300088624525,0.09311619333146634,0.2,0.4,False,False,0.0,0
H,1835086204,178,233,0.9870173370139518,0.9870388808158269,0.08543052198569814,0.9870173370139518,0.256,0.8014952373049428,0.7354336418631071,0.8998528456106384,1.0196967898646578,230,0.24299950667511602,0.25210310367928335,0.02286860140458344,0.2019304657055569,0.22680081296693902,0.05329750956852141,0.4,0.2,False,False,0.0,0
H,1835086204,179,230,0.9893359748521543,0.9893359843527904,0.14695242310359605,0.9893359748521543,0.014000000000000002,0.800327275887718,0.7453187449272277,0.87960425028915,1.0587346003891376,230,0.2707098144659497,0.1772099866323989,0.14937705679520832,0.22659353571504007,0.14868344619787732,0.027426160193525513,0.2,0.0,False,False,0.0,0
H,1835086204,180,230,0.9882538731152226,0.9882634189464864,0.09191976189352906,0.9882538731152226,0.21400000000000002,0.7976262014022232,0.749696920444737,0.8857960572069405,1.0610908566334194,233,0.20805140954838375,0.2816538601160131,0.02545287774702461,0.19680403894860946,0.2707611597335279,0.017276653906440988,0.2,0.2,False,False,0.0,0
H,1835086204,181,233,0.9717363426609166,0.9861674261339235,0.03362687256158805,0.9717363426609166,0.526,0.7999176006523879,0.7532013167896259,0.8972164514862465,1.0494665231765248,237,0.1998655295890714,0.18520777748865816,0.034709065324060144,0.1922761487252226,0.31980058352612195,0.06814089534686578,0.6,0.4,False,False,0.0,0
H,1835086204,182,237,0.9877724254399426,0.9877726423611836,0.12203932242566037,0.9877724254399426,0.126,0.7974311180188077,0.7477667893898929,0.8931175479844822,1.049939733672076,238,0.0903192304968546,0.23860368146978925,0.03623783631605977,0.31024956376740254,0.22811370823430133,0.09647597971559256,0.6,0.0,False,False,0.0,0
H,1835086204,183,238,0.988727826742371,0.9888661780662715,0.07064182875275321,0.988727826742371,0.326,0.7995161493271794,0.7415890083815708,0.890807765262615,1.041242891676886,240,0.07763198076465712,0.37510620503829717,0.004684115147886139,0.27500641069460685,0.2350098603829052,0.03256142797164751,0.6,0.2,False,False,0.0,0
H,1835086204,184,240,0.9416364206205947,0.9891943189286199,0.024158373117910595,0.9416364206205947,0.6,0.7952697406652532,0.7404057813926713,0.8970735469636628,1.0378325622928009,237,0.13620279287723785,0.15454891237720483,0.08790467728239224,0.29061574243971144,0.2767327911365465,0.0539950838869073,0.0,0.6,False,False,0.0,0
H,1835086204,185,237,0.9864400105761628,0.9864400217039317,0.14567072034609166,0.9864400105761628,0.0,0.7969889943798125,0.7405711571991181,0.9073661922672965,1.024075262964945,237,0.1523208109510044,0.1762070177478527,0.03626029082712861,0.22591698501204138,0.3870282917856483,0.022266603676324603,0.0,0.0,False,False,0.0,0
H,1835086204,186,237,0.9832979983353937,0.9843517974826099,0.054443581374575584,0.9832979983353937,0.4,0.8008675015668641,0.7429238811465158,0.9166295730405669,1.0120216034819258,240,0.17976602259191837,0.20606267168527262,0.1371424049811289,0.15415876683243646,0.3106903304741723,0.012179803435071317,0.0,0.4,False,False,0.0,0
H,1835086204,187,240,0.9872215203289683,0.9874140767836189,0.06799858527270353,0.9872215203289683,0.326,0.7985955620244862,0.7451374785703939,0.9209848313729978,1.0131110169660213,246,0.17949739351504884,0.21815959357366044,0.0919576518970431,0.21984656533603247,0.28009107818243795,0.010447717495777255,0.6,0.2,False,False,0.0,0
H,1835086204,188,246,0.9883967330246917,0.9883967894771277,0.1327596932728659,0.9883967330246917,0.05600000000000001,0.7877926526570599,0.7494283686920923,0.9151034162477314,1.0395563271650083,240,0.20684705062772624,0.14496691894661887,0.0208632624529777,0.24704113932667043,0.23108534006016712,0.14919628858583964,0.4,0.0,False,False,0.0,0
H,1835086204,189,240,0.9718266333314328,0.986692678397559,0.03339473428743311,0.9718266333314328,0.526,0.7853138510738648,0.7437434762166735,0.9175921515135114,1.0321200663591383,246,0.08483157448982258,0.21558010053502716,0.07889921695204802,0.2824919644781167,0.2699953844527657,0.06820175909222004,0.6,0.4,False,False,0.0,0
H,1835086204,190,246,0.9899184336145042,0.9899184878283731,0.1330940169153508,0.9899184336145042,0.05600000000000001,0.7865669144088255,0.7499797837109614,0.9068501968031307,1.0514250762084354,247,0.23029351631402087,0.21201491374553152,0.048192318941938934,0.2917324836497261,0.20508630220485238,0.012680465143930342,0.4,0.0,False,False,0.0,0
H,1835086204,191,247,0.9838131555795343,0.9840050270534955,0.06799942238537653,0.9838131555795343,0.326,0.7876400468235671,0.7400350032202314,0.9138053632943074,1.0281838312845681,249,0.03192760868522624,0.20091744138329382,0.1429495961444194,0.31606743773076773,0.2882009308574488,0.019936985198844157,0.6,0.2,False,False,0.0,0
H,1835086204,192,249,0.9831377603674882,0.9881878920718158,0.04200100549634746,0.9831377603674882,0.456,0.7884264722627609,0.729998465944857,0.9138396870906805,1.0131896265110458,246,0.02456516107046382,0.17702783233906141,0.14840351038438218,0.29537773523321004,0.2570743006290194,0.09755146034386314,0.4,0.4,False,False,0.0,0
H,1835086204,193,246,0.9892636471434662,0.9892636820943704,0.1365831623640133,0.9892636471434662,0.05600000000000001,0.7945781440173877,0.729438920235283,0.8987515947896463,1.021439487169953,246,0.13675471984586177,0.2017715281776923,0.09582109800928576,0.28945951191361796,0.1814793820401693,0.09471376001337305,0.4,0.0,False,False,0.0,0
H,1835086204,194,246,0.9867934089226154,0.9868007055761059,0.09404675397963184,0.9867934089226154,0.22400000000000003,0.7940208404661504,0.7199563382661578,0.9088764353106816,0.9976298026935353,247,0.024867050532987392,0.20638059881913332,0.001150149278431432,0.2468424279084228,0.4544033707879362,0.06635640267308882,0.8,0.0,False,False,0.0,0
H,1835086204,195,247,0.9901095254632855,0.9901103827994969,0.11111864142052916,0.9901095254632855,0.126,0.7917715987708137,0.7130638945927417,0.9106354755989507,0.988971923690186,248,0.05131716549864704,0.17208430701092736,0.16522702142701007,0.3282992273476589,0.2632334190966862,0.01983885961907054,0.6,0.0,False,False,0.0,0
H,1835086204,196,248,0.9908166957398353,0.9908635521939008,0.0792763237979554,0.9908166957398353,0.256,0.7923560188276801,0.7127370337380529,0.9195719280390556,0.9781900908101564,250,0.12907917343685296,0.19767910577034173,0.01493517311447056,0.18691001892444817,0.36976969033440954,0.1016268384194769,0.4,0.2,False,False,0.0,0
H,1835086204,197,250,0.9880887997661923,0.9892863788236188,0.053465290592257055,0.9880887997661923,0.42400000000000004,0.7992962756490155,0.7054148998340215,0.92761473523515,0.9514132610700982,243,0.04143397228589167,0.16450038011458248,0.04950589242197418,0.2813609777301012,0.3677385640510671,0.09546021339638344,0.8,0.2,False,False,0.0,0
H,1835086204,198,243,0.9847235682749558,0.9859962551715029,0.0529545756648451,0.9847235682749558,0.41400000000000003,0.7865405563017264,0.7193943863479955,0.9348532617116351,0.9783685324612696,248,0.3031278938209377,0.13593138821870018,9.526849403733103e-06,0.22495419906458197,0.3307433324772588,0.00523365956911752,0.2,0.4,False,False,0.0,0
H,1835086204,199,248,0.9850705935419142,0.9863746489726831,0.05276381291136093,0.9850705935419142,0.42400000000000004,0.786046139529459,0.7240326078823375,0.9299470338151758,0.9904940547123822,252,0.1950992606467729,0.20006753350604303,0.07496960854377863,0.25083319077201366,0.24289549137352118,0.03613491515787054,0.8,0.2,False,False,0.0,0
H,1835086204,200,252,0.9897471392047629,0.9897507823385,0.09959935733701755,0.9897471392047629,0.2,0.7927447906433495,0.7206223837140302,0.9297028783172472,0.9777552927674912,252,0.09739257782262044,0.34687304133727087,0.03655364827941421,0.25091761869438406,0.26375273941794464,0.004510374448365778,0.0,0.2,False,False,0.0,0
H,1835086204,201,252,0.9771697808001099,0.9871347099186089,0.03658239255822053,0.9771697808001099,0.526,0.7919670529419915,0.7152096584994392,0.9367325904855225,0.9640745664737842,253,0.07022992463888107,0.2422259180441404,0.056620773566426294,0.2845510535036668,0.3251496204068676,0.021222709840017735,0.6,0.4,False,False,0.0,0
H,1835086204,202,253,0.9860148950566224,0.9875301909184808,0.05157807282836843,0.9860148950566224,0.42400000000000004,0.7914996614434907,0.7243564608811731,0.9114997556208361,1.0040262053693694,261,0.24884106633382366,0.2708045168583513,0.07234826145559031,0.25513976157774976,0.1422021209193291,0.010664272855155886,0.8,0.2,False,False,0.0,0
H,1835086204,203,261,0.9898217503608131,0.989831298988615,0.09193004891166703,0.9898217503608131,0.21400000000000002,0.7920374932179354,0.735790991303482,0.9011638244039543,1.030872551900876,257,0.283154418329595,0.18840141965178864,0.07757995123574982,0.15306661509528716,0.20407022172600908,0.09372737396157041,0.2,0.2,False,False,0.0,0
H,1835086204,204,257,0.98842223086723,0.988432630700895,0.0912390635384174,0.98842223086723,0.22400000000000003,0.7963295761665586,0.7356423882949509,0.8929754664333514,1.0345092361549055,249,0.14551183195803644,0.16869197019003582,0.0901792841027609,0.28517756743402667,0.20964012234896237,0.10079922396617777,0.8,0.0,False,False,0.0,0
H,1835086204,205,249,0.9839949757181364,0.9840098302312137,0.08836548827095943,0.9839949757181364,0.256,0.7978335554904767,0.7342825878046462,0.8926025882450758,1.0310810140109055,244,0.13027898655553535,0.17580255137048229,0.10119797315548394,0.288154677158086,0.24462334227529792,0.05994246948511451,0.4,0.2,False,False,0.0,0
H,1835086204,206,244,0.9863192220431217,0.9863230670891527,0.09914236491388823,0.9863192220431217,0.21400000000000002,0.7974087310419798,0.72364324685492,0.9033423294205682,1.0045953551714015,248,0.01343485550632611,0.20593077296859585,0.004826653668729123,0.22224256997504424,0.477699147463126,0.07586600041817873,0.2,0.2,False,False,0.0,0
H,1835086204,207,248,0.9841175874828229,0.9861932084876244,0.04906265361710993,0.9841175874828229,0.41400000000000003,0.7959654203294586,0.7257864736894918,0.9040819186037213,1.0085719504137125,256,0.1665673647164726,0.1772274597844998,0.11400317097503594,0.22465554955068284,0.25536911062604967,0.062177344347259036,0.2,0.4,False,False,0.0,0
H,1835086204,208,256,0.9896599558996305,0.989659981368882,0.13910549488355733,0.9896599558996305,0.05600000000000001,0.792585872207103,0.7241704728813042,0.9109094147345652,1.0030424088764307,252,0.12091653595358706,0.26943681939315,0.07653324695410767,0.17586076000921905,0.2861784399560799,0.07107419773385627,0.4,0.0,False,False,0.0,0
H,1835086204,209,252,0.9867267465652854,0.9867369182680602,0.09140195178565297,0.9867267465652854,0.21400000000000002,0.7964725159287662,0.7332095377371393,0.9197349788235682,1.000909031402681,251,0.253094856248754,0.20707049638047922,0.013828529574726791,0.20612086353350134,0.2995825278122976,0.02030272645024109,0.2,0.2,False,False,0.0,0
H,1835086204,210,251,0.983576881454583,0.9871351774241874,0.04477960249593782,0.983576881454583,0.456,0.7941835558184249,0.7301177453326082,0.9277614809412115,0.9909133425260962,261,0.10710855602907439,0.17011672455095267,2.2148379237844716e-05,0.18792237158625957,0.3696426403518406,0.16518755910263488,0.4,0.4,False,False,0.0,0
H,1835086204,211,261,0.9875401589711862,0.9875402313881873,0.1307703938203312,0.9875401589711862,0.05600000000000001,0.7952302778309687,0.7344963690761626,0.9187857958644715,1.0052694244116986,256,0.19855638762730926,0.22625746822455745,0.013874634593642842,0.2721381620396334,0.219002315086906,0.07017103242795103,0.4,0.0,False,False,0.0,0
H,1835086204,212,256,0.9860109449323864,0.9881934680619996,0.04867901773317665,0.9860109449323864,0.41400000000000003,0.7956909635814295,0.7270984449269187,0.9193587426033738,0.9939482640148491,262,0.05408617880705261,0.23504962381202157,0.09939120205672661,0.2653748209820168,0.26225763162674715,0.08384054271543513,0.2,0.4,False,False,0.0,0
H,1835086204,213,262,0.9897152012405575,0.9897253154777605,0.09147112133733182,0.9897152012405575,0.22400000000000003,0.7968265692342487,0.7407435226805728,0.8989610955667442,1.034101477705486,261,0.4026381829509734,0.18395705535617496,0.0712639098687791,0.17659924913865238,0.1576911361185389,0.007850466566881051,0.8,0.0,False,False,0.0,0
H,1835086204,214,261,0.981064791388734,0.9810648092962057,0.14184002704946375,0.981064791388734,0.014000000000000002,0.7991854800012009,0.7372113030264971,0.8975943820250732,1.0276950737515258,260,0.10631195599941143,0.2523526278925845,0.03789172569880172,0.315826177449228,0.24264698007501714,0.04497053288495738,0.2,0.0,False,False,0.0,0
H,1835086204,215,260,0.9846116534928671,0.9846116611699077,0.1486108085777137,0.9846116534928671,0.014000000000000002,0.8032898868908689,0.7503507378751723,0.8894211524096461,1.0502303409804425,258,0.3534253058431701,0.17792406187985077,0.021404763307021072,0.20286737259637236,0.2079310429354012,0.03644745343818446,0.2,0.0,False,False,0.0,0
H,1835086204,216,258,0.9862473128680936,0.9875256745595989,0.05293149894546913,0.9862473128680936,0.4,0.8025056125411734,0.7381551626097514,0.8948625696380774,1.0278819513423973,258,0.00402452035422251,0.20702029966992272,0.09381362924980906,0.3382310898389871,0.27191766234697917,0.08499279854007936,0.0,0.4,False,False,0.0,0
H,1835086204,217,258,0.9859361848684752,0.986043533813199,0.072638638035412,0.9859361848684752,0.326,0.8047566764558589,0.7345750506018827,0.9053763126742697,1.0081901671180646,256,0.10409557653273466,0.2167041684041803,0.07039476271975792,0.17255752138475744,0.4178394465386268,0.01840852441994295,0.6,0.2,False,False,0.0,0
H,1835086204,218,256,0.9889780055523275,0.9889836620362856,0.09609108462367906,0.9889780055523275,0.2,0.805503128034211,0.7406662322132693,0.893772616725738,1.0287936362453611,256,0.2227491767685097,0.27552710594963425,0.09609180179549653,0.1942731210803067,0.19466967659447687,0.016689117811575963,0.0,0.2,False,False,0.0,0
H,1835086204,219,256,0.9902282153987549,0.9902493834005189,0.08559644856026778,0.9902282153987549,0.256,0.8044058970801679,0.7375721300517486,0.8802743309172296,1.041624567394533,251,0.11174011811428455,0.19394745002197633,0.025378820154371193,0.4353150133272312,0.17939487932032663,0.05422371906180991,0.4,0.2,False,False,0.0,0
H,1835086204,220,251,0.9806705722340916,0.9807925065221701,0.07158204025936588,0.9806705722340916,0.326,0.8103698665393719,0.7370256711699457,0.8670865950027146,1.0489066994185103,245,0.1416518452598062,0.2977051115603571,0.04434454663328672,0.28560567176081925,0.17419848588603976,0.056494338899691056,0.6,0.2,False,False,0.0,0
H,1835086204,221,245,0.9876679854020024,0.9876681547338179,0.1240099851446054,0.9876679854020024,0.126,0.805558425959123,0.7403110385692211,0.8469178475030698,1.0851153208791404,259,0.1892081369721583,0.2944043829402826,0.0257161608201728,0.31376463793504616,0.13269956000313307,0.044207121329207004,0.6,0.0,False,False,0.0,0
H,1835086204,222,259,0.984577121942838,0.9845774715479679,0.11821442727756072,0.984577121942838,0.126,0.8112247416171574,0.734344508357575,0.8622260627527628,1.0498748141794867,256,0.07561277146018694,0.22876360755943045,0.045672547597145015,0.2621065371392956,0.3541558241227416,0.03368871212120038,0.6,0.0,False,False,0.0,0
H,1835086204,223,256,0.9868906691321201,0.9868912343476031,0.11440906983131191,0.9868906691321201,0.126,0.8121624409507311,0.7298468201208915,0.8760034564774866,1.0258479597502774,256,0.09024421476494016,0.2899012622639974,0.06308425952409534,0.22617601509551824,0.3000128697988898,0.030581378552559053,0.6,0.0,False,False,0.0,0
H,1835086204,224,256,0.9882400087906951,0.9882520880536393,0.09004598333469722,0.9882400087906951,0.22400000000000003,0.81763430575864,0.7197311207014773,0.8884031108297379,0.9908344684021276,248,0.01720801983287926,0.17009668663624244,0.033927487897462485,0.36578784362571803,0.33658957233892056,0.07639038966877731,0.8,0.0,False,False,0.0,0
H,1835086204,225,248,0.9854378370069548,0.986013345915314,0.05927207513422666,0.9854378370069548,0.4,0.8283502155558927,0.721731734400421,0.8995627997467641,0.96856846386226,238,0.16233962167522023,0.25061851263778007,0.04612727524042777,0.21627538532653595,0.3082900599903018,0.016349145129734153,0.0,0.4,False,False,0.0,0
H,1835086204,226,238,0.9893667681051409,0.9895323092632937,0.06921896396833624,0.9893667681051409,0.326,0.8252643676619953,0.7109496486993694,0.9096065197720877,0.9470920374286613,241,0.0038062627371171095,0.1708742576566279,0.102051271302918,0.24475078731164018,0.3222088735573334,0.15630854743436348,0.6,0.2,False,False,0.0,0
H,1835086204,227,241,0.9728190251445527,0.9831800826961915,0.03624013572027833,0.9728190251445527,0.526,0.8188170865234851,0.7010931249023131,0.9077771835958408,0.9432125026177594,243,0.008636982973902042,0.2738810759356711,0.012444074067259493,0.4580927970203324,0.24565657900480936,0.0012884909980255676,0.6,0.4,False,False,0.0,0
H,1835086204,228,243,0.9901127607653758,0.9901127627507093,0.15942074004913953,0.9901127607653758,0.014000000000000002,0.8148567395903489,0.6994344927384626,0.9110573360216287,0.9421500476173877,249,0.10495030101581411,0.32919638612634,0.038804843417166224,0.23636013954276758,0.27028935392686,0.020398975971052183,0.2,0.0,False,False,0.0,0
H,1835086204,229,249,0.9845814933345721,0.9860415142665696,0.051861860037848546,0.9845814933345721,0.42400000000000004,0.8079790143150425,0.6964718840604931,0.9074826691617719,0.949872180298843,255,0.0876139494869201,0.1839535259343269,0.05953438839828156,0.3004251542988303,0.2376553337115298,0.1308176481701114,0.8,0.2,False,False,0.0,0
H,1835086204,230,255,0.9850132019730122,0.9850230496746345,0.09164579373029585,0.9850132019730122,0.22400000000000003,0.8074573834941567,0.6991153394147573,0.9167344022455947,0.9444646154363989,256,0.1558381194661109,0.1981976503963864,0.002175216916405592,0.2506942754086314,0.3023054127295216,0.0907893250829441,0.8,0.0,False,False,0.0,0
H,1835086204,231,256,0.9878114620899573,0.9878114844456036,0.14012855098843033,0.9878114620899573,0.014000000000000002,0.8089783090999194,0.7094409424717725,0.8901543972136139,0.9851764680040823,255,0.2535171253469126,0.16741122066408864,0.05415379423900973,0.2706182347485641,0.1254671759628933,0.12883244903853164,0.2,0.0,False,False,0.0,0
H,1835086204,232,255,0.9826525984857142,0.9826526096231029,0.14563322065893283,0.9826525984857142,0.0,0.8036860465874879,0.7166777077544657,0.8912071756780369,1.000596070622533,251,0.22136015507852344,0.15193876193661432,0.07736723156281115,0.23002875790233415,0.25034109092892204,0.06896400259079503,0.0,0.0,False,False,0.0,0
H,1835086204,233,251,0.9917010339569117,0.9917134277494817,0.08986919639940193,0.9917010339569117,0.22400000000000003,0.8007215358224764,0.7129057895619779,0.9020864581102331,0.9869666298669246,245,0.08827458994044304,0.22846235013757263,0.05576620968227792,0.21646626229512758,0.30506515429361164,0.10596543365096726,0.8,0.0,False,False,0.0,0
H,1835086204,234,245,0.9845725698443217,0.9863273078732744,0.050400557397856476,0.9845725698443217,0.4,0.8003128303139901,0.7032235101317771,0.9078669738734804,0.9678574213102585,248,0.012037625598725281,0.1784189714547681,0.08324671181393684,0.23771276805955197,0.2799458078713525,0.20863811520166534,0.0,0.4,False,False,0.0,0
H,1835086204,235,248,0.9674174251863107,0.984759931740171,0.032152632323425356,0.9674174251863107,0.526,0.8049079399650361,0.6951467980382193,0.9170802764861323,0.941722532684567,241,0.026055792662889262,0.16536127381581237,0.09026948712331893,0.23956690526017502,0.37889510934057224,0.09985143179723226,0.6,0.4,False,False,0.0,0
H,1835086204,236,241,0.9901302822281599,0.9901488650914432,0.08663244714630694,0.9901302822281599,0.256,0.8026645518507791,0.6968112066966328,0.9199913826068808,0.9436203184194918,242,0.14277185700405548,0.16173488515845086,0.08526552015335247,0.2859827068855582,0.2730956688468086,0.051149361951774594,0.4,0.2,False,False,0.0,0
H,1835086204,237,242,0.9840034197091901,0.984003455160795,0.13642749764487366,0.9840034197091901,0.05600000000000001,0.7977054375158613,0.6981128000215672,0.9279922443461928,0.9430586478425441,240,0.13927692074707596,0.14083910819792692,0.036473021576418324,0.2988885052827482,0.3527368640203081,0.031785580175522445,0.4,0.0,False,False,0.0,0
H,1835086204,238,240,0.9909909451007609,0.9909916655344712,0.11251059137133654,0.9909909451007609,0.126,0.7999459678918915,0.6904139685249249,0.9289692235650302,0.9290681876381046,240,0.02758510630545064,0.16278313843000417,0.019787664978962123,0.2640236698580242,0.26888101826728333,0.2569394021602756,0.6,0.0,False,False,0.0,0
H,1835086204,239,240,0.9852444557121007,0.9852449181671489,0.11599303009115138,0.9852444557121007,0.126,0.8035384902676312,0.687446046189776,0.9360723012085271,0.9139502148971766,239,0.08190970113871743,0.1828537744471029,0.0698956025691167,0.20424872930232524,0.3231594904095885,0.13793270213314915,0.6,0.0,False,False,0.0,0
H,1835086204,240,239,0.9855835520152233,0.9855835711119059,0.14136480104159163,0.9855835520152233,0.014000000000000002,0.81014933635183,0.6979083373669581,0.9178855107934414,0.9385227220935913,241,0.2479324185833866,0.17458715276030004,0.11032138347270758,0.22151241676461395,0.1771021985288348,0.06854442989015702,0.2,0.0,False,False,0.0,0
H,1835086204,241,241,0.9853466435905787,0.9869024931743994,0.05136277771312712,0.9853466435905787,0.42400000000000004,0.8169286196425937,0.7037853739219873,0.9056899353520173,0.9512103878601075,233,0.19715566779221258,0.1961395356141435,0.05323775895487739,0.32448314159338776,0.19796487818959982,0.03101901785577896,0.8,0.2,False,False,0.0,0
H,1835086204,242,233,0.9844814827992635,0.986183367812079,0.05064283947860819,0.9844814827992635,0.42400000000000004,0.8198095786606684,0.7075579670842255,0.9151209418168156,0.9431277929204075,228,0.17452327322921948,0.2616963978878318,0.04947595126656385,0.1598941232962554,0.318874820060689,0.03553543425944053,0.8,0.2,False,False,0.0,0
H,1835086204,243,228,0.9819099967772674,0.9819104460786127,0.11619573658069458,0.9819099967772674,0.126,0.814784272404434,0.7156609699010841,0.9236088476351341,0.9509914465591346,228,0.23101126463837374,0.1548606318467819,0.056032367112030884,0.17697825634680073,0.3629305278995238,0.018186952156489102,0.6,0.0,False,False,0.0,0
H,1835086204,244,228,0.9832970102682238,0.9857573582256969,0.04770558463225269,0.9832970102682238,0.456,0.8209662565078236,0.7289609140844953,0.9312479628716207,0.9534844174560456,220,0.30103740848081745,0.1856936250652206,1.2394555738366372e-05,0.09751249264852664,0.4020663593690713,0.01367771988062571,0.4,0.4,False,False,0.0,0
H,1835086204,245,220,0.9843651070985997,0.984369680271998,0.09774613413535048,0.9843651070985997,0.21400000000000002,0.8209020305595323,0.7259627555862911,0.9289605367000551,0.9519754428380016,221,0.10562359007525676,0.2571523535315657,0.07465310597056088,0.23239692379127075,0.25418685057798246,0.07598717605336355,0.2,0.2,False,False,0.0,0
H,1835086204,246,221,0.9856058258927293,0.9856058289213561,0.15602270510281754,0.9856058258927293,0.014000000000000002,0.8151613280441451,0.718790176285309,0.9360644830300495,0.9420041099312978,225,0.05156948097915546,0.15447923105409814,0.09411720612357462,0.27790385976907056,0.42116938264179204,0.0007608394323091991,0.2,0.0,False,False,0.0,0
H,1835086204,247,225,0.9864585140790746,0.9864626014853435,0.09865693111649859,0.9864585140790746,0.21400000000000002,0.806922240652466,0.725557919049718,0.915304374401601,0.9823694830612878,228,0.2213406447334314,0.20769507260253714,0.04223029706296896,0.33247948915848924,0.16423169837278173,0.032022798069791567,0.2,0.2,False,False,0.0,0
H,1835086204,248,228,0.9903176784563069,0.9903262038148034,0.09283632134122002,0.9903176784563069,0.21400000000000002,0.8098464025273031,0.7236116775089636,0.898397649886595,0.9945675889387543,231,0.11664568014664427,0.2844740855407952,0.043991031710576674,0.2809016022689929,0.17311856462577074,0.10086903570722024,0.2,0.2,False,False,0.0,0
H,1835086204,249,231,0.9872486109505968,0.9872535754695605,0.0971158264117462,0.9872486109505968,0.21400000000000002,0.8090625228390089,0.7158987017353345,0.8910512345278653,0.9930401642653102,231,0.043345101272738766,0.25626505080482087,0.023490083169600377,0.3455835660198997,0.21246674814964908,0.1188494505832913,0.2,0.2,False,False,0.0,0
H,1835086204,250,231,0.9864451615261899,0.9867447522881742,0.06447461136011733,0.9864451615261899,0.35,0.8091214289954178,0.7133137551293898,0.8820712418160047,0.9994549712355774,231,0.10262485601027516,0.165151028751973,0.02395793295434933,0.40388673116001406,0.2006256537046298,0.10375379741875845,1.0,0.0,False,False,0.0,0
H,1835086204,251,231,0.9766723618717004,0.9799690536242002,0.04532945509405799,0.9766723618717004,0.456,0.8103405514789116,0.7115733016870431,0.8793628836056184,0.9985824784042441,229,0.11156542892653515,0.19962541958026683,0.04086210691080376,0.260212093702679,0.22749382985607114,0.16024112102364402,0.4,0.4,False,False,0.0,0
H,1835086204,252,229,0.987815113708491,0.9888491879393015,0.05463027526722586,0.987815113708491,0.41400000000000003,0.8072923535330425,0.7051895138997463,0.8706309542448835,1.0033233114493483,235,0.052435966213190625,0.2071185007221797,0.06272928940684125,0.30366296058678083,0.1960217949991344,0.17803148807187325,0.2,0.4,False,False,0.0,0
H,1835086204,253,235,0.9853223382378459,0.9853223791200293,0.13530364359189637,0.9853223382378459,0.05600000000000001,0.8098867775458157,0.701228595245677,0.876623307079603,0.9876937280689018,231,0.07873196301147645,0.1849623163604704,0.03556130266601092,0.2774018876289997,0.2652772412960395,0.15806528903700284,0.4,0.0,False,False,0.0,0
H,1835086204,254,231,0.9868778480339278,0.9882194730442951,0.05255259994878224,0.9868778480339278,0.4,0.8076668612698278,0.6956079205115772,0.8842518845026155,0.9739939524160033,231,0.05550943785229945,0.2334916491316585,0.15853802101635875,0.25652064051357776,0.27645454065486413,0.01948571083124144,0.0,0.4,False,False,0.0,0
H,1835086204,255,231,0.9886569323281924,0.9892833373585072,0.05862387366521384,0.9886569323281924,0.41400000000000003,0.8053022543837827,0.7018210094674036,0.8696556442088491,1.0021209239408269,232,0.19991856226756533,0.21074073155358833,0.0655041444183088,0.3511082402533211,0.16914474078247604,0.003583580724740464,0.2,0.4,False,False,0.0,0
H,1835086204,256,232,0.9840834057416897,0.9850556129727259,0.05509075867079368,0.9840834057416897,0.41400000000000003,0.8012667452913537,0.6963376855183437,0.8750375506601059,0.9931528438764562,237,0.057596581553879686,0.18121848019405698,0.06096580914884997,0.309195610553212,0.26173735436070855,0.12928616418929278,0.2,0.4,False,False,0.0,0
H,1835086204,257,237,0.9804121816201726,0.983816531631577,0.045104852601701516,0.9804121816201726,0.456,0.8006201806287995,0.7027980664825343,0.8875337955940953,0.989052001205601,239,0.20346581550134638,0.19022042384434096,0.0074099624292385926,0.2138567482112957,0.3754050060780957,0.009642043935682692,0.4,0.4,False,False,0.0,0
H,1835086204,258,239,0.98601220027049,0.9860243712334353,0.08996781861616597,0.98601220027049,0.21400000000000002,0.7987796500140539,0.6960158933593767,0.8987804160346857,0.9694793518672873,235,0.04197162751211401,0.15676170119876903,0.0072709988754195804,0.32601434869381873,0.45092761054620845,0.017053713173670187,0.2,0.2,False,False,0.0,0
H,1835086204,259,235,0.9906009613053223,0.9906009650576736,0.15435731373692163,0.9906009613053223,0.014000000000000002,0.8014916719198024,0.6909509007299782,0.9054069742291019,0.9521477330698613,236,0.05919752548212834,0.31528348412650825,0.0800203441960642,0.21286992820116224,0.2825229989894238,0.050105719004713126,0.2,0.0,False,False,0.0,0
H,1835086204,260,236,0.957353887803505,0.9816081884120262,0.029457039824172842,0.957353887803505,0.55,0.7989285000328372,0.6828433430519707,0.9136253396493977,0.9355026662266236,240,0.017999841981142628,0.1954244856901831,0.004371750019793137,0.26634798633819473,0.29379531421603006,0.22206062175465638,1.0,0.2,False,False,0.0,0
H,1835086204,261,240,0.9908841916450483,0.9908841983835858,0.149699281918517,0.9908841916450483,0.0,0.8009282266958218,0.6855341927492253,0.922262805684458,0.9280701992445378,235,0.147912710623165,0.17602584177839598,0.07875729350242705,0.2278584136446181,0.31102891780086034,0.05841682265053355,0.0,0.0,False,False,0.0,0
H,1835086204,262,235,0.9814699587123987,0.9827755990428506,0.05272504684575692,0.9814699587123987,0.41400000000000003,0.7990568028974776,0.6909044567721944,0.9070727262375433,0.9532311634575508,238,0.18308717075537867,0.24378862342097013,0.011894556623301631,0.3641194941679052,0.18518100560765602,0.011929149424788385,0.2,0.4,False,False,0.0,0
H,1835086204,263,238,0.9869480693738795,0.9872660768838694,0.06400393695111184,0.9869480693738795,0.35,0.7933030542851816,0.6970198257267497,0.8844970135276512,0.9933667837181187,246,0.19575739741456366,0.26686974622767906,0.0238255701103308,0.3348194990863948,0.14065779956931085,0.038069987591720804,1.0,0.0,False,False,0.0,0
H,1835086204,264,246,0.9884753345327899,0.9886990110520931,0.06681642618271183,0.9884753345327899,0.326,0.795002615120578,0.7068992005921703,0.8723412662746532,1.019301154091997,247,0.246629576896975,0.17936542656785223,0.048804210952952856,0.20764944272374808,0.18146977049883603,0.13608157235963575,0.6,0.2,False,False,0.0,0
H,1835086204,265,247,0.9874781374816821,0.9874789401173193,0.11162225968388516,0.9874781374816821,0.126,0.7968671902591393,0.7021526053951492,0.8851071396471879,0.9955193867500298,244,0.06997956040734303,0.25610933084747856,0.024221436021040113,0.2569538136834781,0.3722652196013536,0.020470639439306593,0.6,0.0,False,False,0.0,0
H,1835086204,266,244,0.9822621471844994,0.9822621480859832,0.16564185331736647,0.9822621471844994,0.014000000000000002,0.7970485262302962,0.694550533243614,0.8905163531996272,0.9785368539904173,243,0.03131947647777875,0.20607522213317597,0.026995711994707315,0.29515037175369485,0.2695996375857903,0.1708595800548528,0.2,0.0,False,False,0.0,0
H,1835086204,267,243,0.9847769391100969,0.9855598627758926,0.05681845751664946,0.9847769391100969,0.4,0.7987834905228698,0.7042305896197316,0.8667144362088134,1.017208018632212,240,0.24259478797872822,0.23964735218665698,0.11596614409651089,0.27466490523773424,0.12624859164574437,0.0008782188546253525,0.0,0.4,False,False,0.0,0
H,1835086204,268,240,0.9847359712287683,0.9847359872745792,0.14274353751617425,0.9847359712287683,0.05600000000000001,0.7994932917132457,0.706045999847365,0.8662678136949391,1.0194501505567242,240,0.1503367463577501,0.161180683367964,0.0062837879155011175,0.2973260423627815,0.23112410553503543,0.15374863446096784,0.4,0.0,False,False,0.0,0
H,1835086204,269,240,0.9777235090928096,0.9884792546687705,0.03598533040277115,0.9777235090928096,0.526,0.7979764165485335,0.7025252602810106,0.8668692517025942,1.015589704493042,246,0.08476950532517182,0.24031215873025746,0.14683322624578038,0.26636187135632217,0.2361410968857453,0.025582141456722864,0.6,0.4,False,False,0.0,0
H,1835086204,270,246,0.9905336066304127,0.9905412065684237,0.09375270159557864,0.9905336066304127,0.22400000000000003,0.7985154698961175,0.7027272814065241,0.8801823265323347,0.9998407563806148,254,0.12910355174455032,0.17510160420735113,0.1193680764346941,0.19698013833910763,0.3024727221891895,0.07697390708510735,0.8,0.0,False,False,0.0,0
H,1835086204,271,254,0.9454937634279149,0.985917917753136,0.025425638591650875,0.9454937634279149,0.6,0.8002264108449888,0.6967908459072125,0.8921640938791012,0.9759887575978737,253,0.05249910713768339,0.25516442694146674,0.024592307000577383,0.2863413241605332,0.3812246487903439,0.00017818596939561473,0.0,0.6,False,False,0.0,0
H,1835086204,272,253,0.9878417047843422,0.9891277270636734,0.052896843600156083,0.9878417047843422,0.4,0.799447108640427,0.7001979498539189,0.9029476844911911,0.9699927987347413,258,0.1655830780258377,0.20819452969875663,0.04587197063055599,0.21490238559247893,0.3127039771686845,0.052744058883686384,0.0,0.4,False,False,0.0,0
H,1835086204,273,258,0.9900739611565107,0.9900739687368435,0.14875575657198797,0.9900739611565107,0.0,0.7956623937565757,0.7148340553816647,0.8839342243187476,1.0163808018893905,262,0.308075037755521,0.271521586319918,0.024933463110574053,0.23557535361211085,0.15640654138337795,0.003488017818498176,0.0,0.0,False,False,0.0,0
H,1835086204,274,262,0.9886961723446274,0.9886961739424862,0.16113765372950561,0.9886961723446274,0.0,0.7967602084108371,0.7097824603033311,0.8707355842804041,1.0230840958900373,270,0.07112634613437153,0.39592662727046923,0.04388014166571659,0.24168439994880966,0.17597391196765655,0.07140857301297644,0.0,0.0,False,False,0.0,0
H,1835086204,275,270,0.9877100170992573,0.990870445879028,0.0457535245862171,0.9877100170992573,0.456,0.794547352660022,0.7004243999159613,0.8836620258523636,0.9975973562663423,272,0.014138282847458744,0.15750213503745164,0.08298498000674306,0.28027687069751667,0.3995924734347961,0.06550525797603388,0.4,0.4,False,False,0.0,0
H,1835086204,276,272,0.988858640086055,0.9888588744953875,0.12143089047783338,0.988858640086055,0.126,0.7956568055742282,0.7000924916437364,0.8898748052313135,0.9887823993647404,270,0.12111639654466494,0.20460798919596673,0.09814099373720539,0.24496250422816043,0.2728949098209312,0.058277206473071455,0.6,0.0,False,False,0.0,0
H,1835086204,277,270,0.9863765016965467,0.9863784656211387,0.10449071481574507,0.9863765016965467,0.2,0.8017296143440045,0.6997568130966045,0.8984394550072831,0.9714722375842507,265,0.12086182543818687,0.3512149925062664,0.02986369367120447,0.19840686616325875,0.2877606514955045,0.011891970725579062,0.0,0.2,False,False,0.0,0
H,1835086204,278,265,0.9706718642867448,0.9899387919906721,0.03135674984882998,0.9706718642867448,0.55,0.7974880486214265,0.6999520888475435,0.8984529253832958,0.9768970620852354,268,0.1272889550721146,0.18430643492964197,0.08648699634751887,0.3302034447252614,0.24928707938370523,0.02242708954175793,1.0,0.2,False,False,0.0,0
H,1835086204,279,268,0.9900533358850572,0.9911714136775447,0.05402723008504662,0.9900533358850572,0.42400000000000004,0.7956889801430952,0.696940867429287,0.8954025345842611,0.978214889122325,274,0.08732978780150831,0.18412119650605158,0.13139943138513105,0.26137219639086695,0.23397450869647465,0.10180287921996758,0.8,0.2,False,False,0.0,0
H,1835086204,280,274,0.9857873307648728,0.9857873435386776,0.14456733655836973,0.9857873307648728,0.014000000000000002,0.7965515557927613,0.7036666386910102,0.898835107343443,0.9828178692074535,262,0.20716018291484561,0.1622408809014668,0.020687994885823034,0.30980206710279873,0.26486413108803986,0.03524474310702604,0.2,0.0,False,False,0.0,0
H,1835086204,281,262,0.9857642908851101,0.9876412229379142,0.04987529003874945,0.9857642908851101,0.41400000000000003,0.7878721463552442,0.7024367369372139,0.9089515966090986,0.9808683309624634,259,0.11191787725942727,0.1399294066434727,0.08655423213909084,0.270763049322259,0.3195833534817774,0.07125208115397284,0.2,0.4,False,False,0.0,0
H,1835086204,282,259,0.9898438245326151,0.9901067569223995,0.06554063946068463,0.9898438245326151,0.35,0.7926255238415024,0.7151851882440101,0.8797842730365385,1.025591148531523,253,0.2858786019207117,0.18214451788347574,0.0667233820147774,0.2764406185862204,0.10863918044174846,0.08017369915306644,1.0,0.0,False,False,0.0,0
H,1835086204,283,253,0.9686124886265166,0.9880720320363019,0.0312625416384254,0.9686124886265166,0.55,0.7973892658268281,0.7269320284657171,0.8782429974356821,1.038027175498041,251,0.28132624542384393,0.21378500690400115,0.02557339741153178,0.22084839581288904,0.23218575851398754,0.026281195933746445,1.0,0.2,False,False,0.0,0
H,1835086204,284,251,0.9894972891996453,0.9899797153247786,0.06070840276587382,0.9894972891996453,0.4,0.8067450346672651,0.7403085787574291,0.882483202142315,1.039848413393223,242,0.30903939643747214,0.17851023428596235,0.051800865487850005,0.12609675579463864,0.2603225222510057,0.07423022574307117,0.0,0.4,False,False,0.0,0
H,1835086204,285,242,0.9860052971254517,0.9860093834989226,0.09865528470918719,0.9860052971254517,0.21400000000000002,0.8081209130390272,0.7327362805305326,0.8942348819280835,1.0139574794742041,239,0.05553913388718845,0.23602896048055666,0.03167022748328111,0.30742261864173703,0.31163102225970407,0.05770803724753266,0.2,0.2,False,False,0.0,0
H,1835086204,286,239,0.9879605714269543,0.987960571962311,0.16983596341126475,0.9879605714269543,0.0,0.8097866165903631,0.7443064497161228,0.8943607473943097,1.0277049711321495,236,0.29008729015146023,0.17024484050514258,0.07852653703127238,0.20702543474604018,0.2477467682951727,0.0063691292709118965,0.0,0.0,False,False,0.0,0
H,1835086204,287,236,0.9871760274624797,0.9882019145835937,0.05468833648772428,0.9871760274624797,0.41400000000000003,0.8112223308546147,0.743207601836889,0.8964039877761708,1.0220366413632958,233,0.13895593258215547,0.17976606722197905,0.07077556094012394,0.28609528730982164,0.25739657560646056,0.06701057633945948,0.2,0.4,False,False,0.0,0
H,1835086204,288,233,0.9868252278594991,0.9868295329999298,0.09824677030266923,0.9868252278594991,0.22400000000000003,0.8110763743160093,0.7377275740515654,0.894910278575582,1.0163768604663155,231,0.08350440383151017,0.21441629688096422,0.027521517407611704,0.4316730575556634,0.24073344788514142,0.0021512764391090266,0.8,0.0,False,False,0.0,0
H,1835086204,289,231,0.9871976350068297,0.9871976392093186,0.1534280878700283,0.9871976350068297,0.0,0.8117319732287553,0.731090956617714,0.9054192507180239,0.9947387474440493,231,0.06562201585908517,0.29692690035763936,0.008872624636845884,0.19014164899244204,0.3396555516125707,0.09878125854141673,0.0,0.0,False,False,0.0,0
H,1835086204,290,231,0.988575059486903,0.9895341601835599,0.05523490845621643,0.988575059486903,0.4,0.8046049541201661,0.7396143254193622,0.9148773256462215,1.0047540093693406,227,0.2509739579066742,0.15447650810108313,0.03166014280452102,0.19097128369263827,0.3318614774671707,0.04005663002791269,0.0,0.4,False,False,0.0,0
H,1835086204,291,227,0.9895948436956058,0.9895948728379604,0.13803258428651766,0.9895948436956058,0.05600000000000001,0.8076459268039761,0.742291541764362,0.9177825290386937,1.0014141381977153,230,0.18322415769959866,0.19259919701931397,0.03614396885165865,0.22130195455652188,0.271964679785472,0.09476604208743468,0.4,0.0,False,False,0.0,0
H,1835086204,292,230,0.98668812926623,0.9879301093568769,0.05316458455569876,0.98668812926623,0.41400000000000003,0.802764341126054,0.7419611021728594,0.9087655869767005,1.0170473954884698,236,0.1473017187089439,0.20263238618258542,0.06923785410254675,0.3251227986333773,0.21380655420938055,0.04189868816316618,0.2,0.4,False,False,0.0,0
H,1835086204,293,236,0.9897735918004027,0.9916709095238692,0.04982171239392149,0.9897735918004027,0.42400000000000004,0.7972977089500971,0.7441944742614891,0.9007127576911658,1.0362859517099405,242,0.17914283996590818,0.21262489839932278,0.11468961866088272,0.2765296660554793,0.2141186470606767,0.0028943298577303114,0.8,0.2,False,False,0.0,0
H,1835086204,294,242,0.9730599551385598,0.9878911508258427,0.0334230791396622,0.9730599551385598,0.526,0.7980497056050156,0.7479937775201349,0.9106414819220492,1.0292493791959998,241,0.20011283714650258,0.1830786736333091,0.044720990359397673,0.23923096189246554,0.30404823606320797,0.028808300905117212,0.6,0.4,False,False,0.0,0
H,1835086204,295,241,0.9733592443657747,0.9902801629219351,0.03239302564744289,0.9733592443657747,0.55,0.7869937474122554,0.7375836272185926,0.9195773337298443,1.0191819599165797,253,0.024869232180805622,0.2555614325420571,0.018714273984117985,0.2791097226611821,0.3175653425139643,0.10417999611787297,1.0,0.2,False,False,0.0,0
H,1835086204,296,253,0.9862639475184201,0.9862698455228307,0.09573638857453025,0.9862639475184201,0.22400000000000003,0.789740953574199,0.7365643601035825,0.914866606566755,1.0194554816162462,255,0.1357489280739938,0.17398512601863778,0.03885394341834727,0.4114535839357051,0.23623503104947544,0.0037233875038407815,0.8,0.0,False,False,0.0,0
H,1835086204,297,255,0.9889753873588898,0.9900905434697025,0.0540393728335337,0.9889753873588898,0.41400000000000003,0.7926429503440732,0.728725597030787,0.9233799459100795,0.9956483653005604,257,0.04986818665479535,0.22239796532216985,0.053353344510991385,0.24316382880733828,0.30353631930240066,0.12768035540230455,0.2,0.4,False,False,0.0,0
H,1835086204,298,257,0.9905492419412372,0.9922241585007137,0.05081859680604754,0.9905492419412372,0.42400000000000004,0.7971115883130108,0.7195961044474599,0.9310419513190716,0.9696174675389553,255,0.02883484085265375,0.2897486494534582,0.04974862559036042,0.26907256765711585,0.31227404588081203,0.0503212705655999,0.8,0.2,False,False,0.0,0
H,1835086204,299,255,0.9865373715733758,0.9870146078740478,0.060770622129166986,0.9865373715733758,0.4,0.8009436679119087,0.7127613765610477,0.9379377561871645,0.9487857801560537,250,0.051813466699509744,0.19252637107000525,0.11413593736191423,0.3089266917266398,0.30760305807302235,0.02499447506890877,0.0,0.4,False,False,0.0,0
