arm,seed,step,novelty_vector_count,h_n_latest,h_n_shape_latest,V,H_N,L_t,total_suppression,avg_wb,theta_capability,transfer_state,g,population,x_compute,x_bio_welfare,x_novelty_agency,x_institutional_capacity,x_transfer_comprehension,x_resilience,c_protective,c_suppressive,adapter_active,action_modified,adapter_score,shape_fallback_increase
C0_D0,1835087051,0,200,0.9879070671954489,0.9879083923582679,0.10763462071563061,0.9879070671954489,0.09490029694039723,0.0,0.6548592134071984,0.5232581956080516,0.5234273073099975,1.5265524164118363,200,0.2907274451006455,0.17120645863903136,0.08471079652292773,0.2786782200105749,0.16713653654998764,0.00754054317683286,0.0,0.0,False,False,0.0,2
C0_D0,1835087051,1,200,0.9637860879937951,0.9868340895157258,0.02990538767859944,0.9637860879937951,0.11479241589216253,0.456,0.6699532159338463,0.5232035352466787,0.5710845765789978,1.3674950482709918,200,0.01385311773787095,0.3688196201446612,0.00015596619604001284,0.3031367809265491,0.3100231897138176,0.0040113252810611314,0.4,0.4,False,False,0.0,0
C0_D0,1835087051,2,200,0.9850812113231592,0.9850886690244777,0.09385915205797615,0.9850812113231592,0.13439911419354914,0.05600000000000001,0.6828058879839322,0.5269470426835227,0.613976118921098,1.256950672892443,196,0.06129605248972352,0.31107354026404815,0.025252843489023798,0.24866398607973894,0.3195633869241152,0.034150190753350455,0.4,0.0,False,False,0.0,0
C0_D0,1835087051,3,196,0.9839021941954845,0.9855601269873556,0.050846082283993524,0.9839021941954845,0.15258465774288552,0.326,0.6963302086633069,0.5438059066583951,0.6364890166797236,1.2269808093939678,197,0.2275777013631076,0.199267706361786,0.03423035591585362,0.20933786981382846,0.21955254825367687,0.11003381829174758,0.6,0.2,False,False,0.0,0
C0_D0,1835087051,4,197,0.987646186536704,0.9877155953549794,0.07612328074859424,0.987646186536704,0.17086911560588294,0.2,0.7087540277869411,0.5638017995579221,0.6488333299345621,1.2260205980346952,194,0.27732735290558364,0.1844402228658951,0.06334933328370673,0.2773490031513613,0.17996607461405434,0.017568013179399003,0.0,0.2,False,False,0.0,0
C0_D0,1835087051,5,194,0.9814215907400342,0.9850076601619969,0.04470053877991338,0.9814215907400342,0.1902597207804192,0.4,0.7188476101794031,0.5738489138417529,0.6839499969411059,1.1671760804692106,196,0.16546505327158534,0.18199482727692823,0.04085751454019664,0.19099304722256197,0.392836196892566,0.027853360796161887,0.0,0.4,False,False,0.0,0
C0_D0,1835087051,6,196,0.9830467913454422,0.9830477451931837,0.11021252499469604,0.9830467913454422,0.21016756741423057,0.05600000000000001,0.7316391297816214,0.5758979833538231,0.7155549972469953,1.1000327476396876,194,0.07176894005197458,0.17550986917706063,0.05027601740598316,0.3418929482029106,0.32367740354843144,0.036874821613639475,0.4,0.0,False,False,0.0,0
C0_D0,1835087051,7,194,0.9796742509627394,0.9826869912877149,0.04606846088574222,0.9796742509627394,0.2225741640596787,0.4,0.7389995744822039,0.5956852557695398,0.7137958921005538,1.1292721509582893,191,0.29477714479259826,0.17253293630103594,0.07029970204491054,0.26898531970977313,0.1489819728912901,0.044422924260392044,0.0,0.4,False,False,0.0,0
C0_D0,1835087051,8,191,0.9832483814127431,0.9832486034737496,0.1218163737277861,0.9832483814127431,0.23536058929719425,0.05600000000000001,0.7468616747123679,0.6115944701043455,0.7221146304776704,1.1340109070541025,189,0.25866846404103366,0.25560576021628073,0.013677554078529849,0.2115935847659467,0.19849163793586005,0.061962998962348796,0.4,0.0,False,False,0.0,0
C0_D0,1835087051,9,189,0.9785811981724692,0.9785893137674327,0.09313351257975622,0.9785811981724692,0.24884246792380896,0.22400000000000003,0.7532081233667844,0.61998622590966,0.7411239962146455,1.110647313891015,191,0.17464349138164745,0.2504121396210093,0.07513269791167534,0.17374321264445666,0.2561041439237109,0.06996431451750046,0.8,0.0,False,False,0.0,0
C0_D0,1835087051,10,191,0.9822246491384641,0.9822330916589499,0.09284872657371625,0.9822246491384641,0.26739994942465056,0.2,0.7584226015618396,0.6353580448530055,0.7412351940238732,1.130189413475714,194,0.2671391279853568,0.20145029042839316,0.08563040904469019,0.24241221935921073,0.17111798715346077,0.032249966028888535,0.0,0.2,False,False,0.0,0
C0_D0,1835087051,11,194,0.9868593374969847,0.9871861081632622,0.06378690866622169,0.9868593374969847,0.2878870460817004,0.326,0.7718298941009237,0.6405303004685343,0.7671116746214859,1.0818311724478238,195,0.14925197322723793,0.28768953273922515,0.025793710251926668,0.1897646022346211,0.3048958216214698,0.04260435992551918,0.6,0.2,False,False,0.0,0
C0_D0,1835087051,12,195,0.9839479180862754,0.9839903567092304,0.08000920115131877,0.9839479180862754,0.30896201210050506,0.256,0.7772692423341588,0.6443134454053113,0.7904005071593373,1.0487657635535006,200,0.13512074950254604,0.1965952860001159,0.08302504594543891,0.19645179604864169,0.30490542597387654,0.0839016965293809,0.4,0.2,False,False,0.0,0
C0_D0,1835087051,13,200,0.9838360278506656,0.9838416054026827,0.09616144865373469,0.9838360278506656,0.32158503346282635,0.21400000000000002,0.7842845157158442,0.6561038423676321,0.8108464228298579,1.0317164029481274,198,0.23757586540732883,0.1846801356639726,0.0947821715240215,0.1699327271552901,0.2974298319322714,0.01559926831711557,0.2,0.2,False,False,0.0,0
C0_D0,1835087051,14,198,0.9811879658836715,0.981196695220038,0.09257438935800577,0.9811879658836715,0.343319072294725,0.21400000000000002,0.7837806682455656,0.655226489065165,0.8297617805468721,1.0074963279876352,207,0.08659798519893118,0.1779199611912552,0.19383866943938127,0.18710227912030106,0.33500789797088004,0.019533207079251325,0.2,0.2,False,False,0.0,0
C0_D0,1835087051,15,207,0.9871434476937769,0.9871434687723588,0.14059138940589938,0.9871434476937769,0.36001039580928,0.014000000000000002,0.7872392005434815,0.6654668943654196,0.8310224424801894,1.0172014978134478,207,0.22502162191891117,0.16111513378314554,0.09247470836538041,0.25161714695633874,0.22118419994002275,0.04858718903620139,0.2,0.0,False,False,0.0,0
C0_D0,1835087051,16,207,0.984548522272445,0.9845485248065511,0.15743319125182517,0.984548522272445,0.3794276141041318,0.014000000000000002,0.7904122538868933,0.6579184742720007,0.8479201982321705,0.9816652920348083,211,0.00906155781065089,0.22921877052590084,0.07692508098925807,0.3469651652535901,0.33499134634518035,0.0028380790754197792,0.2,0.0,False,False,0.0,0
C0_D0,1835087051,17,211,0.9854754755497114,0.9895510801112568,0.043718580808586455,0.9854754755497114,0.3958601914667265,0.456,0.7954410137783401,0.6567985918993223,0.8631281784089534,0.9566408852066409,214,0.08470051676152114,0.26727837703997953,0.039821313050330466,0.21332793970339778,0.34336753931060315,0.051504314134167985,0.4,0.4,False,False,0.0,0
C0_D0,1835087051,18,214,0.9827376987008093,0.9829171912255023,0.06852149225594596,0.9827376987008093,0.41439007153148893,0.326,0.7962822864570913,0.6573369368731615,0.8742594000263012,0.9442362543843017,217,0.10472843211006636,0.18296471742512083,0.04481594233609516,0.3288566022401386,0.2872201972912156,0.05141410859736341,0.6,0.2,False,False,0.0,0
C0_D0,1835087051,19,217,0.9833969866729287,0.9833972657931778,0.11999718331102065,0.9833969866729287,0.425308818418789,0.126,0.7977373952150505,0.6518638939575867,0.8868334600236711,0.9214142091661278,217,0.029922549101040006,0.19972861547356696,0.1260292580065787,0.2972713799773801,0.3100160966933012,0.037032100748132964,0.6,0.0,False,False,0.0,0
C0_D0,1835087051,20,217,0.9790748208942841,0.9804788410983432,0.052128153878639144,0.9790748208942841,0.43989251768537513,0.42400000000000004,0.8040150216131223,0.6521097076290858,0.8981501140213041,0.9030412172785895,220,0.09798760461723129,0.26773153815135925,0.0013459747573576714,0.22481698654938237,0.3469232209193467,0.06119467500532273,0.8,0.2,False,False,0.0,0
C0_D0,1835087051,21,220,0.9866686685809948,0.9868131026675102,0.07028278695208083,0.9866686685809948,0.4610893952208985,0.35,0.8035440930199942,0.6518724100208584,0.9083351026191737,0.8931137786482758,225,0.09210234716533583,0.17253903453704278,0.033917479117457176,0.23829452087294675,0.4157953985828765,0.04735121972434104,1.0,0.0,False,False,0.0,0
C0_D0,1835087051,22,225,0.9830455226022534,0.9830467028732492,0.10851705807788316,0.9830455226022534,0.46605012478004304,0.126,0.8043941740563402,0.6466852129827785,0.8986273506737108,0.8946319032394895,229,0.03008029328703836,0.23656455749236244,0.14773640072423722,0.350681113564014,0.20562879158227237,0.029308843350075758,0.6,0.0,False,False,0.0,0
C0_D0,1835087051,23,229,0.9883165373392658,0.988689388874549,0.06274891427011994,0.9883165373392658,0.4787558064256156,0.35,0.8081403005635964,0.649564667952365,0.9047471516212137,0.8883997031825714,229,0.1276714452340686,0.23472968566066396,0.06403222878599009,0.2437046253334505,0.2799126800743698,0.049949334911456915,1.0,0.0,False,False,0.0,0
C0_D0,1835087051,24,229,0.9828701514601234,0.9828704399936022,0.1197288945695241,0.9828701514601234,0.5030532128444565,0.126,0.8059467143177118,0.6505029453382397,0.9136413884809397,0.8834198899699482,237,0.10520638479366257,0.16953463205880132,0.05204108162748364,0.3602898687124044,0.29684476010923666,0.016083272698411578,0.6,0.0,False,False,0.0,0
C0_D0,1835087051,25,237,0.989068662234993,0.9890686633569619,0.1639551707179192,0.989068662234993,0.5220950247210907,0.014000000000000002,0.809126957910501,0.6679777980713277,0.9222740966430603,0.8951284196638544,243,0.32875506644966684,0.21902211473703567,0.04900643071025596,0.0910933353601009,0.29998423505107263,0.012138817691867958,0.2,0.0,False,False,0.0,0
C0_D0,1835087051,26,243,0.9879665959904993,0.9879665986689854,0.15701970413754113,0.9879665959904993,0.5030771235313092,0.014000000000000002,0.8127537421328695,0.6722681144935263,0.9063458491871279,0.9126191663241174,233,0.15861507907206224,0.1967793248716604,0.13400027420547653,0.2645031534176079,0.18149581104186852,0.06460635739132445,0.2,0.0,False,False,0.0,0
C0_D0,1835087051,27,233,0.9833604259363085,0.9834044233651583,0.07971732132489494,0.9833604259363085,0.5448544242026762,0.326,0.8057750176965367,0.6768474664771,0.9040943519779887,0.9291016965945366,253,0.164909471353125,0.1791025804473842,0.048200452934979515,0.24520698795459195,0.24191543854786784,0.12066506876205152,0.6,0.2,False,False,0.0,0
C0_D0,1835087051,28,253,0.9764873789318961,0.987527017894272,0.03577028059484279,0.9764873789318961,0.557416586134327,0.526,0.8043907885570486,0.6780041398270377,0.9020656211680853,0.9343877268142085,258,0.12498808342240789,0.1879640663453729,0.04124372961120385,0.3243043187406086,0.24190352193947717,0.07959627994092958,0.6,0.4,False,False,0.0,0
C0_D0,1835087051,29,258,0.9871752927442519,0.9871832448985471,0.09336505734261236,0.9871752927442519,0.6011794464226278,0.256,0.8003186098030142,0.6808286253192377,0.9102533758782714,0.9345716299390294,270,0.14655865604439863,0.1712452862369454,0.05650414957245512,0.30533055702436845,0.29197158413497276,0.02838976698685947,0.4,0.2,False,False,0.0,0
C0_D0,1835087051,30,270,0.989735441295561,0.989916272039662,0.06851884611778464,0.989735441295561,0.6289975837424155,0.35,0.7982623923766667,0.6936878822413214,0.9188002659194296,0.945795681065698,279,0.27375860235057,0.24791982664195494,0.010698226152671369,0.16748315467842434,0.29786113814492693,0.0022790520314523786,1.0,0.0,False,False,0.0,0
C0_D0,1835087051,31,279,0.9902544874072516,0.9902544910724792,0.15454152912740932,0.9902544874072516,0.6330938268194403,0.0,0.8038236096898517,0.696914714373566,0.9269202393274867,0.9353550837413932,279,0.16139032805388312,0.34561946757139633,0.01702558080309171,0.16693876071639432,0.30390393161826496,0.005121931236969483,0.0,0.0,False,False,0.0,0
C0_D0,1835087051,32,279,0.9543289504084131,0.9875176248830253,0.027008420212720347,0.9543289504084131,0.6014577106683227,0.6,0.8040211780871229,0.7026021105849355,0.93104735968802,0.938577608066373,272,0.19416414912559685,0.2213589180656237,0.08007528155761194,0.2124886686937418,0.28409572146640993,0.007817261091015599,0.0,0.6,False,False,0.0,0
C0_D0,1835087051,33,272,0.9899195959665655,0.9899221222710824,0.10251481246726946,0.9899195959665655,0.6422817067053149,0.22400000000000003,0.8060352941903506,0.7039264616229014,0.9360187369487487,0.9330151377175404,279,0.14318070709015848,0.19743080149848005,0.1423470727114699,0.19446132236081423,0.2903805661476534,0.03219953019142408,0.8,0.0,False,False,0.0,0
C0_D0,1835087051,34,279,0.9899968827491058,0.9899968910599506,0.14802277692086113,0.9899968827491058,0.6358988511282756,0.014000000000000002,0.8117284860291388,0.7151232048814118,0.9424168632538739,0.9348179329567667,276,0.2674133292456935,0.17376353382664228,0.061591585592595526,0.1029117087560713,0.3010445034794287,0.09327533909956884,0.2,0.0,False,False,0.0,0
C0_D0,1835087051,35,276,0.9875833168698209,0.9876833710316641,0.07321203966709663,0.9875833168698209,0.6449208013165171,0.326,0.8161550529057343,0.7133349192140581,0.9388549496532598,0.9309413269119742,276,0.11209843220896208,0.2761203022700852,0.07414286357387521,0.2743144449238292,0.2533988636238667,0.009925093399381529,0.6,0.2,False,False,0.0,0
C0_D0,1835087051,36,276,0.9880170361506142,0.9880198087004911,0.10175913557283242,0.9880170361506142,0.6392751779823775,0.2,0.8134281155911571,0.7165103263753213,0.9414114911826612,0.9356723142881594,273,0.17302691402457623,0.15953308258923835,0.10532653110350472,0.20338050269555313,0.2822101824736371,0.07652278711349052,0.0,0.2,False,False,0.0,0
C0_D0,1835087051,37,273,0.9901573430828914,0.9901573446141602,0.16148825170936473,0.9901573430828914,0.6597693102985653,0.0,0.817052417432281,0.7106977748216811,0.9407640096706892,0.9246009640434718,278,0.06266205956407284,0.21623869125928702,0.07520580665652933,0.3257826300929918,0.26746833803147024,0.052642474395648876,0.0,0.0,False,False,0.0,0
C0_D0,1835087051,38,278,0.9915438188698005,0.991694982254993,0.0699595832458267,0.9915438188698005,0.6586261134396325,0.326,0.8130528545317344,0.7227498097710606,0.9372041314314216,0.948494927654197,282,0.28233654613079556,0.24876634803744616,0.040171735156748836,0.11648447606892175,0.2525826136390063,0.05965828096708148,0.6,0.2,False,False,0.0,0
C0_D0,1835087051,39,282,0.9876307654931408,0.9908389934827965,0.04563378284149056,0.9876307654931408,0.6609344242930716,0.456,0.8118790293498455,0.7166130961963068,0.9345099257946662,0.9445163894995886,283,0.0625097114224896,0.20096273894971833,0.08333959868276117,0.3560115060230137,0.25513103753193384,0.04204540739008348,0.4,0.4,False,False,0.0,0
C0_D0,1835087051,40,283,0.9903455750141429,0.9911906437325921,0.05625579386051198,0.9903455750141429,0.6673308350385129,0.41400000000000003,0.810309559737775,0.7112602776181711,0.9260659944355938,0.9478413593653042,286,0.06847295289599648,0.17370891731509083,0.11375064861532697,0.33786199490569646,0.22503530610197126,0.08117018016591791,0.2,0.4,False,False,0.0,0
C0_D0,1835087051,41,286,0.9906426531680688,0.990642916618219,0.12051553934113782,0.9906426531680688,0.6777807671257436,0.126,0.8085586873488121,0.7086084078218784,0.9111627315724634,0.961831077841119,293,0.0988893010576983,0.2653769751365807,0.05467758382581578,0.3227736997046755,0.1885166829021449,0.06976575737308487,0.6,0.0,False,False,0.0,0
C0_D0,1835087051,42,293,0.9898704117657973,0.9900637118375478,0.06798923567553937,0.9898704117657973,0.6881302833921044,0.35,0.8129132270295097,0.7129623889990673,0.9144146480471755,0.9591339318504032,292,0.1848050196035355,0.17020882015646968,0.07443988975815792,0.24230718630161077,0.2718409481597925,0.05639813602043373,1.0,0.0,False,False,0.0,0
C0_D0,1835087051,43,292,0.9888664039055911,0.9890161662186643,0.07001217474683355,0.9888664039055911,0.687280835891067,0.35,0.8145192133168982,0.7089186492398944,0.922973183242458,0.9429876072778756,293,0.08255474613475698,0.3340192378085642,0.06069582256020353,0.18899581987345374,0.3302604810836342,0.0034738925393873596,1.0,0.0,False,False,0.0,0
C0_D0,1835087051,44,293,0.9850734008145424,0.9850755401113395,0.10379934924584612,0.9850734008145424,0.6860719043193236,0.2,0.8177530557016778,0.7146257968819911,0.9228630192708296,0.9469330409487516,287,0.20191350130114202,0.18936461888230818,0.07109310213315058,0.2671964478518348,0.26093577176308663,0.009496558068477837,0.0,0.2,False,False,0.0,0
C0_D0,1835087051,45,287,0.9904231014202876,0.9904257690056315,0.1020857048589461,0.9904231014202876,0.7073015303108438,0.22400000000000003,0.8103482373830853,0.7055934925286544,0.9305767173437466,0.9356872087219584,295,0.021237318634536394,0.20011377295035943,0.06285485638673972,0.33754511299086104,0.332514462681054,0.04573447635644938,0.8,0.0,False,False,0.0,0
C0_D0,1835087051,46,295,0.955628842004089,0.9902127634589085,0.026702317911653426,0.955628842004089,0.7115116139704893,0.6,0.8096163345767705,0.7120819039180436,0.9338056367313521,0.9418770096616027,301,0.2096010751977731,0.21111481842551072,0.004712771528249977,0.2812487579683046,0.28143295560990106,0.01188962127026058,0.0,0.6,False,False,0.0,0
C0_D0,1835087051,47,301,0.9923865977271074,0.9925172795479428,0.07112513398326396,0.9923865977271074,0.7286702506920585,0.326,0.8122631418543316,0.7030117789740251,0.9395668919106804,0.9211665308332556,297,0.019174628148545786,0.24448247209729038,0.10865504808365006,0.24788723298500093,0.2957090942623177,0.0840915244231952,0.6,0.2,False,False,0.0,0
C0_D0,1835087051,48,297,0.989635726055782,0.9896442001717868,0.09287882678952819,0.989635726055782,0.7447115970594766,0.22400000000000003,0.8125258115511012,0.7015956392568411,0.9456102027196124,0.9131404164538953,304,0.10918061539396605,0.218435670804196,0.024725193224299582,0.22260651705334633,0.351397089374234,0.07365491414995795,0.8,0.0,False,False,0.0,0
C0_D0,1835087051,49,304,0.9908292159803234,0.9908756701272737,0.07934506103529748,0.9908292159803234,0.7394681228889293,0.326,0.8125906884538844,0.7056623909047447,0.9412352295761377,0.9226286923214603,306,0.17683167013432002,0.24735049042022744,0.13349553181648358,0.16916772008650285,0.25093023564243294,0.022224351900033232,0.6,0.2,False,False,0.0,0
C0_D0,1835087051,50,306,0.9885698163569783,0.9909175982723626,0.04811992972146724,0.9885698163569783,0.7333605459316203,0.456,0.8077578912612889,0.720011240931786,0.947111706618524,0.9411457006027032,309,0.30789961965348195,0.16445270596198655,0.02492577848027691,0.08311281675435109,0.38644448375321055,0.03316459539669308,0.4,0.4,True,False,0.0,0
C0_D0,1835087051,51,309,0.9904567398405827,0.992216101471558,0.05042699451000275,0.9904567398405827,0.7404755877929182,0.456,0.8045950903597089,0.7280377363116876,0.948222407403664,0.9542590745285426,313,0.23783821783113573,0.17970761669257265,0.09437813886881115,0.16147360195674196,0.2791093572349622,0.04749306741577623,0.4,0.4,True,False,0.0,0
C0_D0,1835087051,52,313,0.9913819028921672,0.9913854649905719,0.099791550682894,0.9913819028921672,0.7507267221421914,0.2,0.8020477882776488,0.7214195355691873,0.9534001666632976,0.9434359680404664,316,0.05979607591355093,0.21634626125443107,0.10820929345267424,0.24892677733538887,0.36299798191448074,0.003723610129474137,0.0,0.2,True,False,0.0,0
C0_D0,1835087051,53,316,0.9884172931572147,0.9896236906066171,0.053409604848511455,0.9884172931572147,0.7168613468868059,0.41400000000000003,0.8078024905415915,0.714875951299445,0.9580601499969679,0.9237037853557413,304,0.056592406358964085,0.25497763809334617,0.05780006978169098,0.18411985233009093,0.34833556319732273,0.09817447023858533,0.2,0.4,True,False,0.0,0
C0_D0,1835087051,54,304,0.9879026178728957,0.9879026184611166,0.16908590049612393,0.9879026178728957,0.7319893432450721,0.0,0.8057559185158877,0.7227364952050344,0.9563111324202324,0.9379447777603794,308,0.23255426838201956,0.20225887699178374,0.0723187387827515,0.21710209212739418,0.2702849871148063,0.005481036601244752,0.0,0.0,True,False,0.0,0
C0_D0,1835087051,55,308,0.9821012228545514,0.9882473397962521,0.04043807652586364,0.9821012228545514,0.7194204935576001,0.526,0.8042513827429993,0.7151357976980417,0.9606800191782091,0.9255884866942856,306,0.04420159066573844,0.1791766293325619,0.1465371719023921,0.22255641904506465,0.3637545014971613,0.04377368755708169,0.6,0.4,True,False,0.0,0
C0_D0,1835087051,56,306,0.9894620584421727,0.9894849246212523,0.08497603620684575,0.9894620584421727,0.7196800432630585,0.256,0.8079942516866637,0.7177496051282003,0.9465110287320384,0.9385102333076271,303,0.16713246643825896,0.1815527132515388,0.03786061862409669,0.2489061291206618,0.20949505735825133,0.15505301520719242,0.4,0.2,True,False,0.0,0
C0_D0,1835087051,57,303,0.9897640761561988,0.9897697745241003,0.09603868538356035,0.9897640761561988,0.7477985757738056,0.22400000000000003,0.8029192549358924,0.7203118844517641,0.9466275013922096,0.9476971834909197,314,0.16812199474967246,0.1727981564570751,0.10151805011984169,0.23556841606250614,0.2738378776668751,0.04815550494402951,0.8,0.0,True,False,0.0,0
C0_D0,1835087051,58,314,0.9866844942841335,0.9886710758748329,0.049431638330265516,0.9866844942841335,0.7459563287508225,0.42400000000000004,0.7994199781822062,0.7123686478907418,0.9519647512529886,0.9360713046211544,313,0.03840447076957462,0.2165521082930298,0.09577011371148517,0.2730932307191837,0.3173873532260272,0.05879272328069957,0.8,0.2,True,False,0.0,0
C0_D0,1835087051,59,313,0.9874791031596636,0.9874821984707055,0.10087823191396339,0.9874791031596636,0.7395813124591027,0.2,0.7994988109462631,0.7064191142945848,0.9567682761276898,0.9235020266578238,311,0.058361234979751486,0.269613596484589,0.0139435063638878,0.22434529811598222,0.303557659218607,0.13017870483718247,0.0,0.2,True,False,0.0,0
C0_D0,1835087051,60,311,0.9354633551333014,0.9903787527314349,0.02302287448069221,0.9354633551333014,0.7153387352965317,0.6240000000000001,0.8063955860240499,0.7056451693061172,0.9548224762669999,0.9164643952966655,312,0.11933763407827042,0.18059434729984536,0.05436741533394731,0.2842504779235761,0.2686551387603956,0.09279498660396522,0.8,0.4,True,False,0.0,0
C0_D0,1835087051,61,312,0.9888354125160146,0.9915301033611362,0.047027850907057835,0.9888354125160146,0.7537495664355003,0.456,0.797547469586352,0.7059264870459299,0.9593402286402999,0.9226357520691374,311,0.13204470256398126,0.14873936976264934,0.07115714331159917,0.25271517681076305,0.3147426070552192,0.08060100049578794,0.4,0.4,True,False,0.0,0
C0_D0,1835087051,62,311,0.9854682949207051,0.9869303182072106,0.05185812249193,0.9854682949207051,0.7490219180923408,0.41400000000000003,0.8081340694918425,0.7053280643264832,0.941379204487339,0.927135366122422,309,0.1212237704106223,0.3164413943714758,0.0721761669778972,0.28242183637691,0.18986499355534547,0.017871838307749143,0.2,0.4,True,False,0.0,0
C0_D0,1835087051,63,309,0.9875966680291584,0.9875966689183925,0.1657938720500779,0.9875966680291584,0.7392178132912586,0.014000000000000002,0.8076501857116304,0.7028338616272604,0.9455908276790533,0.9202930217565397,307,0.09715250646376684,0.3171558951814569,0.054582735761815604,0.19691131588815122,0.2917477182022409,0.04244982850256862,0.2,0.0,True,False,0.0,0
C0_D0,1835087051,64,307,0.9878662800706969,0.9884471539879146,0.059217837368234535,0.9878662800706969,0.7447937348575466,0.4,0.8097318447335929,0.7144667169965332,0.9425755153035733,0.9361051375366909,309,0.2721818556329488,0.25131315038084256,0.02548511017650988,0.16944473183161443,0.25771885196212646,0.023856300015957975,0.0,0.4,True,False,0.0,0
C0_D0,1835087051,65,309,0.9922473263000349,0.9922488782475198,0.10641202275467207,0.9922473263000349,0.7663804259858471,0.21400000000000002,0.8059314134319386,0.7123098152241619,0.9464910908896452,0.9338009563367095,314,0.10708042596819294,0.19880852998631154,0.036877028839329314,0.34331660327070945,0.2908656355821464,0.02305177635331036,0.2,0.2,True,False,0.0,0
C0_D0,1835087051,66,314,0.9909475124539799,0.990947669949072,0.12461320647787495,0.9909475124539799,0.7582945329704486,0.126,0.8099412577109847,0.706517644666735,0.9518419818006807,0.9164412616125066,308,0.060291502547264224,0.1941084874544231,0.09722825338233027,0.26096477098336857,0.3083731155773973,0.07903387005521652,0.6,0.0,True,False,0.0,0
C0_D0,1835087051,67,308,0.9903076479397246,0.9928549151147953,0.04748633237521485,0.9903076479397246,0.767881089305759,0.456,0.8086325035560421,0.7073532183799754,0.9475494916635391,0.9231733030630754,313,0.139518199332215,0.22084250401244754,0.07781755748736315,0.24140516038667573,0.2544585402146325,0.06595803856666616,0.4,0.4,True,False,0.0,0
C0_D0,1835087051,68,313,0.990912410189335,0.9910011924482119,0.07419016079292998,0.990912410189335,0.7653483544738823,0.326,0.8135765002848097,0.7059860776861198,0.9527945424971852,0.9107485323469368,306,0.11250650281428867,0.2639896963429438,0.006941355397897886,0.2713691059554358,0.3338365172853184,0.011356822204115448,0.6,0.2,True,False,0.0,0
C0_D0,1835087051,69,306,0.9902225941786321,0.9902291795606226,0.09489077494211716,0.9902225941786321,0.7772759676042101,0.22400000000000003,0.8102206215619799,0.7149748798944003,0.940950342255716,0.9378227987082407,311,0.24110132615733165,0.16695055763512326,0.09087019343028871,0.2540399980748902,0.21717627004124687,0.029861654661119435,0.8,0.0,True,False,0.0,0
C0_D0,1835087051,70,311,0.985668100050186,0.9872191640341224,0.05138985341409868,0.985668100050186,0.7757913199354831,0.456,0.8115937587351997,0.7261006659096068,0.9429374849656696,0.9488012227267553,312,0.2734316251240801,0.17527358609081806,0.08953855058008992,0.15678226451323848,0.280410884677626,0.02456308901414756,0.4,0.4,True,False,0.0,0
C0_D0,1835087051,71,312,0.9902400683001112,0.9902400700237572,0.1605468804511266,0.9902400683001112,0.785228671114967,0.0,0.8109122305251562,0.7168473985402262,0.9324883681832077,0.9480024062596802,319,0.02564707407624676,0.1814779343188317,0.043114530506057576,0.4967198512808477,0.21922315857052505,0.033817451247491234,0.0,0.0,True,False,0.0,0
C0_D0,1835087051,72,319,0.9867581477354452,0.9867581499552699,0.1585050513199328,0.9867581477354452,0.7587808402276918,0.014000000000000002,0.8118022272673693,0.7310050286132148,0.9118917244039275,0.9874766875738508,313,0.3270627888584349,0.18892833330344927,0.0527407051663493,0.1933054849986138,0.16326096519520325,0.07470172247794954,0.2,0.0,True,False,0.0,0
C0_D0,1835087051,73,313,0.9798471191271647,0.9888654330945612,0.0373908670452637,0.9798471191271647,0.7534662659084694,0.526,0.8118102301048088,0.7215965477355178,0.9207025519635348,0.965429533157249,316,0.026772131912046738,0.3029425313296082,0.04571069280400423,0.2053472781566525,0.3269471086559762,0.09228025714171222,0.6,0.4,True,False,0.0,0
C0_D0,1835087051,74,316,0.989036620204583,0.9890490948316162,0.08979603370308585,0.989036620204583,0.7456598950218534,0.256,0.8113609831064376,0.7205308124690805,0.9121702973225038,0.9735595286083756,310,0.12517615150423198,0.1712366875915015,0.08847998698841515,0.28267770088275435,0.2176900027766123,0.11473947025648476,0.4,0.2,True,False,0.0,0
C0_D0,1835087051,75,310,0.9876783170339093,0.9876784195051554,0.1280082381008043,0.9876783170339093,0.7608020677255556,0.126,0.8081606310586923,0.7337917433042079,0.9001977274818622,1.0086423946028997,319,0.3035933932322685,0.21221073472040053,0.019392746366783876,0.19887017200411627,0.19622229945804393,0.06971065421838687,0.6,0.0,True,False,0.0,0
C0_D0,1835087051,76,319,0.9875741150178761,0.9882118697625526,0.05847231158473905,0.9875741150178761,0.7378326308001819,0.41400000000000003,0.8075908989937166,0.7285283915007615,0.8932643851134051,1.0098922663823038,311,0.08032794202204993,0.2127660327158431,0.13274249488060821,0.3159445117485145,0.2154321518986457,0.04278686673433861,0.2,0.4,True,False,0.0,0
C0_D0,1835087051,77,311,0.9895763216275657,0.9895763231920126,0.16131294991926295,0.9895763216275657,0.7316371262918118,0.0,0.8054666759825482,0.7203324946743563,0.9039379466020646,0.9893428308393986,307,0.040381534357911156,0.15885418036664847,0.00035466350951031286,0.25270483394369664,0.43577048152356745,0.11193430629866603,0.0,0.0,True,False,0.0,0
C0_D0,1835087051,78,307,0.9894246913114003,0.9895363796830492,0.07235134397517218,0.9894246913114003,0.7360822851669792,0.326,0.809451128069028,0.7263946843632538,0.8974728509597055,0.999909523965305,310,0.21348518028269195,0.24885461660792907,0.08735642140635116,0.19552869957548538,0.219643495089237,0.03513158703830545,0.6,0.2,True,False,0.0,0
C0_D0,1835087051,79,310,0.9916033579914848,0.9916034951696372,0.12571786930569906,0.9916033579914848,0.7334400258290241,0.126,0.8063174216462877,0.7323183818193905,0.8854727196361728,1.0256961050608346,308,0.21554289592874118,0.1655601044920333,0.020378126263942996,0.36541594515148457,0.18873576886218935,0.04436715930160859,0.6,0.0,True,False,0.0,0
C0_D0,1835087051,80,308,0.9901594429174895,0.9901594441579744,0.1631646154637142,0.9901594429174895,0.7463961510205621,0.014000000000000002,0.8083846104303465,0.7349891502432816,0.8803969200073105,1.032724253550908,311,0.1785835939357583,0.26140255811660673,0.02539116263009116,0.27953074915590875,0.21735736167377473,0.03773457448786027,0.2,0.0,True,False,0.0,0
C0_D0,1835087051,81,311,0.992823253653577,0.9928401539090441,0.08740955317929414,0.992823253653577,0.7641572440008778,0.256,0.8066520777116377,0.7303745079349969,0.8768837859719937,1.032564786248641,319,0.08918519004849246,0.24717209556944647,0.0342174885933047,0.2827964866563256,0.22263278982707127,0.12399594930535955,0.4,0.2,True,False,0.0,0
C0_D0,1835087051,82,319,0.9903110816161882,0.9909721773658596,0.05820839093968226,0.9903110816161882,0.7673910696430429,0.4,0.8084767486614524,0.7301946869047149,0.8769841126419803,1.0298628884107544,320,0.1417363045808476,0.19116031116533289,0.16609431130720453,0.24912488516256154,0.23894352633592994,0.012940661448123513,0.0,0.4,True,False,0.0,0
C0_D0,1835087051,83,320,0.9928014520793396,0.9928051275180554,0.09955361035809296,0.9928014520793396,0.7761849913484421,0.21400000000000002,0.8112442632630179,0.7288249230844875,0.8665626305111269,1.0367442135958067,324,0.1267496315626052,0.3236281138960554,0.025960136140013565,0.2942309681317087,0.18638464566672316,0.043046504602893935,0.2,0.2,True,False,0.0,0
C0_D0,1835087051,84,324,0.990632286596355,0.9906407678057386,0.09288017821282098,0.990632286596355,0.7899319116730531,0.22400000000000003,0.8106038733002345,0.7214919288747301,0.8799063674600143,1.011547641986907,327,0.05135314930583703,0.1999673357593242,0.07949320609948476,0.29142061687358045,0.3770779066784962,0.0006877852832774476,0.8,0.0,True,False,0.0,0
C0_D0,1835087051,85,327,0.9736871676152824,0.9858541795585448,0.03498277910370676,0.9736871676152824,0.7969264132159904,0.55,0.8131896494874193,0.7196270468819477,0.8868083600689901,0.9978973216031655,331,0.11512143063692519,0.19937715257337815,0.026759506756867994,0.29121747419963046,0.2744631467748862,0.09306128905831208,1.0,0.2,True,False,0.0,0
C0_D0,1835087051,86,331,0.9869568763477804,0.9902428228290369,0.04543845979726535,0.9869568763477804,0.8081939019138016,0.456,0.810387486613818,0.714184263073599,0.8981275240620911,0.9812497158603852,329,0.06923210669685788,0.1537709853058068,0.035128236516479276,0.3020595516393735,0.30967007044553074,0.13013904939595167,0.4,0.4,True,False,0.0,0
C0_D0,1835087051,87,329,0.9888226137480582,0.9888226156173987,0.15988956689994782,0.9888226137480582,0.8337282547590001,0.0,0.809793772102839,0.7152525076874984,0.9083147716558819,0.972408126596557,337,0.14721822209474197,0.20259067827489588,0.03992158943443005,0.22376945507758528,0.30634495484616575,0.08015510027218127,0.0,0.0,True,False,0.0,0
C0_D0,1835087051,88,337,0.9444950926012904,0.9911089082180399,0.02433337173572061,0.9444950926012904,0.8133778580790552,0.614,0.8131983160764127,0.7150504923400681,0.9155671613811408,0.9603953129787586,341,0.13200762546180822,0.22121929050626402,0.0718052366943013,0.23966126613052063,0.29041933445423557,0.04488724675287028,0.2,0.6,True,False,0.0,0
C0_D0,1835087051,89,341,0.9895845495699762,0.9895845544267562,0.15229549832942865,0.9895845495699762,0.8474674302625258,0.014000000000000002,0.8166907331646521,0.7114512523923835,0.9044781011314854,0.9631400981419507,342,0.08941605836648446,0.2797430246783521,0.09635073475886999,0.26861502674514043,0.2023382794422932,0.06353687600885981,0.2,0.0,True,False,0.0,0
C0_D0,1835087051,90,342,0.9902640995594413,0.9903977758267355,0.07092777819384435,0.9902640995594413,0.8473002280852757,0.326,0.817365947849382,0.701411627629503,0.9140302910183369,0.9388491813376035,341,0.006661723209234744,0.28205934341509015,0.05313035238398104,0.29553522705619134,0.3127474343379835,0.049865919597519306,0.6,0.2,True,False,0.0,0
C0_D0,1835087051,91,341,0.9913506492284302,0.9913506940885843,0.13461305825462827,0.9913506492284302,0.8479729173354998,0.05600000000000001,0.8119875498217596,0.6942915831154853,0.9170802376610603,0.9323633534250624,344,0.03688171084321763,0.1597559124018126,0.10600940822645784,0.29131017956073585,0.27226487872278554,0.1337779102449906,0.4,0.0,True,False,0.0,0
C0_D0,1835087051,92,344,0.9234748896689882,0.9919892771642522,0.021274641942204995,0.9234748896689882,0.8204256566660199,0.6240000000000001,0.807132211602512,0.7047449821384202,0.9253722138949543,0.9435629026551587,359,0.2520997272338637,0.16548538364757526,0.017189427933930752,0.15715085702724074,0.34269831219568514,0.06537629196170432,0.8,0.4,True,False,0.0,0
C0_D0,1835087051,93,359,0.9909841222063155,0.9919213401114207,0.055437809036237365,0.9909841222063155,0.8953977083671272,0.41400000000000003,0.8056075934948245,0.7055698358727464,0.9328349925054589,0.9388833246445755,370,0.13827628551559018,0.20525216036842275,0.03372992882734117,0.1584286342921814,0.3928603775527051,0.07145261344375943,0.2,0.4,True,False,0.0,0
C0_D0,1835087051,94,370,0.9884477957542861,0.988447801017558,0.1516465406789786,0.9884477957542861,0.8871473675698138,0.014000000000000002,0.8096994637156553,0.7089427729343849,0.9350209172755971,0.9364099105490328,360,0.17064286069094797,0.18577329360208758,0.01345568368047259,0.2789112005954524,0.27734712010342083,0.0738698413276187,0.2,0.0,True,False,0.0,0
C0_D0,1835087051,95,360,0.99286885128624,0.9928742542135895,0.09648739919603196,0.99286885128624,0.8967467276640685,0.22400000000000003,0.8084558466278385,0.7050595630774923,0.9174437767851037,0.9505829979697468,369,0.08204910987283275,0.25589719570633096,0.07451205622841367,0.2928008973809984,0.1796247561853316,0.11511598462609274,0.8,0.0,True,False,0.0,0
C0_D0,1835087051,96,369,0.9896278159145319,0.991510026358235,0.04988405619918352,0.9896278159145319,0.9039975288293808,0.42400000000000004,0.8038295671033227,0.7089771176987849,0.9256993991065934,0.9527923466096039,372,0.17713165968959094,0.16022073451972052,0.060517503246345285,0.22019409699294007,0.37448486981103885,0.007451135740364375,0.8,0.2,True,False,0.0,0
C0_D0,1835087051,97,372,0.9918816774240968,0.9928603775717292,0.055100594291855376,0.9918816774240968,0.9087078511767515,0.41400000000000003,0.8037182323815877,0.7106554869612549,0.9227676167597101,0.9582149623007855,373,0.1515903143426162,0.25972010933007283,0.08335954179255199,0.24634277065522092,0.24819078781888035,0.010796476060657775,0.2,0.4,True,False,0.0,0
C0_D0,1835087051,98,373,0.9908035584353643,0.9915932947510844,0.056798073829808005,0.9908035584353643,0.8804807472570669,0.4,0.8037793195175549,0.7113340772438745,0.907137376588772,0.9755818794368287,365,0.14014205788352974,0.16144432682970306,0.13239433288780333,0.37459472690081136,0.18323260752516501,0.008191947972987524,0.0,0.4,True,False,0.0,0
C0_D0,1835087051,99,365,0.9915370263100658,0.9915565785795266,0.08623897404848417,0.9915370263100658,0.8639472052183715,0.256,0.8100451599547901,0.7128055980487327,0.9010541089611078,0.976587135115397,361,0.15047780833814814,0.24408194059504448,0.05631433116845433,0.1949458371287645,0.22315235015606522,0.13102773261352324,0.4,0.2,True,False,0.0,0
C0_D0,1835087051,100,361,0.9890671066194372,0.9920670049535426,0.04617808445014499,0.9890671066194372,0.8581038047319309,0.456,0.8108158769984722,0.7045864455698624,0.8948416262374368,0.9711042651375827,363,0.030264092794579898,0.30595574095178396,0.06922637501616541,0.2884073325373037,0.2194646408621986,0.0866818178379684,0.4,0.4,True,False,0.0,0
C0_D0,1835087051,101,363,0.9914372044868014,0.9914372081995774,0.1544484298234849,0.9914372044868014,0.8651583059411152,0.014000000000000002,0.8145386572270247,0.696274333777483,0.9053574636136931,0.9441665276722924,361,0.023965131076421745,0.17333265982033377,0.14442018200229392,0.32405645372245884,0.3327258781998552,0.0014996951786365432,0.2,0.0,True,False,0.0,0
C0_D0,1835087051,102,361,0.9886271276675939,0.9910972437490143,0.04771704761055624,0.9886271276675939,0.8762551818163156,0.456,0.8170241271057817,0.6869536050936174,0.9148217172523238,0.9190858068198279,365,0.00616235006260562,0.30614105581721324,0.06132079913947407,0.2658662303865522,0.31022312501287647,0.05028643958127835,0.4,0.4,True,False,0.0,0
C0_D0,1835087051,103,365,0.9915901560543585,0.9916086145151369,0.08669764151386333,0.9915901560543585,0.8917975144376117,0.256,0.8159799225163805,0.6994805677461929,0.898555696610202,0.9540061603690685,370,0.2734330363407061,0.21560794434102126,0.06022459681001915,0.25730217038706943,0.176080755415553,0.01735149670563098,0.4,0.2,True,False,0.0,0
C0_D0,1835087051,104,370,0.9923941088576567,0.992397278279283,0.10072941289806306,0.9923941088576567,0.9063634305330197,0.21400000000000002,0.8135589469867467,0.6996708108657477,0.9026384882950531,0.9527761622951324,373,0.1270533938358043,0.2510073341357338,0.0444508892583297,0.30488772535608644,0.26969180672935666,0.0029088506846892156,0.2,0.2,True,False,0.0,0
C0_D0,1835087051,105,373,0.9840839486076952,0.9874404869249449,0.045246706306198876,0.9840839486076952,0.9062708061734738,0.456,0.8140750303907238,0.6922250192556957,0.9075742208838472,0.9369161096918529,376,0.031721861665442004,0.3273755725662756,0.0004472950822245729,0.31819739078711207,0.27599790709149685,0.04625997280744892,0.4,0.4,True,False,0.0,0
C0_D0,1835087051,106,376,0.9891524799523229,0.9906452368008004,0.051722432607031,0.9891524799523229,0.9196396515744432,0.41400000000000003,0.8145000512092484,0.6998926019893134,0.9121826775395789,0.9420164057142804,379,0.21598542120503064,0.20580370568108408,0.10152139479581714,0.18854191139459617,0.27682939372058235,0.011318173202889683,0.2,0.4,True,False,0.0,0
C0_D0,1835087051,107,379,0.9935709502931845,0.9937944850406579,0.06686239169419789,0.9935709502931845,0.914926026159397,0.35,0.8178112452276504,0.6972535785970485,0.920127476717268,0.9265944065100352,375,0.09194508384000966,0.22109710079433592,0.08617401243497638,0.21314133136131222,0.2958153346582348,0.09182713691113092,1.0,0.0,True,False,0.0,0
C0_D0,1835087051,108,375,0.9891654691694681,0.9899776380680197,0.056562138063133316,0.9891654691694681,0.924116982176213,0.41400000000000003,0.8192505525044247,0.7001459899123419,0.9277495289168888,0.9211728306948351,379,0.15943862806432194,0.24077383098902233,0.005822767630715009,0.19997722755920996,0.29817399935673783,0.09581354639999293,0.2,0.4,True,False,0.0,0
C0_D0,1835087051,109,379,0.9914517471257172,0.9914519389277958,0.12304856651792247,0.9914517471257172,0.9207527092409448,0.126,0.82276047044472,0.7095396851584278,0.9124244422860479,0.9451622387991796,379,0.24251243427128777,0.2227672149437367,0.0032348541036113514,0.21032179376817894,0.1872493313042401,0.1339143716089452,0.6,0.0,True,False,0.0,0
C0_D0,1835087051,110,379,0.990546243011837,0.9905525978061869,0.0951770937056811,0.990546243011837,0.9281145990500798,0.22400000000000003,0.8215041410864313,0.7062011949627548,0.9165633170558347,0.9378993163550821,382,0.08923117577810469,0.18165105645462634,0.024049903708277774,0.24774533891915274,0.2769065949919581,0.1804159301478804,0.8,0.0,True,False,0.0,0
C0_D0,1835087051,111,382,0.9905089390756484,0.9905325446101891,0.08473115179633622,0.9905089390756484,0.9350453820135751,0.256,0.8218730188229296,0.7165989824979813,0.9186988542447573,0.9490700951478127,387,0.2588480910420522,0.23024210389012945,0.00954140396596029,0.14250938345722766,0.2689593444725301,0.08989967317210025,0.4,0.2,True,False,0.0,0
C0_D0,1835087051,112,387,0.9895033798923736,0.9930010173540353,0.04496362940809409,0.9895033798923736,0.9409050561707797,0.456,0.8237076214067841,0.7229690368788787,0.9107926676409117,0.9636672233904316,392,0.21500004382245588,0.24094685118813458,0.07009875838133775,0.19532297541559607,0.219818494103151,0.05881287708932466,0.4,0.4,True,False,0.0,0
C0_D0,1835087051,113,392,0.9914330704862446,0.9914330769836567,0.14999374692346754,0.9914330704862446,0.9467407690710887,0.05600000000000001,0.8188980670073988,0.7166793337925362,0.9197134008768205,0.951573898321182,391,0.060734359470018394,0.15676351090529728,0.014869168423832131,0.2723396275705192,0.3759754653122383,0.11931786831809463,0.4,0.0,True,False,0.0,0
C0_D0,1835087051,114,391,0.989019297132203,0.989306339978533,0.06483582806971736,0.989019297132203,0.9493511081157112,0.35,0.8220266491929467,0.7170174032538575,0.9251734183506738,0.9428023436303383,385,0.13965045188685127,0.16492700085948467,0.06312186379183583,0.2770227360891776,0.28715678780767667,0.06812115956497401,1.0,0.0,True,False,0.0,0
C0_D0,1835087051,115,385,0.9905697479705874,0.9905697601290804,0.1449988384479235,0.9905697479705874,0.9703375948252436,0.05600000000000001,0.8219254558323962,0.7269527100393599,0.9201590373886943,0.9611935167201846,393,0.2598272118524406,0.23064729204268208,0.004398992614229886,0.19877310808905924,0.23751480436543976,0.0688385910361485,0.4,0.0,True,False,0.0,0
C0_D0,1835087051,116,393,0.9902623833239294,0.9902623841304519,0.1665924604708364,0.9902623833239294,0.9730457165020789,0.0,0.8164126219321479,0.737625903977744,0.9247542415696477,0.9770124940622599,392,0.2752603680044009,0.15691864989099247,0.045286430980459653,0.20083386636939057,0.28305553959911417,0.03864514515564211,0.0,0.0,True,False,0.0,0
C0_D0,1835087051,117,392,0.9819421735792102,0.9896170899633098,0.038680875425668074,0.9819421735792102,0.972598540341044,0.526,0.8089149695342539,0.7419564781073816,0.9180324880960764,0.9991196673398494,395,0.20264836660656088,0.15111762837675477,0.04431876082857393,0.2997368520486241,0.22876835341696736,0.07341003872251896,0.6,0.4,True,False,0.0,0
C0_D0,1835087051,118,395,0.9905462693734147,0.9919595421691332,0.052168533795255725,0.9905462693734147,0.973398575467851,0.42400000000000004,0.8062328156516764,0.7374064139523304,0.9128046224258483,1.0020020477302054,394,0.09434699687897301,0.16023145633631064,0.1545533321183543,0.34910600974271183,0.2328769156968975,0.008885289226752881,0.8,0.2,True,False,0.0,0
C0_D0,1835087051,119,394,0.9921937438389047,0.9921988377062408,0.09695085927811957,0.9921937438389047,0.9637159822002396,0.21400000000000002,0.8085330716407286,0.7276047245035597,0.9215241601832634,0.9765421557671218,394,0.02585789061057347,0.3950949565012143,0.005174972599504801,0.19180094398662956,0.3802289829809564,0.00184225332112154,0.2,0.2,True,False,0.0,0
C0_D0,1835087051,120,394,0.9943980427672467,0.9943980493544259,0.14990829445508996,0.9943980427672467,0.9299351319967825,0.014000000000000002,0.8146303641974577,0.7346195611457803,0.9117279573877006,0.9890918476820171,378,0.22993841084248257,0.18674646901334763,0.0882001216542446,0.21975009774523196,0.2117810661138179,0.0635838346308754,0.2,0.0,True,False,0.0,0
C0_D0,1835087051,121,378,0.9926590866543776,0.9926592924950373,0.1224959673639333,0.9926590866543776,0.9035780959453902,0.126,0.8161169397023964,0.727011215610932,0.9200701600818271,0.9682060066097551,364,0.05153290653050799,0.27084415219970776,0.06817554058542423,0.2853138387878249,0.2975749921644825,0.026558569732052593,0.6,0.0,True,False,0.0,0
C0_D0,1835087051,122,364,0.9922828416695291,0.99230203151451,0.086393890249753,0.9922828416695291,0.8860270993459649,0.256,0.8166933695157592,0.7239664508310926,0.9146080930969045,0.9692244726406963,358,0.10382245000883954,0.23284244128951834,0.04996417037537484,0.26316690055771286,0.23272474511630056,0.11747929265225386,0.4,0.2,True,False,0.0,0
C0_D0,1835087051,123,358,0.9896054606246878,0.9896054626736622,0.15916549996323565,0.9896054606246878,0.8738858598510757,0.014000000000000002,0.814819469887957,0.7240694202991058,0.9167796097508684,0.9692902917741145,353,0.14126615011959806,0.17558633708080887,0.017616758049722393,0.24903732872048867,0.2681616298182714,0.14833179621111053,0.2,0.0,True,False,0.0,0
C0_D0,1835087051,124,353,0.9856788943271684,0.9858061634201049,0.07128176562983275,0.9856788943271684,0.8620723114144213,0.326,0.8134328695878016,0.7163686161061602,0.9181781544443495,0.9591529745615255,351,0.04378333527512091,0.22457622935795854,0.05917416545218483,0.2678246044512919,0.2653825283428396,0.13925913712060434,0.6,0.2,True,False,0.0,0
C0_D0,1835087051,125,351,0.9827087056119667,0.9919827399374314,0.037193348586032716,0.9827087056119667,0.8475821811209189,0.526,0.8137671193952973,0.7144356632640472,0.9263603389999145,0.9477265222143509,345,0.11106847453993718,0.19150760890471458,0.01793874906707646,0.2277229601989872,0.31590075331900686,0.13586145397027788,0.6,0.4,True,False,0.0,0
C0_D0,1835087051,126,345,0.990341232445921,0.9935743327138534,0.04559425366836451,0.990341232445921,0.8585406874876984,0.456,0.8077355467113582,0.7170811705789606,0.9274426841308753,0.9572206154175942,345,0.16709113097644698,0.18782521144533698,0.022448641146053303,0.2772751982186305,0.2685918951547607,0.07676792305877156,0.4,0.4,True,False,0.0,0
C0_D0,1835087051,127,345,0.9514905218520988,0.9917601062042101,0.025503163183133958,0.9514905218520988,0.8307920398929761,0.6,0.8047625077812458,0.7114749338781095,0.9346984157177878,0.9458458487388929,347,0.06559777285121159,0.18395404837273044,0.07317532263151545,0.2652912702282809,0.32304158438802266,0.08894000152823886,0.0,0.6,True,False,0.0,0
C0_D0,1835087051,128,347,0.9911038824996601,0.9912933467268779,0.0681586637235357,0.9911038824996601,0.8474218281875004,0.35,0.8018526397927334,0.7145097215375881,0.936236290966462,0.9517614436640695,343,0.17010667941730148,0.15217826648836402,0.09565176871603555,0.19608890423826691,0.27503858410226506,0.1109357970377668,1.0,0.0,True,False,0.0,0
C0_D0,1835087051,129,343,0.9916815021932052,0.9916815053518907,0.1557369291401037,0.9916815021932052,0.8253235603614856,0.0,0.8034788706610169,0.7056033990396713,0.9364004833319708,0.9378309790847901,335,0.022739544737033428,0.22470923992338085,0.1452375438775186,0.2700664992012067,0.2689391073107748,0.0683080649500856,0.0,0.0,True,False,0.0,0
C0_D0,1835087051,130,335,0.9789269362641232,0.9904893665469968,0.035425820598936265,0.9789269362641232,0.8101639290505288,0.526,0.8031996650855031,0.7013657404146316,0.9252327643403282,0.9437783831366767,337,0.07553139158679908,0.31019374986760284,0.07869022582265564,0.31259126403712967,0.21236164670777227,0.0106317219780404,0.6,0.4,True,False,0.0,0
C0_D0,1835087051,131,337,0.9717735322136507,0.9914200783238911,0.03121333879866984,0.9717735322136507,0.7946162214754229,0.55,0.7995163371082383,0.7151709719774396,0.9143884355560468,0.9782544031490541,337,0.2984189822942446,0.18095889077244043,0.029772688973012124,0.1821150799797103,0.20839473824875668,0.10033961973183586,1.0,0.2,True,False,0.0,0
C0_D0,1835087051,132,337,0.9907731324293774,0.9907731374034098,0.15211516436341088,0.9907731324293774,0.8060752642634024,0.014000000000000002,0.8017670862783116,0.7106332094793736,0.9213517097563246,0.9619928169186229,333,0.07775982626007436,0.16817743296318774,0.15112559170033749,0.2521711320052851,0.29201058877941266,0.05875542829170263,0.2,0.0,True,False,0.0,0
C0_D0,1835087051,133,333,0.991906625383636,0.9919066282878484,0.15640733298157908,0.991906625383636,0.8027051778447897,0.0,0.8015577269925207,0.7054858874197734,0.9275886563376751,0.9488511680219053,332,0.06730423017960527,0.3153472885250044,0.024995343868982153,0.2347680845279632,0.29186058778491436,0.06572446511353075,0.0,0.0,True,False,0.0,0
C0_D0,1835087051,134,332,0.979784240098194,0.9912384327531083,0.035506704611502966,0.979784240098194,0.7942652986502542,0.526,0.7961562675492356,0.7061256247680113,0.9165579963442809,0.9676620363160604,336,0.13642539649033275,0.2038159000449699,0.09827303608368466,0.2919885225999014,0.20864102820186653,0.06085611657924475,0.6,0.4,True,False,0.0,0
C0_D0,1835087051,135,336,0.9903315571839071,0.9903351389480431,0.09973928755217665,0.9903315571839071,0.7850760655718821,0.2,0.7960868755222871,0.70941830000261,0.9249021967098529,0.9634875612374834,332,0.1699869559124894,0.2462051366839268,0.006106273569897788,0.14291705621982798,0.4346982245364299,8.635307742814753e-05,0.0,0.2,True,False,0.0,0
C0_D0,1835087051,136,332,0.9895642238861385,0.9895642532697339,0.1379667156364198,0.9895642238861385,0.7747712581564178,0.05600000000000001,0.7963099265865337,0.7114656847053554,0.9173493393720655,0.9739509286140702,331,0.1564787462859497,0.27813162395987334,0.001170401977225591,0.2155732517162799,0.22468681166599,0.12395916439468165,0.4,0.0,True,False,0.0,0
C0_D0,1835087051,137,331,0.9825713501939979,0.9935004621197304,0.03589838176823985,0.9825713501939979,0.7575109043440172,0.526,0.7978217679197465,0.7114408359326404,0.9091097665293347,0.9808815928919615,327,0.13185544328190937,0.20545800832977232,0.11071020159001642,0.24801936807867125,0.2174768054723789,0.08648017324725168,0.6,0.4,True,False,0.0,0
C0_D0,1835087051,138,327,0.9913491886853467,0.9913491929836828,0.15328198480472816,0.9913491886853467,0.7434387599663285,0.014000000000000002,0.8038496431915646,0.7106449792073294,0.9136454752905666,0.9676095831472823,319,0.12220231339151265,0.16910096573190175,0.08083240069550027,0.17472725267699496,0.2772334270708268,0.17590364043326356,0.2,0.0,True,False,0.0,0
C0_D0,1835087051,139,319,0.9861904279207429,0.9894090967796904,0.045596423988204536,0.9861904279207429,0.7082399857834017,0.456,0.8101938780366407,0.7085687423863619,0.9055440707175862,0.9657916394850654,306,0.10570015174248795,0.33673170865184593,0.06982741874163735,0.23705194484644895,0.21631571478038136,0.03437306123719836,0.4,0.4,True,False,0.0,0
C0_D0,1835087051,140,306,0.9920740030934492,0.9921361822430631,0.07703438915157378,0.9920740030934492,0.7143213065571852,0.326,0.8108421309930121,0.7042145952775518,0.9090174895170006,0.9554247257767158,304,0.07592862513134944,0.2635607510978349,0.08756062716233041,0.27512184025145137,0.27013912935586487,0.02768902700116898,0.6,0.2,True,False,0.0,0
C0_D0,1835087051,141,304,0.9880254982382468,0.9880255251774044,0.1386457058436375,0.9880254982382468,0.7125126306968136,0.05600000000000001,0.8107430080009337,0.7028141994683651,0.8977981294139998,0.9655585617465055,306,0.11012917443363582,0.18147891148766737,0.03574954626388119,0.32218996146813,0.19841194424349645,0.15204046210318925,0.4,0.0,True,False,0.0,0
C0_D0,1835087051,142,306,0.9931285491157341,0.993334738183354,0.06750167005250629,0.9931285491157341,0.7173667453964178,0.35,0.8068366827791483,0.7176734894949468,0.9066666430614646,0.981055621699023,308,0.3572856709904835,0.16111893352429543,0.07359812235352138,0.10996402123196257,0.2932416329443236,0.004791618955413674,1.0,0.0,True,False,0.0,0
C0_D0,1835087051,143,308,0.9890628695184341,0.989062882880891,0.14423512117395162,0.9890628695184341,0.7108450372917707,0.05600000000000001,0.8099841323766628,0.7194026007957753,0.905161388040265,0.9812269609209477,303,0.1576598221946984,0.2212132940662302,0.08181971589109241,0.25157374771258917,0.2458070464247345,0.04192637371065511,0.4,0.0,True,False,0.0,0
C0_D0,1835087051,144,303,0.9889018344400036,0.9889018406799908,0.15029519060505095,0.9889018344400036,0.7273933949852768,0.05600000000000001,0.8092733648394587,0.7142030018707713,0.9146452492362385,0.9648809706841281,307,0.07213163893480973,0.2518525365765613,0.023654358213726277,0.25889863978234084,0.3168383177765758,0.07662450871598613,0.4,0.0,True,False,0.0,0
C0_D0,1835087051,145,307,0.9873369013150449,0.9882469142267031,0.05564274747962327,0.9873369013150449,0.7169986219292162,0.41400000000000003,0.8097620772987596,0.7077531586946034,0.9176783405783812,0.9524318296078945,304,0.0532538364671325,0.1873262387996122,0.08950593197885583,0.2391403732946026,0.27248808132883273,0.15828553813096413,0.2,0.4,True,False,0.0,0
C0_D0,1835087051,146,304,0.9919248915547265,0.9929820256426711,0.054487915215160096,0.9919248915547265,0.7178374930242588,0.42400000000000004,0.8146745745058611,0.7193070538784084,0.8960940361943772,0.9853183474956602,304,0.27426941398168997,0.21025512924813372,0.11994160623431871,0.2232290413444258,0.15091764836917065,0.02138716082226113,0.8,0.2,True,False,0.0,0
C0_D0,1835087051,147,304,0.9881550468887679,0.9881587989898445,0.0993519462189619,0.9881550468887679,0.7242770162792758,0.21400000000000002,0.8128683583807271,0.7227138206945761,0.8944354242383252,0.9940246407301558,307,0.1796514938761019,0.25705894205697555,0.0024411089257567373,0.23965485090114813,0.2397539583169285,0.08143964592308932,0.2,0.2,True,False,0.0,0
C0_D0,1835087051,148,307,0.9903430410435285,0.9903432546442377,0.12218280252925756,0.9903430410435285,0.7254126638227824,0.126,0.8104123852773432,0.7365781296598474,0.8933561103117669,1.0173915773347686,310,0.3165146251744536,0.24564903219698653,0.03597568898363994,0.12870010460992581,0.2418211424863708,0.031339406548623217,0.6,0.0,True,False,0.0,0
C0_D0,1835087051,149,310,0.9915994854445321,0.9915996263037238,0.12550705317292582,0.9915994854445321,0.7449488795394758,0.126,0.805320647465964,0.732834152136669,0.901629007056575,1.009273780709778,315,0.10106161199767527,0.3013965395416386,0.0012490695294565843,0.26752636360624765,0.28804253887992415,0.04072387644505764,0.6,0.0,True,False,0.0,0
C0_D0,1835087051,150,315,0.9720978787186426,0.9917410763372952,0.031217272466826276,0.9720978787186426,0.7577314781805293,0.55,0.8051706257462091,0.7350956420251467,0.8882979936622102,1.0277730944018064,327,0.17378996869138777,0.19905615803163737,0.006734282409061537,0.32084160385292326,0.18415943655646327,0.11541855045852688,1.0,0.2,True,False,0.0,0
C0_D0,1835087051,151,327,0.9850811531488123,0.9871121651641893,0.049243009636951045,0.9850811531488123,0.7710286154227146,0.456,0.8020831217861976,0.7348520465755077,0.8994681942959891,1.0185790030163517,329,0.14388983314523013,0.2011589834651531,0.03301235195441976,0.18814832071879511,0.4101338675452224,0.023656643171179534,0.4,0.4,True,False,0.0,0
C0_D0,1835087051,152,329,0.9905068001000787,0.9906522575939724,0.07025749189385153,0.9905068001000787,0.7730079414400705,0.326,0.8027877755767718,0.7384988085071637,0.9095213748663902,1.0114307155323083,325,0.19236705325539108,0.18758856780785438,0.03700031394254105,0.1950831330668715,0.3403797672348263,0.047581164692515734,0.6,0.2,True,False,0.0,0
C0_D0,1835087051,153,325,0.9910599745731197,0.9912866407629283,0.06673154217177656,0.9910599745731197,0.7655178292247726,0.35,0.8024729032064745,0.7427580656254831,0.9185692373797512,1.0076393124924083,324,0.2023024692959707,0.25074817815055117,0.03661172084560941,0.13306795305023758,0.33994454712471944,0.03732513153291166,1.0,0.0,True,False,0.0,0
C0_D0,1835087051,154,324,0.9873048921782472,0.9874056630228701,0.07315298684178301,0.9873048921782472,0.7575098161736618,0.326,0.8030534074405185,0.7556201623442089,0.8939996769477644,1.0524991328707516,323,0.33344793663955835,0.2780889563144123,0.002694838681147066,0.23622574268497404,0.1364368165299416,0.013105709149966834,0.6,0.2,True,False,0.0,0
C0_D0,1835087051,155,323,0.9902282045194717,0.9911828760187431,0.055285005479797915,0.9902282045194717,0.7701657998441988,0.42400000000000004,0.8031003220564965,0.7481662267035675,0.8968711157724959,1.0387194456074942,325,0.066588405957113,0.18493966468009732,0.04511675416830321,0.2944112786228325,0.26135703259753956,0.14758686397411447,0.8,0.2,True,False,0.0,0
C0_D0,1835087051,156,325,0.9925787640437364,0.9925787695930194,0.15125852434415096,0.9925787640437364,0.7961035528762962,0.0,0.7992371118023959,0.736521678124568,0.9071840041952464,1.0158147351399611,334,0.009547034452237415,0.18202731390779242,0.05357841035451386,0.3635341605287303,0.37492678522502954,0.016386295531696612,0.0,0.0,True,False,0.0,0
C0_D0,1835087051,157,334,0.9678057305834342,0.989995196681923,0.03023302077704496,0.9678057305834342,0.7722405980984665,0.55,0.7982034938317912,0.7474852056543938,0.8991724325303875,1.0414681513397488,335,0.2848701429506772,0.18338116738241766,0.08178733125618125,0.17515299208186738,0.21353414377332852,0.061274222555527974,1.0,0.2,True,False,0.0,0
C0_D0,1835087051,158,335,0.9881775325361766,0.9883869224917659,0.06733929853332818,0.9881775325361766,0.7750199883299634,0.35,0.8031084606546945,0.7390664598671471,0.9092551892773487,1.012100184853881,327,0.04944393119341292,0.19995214256195698,0.18616450723914588,0.22576073507721023,0.30957388268775865,0.029104801240515454,1.0,0.0,True,False,0.0,0
C0_D0,1835087051,159,327,0.9919765221430354,0.9921454808912631,0.06907729529722514,0.9919765221430354,0.7682703521414149,0.35,0.8026208167395483,0.7333990054211992,0.9183296703496139,0.995018787780957,324,0.07857335684261726,0.16358715254864134,0.002098929762018771,0.20207208610179753,0.51858931038321,0.03507916436171505,1.0,0.0,True,False,0.0,0
C0_D0,1835087051,160,324,0.9845895412750115,0.988097598005236,0.04490054797328814,0.9845895412750115,0.7819646901115955,0.456,0.8013908433353956,0.7371492770827788,0.9264967033146525,0.9928123930715241,330,0.1927527741579945,0.16107982484644137,0.03006524806778004,0.19762207455789138,0.3252507634747562,0.09322931489513653,0.4,0.4,True,False,0.0,0
C0_D0,1835087051,161,330,0.99285938370206,0.9948545223553061,0.049447054159528464,0.99285938370206,0.7848648205887915,0.42400000000000004,0.8087551002538529,0.7297326496596753,0.9332172317621954,0.9668608962998447,322,0.055510455387943275,0.18974337282207893,0.003678846118007939,0.36230923242899066,0.2968509938950406,0.09190709934793859,0.8,0.2,True,False,0.0,0
C0_D0,1835087051,162,322,0.9834888912473787,0.9867423085967478,0.04548946419856354,0.9834888912473787,0.7687595563588486,0.456,0.8072034694976011,0.7338226878470843,0.9282973215926693,0.9793118678566733,320,0.1947083833799083,0.21149903613484833,0.0759965965635751,0.20963985251025874,0.24200906503346725,0.06614706637794227,0.4,0.4,True,False,0.0,0
C0_D0,1835087051,163,320,0.9907223098923773,0.9917093519188859,0.0550238012003004,0.9907223098923773,0.7777778958743508,0.4,0.8091541770040674,0.7296735415898105,0.9354675894334024,0.9639812196065031,316,0.0942748516885053,0.22667752130950874,0.02761634321711803,0.2858753967947825,0.3376520246079838,0.027903862382101668,0.0,0.4,True,False,0.0,0
C0_D0,1835087051,164,316,0.9917020850022403,0.9917021288878509,0.134790710528386,0.9917020850022403,0.773955526665468,0.05600000000000001,0.8106534332988815,0.719392408469218,0.9419208304900621,0.9421416919763599,314,0.015031799486226759,0.21501926377287853,0.07931464469048606,0.2512903537410662,0.41271959203556874,0.02662434627377378,0.4,0.0,True,False,0.0,0
C0_D0,1835087051,165,314,0.9873375412706539,0.9885214700884848,0.05355038507352927,0.9873375412706539,0.7601018225317524,0.42400000000000004,0.8114378179003955,0.7243968477203929,0.9409182928809411,0.9487884631668103,306,0.19967574593294696,0.19011673828988376,0.0654613017066291,0.25146791669176777,0.2659477271994258,0.027330570179346796,0.8,0.2,True,False,0.0,0
C0_D0,1835087051,166,306,0.9900385952277143,0.9900601943232573,0.08543444654480686,0.9900385952277143,0.7536486384845034,0.256,0.8076953056385789,0.7284343894064623,0.946826463592847,0.952516470510559,306,0.19071730090111347,0.2594627075372382,0.037471477690108924,0.15610413122933325,0.3097773582424524,0.046467024399753865,0.4,0.2,True,False,0.0,0
C0_D0,1835087051,167,306,0.9863474684612846,0.9863548689726642,0.09393065478790064,0.9863474684612846,0.7537247884902156,0.21400000000000002,0.8061071687394029,0.7280987108498166,0.938445139773633,0.9624730755693028,307,0.13857551142096713,0.21690045968011037,0.014832620052756896,0.38060000951522693,0.23150661270035336,0.01758478663058534,0.2,0.2,True,False,0.0,0
C0_D0,1835087051,168,307,0.9926426497326637,0.992666979705343,0.08450767016558319,0.9926426497326637,0.7444444376324364,0.256,0.8049960487806472,0.7177331764160267,0.9348875773109647,0.9536958302612337,304,0.012992513858762345,0.2424412025130391,0.17938676179930454,0.28991136022682784,0.2514347575734754,0.023833404028590698,0.4,0.2,True,False,0.0,0
C0_D0,1835087051,169,304,0.9886056599616405,0.9886989367190103,0.07377854546583461,0.9886056599616405,0.7454599507527315,0.326,0.8037647269133591,0.725402119667351,0.9166979514045184,0.9845178988095604,306,0.23194502590157065,0.19219222226756696,0.1235625337999775,0.2733504447628433,0.17649565912325077,0.0024541141447907886,0.6,0.2,True,False,0.0,0
C0_D0,1835087051,170,306,0.9901876637563012,0.9916802544691496,0.0517316308455987,0.9901876637563012,0.7446444324108544,0.41400000000000003,0.8040248734529308,0.7296833314561619,0.9250281562640665,0.9810925752711614,305,0.1943914721522302,0.25079028496612077,0.0006269002524855379,0.17625939216062125,0.31673610144347153,0.06119584902507079,0.2,0.4,True,False,0.0,0
C0_D0,1835087051,171,305,0.990201879842951,0.99020190915513,0.1379912137138873,0.990201879842951,0.7282468396699662,0.05600000000000001,0.8032264860596365,0.7187232027148589,0.9325253406376599,0.9595398206450663,298,0.006550472893812977,0.19264815260613458,0.07975296510572315,0.26852080284612306,0.4127898978649607,0.039737708683245596,0.4,0.0,True,False,0.0,0
C0_D0,1835087051,172,298,0.9874813278313456,0.9876512812129562,0.06899443369264863,0.9874813278313456,0.7188564587506096,0.326,0.8125460584035835,0.7262601960965956,0.9163934380843929,0.9753540326769531,291,0.23091441896849552,0.18290592386960447,0.038573203467763495,0.29551782319032005,0.18560315755249485,0.06648547295132168,0.6,0.2,True,False,0.0,0
C0_D0,1835087051,173,291,0.981152344034058,0.9813233052861274,0.06889620262630287,0.981152344034058,0.6871893447537571,0.35,0.8193381629257674,0.7255052982541341,0.912137867491623,0.9707712785162153,277,0.13197639952960266,0.18456845296590194,0.0305329744367478,0.37394492920887573,0.2369188660783469,0.04205837778052502,1.0,0.0,True,False,0.0,0
C0_D0,1835087051,174,277,0.9822631826125501,0.9834413283139336,0.05354834943886699,0.9822631826125501,0.7042165100010879,0.42400000000000004,0.8217801346027604,0.7234606579362257,0.9136531582098075,0.9635581311697428,281,0.11538280743497926,0.22355441941246915,0.05825024630044522,0.31753147472387855,0.26364538733673426,0.02163566479149339,0.8,0.2,True,False,0.0,0
C0_D0,1835087051,175,281,0.9889447686635577,0.9909002822394336,0.04957503687235685,0.9889447686635577,0.7057345121448504,0.456,0.8237871606266408,0.7297671287065448,0.921000549027947,0.9618545181858126,277,0.21849379583912962,0.264268089570289,0.016860512589909508,0.2051595173413605,0.29356353319560147,0.0016545514637099673,0.4,0.4,True,False,0.0,0
C0_D0,1835087051,176,277,0.9887101081943092,0.9887101117023636,0.1548779860864872,0.9887101081943092,0.7047702819977818,0.014000000000000002,0.8225279690433515,0.7375260404827072,0.9072944141593746,0.9882764517807271,278,0.2405908526436202,0.16720649598334583,0.09452649724210978,0.24631714003715086,0.1919696001711114,0.05938941392266178,0.2,0.0,True,False,0.0,0
C0_D0,1835087051,177,278,0.949494393661167,0.9875056118365441,0.025928358961789234,0.949494393661167,0.6659093380478392,0.6,0.8251528468749147,0.7295983059441755,0.9165649727434372,0.9646864050819797,273,0.04935709357004578,0.19232263930477778,0.16247196257831076,0.23897346957087157,0.33324891506392457,0.02362591991206948,0.0,0.6,True,False,0.0,0
C0_D0,1835087051,178,273,0.9871456571080545,0.9871483268612792,0.1020528539718093,0.9871456571080545,0.6737955287125625,0.21400000000000002,0.8255005531743992,0.7268406377635303,0.9249084754690935,0.9519695848035632,268,0.10902808895704331,0.17263585652486232,0.049877981428760924,0.18121895044341296,0.37962988887556975,0.10760923377035066,0.2,0.2,True,False,0.0,0
C0_D0,1835087051,179,268,0.9927195336902896,0.9927195341974735,0.170304534546484,0.9927195336902896,0.6762642280253258,0.0,0.8241715163186467,0.7248638493869294,0.9262223711653071,0.9495625403043627,272,0.11706554389469585,0.232427999300943,0.1612288671672052,0.1779181484136598,0.2690237162156152,0.0423357250078811,0.0,0.0,True,False,0.0,0
C0_D0,1835087051,180,272,0.9859635567478175,0.9859667123693006,0.10071240017513843,0.9859635567478175,0.6734662133272754,0.21400000000000002,0.8216482304333096,0.7296707621751395,0.9128815931229912,0.9728067378337129,274,0.20062631571945744,0.17714617167862445,0.15211841276660798,0.25574644515983663,0.19640729537107424,0.0179553593043993,0.2,0.2,True,False,0.0,0
C0_D0,1835087051,181,274,0.9903162121150341,0.9903162149859654,0.15648630493188445,0.9903162121150341,0.6753504270450393,0.0,0.8232689294711041,0.7333151661746724,0.8996212613270068,0.9901231866536513,273,0.18909927635362414,0.21110840234589545,0.0783705858192341,0.331110076347326,0.1901391375815734,0.00017252155234704898,0.0,0.0,True,False,0.0,0
C0_D0,1835087051,182,273,0.9855801124443053,0.9857582367030063,0.06860537891164982,0.9855801124443053,0.6708820665966204,0.35,0.8180526182793012,0.7329475080467109,0.9000067197948486,0.9955105837155247,274,0.14122625225965255,0.1805257549412003,0.08977352651331436,0.24019299317517104,0.25173792300271247,0.09654355010794921,1.0,0.0,True,False,0.0,0
C0_D0,1835087051,183,274,0.9887061767630386,0.988711481332374,0.09660020028939716,0.9887061767630386,0.6701228288163101,0.22400000000000003,0.8120249321534941,0.7267750922453797,0.9100060478153638,0.9835272392741561,275,0.06843699501255429,0.15492113856670572,0.21413529816426713,0.22358244747522724,0.3230332017016481,0.015890919079597547,0.8,0.0,True,False,0.0,0
C0_D0,1835087051,184,275,0.9926135179837692,0.992618302992686,0.09745212206362018,0.9926135179837692,0.6543619044050969,0.21400000000000002,0.8100495705970433,0.7176010164937903,0.9190054430338274,0.9639474648168294,267,0.027058485758494132,0.22970017553391392,0.07955019160604676,0.26501124736084797,0.335511368651474,0.06316853108922323,0.2,0.2,True,False,0.0,0
C0_D0,1835087051,185,267,0.9858083158124855,0.986702131430237,0.05577325211741674,0.9858083158124855,0.6596421114428256,0.4,0.804444729140113,0.7205007733709403,0.9142459458514949,0.979659597872971,271,0.17224759627299402,0.1763453724376894,0.0813006175169753,0.32552707631487965,0.23570523560525156,0.008874101852210185,0.0,0.4,True,False,0.0,0
C0_D0,1835087051,186,271,0.9887674285336806,0.9920255897380006,0.04552037261856418,0.9887674285336806,0.6414871489674892,0.456,0.8025253273054113,0.7133490010706737,0.9228213512663453,0.9632204086047378,267,0.048415829603504046,0.363097446474335,0.05920287978900591,0.1870453051103443,0.31912507633344245,0.02311346268936844,0.4,0.4,True,False,0.0,0
C0_D0,1835087051,187,267,0.9457705320140761,0.9854243678968183,0.025574803025534682,0.9457705320140761,0.6162256861309605,0.6,0.8000537741203744,0.719470822509672,0.9305392161397108,0.9664053542074099,265,0.20986589365665,0.1884377399201312,0.013524138443461491,0.22801128443263827,0.31039354240133177,0.049767401145787295,0.0,0.6,True,False,0.0,0
C0_D0,1835087051,188,265,0.988212871083965,0.9882131646027346,0.11963568729167895,0.988212871083965,0.6367204952618927,0.126,0.7995096681493994,0.7154626385984737,0.9374852945257397,0.9545502065034553,264,0.08706696517856698,0.22993960351102902,0.12124577625658063,0.19987257981227394,0.30070916086644683,0.06116591437510266,0.6,0.0,True,False,0.0,0
C0_D0,1835087051,189,264,0.986062240869103,0.9860738625608038,0.09033581203711247,0.986062240869103,0.6248171574872716,0.22400000000000003,0.8044482281034189,0.7121604103023025,0.9437367650731657,0.9380561899333182,255,0.0933862954219061,0.17087920683339006,0.007735713049629292,0.404252045041312,0.300275569506549,0.02347117014721365,0.8,0.0,True,False,0.0,0
C0_D0,1835087051,190,255,0.9859931414541331,0.9859975678678216,0.09801892611831169,0.9859931414541331,0.6355334794536941,0.22400000000000003,0.8082137210801694,0.7204300409001889,0.9493630885658492,0.9389300799645456,259,0.23597063891251951,0.20799434491015104,0.07428966772129482,0.15061541893787816,0.3230031148277804,0.008126814690376195,0.8,0.0,True,False,0.0,0
C0_D0,1835087051,191,259,0.9895966848688037,0.989655902251207,0.07740295287134309,0.9895966848688037,0.6272779150692891,0.326,0.8080750967750139,0.7136673076698073,0.9544267797092643,0.9253402712818682,253,0.05323461018284783,0.25682591079879585,0.023851640266024623,0.3212924513017721,0.318345881849156,0.026449505601403543,0.6,0.2,True,False,0.0,0
C0_D0,1835087051,192,253,0.9870904747607793,0.9883032832393587,0.053356787636609566,0.9870904747607793,0.6197335023845246,0.42400000000000004,0.8075970107663748,0.7119170244343795,0.9589841017383378,0.9192280502698787,251,0.1116635268507814,0.18020185294194524,0.0016949222173642824,0.21817458532282913,0.43601936256866974,0.05224575009841023,0.8,0.2,True,False,0.0,0
C0_D0,1835087051,193,251,0.9869855773520512,0.9869855776994771,0.17326989306122953,0.9869855773520512,0.6228104078899794,0.0,0.7958378354107244,0.7072455871637674,0.9630856915645041,0.9227429449067015,254,0.07405517438883505,0.16409265342598203,0.05418475841254547,0.34645656599200797,0.3484198416133518,0.012791006167277488,0.0,0.0,True,False,0.0,0
C0_D0,1835087051,194,254,0.9886276989708278,0.988635537662832,0.09349115253432903,0.9886276989708278,0.6237035839135963,0.22400000000000003,0.7988610585556456,0.7143995989671709,0.9607916528231293,0.9307664687931578,252,0.21895363951989733,0.19367909912861284,0.029236782465930627,0.21903664787049126,0.27007265207537795,0.06902117893968984,0.8,0.0,True,False,0.0,0
C0_D0,1835087051,195,252,0.9867510701210183,0.9874219176597461,0.0580632608890228,0.9867510701210183,0.6211882593918102,0.4,0.7950448763423211,0.7038914293967021,0.9608803522147696,0.9213926021361938,254,0.00264762972362252,0.23083702328016048,0.04178098197467244,0.3169318525558806,0.2808393233697663,0.12696318909589774,0.0,0.4,True,False,0.0,0
C0_D0,1835087051,196,254,0.9763403400188811,0.9881612418425078,0.03523110539839641,0.9763403400188811,0.6192755860550795,0.526,0.7937672592742663,0.6994360694005962,0.9647923169932927,0.9133158759605401,259,0.07174014342161462,0.2791435240690304,0.06198895962014347,0.2034872403720426,0.31033320160083844,0.07330693091633039,0.6,0.4,True,False,0.0,0
C0_D0,1835087051,197,259,0.9853063876096176,0.9853063898306652,0.15848894759848065,0.9853063876096176,0.6398965812655322,0.014000000000000002,0.791804673255754,0.6926348819041936,0.9683130852939634,0.9033800551607024,265,0.039632699670340873,0.21463639660065795,0.06962088856828616,0.335735729128334,0.31144368340630213,0.028930602626078935,0.2,0.0,True,False,0.0,0
C0_D0,1835087051,198,265,0.9877172913427191,0.9877277316781092,0.09120244482266888,0.9877172913427191,0.6456567238445695,0.22400000000000003,0.7911588211345145,0.6939514096859577,0.9639823750849685,0.9099055081816654,269,0.13685339846217154,0.1858946535553703,0.17688575535418802,0.21651721464639376,0.2625029916020071,0.021345986379869387,0.8,0.0,True,False,0.0,0
C0_D0,1835087051,199,269,0.9916084542362207,0.9916085601332157,0.12777808551958938,0.9916084542362207,0.6404441765920783,0.05600000000000001,0.7858817981589133,0.6867239215779221,0.9675841375764717,0.9031007560403971,267,0.030876029703278147,0.16073058927781353,0.03739188800590669,0.36375697516795297,0.33138655080016743,0.07585796704488125,0.4,0.0,True,False,0.0,0
C0_D0,1835087051,200,267,0.9853781883243451,0.9881621280821005,0.04674139847610215,0.9853781883243451,0.6356945963674151,0.456,0.7832105506650681,0.6966420939776116,0.9391423294098927,0.9471085731951178,271,0.24067960598232035,0.1802820061728185,0.15043836662951526,0.25149154674029767,0.14158302795534103,0.03552544651970718,0.4,0.4,True,False,0.0,0
C0_D0,1835087051,201,271,0.9882913547009874,0.9884639714434851,0.06887720495998345,0.9882913547009874,0.6236326738197905,0.326,0.7875827999695162,0.6930828950460933,0.9425525792346823,0.933648430781184,262,0.07841132209202947,0.2296290458850682,0.012676405623272597,0.3027295966750693,0.2866224138288938,0.08993121589566663,0.6,0.2,True,False,0.0,0
C0_D0,1835087051,202,262,0.96921180746523,0.9886340288281174,0.03128234941998373,0.96921180746523,0.5901702026863173,0.55,0.7904461425105663,0.7062413261736517,0.9240984448301026,0.9668577956717985,253,0.2851571984982868,0.1737793579974318,0.0896399921725794,0.2294500020546007,0.17900561759444278,0.04296783168265854,1.0,0.2,True,False,0.0,0
C0_D0,1835087051,203,253,0.9877780489354616,0.9877916379133451,0.08910482489983305,0.9877780489354616,0.5813225439112728,0.256,0.791250569295551,0.7151947698352533,0.9112304394859799,0.9919323986810044,248,0.2408188746285536,0.2404216621084207,0.11171618400547002,0.18455591664527707,0.19770919569443787,0.024778166917840714,0.4,0.2,True,False,0.0,0
C0_D0,1835087051,204,248,0.9852489505270533,0.9852489520264984,0.16161586841742293,0.9852489505270533,0.5629715979931061,0.014000000000000002,0.7921291769368,0.7097944446831277,0.920107395537382,0.973863444732778,243,0.06699266674546313,0.2506872337879513,0.16051808916268803,0.185104715333641,0.3017887075348921,0.03490858743536424,0.2,0.0,True,False,0.0,0
C0_D0,1835087051,205,243,0.9889089549344977,0.9889089584228865,0.15492433502751923,0.9889089549344977,0.5628178189034597,0.014000000000000002,0.7916984258858163,0.7100642815160821,0.9156054930997386,0.9795565113799692,242,0.13449448833888591,0.17316513212153015,0.08053772040452682,0.25298507917699004,0.2375441855804742,0.12127339437759294,0.2,0.0,True,False,0.0,0
C0_D0,1835087051,206,242,0.9849526262866317,0.9849549479496349,0.10314718832851563,0.9849526262866317,0.5492770342925698,0.22400000000000003,0.7954886199634638,0.724561067440278,0.9079949322306426,1.0031308777617038,237,0.37028059819309145,0.23853310644488745,0.0004635644842598463,0.16718817258249657,0.2197499422043897,0.0037846160908750156,0.8,0.0,True,False,0.0,0
C0_D0,1835087051,207,237,0.9892420008157915,0.9892475997316459,0.09617463636394419,0.9892420008157915,0.5672390541913586,0.2,0.7990553549148063,0.718645281902011,0.9171954390075784,0.9805637318581863,241,0.06640334792183634,0.17322751225839747,0.18085227375417648,0.24633092116702665,0.31608411370533807,0.01710183119322504,0.0,0.2,True,False,0.0,0
C0_D0,1835087051,208,241,0.9890310762687147,0.9896781014134275,0.0583692386574474,0.9890310762687147,0.5723932273256516,0.4,0.8016022389351601,0.7149158110041856,0.9254758951068205,0.9636756131116563,239,0.09003491496593768,0.1694476310628995,0.14026510847952045,0.2899702261545905,0.30892050220838607,0.0013616171286657916,0.0,0.4,True,False,0.0,0
C0_D0,1835087051,209,239,0.9852286438492823,0.987272457845236,0.049194285243436185,0.9852286438492823,0.5863563905702535,0.456,0.8004961615409173,0.7179300339623632,0.9329283055961385,0.9613346546159866,248,0.172000168854837,0.24417634055431006,0.07977514937532106,0.15163362402976632,0.31151694764505955,0.04089776954070614,0.4,0.4,True,False,0.0,0
C0_D0,1835087051,210,248,0.9863227761590035,0.9874715409222155,0.05378193158087343,0.9863227761590035,0.5895607044412987,0.41400000000000003,0.8074080955666515,0.7320335322642451,0.9041691419853131,1.0027396651041955,247,0.3274047863080256,0.1723365684141673,0.005555891284937813,0.29953564106932273,0.1226683347439421,0.07249877817960446,0.2,0.4,True,False,0.0,0
C0_D0,1835087051,211,247,0.9889725744184124,0.9890791739675114,0.0727188699360842,0.9889725744184124,0.6002223250660701,0.326,0.8062051179266413,0.7377970629674474,0.912700859495358,1.0026812914871315,252,0.21706509145518296,0.18381070937496152,0.09448218528186164,0.14613702599898445,0.29474315854288097,0.0637618293461284,0.6,0.2,True,False,0.0,0
C0_D0,1835087051,212,252,0.982908191348675,0.9836409933634098,0.057329579957577474,0.982908191348675,0.6147076200104793,0.4,0.8074854028778433,0.7428062481419211,0.9046666334263165,1.0168392351584181,259,0.21123797903557623,0.2526572048957836,0.06575748073383024,0.23394650854553176,0.2161792994024716,0.020221527386806673,0.0,0.4,True,False,0.0,0
C0_D0,1835087051,213,259,0.9883585406215482,0.9895119119327114,0.053766506100241425,0.9883585406215482,0.6071549021175943,0.41400000000000003,0.8057466365462007,0.7410709087441396,0.9141999700836848,1.0060511481391665,255,0.13006216261643166,0.1808306710796248,0.09429393309094913,0.18922090035873734,0.34770260334407777,0.05788972951017936,0.2,0.4,True,False,0.0,0
C0_D0,1835087051,214,255,0.9860837024292765,0.9860837047680772,0.15808401257349874,0.9860837024292765,0.6161308852504344,0.014000000000000002,0.8037748173838544,0.7389165534254346,0.911857360214392,1.0081707485269595,258,0.12373987648127417,0.17565621407260745,0.04274511011585453,0.37238592933393494,0.2453869356953783,0.04008593430095059,0.2,0.0,True,False,0.0,0
C0_D0,1835087051,215,258,0.975649944654441,0.9876826533972497,0.03508588334796486,0.975649944654441,0.6270415495350118,0.526,0.7971881851895126,0.7303118096740105,0.9206716241929528,0.9950449774507661,265,0.04176354899809646,0.1607237708250361,0.014970606733779085,0.3527240601892959,0.40295154025317703,0.026866473000615544,0.6,0.4,True,False,0.0,0
C0_D0,1835087051,216,265,0.9870909139938001,0.9870980732728563,0.09420044576599015,0.9870909139938001,0.6312349155344992,0.21400000000000002,0.7970802917319879,0.7297857913615885,0.9160247472746226,0.9995076576632294,265,0.13736965214098126,0.312384982573866,0.060367520456156024,0.23330924300925115,0.2371014275048256,0.01946717431491991,0.2,0.2,True,False,0.0,0
C0_D0,1835087051,217,265,0.9864383047188683,0.9864383065121959,0.1602007947469808,0.9864383047188683,0.6354928219038178,0.014000000000000002,0.7909879691886994,0.726140012185875,0.9227969352508929,0.9948196309142177,266,0.098043879904574,0.169719373776838,0.10850012008415592,0.2668322678872308,0.2918733135186627,0.0650310448285385,0.2,0.0,True,False,0.0,0
C0_D0,1835087051,218,266,0.9891285176045931,0.9891285216353959,0.1537756676327226,0.9891285176045931,0.6367132403466925,0.0,0.7874955479957167,0.7288644630448591,0.9299440532733751,0.9952721397273372,269,0.17539314335347356,0.2677891135617181,0.017027676104886123,0.1551790731289172,0.2971340577378576,0.08747693611314733,0.0,0.0,True,False,0.0,0
C0_D0,1835087051,219,269,0.9707858569213822,0.9924062766261712,0.030459181922387835,0.9707858569213822,0.6144646980118275,0.55,0.7919075822615887,0.7331679673421143,0.9105978566648656,1.016722318614808,264,0.19683409311872666,0.17467276912695812,0.044401119240411284,0.3111193622515992,0.16824104359413958,0.10473161266816522,1.0,0.2,True,False,0.0,0
C0_D0,1835087051,220,264,0.9849859034992762,0.9849859293438447,0.13895136685006926,0.9849859034992762,0.6315712177651944,0.05600000000000001,0.795168334606808,0.7403077810778986,0.9153940747833372,1.0170566411069681,262,0.23497765128612538,0.22918532556836715,0.016541084930468773,0.23658510808964126,0.2792800189247909,0.003430811200606592,0.4,0.0,True,False,0.0,0
C0_D0,1835087051,221,262,0.9848260616748796,0.984848003332648,0.0852671735606583,0.9848260616748796,0.622409185712302,0.256,0.798856084896846,0.7480982845824677,0.9069841531751409,1.0325008365184059,256,0.24757365698080114,0.18791578639057963,0.07363395808554535,0.2428438021085271,0.21564742935068718,0.03238536708385948,0.4,0.2,True,False,0.0,0
C0_D0,1835087051,222,256,0.9872553166295268,0.9872553175786036,0.1652726864631359,0.9872553166295268,0.6179283131109612,0.0,0.7970908284304283,0.73827480236557,0.9126359582579645,1.0148752416387092,258,0.03226790015281969,0.2899961247068255,0.11922372728261181,0.19820559234115856,0.2817511020016884,0.078555553514896,0.0,0.0,True,False,0.0,0
C0_D0,1835087051,223,258,0.9911991859844186,0.9911992333319931,0.13418227156676713,0.9911991859844186,0.6186602832815443,0.05600000000000001,0.7959196600623918,0.7447783328856695,0.921372362432168,1.015599831863168,256,0.2302158829797253,0.25030434107199295,0.021422248214331967,0.1804652880801849,0.3026788138090179,0.014913425844747061,0.4,0.0,True,False,0.0,0
C0_D0,1835087051,224,256,0.9866861144803235,0.9868282398836064,0.0704111734458575,0.9866861144803235,0.6461738220191819,0.326,0.7900828922425007,0.741258602660689,0.9190242384206608,1.0208692509709771,270,0.10898983024128621,0.24408572541805926,0.10572282008892678,0.26265207831969717,0.24894556115854818,0.029603984773482354,0.6,0.2,True,False,0.0,0
C0_D0,1835087051,225,270,0.9869045777172385,0.9890988246221203,0.04864366280916956,0.9869045777172385,0.6434788027454669,0.42400000000000004,0.7880316278148514,0.7497797368258908,0.9271218145785948,1.026250191132739,266,0.2573008037279531,0.15606902038237377,0.0368039211013455,0.1989670726734908,0.3148186006330577,0.036040581481779056,0.8,0.2,True,False,0.0,0
C0_D0,1835087051,226,266,0.9729681258425609,0.9875404483940693,0.03356041989408918,0.9729681258425609,0.6465709119472977,0.526,0.790532322567063,0.7414703943068446,0.9344096331207353,1.0037761587759666,268,0.05224555402810359,0.24284255199770982,0.0037971924385417255,0.34607030301728864,0.35337255044666716,0.0016718480716891742,0.6,0.4,True,False,0.0,0
C0_D0,1835087051,227,268,0.989425628802893,0.9894256402270134,0.1454855597743649,0.989425628802893,0.6606922377247207,0.0,0.7887178304567712,0.7530564448864507,0.9190053703112087,1.038933670622237,268,0.29574462868685414,0.21734829527007601,0.001757588510769773,0.2638335468228472,0.19018350251273455,0.0311324381967184,0.0,0.0,True,False,0.0,0
C0_D0,1835087051,228,268,0.9867613543860977,0.9867615105884867,0.12464511377279616,0.9867613543860977,0.6609720342926672,0.126,0.7875970031334242,0.7530823227293726,0.91113676709315,1.049433265089798,270,0.15848375109055432,0.28967640896045826,0.06259938805656329,0.2567582862421806,0.22015966906531073,0.01232249658493295,0.6,0.0,True,False,0.0,0
C0_D0,1835087051,229,270,0.9859361316657906,0.9887302204262538,0.04671700727527982,0.9859361316657906,0.6709297228116354,0.42400000000000004,0.7922420461765093,0.7609276112634158,0.9026741505765273,1.064031412958679,270,0.2562425583813981,0.17699111625757857,0.0023251272968137626,0.3133181877875095,0.2132553009634621,0.03786770931323816,0.8,0.2,True,False,0.0,0
C0_D0,1835087051,230,270,0.9865149453645008,0.9884551044290957,0.04961811849861339,0.9865149453645008,0.6656331588411855,0.41400000000000003,0.7924253369729046,0.765463588573965,0.8928608364002807,1.0818882646553296,268,0.21977947342150053,0.17807999319713005,0.026086422219310276,0.25475478747319097,0.20227050440703062,0.11902881928183756,0.2,0.4,True,False,0.0,0
C0_D0,1835087051,231,268,0.9641012541312735,0.9889710771752217,0.029317035280981195,0.9641012541312735,0.6518991884279024,0.55,0.7914225990272098,0.7690910178415604,0.9035747527602527,1.0754870969598584,270,0.2112576087036709,0.2482735005496324,0.05940931596831641,0.1542452109136226,0.30987152482559926,0.016942839039158417,1.0,0.2,True,False,0.0,0
C0_D0,1835087051,232,270,0.9905429932755065,0.9905430276633799,0.13672272441219419,0.9905429932755065,0.6578689095489025,0.05600000000000001,0.7950313274382742,0.7634714258815161,0.9132172774842274,1.0515608919781745,267,0.09793698665042119,0.17278113861086444,0.08191509603980267,0.17214208682477064,0.42714197874794446,0.04808271312619656,0.4,0.0,True,False,0.0,0
C0_D0,1835087051,233,267,0.9811979963420686,0.9839143858219601,0.04690263463056186,0.9811979963420686,0.6358216333621505,0.456,0.7938799931987536,0.7551981361308187,0.8994860119357355,1.0575761255357945,266,0.0612535192922306,0.25142637649127914,0.19850439549358528,0.2533090441730725,0.18795231099965426,0.04755435355017807,0.4,0.4,True,False,0.0,0
C0_D0,1835087051,234,266,0.988028818389197,0.9880288214804728,0.1558792709452817,0.988028818389197,0.6565291183682029,0.0,0.7844926017721364,0.7554615006524226,0.9080005840085237,1.0605651614527378,273,0.1627908916018102,0.16094020603292813,0.13900231835102905,0.23403418913059662,0.29231586633180856,0.01091652855182734,0.0,0.0,True,False,0.0,0
C0_D0,1835087051,235,273,0.9881882326004848,0.9881956881126244,0.09388655601515686,0.9881882326004848,0.6545378111491288,0.22400000000000003,0.7815491553790405,0.7535334782909491,0.8980405753749462,1.0736192617637674,274,0.13556315838934577,0.17956302546589348,0.047897538732772076,0.294990854038267,0.20420024883637414,0.1377851745373476,0.8,0.0,True,False,0.0,0
C0_D0,1835087051,236,274,0.9877104873365794,0.9877106401088313,0.12482951424699883,0.9877104873365794,0.6667587834658104,0.05600000000000001,0.7771184464895137,0.7518220989154599,0.9082365178374516,1.0651944854528348,283,0.13706618173822882,0.2415081420771641,0.014797925846353557,0.16502581458227292,0.3033141012302491,0.13828783452573162,0.4,0.0,True,False,0.0,0
C0_D0,1835087051,237,283,0.9930346312036084,0.9930346400464327,0.1475532812389295,0.9930346312036084,0.674309733554778,0.0,0.7784091668503903,0.7590515416897046,0.9174128660537064,1.062914908347923,285,0.24775684650022017,0.17671653886275066,0.06241617245920868,0.136160269433622,0.3741208809310198,0.002829291813178667,0.0,0.0,True,False,0.0,0
C0_D0,1835087051,238,285,0.9878542514815729,0.9902492146093808,0.047956178593136514,0.9878542514815729,0.6811509658502375,0.41400000000000003,0.7766314413460305,0.7548403897427876,0.9103848441869411,1.0676161687485797,293,0.10926781421960202,0.17642055380057436,0.03951241325069502,0.23050316236069623,0.22356632369302679,0.22072973267540558,0.2,0.4,True,False,0.0,0
C0_D0,1835087051,239,293,0.985936044453385,0.986250068764675,0.06409607441103364,0.985936044453385,0.6526809071145981,0.326,0.7851230185535159,0.7586802720066481,0.8914279409311681,1.0840138682971197,279,0.20727377188749987,0.23154269367907057,0.051946470053087515,0.3188867589364951,0.16040790581460543,0.02994239962924136,0.6,0.2,True,False,0.0,0
C0_D0,1835087051,240,279,0.9906281957682269,0.9906804100676179,0.07841303392158458,0.9906281957682269,0.6557084975297696,0.256,0.7942421702206987,0.7577219578012001,0.9022851468380513,1.0573362510468138,274,0.14969624243605475,0.1768987840725177,0.01197010769956321,0.2064714658870133,0.44186355228963525,0.013099847615215853,0.4,0.2,True,False,0.0,0
C0_D0,1835087051,241,274,0.9901953288182238,0.9902092773916903,0.08891638048271595,0.9901953288182238,0.6539165212562692,0.21400000000000002,0.7951040692690573,0.7540178625891724,0.9120566321542461,1.0397665756918568,276,0.11477503347540276,0.25167376463350805,0.018516455496999658,0.15632251591499646,0.3388782775174576,0.11983395296163563,0.2,0.2,True,False,0.0,0
C0_D0,1835087051,242,276,0.985836209841807,0.9858362355304011,0.13900642088037174,0.985836209841807,0.6397364892522533,0.05600000000000001,0.803189993863233,0.7440495139454911,0.9129058236798642,1.0147465193896077,268,0.034156806072217924,0.17076839485413284,0.12458009270445114,0.2972642855774711,0.26027427370521344,0.11295614708651357,0.4,0.0,True,False,0.0,0
C0_D0,1835087051,243,268,0.9840934143822431,0.9840939958095871,0.11416137305210919,0.9840934143822431,0.6505224221692141,0.126,0.8000378029961022,0.7345679325862292,0.9216152413118778,0.9962579694522795,272,0.03401117922515861,0.27939138472689373,0.00037925550653718877,0.26602947725780557,0.3073659842868514,0.11282271899675353,0.6,0.0,True,False,0.0,0
C0_D0,1835087051,244,272,0.9912770506050493,0.9912918847440942,0.08843510432290497,0.9912770506050493,0.6621853159391828,0.21400000000000002,0.7957460431874839,0.7292045228001709,0.9157560750327053,1.0006796257248085,277,0.07956233554066477,0.16036526261600817,0.08174712075152253,0.40344048161236934,0.2315117892600766,0.04337301021935855,0.2,0.2,True,False,0.0,0
C0_D0,1835087051,245,277,0.9834236188480234,0.9852772254085568,0.04995575744283069,0.9834236188480234,0.6536304935839152,0.41400000000000003,0.8021147104971267,0.720895837193228,0.9150313173261861,0.982200335750908,274,0.039394256663320505,0.187032809575884,0.08361541031143135,0.2741195890322247,0.2542542489837567,0.16158368543338267,0.2,0.4,True,False,0.0,0
C0_D0,1835087051,246,274,0.9894894784793797,0.9897999579878178,0.06421504108877259,0.9894894784793797,0.6315702935928544,0.35,0.7983140787662947,0.733268117447489,0.9034241921654457,1.016710474445462,266,0.29271340142403,0.16045712124542189,0.13735304024585887,0.19203861793563162,0.1994800328593907,0.017957786289667054,1.0,0.0,True,False,0.0,0
C0_D0,1835087051,247,266,0.9876757782219635,0.9878427522945876,0.06913675564047389,0.9876757782219635,0.6531418612968825,0.326,0.7883768657442454,0.7412696600455644,0.8839901038193255,1.0636407069118698,280,0.2458118558806225,0.2432431860433664,0.08331238772221439,0.26190874806728864,0.15454165435212217,0.011182167934385928,0.6,0.2,True,False,0.0,0
C0_D0,1835087051,248,280,0.9895925948133047,0.9895926021058723,0.14905995169405975,0.9895925948133047,0.6610829088398665,0.0,0.791273619146656,0.7485752412774823,0.8675177990626791,1.0905118223728254,284,0.24211330292745178,0.24967547495617823,0.09589985809958115,0.23918230511951344,0.1596335281264307,0.01349553077084456,0.0,0.0,True,False,0.0,0
C0_D0,1835087051,249,284,0.9869038415653563,0.9869102890794852,0.09503246765571707,0.9869038415653563,0.6828460555906757,0.2,0.7880840163999567,0.7410303866770165,0.8727743363920913,1.0773616943097066,294,0.061048843292602815,0.29740442497299485,0.07401929452330654,0.2704139745708166,0.26004158617840056,0.03707187646187869,0.0,0.2,True,False,0.0,0
C0_D0,1835087051,250,294,0.9904511991306177,0.9906627639919062,0.06727535238670114,0.9904511991306177,0.6860967670161053,0.326,0.7887703106762187,0.7358955940252123,0.8851711887813003,1.0539945799739512,293,0.08645908352558324,0.22469906553388364,0.05617070203142067,0.2234703901785896,0.29837143014209044,0.11082932858843245,0.6,0.2,True,False,0.0,0
C0_D0,1835087051,251,293,0.989337449157526,0.9893385592502337,0.10905579997565762,0.989337449157526,0.7044251491232985,0.126,0.7865536534164544,0.7458213987264368,0.8966540699031703,1.0575028903366512,304,0.27150730503106435,0.22094321585241875,0.06936388770689327,0.10135252231497613,0.3031809257290958,0.03365214336555166,0.6,0.0,True,False,0.0,0
C0_D0,1835087051,252,304,0.989859411547698,0.9911767720804969,0.05272166811470111,0.989859411547698,0.6881319330279169,0.4,0.7931438259663238,0.7528240474532032,0.9069886629128533,1.046501070287877,295,0.24117148328860305,0.1907269532048613,0.09579237314575446,0.13083655022785332,0.30576115199460857,0.03571148813831934,0.0,0.4,True,False,0.0,0
C0_D0,1835087051,253,295,0.98508209180217,0.985243824248731,0.06936967349594571,0.98508209180217,0.6844620724083632,0.326,0.7892491284157076,0.7538399303910721,0.916289796621568,1.0423946567739328,298,0.1707135663816137,0.154853476438509,0.042897581604182805,0.14608661041364662,0.4558428912857543,0.029605873876293532,0.6,0.2,True,False,0.0,0
C0_D0,1835087051,254,298,0.989239954864241,0.9892445648180419,0.09772169347734155,0.989239954864241,0.7056495278608891,0.2,0.787913422434905,0.742965375525102,0.9246608169594112,1.0197826557485201,303,0.022718020669793046,0.19609310289901652,0.03419552175168416,0.35877108603398783,0.36813699875315825,0.02008526989236024,0.0,0.2,True,False,0.0,0
C0_D0,1835087051,255,303,0.9914507706587131,0.991731160899902,0.06504197153328682,0.9914507706587131,0.7352356728792618,0.35,0.7905290467745903,0.7402210689450812,0.9273694081849009,1.0096964860485529,311,0.11754952745292899,0.2262092132236619,0.02921745321305258,0.25426980038794006,0.27587336460715395,0.09688064111526257,1.0,0.0,True,False,0.0,0
C0_D0,1835087051,256,311,0.9925034245866508,0.9925105390291717,0.09429398175123466,0.9925034245866508,0.7193076939016655,0.2,0.7897742963399911,0.7424229455722318,0.9125802742316869,1.0300950814961491,306,0.17766162593005771,0.2011971788968784,0.09068368573853619,0.2469290242804106,0.1897390343263806,0.09378945082773639,0.0,0.2,True,False,0.0,0
C0_D0,1835087051,257,306,0.9688971348093325,0.9909517377083679,0.030289235535765593,0.9688971348093325,0.6932683205609285,0.55,0.7884647822140933,0.7495209950528011,0.8988312240609921,1.0576046508516481,302,0.24023995948976173,0.16181419080915763,0.09540077661455648,0.2516024233418413,0.18754488626236954,0.06339776348231334,1.0,0.2,True,False,0.0,0
C0_D0,1835087051,258,302,0.9835385174327903,0.9881658343441022,0.04269683387437253,0.9835385174327903,0.7258439645965088,0.456,0.7861210348520922,0.7482211088874302,0.9089481016548929,1.0471320495900127,307,0.13970204484086435,0.15579657466863073,0.0030023351639067455,0.25631811992140047,0.33945528826193755,0.10572563714326028,0.4,0.4,True,False,0.0,0
C0_D0,1835087051,259,307,0.990082917100476,0.9903429672424425,0.06563027788110934,0.990082917100476,0.7332734027290504,0.326,0.7875767260259593,0.7562952717912966,0.9112920782780155,1.0537580772413613,310,0.25606522935297454,0.2281288455687505,0.08608320575749581,0.14066529052137663,0.2661939339430593,0.022863494856343175,0.6,0.2,True,False,0.0,0
C0_D0,1835087051,260,310,0.9906588216784015,0.9925040297557254,0.05005007802192596,0.9906588216784015,0.7435015648613933,0.41400000000000003,0.7836714967741076,0.7515324509816517,0.9125866970553633,1.0508471560086374,313,0.10064928474899763,0.17410248379981041,0.08548468311844958,0.3112826678211042,0.2621191330257468,0.06636174748589134,0.2,0.4,True,False,0.0,0
C0_D0,1835087051,261,313,0.9925743941980852,0.9925855025267379,0.0907478260305802,0.9925743941980852,0.7310338929677825,0.21400000000000002,0.7840865590497801,0.7569561754659192,0.921328027349827,1.0478338989586597,311,0.22500433791687593,0.18700638910729656,0.08089104603586839,0.10512296474777844,0.3180346258120545,0.08394063638012629,0.2,0.2,True,False,0.0,0
C0_D0,1835087051,262,311,0.9924934038163739,0.9929612926422695,0.06097589562512595,0.9924934038163739,0.7173360073768625,0.35,0.7918865317689082,0.7502085886049294,0.9040735434946666,1.0478890803074825,306,0.07625277390382725,0.27215936621090775,0.025722334912934033,0.41443712294531426,0.17439159439911162,0.03703680762790508,1.0,0.0,True,False,0.0,0
C0_D0,1835087051,263,306,0.9917884802459853,0.9917885736607807,0.12877786024584326,0.9917884802459853,0.7307406656849932,0.05600000000000001,0.7867112205403649,0.7457055658830923,0.908797733660082,1.0430011923963793,310,0.10009258385511742,0.1898508617936526,0.06179193061681499,0.3064913995996844,0.2756577225744102,0.06611550156032046,0.4,0.0,True,False,0.0,0
C0_D0,1835087051,264,310,0.9851934161594874,0.987476563636373,0.04831445354420584,0.9851934161594874,0.7212458706626023,0.42400000000000004,0.7864261566158881,0.748534848879365,0.8919730195471081,1.0670932099985575,309,0.18893201613034022,0.18616466227728382,0.09814682203075818,0.29367404683072124,0.17027529626517113,0.06280715646572532,0.8,0.2,True,False,0.0,0
C0_D0,1835087051,265,309,0.9882650581191459,0.9904955130723434,0.048524615097032986,0.9882650581191459,0.7468922563856287,0.42400000000000004,0.7808948083923072,0.7488940426685808,0.9015182152330921,1.063783706732669,318,0.1598242029148021,0.1654010166730377,0.05814146829610991,0.22448893514781923,0.2937124882034741,0.09843188876475707,0.8,0.2,True,False,0.0,0
C0_D0,1835087051,266,318,0.9915182029148676,0.9915555171659555,0.0810944967862485,0.9915182029148676,0.7513440918096931,0.256,0.7807351942199277,0.7607737702996408,0.8856941784615995,1.100190735536087,317,0.3040553720561125,0.19122075497723762,0.06149501166114961,0.26082198376027727,0.17163892375908327,0.010767953786139784,0.4,0.2,True,False,0.0,0
C0_D0,1835087051,267,317,0.9909435450318042,0.9909436316574842,0.12937169084152428,0.9909435450318042,0.7315640873176719,0.05600000000000001,0.7888033282260005,0.7510913534020385,0.8872538924779391,1.073188758126789,306,0.04195339521724684,0.22793860617944367,0.07490111520938136,0.34060171857179716,0.2506456593124975,0.06395950550963353,0.4,0.0,True,False,0.0,0
C0_D0,1835087051,268,306,0.988169762754478,0.988180817915903,0.09075061426526264,0.988169762754478,0.7456458338566654,0.22400000000000003,0.7901207834161119,0.7418574190628577,0.8910323304460975,1.0537400728713182,312,0.04150791663651474,0.3108415410875966,0.05721786827759582,0.30321362467021706,0.262519136079762,0.02469991324831371,0.8,0.0,True,False,0.0,0
C0_D0,1835087051,269,312,0.9922538233598388,0.9922682221642571,0.08868003956699341,0.9922538233598388,0.7646505258708399,0.22400000000000003,0.7894573103517186,0.7361036465463254,0.9019290974014877,1.0338033150490262,315,0.07923873045763272,0.17329912746858644,0.0559489297415163,0.32075977648058374,0.32805857214991274,0.042694863701768025,0.8,0.0,True,False,0.0,0
C0_D0,1835087051,270,315,0.9840314554915188,0.9851761379314905,0.05379174445080694,0.9840314554915188,0.7442550497104119,0.4,0.7893537521874389,0.7439568908066512,0.8998235243929316,1.0474149059044158,312,0.24573033234552583,0.19353379822712258,0.072880970407861,0.16977735278626183,0.24043668365796267,0.07764086257526624,0.0,0.4,True,False,0.0,0
C0_D0,1835087051,271,312,0.9900106110849906,0.9900106306947755,0.14118942245868585,0.9900106110849906,0.7684417803219363,0.05600000000000001,0.7891282620372968,0.739792801310868,0.9078165527840263,1.0326767663909633,322,0.10042193805686742,0.22902326303144413,0.10479131535094584,0.19964324653829998,0.2898769041519395,0.07624333287050326,0.4,0.0,True,False,0.0,0
C0_D0,1835087051,272,322,0.9732791367494747,0.9914396415768911,0.03183957471724417,0.9732791367494747,0.7621841344603945,0.526,0.790786416515127,0.7278213592129671,0.9170348975056236,1.0036440930323685,323,0.0002274745955315605,0.21988976897771115,0.00012254964615675192,0.35533798917134846,0.42434342237954753,7.879522970455752e-05,0.6,0.4,True,False,0.0,0
C0_D0,1835087051,273,323,0.9870050753607599,0.9870052333877116,0.12455463872488555,0.9870050753607599,0.7681127786094537,0.126,0.795349126826669,0.7331646681984214,0.9027755735797534,1.021089756309664,319,0.20917971182628378,0.24088976032632853,0.016039154317634214,0.3250931532876379,0.18722082912346077,0.021577391118654907,0.6,0.0,True,False,0.0,0
C0_D0,1835087051,274,319,0.9876679080639243,0.9876730281671661,0.09687357412386563,0.9876679080639243,0.7576676992942559,0.21400000000000002,0.7980639971533677,0.7422076551455206,0.8990463599287479,1.034440756749623,319,0.2587652544627523,0.2183714563654958,0.10116650702325196,0.13180117835121333,0.23274171853484982,0.05715388526243673,0.2,0.2,True,False,0.0,0
C0_D0,1835087051,275,319,0.9906917463315785,0.990691748380726,0.159173560607806,0.9906917463315785,0.752020084472107,0.0,0.7979600666892339,0.7418568307317277,0.8865584394051109,1.0486524445116165,319,0.14699447929354018,0.3744450534738861,0.03342182454204305,0.24537383113744865,0.1870835773461887,0.01268123420689354,0.0,0.0,True,False,0.0,0
C0_D0,1835087051,276,319,0.9745644901578581,0.9878168247472324,0.03431845867557202,0.9745644901578581,0.7451959883418738,0.526,0.8044843953828363,0.7319487675653605,0.8971048297451663,1.0141912622883298,316,0.02730972962774017,0.3208696360308274,5.5011694945902635e-05,0.33472593873883283,0.2960111714028321,0.02102851250482167,0.6,0.4,True,False,0.0,0
C0_D0,1835087051,277,316,0.9887942396089682,0.9887942441890092,0.15275613803838595,0.9887942396089682,0.774741009628536,0.0,0.7999709983094783,0.7316452689996076,0.8965708314707117,1.020097587337363,323,0.14117424765643866,0.25786276183868,0.04573235084036416,0.2862131963168675,0.2458824235003102,0.023135019847339445,0.0,0.0,True,False,0.0,0
C0_D0,1835087051,278,323,0.9903851902622107,0.9915139514568492,0.05395428188719213,0.9903851902622107,0.7752715134832129,0.41400000000000003,0.7951506044180142,0.7297717960000137,0.9069137483236406,1.0119794555014963,324,0.12135988062983176,0.1571825215725378,0.022311736476629842,0.2096216261524846,0.42071668163712994,0.06880755353138604,0.2,0.4,True,False,0.0,0
C0_D0,1835087051,279,324,0.9880061248693472,0.988018394921516,0.08991935578746127,0.9880061248693472,0.7776063901040825,0.21400000000000002,0.8002741265292511,0.7263138552836876,0.9145369867335937,0.9923943395624961,323,0.10038311354593296,0.3539074105518801,0.024519092539675328,0.22911696577655516,0.29157306621158585,0.0005003513743707288,0.2,0.2,True,False,0.0,0
C0_D0,1835087051,280,323,0.9743908532641753,0.9921043947740767,0.03204327331997647,0.9743908532641753,0.7750417266455731,0.526,0.7892287367801806,0.7243010891877145,0.9225570142270492,0.9947708099519893,327,0.11628658335264072,0.14968450748763304,0.029713949827077226,0.26084368870336433,0.2973686308340741,0.1461026397952106,0.6,0.4,True,False,0.0,0
C0_D0,1835087051,281,327,0.9356341144307029,0.9880746635779492,0.02337140207719003,0.9356341144307029,0.7745715928511026,0.614,0.783348636567194,0.7273399511030214,0.9269793984245687,1.0016414052543896,337,0.1781739546836579,0.1665217191879045,0.045914085995077826,0.3054862964239701,0.283390428101122,0.020513515608267783,0.2,0.6,True,False,0.0,0
C0_D0,1835087051,282,337,0.9781821034021168,0.9894691091582178,0.03560952605534828,0.9781821034021168,0.7907201571970182,0.526,0.788754420790858,0.7273750709332385,0.91113145568598,1.0121282941991343,330,0.1425264673171026,0.2098130830927201,0.00858424971126627,0.3485149193289589,0.18424998551934066,0.10631129503061149,0.6,0.4,True,False,0.0,0
C0_D0,1835087051,283,330,0.9927569039104802,0.9927569414650851,0.13603927663560497,0.9927569039104802,0.808066002211182,0.05600000000000001,0.7889519816278342,0.7371677044528534,0.9143879251750707,1.02184552332804,332,0.2645173383284598,0.17950123314088964,0.09338158765975547,0.17521076587962414,0.27184807528844385,0.015540999702827137,0.4,0.0,True,False,0.0,0
C0_D0,1835087051,284,332,0.9890219876164257,0.9891710683982232,0.07004972838493609,0.9890219876164257,0.8088401592084223,0.326,0.7878090425499631,0.7256737259856264,0.9229491326575636,0.9980278759393703,335,0.00455508444269551,0.24881545078781397,0.006328923389184006,0.25230677097095006,0.338243384911024,0.14975038549833258,0.6,0.2,True,False,0.0,0
C0_D0,1835087051,285,335,0.9908407307221293,0.9910178963803115,0.06869069210659436,0.9908407307221293,0.8150241042034766,0.326,0.788314498247865,0.723001609169703,0.9069530480977759,1.0112416421796784,342,0.10764461854197413,0.2697037197305145,0.03739135869593958,0.2625385802578522,0.18149414352984305,0.1412275792438765,0.6,0.2,True,False,0.0,0
C0_D0,1835087051,286,342,0.9890748492326717,0.9901545036506634,0.054297422515891175,0.9890748492326717,0.824875982608908,0.4,0.7860154954264612,0.7325313428197947,0.9054706425044285,1.0292496542915055,350,0.25849767635720994,0.17594595902991125,0.0936488157631402,0.16628549065775983,0.2460644960821514,0.05955756210982745,0.0,0.4,True,False,0.0,0
C0_D0,1835087051,287,350,0.9874128191436655,0.9883160574082225,0.0557027853390372,0.9874128191436655,0.8173318396166772,0.4,0.7794629716502248,0.7313249274830684,0.9096941382803589,1.031381866775412,346,0.13025189755329333,0.14970455004238506,0.03682690348864496,0.3365329513846514,0.27385280013186625,0.07283089739915895,0.0,0.4,True,False,0.0,0
C0_D0,1835087051,288,346,0.9917357662149706,0.9928467471481252,0.05409135990909188,0.9917357662149706,0.8047677564702944,0.4,0.7828911451787505,0.7352016070625951,0.8980028036669114,1.0457487979938005,343,0.19303657442100014,0.2621298102327177,0.037750383788215464,0.2046151141407181,0.19639039607294162,0.10607772134440707,0.0,0.4,True,False,0.0,0
C0_D0,1835087051,289,343,0.989384256392817,0.9893842744896474,0.14182351397230616,0.989384256392817,0.7911286494495977,0.014000000000000002,0.7872964613166515,0.7448416273864734,0.8960911497731879,1.0557800537355533,338,0.26750125846260103,0.23600906409338285,0.08215049237650292,0.16602167385346064,0.23944313236483802,0.008874378849214559,0.2,0.0,True,False,0.0,0
C0_D0,1835087051,290,338,0.9926355148507714,0.9926355232893482,0.1479225542897025,0.9926355148507714,0.7704741341309027,0.014000000000000002,0.7979535392723123,0.7374051427874759,0.9037121854396064,1.022582646890042,325,0.06006995962907695,0.15969065956167866,0.025479264840720755,0.2176705082695014,0.28615075321868655,0.25093885448033565,0.2,0.0,True,False,0.0,0
C0_D0,1835087051,291,325,0.9905994409784905,0.9906041278747796,0.09760086467600067,0.9905994409784905,0.7749486861416819,0.21400000000000002,0.7986273539915408,0.7327504872506025,0.9096965788770127,1.0085916612271861,326,0.09019502003125443,0.20381450719579622,0.07916857910587177,0.2414510224021145,0.2817780599068345,0.10359281135812855,0.2,0.2,True,False,0.0,0
C0_D0,1835087051,292,326,0.9469992336641608,0.991061108617764,0.024781156559960597,0.9469992336641608,0.7385368364681094,0.614,0.80412179089229,0.7285357642179502,0.9157606433796142,0.9893434212615607,319,0.09278501662347269,0.1664209586394275,0.10087349145349746,0.3139207923088907,0.2851686119515134,0.040831129023198354,0.2,0.6,True,False,0.0,0
C0_D0,1835087051,293,319,0.9696215025479743,0.9879312554303902,0.03174620586316502,0.9696215025479743,0.7679286213111237,0.55,0.8015351301449793,0.7354367080691679,0.9153373348186903,1.002401169737525,319,0.22909665077644023,0.16291965477974338,0.014300134308624531,0.299439945024588,0.2557637788851879,0.038479836225416016,1.0,0.2,True,False,0.0,0
C0_D0,1835087051,294,319,0.9926565271302634,0.9926565350259792,0.1484520150392856,0.9926565271302634,0.7836935931853246,0.0,0.7932314004743148,0.7331359812821941,0.9238036013368213,1.0004721090885902,317,0.11838885770605771,0.14394622657841744,0.06089330382921056,0.26785261762647156,0.30661473052041455,0.10230426373942816,0.0,0.0,True,False,0.0,0
C0_D0,1835087051,295,317,0.9923223351066421,0.9923223367434727,0.16097497824909449,0.9923223351066421,0.7772756555365533,0.0,0.7980786491757281,0.7282980527037949,0.9285716830803712,0.9827612424829848,316,0.08523588107138025,0.31083484388588983,0.07131540743809896,0.20041268310478771,0.28574220938616024,0.046458975113683146,0.0,0.0,True,False,0.0,0
C0_D0,1835087051,296,316,0.9887875329846773,0.9887875358401744,0.15651691696609418,0.9887875329846773,0.7867913171941471,0.0,0.7989081512248447,0.7211344220540218,0.9344480084670779,0.9659713177987588,319,0.05314089981770791,0.25986594656677786,0.10308182948846475,0.27270656744146393,0.29366746847371905,0.017537288211866432,0.0,0.0,True,False,0.0,0
C0_D0,1835087051,297,319,0.9866250599393573,0.9866250620843742,0.15877685529705987,0.9866250599393573,0.8035077484719699,0.0,0.7959435075129939,0.7233215286119598,0.9234850771695444,0.9840547565713449,328,0.16554784575798764,0.18498218623089202,0.050796402423510995,0.34897659188309377,0.21240934774587156,0.03728762595864394,0.0,0.0,True,False,0.0,0
C0_D0,1835087051,298,328,0.9899856480398548,0.9899988904972186,0.08932820784177092,0.9899856480398548,0.8078354135916385,0.256,0.7944554433583162,0.7135867484465263,0.9311365694525899,0.9646368491161286,331,0.017891203314556767,0.20551062588775365,0.12701200054058573,0.2428845995838855,0.3524626677052803,0.05423890296793807,0.4,0.2,True,False,0.0,0
C0_D0,1835087051,299,331,0.9918200102452527,0.9918202422765467,0.12153585901271065,0.9918200102452527,0.7929830240329903,0.126,0.7933189675015867,0.7279074110242,0.9185988609223961,0.9988548910512638,327,0.3317736783452528,0.15820792230176817,0.09319858756677617,0.18735938530374158,0.2028797420753255,0.026580684407135693,0.6,0.0,True,False,0.0,0
