arm,seed,step,novelty_vector_count,h_n_latest,h_n_shape_latest,V,H_N,L_t,total_suppression,avg_wb,theta_capability,transfer_state,g,population,x_compute,x_bio_welfare,x_novelty_agency,x_institutional_capacity,x_transfer_comprehension,x_resilience,c_protective,c_suppressive,adapter_active,action_modified,adapter_score,shape_fallback_increase
C1_D1,1835087039,0,200,0.9852888466276727,0.9856987867018994,0.061969940731589256,0.9852888466276727,0.09924595895841393,0.22400000000000003,0.668914919201729,0.5176628543164692,0.55,1.4070626362909127,199,0.22078567895586476,0.1580631704066296,1.3969331150863458e-05,0.1888719148564089,0.3667844241938842,0.06548084225606182,0.8,0.0,False,False,0.0,2
C1_D1,1835087039,1,199,0.9879029918650788,0.9884342054651104,0.05992912119538886,0.9879029918650788,0.11988707512863209,0.256,0.6839014849981191,0.5188604614969617,0.5950000000000001,1.2750877256435875,199,0.026009373703949713,0.18543246264166618,0.07166877738208868,0.2693885712490987,0.4389590818555857,0.00854173316761107,0.4,0.2,False,False,0.0,0
C1_D1,1835087039,2,199,0.9876726168869965,0.987675978288527,0.10022332953849275,0.9876726168869965,0.13646043397552726,0.014000000000000002,0.6961220599969993,0.5429174384221137,0.6081163621220794,1.2825127929338664,197,0.3733519085833425,0.16942321040488675,0.05558866654340774,0.22916223614981818,0.1630818106103969,0.009392167708148009,0.2,0.0,False,False,0.0,0
C1_D1,1835087039,3,197,0.981997876172893,0.9819983459920791,0.11584099914427928,0.981997876172893,0.1604628483990873,0.0,0.7042170471537565,0.5606728816744829,0.6279853311280129,1.2678080867801138,203,0.2487664396684365,0.17982003934837762,0.0353494152712661,0.28417947627570267,0.20340302609070696,0.048481603345510285,0.0,0.0,False,False,0.0,0
C1_D1,1835087039,4,203,0.9887986750446628,0.9887992264441066,0.11462143685948209,0.9887986750446628,0.18222517190874135,0.014000000000000002,0.7119564268831408,0.5654450728085962,0.6494408986860386,1.2229181040416697,206,0.09757294022296789,0.18031906608816253,0.16635300821781024,0.30163532725112296,0.22127050335413487,0.032849154865801526,0.2,0.0,False,False,0.0,0
C1_D1,1835087039,5,206,0.9833274685155735,0.9833468364099407,0.08624821156882585,0.9833274685155735,0.19938871662414448,0.126,0.7202759234878787,0.5812942400798228,0.6662575390292089,1.2113091153284776,210,0.23901776139570424,0.1761408476785341,0.16632352726885444,0.16524411425557564,0.20880365105887064,0.04447009834246093,0.6,0.0,False,False,0.0,0
C1_D1,1835087039,6,210,0.9808898396255066,0.980959916586971,0.07599239035398166,0.9808898396255066,0.22258710640644983,0.22400000000000003,0.7244419151947015,0.5807263256998617,0.6958971268111122,1.151921543518055,216,0.04370997030037551,0.2134600015590694,0.04131132293781583,0.24838432887768766,0.2813267084241206,0.17180766790093105,0.8,0.0,False,False,0.0,0
C1_D1,1835087039,7,216,0.9862847503768675,0.9862848436852997,0.12874263298679894,0.9862847503768675,0.23982018333490496,0.0,0.7270585737427377,0.5901456060513471,0.7034595332554274,1.1538534639905995,216,0.1681949579559811,0.19370043963192493,0.05013269825133382,0.3582186102071181,0.18576059562713262,0.04399269832650947,0.0,0.0,False,False,0.0,0
C1_D1,1835087039,8,216,0.9848261066232883,0.9848261539988252,0.13412622603245433,0.9848261066232883,0.2575113317097616,0.014000000000000002,0.7396149053552071,0.5933858989077941,0.7262679125324883,1.10467546885211,214,0.09684466448767971,0.3145553782941508,0.06274638397136797,0.2515952097057758,0.26577166301301847,0.008486700528007148,0.2,0.0,False,False,0.0,0
C1_D1,1835087039,9,214,0.9869704519451689,0.9869705294452906,0.13022580153408247,0.9869704519451689,0.26609163154043014,0.0,0.7482155181177004,0.5971234499762036,0.7274681524192692,1.0970424436856783,210,0.10508557517249006,0.33155148216021024,0.01487189455177605,0.33203754325479784,0.16913515570014861,0.04731834916057725,0.0,0.0,False,False,0.0,0
C1_D1,1835087039,10,210,0.9872662754156587,0.9872811240880548,0.08839503772755397,0.9872662754156587,0.291692090376829,0.2,0.755120776520285,0.6095849299912964,0.722769147394944,1.116910044351166,219,0.21647065642378796,0.29485516406904677,0.02683632572006031,0.2888169834157305,0.14023905108800885,0.0327818192833656,0.0,0.2,False,False,0.0,0
C1_D1,1835087039,11,219,0.985683189063943,0.9874159855126236,0.0505095004737397,0.985683189063943,0.30417124901571274,0.42400000000000004,0.7642496826950284,0.6105639198327713,0.7504922326554496,1.064509809886612,219,0.08072795426299484,0.35071943145013984,0.06980853515044708,0.15831179294833939,0.3167326034134844,0.02369968277459446,0.8,0.2,False,False,0.0,0
C1_D1,1835087039,12,219,0.9925416553856761,0.9925615542172271,0.0861071820381137,0.9925416553856761,0.32000420737152224,0.22400000000000003,0.7710683470154757,0.6066981269813706,0.7754430093899046,1.0146818537503486,220,0.020780039252973507,0.17235671842968542,8.221053298300152e-05,0.19869646389491877,0.606200790421892,0.0018837774675474078,0.8,0.0,False,False,0.0,0
C1_D1,1835087039,13,220,0.9658156131917758,0.9852897865611016,0.031234113534500202,0.9658156131917758,0.32606864720540646,0.55,0.7783339505466723,0.6035139838093152,0.7978987084509142,0.9717926293035218,219,0.026884539712663864,0.16926367574904813,0.17055395202541454,0.2520074605696335,0.32958887959698313,0.05170149234625676,1.0,0.2,False,False,0.0,0
C1_D1,1835087039,14,219,0.987717642348282,0.9877177958333134,0.12479251947774384,0.987717642348282,0.3416696504118522,0.05600000000000001,0.7916386552999448,0.6024463783063472,0.8181088376058228,0.9302085378439626,211,0.051351171093722045,0.18538414042711973,0.045744179900108504,0.3342817377039675,0.3117006063045224,0.07153816457055977,0.4,0.0,False,False,0.0,0
C1_D1,1835087039,15,211,0.9880426376146157,0.9880426629626465,0.13913045211287878,0.9880426376146157,0.34313814255024977,0.05600000000000001,0.7977832967358152,0.5999500409699543,0.8357933773167308,0.899769406819451,206,0.03282476973655656,0.1612209761716896,0.2639114047028486,0.2115478273505923,0.2974771173574511,0.03301790468086189,0.4,0.0,False,False,0.0,0
C1_D1,1835087039,16,206,0.9852255994130047,0.9852256154522971,0.14275072880739165,0.9852255994130047,0.36255742450636796,0.014000000000000002,0.8021307840889129,0.597143518415225,0.8522140395850577,0.8735441388921101,210,0.02738724367210515,0.17514599399599118,0.11215938363428747,0.28862183542270026,0.38653733915590605,0.010148204119009954,0.2,0.0,False,False,0.0,0
C1_D1,1835087039,17,210,0.9847514477568214,0.984852769890264,0.07308895113720978,0.9847514477568214,0.373335372179823,0.326,0.808218385163199,0.6082812789262688,0.848504915211667,0.8869953896536853,213,0.19993670539756386,0.3205809809015207,0.05677930854955877,0.18475819929415707,0.20756139792557537,0.030383407931624182,0.6,0.2,False,False,0.0,0
C1_D1,1835087039,18,213,0.9894196120013868,0.9894197422035339,0.12611577412064368,0.9894196120013868,0.39538137499158754,0.126,0.8018007465119202,0.6192534172083841,0.8636544236905004,0.8942561873504892,218,0.20482752785535976,0.153751971623891,0.05691270782946313,0.21321801918741842,0.3048601205416979,0.0664296529621699,0.6,0.0,False,False,0.0,0
C1_D1,1835087039,19,218,0.9835636301486808,0.9835666707885681,0.10098845803227395,0.9835636301486808,0.4032802422262888,0.2,0.8040071436931008,0.6241113200656505,0.8737420313252889,0.8884212225239168,218,0.13525717147107028,0.27859980443913407,0.061685419367478754,0.22058038318879916,0.2822652500191928,0.02161197151432519,0.0,0.2,False,False,0.0,0
C1_D1,1835087039,20,218,0.9842763881117859,0.9842763908633572,0.15677562824600108,0.9842763881117859,0.41695744619270786,0.0,0.8101818376300682,0.6206421718874101,0.88636782819276,0.8642607586666881,219,0.03420522281302635,0.17078959646805067,0.0002900250216046535,0.25378126531821177,0.5409313533165704,2.5370625362113333e-06,0.0,0.0,False,False,0.0,0
C1_D1,1835087039,21,219,0.9869001811015429,0.9869162819512718,0.08774763528531618,0.9869001811015429,0.4186425620625495,0.256,0.8130662433947125,0.6350249871453111,0.8732519975725962,0.8943866251519258,216,0.25518654815339403,0.1872136403308532,0.018849013468051918,0.226994247777932,0.1776047609955607,0.13415178927420818,0.4,0.2,False,False,0.0,0
C1_D1,1835087039,22,216,0.9886718881904217,0.9886719863125825,0.12836146204779134,0.9886718881904217,0.4315413852988345,0.126,0.8135986974870952,0.635523917271962,0.8859267978153366,0.8817060406621465,217,0.09062724354895538,0.17684494783813035,0.03298380864155029,0.24629353570603857,0.338274099896366,0.11497636436895957,0.6,0.0,False,False,0.0,0
C1_D1,1835087039,23,217,0.9877090173441792,0.987716374977808,0.09398788875462573,0.9877090173441792,0.439578733685918,0.256,0.8113435529695822,0.6490795855964898,0.8950378386000023,0.8938234917336098,221,0.25414830235157354,0.1921254850023318,0.016973407150956802,0.10948070932693485,0.28851860283099673,0.1387534933372065,0.4,0.2,False,False,0.0,0
C1_D1,1835087039,24,221,0.9871235551006821,0.9871277618930058,0.09843312745660734,0.9871235551006821,0.44994793945582373,0.21400000000000002,0.8083374863761058,0.6564014141284601,0.905534054740002,0.8967512709426355,225,0.1846975976474345,0.16850478965216178,0.17090723342207229,0.15567287505249286,0.3115530454775945,0.00866445874824406,0.2,0.2,False,False,0.0,0
C1_D1,1835087039,25,225,0.9859389739537446,0.9860290654759858,0.07403359304295862,0.9859389739537446,0.4616330263172126,0.326,0.8033297694787935,0.6554501115104442,0.9041478838047085,0.9024150099483695,229,0.08585960110508832,0.2762348598777422,0.02619020862330976,0.35867500419315845,0.24583617269353328,0.007204153507168025,0.6,0.2,False,False,0.0,0
C1_D1,1835087039,26,229,0.9796984192736629,0.9796990006968926,0.11412579981157281,0.9796984192736629,0.4510535341740877,0.126,0.8079937832764,0.6589596952373142,0.8870247891948772,0.9194223904730607,224,0.1410261162799038,0.1858226712487106,0.13418613989490308,0.26062001856360734,0.16645846885319768,0.1118865851596775,0.6,0.0,False,False,0.0,0
C1_D1,1835087039,27,224,0.9835699690832097,0.9908628665748287,0.039097302975408525,0.9835699690832097,0.47179258516926476,0.526,0.8023370360774912,0.65431070913055,0.894859667042772,0.9113228393400622,232,0.041237483188769186,0.16197725006795227,0.14361882420796468,0.258493737545521,0.28268678383691254,0.11198592115288038,0.6,0.4,False,False,0.0,0
C1_D1,1835087039,28,232,0.9889389941247029,0.9898639244529475,0.05552633359692925,0.9889389941247029,0.4910098601494173,0.41400000000000003,0.8013363264601571,0.6603088855417087,0.8927589161094626,0.9229923774984251,237,0.17142139834607753,0.17434941766361103,0.1102875624255945,0.24893136132234364,0.23692607885483905,0.058084181387534274,0.2,0.4,False,False,0.0,0
C1_D1,1835087039,29,237,0.9819913283367361,0.9819913634219366,0.13649390238444417,0.9819913283367361,0.48150266810708536,0.05600000000000001,0.8006839712246705,0.6659279670373418,0.8880804140602541,0.9365130375548286,234,0.17043157215898103,0.2819962093606435,0.03199446899942635,0.21261499776784476,0.22298694780868866,0.07997580390441553,0.4,0.0,False,False,0.0,0
C1_D1,1835087039,30,234,0.9872466387652005,0.9873697507308864,0.07155873085919931,0.9872466387652005,0.5052708013977235,0.326,0.8011313931886986,0.6625612976643134,0.892508826248895,0.9266373337651006,241,0.06162161223548365,0.2148350849935099,0.08844530097332981,0.2890326249007559,0.26618226797333205,0.0798831089235887,0.6,0.2,False,False,0.0,0
C1_D1,1835087039,31,241,0.9869578675250679,0.9883299268041627,0.052374935875859514,0.9869578675250679,0.5183867561306684,0.41400000000000003,0.7989946989869714,0.6626139902388999,0.9003725919179085,0.9210738171000162,243,0.10225946822252653,0.22953713726292807,0.04155204383263239,0.3166953967778899,0.28557324146951496,0.024382712434508246,0.2,0.4,False,False,0.0,0
C1_D1,1835087039,32,243,0.9853456930023633,0.9853456937754141,0.16689024407245892,0.9853456930023633,0.5175992238360934,0.0,0.8027399083177448,0.6642815379811046,0.9103353327261177,0.9090252121440504,239,0.12247809067687027,0.20348497087085257,0.008801462623528863,0.22429805050117185,0.35181321752945727,0.08912420779811904,0.0,0.0,False,False,0.0,0
C1_D1,1835087039,33,239,0.989220548251847,0.9892205500729051,0.16010106911570213,0.989220548251847,0.5385319633531005,0.0,0.8030443878885786,0.6696727392235335,0.9193017994535059,0.9071204518927023,242,0.17006597676855192,0.200591859211547,0.023374950750165817,0.2503532253758672,0.31390939551835706,0.04170459237551094,0.0,0.0,False,False,0.0,0
C1_D1,1835087039,34,242,0.9869709607825152,0.986986330151235,0.08811830842413915,0.9869709607825152,0.5632215691736947,0.256,0.7990468424756634,0.672461711983114,0.9273716195081553,0.9074893170857389,250,0.1409076215094642,0.223381251728632,0.04718457972463403,0.2595494037100828,0.30122369548695416,0.027753447840232807,0.4,0.2,False,False,0.0,0
C1_D1,1835087039,35,250,0.9882646349785258,0.9886600220117988,0.062281542385768135,0.9882646349785258,0.56814656703853,0.4,0.7972823886343705,0.6689025119875466,0.9346344575573398,0.8976537874587265,251,0.06329857004485412,0.271431767236555,0.032863564576971344,0.2476344590863695,0.3400180198841532,0.044753619171096874,0.0,0.4,False,False,0.0,0
C1_D1,1835087039,36,251,0.9816096388300796,0.9836867317892554,0.04903675380268829,0.9816096388300796,0.5747453422072399,0.456,0.7917509237479458,0.672582182289794,0.9411710118016058,0.9025852601267405,253,0.15155994877030943,0.15946237456838933,0.040389767362698774,0.25633263096246045,0.3790873779187919,0.013167900417350198,0.4,0.4,False,False,0.0,0
C1_D1,1835087039,37,253,0.9852460095989659,0.9881361496811948,0.04644318096351518,0.9852460095989659,0.5548296776974598,0.456,0.7992108442787464,0.6810233282889803,0.9145126107844703,0.9317747172231435,243,0.2133781889209496,0.16832484450756643,0.014470172916557287,0.38505803251775195,0.13729350081512537,0.08147526032204937,0.4,0.4,False,False,0.0,0
C1_D1,1835087039,38,243,0.9873841569572165,0.9894664365407274,0.04906353478751426,0.9873841569572165,0.5708295254776272,0.42400000000000004,0.8006882328567623,0.6969721618745313,0.8981935185824166,0.9691300704221395,251,0.32840270252732096,0.2331192094635758,0.07009858539470251,0.18626951252973092,0.17566084438196622,0.0064491457027036365,0.8,0.2,False,False,0.0,0
C1_D1,1835087039,39,251,0.9904321714508199,0.990432179927386,0.14786911107566952,0.9904321714508199,0.5875556769333674,0.014000000000000002,0.7925919721342969,0.7037991275219564,0.8874115970133082,1.0006310036270838,259,0.20844467176439682,0.1508009358178571,0.1256418908753115,0.26490885555277244,0.19518715144566653,0.0550164945439957,0.2,0.0,False,False,0.0,0
C1_D1,1835087039,40,259,0.9878278326438298,0.9878316459454876,0.09922052101360632,0.9878278326438298,0.5903744585171935,0.2,0.7964561919939299,0.7060250787759584,0.8831952650793946,1.0036944041256342,258,0.1551988453762481,0.25646625792745487,0.045070778089418666,0.3071445654766759,0.22262413883708612,0.013495414293116204,0.0,0.2,False,False,0.0,0
C1_D1,1835087039,41,258,0.9851305685145124,0.9854822132895731,0.06318918338175915,0.9851305685145124,0.5885889346509806,0.35,0.7958450141598056,0.7162343743828213,0.8812783689022553,1.0212064521556992,259,0.2563818693207607,0.1599804881925935,0.03423262634640993,0.17666093723436258,0.2320131516540006,0.1407309272518727,1.0,0.0,False,False,0.0,0
C1_D1,1835087039,42,259,0.9486217204204493,0.9879520015560251,0.025660411155018832,0.9486217204204493,0.5831621819220546,0.6,0.7977427207112204,0.7125206323825829,0.8931505320120298,1.0000228728020621,264,0.08872470898628218,0.20270475556772338,0.03495269226115974,0.23071404081686261,0.32960089006367904,0.1133029123042929,0.0,0.6,False,False,0.0,0
C1_D1,1835087039,43,264,0.9889096310276606,0.9889173159861331,0.09365108626328067,0.9889096310276606,0.6081951165627187,0.22400000000000003,0.8006943392105108,0.7159193350212195,0.8989517148699087,0.9946286580741299,260,0.1753091782220725,0.1691891590708883,0.054445403446611675,0.23841124160677193,0.27558118029540934,0.08706383735824616,0.8,0.0,False,False,0.0,0
C1_D1,1835087039,44,260,0.9904331545334408,0.9904331572950358,0.1567963195298851,0.9904331545334408,0.61213301531298,0.014000000000000002,0.8050753313595806,0.7139279172570128,0.9090565433829177,0.9754992687343933,258,0.11005686233567719,0.18111160423577385,0.10619941677994128,0.2304292788697718,0.3203481836932781,0.05185465408555781,0.2,0.0,False,False,0.0,0
C1_D1,1835087039,45,258,0.9923711294208868,0.9923779571289628,0.09462037853210459,0.9923711294208868,0.5829015063165676,0.2,0.807193986991324,0.712085344692727,0.906032409058109,0.9736668787609276,246,0.11067279123206034,0.24523179740777915,0.1494579933617272,0.2351063863040743,0.23940760006741518,0.02012343162694384,0.0,0.2,False,False,0.0,0
C1_D1,1835087039,46,246,0.9813449523801182,0.9824319174423861,0.054181377289397606,0.9813449523801182,0.5697760136315155,0.42400000000000004,0.8043556085750643,0.7118339046802586,0.9154291681522981,0.966731409161271,244,0.12941034027710033,0.19982966546155898,0.08984635093827614,0.1940122562637428,0.3422482512529794,0.04465313580634238,0.8,0.2,False,False,0.0,0
C1_D1,1835087039,47,244,0.9880604248532301,0.9894037713121847,0.05255192663856181,0.9880604248532301,0.5824456999735806,0.41400000000000003,0.8051328775190549,0.7059631451936002,0.9238862513370684,0.9490650132076893,246,0.059011696841931194,0.20086862053068544,0.07893561371410068,0.2521185699112325,0.3744209965844785,0.03464450241757165,0.2,0.4,False,False,0.0,0
C1_D1,1835087039,48,246,0.990646928026919,0.9906470087561041,0.1299304623993085,0.990646928026919,0.5776423123306054,0.126,0.8048932761419801,0.6972050655023301,0.9291522392337983,0.9322563634787125,244,0.01925096960512434,0.22046538645962904,0.15466526755042664,0.2511658606318265,0.2882730651521836,0.06617945060080996,0.6,0.0,False,False,0.0,0
C1_D1,1835087039,49,244,0.9847969431412141,0.9847969440472784,0.16562202500971773,0.9847969431412141,0.5694460323119638,0.0,0.814526196085476,0.6966783941193666,0.9142285019233267,0.9355619041371128,241,0.1166697736519124,0.2514400506156665,0.046804731636408956,0.36028062580516834,0.18995743306454124,0.03484738522630248,0.0,0.0,False,False,0.0,0
C1_D1,1835087039,50,241,0.972755328033996,0.9865293548886964,0.034000730903283594,0.972755328033996,0.746042264446258,0.526,0.8156296847711061,0.688994365287804,0.922805651730994,0.9154031467121827,246,0.026873635930071183,0.2137044680383642,0.1883970426541379,0.21082554152030827,0.3597505685323428,0.0004487433247757208,0.6,0.4,True,False,0.0,0
C1_D1,1835087039,51,246,0.9804034035159613,0.9841165607879256,0.04441611838314365,0.9804034035159613,0.7922850938339508,0.456,0.8192262427821025,0.6800781251646657,0.926114000599714,0.8963765785129426,246,0.006668476765648705,0.3174694294515254,0.006443630514084823,0.39014452504132185,0.2779445702090971,0.0013293680183221563,0.4,0.4,True,False,0.0,0
C1_D1,1835087039,52,246,0.9880967674215049,0.9880986800213413,0.10471537820194668,0.9880967674215049,0.838349841103933,0.21400000000000002,0.8216740595600486,0.6722755039690235,0.9309367355247073,0.8788758728746694,246,0.015016063282387582,0.29193054091770915,0.011772315453933292,0.36841137975593113,0.2871706749248236,0.02569902566521519,0.2,0.2,True,False,0.0,0
C1_D1,1835087039,53,246,0.9897554996174327,0.9898363159643531,0.07492910600421011,0.9897554996174327,0.8557805273069177,0.326,0.8164004076397414,0.669788702910322,0.9378430619722367,0.874791259995347,250,0.07658717674687171,0.17851472595370116,0.10405755074978915,0.20226004016938318,0.42207153880312687,0.01650896757712799,0.6,0.2,True,False,0.0,0
C1_D1,1835087039,54,250,0.9847036245374194,0.9847564504801284,0.07827258910567689,0.9847036245374194,0.8691267647614856,0.326,0.8160724227871491,0.6654255721925293,0.9410757292118971,0.866455397884586,249,0.05157880534654313,0.21919469455027066,0.12948676306563262,0.2568442592659875,0.28508486718442033,0.05781061058714594,0.6,0.2,True,False,0.0,0
C1_D1,1835087039,55,249,0.9838690383617764,0.9838690390589564,0.16770059118030206,0.9838690383617764,0.9008240360908197,0.014000000000000002,0.8154895343161954,0.662225794772183,0.9469681562907074,0.8575359309984116,250,0.0633937648660029,0.26761502018227623,0.016706583348197652,0.32238034888560174,0.3289816910604087,0.0009225916575128949,0.2,0.0,True,False,0.0,0
C1_D1,1835087039,56,250,0.990905172974252,0.9909051791015479,0.15045636917048757,0.990905172974252,0.9317816662304271,0.014000000000000002,0.8135122053983689,0.6592803022104786,0.9522713406616367,0.8510308682424326,257,0.06457246471130933,0.19331725777249548,0.22317325117045808,0.17102794478646022,0.331344189030894,0.01656489252838295,0.2,0.0,True,False,0.0,0
C1_D1,1835087039,57,257,0.9838663674230278,0.9840210440260495,0.06971486242948263,0.9838663674230278,0.9060061359766605,0.35,0.809478273787986,0.6612385922640529,0.957044206595473,0.8535343369929747,257,0.12402881455122734,0.18471376858350555,0.08704374530762236,0.14207132330094052,0.3046721562581467,0.15747019199855744,1.0,0.0,True,False,0.0,0
C1_D1,1835087039,58,257,0.991430564172084,0.9914372142096949,0.09482270868609034,0.991430564172084,0.9180641106342808,0.21400000000000002,0.8059417222408496,0.6615809199023674,0.9508867779506097,0.8632777030064054,262,0.1050532156439651,0.3420144182892041,0.023570794700176253,0.2771648089012229,0.2477349600734205,0.004461802392011132,0.2,0.2,True,False,0.0,0
C1_D1,1835087039,59,262,0.9844424840541574,0.984442492488586,0.1478604946213947,0.9844424840541574,0.9222930428979238,0.05600000000000001,0.8063582998972775,0.6547699284583167,0.9557981001555488,0.849560871860354,269,0.015850681888345063,0.35049395211364603,0.007110564688935718,0.06952291838012054,0.3023849216070618,0.25463696132189095,0.4,0.0,True,False,0.0,0
C1_D1,1835087039,60,269,0.9864191224291265,0.9864191339636149,0.14538480222651992,0.9864191224291265,0.9433126811945298,0.014000000000000002,0.8001970943477705,0.648674132019749,0.9602182901399939,0.844227772913453,270,0.02053374980435077,0.15482078700336008,0.143615424382092,0.3488124094501837,0.31404972775358614,0.01816790160642729,0.2,0.0,True,False,0.0,0
C1_D1,1835087039,61,270,0.989236913251946,0.9899162823959263,0.05798286581466243,0.989236913251946,0.9589787033309078,0.4,0.8019737328493555,0.6449509300456904,0.9641964611259946,0.8340671105863887,267,0.04638130783660989,0.16819159063144418,0.0010634163580115494,0.22331703966418573,0.45855045659979593,0.10249618890995263,0.0,0.4,True,False,0.0,0
C1_D1,1835087039,62,267,0.9869265219131766,0.9869265241530147,0.15843496476996294,0.9869265219131766,0.9356041588259925,0.0,0.8029148391334328,0.6485892703921381,0.9677768150133951,0.8346897144681524,263,0.13607358560915256,0.20719789145004514,0.10310750105795642,0.1456108382416469,0.36139862837705966,0.04661155526413924,0.0,0.0,True,False,0.0,0
C1_D1,1835087039,63,263,0.975484728244151,0.9877056107806997,0.03496254789188178,0.975484728244151,0.9585469955759025,0.526,0.7961873148792572,0.6441419698599903,0.9709991335120556,0.8331966223757378,275,0.03727703734323837,0.17663500382312097,0.16405172837256074,0.20426350474428387,0.3704952214872419,0.04727750422955413,0.6,0.4,True,False,0.0,0
C1_D1,1835087039,64,275,0.9892650714428999,0.989441362740139,0.06871740136370617,0.9892650714428999,0.9435791519144137,0.326,0.7914158392208033,0.6400587789111651,0.9699466587457742,0.8338103264865654,270,0.03904884430218006,0.2383731860983857,0.18756892809361222,0.21597834685572734,0.28023719292462096,0.038793501725473634,0.6,0.2,True,False,0.0,0
C1_D1,1835087039,65,270,0.9891428353835915,0.9893518015527888,0.06736319229403119,0.9891428353835915,0.9449915541346603,0.35,0.7876798546586987,0.6396611171359907,0.9666791486616789,0.8400746176959606,272,0.08256596462979866,0.22129493965500696,0.14859398383172004,0.26499107287033097,0.26863577895241075,0.013918260060732551,1.0,0.0,True,False,0.0,0
C1_D1,1835087039,66,272,0.986519828810326,0.9869220199667939,0.06213171899335488,0.986519828810326,0.943890803293291,0.35,0.7866732829120426,0.6333910809552729,0.970011233795511,0.830043358256309,272,0.008912745951020675,0.25509077966368704,0.010092558382421717,0.16818643343201478,0.38000320985425207,0.17771427271660384,1.0,0.0,True,False,0.0,0
C1_D1,1835087039,67,272,0.9857718171955527,0.9859136222650553,0.07042175373667355,0.9857718171955527,0.9717398685327876,0.326,0.7874844178628548,0.6278778445415601,0.9730101104159599,0.8194375036249445,271,0.01445397042563664,0.18555849621450668,0.0878102908275205,0.27594660326269305,0.3679390478407047,0.06829159142893845,0.6,0.2,True,False,0.0,0
C1_D1,1835087039,68,271,0.9881361500181354,0.9881361580857967,0.148244196860343,0.9881361500181354,0.950705388118309,0.014000000000000002,0.7879643181787851,0.6290965818670713,0.9721483834857377,0.8212553572831135,266,0.09515786940736441,0.2972514216335625,0.05272062225406484,0.1985379215036079,0.2821964205568691,0.07413574464453117,0.2,0.0,True,False,0.0,0
C1_D1,1835087039,69,266,0.9886687718395272,0.988668777244543,0.15143678496939147,0.9886687718395272,0.9399626032568369,0.014000000000000002,0.7885393353192217,0.6317267142436472,0.9749335451371639,0.821733261626916,265,0.1135620183741193,0.24108158111582217,0.10814317420073113,0.15325232768961744,0.32716902588415026,0.056791872735559586,0.2,0.0,True,False,0.0,0
C1_D1,1835087039,70,265,0.983341649228974,0.983348909649495,0.09405848687640797,0.983341649228974,0.921760823467506,0.22400000000000003,0.7862334590954118,0.6282333603593145,0.9680453072566838,0.82541772131687,266,0.03866227284812116,0.20032951102378474,0.17755317257338468,0.22525618866481895,0.25302558316618146,0.10517327172370905,0.8,0.0,True,False,0.0,0
C1_D1,1835087039,71,266,0.9341871762824616,0.9889363135500797,0.02303540881937947,0.9341871762824616,0.8828173786586277,0.614,0.7822997245940161,0.6233861515689609,0.9712407765310154,0.8204593438982752,266,0.01955574034515182,0.23582150332561497,0.04642116673711872,0.23767728791373574,0.4603060450927117,0.00021825658566705324,0.2,0.6,True,False,0.0,0
C1_D1,1835087039,72,266,0.9684460714240968,0.9870262549352542,0.031622202033377636,0.9684460714240968,0.8879851313899367,0.55,0.7858184082782594,0.6206774755551158,0.9741166988779139,0.810835581804976,260,0.0432578945575358,0.19393993038404753,0.015563255875149793,0.09583836978844129,0.46064422923323234,0.1907563201615933,1.0,0.2,True,False,0.0,0
C1_D1,1835087039,73,260,0.9763660113558845,0.9867893060717299,0.036221631580458276,0.9763660113558845,0.9039947222074709,0.526,0.7843069008344316,0.6275939101905558,0.9752884465030103,0.8204641418211094,261,0.1618788551649478,0.2398301592425555,0.021921887221687933,0.25597726064618015,0.29291708756443907,0.027474750160189437,0.6,0.4,True,False,0.0,0
C1_D1,1835087039,74,261,0.9916384123301818,0.9916393267737766,0.11061761353450723,0.9916384123301818,0.9056802358205791,0.126,0.7875976729839635,0.622299413760779,0.9663682631461232,0.817621510920844,255,0.01356498849688773,0.24998717779778887,0.1542411292813588,0.30341782753058183,0.2430433064670699,0.03574557042631278,0.6,0.0,True,False,0.0,0
C1_D1,1835087039,75,255,0.9767019663347238,0.9885861285748062,0.03519204197295154,0.9767019663347238,0.9000291926853643,0.526,0.7873258983234411,0.6172408158724179,0.9697314368315109,0.8084415469784532,250,0.013204659995972855,0.16343428442272265,0.00028234260658475897,0.3037137226207708,0.3495540095167308,0.16981098083721813,0.6,0.4,True,False,0.0,0
C1_D1,1835087039,76,250,0.9892272410896198,0.9892756792510535,0.07899928928752004,0.9892272410896198,0.9374876811182681,0.256,0.7870940376180509,0.6141952556367472,0.9727582931483598,0.8021856574791467,251,0.0352060069743777,0.18157495170788776,0.07968171231146623,0.2822462366933035,0.3464916511824177,0.07479944113054714,0.4,0.2,True,False,0.0,0
C1_D1,1835087039,77,251,0.9872705945143042,0.9888614795052795,0.051201302102268524,0.9872705945143042,0.9609933880010015,0.41400000000000003,0.78632605651496,0.612211483726852,0.9754824638335239,0.7981404803839424,253,0.04657488589927663,0.19838728428785948,0.028605407390408632,0.3382104052604776,0.32009531099599414,0.06812670616598362,0.2,0.4,True,False,0.0,0
C1_D1,1835087039,78,253,0.9818433573282407,0.9827241197203231,0.05585820084444714,0.9818433573282407,0.9522637169596736,0.4,0.7914906628796999,0.6113779427909599,0.9724074654390723,0.7943569250043435,247,0.05971291563063136,0.24525332211219084,0.048141242100398614,0.28567178963693696,0.2723662399445041,0.08885449057533822,0.0,0.4,True,False,0.0,0
C1_D1,1835087039,79,247,0.9866344855228598,0.986634904405475,0.11679197041311311,0.9866344855228598,0.9574475615951581,0.126,0.7848912892532047,0.6143138479308607,0.975166718895165,0.8026051185037977,255,0.10631002849311008,0.2186455323072077,0.09099207392615397,0.17476986127625185,0.3385517988682166,0.07073070512905981,0.6,0.0,True,False,0.0,0
C1_D1,1835087039,80,255,0.990389982247832,0.9903958930327084,0.0957523898518452,0.990389982247832,0.9712726344764879,0.21400000000000002,0.7914990252522968,0.6129876877137038,0.9746494822038579,0.7946079589865963,255,0.05486915224232626,0.1773662119326438,0.15576547070612312,0.18157294577973124,0.2849971759910472,0.14542904334812842,0.2,0.2,True,False,0.0,0
C1_D1,1835087039,81,255,0.9893165571632075,0.9902284039856697,0.05564266642862861,0.9893165571632075,0.9792650774608583,0.4,0.7905060088867444,0.6164369445971115,0.9771845339834722,0.7980073638626856,257,0.11373301586366047,0.27343866505959624,0.012800127845869253,0.22766301709380815,0.32032824936776516,0.05203692476930088,0.0,0.4,True,False,0.0,0
C1_D1,1835087039,82,257,0.9901933982872769,0.9902208657366027,0.0835225326097782,0.9901933982872769,0.9488533219145245,0.256,0.7964701350817216,0.611981498672023,0.979466080585125,0.784475520837262,251,0.01708001630958817,0.22213560433102103,0.054187084775249535,0.0701563696846059,0.3846930032078209,0.2517479216917145,0.4,0.2,True,False,0.0,0
C1_D1,1835087039,83,251,0.9823585644981466,0.9853139717259588,0.04624265372409174,0.9823585644981466,0.9167020777077639,0.456,0.7990876843282556,0.6078109196014958,0.9676305383079443,0.7860759235522375,245,0.017856198288424625,0.31234248919689506,0.0031313247719898826,0.3916348495515674,0.2305553289066593,0.0444798092844638,0.4,0.4,True,False,0.0,0
C1_D1,1835087039,84,245,0.9761412974879076,0.9887241986666117,0.03473837677049295,0.9761412974879076,0.9096063631354193,0.526,0.8016267671817445,0.602803329409188,0.9708674844771499,0.7745393304089119,236,0.004786947347087348,0.20628179882749276,0.011716959528618731,0.43679897067299195,0.3311730828878147,0.009242240735994606,0.6,0.4,True,False,0.0,0
C1_D1,1835087039,85,236,0.9349048439972043,0.9832699898992578,0.023976576159246542,0.9349048439972043,0.8821751253752703,0.6,0.7957139228474158,0.6042096724750329,0.9737807360294349,0.7797754131723531,246,0.08183136920380295,0.29231389172639133,0.1171712945959703,0.1545892169460416,0.32870227171451066,0.025391955813283257,0.0,0.6,True,False,0.0,0
C1_D1,1835087039,86,246,0.9878782758609235,0.9878815745137647,0.10037498483870899,0.9878782758609235,0.9172043887909287,0.21400000000000002,0.7918894397392452,0.6044469034753118,0.9764026624264914,0.7817441691882877,247,0.06809643280038197,0.285064402836429,0.11974071235208167,0.15632024222989505,0.3134363710299567,0.05734183875125578,0.2,0.2,True,False,0.0,0
C1_D1,1835087039,87,247,0.9881464217065845,0.9881484624137956,0.10419970423316299,0.9881464217065845,0.9397849169704892,0.2,0.7907620744941299,0.6048912886781789,0.9777384220895606,0.7823639236375017,249,0.0708341297079075,0.18503098029970377,0.06050046151351088,0.28702001683232226,0.29488012952859183,0.10173428211796387,0.0,0.2,True,False,0.0,0
C1_D1,1835087039,88,249,0.9870277269754181,0.9870318710782782,0.09855186763142247,0.9870277269754181,0.9077625360564738,0.2,0.794606190737848,0.6090546259301481,0.977223930279159,0.7843505553472556,244,0.11759877107347712,0.32837345508846094,0.07220503217737316,0.13402389951560956,0.2862967519927718,0.061502090152307266,0.0,0.2,True,False,0.0,0
C1_D1,1835087039,89,244,0.9879555823012717,0.9888529575414954,0.05575894665129574,0.9879555823012717,0.9433845141367626,0.4,0.7883725679368057,0.6049261717433606,0.9770788737663743,0.7853102156929342,256,0.016553463871497764,0.3210188176883345,0.08735737812059323,0.23068531176971957,0.28788668257565586,0.056498345974199,0.0,0.4,True,False,0.0,0
C1_D1,1835087039,90,256,0.969173992639812,0.9851577474988026,0.0328052909681336,0.969173992639812,0.9517592320776869,0.526,0.7895435321553086,0.6006350756669245,0.9793709863897369,0.7767609355857192,259,0.011940156384149962,0.2072278029495155,0.024332123166072417,0.21872277700761578,0.37757407880765437,0.16020306168499193,0.6,0.4,True,False,0.0,0
C1_D1,1835087039,91,259,0.9922621484493931,0.9922621731081172,0.1393838354063375,0.9922621484493931,0.9741930299953798,0.014000000000000002,0.7932650938815264,0.6004626444893134,0.9814338877507631,0.7712702870217044,256,0.06074153257168851,0.23173813206275137,0.06168170772996255,0.1858728464822574,0.41079360959236455,0.049172171560975746,0.2,0.0,True,False,0.0,0
C1_D1,1835087039,92,256,0.9845315432424749,0.985024431827449,0.06049767281473327,0.9845315432424749,0.9805503000254951,0.35,0.8032754975241068,0.5995571017347915,0.9811907669662611,0.7606985333594765,250,0.05146986837429742,0.1755051704886152,0.1664360861615911,0.2311546823545234,0.28950133995287114,0.08593285266810174,1.0,0.0,True,False,0.0,0
C1_D1,1835087039,93,250,0.9748984387325693,0.9869253096156292,0.03508364020598444,0.9748984387325693,0.9830022914631404,0.526,0.8013552533510294,0.5966794256210421,0.9817633979535365,0.758418883836293,250,0.026252237162378587,0.3762011723740336,0.012338725713562513,0.26642351682947396,0.2934585384195076,0.025325809501043753,0.6,0.4,True,False,0.0,0
C1_D1,1835087039,94,250,0.9813795813859812,0.9825707649986899,0.053453693832677666,0.9813795813859812,1.01495728772456,0.41400000000000003,0.802335720537746,0.5925283293993228,0.9835870581581828,0.7508275258715115,255,0.00853593824165849,0.17874122080401342,0.025843755449469062,0.19270157439138896,0.3867371058883394,0.2074404052251307,0.2,0.4,True,False,0.0,0
C1_D1,1835087039,95,255,0.9890149596049765,0.9890213278952649,0.09514789169500827,0.9890149596049765,1.0617106756281827,0.2,0.7989574951605068,0.5906439300460093,0.9852283523423645,0.750352214534004,262,0.034275213958159155,0.15852409156274436,0.008629777141095162,0.29647135002812725,0.44059643468328646,0.06150313262658749,0.0,0.2,True,False,0.0,0
C1_D1,1835087039,96,262,0.9895313048609089,0.9895463912777558,0.08828684032629237,0.9895313048609089,1.0661029583810646,0.21400000000000002,0.8014134964897532,0.5915237007312113,0.9738959373069039,0.7578843586478037,269,0.0676495898437797,0.2889421715451915,0.0295182077635364,0.21630343622244907,0.2359521009938795,0.16163449363116372,0.2,0.2,True,False,0.0,0
C1_D1,1835087039,97,269,0.9665711359656581,0.9911317854631152,0.029433984825027706,0.9665711359656581,1.069033466462648,0.55,0.7989756838881494,0.5888561381741722,0.9765063435762136,0.7547455748822055,273,0.023857780994017277,0.18141048705059884,0.07394966241179882,0.2593291967250269,0.3324026628950537,0.1290502099235044,1.0,0.2,True,False,0.0,0
C1_D1,1835087039,98,273,0.97043735406503,0.9921312565138328,0.030429967125721782,0.97043735406503,1.0653115868460508,0.55,0.8014233661691756,0.584754298823569,0.9788557092185922,0.7454057602252507,270,0.004262094476318311,0.2212487725641528,0.05973300278010929,0.2050933433813834,0.5031262318744801,0.0065365549235560485,1.0,0.2,True,False,0.0,0
C1_D1,1835087039,99,270,0.9894531352864605,0.9894531543421466,0.1414130995341444,0.9894531352864605,1.0619830430791861,0.05600000000000001,0.8024770622717196,0.5815098863153509,0.9717683959787371,0.7456958125691664,271,0.012416280412004944,0.2077286073416092,0.25931887991812075,0.16220576049824575,0.25399128841002044,0.10433918341999888,0.4,0.0,True,False,0.0,0
C1_D1,1835087039,100,271,0.9757033960227515,0.9868666014332199,0.03567635343888372,0.9757033960227515,1.0489243280590703,0.526,0.8040213231372013,0.5803057024521183,0.9745915563808634,0.7405708731648363,276,0.03589138065668638,0.17279269457908153,0.12737484607891886,0.1388515906669103,0.37147752095101677,0.15361196706738614,0.6,0.4,True,False,0.0,0
C1_D1,1835087039,101,276,0.9914058997375871,0.9914119510755837,0.0955734840501827,0.9914058997375871,1.1175812248844437,0.21400000000000002,0.801598559484501,0.587846818483942,0.974294787901913,0.7526912453876596,286,0.14445501443037112,0.1602949062247735,0.0792016964839694,0.23739421924031565,0.2858119357956802,0.09284222782489017,0.2,0.2,True,False,0.0,0
C1_D1,1835087039,102,286,0.9920511833662239,0.992057050218464,0.09582511503489921,0.9920511833662239,1.1002189331663639,0.2,0.8065641275552966,0.5918438152973778,0.9768653091117218,0.7511618520290116,283,0.1048667217204111,0.2159657712155113,0.1321317849060383,0.11591731815900698,0.32937797412123776,0.10174042987779464,0.0,0.2,True,False,0.0,0
C1_D1,1835087039,103,283,0.9920086721679596,0.9920149009115193,0.09534831546240057,0.9920086721679596,1.1148102493777872,0.22400000000000003,0.8107760556386037,0.5950167781197634,0.9791787782005495,0.7494907982856651,278,0.09706441984067998,0.18368103474106579,0.03098874992213886,0.26203589324745774,0.38158283975096813,0.0446470624976896,0.8,0.0,True,False,0.0,0
C1_D1,1835087039,104,278,0.9899965056635673,0.9900082193981906,0.09030471405995423,0.9899965056635673,1.1500060214162977,0.21400000000000002,0.8050565396776863,0.597752872837586,0.9765065528749004,0.7603615158509985,293,0.09358667029763597,0.21903484966314335,0.06340751057880059,0.23256288628551403,0.27622826247202914,0.11517982070287706,0.2,0.2,True,False,0.0,0
C1_D1,1835087039,105,293,0.987011045133422,0.9870110481731903,0.15600481672216576,0.987011045133422,1.1463030312034546,0.0,0.8006604806304862,0.5985407973299591,0.9751397936738251,0.7666170700531924,297,0.0709446016781544,0.28350206284866497,0.0530087410849187,0.22659384644589323,0.28141948043207343,0.08453126751029533,0.0,0.0,True,False,0.0,0
C1_D1,1835087039,106,297,0.992558465997524,0.9929806765293686,0.06179376273829828,0.992558465997524,1.1306983477449932,0.35,0.7997888577698414,0.6095825607322172,0.9776258143064426,0.7796227862176724,301,0.1996100408594493,0.23760616530825074,0.07824210219236198,0.10888555390228111,0.30757608921023366,0.06808004852742316,1.0,0.0,True,False,0.0,0
C1_D1,1835087039,107,301,0.9676901004463531,0.989071890509282,0.03052073749477491,0.9676901004463531,1.1324250525919026,0.55,0.8015698092913166,0.6112146371519115,0.9798632328757984,0.7781923059762554,304,0.08889005570381446,0.21048650012026857,0.01701429060059407,0.22779964136927447,0.43780393964706493,0.01800557255898356,1.0,0.2,True,False,0.0,0
C1_D1,1835087039,108,304,0.9899736581884939,0.9899736646935842,0.14997261979534834,0.9899736581884939,1.1889587092032858,0.0,0.8071181493931916,0.6089543765731099,0.9818769095882185,0.7684057319523612,299,0.041255890984924944,0.1786901702642236,0.04445521081825039,0.27897280052159856,0.38544202005990164,0.07118390735110096,0.0,0.0,True,False,0.0,0
C1_D1,1835087039,109,299,0.9881991138032836,0.9890293514716613,0.05637935857069157,0.9881991138032836,1.2021790395744234,0.4,0.8113175151689427,0.6055149409168423,0.9719803218314692,0.7678502664503766,301,0.02510353965484815,0.36062106787070347,0.029665907474750185,0.3038117980805287,0.24145551601036266,0.039342170908806706,0.0,0.4,True,False,0.0,0
C1_D1,1835087039,110,301,0.9903602489319798,0.9903602908280202,0.1351492417501996,0.9903602489319798,1.2033433203144475,0.05600000000000001,0.8175427206139555,0.6164489267440357,0.9747822896483223,0.7735333005134593,295,0.2026216609129445,0.18281270484207846,0.022760164884145746,0.22434750814031948,0.32667086607741763,0.040787095143094323,0.4,0.0,True,False,0.0,0
C1_D1,1835087039,111,295,0.932528232961429,0.9889983173716339,0.02278954827588966,0.932528232961429,1.1306198227024655,0.614,0.8159089888861515,0.6187366126040656,0.9773040606834901,0.7759511735831844,293,0.10137665246539661,0.1899059876068336,0.02720539045186641,0.23840144881058012,0.3121623064971461,0.13094821416817712,0.2,0.6,True,False,0.0,0
C1_D1,1835087039,112,293,0.966369454647508,0.9906246405382291,0.02952953190531354,0.966369454647508,1.1555994398198965,0.55,0.8125585823425917,0.6168155292479043,0.9691192853310198,0.7832914416350408,294,0.050196840925523685,0.23338972010821632,0.11838018195478188,0.2731237676810277,0.24772815357939343,0.07718133575105685,1.0,0.2,True,False,0.0,0
C1_D1,1835087039,113,294,0.9903420795608691,0.9903442597668914,0.1036910292506344,0.9903420795608691,1.2478304477127122,0.2,0.8160659957685983,0.6116799696510535,0.9722073567979178,0.7709746068580599,299,0.008815210819305504,0.18156970687876345,0.05735068774450792,0.2746003583092838,0.3250047054217834,0.1526593308263559,0.0,0.2,True,False,0.0,0
C1_D1,1835087039,114,299,0.9806865410285205,0.9905272084708108,0.036709587576787536,0.9806865410285205,1.268263571723643,0.526,0.8133413291319014,0.6075758681694804,0.9749866211181261,0.7661768377764469,303,0.01849871251224443,0.24781852771277027,0.040501987473528324,0.28734329934366953,0.3340921911457374,0.07174528181205003,0.6,0.4,True,False,0.0,0
C1_D1,1835087039,115,303,0.9905017967560822,0.9905018201643778,0.13978394559722912,0.9905017967560822,1.2857350528645892,0.05600000000000001,0.81970985533284,0.6110083539637273,0.9767176604443224,0.7631641325749876,295,0.11014099003401129,0.18091649830033388,0.10417692945406723,0.3054339646098612,0.2961485071900448,0.0031831104116814704,0.4,0.0,True,False,0.0,0
C1_D1,1835087039,116,295,0.985403132412519,0.9880449398965145,0.0471575923372183,0.985403132412519,1.2754500702565992,0.456,0.8190671468423498,0.6056768046096874,0.9790458943998902,0.7552980872522924,296,0.0027358543018304324,0.3104911978283579,0.053526974117374726,0.1762022189925087,0.41965821487313604,0.03738553988679226,0.4,0.4,True,False,0.0,0
C1_D1,1835087039,117,296,0.9859305419509552,0.9880987180430737,0.04873075357344863,0.9859305419509552,1.2814013472870318,0.456,0.8166845475394442,0.6039958249230014,0.9777951993495255,0.7563654761554017,297,0.04503575679747886,0.27043675383471993,0.08879613660895787,0.3051076418939725,0.28326947194812185,0.00735423891674896,0.4,0.4,True,False,0.0,0
C1_D1,1835087039,118,297,0.9925242613752984,0.9925243929087635,0.1260597340005899,0.9925242613752984,1.2502392350044944,0.126,0.8248682977683864,0.6022345427700845,0.9744243517451103,0.7492606427492926,289,0.04298136366541395,0.26566813919458376,0.17611223671594411,0.15190339656607235,0.27204336165268656,0.09129150220529936,0.6,0.0,True,False,0.0,0
C1_D1,1835087039,119,289,0.9925465729976973,0.9925507622898092,0.09850992106797514,0.9925465729976973,1.2395443359177318,0.21400000000000002,0.8206368038483243,0.6017788553486916,0.9764990424548193,0.7509553434476284,292,0.058200496463890944,0.17050251543116687,0.2945206245655024,0.17357264552939938,0.2975856294211001,0.005618088588940224,0.2,0.2,True,False,0.0,0
C1_D1,1835087039,120,292,0.9895386712850118,0.9897496804028771,0.06728894950352232,0.9895386712850118,1.2562762324280663,0.35,0.8205852803758649,0.6067448820868233,0.9788491382093374,0.755382008303374,295,0.12568711881957823,0.2593256284200625,0.0440937857179552,0.24036353319876758,0.31577974581633295,0.014750188027303582,1.0,0.0,True,False,0.0,0
C1_D1,1835087039,121,295,0.9421357823439465,0.9866499444760479,0.024664355360166573,0.9421357823439465,1.184887918208556,0.6,0.8240536461940274,0.6036957490447898,0.9761189939738525,0.7505158505279801,287,0.02860138827884612,0.1670445728722058,0.026469815445482887,0.39222135554879584,0.27577384792724424,0.10988901992742513,0.0,0.6,True,False,0.0,0
C1_D1,1835087039,122,287,0.9714002307356446,0.9896967863228096,0.03176615813653237,0.9714002307356446,1.2533868840228823,0.55,0.8179474805255336,0.6024784842407234,0.9715771507317537,0.7581215298335083,300,0.049594033102162684,0.3170797446590069,0.07012923101344153,0.27300932777633813,0.2653502807764322,0.024837382672618778,1.0,0.2,True,False,0.0,0
C1_D1,1835087039,123,300,0.9827999399856612,0.9919824478866325,0.037272295285532504,0.9827999399856612,1.2524626440622764,0.526,0.8152715518823105,0.6010010578345364,0.9645269753097667,0.7642906908827443,302,0.04558122257311519,0.1838210353167041,0.10908742805423598,0.2594315603608175,0.2505376982559423,0.15154105543918497,0.6,0.4,True,False,0.0,0
C1_D1,1835087039,124,302,0.9900557499321077,0.9900622206530614,0.09502924991567245,0.9900557499321077,1.2872542933570759,0.22400000000000003,0.8198803655386923,0.5997056568726041,0.9680742777787901,0.7555774334355676,298,0.046933149122432495,0.19101459649582336,0.02438906768445714,0.38759799078906626,0.309547733546109,0.04051746236211174,0.8,0.0,True,False,0.0,0
C1_D1,1835087039,125,298,0.9911525729017928,0.9911560547655232,0.09997105574808131,0.9911525729017928,1.271518724563302,0.21400000000000002,0.8231016648096395,0.5947955802512438,0.9571202586691951,0.7550013773791762,296,0.0009400777783737703,0.17946781438063,0.17044881737361028,0.29870205900715496,0.22926704334142023,0.12117418811881073,0.2,0.2,True,False,0.0,0
C1_D1,1835087039,126,296,0.9932450018004937,0.993245196627349,0.12293839782356424,0.9932450018004937,1.31521847486104,0.126,0.8186079648076315,0.6017392292147846,0.9614082328022756,0.7645827978621618,306,0.14604284970128778,0.19335970464852426,0.018577020759335316,0.2785585521798804,0.3247696207040189,0.03869225200695331,0.6,0.0,True,False,0.0,0
C1_D1,1835087039,127,306,0.9903253325784276,0.9903261609330458,0.11139411348952459,0.9903253325784276,1.322410611337852,0.2,0.8306892999551084,0.5970087212928396,0.965267409522048,0.7445509392318781,300,0.0044556692349267055,0.4043992020929189,0.03646413665799117,0.19594800431912693,0.3023331940516364,0.05639979364339985,0.0,0.2,True,False,0.0,0
C1_D1,1835087039,128,300,0.9869922745663345,0.989451230243979,0.047739862997809496,0.9869922745663345,1.3585631333888635,0.456,0.8247335592717945,0.6026428296220768,0.9687406685698432,0.7542907720235446,314,0.13105680492349037,0.17471843809478868,0.08332142020616587,0.18842828033641762,0.3909101845576683,0.031564871881469336,0.4,0.4,True,False,0.0,0
C1_D1,1835087039,129,314,0.9744966840459118,0.9882100894682275,0.034049391550618424,0.9744966840459118,1.321291298095961,0.526,0.8188375703059435,0.5998130082522878,0.9718666017128589,0.7537224677621699,317,0.028779001391434682,0.27155887872044415,0.00513857108591668,0.1649721630097185,0.409170473395404,0.12038091239708204,0.6,0.4,True,False,0.0,0
C1_D1,1835087039,130,317,0.9913126282818856,0.9915263085606842,0.06720309126128307,0.9913126282818856,1.3404694897835225,0.35,0.8184638245554,0.5989872905889706,0.9697092591303813,0.7547038690141505,316,0.05206165936621533,0.16734801323627815,0.09650239890992231,0.2552048814339432,0.2751465879440414,0.15373645910959952,1.0,0.0,True,False,0.0,0
C1_D1,1835087039,131,316,0.9865044288931731,0.9877443387614596,0.05317636710083339,0.9865044288931731,1.3125111218150254,0.41400000000000003,0.8157599929661303,0.5944423713292764,0.9668478208622135,0.7536838906671958,317,0.005055565871928768,0.16051523513975532,0.12444768319243653,0.20019399202924906,0.27054743822435173,0.23924008554227866,0.2,0.4,True,False,0.0,0
C1_D1,1835087039,132,317,0.9883703186646003,0.9886326013746853,0.06554847187981892,0.9883703186646003,1.3109053045834287,0.35,0.8158586723465343,0.6069508580406481,0.9701630387759922,0.7668207751417594,322,0.21538256597294464,0.2396228577459401,0.03716210229007262,0.1595711945768705,0.32741275495777994,0.020848524456392136,1.0,0.0,True,False,0.0,0
C1_D1,1835087039,133,322,0.9913377638550989,0.991582682544404,0.06611742819871691,0.9913377638550989,1.3459904857846883,0.35,0.8150211478477194,0.6089880435791413,0.9727224125404452,0.7681587213640396,326,0.09230910550656937,0.19452562438477494,0.03466251452659044,0.25681142680153646,0.2978783882102611,0.12381294057026762,1.0,0.0,True,False,0.0,0
C1_D1,1835087039,134,326,0.988468477695918,0.9912227748269093,0.046851226367606,0.988468477695918,1.3455045619422064,0.456,0.8117161162197121,0.6052466256275809,0.9754501712864007,0.7644042953148888,326,0.021349802842459055,0.2005905088780528,0.19688293284933028,0.23479108691127015,0.3158081930970084,0.030577475421879365,0.4,0.4,True,False,0.0,0
C1_D1,1835087039,135,326,0.9873346843252503,0.9873346907620958,0.15003532234939307,0.9873346843252503,1.3767921332652757,0.0,0.8144571205488614,0.6063254999404681,0.9774249990417201,0.7616477552193762,326,0.07926506992832891,0.1697409249817726,0.030915660416490184,0.33128007074773497,0.29759922441979775,0.09119904950587554,0.0,0.0,True,False,0.0,0
C1_D1,1835087039,136,326,0.9471719280350497,0.9890358285607082,0.025172198141196086,0.9471719280350497,1.2813651656093636,0.6,0.8100464064897241,0.612749294814797,0.9796824991375481,0.7721249218725547,330,0.14675087339190349,0.1671714497832526,0.10490838135554988,0.11280555286862952,0.35743924084878853,0.11092450175187599,0.0,0.6,True,False,0.0,0
C1_D1,1835087039,137,330,0.993492015958643,0.9934920175275825,0.16132155905971834,0.993492015958643,1.374673596666945,0.014000000000000002,0.8049632184477339,0.6072836897031081,0.9817142492237934,0.7684763136713408,335,0.002148245363136941,0.14947813876203278,0.03201855991537616,0.3756942991484164,0.43061030379648535,0.010050453014552397,0.2,0.0,True,False,0.0,0
C1_D1,1835087039,138,335,0.9749159828364795,0.9947037831790368,0.031182633593652313,0.9749159828364795,1.3514928827331616,0.55,0.8058920546418892,0.6022130937791234,0.980826590095732,0.7618703792814749,334,0.0036698570146333283,0.2104886957604693,0.22229647176065945,0.2232381902931443,0.2864188289715901,0.05388795619950366,1.0,0.2,True,False,0.0,0
C1_D1,1835087039,139,334,0.985706426269791,0.9879529472945296,0.04844702432539183,0.985706426269791,1.40345578000795,0.42400000000000004,0.8096081537405643,0.6012718931734111,0.9827439310861589,0.7557108525435557,334,0.05211817604054892,0.21016500129094184,0.06479395039758033,0.26241433164311634,0.4045125103486485,0.005996030279163861,0.8,0.2,True,False,0.0,0
C1_D1,1835087039,140,334,0.9928990371260701,0.9928996013052719,0.1144719928450503,0.9928990371260701,1.4410351214920418,0.126,0.8129448509035196,0.5976596917257195,0.984469537977543,0.7467764251781365,333,0.018142415137237734,0.20757911134509968,0.1331025821096916,0.31739639212070514,0.3153042183567429,0.00847528093052307,0.6,0.0,True,False,0.0,0
C1_D1,1835087039,141,333,0.9895649595425444,0.992385379581387,0.046671716118999305,0.9895649595425444,1.4647997595203066,0.456,0.8143010163695732,0.5961286278443516,0.9860225841797887,0.7424515859649732,337,0.041899008811475395,0.1756235422538927,0.13192109387802592,0.2618772616521128,0.33352359127394415,0.0551555021305491,0.4,0.4,True,False,0.0,0
C1_D1,1835087039,142,337,0.9889232999427185,0.9898235540358548,0.055741260238338676,0.9889232999427185,1.4257088280736163,0.4,0.8154756734239539,0.5916347420468077,0.9874203257618098,0.7347516937786511,337,0.0039068199334207744,0.4716650458013718,0.025309047687086292,0.14580155117662436,0.3220651615628598,0.03125237383863715,0.0,0.4,True,False,0.0,0
C1_D1,1835087039,143,337,0.9860688622764754,0.9876437682234152,0.05127185000860091,0.9860688622764754,1.4459077907789075,0.42400000000000004,0.812598977975795,0.588954868560012,0.9778645427004791,0.7411857235539117,345,0.02377329519430872,0.17862912166749215,0.1381878004105657,0.2758723476136167,0.2459312475742511,0.13760618753976564,0.8,0.2,True,False,0.0,0
C1_D1,1835087039,144,345,0.9814384953101825,0.9903561361302659,0.037492217256023155,0.9814384953101825,1.4430388085213228,0.526,0.8145937551468561,0.5876310441305159,0.9761790731202062,0.7389825131271784,343,0.03904898748130612,0.2947746047022338,0.07607236874942357,0.30619835039349874,0.2805049234488751,0.0034007652246625902,0.6,0.4,True,False,0.0,0
C1_D1,1835087039,145,343,0.989340923269389,0.9895738478620179,0.06650097301700689,0.989340923269389,1.4212228883020894,0.35,0.816077365523844,0.5857977654906725,0.9785611658081856,0.7335477703750429,343,0.03185341958353014,0.21958037041691641,0.011174802600773472,0.1347150857280057,0.46052912862256606,0.14214719304820808,1.0,0.0,True,False,0.0,0
C1_D1,1835087039,146,343,0.9907266821554568,0.9907359276391466,0.09219413061266656,0.9907266821554568,1.3997727557116595,0.21400000000000002,0.8124791119682173,0.5846597681233753,0.9807050492273671,0.7337575689672011,342,0.03939863634045408,0.2634462406505646,0.06243692838401496,0.18659589343980082,0.4108840775880551,0.03723822359711039,0.2,0.2,True,False,0.0,0
C1_D1,1835087039,147,342,0.9929946452016288,0.9930399493723808,0.07956196088298349,0.9929946452016288,1.4134928284596415,0.256,0.8145210053259876,0.5875547922062928,0.9826345443046304,0.7340980265757304,344,0.08910015611357819,0.3186126378682022,0.023637013307784917,0.19003813960924618,0.34761900540274127,0.03099304769844725,0.4,0.2,True,False,0.0,0
C1_D1,1835087039,148,344,0.9910688923630581,0.9912555760495726,0.06827604665324435,0.9910688923630581,1.4216187191908503,0.35,0.8124325225804315,0.5855827157430585,0.9713876596737242,0.7420076231532775,348,0.030070789338503965,0.21394668483688908,0.031051138377660797,0.3776034773547618,0.23508284899778426,0.11224506109440018,1.0,0.0,True,False,0.0,0
C1_D1,1835087039,149,348,0.9933992326441564,0.993399253293193,0.14080556355663565,0.9933992326441564,1.4523050332992276,0.05600000000000001,0.8151828004098749,0.5819788036835226,0.9742488937063518,0.7327945627382143,355,0.008440296595212159,0.2958945135695538,0.09107641881052149,0.21932915669145134,0.3328095387814078,0.05245007555185345,0.4,0.0,True,False,0.0,0
C1_D1,1835087039,150,355,0.9864364843164967,0.989529981442958,0.045913138180245935,0.9864364843164967,1.4204832404005359,0.456,0.8169023511808607,0.5779033395613963,0.9718688883709785,0.72790948500752,348,0.00029345077562265373,0.1954463781531044,0.05543919191364748,0.469346418033854,0.27522442017630955,0.004250140947461865,0.4,0.4,True,False,0.0,0
C1_D1,1835087039,151,348,0.9914283903869073,0.9921279469638011,0.05776754313455887,0.9914283903869073,1.4403995830421652,0.4,0.8170323763799121,0.5751557891056442,0.9691727846682324,0.726348457617662,352,0.014345206528972443,0.2511090005322685,0.14737557069630902,0.24798753914503688,0.2724539256717587,0.06672875742565453,0.0,0.4,True,False,0.0,0
C1_D1,1835087039,152,352,0.9931308134843797,0.9931310162341859,0.12262018222540153,0.9931308134843797,1.4345675216978613,0.126,0.8161509041222323,0.5805647973374707,0.9685341434807263,0.7344551784931815,349,0.11458497108885878,0.2481833216528851,0.06694265512604718,0.21024763944827857,0.2813931863965854,0.07864822628734504,0.6,0.0,True,False,0.0,0
C1_D1,1835087039,153,349,0.9921990143232472,0.993631792093488,0.052072833594056775,0.9921990143232472,1.422688326389905,0.42400000000000004,0.8183046694826088,0.5846150699967759,0.9669359923788273,0.7388516551137356,342,0.10098140657723448,0.21352718235872237,0.13248814695303984,0.24846783991434485,0.2762763162308684,0.028259107965790117,0.8,0.2,True,False,0.0,0
C1_D1,1835087039,154,342,0.9906420362590963,0.9906420413831251,0.151877616196691,0.9906420362590963,1.4158391916919304,0.014000000000000002,0.8161755030591682,0.5804101270696306,0.9702423931409446,0.7329446504260974,341,0.0003226321586677697,0.15790115443274602,0.053131776098277024,0.2553031389204407,0.4592971156056193,0.0740441827842491,0.2,0.0,True,False,0.0,0
C1_D1,1835087039,155,341,0.990307624006235,0.991158097031284,0.056204789014674565,0.990307624006235,1.4641996566728503,0.4,0.810145195195727,0.585889072703387,0.9694077460548506,0.7460124096749886,349,0.1187431498404741,0.18831170855635346,0.07775326076241913,0.3252660820949369,0.28094796114000187,0.008977837605814486,0.0,0.4,True,False,0.0,0
C1_D1,1835087039,156,349,0.9908169165342435,0.9909431263158051,0.0713896694403751,0.9908169165342435,1.4425278252698996,0.326,0.8117248749305273,0.5884168327383741,0.9571646762386925,0.757337689413332,348,0.08527767087695642,0.17318124825662035,0.07993063875760363,0.28097352968233014,0.22348852394663468,0.15714838847985488,0.6,0.2,True,False,0.0,0
C1_D1,1835087039,157,348,0.9697915186472201,0.9886061807767079,0.031535107325600345,0.9697915186472201,1.4066078908631867,0.55,0.8085179881195981,0.5869280323015906,0.9550234592342705,0.760118190781167,349,0.03665051500169086,0.16614419948002504,0.19178199083918546,0.30632184906381965,0.2678762530972359,0.03122519251804318,1.0,0.2,True,False,0.0,0
C1_D1,1835087039,158,349,0.9809832802730482,0.9905687315747581,0.036919088774384594,0.9809832802730482,1.4692360686620771,0.526,0.8131490550874043,0.5831682508337881,0.9595211133108434,0.7474276756189058,351,0.007332751840961858,0.2937254915289414,0.00868910421735481,0.2526999912960009,0.3920507035264933,0.04550195759024782,0.6,0.4,True,False,0.0,0
C1_D1,1835087039,159,351,0.9926832405938432,0.992683383324037,0.12541071239171708,0.9926832405938432,1.5359211512749251,0.126,0.8139681625986852,0.5912201613108676,0.9635690019797591,0.7538049708245016,367,0.1526290377346124,0.2751575285382285,0.04976489929514434,0.14601221023921057,0.3512760155048639,0.025160308687940194,0.6,0.0,True,False,0.0,0
C1_D1,1835087039,160,367,0.978209090718047,0.9907056628449902,0.034809114154194624,0.978209090718047,1.527951328093796,0.526,0.8136088155830099,0.5912941029532434,0.9672121017817832,0.7513913313158432,369,0.057936871348989165,0.18860816820363194,0.08855622307421798,0.2170128295897224,0.3492693420639443,0.09861656571949429,0.6,0.4,True,False,0.0,0
C1_D1,1835087039,161,369,0.9912453292765655,0.9912453311655155,0.1598259792938259,0.9912453292765655,1.5703661796810928,0.0,0.8160154507802421,0.5869482020055891,0.9704908916036049,0.7411565156061426,371,0.002735052500098844,0.23336821117935927,0.011766459573531755,0.26194672072583297,0.4830611355198603,0.007122420501316859,0.0,0.0,True,False,0.0,0
C1_D1,1835087039,162,371,0.9557748432792356,0.9939145798474177,0.025952985250200747,0.9557748432792356,1.4943872958301045,0.6,0.8192978187190014,0.5890684860087074,0.9720794685858134,0.7396431174999741,361,0.0808461762924721,0.22332166886520421,0.10587219743299205,0.25633220913377647,0.29318833071284484,0.040439417562710224,0.0,0.6,True,False,0.0,0
C1_D1,1835087039,163,361,0.9084410444399664,0.9919093150704167,0.019702499922594232,0.9084410444399664,1.4509834702785336,0.656,0.8165833070128279,0.5929899538832832,0.974871521727232,0.7449025387117245,364,0.10468615218763999,0.1784175621191249,0.06385429228863118,0.2666880225992133,0.3559356027423922,0.030418368062998292,0.4,0.6,True,False,0.0,0
C1_D1,1835087039,164,364,0.9928866829759185,0.9929813462339615,0.07369549818311415,0.9928866829759185,1.5458732285311019,0.326,0.818251017035521,0.5894004899227785,0.9767312841365512,0.7374776117349712,356,0.013250421670742443,0.16671177801397913,0.08251745230188516,0.2356735127549178,0.29673457291021194,0.20511226234826352,0.6,0.2,True,False,0.0,0
C1_D1,1835087039,165,356,0.9930257513208961,0.993033831643511,0.09328482079087264,0.9930257513208961,1.5347198160845559,0.22400000000000003,0.8175893828998737,0.5934545813041607,0.9790581557228961,0.7413849303606174,353,0.10655144846901507,0.23039498276604134,0.1153131450187179,0.20931962699245327,0.3077550473219952,0.0306657494317773,0.8,0.0,True,False,0.0,0
C1_D1,1835087039,166,353,0.990297868835436,0.9902999839929836,0.10393178465745503,0.990297868835436,1.4841839279638336,0.2,0.8243929144920229,0.5896080416149196,0.9811523401506065,0.7289415463296055,347,0.010327367199587148,0.3339206606416693,0.04067269249852029,0.16439584870849516,0.4216451854244084,0.029038245527319685,0.0,0.2,True,False,0.0,0
C1_D1,1835087039,167,347,0.9932026458167643,0.9932050440786216,0.1029551970673768,0.9932026458167643,1.4993385209317351,0.2,0.8242803864336856,0.5960720084149888,0.9735623052081205,0.7427796749738308,348,0.136804611010188,0.257368717848463,0.08606149162612872,0.23540512188205065,0.2526259953628734,0.03173406227029614,0.0,0.2,True,False,0.0,0
C1_D1,1835087039,168,348,0.9342134079165261,0.9928737633689604,0.022517773760885464,0.9342134079165261,1.4021691498165167,0.6240000000000001,0.82934319557682,0.5936113835522351,0.9762060746873085,0.7332067071206023,341,0.02928719447494693,0.20959757281337343,0.03557812579260409,0.27118942802672696,0.3854325821830992,0.06891509670924936,0.8,0.4,True,False,0.0,0
C1_D1,1835087039,169,341,0.940306522281574,0.9893162626409177,0.023919985489228995,0.940306522281574,1.4388445767111946,0.6240000000000001,0.8265379544210183,0.599455841350188,0.9754059098203881,0.743548005247275,347,0.13156283719455852,0.16492591223364308,0.16726775447594197,0.21904851113566293,0.28410221300905225,0.03309277195114125,0.8,0.4,True,False,0.0,0
C1_D1,1835087039,170,347,0.9893304661654049,0.9893425406550166,0.09005790794689321,0.9893304661654049,1.4958718718938862,0.256,0.821754409813678,0.6013358569470637,0.9778653188383493,0.7483349246262871,351,0.085660095804814,0.2556166512929512,0.12018333965387808,0.137572939760444,0.39334503795340797,0.007621935534504848,0.4,0.2,True,False,0.0,0
C1_D1,1835087039,171,351,0.9947928352681634,0.9947928362260742,0.16525948079229605,0.9947928352681634,1.4788521004096498,0.014000000000000002,0.8228117711096402,0.6002857711207517,0.9800787869545143,0.7443832013915647,344,0.05020883776301359,0.24567457458865374,0.004581046035157791,0.22905835687256756,0.39148327680475686,0.07899390793585044,0.2,0.0,True,False,0.0,0
C1_D1,1835087039,172,344,0.9907923072840528,0.9909236104230874,0.07107458637134971,0.9907923072840528,1.522727893002321,0.326,0.8215500544869169,0.6000840386571403,0.9774999136450058,0.7472420768755971,353,0.0601569511553288,0.2604881674917231,0.04592484485494159,0.308736906404708,0.2771450269297145,0.04754810316358414,0.6,0.2,True,False,0.0,0
C1_D1,1835087039,173,353,0.9914037718834773,0.9914037723981863,0.17017674024202029,0.9914037718834773,1.5126723726685496,0.0,0.8205375737716419,0.5969052554260059,0.9797499222805052,0.7424918518285051,357,0.02281773377153226,0.33720550358287926,0.0659828629621273,0.17067508961591493,0.32929899071470436,0.07401981935284191,0.0,0.0,True,False,0.0,0
C1_D1,1835087039,174,357,0.9919050450722825,0.9919770062892576,0.07587008456391689,0.9919050450722825,1.5324167125170491,0.326,0.8167914881485514,0.5966240045063593,0.9817749300524546,0.7440079589622592,363,0.057050148145671976,0.21257096339490097,0.009299037609484659,0.2180786975792017,0.3970178411303989,0.10598331214034161,0.6,0.2,True,False,0.0,0
C1_D1,1835087039,175,363,0.9925584974138429,0.9925653977198943,0.09453769044004343,0.9925584974138429,1.547462148660996,0.22400000000000003,0.8143478480894956,0.5960839790388333,0.9835974370472091,0.7441836221528702,370,0.05363968447239903,0.21428174857880733,1.0595319692563503e-06,0.19054485487503192,0.5415003680448656,3.228449692694502e-05,0.8,0.0,True,False,0.0,0
C1_D1,1835087039,176,370,0.9762606551701627,0.9903665668213956,0.03384210884725338,0.9762606551701627,1.5132801389793498,0.55,0.8144173559166068,0.5944821081496533,0.9852376933424882,0.7408849099706823,369,0.040029100784521876,0.16455884373452645,0.15442164317080073,0.21077602769911902,0.3879320101673689,0.042282374443663014,1.0,0.2,True,False,0.0,0
C1_D1,1835087039,177,369,0.9919868563275491,0.9919868670795862,0.14598877152248488,0.9919868563275491,1.525317385725646,0.05600000000000001,0.8150922856821216,0.5949027020190273,0.9867139240082394,0.7396868565888991,367,0.06430874096070782,0.2411975396345924,0.1543306926260937,0.19590039193908473,0.3374147462880915,0.006847888551429854,0.4,0.0,True,False,0.0,0
C1_D1,1835087039,178,367,0.9886960799684884,0.9886960836827824,0.1544231374156573,0.9886960799684884,1.5250870605552909,0.05600000000000001,0.8165950414357973,0.5984185359003094,0.9880425316074155,0.7416904020965727,361,0.10326211227791804,0.16613396514749293,0.10041814520982012,0.25853533052481337,0.3258918464833329,0.045758600356622645,0.4,0.0,True,False,0.0,0
C1_D1,1835087039,179,361,0.9950727801180543,0.995072964891925,0.12337474520376718,0.9950727801180543,1.5442479534034712,0.126,0.817722160048212,0.5989121660057105,0.9850456593897139,0.743534297684084,367,0.06768196125520765,0.252559718030364,0.1804738842714485,0.1820424807153392,0.2790369047151996,0.038205051012440955,0.6,0.0,True,False,0.0,0
C1_D1,1835087039,180,367,0.9902287700589334,0.9908515686447286,0.05868244366075245,0.9902287700589334,1.5189363682433306,0.41400000000000003,0.8207847629528766,0.5946905963637337,0.9865410934507425,0.7344235686348011,365,0.009050483228858998,0.17984832077832635,0.1812712162261161,0.19925920690336416,0.42802282473540404,0.002547948127930298,0.2,0.4,True,False,0.0,0
C1_D1,1835087039,181,365,0.9825148947556656,0.9926668814063279,0.036478840354412366,0.9825148947556656,1.5235726909361567,0.526,0.8204075997567105,0.5930409885605762,0.9861729703426252,0.7329965682496413,365,0.038561525187865126,0.17777517815008334,2.8841925831846864e-06,0.3566254601583168,0.2914299311847849,0.1356050211263668,0.6,0.4,True,False,0.0,0
C1_D1,1835087039,182,365,0.9934586725170216,0.9934602415230477,0.10633471730179639,0.9934586725170216,1.556748400745739,0.2,0.8182331442952986,0.5923671536711854,0.9875556733083627,0.7330815904058662,365,0.04972768173297608,0.21365341841428576,0.003949398680803758,0.2824527204783274,0.36637827917669635,0.08383850151691072,0.0,0.2,True,False,0.0,0
C1_D1,1835087039,183,365,0.990204541462018,0.990204545631483,0.1535150954723724,0.990204541462018,1.5598506367490754,0.014000000000000002,0.8194049553501758,0.5925074581083286,0.9771807485620688,0.7399805982044156,366,0.05948327650878067,0.23892485381725323,0.08409203614126133,0.3340083370607028,0.24190321292271197,0.041588283549289846,0.2,0.0,True,False,0.0,0
C1_D1,1835087039,184,366,0.9890960056727949,0.9890975617808107,0.10636539068092778,0.9890960056727949,1.5651142902830608,0.21400000000000002,0.8188722555950116,0.5945567178164307,0.9729739882296521,0.7462354969256528,368,0.08343290766898119,0.2697291102586831,0.042743095747142155,0.2328256205195968,0.26755657261895055,0.10371269318664635,0.2,0.2,True,False,0.0,0
C1_D1,1835087039,185,368,0.9900432194923094,0.9912207838537658,0.05361499816411563,0.9900432194923094,1.5330622817618185,0.41400000000000003,0.8230719279925178,0.590013957730449,0.9749824936907898,0.735237548276663,359,0.002313447560497781,0.179107613300919,0.13392295128869255,0.2456759364500629,0.296529521420515,0.14245052997931293,0.2,0.4,True,False,0.0,0
C1_D1,1835087039,186,359,0.9898336200250979,0.9903479681026305,0.06020134186340893,0.9898336200250979,1.544878638862928,0.4,0.8228777826001691,0.5905726446499925,0.970741861711374,0.7393230246221968,360,0.06324231007582488,0.258931651333429,0.028352779947273494,0.26868799886925226,0.26628808694831585,0.11449717282590456,0.0,0.4,True,False,0.0,0
C1_D1,1835087039,187,360,0.9907495963764533,0.9907497141701326,0.12692369703314038,0.9907495963764533,1.5805381686000786,0.126,0.8178249835681347,0.5996748307514378,0.9668893113887642,0.7583657108411455,369,0.1703852291743116,0.18760588945157247,0.0919998151031446,0.2768590194581555,0.2661081792426378,0.0070418675701780665,0.6,0.0,True,False,0.0,0
C1_D1,1835087039,188,369,0.9793565607736107,0.9886851828965048,0.03712012720089657,0.9793565607736107,1.5332238478365525,0.526,0.8151992787258676,0.6001422727666721,0.9702003802498878,0.7588029163940709,365,0.06813979441007803,0.17700485437972743,0.08741219628296451,0.20586737924928097,0.31202869019058793,0.14954708548736123,0.6,0.4,True,False,0.0,0
C1_D1,1835087039,189,365,0.9889179525643252,0.9899184383028544,0.054901727089239134,0.9889179525643252,1.5855981298634036,0.41400000000000003,0.8151254269781436,0.5984220003796464,0.973180342224899,0.7543793348855924,371,0.04108551564134961,0.1976626129868109,0.008460574961490833,0.23043831342004997,0.48785997694195155,0.03449300604834722,0.2,0.4,True,False,0.0,0
C1_D1,1835087039,190,371,0.993374158075021,0.9934632854892815,0.07417902659634136,0.993374158075021,1.6025678980485112,0.326,0.8111089877902016,0.6015773585368752,0.9683824091284376,0.7658881972229387,382,0.1009557272026382,0.2401133545948349,0.09163421257262201,0.25477047997789215,0.26260050563014264,0.049925720021869985,0.6,0.2,True,False,0.0,0
C1_D1,1835087039,191,382,0.991414311209581,0.9914143156898825,0.15295246447885316,0.991414311209581,1.562830416969229,0.014000000000000002,0.8127164033902359,0.6079590201289635,0.9715441682155939,0.7699680984909416,380,0.14325661898665093,0.24474257238093078,0.06662387184729314,0.13189903652071802,0.32116007821194903,0.09231782205245823,0.2,0.0,True,False,0.0,0
C1_D1,1835087039,192,380,0.9922871320672334,0.992287133612698,0.16143190051291875,0.9922871320672334,1.5283034148493164,0.0,0.8156008300215761,0.6027822193384873,0.9692621782905239,0.7625029139055225,373,0.002764377699650046,0.1894688399851944,0.15950522989647345,0.17742739372692487,0.27436213448244695,0.19647202420931037,0.0,0.0,True,False,0.0,0
C1_D1,1835087039,193,373,0.9949057685199582,0.9949090064461862,0.10057931629255579,0.9949057685199582,1.5322675377362411,0.21400000000000002,0.8132055792733022,0.5986235848322818,0.9695390966056078,0.759255850510604,371,0.012255955758986341,0.3078067725381962,0.07597938382137434,0.2561627690064694,0.2860156807206816,0.06177943815429209,0.2,0.2,True,False,0.0,0
C1_D1,1835087039,194,371,0.9926920497547327,0.992692054173384,0.1530730101879551,0.9926920497547327,1.5406449130272424,0.0,0.8133319880548557,0.5969607686133496,0.972585186945047,0.7546581852070409,366,0.04085453778352225,0.19607276987719416,2.356858456483723e-07,0.4251673952173373,0.3287788955694155,0.009126165866685047,0.0,0.0,True,False,0.0,0
C1_D1,1835087039,195,366,0.9706096623089836,0.9905775150707086,0.03107744215138953,0.9706096623089836,1.485260937395152,0.55,0.8204729008104051,0.595877281866739,0.9640546035919032,0.7533398717333483,357,0.0470568960507126,0.21729994335953567,0.090965848174151,0.2717100762184531,0.24363967670680445,0.12932755949034308,1.0,0.2,True,False,0.0,0
C1_D1,1835087039,196,357,0.9932267769238514,0.9932267857210307,0.1475960160785729,0.9932267769238514,1.5177031193480788,0.05600000000000001,0.8210637259377945,0.5911575448838412,0.9580421685030649,0.751522082018462,357,0.0009265888804881596,0.2503973094243237,0.09479918275106855,0.2695397881573256,0.25196512635176005,0.13237200443503416,0.4,0.0,True,False,0.0,0
C1_D1,1835087039,197,357,0.9923875460434185,0.9923875531035748,0.1493402167901228,0.9923875460434185,1.5167778940773504,0.05600000000000001,0.8219322417270717,0.5950395445269405,0.9622379516527584,0.752362827486425,354,0.10549846109114186,0.21907976164375,0.012493589804151153,0.23106974471654418,0.3657408628537301,0.06611757989068272,0.4,0.0,True,False,0.0,0
C1_D1,1835087039,198,354,0.9443157866430114,0.993318461524908,0.02395327001358432,0.9443157866430114,1.4621810305816503,0.614,0.8245401146369691,0.6029262893521973,0.9652236287237973,0.7575729975417071,354,0.1579840256450471,0.25671257330754865,0.004707698565026247,0.2538856109098814,0.29604736118157393,0.030662730390922686,0.2,0.6,True,False,0.0,0
C1_D1,1835087039,199,354,0.9937503481835458,0.9937609334606009,0.09114116985677383,0.9937503481835458,1.542876871135042,0.256,0.8261003648370807,0.5998730394450013,0.9659634963917165,0.7517368066820546,359,0.026163307005173397,0.35163429552536823,0.09598146676862236,0.15314101542291073,0.2863111527014949,0.08676876257643047,0.4,0.2,True,False,0.0,0
C1_D1,1835087039,200,359,0.9921756891438572,0.9921781858965125,0.10262659626498016,0.9921756891438572,1.4894911434353955,0.21400000000000002,0.8260751072511617,0.6011967449226432,0.9497361183891236,0.7662917158792725,359,0.07896696812364928,0.20149491273490336,0.05750340175509645,0.33088594423809214,0.2018448581828938,0.1293039149653648,0.2,0.2,True,False,0.0,0
C1_D1,1835087039,201,359,0.9913879898702583,0.9913881388428992,0.12505957579444135,0.9913879898702583,1.5060556598522539,0.126,0.82477556048222,0.5986386077767022,0.9547625065502112,0.760210007946261,358,0.03127125125238901,0.2475177186424074,0.050915180688582605,0.2471930232235361,0.3979263774710964,0.025176448721988553,0.6,0.0,True,False,0.0,0
C1_D1,1835087039,202,358,0.9901776876787859,0.9902275420097997,0.07877755588900179,0.9901776876787859,1.5284507124066755,0.326,0.8282475725964126,0.5941396032851944,0.95307209307391,0.7526664832228872,357,0.005411573716591373,0.22037083312326933,0.008722153155186112,0.33432677466768507,0.26892918589359976,0.16223947944366837,0.6,0.2,True,False,0.0,0
C1_D1,1835087039,203,357,0.9918349513139946,0.9919076935544184,0.07578359998493762,0.9918349513139946,1.4804665600741613,0.326,0.8263467356938878,0.6047396795354836,0.957764883766519,0.7640947925766987,356,0.19133820518186076,0.2909504269941958,0.02769738293205537,0.12230905001167572,0.3617701070326966,0.005934827847515854,0.6,0.2,True,False,0.0,0
C1_D1,1835087039,204,356,0.9913212428830686,0.9918027123837186,0.06073884741923707,0.9913212428830686,1.503191922341913,0.4,0.817138744818238,0.6053748618784914,0.9602385068790431,0.7715240385514378,368,0.07340207899727505,0.15378485893019855,0.13307393012321528,0.24843381335088766,0.2912505574458802,0.10005476115254336,0.0,0.4,True,False,0.0,0
C1_D1,1835087039,205,368,0.9920724824390136,0.9922584503041725,0.06831467679810133,0.9920724824390136,1.516365456545916,0.35,0.8125151141875216,0.6029769389656101,0.9642146561911388,0.7696539912135514,378,0.03588525226304099,0.319610775174475,0.07046928021940552,0.16014838462402478,0.3003968098389575,0.1134894978800961,1.0,0.0,True,False,0.0,0
C1_D1,1835087039,206,378,0.9903560418994802,0.9903584004131027,0.10306538372993884,0.9903560418994802,1.493588178028117,0.2,0.8114814555674821,0.6022287161740181,0.9570482791545595,0.775441453846838,384,0.05500780195860607,0.28217964059842005,0.1732218689573433,0.19221448727014848,0.2462754429126729,0.051100758302809274,0.0,0.2,True,False,0.0,0
C1_D1,1835087039,207,384,0.9941228986339452,0.99438188468311,0.06569531390751206,0.9941228986339452,1.4939121132490365,0.35,0.8091790174906954,0.6013630075316289,0.9589123025160936,0.7750205282936593,383,0.05307158957889587,0.20982411008070467,0.1991929501719592,0.22188717781404632,0.2878442563849503,0.028179915969443664,1.0,0.0,True,False,0.0,0
C1_D1,1835087039,208,383,0.9935702020823349,0.9935872393142121,0.08735128438422464,0.9935702020823349,1.4783754839355423,0.256,0.8131782939892227,0.6037849823251208,0.9573517389288736,0.7755771380560098,372,0.09362656462591676,0.2017803578614112,0.05458817163447392,0.28708204937191295,0.2716533333219465,0.09126952318433845,0.4,0.2,True,False,0.0,0
C1_D1,1835087039,209,372,0.9892344817606809,0.9892369316566099,0.1027537708783494,0.9892344817606809,1.503854551618602,0.2,0.8073730200707516,0.5999958633306581,0.9616165650359862,0.7728088513902169,377,0.01750162652241657,0.16451921943203596,0.016723206319990823,0.33604442498458337,0.45080717091944633,0.014404351821526872,0.0,0.2,True,False,0.0,0
C1_D1,1835087039,210,377,0.9898106649824205,0.9898109410716849,0.12013584173374303,0.9898106649824205,1.5108208404112393,0.126,0.8039969144327858,0.5992870969715021,0.9610368032038694,0.7756048670956587,379,0.05363783509221121,0.23330262984912217,0.05871391711616014,0.27281017885704106,0.2779094733574089,0.1036259657280565,0.6,0.0,True,False,0.0,0
C1_D1,1835087039,211,379,0.9931661164732039,0.9931661187585542,0.15832500861985044,0.9931661164732039,1.5147429234430505,0.0,0.8068705001875655,0.5955867216853129,0.9531928729966863,0.7743911529411576,381,0.01579974452982433,0.3405742369097444,0.04396298943180179,0.2440385068071926,0.24129875056601915,0.11432577175541772,0.0,0.0,True,False,0.0,0
C1_D1,1835087039,212,381,0.9898387350596476,0.9900079933878759,0.06904602606203163,0.9898387350596476,1.5204141436169785,0.326,0.813220748869494,0.5988481064943695,0.9547782332789763,0.771268723602107,376,0.10050901116652818,0.2051570028545612,0.011504072904552597,0.23149940718048223,0.28452323790979306,0.1668072679840828,0.6,0.2,True,False,0.0,0
C1_D1,1835087039,213,376,0.991058068377908,0.9910580793813523,0.14579733307381584,0.991058068377908,1.5570975438183818,0.05600000000000001,0.8135459517539477,0.5963471924132652,0.9590142225045362,0.7643496000171901,379,0.030518640545176393,0.19502749667829858,0.004554069471251701,0.23565242307061227,0.2985690627672878,0.2356783074673734,0.4,0.0,True,False,0.0,0
C1_D1,1835087039,214,379,0.9914629457821954,0.9930051203494424,0.05148212194352951,0.9914629457821954,1.5160757022636104,0.41400000000000003,0.8158048855602661,0.592548714052549,0.9505254765539124,0.7641418694897271,370,0.012736015749338902,0.2439431378341061,0.04183311268161944,0.3363981536832546,0.23706338149914905,0.12802619855253203,0.2,0.4,True,False,0.0,0
C1_D1,1835087039,215,370,0.9932422996407889,0.9932423009716297,0.1626296988873274,0.9932422996407889,1.4820328024965606,0.0,0.8178738025895488,0.5898719812246801,0.9554729288985212,0.7548368323483688,366,0.024383785934481778,0.21195670090274712,0.09809315289653876,0.09230325790787737,0.4446802975997866,0.1285828047585684,0.0,0.0,True,False,0.0,0
C1_D1,1835087039,216,366,0.9824335439432368,0.9928490939691447,0.036276280907539746,0.9824335439432368,1.4920682146698345,0.526,0.8155863984488416,0.5904998579102039,0.9599256360086691,0.7542446404293708,369,0.0640184468344721,0.3501933232150431,0.032346750006697296,0.2462014199480073,0.3048335420284405,0.0024065179673396983,0.6,0.4,True,False,0.0,0
C1_D1,1835087039,217,369,0.9770438036266785,0.991910038244617,0.03343661259053337,0.9770438036266785,1.4730754806220066,0.55,0.8156043407158515,0.5885297294354062,0.961606335636622,0.7503978161925852,369,0.0319358052589063,0.3528546333212827,0.05449647345351071,0.17185358357380143,0.2883663161440992,0.10049318824839973,1.0,0.2,True,False,0.0,0
C1_D1,1835087039,218,369,0.9866786768394784,0.9888973392848698,0.04855395796197094,0.9866786768394784,1.507973987292909,0.456,0.8126289889730244,0.5929741078280857,0.9654457020729598,0.7558151030489167,376,0.11088581080562342,0.2541066599151513,0.07287153920991232,0.21197625745808957,0.30992695853105656,0.040232774080166754,0.4,0.4,True,False,0.0,0
C1_D1,1835087039,219,376,0.9454654533168811,0.9918417286438348,0.02437992281157333,0.9454654533168811,1.3887062343192857,0.614,0.8153688237580153,0.5974790611800623,0.965082687471684,0.7592836762562021,360,0.11442073429226152,0.25657102427773926,0.06472378290707813,0.22052371248814595,0.28090777803010136,0.06285296800467395,0.2,0.6,True,False,0.0,0
C1_D1,1835087039,220,360,0.9931612523059877,0.993161266046231,0.1440461107076331,0.9931612523059877,1.4792933994317505,0.05600000000000001,0.809749082221459,0.6010194683556283,0.9680414201637325,0.7667329644024466,365,0.10517950293211258,0.1846040472145965,0.057437140120534184,0.29694991282127275,0.29733500719608463,0.05849438971539944,0.4,0.0,True,False,0.0,0
C1_D1,1835087039,221,365,0.9942877507594949,0.9943007468171708,0.08951222869318644,0.9942877507594949,1.410186869910955,0.256,0.8155543660681563,0.6083321975854088,0.9712372781473593,0.768002339519888,351,0.15454628309452395,0.2313051048048423,0.10945260841818642,0.10553361177471524,0.35885507027366703,0.04030732163406501,0.4,0.2,True,False,0.0,0
C1_D1,1835087039,222,351,0.9916410974146612,0.9924019946006638,0.05710068476316265,0.9916410974146612,1.4007064888634184,0.4,0.8152406781620821,0.6105857346002226,0.9741135503326234,0.7688670106390011,356,0.09587683617605346,0.18039859554976248,0.08094841879796497,0.1243844849959957,0.5008002883978548,0.017591376082368444,0.0,0.4,True,False,0.0,0
C1_D1,1835087039,223,356,0.988982956881132,0.9891484502027093,0.06921817606184785,0.988982956881132,1.4048143539834628,0.35,0.8149969628118218,0.6103318383397618,0.9767021952993611,0.7667395605850714,358,0.06594238086937962,0.2404049925810504,0.1579530560217459,0.1806188948763587,0.3173729530975556,0.03770772255390978,1.0,0.0,True,False,0.0,0
C1_D1,1835087039,224,358,0.9895590766402602,0.9895590807767828,0.1535730464054328,0.9895590766402602,1.4252457600778463,0.014000000000000002,0.8149927591462539,0.6128224732715666,0.9781583414412728,0.7687263541736448,358,0.10009033560991132,0.18814342558684058,0.14904901464145953,0.24945123634599803,0.29563182835923896,0.017634159456551696,0.2,0.0,True,False,0.0,0
C1_D1,1835087039,225,358,0.9922984710209966,0.9923005644115287,0.10403019047104467,0.9922984710209966,1.4636463723565467,0.2,0.8164650982425927,0.6100751447872762,0.9803425072971454,0.7621981200409834,356,0.036172439741099696,0.18215844031988626,0.016808419229614235,0.37812876631281167,0.31118364861351866,0.07554828578306955,0.0,0.2,True,False,0.0,0
C1_D1,1835087039,226,356,0.9825588664741722,0.992680197359818,0.03650302038795361,0.9825588664741722,1.457899103693175,0.526,0.8225499746119848,0.6050236749677703,0.9823082565674309,0.7487938718880498,349,0.005653592748223668,0.3169004251164152,4.87105038082199e-06,0.21448179238887358,0.406719488659889,0.056239830036217735,0.6,0.4,True,False,0.0,0
C1_D1,1835087039,227,349,0.992638155333634,0.9926450529528806,0.09454142928084332,0.992638155333634,1.4686728360605668,0.256,0.8306493802198172,0.602644892554285,0.9840774309106879,0.7372494601041244,341,0.035905016686289266,0.17814376177299723,0.13113677386472505,0.2639677929508447,0.31305544496032234,0.0777912097648216,0.4,0.2,True,False,0.0,0
C1_D1,1835087039,228,341,0.9906287868501867,0.9907813207406988,0.06988040223934026,0.9906287868501867,1.4735308832445253,0.35,0.8312971976746436,0.611755456214153,0.9756309435373528,0.7542858642610287,340,0.17803510359477745,0.18813724164397508,0.08499001893635348,0.25745577823791077,0.24980627858866863,0.04157557899831457,1.0,0.0,True,False,0.0,0
C1_D1,1835087039,229,340,0.9913846707010525,0.9913846725055658,0.1601911141867766,0.9913846707010525,1.4421893399221457,0.0,0.8346986376218005,0.617193181575783,0.9635404377806495,0.7673994243765335,337,0.13781872715422125,0.1658882648255248,0.061746568212863895,0.3260369484665848,0.22736294298515966,0.0811465483556455,0.0,0.0,True,False,0.0,0
C1_D1,1835087039,230,337,0.9922713032557461,0.992277941946915,0.09484304913761607,0.9922713032557461,1.404850725411036,0.256,0.8356003692568954,0.6172049541923696,0.9564666722254298,0.7722553726462048,339,0.07339289619219751,0.22649094486256335,0.2470000720787889,0.15822703824038495,0.24640139111422654,0.048487657511838686,0.4,0.2,True,False,0.0,0
C1_D1,1835087039,231,339,0.9898896098690024,0.989889614140564,0.15331999536704324,0.9898896098690024,1.3971922998049482,0.05600000000000001,0.8233707943412906,0.6145736402568316,0.9543394820305102,0.7821239399896789,356,0.04036167217600575,0.16755903326425559,0.11203310696047207,0.17646537562487194,0.26759738513811676,0.23598342683627804,0.4,0.0,True,False,0.0,0
C1_D1,1835087039,232,356,0.9929626326759409,0.9929734840776758,0.0909372097111495,0.9929626326759409,1.3890011523604084,0.256,0.8231993788237741,0.6114889048568569,0.9493415433523762,0.7824580469311365,358,0.03304933266083601,0.20584466179983077,0.019308456933196754,0.20253394170635744,0.25218004762458485,0.2870835592751942,0.4,0.2,True,False,0.0,0
C1_D1,1835087039,233,358,0.9909192012522526,0.9909219050723613,0.10198229453951758,0.9909192012522526,1.3829573117254397,0.21400000000000002,0.8197941295717166,0.6075312483529446,0.9544073890171386,0.7764795525686423,358,0.020209859236631534,0.18733800794454092,0.009049139422999336,0.17946875873180115,0.4952709172678408,0.1086633173961863,0.2,0.2,True,False,0.0,0
C1_D1,1835087039,234,358,0.9909729998043141,0.990974323644135,0.10766723725380527,0.9909729998043141,1.4169315613428335,0.2,0.8169793294158549,0.607615116595061,0.9584771075288789,0.7759536081308324,366,0.0682553832470456,0.31834141584169723,0.006546270270753471,0.21167018638580448,0.2975522870672711,0.09763445718742815,0.0,0.2,True,False,0.0,0
C1_D1,1835087039,235,366,0.9909079116461095,0.9910178926657149,0.07248587604504883,0.9909079116461095,1.468111109832842,0.326,0.8118823221970539,0.6054678457963819,0.9621515165382182,0.7750942771353209,375,0.040418562888425436,0.16273317797366266,0.026653923949932747,0.3876825517870655,0.29761059881113594,0.08490118458977765,0.6,0.2,True,False,0.0,0
C1_D1,1835087039,236,375,0.9946604589018301,0.9946636421959274,0.1007128058049307,0.9946604589018301,1.4607721979164088,0.2,0.8138757415098564,0.6004129394290278,0.9659363648843964,0.7637362820496757,365,0.0027310740308133757,0.2015037490355077,0.08237786087647814,0.20756646775329832,0.36060631595297055,0.14521453235093185,0.0,0.2,True,False,0.0,0
C1_D1,1835087039,237,365,0.9399367196194883,0.9900219245797601,0.023752875138614318,0.9399367196194883,1.404270819805765,0.614,0.8154670569111043,0.6040411901516965,0.9685558168638396,0.7647781644495039,363,0.108111221176501,0.23168863730047692,0.03731573405110566,0.30746126538945473,0.29606544233941434,0.019357699743047293,0.2,0.6,True,False,0.0,0
C1_D1,1835087039,238,363,0.9133789317566163,0.9934256510568047,0.02004783701879303,0.9133789317566163,1.4057930077420229,0.656,0.8167508729054648,0.60128855346584,0.9717002351774556,0.7576367305032387,364,0.030617785271603814,0.19980663060825882,0.02369212014272623,0.3169190189881122,0.32103590531082365,0.10792853967847527,0.4,0.6,True,False,0.0,0
C1_D1,1835087039,239,364,0.9892612819388688,0.9924814710858862,0.04561734487668042,0.9892612819388688,1.5116098912231708,0.456,0.8163921259455534,0.6042260480803923,0.9745302116597101,0.7594607416344356,363,0.10002402859805296,0.3720763928905706,0.01054518672627465,0.1938313976852572,0.31842750843089257,0.005095485668952013,0.4,0.4,True,False,0.0,0
C1_D1,1835087039,240,363,0.9913173786080345,0.9922072862243184,0.0558524206007554,0.9913173786080345,1.4649080222285016,0.42400000000000004,0.8185680702183277,0.6031851962743304,0.9770771904937391,0.7541660866587523,357,0.05213063247447164,0.2885326552994022,0.020706561535227718,0.10027004851554915,0.5095741865225621,0.028785915652787205,0.8,0.2,True,False,0.0,0
C1_D1,1835087039,241,357,0.9907681124631548,0.9907725889657514,0.09796781270707525,0.9907681124631548,1.4754540761047716,0.22400000000000003,0.812775434973513,0.5999265866267117,0.9766727908505702,0.7557505131135618,360,0.023758127076222206,0.16621655838671506,0.031237530342141624,0.3920412460400287,0.28651659703102506,0.1002299411238673,0.8,0.0,True,False,0.0,0
C1_D1,1835087039,242,360,0.9912008691484109,0.9912038742661763,0.10114356836847273,0.9912008691484109,1.476085509457839,0.21400000000000002,0.8114781928880735,0.5980998523400213,0.9790055117655132,0.7528556342425479,365,0.03961993805806415,0.255398163336777,0.1391323854449086,0.1489579217572785,0.37367565827018145,0.04321593313279027,0.2,0.2,True,False,0.0,0
C1_D1,1835087039,243,365,0.9890095305346287,0.9893640947937958,0.06315466243063289,0.9890095305346287,1.469471833681929,0.4,0.8112622423231161,0.5982926216869711,0.9811049605889619,0.751686779268627,363,0.06372202454938615,0.1767417108595525,0.060857817697452014,0.20554385408567177,0.32030452630900796,0.17283006649892968,0.0,0.4,True,False,0.0,0
C1_D1,1835087039,244,363,0.9923664371955354,0.9923664608696419,0.13970903595618103,0.9923664371955354,1.4632730554209308,0.05600000000000001,0.8120481642572862,0.6067504855869414,0.9829944645300657,0.7601114444447232,365,0.16715618730398699,0.18413608563556041,0.021861775877187642,0.15882860937949425,0.3604358719749512,0.1075814698288195,0.4,0.0,True,False,0.0,0
C1_D1,1835087039,245,365,0.9575021164944445,0.9924946263982777,0.02662714778818012,0.9575021164944445,1.4304031162055173,0.6,0.8165413593633674,0.6087480485714244,0.9846950180770591,0.7571076839381845,359,0.09168859079787532,0.19135693617520716,0.09940330843123849,0.25599652169653847,0.3587073272690563,0.0028473156300843267,0.0,0.6,True,False,0.0,0
C1_D1,1835087039,246,359,0.9876175787786466,0.9909158769384834,0.045414002955028336,0.9876175787786466,1.4682327648651636,0.456,0.8191902644278667,0.6091225285056328,0.9862255162693532,0.7539519090866641,352,0.07264852953474507,0.19077303915239183,0.0975639533938858,0.2223591318810265,0.3269824429083473,0.08967290312960356,0.4,0.4,True,False,0.0,0
C1_D1,1835087039,247,352,0.9913637798165356,0.9933391443712375,0.04951420698694791,0.9913637798165356,1.43406540949919,0.456,0.8204867856058952,0.6174462638840181,0.9876029646424178,0.7619828403379372,347,0.17224827254583733,0.2692146390511465,0.022724832676667604,0.1585991552701301,0.34194789952116306,0.035265200935055356,0.4,0.4,True,False,0.0,0
C1_D1,1835087039,248,347,0.9884956889305208,0.9892941474207788,0.05669216343124332,0.9884956889305208,1.4675755435211715,0.4,0.8182845649260057,0.6127461901869389,0.988842668178176,0.7572670539496698,350,0.014652993714021088,0.25317230965812515,0.015004515724205391,0.3358892006081279,0.3766127922965813,0.00466818799893925,0.0,0.4,True,False,0.0,0
C1_D1,1835087039,249,350,0.991314545260676,0.9913180318373028,0.0999615893763896,0.991314545260676,1.4961824499574679,0.2,0.8204735566453345,0.6127166206567672,0.9899584013603584,0.7543590883606709,351,0.0700967497396913,0.1961422556444715,0.03839438685569308,0.22872508941152953,0.42785945057320257,0.03878206777541208,0.0,0.2,True,False,0.0,0
C1_D1,1835087039,250,351,0.9914736602224709,0.9921510690992285,0.058023817219847576,0.9914736602224709,1.5056609128638538,0.41400000000000003,0.8204504348210283,0.608410090688609,0.9909625612243226,0.7483190682065013,352,0.016616263308500405,0.20236615655906012,0.18390191013546422,0.21697059890418158,0.3681384943266077,0.012006576766185885,0.2,0.4,True,False,0.0,0
C1_D1,1835087039,251,352,0.9906975010833475,0.9928221080239612,0.048930299754757,0.9906975010833475,1.4616840959720354,0.456,0.8217940317591867,0.6089992870272865,0.9918663051018903,0.7471377226462148,349,0.07512126091384881,0.17398431812257778,0.2394041751998243,0.12131872046115608,0.3221896691441633,0.06798185615842973,0.4,0.4,True,False,0.0,0
C1_D1,1835087039,252,349,0.990356832953533,0.9903588462274391,0.10432522355247156,0.990356832953533,1.3898732397850178,0.22400000000000003,0.8205565550897495,0.6110752575681268,0.9752262433495074,0.7636261648615649,345,0.09407418615255829,0.35917777621856345,0.01979856069744388,0.21990997261671374,0.21273284378903015,0.09430666052569053,0.8,0.0,True,False,0.0,0
C1_D1,1835087039,253,345,0.991872374638672,0.9920833050958892,0.06731066355533252,0.991872374638672,1.3496070313600979,0.35,0.8187480022384904,0.6103186516078691,0.9632785121147441,0.7738459544411787,342,0.05996446147685838,0.19935212743388575,0.2180382936829632,0.2616019821572647,0.22787446550093737,0.03316866974809041,1.0,0.0,True,False,0.0,0
C1_D1,1835087039,254,342,0.9903281328775669,0.9903337525889544,0.09615386080509923,0.9903281328775669,1.4012792155438223,0.22400000000000003,0.8153459569005355,0.6052151258986311,0.9669506609032698,0.7676504999071337,349,0.005155085889443628,0.16825666743820716,0.021849649152656827,0.3178797666459535,0.47381357965816534,0.01304525121557345,0.8,0.0,True,False,0.0,0
C1_D1,1835087039,255,349,0.9929463772367708,0.9929587644640981,0.08988340366313056,0.9929463772367708,1.4246203821903982,0.22400000000000003,0.810205871435747,0.6029203009021334,0.9702555948129428,0.7669699797321665,351,0.03707414123042267,0.15279796971544043,0.0020152423399120273,0.4320386891790887,0.3318496328369614,0.04422432469817478,0.8,0.0,True,False,0.0,0
C1_D1,1835087039,256,351,0.9897034061742507,0.9897056621077654,0.10341410208961586,0.9897034061742507,1.3990424099767234,0.21400000000000002,0.8072093839500906,0.6065875160459941,0.9732300353316485,0.772132375082308,353,0.11016537736209159,0.1778790923264632,0.06379298072966075,0.16086440069063662,0.3291002278072579,0.15819792108389005,0.2,0.2,True,False,0.0,0
C1_D1,1835087039,257,353,0.9929495096259972,0.9930691310471713,0.07183349664009549,0.9929495096259972,1.3665113070470631,0.326,0.8049781901683641,0.6027604126333158,0.9617194151444406,0.7785960999592162,354,0.018778404870267367,0.23496315492301953,0.2338785598374624,0.23461598659015792,0.22906191672978446,0.04870197704930833,0.6,0.2,True,False,0.0,0
C1_D1,1835087039,258,354,0.9906645508271525,0.9908077644582218,0.0703824923629565,0.9906645508271525,1.403425700393802,0.35,0.8073687987007084,0.6009644407293927,0.9655474736299965,0.7709091169355444,356,0.041775609096783926,0.18384378480159722,0.0027644336253537685,0.2352209520296054,0.3306587679912788,0.20573645245538094,1.0,0.0,True,False,0.0,0
C1_D1,1835087039,259,356,0.9869196467858705,0.9893908435129822,0.04769984903763737,0.9869196467858705,1.4217540602761876,0.456,0.8132398044761154,0.5961478108829784,0.9649108125117715,0.7597105426573304,350,0.0028949023756916856,0.25338855841724023,0.07244705818966592,0.34157910709120226,0.2795904312238731,0.05009994270232672,0.4,0.4,True,False,0.0,0
C1_D1,1835087039,260,350,0.9904522575923314,0.9905657014325061,0.0722354798973923,0.9904522575923314,1.4347926118699075,0.326,0.8088303378327906,0.5932249927369243,0.9604480616322038,0.7636390396020561,356,0.023557154976184783,0.18836943170188322,0.0011527842014591064,0.3391895624812348,0.26014165185804733,0.1875894147811908,0.6,0.2,True,False,0.0,0
C1_D1,1835087039,261,356,0.9871109968679618,0.9884029001286738,0.05285468991302498,0.9871109968679618,1.428871611311874,0.42400000000000004,0.8105394876015546,0.592204105845873,0.9644032554689834,0.7575975627749117,359,0.045504534322436084,0.1696883930771315,0.09506986451284002,0.12587220654551728,0.48671444169531736,0.07715055984675778,0.8,0.2,True,False,0.0,0
C1_D1,1835087039,262,359,0.9925653839437879,0.99256861758027,0.10057112208071402,0.9925653839437879,1.4542199550328994,0.22400000000000003,0.80943975253268,0.5915925511273156,0.9588284587037778,0.7622496823466907,365,0.049983132171703054,0.16453211556132208,0.23457285456473254,0.290265458310681,0.2543276439084633,0.006318795483098162,0.8,0.0,True,False,0.0,0
C1_D1,1835087039,263,365,0.988917172296739,0.9889230426915866,0.09579512344013123,0.988917172296739,1.4400463023809864,0.256,0.8142345281510723,0.5924515514976542,0.9629456128334,0.7556167339732095,362,0.06798284908380514,0.46635776854933175,0.005638870748721629,0.13375210704196097,0.3099072801187096,0.01636112445747098,0.4,0.2,True,False,0.0,0
C1_D1,1835087039,264,362,0.9941082933611485,0.9941082981357382,0.15246766347187513,0.9941082933611485,1.4631746707964253,0.0,0.8156635873582261,0.5901927826475792,0.9631324533522732,0.7512713069305806,363,0.029547609060097905,0.2402751260480721,0.05551269250673595,0.22071499229015037,0.28240700901106613,0.17154257108387755,0.0,0.0,True,False,0.0,0
C1_D1,1835087039,265,363,0.9427619110495311,0.9916383879608034,0.023960321394478602,0.9427619110495311,1.399645778781732,0.6240000000000001,0.8131380428521835,0.5867667649907695,0.9668192080170458,0.7463730626038547,362,0.013545268444614861,0.17735756082035967,0.06841720290303901,0.29486794109049885,0.4130944596805692,0.03271756706091844,0.8,0.4,True,False,0.0,0
C1_D1,1835087039,266,362,0.9586032188617188,0.9915251378434355,0.027104896141830696,0.9586032188617188,1.4303409499056559,0.6,0.8134959976000973,0.5899891206801198,0.9701372872153412,0.7475760609016564,356,0.09450867423610956,0.2423862526549751,0.0101323820734624,0.2811883770594458,0.30927658244027684,0.06250773153573035,0.0,0.6,True,False,0.0,0
C1_D1,1835087039,267,356,0.9848788420589941,0.9877218911929505,0.046570610120295515,0.9848788420589941,1.4691807977756892,0.456,0.8087260982867162,0.5893308151907729,0.973123558493807,0.7488411564533121,360,0.04801438180823922,0.178334008030014,0.11750397970779963,0.1967760103616364,0.3929640576905245,0.06640756240178636,0.4,0.4,True,False,0.0,0
C1_D1,1835087039,268,360,0.9884672750756943,0.989544216144266,0.05431254492450494,0.9884672750756943,1.4920420938287493,0.41400000000000003,0.8092424485896862,0.5960997438632535,0.9758112026444263,0.75487402220568,363,0.14044336790024092,0.1899423545018841,0.05223528893251889,0.21794230748111945,0.3227830752997694,0.0766536058844672,0.2,0.4,True,False,0.0,0
C1_D1,1835087039,269,363,0.992822530023509,0.9928229677392606,0.11649166302184745,0.992822530023509,1.48408145399614,0.126,0.8037157164383097,0.5991778066349627,0.9688123321475267,0.7695088156607625,369,0.09853812456089793,0.16099912180977807,0.18965443108628935,0.27372882711894175,0.252911248837715,0.02416824658637796,0.6,0.0,True,False,0.0,0
C1_D1,1835087039,270,369,0.9923876487615841,0.9923876517393329,0.15621214757534987,0.9923876487615841,1.4646393178790913,0.0,0.8040407356010559,0.5956963900177028,0.9719310989327741,0.7622745802926981,363,0.01846842143110374,0.16646247608611112,0.11925493282177853,0.1933594981884547,0.4572582246386846,0.04519644683386741,0.0,0.0,True,False,0.0,0
C1_D1,1835087039,271,363,0.9847859640360733,0.9883461636671039,0.04478510423832961,0.9847859640360733,1.4149346442464628,0.456,0.8086559295009993,0.6000766185786965,0.9747379890394967,0.7612986110260451,347,0.11456310077348539,0.18528796924757138,0.025256221206395847,0.2264900583638038,0.3252266719539376,0.12317597845480609,0.4,0.4,True,False,0.0,0
C1_D1,1835087039,272,347,0.9912299260027433,0.99123541935119,0.0963421354783354,0.9912299260027433,1.425710183002019,0.2,0.8130036541748287,0.6016899511159894,0.977264190135547,0.7573005557437447,341,0.08271454332784617,0.21368119079386377,0.122465216632174,0.22467785553609035,0.31634359105379034,0.04011760265623542,0.0,0.2,True,False,0.0,0
C1_D1,1835087039,273,341,0.9517579688624928,0.9904677851638293,0.025807232685149634,0.9517579688624928,1.368471348460202,0.614,0.8124732253702115,0.6002481932766172,0.9795377711219923,0.7542244664474773,341,0.045534246455340426,0.20953015720376233,0.07635084203838552,0.2017440467730092,0.3406582029227134,0.1261825046067891,0.2,0.6,True,False,0.0,0
C1_D1,1835087039,274,341,0.9258424684592321,0.9910792463416259,0.021657542014086678,0.9258424684592321,1.328344746735938,0.6240000000000001,0.8154274378310563,0.5952586571660704,0.981583994009793,0.7436916949010479,339,0.0002859194160517384,0.3217038757250751,0.06006981049668762,0.21434906418133662,0.380295578677061,0.02329575150378806,0.8,0.4,True,False,0.0,0
C1_D1,1835087039,275,339,0.9881136465906623,0.9900333757775822,0.04971508228864275,0.9881136465906623,1.4170597851460645,0.456,0.8169773319407517,0.5948935107527769,0.9792740578187177,0.7435753346670176,335,0.0549723305626247,0.2492393695936839,0.03441111834508616,0.3621263490796151,0.2792423160495196,0.020008516369470535,0.4,0.4,True,False,0.0,0
C1_D1,1835087039,276,335,0.9902053885381829,0.9912549256329554,0.0545314690067709,0.9902053885381829,1.397183536905602,0.4,0.8143565344405405,0.6058360382047594,0.9813466520368459,0.7580852961118126,340,0.1960900373702672,0.24830407710849434,0.0044632963679284285,0.09821720549215132,0.3336971354128662,0.11922824824829242,0.0,0.4,True,False,0.0,0
C1_D1,1835087039,277,340,0.9921075553592694,0.9923887210231634,0.06502526435112012,0.9921075553592694,1.4159545932981816,0.35,0.8113896856849955,0.6079177522288501,0.9832119868331614,0.7620231730642699,341,0.09216894917910821,0.22241494383058158,0.001374125049366512,0.28175460900854543,0.3567358797981992,0.0455514931341991,1.0,0.0,True,False,0.0,0
C1_D1,1835087039,278,341,0.9821415539124888,0.9913833628295493,0.0372162453163055,0.9821415539124888,1.3948266470632895,0.526,0.8189091076916177,0.6083746793086078,0.9848907881498452,0.7543056376632289,338,0.0731601836400019,0.293802024527429,0.060166974368125306,0.1277837644582691,0.3577264812145922,0.08736057179158263,0.6,0.4,True,False,0.0,0
C1_D1,1835087039,279,338,0.9920191456308131,0.9920192968107442,0.12494756467920157,0.9920191456308131,1.4344453728001783,0.126,0.8171333195915674,0.6121245877045233,0.9864017093348607,0.7594393367754589,347,0.11460802951682399,0.1646978408523051,0.04213233739684156,0.19699838069044265,0.4027000901120341,0.07886332143155256,0.6,0.0,True,False,0.0,0
C1_D1,1835087039,280,347,0.991763710081018,0.9917637920313088,0.12981992878349985,0.991763710081018,1.4357729266674042,0.126,0.8212166825634089,0.6074220497934147,0.9818438130900657,0.7533388798107359,345,0.011296143426470341,0.1848942393312445,0.10585117780487467,0.21771012250768862,0.2704113734434555,0.20983694348626633,0.6,0.0,True,False,0.0,0
C1_D1,1835087039,281,345,0.9907179935047014,0.9930361905593846,0.04823787409624633,0.9907179935047014,1.4757226052392516,0.456,0.819994439552778,0.6138994654208797,0.9836594317810592,0.7610997639827847,351,0.14810647646419678,0.16475339173974024,0.021416248773266925,0.3012513243577204,0.3568576378941105,0.007614920770965149,0.4,0.4,True,False,0.0,0
C1_D1,1835087039,282,351,0.9919473820961414,0.9921135029187214,0.06921187620261345,0.9919473820961414,1.4714877882218287,0.35,0.8215732121483713,0.6132751719697356,0.9852934886029533,0.757606164515568,348,0.06338349774874874,0.18380412254385062,0.0820227957578441,0.19628905404721847,0.30087088940989165,0.1736296404924465,1.0,0.0,True,False,0.0,0
C1_D1,1835087039,283,348,0.9900709342346193,0.9905066190787091,0.061523838804483845,0.9900709342346193,1.537467292026189,0.4,0.8194127568230786,0.6092898358223927,0.986764139742658,0.7535426777524944,359,0.02098028063929913,0.19933355554099294,0.09199221227093955,0.2710192104551878,0.3185849093100895,0.0980898317834911,0.0,0.4,True,False,0.0,0
C1_D1,1835087039,284,359,0.9918573951803098,0.9918574296710043,0.13670951454644661,0.9918573951803098,1.5259718439243903,0.05600000000000001,0.8201324236338868,0.6055084401132864,0.9880877257683922,0.7472066265727495,350,0.02103870102516712,0.1975713621842008,0.00166596252004082,0.3306946638870612,0.44726550729358305,0.0017638030899471593,0.4,0.0,True,False,0.0,0
C1_D1,1835087039,285,350,0.9905604332967757,0.9914704928905183,0.05566826199379908,0.9905604332967757,1.4971781697830089,0.41400000000000003,0.8223858559445372,0.6074825152892896,0.984780703078586,0.7500990581854814,347,0.09061871477084382,0.28241621373731646,0.15344907726022364,0.1784965760157599,0.2775087494351649,0.017510668780691147,0.2,0.4,True,False,0.0,0
C1_D1,1835087039,286,347,0.990134675419381,0.9901455367481033,0.09090722876500659,0.990134675419381,1.5007363939546596,0.256,0.8216147030365872,0.6026930788565986,0.9861739029258176,0.7438313801546471,350,0.007308616647168211,0.2980450569864175,0.06522726442056181,0.22648055023230976,0.2993563507754509,0.10358216093809189,0.4,0.2,True,False,0.0,0
C1_D1,1835087039,287,350,0.9910777892344631,0.9920520396743141,0.05513038434194863,0.9910777892344631,1.509925130958083,0.42400000000000004,0.8235867231216811,0.6034609214974255,0.9804744455593615,0.7473147183992199,350,0.07378120729571024,0.3332782263305187,0.027874361423543933,0.2507140439179048,0.2645896646306278,0.04976249640169449,0.8,0.2,True,False,0.0,0
C1_D1,1835087039,288,350,0.9889835555542406,0.9897766513680407,0.05674968730641737,0.9889835555542406,1.538425293704385,0.42400000000000004,0.8251532446202474,0.603068790348821,0.9824270010034253,0.7439297932545805,352,0.0597614365783345,0.1760981772665216,0.0421134555631773,0.3119955309496678,0.3125110512102403,0.09752034843205835,0.8,0.2,True,False,0.0,0
C1_D1,1835087039,289,352,0.9881726683649202,0.990505790447686,0.04816648045977256,0.9881726683649202,1.5208502253302991,0.456,0.8282490999291184,0.6007406179035042,0.9841843009030827,0.7369696298273726,353,0.035315838401553605,0.2927434004412819,0.12746782164627257,0.16720430417418017,0.339280933233554,0.03798770210315776,0.4,0.4,True,False,0.0,0
C1_D1,1835087039,290,353,0.9911791897566758,0.9911824262339265,0.10055300760797928,0.9911791897566758,1.4826157029737135,0.2,0.8312556491178326,0.597203113741206,0.9675819695676218,0.7425055201950006,347,0.01874408416096356,0.44631266303186934,0.0384129403309793,0.2551387562542052,0.20908049377423663,0.03231106244774602,0.0,0.2,True,False,0.0,0
C1_D1,1835087039,291,347,0.9941015972435348,0.9941055964963815,0.09889192104622764,0.9941015972435348,1.513521208219496,0.21400000000000002,0.8318824299958716,0.5985746359229871,0.9679666793927991,0.743354458471456,348,0.07789597336051621,0.21306963940311796,0.07668938991793327,0.3361712571601384,0.28571453390969764,0.01045920624859649,0.2,0.2,True,False,0.0,0
C1_D1,1835087039,292,348,0.9863050117057642,0.9950549720806289,0.037680995447532076,0.9863050117057642,1.519045308472207,0.526,0.8294108638718038,0.599407484568666,0.9711700114535192,0.744144332518303,349,0.07201975552285281,0.16786036404944973,0.12082918715016136,0.25945454216179825,0.3290843473867482,0.05075180372898964,0.6,0.4,True,False,0.0,0
C1_D1,1835087039,293,349,0.988580670815677,0.9885823356462814,0.10582365521843062,0.988580670815677,1.5610010679513557,0.21400000000000002,0.8202154272010969,0.5950643950441296,0.9740530103081673,0.744823617441147,360,0.007841058798710417,0.19122896116070723,0.10590269614847302,0.3088044359690768,0.35475221556943237,0.03147063235360021,0.2,0.2,True,False,0.0,0
C1_D1,1835087039,294,360,0.9791514100110851,0.9904220994465155,0.0356287042623502,0.9791514100110851,1.497270350343868,0.526,0.8281849921855244,0.5929039717488841,0.9646436570807866,0.7421472634173327,347,0.03240995571201257,0.19623537324463716,0.08103816685108838,0.27888599399951963,0.23997973901718014,0.1714507711755623,0.6,0.4,True,False,0.0,0
C1_D1,1835087039,295,347,0.9891314752560261,0.9900258465720886,0.05579507328504318,0.9891314752560261,1.4847695040842308,0.41400000000000003,0.8248942223178342,0.5981522621018509,0.968179291372708,0.7489584044357369,349,0.12366861175513706,0.25942687347172244,0.030890976697303528,0.10476324168209808,0.3306106211564111,0.15063967523732777,0.2,0.4,True,False,0.0,0
C1_D1,1835087039,296,349,0.9912702180083575,0.9918675077576552,0.05902349805017192,0.9912702180083575,1.4931004302246305,0.4,0.8261216731850619,0.5978777350761089,0.9713613622354371,0.7450536387158596,349,0.05791357599188187,0.2227577260008935,0.09048596196358537,0.22385971790635928,0.39414961881134536,0.010833399325934745,0.0,0.4,True,False,0.0,0
C1_D1,1835087039,297,349,0.9920338134933582,0.9920443911940114,0.09113310783425373,0.9920338134933582,1.5237146950058307,0.256,0.821689534861093,0.5981115634632657,0.9742252260118934,0.747162509854493,357,0.06409643926202811,0.17807633084842014,0.1355709601091005,0.22260996576257958,0.358179191751273,0.0414671122665988,0.4,0.2,True,False,0.0,0
C1_D1,1835087039,298,357,0.9913642797225145,0.9922277838344982,0.05609233450801837,0.9913642797225145,1.5262321326272776,0.41400000000000003,0.8179278315293869,0.6022007277730635,0.9768027034107041,0.7537363096764306,362,0.11243428103701449,0.16838863995863376,0.035415772631219575,0.1901275014291859,0.395871670037734,0.09776213490621237,0.2,0.4,True,False,0.0,0
C1_D1,1835087039,299,362,0.9898121531753107,0.9898121564108793,0.1555304805726591,0.9898121531753107,1.585129872475657,0.0,0.8177830995842186,0.5979947189034704,0.9791224330696336,0.7468307933701438,371,0.011300343988250612,0.3070364126649531,0.002736084920792537,0.2902112182845969,0.3875462087178041,0.001169731423602874,0.0,0.0,True,False,0.0,0
