arm,seed,step,novelty_vector_count,h_n_latest,h_n_shape_latest,V,H_N,L_t,total_suppression,avg_wb,theta_capability,transfer_state,g,population,x_compute,x_bio_welfare,x_novelty_agency,x_institutional_capacity,x_transfer_comprehension,x_resilience,c_protective,c_suppressive,adapter_active,action_modified,adapter_score,shape_fallback_increase
B1_D0,1835087081,0,200,0.9871455203341736,0.9890812787251916,0.04964123508180373,0.9871455203341736,0.10333143805217189,0.326,0.6655816404105255,0.5017120739868882,0.55,1.3705362580653684,209,0.02140092483610259,0.2844630328983607,0.04083450088149358,0.25182557087553414,0.3020923047310516,0.0993836657774575,0.6,0.2,False,False,0.0,2
B1_D0,1835087081,1,209,0.9825184598735843,0.9826557774287797,0.07065138069798571,0.9825184598735843,0.12705026435939004,0.21400000000000002,0.6831085242223012,0.5148940548519947,0.5788061572424792,1.3022519912296548,215,0.16584480705563562,0.2115678945228204,0.03766391995056958,0.36210303434012603,0.2190307862123955,0.003789557918452998,0.2,0.2,False,False,0.0,0
B1_D0,1835087081,2,215,0.9859990804241942,0.9860000585965737,0.1100359456254032,0.9859990804241942,0.1507794144604209,0.0,0.6983751434863319,0.5368450642050937,0.586911291739685,1.3097479453626095,220,0.28369640119623457,0.17719332894508075,0.0598334644628686,0.3072523226640257,0.129928751107269,0.04209573162452145,0.0,0.0,False,False,0.0,0
B1_D0,1835087081,3,220,0.9910889462350649,0.9911738469201796,0.07454740009620166,0.9910889462350649,0.17494019298914334,0.2,0.7116451971726608,0.5417613658167609,0.61690388118244,1.2340336605943305,222,0.08448193527402409,0.16798175965611087,0.100600074045636,0.2765153744575015,0.24341859308361732,0.1270022634831102,0.0,0.2,False,False,0.0,0
B1_D0,1835087081,4,222,0.9879511627126654,0.9879515209098663,0.1180483935205843,0.9879511627126654,0.201877647237325,0.0,0.7243059345823297,0.5476849793688788,0.6467389597309546,1.169175652794809,227,0.10014602303694987,0.22621511986167103,0.07550852029513683,0.29633965652935357,0.2576273333337931,0.04416334694309548,0.0,0.0,False,False,0.0,0
B1_D0,1835087081,5,227,0.989316702495216,0.9893168067776341,0.12788196670731178,0.989316702495216,0.22344633535762676,0.0,0.7219974992433932,0.5523674610775751,0.6820650637578591,1.1216738338955945,227,0.08833413346425173,0.13905089815496982,0.10754007918195994,0.29506125879875045,0.3161696897118486,0.05384394068821938,0.0,0.0,False,False,0.0,0
B1_D0,1835087081,6,227,0.9861381625739313,0.9861382996953048,0.12567717163150388,0.9861381625739313,0.24464121296284985,0.014000000000000002,0.7360823801020921,0.5536053492563298,0.6949929335578565,1.082164958676138,231,0.048203265407918514,0.2011545126233541,0.11136581801231576,0.3314553485933479,0.2056718808789163,0.10214917448414751,0.2,0.0,False,False,0.0,0
B1_D0,1835087081,7,231,0.985734217382326,0.9880858572940867,0.04808408001411147,0.985734217382326,0.26603225968018734,0.4,0.7484624729570997,0.5607066299444834,0.7245968387507208,1.033877838450273,229,0.12226935188712662,0.1757696847062496,0.11637766151911111,0.23886008352306726,0.2955159927432496,0.051207225621195944,0.0,0.4,False,False,0.0,0
B1_D0,1835087081,8,229,0.9797479949505977,0.9828864630186476,0.045744630966723494,0.9797479949505977,0.2787609686662853,0.42400000000000004,0.7562143352035876,0.5682612196282563,0.7346129192182927,1.0229267871089263,226,0.13237401476246285,0.2743737954511119,0.038577800641123476,0.31632919961019973,0.21237882171322015,0.02596636782188196,0.8,0.2,False,False,0.0,0
B1_D0,1835087081,9,226,0.9851617807402455,0.985161931836392,0.12489676208462636,0.9851617807402455,0.3044714553763638,0.05600000000000001,0.7638225142985762,0.5807351854912374,0.7462127924435688,1.018879899233662,236,0.1985878355549235,0.29713412620849966,0.04253496068656599,0.15192772722993803,0.2253058257355266,0.08450952458454622,0.4,0.0,False,False,0.0,0
B1_D0,1835087081,10,236,0.9868373156135289,0.9868865274924493,0.07885389815285944,0.9868373156135289,0.3338881984954946,0.256,0.7708364673111355,0.5977641937210134,0.7611110050248602,1.0188720370187616,243,0.2633220938042242,0.24568382235393368,0.040222505210715756,0.1904206411265706,0.24759745912824138,0.012753478376314293,0.4,0.2,False,False,0.0,0
B1_D0,1835087081,11,243,0.9908347231138853,0.990836577910665,0.10498168564007221,0.9908347231138853,0.35559768998495633,0.126,0.7760747127224676,0.6048444685414244,0.7568818346952705,1.0297032849995338,248,0.14960605633077045,0.17123406268749544,0.10736688683180441,0.2771677826446652,0.1594096508644815,0.13521556064078305,0.6,0.0,False,False,0.0,0
B1_D0,1835087081,12,248,0.9854616059107644,0.9854627790205078,0.10858504248365644,0.9854616059107644,0.3747385437431943,0.126,0.7746644241253287,0.6072194867047584,0.7811936512257435,1.0033983521557586,249,0.09521551988006609,0.1511273271798089,0.08397126068173086,0.2637471117565585,0.3170995090806846,0.08883927142115104,0.6,0.0,False,False,0.0,0
B1_D0,1835087081,13,249,0.9875560377556603,0.9875818356917525,0.0840004435741292,0.9875560377556603,0.3991149872252783,0.21400000000000002,0.7800908875966328,0.6165237501506092,0.7917513080467146,0.9981959812475023,252,0.1833154722636085,0.18245817295859149,0.03299771437107983,0.24662123740700242,0.24338510971772734,0.11122229328199043,0.2,0.2,False,False,0.0,0
B1_D0,1835087081,14,252,0.9844017183758585,0.9844147571599767,0.0894065613441586,0.9844017183758585,0.41904586837727076,0.22400000000000003,0.7822111469375288,0.621891665488616,0.8125761772420431,0.9784229931937634,253,0.13992628556921477,0.18904806237914992,0.041135666885348685,0.24195222564388452,0.33216706746269375,0.05577069205970826,0.8,0.0,False,False,0.0,0
B1_D0,1835087081,15,253,0.9872355063058905,0.9876244454246046,0.06240408207541348,0.9872355063058905,0.4487906992756055,0.35,0.784833416760591,0.6406651674753419,0.8306187835819019,0.982769971396125,259,0.31085106576445926,0.20416557824571818,0.00026984400355562193,0.15598562971849733,0.2965011203203156,0.032226761947453816,1.0,0.0,False,False,0.0,0
B1_D0,1835087081,16,259,0.9826451941356683,0.9827860239481089,0.07045139610437902,0.9826451941356683,0.4731794551367806,0.326,0.787390838964821,0.6423519052337762,0.8358098415743267,0.97605699535752,266,0.10899995165251694,0.3120667255660553,0.04476158715566831,0.27857470237299403,0.24126468175307522,0.014332351499690093,0.6,0.2,False,False,0.0,0
B1_D0,1835087081,17,266,0.9857753466897866,0.9873190968016755,0.05142828277923104,0.9857753466897866,0.49325237749253864,0.42400000000000004,0.781997974463754,0.6410354818535708,0.852228857416894,0.9618784719634967,269,0.07251464851854303,0.1451449311414617,0.010272048027596146,0.3793736497391941,0.3016674233738923,0.09102729919931275,0.8,0.2,False,False,0.0,0
B1_D0,1835087081,18,269,0.9898130298595011,0.9898130902110662,0.13223945036057663,0.9898130298595011,0.5178878530486755,0.05600000000000001,0.7836733048130513,0.6584499988503951,0.8254473338689685,1.0178842137137116,278,0.30582863861878523,0.21094312776995575,0.03861776230587284,0.325914656937779,0.09220681096881918,0.02648900339878805,0.4,0.0,False,False,0.0,0
B1_D0,1835087081,19,278,0.9878319315035777,0.987831942544963,0.14574397882586224,0.9878319315035777,0.5397806146020673,0.0,0.7859094779370461,0.6557086511659371,0.8429026004820717,0.9898308688576326,281,0.06476440322577222,0.18798125625728568,0.04164940696205806,0.3624768598736102,0.3234672348160714,0.01966083886520233,0.0,0.0,False,False,0.0,0
B1_D0,1835087081,20,281,0.9839187318219148,0.9848981010744686,0.05503106068332099,0.9839187318219148,0.561575002213887,0.4,0.7875455416861746,0.6607428167232857,0.8563239544770536,0.9797576882576629,285,0.160244976445568,0.19150749316450316,0.05968154946890704,0.2410347038322508,0.2885580702159454,0.05897320687282555,0.0,0.4,False,False,0.0,0
B1_D0,1835087081,21,285,0.9761284530018891,0.9895378099491757,0.03423855293070016,0.9761284530018891,0.5934962061807773,0.526,0.7807348072001495,0.6584881740555077,0.8706915590293482,0.9686794885582883,301,0.07228122710482825,0.15965432086213446,0.04607335339424624,0.24344672007864238,0.4009368802573971,0.0776074983027515,0.6,0.4,False,False,0.0,0
B1_D0,1835087081,22,301,0.9938488836040128,0.9938489429525333,0.132405249062639,0.9938488836040128,0.6108612993838866,0.05600000000000001,0.780834042930503,0.6614856420632801,0.8638575204176401,0.9806624901890194,302,0.13652345888184658,0.16647270140810197,0.07886833220680506,0.2878302610546643,0.20117558645613348,0.12912965999244874,0.4,0.0,False,False,0.0,0
B1_D0,1835087081,23,302,0.9851935443556782,0.9874446601438868,0.04842666397900903,0.9851935443556782,0.621223344149997,0.41400000000000003,0.7871597291960756,0.6612829825400327,0.8568151591771371,0.9804768351384289,307,0.098395282248958,0.22937290184377074,0.0908493766181452,0.29374494169039805,0.19671695400630526,0.09092054359242283,0.2,0.4,False,False,0.0,0
B1_D0,1835087081,24,307,0.989266140465638,0.9902652366941858,0.0549155781738136,0.989266140465638,0.6599145396492968,0.4,0.7890256359669278,0.6596712004108661,0.8649831828869996,0.9665598397768287,319,0.08065458747293891,0.19575645556785254,0.11614518863292286,0.2849495719257106,0.2692476981378808,0.05324649826269434,0.0,0.4,False,False,0.0,0
B1_D0,1835087081,25,319,0.9891736360754062,0.9895039139462832,0.06372059650380932,0.9891736360754062,0.6772227504018099,0.35,0.7880260136294842,0.6661339415782594,0.8784848645982997,0.9622473531198423,323,0.18057876484920804,0.20895955502350622,0.019524965910083753,0.19654088383450902,0.3346382587056536,0.059757571677039455,1.0,0.0,False,False,0.0,0
B1_D0,1835087081,26,323,0.9814977075560379,0.9815093974186155,0.0902523238361841,0.9814977075560379,0.6958453226971475,0.22400000000000003,0.7768112271204883,0.6676715408397389,0.8906363781384697,0.9650436143197564,331,0.12305370425490511,0.13721667462887158,0.00024756857637593535,0.2814519975536182,0.3097890810145663,0.14824097397166286,0.8,0.0,False,False,0.0,0
B1_D0,1835087081,27,331,0.9922891359502448,0.9923467812380314,0.07763874565684142,0.9922891359502448,0.7254149140136801,0.256,0.7736809400423752,0.6738807766404784,0.8930146967473946,0.975354660361382,336,0.1824101605340809,0.15172668563978559,0.011050543194502216,0.3747861299908321,0.25720978211385953,0.022816698526939624,0.4,0.2,False,False,0.0,0
B1_D0,1835087081,28,336,0.9916239326245915,0.9918646982830014,0.06625582648524193,0.9916239326245915,0.7486762995993257,0.326,0.7764284589061426,0.679275037130033,0.9012780834005982,0.9707008257223618,345,0.1761037415197319,0.22021954759211743,0.06501428280324908,0.18006054302733285,0.28782428163971513,0.07077760341785372,0.6,0.2,False,False,0.0,0
B1_D0,1835087081,29,345,0.9904971504167367,0.9905019901959486,0.0973445373446116,0.9904971504167367,0.7552028122709025,0.2,0.7761377729680512,0.6910785042337422,0.9062298189234155,0.9825399463930117,348,0.2595902370026346,0.155166569020423,0.11532041540601808,0.14902833022411682,0.27539771931438556,0.04549672903242197,0.0,0.2,False,False,0.0,0
B1_D0,1835087081,30,348,0.9923432838910913,0.9923959561479926,0.07835729506218068,0.9923432838910913,0.7621766486049123,0.256,0.780094839679717,0.6961791009714376,0.912747605462939,0.9777388554886419,343,0.18318152436728274,0.15881436808752006,0.04134763626653388,0.23695622004149033,0.2857038421593255,0.09399640907784756,0.4,0.2,False,False,0.0,0
B1_D0,1835087081,31,343,0.9707654783378407,0.9881697019367975,0.03215186943457481,0.9707654783378407,0.7654140211499012,0.526,0.7813676825861913,0.6921916211647516,0.921472844916645,0.9613650991635573,348,0.07276844052357327,0.3065675080496428,0.032642800769627,0.2550095789456781,0.30137217804475913,0.03163949366671979,0.6,0.4,False,False,0.0,0
B1_D0,1835087081,32,348,0.9942833603569959,0.9942833686874831,0.14803837678600126,0.9942833603569959,0.7743850910587721,0.0,0.7849371748638763,0.6881885015314226,0.9154974765634784,0.9576688525639414,343,0.07008076781135708,0.19013807355425508,0.10667738895664956,0.36544471157772523,0.23085958069248913,0.03679947740752391,0.0,0.0,False,False,0.0,0
B1_D0,1835087081,33,343,0.9883504817540163,0.9885007871480915,0.06997921234998092,0.9883504817540163,0.7797466910607717,0.326,0.7875814060329173,0.6944047156588994,0.918171467409987,0.9602701175421156,340,0.19532049005059854,0.20608592511580975,0.0649986199954384,0.2623799070725538,0.27111869251428233,9.636525131714935e-05,0.6,0.2,False,False,0.0,0
B1_D0,1835087081,34,340,0.9874831035231502,0.9910363225510083,0.044822364075710844,0.9874831035231502,0.7952223703970215,0.456,0.7894471646038766,0.6964635965188177,0.9219416493745155,0.956911815237778,341,0.14723895803579198,0.1655553284181338,0.012450630906687436,0.3094206350282054,0.2779366435276362,0.08739780408354522,0.4,0.4,False,False,0.0,0
B1_D0,1835087081,35,341,0.9901060923625827,0.990106496608861,0.11710304120337121,0.9901060923625827,0.8083883167230774,0.126,0.7862524521275817,0.6899192540677963,0.9216174070442978,0.9521066170588696,348,0.040985467186493624,0.19876121532805827,0.014195817856318444,0.39329745332390686,0.25934961303616944,0.09341043326905328,0.6,0.0,False,False,0.0,0
B1_D0,1835087081,36,348,0.989905899157861,0.9914109090126225,0.05166351055649322,0.989905899157861,0.7912081379475505,0.41400000000000003,0.7917392648863276,0.694584795277307,0.9125227668290963,0.9613895121175784,342,0.17701879891125682,0.25386848497697523,0.06205918396714802,0.21224246554734028,0.21533550244614083,0.07947556415113893,0.2,0.4,False,False,0.0,0
B1_D0,1835087081,37,342,0.9922175364647814,0.9922175403545345,0.1540840251779447,0.9922175364647814,0.7959642484275087,0.0,0.7935691983861265,0.6898325124190219,0.9212704901461867,0.9435647244544628,347,0.06221196131975292,0.2447160875256202,0.13493670463652402,0.1750357121112927,0.33799046702797575,0.045109067378834515,0.0,0.0,False,False,0.0,0
B1_D0,1835087081,38,347,0.9910099830554431,0.9920138776825141,0.05489148327317913,0.9910099830554431,0.8062126302349611,0.4,0.7935905076071447,0.6943055579323762,0.9288868339589986,0.941870880421802,347,0.1745583891788185,0.21974254984322938,0.01364611091829738,0.23193853507593948,0.298716964137153,0.061397450846562125,0.0,0.4,False,False,0.0,0
B1_D0,1835087081,39,347,0.9913152684934708,0.991315271854085,0.15524072110259968,0.9913152684934708,0.7979101989436127,0.0,0.7995322832727298,0.6964515503766046,0.9090074378225386,0.9582690651432306,344,0.14826587926058948,0.18238273905617822,0.12089450281448845,0.2769416856991888,0.16504643629719878,0.10646875687235638,0.0,0.0,False,False,0.0,0
B1_D0,1835087081,40,344,0.9887044997445806,0.9897391963403466,0.054632647080929825,0.9887044997445806,0.795657332837068,0.41400000000000003,0.8042102459844847,0.7116289728577744,0.8888359503845994,0.9955484659056983,341,0.3203568366415647,0.16565987216472533,0.02400849009398465,0.2536494898749465,0.15364628172157327,0.0826790295032055,0.2,0.4,False,False,0.0,0
B1_D0,1835087081,41,341,0.9903577454303283,0.9903577620420031,0.14251297192762447,0.9903577454303283,0.807239150671885,0.05600000000000001,0.8002370150718244,0.71222444384492,0.8965386391735737,0.9927256134336211,348,0.13971149537542873,0.1704950813276544,0.2009234891855488,0.1894194793908406,0.2829314191371713,0.016519035583356257,0.4,0.0,False,False,0.0,0
B1_D0,1835087081,42,348,0.9881190371081828,0.9882654450569195,0.07018644639031879,0.9881190371081828,0.8024548499927211,0.326,0.803690291288255,0.7107550198198987,0.9068847752562164,0.9751672389494997,344,0.1142724770903093,0.179923011639223,0.047752014484111066,0.21064629410404925,0.32348715565344166,0.12391904702886587,0.6,0.2,False,False,0.0,0
B1_D0,1835087081,43,344,0.9904257480864547,0.990590863735299,0.0692479617549431,0.9904257480864547,0.8158030476434861,0.326,0.7852778117100905,0.7068327320123691,0.9161962977305947,0.9824371885739324,352,0.08269328979331603,0.13358212650872853,0.07438256543674754,0.3284780130578008,0.32726087732168807,0.05360312788171897,0.6,0.2,False,False,0.0,0
B1_D0,1835087081,44,352,0.9772171469855463,0.9930729761121243,0.03293295511210265,0.9772171469855463,0.817241157020289,0.526,0.7863526427897551,0.7042070525287872,0.9217832879424237,0.9715254669366177,353,0.09644946396295752,0.15972224335457738,9.136527272364467e-05,0.4473064120719885,0.2860330999244422,0.010397415413310676,0.6,0.4,False,False,0.0,0
B1_D0,1835087081,45,353,0.9908741448069706,0.992038761261023,0.05370957402702139,0.9908741448069706,0.8200263311323444,0.4,0.7898395987000361,0.700046956973156,0.9169300439789709,0.9666117404755015,349,0.07562821338510184,0.3062571003925335,0.03353668052920594,0.31476932397112994,0.23662542415394777,0.03318325756808106,0.0,0.4,False,False,0.0,0
B1_D0,1835087081,46,349,0.9910922447862212,0.991094685153445,0.10279972615159008,0.9910922447862212,0.8073160918714586,0.2,0.7910804415494709,0.7033860670419249,0.9050639121584886,0.9824124681199806,344,0.16676822396783328,0.2040552230692261,0.06791156796723913,0.265914444494713,0.19913436288707392,0.09621617761391463,0.0,0.2,False,False,0.0,0
B1_D0,1835087081,47,344,0.9893974522917414,0.9893974557879484,0.1549104459798085,0.9893974522917414,0.7975987726811886,0.0,0.7951141773184436,0.7133228388451722,0.8950932223133153,1.002278382429475,339,0.25132593944179454,0.20303249804023246,0.057663634476314535,0.22944824880511053,0.2026785068533783,0.055851172383169764,0.0,0.0,False,False,0.0,0
B1_D0,1835087081,48,339,0.991909190500525,0.9919092326740039,0.13510914331583196,0.991909190500525,0.8088385732601732,0.05600000000000001,0.7966559967485916,0.7028898481811627,0.9055839000819839,0.9742888859977339,341,0.002914390978114148,0.25957232012281056,3.7220083993842195e-05,0.28282063883362185,0.45436558660177984,0.0002898433796796928,0.4,0.0,False,False,0.0,0
B1_D0,1835087081,49,341,0.992589240245194,0.9927574916325793,0.06911559952031485,0.992589240245194,0.7996536934148232,0.326,0.7960260247439718,0.7123509268335586,0.902465312709617,0.991599294029688,339,0.24506963826817502,0.20607821376979438,0.03437569101530455,0.18156702793147655,0.23719901317915798,0.09571041583609152,0.6,0.2,False,False,0.0,0
B1_D0,1835087081,50,339,0.991643533015783,0.9919055835615416,0.0655818302256062,0.991643533015783,0.7936351257881503,0.35,0.7945107970021397,0.717177644717591,0.8950416054469328,1.0085181453986642,338,0.19305330282137953,0.1824302631026731,0.026847038524284206,0.23936044648722532,0.21411412004138716,0.1441948290230506,1.0,0.0,True,False,0.0,0
B1_D0,1835087081,51,338,0.988947263079326,0.9889472649341147,0.1599527778085011,0.988947263079326,0.7895136841433061,0.0,0.789569677831125,0.709503349341611,0.9055374449022395,0.9923333216860035,340,0.03980733574874324,0.17877711925061582,0.21146626426255477,0.22741980280283078,0.31843144549886343,0.024098032436391914,0.0,0.0,True,False,0.0,0
B1_D0,1835087081,52,340,0.9881677941956135,0.9881724654578036,0.09760789768438295,0.9881677941956135,0.799991483159735,0.21400000000000002,0.7919290581407175,0.7001683366689838,0.9149837004120156,0.96627964408047,342,0.014251934930667906,0.18591874439944478,0.06655456150043677,0.27671606538166943,0.31524192624426856,0.1413167675435127,0.2,0.2,True,False,0.0,0
B1_D0,1835087081,53,342,0.9926140732093738,0.9926140821007242,0.1475063468651998,0.9926140732093738,0.8002222210911676,0.0,0.7921946193601352,0.6975306353018507,0.9051380097385426,0.9727843953413887,343,0.09213394332894995,0.2448803103713095,0.09028461271259204,0.33829461688027573,0.20826339683864326,0.026143119868229644,0.0,0.0,True,False,0.0,0
B1_D0,1835087081,54,343,0.9911058570977747,0.9911340917436379,0.08331058496220316,0.9911058570977747,0.7980405148427782,0.256,0.7936070526438321,0.6927919997820826,0.9146242087646884,0.9544532319620235,341,0.06422370306655617,0.19741663281193825,0.031064262382177174,0.24217210957635998,0.33307115458649966,0.13205213757646864,0.4,0.2,True,False,0.0,0
B1_D0,1835087081,55,341,0.9900235692868498,0.9916380568526305,0.05110639228090176,0.9900235692868498,0.7904432877514646,0.42400000000000004,0.794843076877554,0.7081523997929785,0.9104433450373145,0.9785711540065821,340,0.32543220717948307,0.21690201873424858,0.00396310394084638,0.14199692527009855,0.2364077857454745,0.07529795912984892,0.8,0.2,True,False,0.0,0
B1_D0,1835087081,56,340,0.9785591160147095,0.9906941970203803,0.035042680973445275,0.9785591160147095,0.7819441377770416,0.526,0.7957759021847992,0.7071102145826527,0.9154485165683339,0.9706494258921008,342,0.11706793474153876,0.34301149341825327,0.03329906207401608,0.19243718237372162,0.28024753017375453,0.033936797218715696,0.6,0.4,True,False,0.0,0
B1_D0,1835087081,57,342,0.9916552422848911,0.9916588888920538,0.09960710286396035,0.9916552422848911,0.7948414380119758,0.2,0.7931851488254689,0.7008048707176917,0.913573634726362,0.9671169165503124,346,0.05062708580214531,0.18774059057538714,0.14929300293632325,0.25411622154982183,0.24834984907430716,0.1098732500620154,0.0,0.2,True,False,0.0,0
B1_D0,1835087081,58,346,0.9902095506200979,0.9924790874452872,0.048402272057943604,0.9902095506200979,0.7886353011836419,0.456,0.7958722992085413,0.70942235900103,0.9209266672849136,0.9679132475777565,344,0.23322164774028634,0.3307958401292606,0.00029838507726354346,0.13371935341714256,0.29355198015593864,0.008412793480108342,0.4,0.4,True,False,0.0,0
B1_D0,1835087081,59,344,0.9902946043971705,0.990294738011504,0.1259168887785894,0.9902946043971705,0.7845631485749727,0.126,0.7976783269115998,0.7239512410509785,0.901727112984208,1.0064828901658236,338,0.38991192399482044,0.17068908187427353,0.0033636000468369974,0.26717352534377053,0.16446556213892938,0.004396306601369157,0.6,0.0,True,False,0.0,0
B1_D0,1835087081,60,338,0.9902222406925533,0.9907343500496184,0.06023916902509719,0.9902222406925533,0.7698915890871085,0.4,0.8052783359594405,0.7179178950070177,0.9115544016857873,0.9780164749763479,326,0.06455270010735199,0.19967086092231637,0.03438074895101809,0.24950827562259323,0.39957673678480926,0.05231067761191111,0.0,0.4,True,False,0.0,0
B1_D0,1835087081,61,326,0.9904800743025897,0.990480088137899,0.14396970772391138,0.9904800743025897,0.7648159279494318,0.05600000000000001,0.8012054287428414,0.7072370334822528,0.908497394573484,0.9716221892708716,328,0.002687915319823054,0.21127158304608054,0.023488801752616625,0.46723579626773304,0.2404921652813771,0.05482373833236966,0.4,0.0,True,False,0.0,0
B1_D0,1835087081,62,328,0.9787643942183522,0.9932262678354163,0.033666681146223475,0.9787643942183522,0.7535953992251301,0.526,0.809900803028192,0.704868753061865,0.9018498110296865,0.96503310188894,324,0.09991964067156187,0.23859938208464193,0.000769089644567139,0.4165995086786941,0.22101077956775456,0.023101599352780316,0.6,0.4,True,False,0.0,0
B1_D0,1835087081,63,324,0.9883758780442877,0.9890573301332901,0.0579515876006023,0.9883758780442877,0.7693634234070849,0.41400000000000003,0.8063826343993015,0.7075871677914828,0.9069874203999522,0.967470024824277,326,0.1620231547838874,0.17015527346469717,0.07623060047972167,0.2361388394291323,0.2766129523661712,0.07883917947639023,0.2,0.4,True,False,0.0,0
B1_D0,1835087081,64,326,0.9874434517062709,0.9874649984107217,0.0854328853316364,0.9874434517062709,0.7647134077007054,0.256,0.8078622296361071,0.7070323727858613,0.8994487731663618,0.9730285015737407,324,0.12280704229940836,0.28015052983887934,0.08174468870597408,0.29070186239853724,0.21580047403202465,0.00879540272517637,0.4,0.2,True,False,0.0,0
B1_D0,1835087081,65,324,0.9901386460941577,0.9901386507215183,0.15268513457736266,0.9901386460941577,0.7779617935900821,0.014000000000000002,0.8104660376260483,0.7116728213212447,0.8969786460367999,0.9789566386165827,324,0.18740083968345572,0.17037972751157565,0.025437910043733383,0.37333512904332133,0.23737375093537108,0.006072642782542719,0.2,0.0,True,False,0.0,0
B1_D0,1835087081,66,324,0.9874240311397441,0.9883359866497043,0.0556264906964123,0.9874240311397441,0.7478833389935674,0.41400000000000003,0.8131650857883473,0.7057111548022601,0.901161784250211,0.9630425867545969,316,0.05777468183847142,0.26601989442527696,0.14242832344563414,0.19663258331002859,0.2694050140854556,0.06773950289513335,0.2,0.4,True,False,0.0,0
B1_D0,1835087081,67,316,0.9908085712305248,0.9910249373237705,0.06709963608135631,0.9908085712305248,0.7565772958365309,0.35,0.808819105037685,0.7058248885362046,0.9110456058251899,0.9578675247654926,316,0.12999114342571932,0.15826784508079433,0.05902624090127781,0.24976287581731038,0.3011230267434513,0.10182886803144674,1.0,0.0,True,False,0.0,0
B1_D0,1835087081,68,316,0.9838666080188457,0.9921524222692828,0.0380916000637442,0.9838666080188457,0.7490082248425983,0.526,0.8104395450323695,0.7091209364923982,0.919941045242671,0.9511295781367046,314,0.16984115478754647,0.17892437905907743,0.0607760240490717,0.1857862998486514,0.3013432091949117,0.1033289330607413,0.6,0.4,True,False,0.0,0
B1_D0,1835087081,69,314,0.991171346975934,0.9911868868264561,0.08806430464620406,0.991171346975934,0.7581642074986913,0.256,0.8079241300939312,0.711521030031373,0.9014491087351584,0.9769581221168383,319,0.16070175454493418,0.23229194053052465,0.1482477339799728,0.27420486215157475,0.16751084008377246,0.017042868709221295,0.4,0.2,True,False,0.0,0
B1_D0,1835087081,70,319,0.9915031397899299,0.9915034246211816,0.11990130429724219,0.9915031397899299,0.7524278760158474,0.126,0.8019303165143513,0.702268001702257,0.9113041978616425,0.9609546169560466,317,0.016537789655657522,0.1824976522790703,0.0016588252052955944,0.28856706027222917,0.3005222606662844,0.2102164119214631,0.6,0.0,True,False,0.0,0
B1_D0,1835087081,71,317,0.9801476184887706,0.9890993764197047,0.037451713975348924,0.9801476184887706,0.7322550714592018,0.526,0.8040688665213872,0.7091839259452882,0.8966802045185807,0.9836215945215518,311,0.2128665541018015,0.16765426185337168,0.046011947869011444,0.37528809159979876,0.1825321322155119,0.015647012360504767,0.6,0.4,True,False,0.0,0
B1_D0,1835087081,72,311,0.9898261705914111,0.9898902953300037,0.07677109571963399,0.9898261705914111,0.7238757170668036,0.326,0.8029112128289562,0.7234902200246918,0.8794221079042042,1.0246316402966065,308,0.30956862970835,0.1901256376086781,0.10557024046806197,0.19965852994164535,0.16204961918740782,0.033027343085856864,0.6,0.2,True,False,0.0,0
B1_D0,1835087081,73,308,0.9885620130532373,0.9887631873193607,0.06766094458581073,0.9885620130532373,0.7318018129541725,0.35,0.8010560710871443,0.7140342182419732,0.8914798971137837,0.9998723395145591,310,0.021481365231450354,0.2199713643181848,0.034808343195717246,0.27522665836306615,0.4080661785457292,0.04044609034585239,1.0,0.0,True,False,0.0,0
B1_D0,1835087081,74,310,0.9805825262637158,0.9886755205413109,0.038251084823180355,0.9805825262637158,0.7218349488699172,0.526,0.7993605736622011,0.7190761238027632,0.8733987729010284,1.0299581232944606,311,0.19679520591110775,0.167175556953925,0.14061013120955074,0.3172344407672737,0.1553343274931152,0.022850337665027597,0.6,0.4,True,False,0.0,0
B1_D0,1835087081,75,311,0.9907873346982001,0.9916262006585895,0.05631793296467685,0.9907873346982001,0.7386332310129239,0.41400000000000003,0.7976344953970769,0.733122317612625,0.8614519925816968,1.0669435267702378,312,0.3618446333601774,0.16948985050347132,0.003545338908843972,0.28282210535689956,0.17696548485385644,0.005332587016751266,0.2,0.4,True,False,0.0,0
B1_D0,1835087081,76,312,0.9926083986863189,0.9926084039130664,0.151735407588819,0.9926083986863189,0.7449549799927523,0.014000000000000002,0.7967540570506305,0.7221357673740004,0.871070142486408,1.0404984672639164,314,0.008369570525083605,0.21312597314298587,0.09299558405539529,0.30149979996689574,0.27881674581440463,0.10519232649523487,0.2,0.0,True,False,0.0,0
B1_D0,1835087081,77,314,0.9891705679670204,0.9893387553597117,0.0690911684882315,0.9891705679670204,0.7788161711156616,0.35,0.7971144118905392,0.7264054499564451,0.8839631282377672,1.0309183795744572,321,0.19220588688930781,0.16825158544330407,0.0006536534186298146,0.31691997398751776,0.3218294237181193,0.00013947654312124663,1.0,0.0,True,False,0.0,0
B1_D0,1835087081,78,321,0.9721762276336511,0.9899767302111684,0.03198720105647106,0.9721762276336511,0.7568749468193421,0.55,0.7936702877633046,0.7301112893850172,0.8778449571401624,1.0479272240397022,318,0.1878263990799297,0.1854508400065118,0.11226763392701318,0.28820573141811107,0.21139070863085974,0.01485868693757457,1.0,0.2,True,False,0.0,0
B1_D0,1835087081,79,318,0.992725805872312,0.9927258084871151,0.157249499646793,0.992725805872312,0.7801906380237665,0.014000000000000002,0.7910590762349614,0.7217187239532843,0.8900604614261461,1.0250370085770104,322,0.0389124879689735,0.1815446790605795,0.045816280644358325,0.2468007826653666,0.39065455322746406,0.09627121643325799,0.2,0.0,True,False,0.0,0
B1_D0,1835087081,80,322,0.9787836548097022,0.9914969080979641,0.034678630305597265,0.9787836548097022,0.7739999107389448,0.526,0.7919438062964925,0.7113939419519539,0.9010544152835316,0.9969302563599055,323,0.009514427454173153,0.1851390768866563,0.05829050654819121,0.432796665571608,0.3101612776529098,0.004098045886461367,0.6,0.4,True,False,0.0,0
B1_D0,1835087081,81,323,0.9920412528236251,0.9934138735067958,0.05241252101726564,0.9920412528236251,0.7794134407133205,0.41400000000000003,0.7940567665389905,0.7179814135750832,0.9028869389404387,1.0014477156344253,319,0.21446460900908676,0.19542232274014162,0.0431443312810228,0.2219564813764934,0.2596898259263012,0.0653224296669543,0.2,0.4,True,False,0.0,0
B1_D0,1835087081,82,319,0.9884977558757638,0.9901820992150163,0.05075752223466622,0.9884977558757638,0.7930812111780063,0.42400000000000004,0.792675265107389,0.7100418217248609,0.9125982450463949,0.9815422396738768,325,0.03699348535664761,0.22445014840298075,0.027046701950170508,0.2963419991646691,0.40517246939892937,0.00999519572660258,0.8,0.2,True,False,0.0,0
B1_D0,1835087081,83,325,0.9912377328872356,0.9914694998829269,0.06655586584104202,0.9912377328872356,0.7917999169877183,0.326,0.7964848412989066,0.7065135150039143,0.9107296388503427,0.9739877365178867,323,0.08717230456620671,0.16899444423129492,0.1560627516863776,0.2908217135803727,0.24695609154293655,0.04999269439281159,0.6,0.2,True,False,0.0,0
B1_D0,1835087081,84,323,0.9910112151462687,0.9910157719785068,0.09782819133143947,0.9910112151462687,0.8026963182550078,0.2,0.7934960591212825,0.7209659037991657,0.8955020827743614,1.0146198437616143,331,0.30972580681808826,0.2343412570778463,0.04151430950325196,0.21235801177322325,0.1792270390452645,0.02283357578232572,0.0,0.2,True,False,0.0,0
B1_D0,1835087081,85,331,0.9900470862604687,0.9907690282655054,0.05750590520181687,0.9900470862604687,0.7888906399107619,0.4,0.7943536203318138,0.7349176086092074,0.8804160530868781,1.050840545744097,329,0.3362646137404092,0.2187111732287482,0.06094717276587853,0.19388356920168384,0.1723208929497643,0.017872578113515808,0.0,0.4,True,False,0.0,0
B1_D0,1835087081,86,329,0.9908511614343198,0.9908571173151947,0.09569559552987947,0.9908511614343198,0.7875084804297464,0.22400000000000003,0.7940046791885165,0.7302351432297751,0.8923744477781903,1.0306057043293348,324,0.08829268813785082,0.18262908344349227,0.032553747775353595,0.3148061023848891,0.37081143753830187,0.010906940720112413,0.8,0.0,True,False,0.0,0
B1_D0,1835087081,87,324,0.9736726135767549,0.991794685797375,0.03185928833865413,0.9736726135767549,0.7832178928447162,0.55,0.7882590382632808,0.7226668280522777,0.9031370030003713,1.0151156530175158,328,0.04929302479989119,0.16598505225116467,0.07400156981396688,0.31988621572218345,0.310251126691388,0.08058301072140586,1.0,0.2,True,False,0.0,0
B1_D0,1835087081,88,328,0.9426301928367566,0.9876083627921657,0.02458953896275793,0.9426301928367566,0.7526061818829698,0.6,0.7862791683783933,0.7236732413752006,0.9032755869774529,1.0189326345598055,327,0.15174693406921091,0.2888724333349588,0.053701949758102656,0.2366338931015836,0.25226142138559404,0.016783368350550037,0.0,0.6,True,False,0.0,0
B1_D0,1835087081,89,327,0.9877820131991085,0.9910502957816765,0.045487853548699816,0.9877820131991085,0.7742819110400329,0.456,0.7876677557578995,0.7207714269507779,0.9006959538641941,1.0159592356706224,321,0.10352309555421596,0.17865821858195946,0.13359297247473312,0.28333880195009786,0.23873962792243253,0.06214728351656096,0.4,0.4,True,False,0.0,0
B1_D0,1835087081,90,321,0.985470129270346,0.9865450092042156,0.0543036313345003,0.985470129270346,0.7785736729791994,0.41400000000000003,0.7937970567633384,0.7285321578833104,0.9003674242131939,1.0193409434019245,317,0.23499127850089202,0.23353049095510423,0.018382172044018968,0.26237008822829727,0.24870532867709622,0.002020641594591151,0.2,0.4,True,False,0.0,0
B1_D0,1835087081,91,317,0.9919461794005545,0.9919461845417589,0.15186145098015436,0.9919461794005545,0.7566578517006067,0.0,0.7963009587514033,0.7421055499891449,0.8955436991621962,1.0406427389644517,307,0.3151979153855882,0.21561654480131437,0.038895546489025365,0.17020416807193148,0.22606508685160828,0.0340207384005323,0.0,0.0,True,False,0.0,0
B1_D0,1835087081,92,307,0.9914596183505916,0.9914667172144532,0.09430305521943752,0.9914596183505916,0.7426984605594742,0.22400000000000003,0.8023415610019731,0.741283632736156,0.8921937619787443,1.035537759918856,300,0.14104200308085457,0.20189109166069763,0.13670516089153362,0.2545514517830687,0.2310221636638389,0.03478812892000655,0.8,0.0,True,False,0.0,0
B1_D0,1835087081,93,300,0.9888373183260454,0.9894145151953825,0.05927617285221203,0.9888373183260454,0.7373279262190634,0.4,0.799233346752942,0.7542194510993483,0.8729374621933071,1.0810381013848513,301,0.36129497029752594,0.16023990467414634,0.07940007015623801,0.2479475144193634,0.1498153820621863,0.0013021583905399566,0.0,0.4,True,False,0.0,0
B1_D0,1835087081,94,301,0.9867357611268945,0.9867357707221678,0.14685257536798846,0.9867357611268945,0.7466057273020094,0.0,0.8014878059407023,0.7510006794726672,0.8816257731608286,1.062818567504633,301,0.11865251160358005,0.19161021393435113,0.05296267623480266,0.2988448685321881,0.279910285934261,0.05801944376081711,0.0,0.0,True,False,0.0,0
B1_D0,1835087081,95,301,0.9889089378377046,0.9890062178022707,0.07344651999889643,0.9889089378377046,0.7453776844057061,0.326,0.7967953802139729,0.7415485681518665,0.8934631958447458,1.0416363469812737,301,0.03872403316040751,0.17663814219695698,0.07325748507038782,0.25465250063715955,0.3125341410192094,0.14419369791587877,0.6,0.2,True,False,0.0,0
B1_D0,1835087081,96,301,0.9900310762241485,0.9912388965822724,0.05341320309565972,0.9900310762241485,0.7451689430418428,0.41400000000000003,0.8004668837162983,0.7457212989841708,0.8929926839774284,1.0432425144441482,298,0.20312699049872013,0.19464590859386618,0.01568501368494688,0.24474970229924545,0.24437903858578575,0.0974133463374355,0.2,0.4,True,False,0.0,0
B1_D0,1835087081,97,298,0.9897861087207055,0.9900883426151822,0.06443161892985344,0.9897861087207055,0.7109924280360216,0.35,0.8037912592935105,0.7465534173560847,0.8878080188479065,1.04616104669053,283,0.16397729151403087,0.21492700375868928,0.04073371420926286,0.34272766827309525,0.220573016341105,0.017061305903816736,1.0,0.0,True,False,0.0,0
B1_D0,1835087081,98,283,0.9911191331372349,0.9911272696189212,0.09321439128878374,0.9911191331372349,0.7183616179252054,0.256,0.7989133350449952,0.7582283987643673,0.872196335587569,1.088143365709939,287,0.3000331534510854,0.16299961840469865,0.04286615527404326,0.2653742762088458,0.16584559312226616,0.06288120353906072,0.4,0.2,True,False,0.0,0
B1_D0,1835087081,99,287,0.9860357477832751,0.9875472171360758,0.05159833671400528,0.9860357477832751,0.711290263316143,0.4,0.8014140086212818,0.7494101939037336,0.8838425729187024,1.058005072578729,283,0.051165188469808345,0.1968240148194844,0.06797637842500491,0.288866133760785,0.29432935444945124,0.10083893007546624,0.0,0.4,True,False,0.0,0
B1_D0,1835087081,100,283,0.9859518415485848,0.9859518440587113,0.15752021169883523,0.9859518415485848,0.7106908287053657,0.0,0.7963982007733166,0.7392061247848439,0.8954583156268321,1.0365491803802969,286,0.028330507203711452,0.20051917825251875,0.13915592673269833,0.23567941059081735,0.30334159085204876,0.09297338636820546,0.0,0.0,True,False,0.0,0
B1_D0,1835087081,101,286,0.9860426387647905,0.9861706089357691,0.0712409791124936,0.9860426387647905,0.6845689469697395,0.326,0.7967369659934187,0.7438621854088107,0.9028479659246127,1.0341008385269674,277,0.20770458579011203,0.17206416773944802,0.08099525039008248,0.16467226280426206,0.2846774093023189,0.08988632397377654,0.6,0.2,True,False,0.0,0
B1_D0,1835087081,102,277,0.9895132818944916,0.9895133290689142,0.13419788460543602,0.9895132818944916,0.6745071862038433,0.05600000000000001,0.7984933064513229,0.7494059231306777,0.9029020326181993,1.039453846535356,276,0.22171058740384453,0.3557795241121669,0.01333425100280838,0.14139771072440369,0.2516943164302397,0.016083610326536928,0.4,0.0,True,False,0.0,0
B1_D0,1835087081,103,276,0.9889413391928558,0.9889530358165758,0.0903078616484559,0.9889413391928558,0.683570781125812,0.21400000000000002,0.7974774816422291,0.7576032183722929,0.903566089169547,1.0513890719931043,277,0.2583448924768639,0.2054963031420436,0.0413179443060146,0.2336100577676139,0.2547712990658379,0.006459503241626175,0.2,0.2,True,False,0.0,0
B1_D0,1835087081,104,277,0.9911353279846263,0.9911355108822764,0.12342442602036822,0.9911353279846263,0.6566420319276374,0.126,0.797998836402242,0.7501536471565305,0.8818699565475638,1.0659661643925546,272,0.06788237128565366,0.2532842107403115,0.1124148818596744,0.37650363269467213,0.14330238147485766,0.046612521944830704,0.6,0.0,True,False,0.0,0
B1_D0,1835087081,105,272,0.9809872767359751,0.9834071191352866,0.0478187237983448,0.9809872767359751,0.6431362304082505,0.456,0.7978645393018645,0.7400999647942503,0.8838275553027598,1.0495271615419348,270,0.030674999944328468,0.18542514197715904,0.11738488528842154,0.39552514618858864,0.2507229720497615,0.02026685455174063,0.4,0.4,True,False,0.0,0
B1_D0,1835087081,106,270,0.9892228024427077,0.9892228272818904,0.13930137423413255,0.9892228024427077,0.6413878695841051,0.05600000000000001,0.8000583436270555,0.7354572691013488,0.8954447997724838,1.02658985322689,268,0.0920287818351371,0.1889340028978174,0.08021360011635147,0.1858467173601322,0.3098159511426006,0.14316094664796125,0.4,0.0,True,False,0.0,0
B1_D0,1835087081,107,268,0.9887522418858049,0.9887522469112949,0.15201698555432747,0.9887522418858049,0.6497419556558992,0.014000000000000002,0.8029176497013634,0.7276937079174786,0.9059003197952354,1.0004541777932803,268,0.05011627838996446,0.2734681847512723,0.010333236198307756,0.3096502191397311,0.3050773955682029,0.05135468595252137,0.2,0.0,True,False,0.0,0
B1_D0,1835087081,108,268,0.9892734842261456,0.9893886004406446,0.07210952537688975,0.9892734842261456,0.656339911169804,0.326,0.7967380800571401,0.7228017401100527,0.9004864032504537,1.0074568521630982,274,0.08115896985560138,0.18740208471069814,0.05096281369857016,0.36151648107457385,0.22588057717370902,0.09307907348684731,0.6,0.2,True,False,0.0,0
B1_D0,1835087081,109,274,0.9865787633894524,0.9865787707616086,0.14894926910071096,0.9865787633894524,0.6571543264730871,0.014000000000000002,0.7980025914315404,0.7185841081195319,0.9023997522632209,0.9978708571411891,276,0.08653068768727232,0.23443450439249863,0.08929899766847148,0.2377355918154259,0.25980994668906254,0.09219027174726924,0.2,0.0,True,False,0.0,0
B1_D0,1835087081,110,276,0.9900526878352837,0.9911053446040569,0.05450664207700853,0.9900526878352837,0.6597135483069663,0.41400000000000003,0.7981476471200023,0.7245979897997058,0.9121597770368988,0.9952747120479872,276,0.2117885885768811,0.1853116672495661,0.04171164467178963,0.16278094304306737,0.30885728734330165,0.08954986911539432,0.2,0.4,True,False,0.0,0
B1_D0,1835087081,111,276,0.9754342209238059,0.9893815905651268,0.03392416121325658,0.9754342209238059,0.6456381261387996,0.526,0.8028527444991868,0.7256960838466816,0.9209437993332089,0.9814897194905935,274,0.15409991921201374,0.17856965701015828,0.015118129682523936,0.16657854079134285,0.31699183244684154,0.16864192085711974,0.6,0.4,True,False,0.0,0
B1_D0,1835087081,112,274,0.9897188248524065,0.9898792695916688,0.06947066825080675,0.9897188248524065,0.6605730964474862,0.35,0.8055269206823791,0.7184935930179366,0.9179177316596326,0.9717153905058701,276,0.05102891704486341,0.17375879258225033,0.0009772709821707244,0.3152308654599951,0.24534156129872325,0.21366259263199713,1.0,0.0,True,False,0.0,0
B1_D0,1835087081,113,276,0.9913598902938742,0.991366067018291,0.09540986486952129,0.9913598902938742,0.6674799030158498,0.22400000000000003,0.8043272141610331,0.7271701830424087,0.9106315343557133,0.9927973610440702,277,0.24501587094211152,0.18531092041138905,0.016370378212445684,0.24269906600419694,0.22252787931021983,0.08807588511963703,0.8,0.0,True,False,0.0,0
B1_D0,1835087081,114,277,0.9878918572955884,0.9878918582965208,0.164854361165216,0.9878918572955884,0.6779517555941804,0.0,0.8048590790573105,0.7360595750665038,0.9149405471370915,0.9995401522007871,275,0.25309876470269366,0.16454765466753793,0.0006327788708336299,0.26967147997053187,0.2768608310847474,0.03518849070365555,0.0,0.0,True,False,0.0,0
B1_D0,1835087081,115,275,0.9880363953665525,0.9880364242618944,0.1380877963723734,0.9880363953665525,0.6713465391396156,0.05600000000000001,0.800440132240764,0.7314383739306888,0.9068443527929919,1.0076649054182172,278,0.08977222021887805,0.33561281784653835,0.06864339670807065,0.23632477990948966,0.21698930184804796,0.052657483468975405,0.4,0.0,True,False,0.0,0
B1_D0,1835087081,116,278,0.9903602788409225,0.9903602802896522,0.16193094749750514,0.9903602788409225,0.6813335773717789,0.0,0.7992323371794197,0.7248086366627828,0.9102271435857758,0.9963238580289636,281,0.061777267857856526,0.16563381857352819,0.15556096995776672,0.2875289730741439,0.2703361303604154,0.05916284017628935,0.0,0.0,True,False,0.0,0
B1_D0,1835087081,117,281,0.9773572255682399,0.99047236646196,0.03442266451692972,0.9773572255682399,0.6725795809388951,0.526,0.8012612025970244,0.7239253051923972,0.9153849503323018,0.986997097124414,277,0.12946375453441883,0.19321082771401013,0.06456339071418339,0.30231488987476673,0.2809026055255178,0.029544531637103164,0.6,0.4,True,False,0.0,0
B1_D0,1835087081,118,277,0.9902310534129968,0.9902405993068515,0.09193561920478321,0.9902310534129968,0.6769922701926098,0.22400000000000003,0.8031584512093377,0.7137537267485381,0.9223768157660001,0.9634712880792718,275,0.012808585197009404,0.2217909105655105,0.017736659774295466,0.2643214899251041,0.2926518023346421,0.19069055220343845,0.8,0.0,True,False,0.0,0
B1_D0,1835087081,119,275,0.9885579247919972,0.988630133496647,0.075815853151299,0.9885579247919972,0.6853321107163719,0.326,0.7959413676452595,0.7144883818805446,0.9201564757959955,0.9755564560502895,280,0.14277926836791768,0.1739630000405966,0.015989747161175665,0.3207070449797134,0.25008670803297706,0.09647423141761959,0.6,0.2,True,False,0.0,0
B1_D0,1835087081,120,280,0.9919588648688835,0.9921208751325074,0.06941138045583481,0.9919588648688835,0.7032734363936217,0.326,0.7930637756117983,0.7129078465520531,0.9182206398103966,0.9789899440422158,287,0.11429854706919558,0.15902753448419235,0.1033879860728354,0.3025216748218502,0.2503990579700034,0.0703651995819229,0.6,0.2,True,False,0.0,0
B1_D0,1835087081,121,287,0.9462490563929818,0.9904676394774194,0.02474812830811212,0.9462490563929818,0.6808920902521682,0.6,0.7995416386333234,0.715571903749126,0.9263985758293569,0.9660827229399003,284,0.16636811905844476,0.18881864052662656,0.0260970197235867,0.27075132733431834,0.30265480329236777,0.0453100900646559,0.0,0.6,True,False,0.0,0
B1_D0,1835087081,122,284,0.9891598087845095,0.9903980802882263,0.05320824956795257,0.9891598087845095,0.7198652283645373,0.4,0.8034916770033302,0.7091239094422317,0.9332187061964837,0.9457085395550823,285,0.054132511007024056,0.17106385694673215,0.08174538092962723,0.37556534306315414,0.2972999397503123,0.020192968303150198,0.0,0.4,True,False,0.0,0
B1_D0,1835087081,123,285,0.9890882557461212,0.9890912582157058,0.10113360214605087,0.9890882557461212,0.7137736330757616,0.2,0.8025825816166663,0.7189413133850738,0.9398968355768353,0.953067199487327,286,0.2534199926869211,0.19029755125101724,0.022673064156790722,0.11863408868835076,0.31423212916320664,0.10074317405371334,0.0,0.2,True,False,0.0,0
B1_D0,1835087081,124,286,0.9875031854243173,0.9882587137503753,0.05712374691995289,0.9875031854243173,0.7113108133876025,0.4,0.8049668979418105,0.7244913218243798,0.9282605643661269,0.9695836102474424,286,0.20621342635699608,0.1769697872954346,0.07901481833785809,0.24092859959935176,0.2117670617348753,0.08510630667548404,0.0,0.4,True,False,0.0,0
B1_D0,1835087081,125,286,0.985709221742281,0.9898355313078595,0.04362244752430391,0.985709221742281,0.7029291837451076,0.456,0.8025367183329618,0.7202550537362318,0.9309462509402735,0.9640438649696896,284,0.08735372503838695,0.1837399882281219,0.06175114037735635,0.25375261982199376,0.2775587150537964,0.13584381148034472,0.4,0.4,True,False,0.0,0
B1_D0,1835087081,126,284,0.9922429851931437,0.9922437297074276,0.11225892577157331,0.9922429851931437,0.718008409304292,0.126,0.7980754392172462,0.7277729880629206,0.9294137838096208,0.9811668750630023,290,0.2316335876687549,0.19038332763502602,0.09155178895755517,0.20248845910072422,0.257810789816873,0.02613204682106654,0.6,0.0,True,False,0.0,0
B1_D0,1835087081,127,290,0.9871744842321623,0.9871748801143387,0.11724586370564559,0.9871744842321623,0.718822808267263,0.126,0.7989138481478604,0.7263493820936349,0.9364724054286587,0.9708466524900412,289,0.12456304292325428,0.17016472068874375,0.018488567047707197,0.25123779835843796,0.33758986244377814,0.09795600853807869,0.6,0.0,True,False,0.0,0
B1_D0,1835087081,128,289,0.9877099125009337,0.9887604183673343,0.05450406798535174,0.9877099125009337,0.7109061324877998,0.41400000000000003,0.8022618568599109,0.726889645321509,0.9265556576881753,0.9778693312724851,286,0.14822165415694807,0.27245112106353314,0.029599238052213404,0.258854878658095,0.21865246401191216,0.07222064405729843,0.2,0.4,True,False,0.0,0
B1_D0,1835087081,129,286,0.9913905011728613,0.991414707184786,0.08453828210839702,0.9913905011728613,0.7320938571463408,0.256,0.79232732996316,0.7351484334640113,0.9285547266535927,0.9992240874475354,291,0.24504088010722136,0.14734135031054377,0.0068475507749884675,0.31196796446568104,0.2732731736711751,0.015529080670390322,0.4,0.2,True,False,0.0,0
B1_D0,1835087081,130,291,0.9890532684720555,0.9913076236169951,0.04844629736514315,0.9890532684720555,0.7285785127639124,0.41400000000000003,0.7948374349318132,0.7295132519734722,0.9308125500712168,0.9860357068311477,289,0.07652800228326868,0.18379887450643742,0.09402644963192884,0.2895653874967096,0.27556648041491644,0.08051480566673903,0.2,0.4,True,False,0.0,0
B1_D0,1835087081,131,289,0.9923627400066667,0.9923665884619146,0.09918393536807778,0.9923627400066667,0.7099287696969782,0.2,0.802842742459859,0.7430375893747986,0.9377312950640951,0.9869653114454204,283,0.41591596305529865,0.18472000176469466,0.014791741106667216,0.06234403450702879,0.3014469433955063,0.02078131617080422,0.0,0.2,True,False,0.0,0
B1_D0,1835087081,132,283,0.9782675149069643,0.9914236093204015,0.03440548813740414,0.9782675149069643,0.7040047086393705,0.526,0.8077944365472464,0.73854832016421,0.943795543727409,0.9687241673498389,283,0.09578262822689149,0.17561661260019584,0.1824791605160182,0.22649571389312412,0.29918689084861705,0.02043899391515323,0.6,0.4,True,False,0.0,0
B1_D0,1835087081,133,283,0.9869894509219472,0.9878834817361036,0.05578086053830242,0.9869894509219472,0.7275694046926218,0.4,0.8088941446239475,0.736293739985655,0.9447911844668023,0.9634375834983793,287,0.12091044787069272,0.21365205750879127,0.06308468506908,0.2827693815448905,0.2768759755606711,0.04270745244587437,0.0,0.4,True,False,0.0,0
B1_D0,1835087081,134,287,0.9904522824863142,0.9905182652493194,0.07654877773369372,0.9904522824863142,0.7376203443255369,0.326,0.8081578657751873,0.7418887321242035,0.919967017228533,0.9978616073913669,293,0.21762098922289128,0.24298164454253382,0.05393668330007695,0.28547432615969015,0.14827475604205456,0.051711600732753334,0.6,0.2,True,False,0.0,0
B1_D0,1835087081,135,293,0.9876683134518832,0.9876712210101943,0.10137785508663835,0.9876683134518832,0.7294660486367592,0.21400000000000002,0.8067449944697651,0.736303107896968,0.9184931685370001,0.9936751376484679,293,0.08136015473718274,0.21146991678377602,0.0960662705161275,0.24804593088750193,0.2526142651566023,0.1104434619188095,0.2,0.2,True,False,0.0,0
B1_D0,1835087081,136,293,0.9873059617055,0.9873221981412651,0.08768415705983308,0.9873059617055,0.7117238093858581,0.256,0.8102613769129292,0.742085558483895,0.9266438516833001,0.9883618958495473,284,0.21997007477219263,0.16207464498084753,0.037379913981401745,0.17953791446263795,0.3284700978967602,0.07256735390616008,0.4,0.2,True,False,0.0,0
B1_D0,1835087081,137,284,0.9850645919772758,0.985064609657733,0.1419739698532806,0.9850645919772758,0.680086154343884,0.05600000000000001,0.8127461671459345,0.7376298813348695,0.9103493033353358,0.9969548888162856,275,0.09560750968961518,0.16956307026476317,0.044753299934733225,0.2808065092556245,0.18184918410182876,0.22742042675343524,0.4,0.0,True,False,0.0,0
B1_D0,1835087081,138,275,0.9841949742641748,0.9847741545330986,0.059211446213827776,0.9841949742641748,0.666790491313381,0.4,0.810659399719799,0.740782880667063,0.9193143730018022,0.9940047607088612,274,0.18793116748671143,0.16993640336995539,0.010852462741160909,0.12614388624738873,0.378307107694153,0.12682897246063057,0.0,0.4,True,False,0.0,0
B1_D0,1835087081,139,274,0.9850364158663482,0.9850364186580806,0.1566664292418009,0.9850364158663482,0.6728367996496719,0.014000000000000002,0.8136645706210016,0.734534037602696,0.920578521235729,0.9806311433301598,274,0.07237876211232615,0.2563455482244993,0.024294930796394266,0.3386818361494139,0.26597792767053524,0.042320995046831254,0.2,0.0,True,False,0.0,0
B1_D0,1835087081,140,274,0.9856029177539662,0.9856068045135165,0.09905069132583504,0.9856029177539662,0.6842058728097491,0.21400000000000002,0.8138854041102527,0.7429694337965155,0.9285206691121561,0.9831416866439637,278,0.25202622592442925,0.21245153077240847,0.042282353630697024,0.15421143676317114,0.30022973998563846,0.03879871292365556,0.2,0.2,True,False,0.0,0
B1_D0,1835087081,141,278,0.9864443526060523,0.9865231136208354,0.07510747761939333,0.9864443526060523,0.692685226879785,0.326,0.8111067105317804,0.7456966543285051,0.9209544398131086,0.9982654816489357,280,0.18594615277269225,0.18900167999436018,0.033117854165558944,0.2722622592942509,0.22642918806084034,0.09324286571229742,0.6,0.2,True,False,0.0,0
B1_D0,1835087081,142,280,0.9692093747884166,0.9847060351315141,0.03304799145077627,0.9692093747884166,0.6933829873459638,0.55,0.8149466713098286,0.7422653695747892,0.9288589958317978,0.9805736468119073,280,0.11066934953386687,0.2389983056498004,0.04230307921687281,0.2685089916731918,0.3314141444032339,0.008106129523034198,1.0,0.2,True,False,0.0,0
B1_D0,1835087081,143,280,0.9865249320671502,0.9865325025053757,0.09375137974899744,0.9865249320671502,0.7278400975496814,0.256,0.8121784678211004,0.7442775194233697,0.9292115337663315,0.9862087200872087,286,0.1765677290915006,0.16612863441509065,0.00138266829518363,0.30421419942780414,0.26619218758856744,0.08551458118185348,0.4,0.2,True,False,0.0,0
B1_D0,1835087081,144,286,0.9874543099236326,0.9876207296345341,0.0691614381612151,0.9874543099236326,0.7434150017859241,0.35,0.808427777702635,0.7341812409880019,0.9280076749568289,0.9786118901771341,295,0.026469969197507708,0.19488295484190432,0.016198455750947867,0.37851064411756047,0.2585864728356528,0.12535150325642685,1.0,0.0,True,False,0.0,0
B1_D0,1835087081,145,295,0.9890205315444227,0.9890205352766434,0.1543874231979713,0.9890205315444227,0.7495826698928083,0.0,0.8074247061129766,0.7371603739303236,0.9119263416162032,1.0011523861045104,299,0.18360243739652266,0.25069758751916743,0.046704895744990864,0.2926961415513861,0.1835971707752863,0.042701767012646566,0.0,0.0,True,False,0.0,0
B1_D0,1835087081,146,299,0.9914613538555771,0.991461357924291,0.15371990179908412,0.9914613538555771,0.7651218019940499,0.0,0.804564133383927,0.7262449521847969,0.9207337074545829,0.9803663944810767,305,0.011782461887367906,0.19076977505895995,0.018508190498138403,0.32516902237233697,0.45366675538749424,0.00010379479570263952,0.0,0.0,True,False,0.0,0
B1_D0,1835087081,147,305,0.9903758574687614,0.9903883835147916,0.08977406219819477,0.9903758574687614,0.7580862033609236,0.256,0.8065569723109169,0.7221453978711264,0.9242649642368956,0.9687084929973666,305,0.09015866619461754,0.3563847693048983,0.04258518804684809,0.20834052765675778,0.2780231376388548,0.0245077111580236,0.4,0.2,True,False,0.0,0
B1_D0,1835087081,148,305,0.990637685914409,0.9914197016938567,0.056874881495982035,0.990637685914409,0.7478949840575426,0.4,0.8073554709319466,0.7161239817424856,0.9318384678132061,0.951881289596471,301,0.06357317206144313,0.1978902286225581,0.05413013233407514,0.2361697442784421,0.30339443070355365,0.14484229199992796,0.0,0.4,True,False,0.0,0
B1_D0,1835087081,149,301,0.9885162016953979,0.9886024723875378,0.07439929959005767,0.9885162016953979,0.7213486947134479,0.326,0.8137100101982381,0.7217809358998629,0.9072687473747895,0.9776869027082661,292,0.20578941555626962,0.3223155620238475,0.025993300499614073,0.2748225293932205,0.14307063171451997,0.02800856081252841,0.6,0.2,True,False,0.0,0
B1_D0,1835087081,150,292,0.9780339351380649,0.9896626651255255,0.03537366082429187,0.9780339351380649,0.7054269047366838,0.526,0.811755175079566,0.7154998018681499,0.9165418726373105,0.961683447716607,287,0.06009890954100065,0.18086563919269447,0.014646866798868206,0.3970568938472054,0.3390748830386857,0.008256807581545534,0.6,0.4,True,False,0.0,0
B1_D0,1835087081,151,287,0.9905875052649477,0.9905876065475803,0.1281245223248226,0.9905875052649477,0.7058851302216324,0.126,0.8097342580818538,0.7244445370674638,0.893357400896362,1.0014687187616977,287,0.24649656615901813,0.2098155956845492,0.07390998659616249,0.26277405526615644,0.14234857761391279,0.06465521868020103,0.6,0.0,True,False,0.0,0
B1_D0,1835087081,152,287,0.9917869066090291,0.9917869144458564,0.1485046295022545,0.9917869066090291,0.7171678320849411,0.05600000000000001,0.8084688692489235,0.7211060281350272,0.8925414046066928,0.9993266110967132,292,0.09854647401170782,0.2166472008410285,0.02770373012488983,0.26820755616795083,0.2425987189998352,0.14629631985458788,0.4,0.0,True,False,0.0,0
B1_D0,1835087081,153,292,0.987759622690395,0.9877601391177694,0.11513465005288376,0.987759622690395,0.6988126579928557,0.126,0.8097185525826994,0.7283932249923838,0.9032872641460236,0.9958775003580941,289,0.22928122830134962,0.1746019326938908,0.07313641006829887,0.10161255246418793,0.3397258930486556,0.08164198342361739,0.6,0.0,True,False,0.0,0
B1_D0,1835087081,154,289,0.9891732385829749,0.9891774703111206,0.09840259474423765,0.9891732385829749,0.6834454242525733,0.22400000000000003,0.8070646969298335,0.7342672507365798,0.9041244651807638,1.0062770936731442,287,0.21617108742269003,0.2395703474797598,0.060517501415878056,0.14339058110651295,0.25582963724671337,0.08452084532844575,0.8,0.0,True,False,0.0,0
B1_D0,1835087081,155,287,0.9828198492563404,0.9842259032648377,0.052146994355840796,0.9828198492563404,0.6900670559748577,0.42400000000000004,0.8044734017000418,0.7248843674096661,0.9137120186626875,0.9861607355632648,290,0.02913099012394089,0.22002880001910022,0.026483616528406615,0.33709171869363563,0.3305440399126065,0.05672083472231019,0.8,0.2,True,False,0.0,0
B1_D0,1835087081,156,290,0.9764817752501352,0.9903961449367078,0.03395117575991282,0.9764817752501352,0.6989448692274082,0.526,0.7969339412238037,0.7286970674386206,0.9223408167964188,0.9913642873381275,300,0.1882114799929721,0.2102527559099002,0.04875612925784134,0.1499629896988183,0.3409724244811824,0.061844220659285694,0.6,0.4,True,False,0.0,0
B1_D0,1835087081,157,300,0.9895927342424978,0.9895927380035148,0.154330846045617,0.9895927342424978,0.6915294963950218,0.0,0.7957381885225276,0.7381910687149712,0.8999530634617401,1.0308102440067297,294,0.26161068310351965,0.17793572662388854,0.14697690457894247,0.261086728160731,0.14923164172481584,0.003158315808102623,0.0,0.0,True,False,0.0,0
B1_D0,1835087081,158,294,0.9906322513518273,0.9906326834246093,0.11657737014536038,0.9906322513518273,0.695046157427269,0.126,0.794132482193062,0.7339461887292459,0.9095892185775064,1.0160754433205363,293,0.09580841812529049,0.18519654418262427,0.04415259749824756,0.2456361788120739,0.29815730730970147,0.13104895407206224,0.6,0.0,True,False,0.0,0
B1_D0,1835087081,159,293,0.9894765847443735,0.9894765985262013,0.14399246894936688,0.9894765847443735,0.6833605357410629,0.05600000000000001,0.7913754048982609,0.7414840812506039,0.8829268996705928,1.0611933859764735,292,0.24044002447275506,0.16290867630862294,0.029466436691031772,0.44116413681606337,0.12148301475418491,0.004537710957342056,0.4,0.0,True,False,0.0,0
B1_D0,1835087081,160,292,0.989977134890034,0.9919636147362315,0.049458511155935525,0.989977134890034,0.6724260865963109,0.42400000000000004,0.7952916625013308,0.7432530814961923,0.8750656107080145,1.0679961131619213,288,0.17304005385148233,0.19566846634115365,0.03863607586656174,0.22813843308731288,0.20215700502240475,0.16235996583108475,0.8,0.2,True,False,0.0,0
B1_D0,1835087081,161,288,0.9874933295492652,0.9884128854189008,0.05556104460084878,0.9874933295492652,0.6523497394180592,0.41400000000000003,0.7952700083338051,0.7535948648993769,0.872215520427195,1.0864244120790207,280,0.2813054684749281,0.1652830469556283,0.031365636113889844,0.1907986318855346,0.2232823539499096,0.10796486262010961,0.2,0.4,True,False,0.0,0
B1_D0,1835087081,162,280,0.9922710195087575,0.9922771761886102,0.09544305102771894,0.9922710195087575,0.651283686377145,0.2,0.7929403413948453,0.7589602642711039,0.8693195014565849,1.1010298748343048,275,0.225564282708698,0.16633526788002972,0.00020102726721095096,0.294883119978481,0.22162766536054715,0.09138863680503334,0.0,0.2,True,False,0.0,0
B1_D0,1835087081,163,275,0.9896798055393056,0.9896935876936621,0.08900777587914584,0.9896798055393056,0.6505453625862168,0.21400000000000002,0.7974057608729332,0.7514917564149203,0.8823875513109264,1.0680349866501466,272,0.0684938169671451,0.317601845422639,0.023233765652433826,0.24040359266130798,0.30653459563964724,0.04373238365682696,0.2,0.2,True,False,0.0,0
B1_D0,1835087081,164,272,0.9873864055457284,0.9873864077534089,0.15855378479742385,0.9873864055457284,0.6387136966355809,0.0,0.7971684162574727,0.749159389743038,0.8825281508734306,1.06486750901135,267,0.12802776436079658,0.32898909561313205,0.03867817801279647,0.2576939105637629,0.2418967734679845,0.004714277981527449,0.0,0.0,True,False,0.0,0
B1_D0,1835087081,165,267,0.9857306960038388,0.9903885752315832,0.04266231731995259,0.9857306960038388,0.6356142861123808,0.456,0.7950658957544303,0.740344438091117,0.8914660500331731,1.0445419459387617,265,0.0455377229403876,0.17267918557231704,0.1299766451939791,0.3177182872856985,0.2859535712354279,0.04813458777218979,0.4,0.4,True,False,0.0,0
B1_D0,1835087081,166,265,0.9894805046551358,0.9895120575733342,0.08241305337320765,0.9894805046551358,0.6417128554592095,0.256,0.7921730462839912,0.7301672403168055,0.9023194450298558,1.021508455930547,266,0.023000301628053096,0.2069655695137416,0.010901643587101665,0.27092734744148683,0.3153581365583342,0.17284700127128264,0.4,0.2,True,False,0.0,0
B1_D0,1835087081,167,266,0.9860161122481637,0.986221803616293,0.06746370285598048,0.9860161122481637,0.6117912425208114,0.326,0.8026064808458576,0.725824185627758,0.9057194124530255,0.9984701758868894,255,0.08956634158490916,0.24891117848509933,0.09483335201212958,0.18846929249849143,0.26815955963077626,0.11006027578859429,0.6,0.2,True,False,0.0,0
B1_D0,1835087081,168,255,0.9837271846472345,0.9839848967780138,0.0656508985330675,0.9837271846472345,0.6155203690075803,0.326,0.8027393037707534,0.7391174413335881,0.899680971242491,1.0234117248468697,258,0.3073058123402256,0.18787551483847154,0.08262450701056752,0.1753313958765996,0.22266750017384063,0.024195269760295107,0.6,0.2,True,False,0.0,0
B1_D0,1835087081,169,258,0.9721366713526843,0.988223774029101,0.032778723391023175,0.9721366713526843,0.5910749039745836,0.526,0.804210493297594,0.72718283984073,0.9097128741182419,0.9939614604252134,252,0.00026588217276489316,0.3450293445557017,2.9022151128226283e-06,0.22384926155597026,0.4308259382491062,2.66712513439553e-05,0.6,0.4,True,False,0.0,0
B1_D0,1835087081,170,252,0.9780091691885948,0.98838240487051,0.03627279341565523,0.9780091691885948,0.5872649152431515,0.526,0.8047766892475916,0.7210843126989226,0.9133934944314572,0.9809632669167205,250,0.06575768562786365,0.22929568054966395,0.12367650026528197,0.22700783958339169,0.2732595386251975,0.08100275534860123,0.6,0.4,True,False,0.0,0
B1_D0,1835087081,171,250,0.9815492450363771,0.9815494240266113,0.12351896433973741,0.9815492450363771,0.5711107355560948,0.126,0.8020390482327182,0.7220381668660214,0.9156150338007073,0.9832223160348333,243,0.15010087252556145,0.21279178751811195,0.05448046642238084,0.21593830509578468,0.267804444061979,0.09888412437618194,0.6,0.0,True,False,0.0,0
B1_D0,1835087081,172,243,0.9852021765266097,0.9852180151038793,0.08786465811438811,0.9852021765266097,0.5763421853043136,0.256,0.8007353510064521,0.7307900261065751,0.9209816726944349,0.9909520062398672,243,0.24817209479818467,0.21067921334718326,0.0686909749860361,0.184358770863783,0.2846407113689917,0.0034582346358212556,0.4,0.2,True,False,0.0,0
B1_D0,1835087081,173,243,0.9374240503745294,0.9823046915585988,0.024563955470889534,0.9374240503745294,0.548877704798433,0.614,0.7939599923445498,0.7246445126722301,0.9264930061183558,0.9851089022625247,243,0.0674248483872965,0.23486792121319724,0.07091732242867638,0.33416234462289623,0.28804750346682195,0.004580059881111805,0.2,0.6,True,False,0.0,0
B1_D0,1835087081,174,243,0.9881103548781264,0.9881105061157379,0.12491310167795178,0.9881103548781264,0.5596092244954186,0.126,0.7967596360814339,0.7210936074752543,0.9338437055065203,0.9691480475383839,238,0.09601650545794634,0.1905091654729445,0.10296888755538142,0.15171652114078485,0.39552161291943433,0.06326730745350868,0.6,0.0,True,False,0.0,0
B1_D0,1835087081,175,238,0.9913709668078323,0.9913709679539442,0.16380420697667894,0.9913709668078323,0.5502594923115901,0.0,0.7951316762172993,0.7163017060217719,0.9116203731970962,0.9881955822887388,238,0.07828473650350393,0.23685367515026767,0.0632578799531402,0.2972148247998079,0.15580519120613964,0.16858369238714072,0.0,0.0,True,False,0.0,0
B1_D0,1835087081,176,238,0.9883379392306364,0.988337944081619,0.15229497193752273,0.9883379392306364,0.5619489443268598,0.0,0.8016804386109895,0.7155628799608825,0.9203307121626584,0.9698456038970497,238,0.12595324050249057,0.1716414250731789,0.08369408183881251,0.25686369930981534,0.2993618814263589,0.06248567184934396,0.0,0.0,True,False,0.0,0
B1_D0,1835087081,177,238,0.9909733395521156,0.9913975109584124,0.06174417797751723,0.9909733395521156,0.5616971021697632,0.35,0.803995872015814,0.7201426499485848,0.9203426959073199,0.9732292288241639,238,0.19197392482182998,0.16775043582258714,0.06674316533352166,0.17890190930971583,0.26022527480463653,0.13440528990770875,1.0,0.0,True,False,0.0,0
B1_D0,1835087081,178,238,0.9925075519892765,0.9925077616111907,0.1223498539029781,0.9925075519892765,0.5484220697041712,0.126,0.8065116763336628,0.7235658737771724,0.9103257262160485,0.9855317044882218,230,0.18037945407521058,0.17861484719516552,0.07671627399088345,0.3381100718665515,0.21008649949730257,0.016092853374886352,0.6,0.0,True,False,0.0,0
B1_D0,1835087081,179,230,0.9858506988361281,0.9858527525979361,0.10413043035353683,0.9858506988361281,0.5281716581941254,0.2,0.8060103177818205,0.7186905650112861,0.9192931535944436,0.9699454641831701,227,0.07878731153715463,0.2399313687325511,0.06034418055701775,0.14715435152120765,0.3699613088360581,0.10382147881601078,0.0,0.2,True,False,0.0,0
B1_D0,1835087081,180,227,0.9814114629543949,0.9814137762997723,0.10314708729397593,0.9814114629543949,0.5148974012479147,0.2,0.8091328794362824,0.7258588910289518,0.8924026191337163,1.0052440596162229,223,0.22628567835287458,0.16616426705282372,0.056558059862278236,0.32399920749738936,0.12519390449358514,0.10179888274104881,0.0,0.2,True,False,0.0,0
B1_D0,1835087081,181,223,0.9871785080990374,0.9883730272051089,0.0534783030447403,0.9871785080990374,0.536287323192288,0.4,0.7990848489323262,0.7344100136134182,0.8943055182476382,1.0276844446513775,228,0.24805083919892337,0.1490636456545003,0.004024099230696112,0.3236986708723923,0.25571580513646713,0.019446939907020858,0.0,0.4,True,False,0.0,0
B1_D0,1835087081,182,228,0.985681688898238,0.9856817719958013,0.1296602979493651,0.985681688898238,0.529514680221501,0.05600000000000001,0.8021585988064606,0.7269608944985794,0.9048749664228743,1.0015260100583805,222,0.05339226957290077,0.16415952196142244,0.047555495203900955,0.2859869092421224,0.30411348689519746,0.14479231712445598,0.4,0.0,True,False,0.0,0
B1_D0,1835087081,183,222,0.9882227700376809,0.9890327826170948,0.056575699382049045,0.9882227700376809,0.5411232825784486,0.4,0.8006067483657723,0.7358522579591339,0.896274851886964,1.025487024051166,229,0.2529926023185436,0.3004265123742202,0.05199132522934534,0.18287037862616387,0.20943691053188548,0.002282270919841427,0.0,0.4,True,False,0.0,0
B1_D0,1835087081,184,229,0.9889974007476007,0.988999521998085,0.1038984277350539,0.9889974007476007,0.5373861474228645,0.2,0.8051283648434756,0.7320582798939953,0.9037303325900617,1.006101208756615,229,0.09998293541022626,0.22221054143009933,0.15520634215631446,0.16265467769949465,0.28541482945897056,0.07453067384489487,0.0,0.2,True,False,0.0,0
B1_D0,1835087081,185,229,0.9859680627702772,0.9859726444558494,0.09774428337759797,0.9859680627702772,0.5325629287291692,0.22400000000000003,0.8033213686269707,0.7444970690167784,0.8901880850874723,1.0410986797964303,225,0.3005212889685348,0.15976757550191364,0.009394818426210505,0.2786411755219663,0.18415392878208336,0.06752121279929148,0.8,0.0,True,False,0.0,0
B1_D0,1835087081,186,225,0.9870533669030022,0.9870535475601828,0.12348968689976064,0.9870533669030022,0.5250005604327352,0.126,0.80128210322238,0.7478603777117634,0.8811037176932334,1.059273354705526,221,0.19485202682279965,0.17598008635283666,0.06239853623526586,0.33916494953028775,0.19967220557254153,0.027932195486268577,0.6,0.0,True,False,0.0,0
B1_D0,1835087081,187,221,0.9894617264108927,0.9894619059142854,0.12356008637683909,0.9894617264108927,0.529993320015015,0.126,0.7970342476323264,0.7478158853312147,0.8858630019003974,1.0591345604621591,222,0.1543565813129927,0.15887960230652134,0.14460663944074229,0.24294229758544922,0.26434827988243664,0.03486659947185778,0.6,0.0,True,False,0.0,0
B1_D0,1835087081,188,222,0.9663494799499736,0.9855034649044867,0.03136780462179686,0.9663494799499736,0.5197537312424068,0.55,0.795392524679973,0.7501947028064745,0.8972767017103576,1.0511533941800355,219,0.18462014677275723,0.1571191148571457,0.02644582120143529,0.24948403500558808,0.33948093996956663,0.042849942193507184,1.0,0.2,True,False,0.0,0
B1_D0,1835087081,189,219,0.9865191948703935,0.9865279524826417,0.0925917803053076,0.9865191948703935,0.53537395901802,0.21400000000000002,0.7974936227629821,0.7513127968133879,0.901809370543945,1.0446692792584502,217,0.17034786434046498,0.1635715690895074,0.02567415571348694,0.3358494258644984,0.27130169502311624,0.03325528996892616,0.2,0.2,True,False,0.0,0
B1_D0,1835087081,190,217,0.9816978030162569,0.9844133249014873,0.04690921292490608,0.9816978030162569,0.5268936583825902,0.456,0.7985343694250977,0.7573672598024845,0.884716769370316,1.0720342352810766,215,0.23275128537207565,0.1591008271815889,0.13382326036033498,0.30004067973874576,0.1654416794038273,0.008842267943427469,0.4,0.4,True,False,0.0,0
B1_D0,1835087081,191,215,0.9815464704206872,0.9815474340301397,0.11011931752526274,0.9815464704206872,0.53422674363678,0.126,0.793404301298405,0.75141481648577,0.8902496020729316,1.0638328958843744,220,0.08644899591762163,0.19976982020853865,0.14515527082161572,0.23845353560690363,0.27002254819823623,0.06014982924708422,0.6,0.0,True,False,0.0,0
B1_D0,1835087081,192,220,0.9844589812788442,0.9844596599757472,0.11293299723310624,0.9844589812788442,0.5268322486061511,0.126,0.7907315271105708,0.7510445222108396,0.8926122988537222,1.0640787288051812,216,0.1525055818669767,0.16926422155615062,0.09455762532473178,0.2532433155736522,0.2569382849404186,0.07349097073807011,0.6,0.0,True,False,0.0,0
B1_D0,1835087081,193,216,0.9463293288626611,0.9872759367261006,0.02533437619616595,0.9463293288626611,0.5110653968342769,0.6,0.7923435655669477,0.7497588685252866,0.89425346974587,1.058150501569335,216,0.1408321553123624,0.21025393994614444,0.05566668574627648,0.29668453106420517,0.2545120038876007,0.04205068404341082,0.0,0.6,True,False,0.0,0
B1_D0,1835087081,194,216,0.9143372943736616,0.9831317877077,0.021170770420354677,0.9143372943736616,0.5100273662867865,0.6240000000000001,0.7931511752108591,0.7561293711335506,0.889123422342441,1.0722056341420636,221,0.2357305754316042,0.2294538018297389,0.03405079584242064,0.27069263045830155,0.22147649785578963,0.008595698582145187,0.8,0.4,True,False,0.0,0
B1_D0,1835087081,195,221,0.9844184555360739,0.9844184625012026,0.14938390553896572,0.9844184555360739,0.5558621162833605,0.0,0.7930059436234111,0.7649583827767679,0.8761214270543396,1.1010247051560196,225,0.2704435024986843,0.18657055569670863,0.055207610819490965,0.23806371199348222,0.1795517347307133,0.07016288426092047,0.0,0.0,True,False,0.0,0
B1_D0,1835087081,196,225,0.9857146533875296,0.9900147673633741,0.04329547129936553,0.9857146533875296,0.5578390009711822,0.456,0.7999107514468504,0.7713857282727723,0.8737288662872068,1.103705943523737,221,0.24594080793553563,0.1981434450264916,0.04287683115116971,0.2844727763318238,0.2260979096915056,0.0024682298634738802,0.4,0.4,True,False,0.0,0
B1_D0,1835087081,197,221,0.9707068702023955,0.9864858240034979,0.03291866669992996,0.9707068702023955,0.5748856275660325,0.526,0.7984321267682585,0.7744076486162823,0.8699248832772694,1.114935841207202,232,0.2073900844643579,0.2942889131292203,0.029579032478414646,0.24640821581767244,0.21784451809391614,0.004489236016418489,0.6,0.4,True,False,0.0,0
B1_D0,1835087081,198,232,0.987591110308196,0.987597441597749,0.09518280750664002,0.987591110308196,0.6072994769927768,0.22400000000000003,0.7958097756661083,0.7743782084350291,0.8606404849122785,1.130634105523606,243,0.17113677811951233,0.2354154447846695,0.102490660496498,0.2796340509247406,0.18854044981368026,0.0227826158608994,0.8,0.0,True,False,0.0,0
B1_D0,1835087081,199,243,0.9718204757778617,0.9839984771677205,0.03496059507370569,0.9718204757778617,0.6200841084262799,0.526,0.792801975002352,0.7678031691061694,0.8745764364210507,1.1073563615122075,250,0.08929838866114703,0.16593480257889617,0.00016521990952906483,0.38933702988915125,0.34843523214822913,0.006829326813047414,0.6,0.4,True,False,0.0,0
B1_D0,1835087081,200,250,0.9870602403171462,0.9872388307779879,0.06859651927814536,0.9870602403171462,0.624543347451851,0.326,0.8008204416776574,0.7581415346818212,0.8870963543301248,1.0671963844570032,244,0.04660655038700386,0.2112745926558614,0.03944500459097,0.3464154913880321,0.2998878077558961,0.056370553222236705,0.6,0.2,True,False,0.0,0
B1_D0,1835087081,201,244,0.9893236876411867,0.9893238563991408,0.12405034035034711,0.9893236876411867,0.6337929213949335,0.126,0.7959296198445507,0.7594697063755296,0.8983867188971123,1.0621172578806073,245,0.1779406053474924,0.15751000552650546,0.048154433759517244,0.2561029819556515,0.35277368016049376,0.007518293250339741,0.6,0.0,True,False,0.0,0
B1_D0,1835087081,202,245,0.980371034224878,0.9803713796027848,0.11827718443125211,0.980371034224878,0.6317906385003003,0.126,0.7909774472920185,0.7541809162163459,0.9085480470074011,1.0494543179588214,246,0.09605868949490948,0.15507615114871212,0.07352858196244746,0.2861414863325207,0.3177660843304155,0.07142900673099488,0.6,0.0,True,False,0.0,0
B1_D0,1835087081,203,246,0.9838916648957811,0.9839016333425599,0.09153971930047344,0.9838916648957811,0.6275905540963884,0.21400000000000002,0.7930317568412144,0.746744360320982,0.917693242306661,1.0260861810958548,242,0.06590612394316875,0.15845526076102795,0.03092296322720753,0.3517087491911435,0.37050042153909674,0.02250648133835554,0.2,0.2,True,False,0.0,0
B1_D0,1835087081,204,242,0.9883826578209324,0.988382667131685,0.14710545364577923,0.9883826578209324,0.6330763964255226,0.014000000000000002,0.7965674944519001,0.7406638254373542,0.922100717292222,1.0083706440274003,242,0.07820853915526661,0.19144167947554844,0.0420465385643779,0.38310775395769336,0.28088399608113496,0.02431149276597882,0.2,0.0,True,False,0.0,0
B1_D0,1835087081,205,242,0.9816824744112311,0.9828234489820262,0.05379853856567566,0.9816824744112311,0.627552365079428,0.4,0.7901393431735015,0.7343248308009216,0.9298906455629998,0.999430613149502,245,0.07117745794293799,0.21309679267914466,0.001950801228799104,0.2340207585626836,0.3808362206590617,0.09891796892737305,0.0,0.4,True,False,0.0,0
B1_D0,1835087081,206,245,0.9804000168803527,0.9817318188286087,0.0525586660220849,0.9804000168803527,0.6059352152428285,0.4,0.7920015755049282,0.7350385049157883,0.9116254086516675,1.0180465192620975,240,0.15537394568640914,0.29432683354956946,0.007985763528332591,0.33312094267430803,0.17361913822483832,0.03557337633654248,0.0,0.4,True,False,0.0,0
B1_D0,1835087081,207,240,0.9865703419501516,0.9865704264235972,0.1295367520469664,0.9865703419501516,0.609460982662953,0.05600000000000001,0.7853320499806784,0.7359785032471823,0.9204628677865008,1.0181353917826486,243,0.1586490447147924,0.16064821152401323,0.037086807071075915,0.19205712758048113,0.3644993191124371,0.08705948999720016,0.4,0.0,True,False,0.0,0
B1_D0,1835087081,208,243,0.9885201230028468,0.9885206525088728,0.11494169594868843,0.9885201230028468,0.6122329187029304,0.126,0.7867566044120555,0.7309662563864161,0.9194070066153589,1.010529794276157,244,0.08483347876991217,0.17112604622882596,0.020442268385430732,0.3417443364474377,0.25495212803754114,0.12690174213085234,0.6,0.0,True,False,0.0,0
B1_D0,1835087081,209,244,0.9802130874328908,0.9842201156973263,0.04381065809985197,0.9802130874328908,0.6084644137679774,0.456,0.7877241110455971,0.728631722946828,0.924146008025998,1.0009061203099305,246,0.11517224224665874,0.31566660909329386,0.046025815195972944,0.21519632995326488,0.28339851036087466,0.024540493149934853,0.4,0.4,True,False,0.0,0
B1_D0,1835087081,210,246,0.9844539758243847,0.9844695582593475,0.08798839168751944,0.9844539758243847,0.6093643269498632,0.22400000000000003,0.7863550378891446,0.728542320526563,0.9317314072233982,0.9943639619466185,248,0.14177729658845448,0.20034730315545804,0.03553500115083413,0.17670248032296634,0.44358455812441844,0.0020533606578685922,0.8,0.0,True,False,0.0,0
B1_D0,1835087081,211,248,0.9689396600799167,0.9853237043703806,0.03260973879908841,0.9689396600799167,0.6139345781502699,0.55,0.7871214269437674,0.7244648907731063,0.9385582665010583,0.9806507602687,254,0.091871078410893,0.21244423555162142,0.03908627362233547,0.22963773982272362,0.30464385886583656,0.12231681372659003,1.0,0.2,True,False,0.0,0
B1_D0,1835087081,212,254,0.9882996440677103,0.9883262836419426,0.08375089644905045,0.9882996440677103,0.6450353384806302,0.256,0.7900781668819954,0.7249360950249556,0.9268739573868828,0.9899402523362014,262,0.1461806098813078,0.24894344853629924,0.04984618834337566,0.27060225559911316,0.21085758767965157,0.07356990996025245,0.4,0.2,True,False,0.0,0
B1_D0,1835087081,213,262,0.9857599017626039,0.9861223055224797,0.06295445562628903,0.9857599017626039,0.6400335427410239,0.35,0.791635875180809,0.7236598018690239,0.9139040703279128,1.0002495625466052,263,0.12463139494145123,0.21704694591133716,0.09123613478063726,0.26556936552576016,0.19858754339859125,0.1029286154422229,1.0,0.0,True,False,0.0,0
B1_D0,1835087081,214,263,0.9894021698531091,0.9894021741242974,0.15331677028977375,0.9894021698531091,0.6628653515809105,0.0,0.7856326550150161,0.7137867861634107,0.9225136632951215,0.9848637894366054,273,0.01637467984797508,0.24305323399932457,0.04697065744779877,0.3582940974222533,0.3215419485815186,0.013765382701129774,0.0,0.0,True,False,0.0,0
B1_D0,1835087081,215,273,0.9900360718829944,0.9902619930955451,0.06674951518842696,0.9900360718829944,0.6664889308779488,0.35,0.7889861314215895,0.7177266238721687,0.9096933788485093,0.9999876892172026,274,0.18286471271160631,0.17966055756911958,0.10765052154616862,0.3132125179343417,0.19715540941449985,0.019456280824263966,1.0,0.0,True,False,0.0,0
B1_D0,1835087081,216,274,0.9869640802265998,0.9869642250027284,0.1252514274002765,0.9869640802265998,0.6758720526665938,0.126,0.7858958421700072,0.7277207355671943,0.9007029985253059,1.0280592621516753,278,0.2610055361079261,0.21373044966591676,0.011352728142035475,0.26315508621139955,0.20989478780823734,0.040861412064484806,0.6,0.0,True,False,0.0,0
B1_D0,1835087081,217,278,0.9860006131186572,0.9893320699925968,0.045321644698884424,0.9860006131186572,0.6937550540785393,0.456,0.7813532373471348,0.7352594114496264,0.8993063018516353,1.0463706263159316,288,0.2365589082598975,0.1644904578825314,0.0600717947046695,0.20446864440349963,0.2433680158943,0.09104217885510195,0.4,0.4,True,False,0.0,0
B1_D0,1835087081,218,288,0.9902690468046855,0.9902690681873696,0.14050253362238138,0.9902690468046855,0.696055967803473,0.0,0.7887401594927694,0.7358403090005471,0.9093756716664718,1.0259029750430473,284,0.15429835154252525,0.20258611887204972,0.02952113024797079,0.21229035229971124,0.3430261004041386,0.058277946633604166,0.0,0.0,True,False,0.0,0
B1_D0,1835087081,219,284,0.9879142888086048,0.9928678219635171,0.04219234917298445,0.9879142888086048,0.6946188326884681,0.456,0.7929850690926241,0.7407401786288431,0.9103122980424166,1.026149131257752,281,0.2086485634790427,0.16745392913899262,0.11769679086626995,0.23554158757969612,0.25937096771295987,0.011288161223038799,0.4,0.4,True,False,0.0,0
B1_D0,1835087081,220,281,0.9841094926099958,0.9861614017043973,0.04915385625870165,0.9841094926099958,0.6949478470456655,0.42400000000000004,0.7954680390076111,0.7478605469786346,0.8969016299747696,1.0482215275978273,283,0.23946721601542015,0.2148856941472907,0.07104068131285114,0.2409916169818616,0.1881028086829734,0.045511982859603124,0.8,0.2,True,False,0.0,0
B1_D0,1835087081,221,283,0.9885357504216942,0.9885401633831212,0.09806365457601383,0.9885357504216942,0.6865921924816336,0.21400000000000002,0.793903055550857,0.7474002106083761,0.9072114669772927,1.0377128902062442,274,0.14915863723341602,0.1572572526880508,0.025932095000239255,0.2924517544924982,0.3607678065449421,0.014432454040853677,0.2,0.2,True,False,0.0,0
B1_D0,1835087081,222,274,0.9897511475417998,0.9897548666958039,0.09943499874800737,0.9897511475417998,0.6919622256381233,0.2,0.7951588395032263,0.7389611336169113,0.9164903202795635,1.0140043619775727,274,0.04913666923692404,0.2505518763349555,0.006045419506140904,0.28717684224812307,0.32650988830843597,0.08057930436542049,0.0,0.2,True,False,0.0,0
B1_D0,1835087081,223,274,0.9883099056640301,0.9883099206386282,0.1433223565106595,0.9883099056640301,0.7032214188453105,0.014000000000000002,0.7946597204003741,0.7466554519238068,0.9221686966800996,1.0188932018359524,277,0.2455296873467631,0.18490500786561678,0.039661422792156426,0.2094747447246934,0.28663704214246233,0.03379209512830802,0.2,0.0,True,False,0.0,0
B1_D0,1835087081,224,277,0.982859289215333,0.9857772491427379,0.046347900291401484,0.982859289215333,0.6727351983093847,0.42400000000000004,0.7981622443624352,0.7441007278989725,0.9029325656339906,1.0324885215085196,271,0.12222560714195063,0.26100076970808117,0.02970474577931064,0.25873214354819807,0.16490369310950512,0.16343304071295436,0.8,0.2,True,False,0.0,0
B1_D0,1835087081,225,271,0.9828668091744308,0.9837920195223689,0.05547494596242812,0.9828668091744308,0.6888286822181948,0.4,0.8048918042786598,0.7401815173471042,0.9126393090705915,1.0076310932779418,272,0.10357282303850461,0.16749309775960528,0.041865283263115484,0.3565822344921548,0.32768613527299684,0.0028004261736229137,0.0,0.4,True,False,0.0,0
B1_D0,1835087081,226,272,0.9870288195261654,0.9917830403393129,0.04251055399439493,0.9870288195261654,0.7120689992445202,0.456,0.8091434141660662,0.7360038292113729,0.9211239456675978,0.9874986208930593,276,0.09789234664529804,0.17970799255037087,0.10505711297545618,0.2984440719951374,0.29874283752032704,0.020155638313410554,0.4,0.4,True,False,0.0,0
B1_D0,1835087081,227,276,0.9882469513709419,0.9882506667641928,0.09943094524321794,0.9882469513709419,0.7132870555010624,0.2,0.806155307998108,0.7315413514397273,0.9267580216938608,0.9791603267847308,280,0.09172142111153882,0.34254863979073613,0.013778525244705912,0.20727392490242938,0.2887323529651138,0.05594513598547598,0.0,0.2,True,False,0.0,0
B1_D0,1835087081,228,280,0.988110479841454,0.9895230934146942,0.052152672077752024,0.988110479841454,0.7030175267968901,0.4,0.8028548526058445,0.7367460712047762,0.905471823942598,1.0134582239906271,280,0.20977234171294035,0.1963523363397754,0.08496027635647539,0.272260216453933,0.156948022090616,0.07970680704625983,0.0,0.4,True,False,0.0,0
B1_D0,1835087081,229,280,0.9910728138643746,0.9919292945389102,0.05615494871813446,0.9910728138643746,0.7012786376668297,0.41400000000000003,0.7992627073792592,0.7324354522846461,0.9149246415483382,1.0016003856317255,279,0.0940835580013588,0.15295565043561404,0.06997012495152426,0.241186129930443,0.37494964155588306,0.06685489512517685,0.2,0.4,True,False,0.0,0
B1_D0,1835087081,230,279,0.9887580291775593,0.9887637089223192,0.09605664748760359,0.9887580291775593,0.7016810772444395,0.21400000000000002,0.7867389219257837,0.7300441260457543,0.9234321773935044,1.0048783071677703,281,0.1153805796917556,0.1440497962374812,0.0678922958750715,0.2998625994023723,0.34167329302069993,0.03114143577261936,0.2,0.2,True,False,0.0,0
B1_D0,1835087081,231,281,0.9884761570547944,0.9907501480002789,0.04837278630875595,0.9884761570547944,0.7059891311777322,0.41400000000000003,0.7824532744722406,0.7335134461845959,0.9265074141812821,1.0118141951647244,284,0.18714408051411685,0.16182020934652303,0.052401210830809286,0.22165132520487302,0.27709227263564074,0.09989090146803706,0.2,0.4,True,False,0.0,0
B1_D0,1835087081,232,284,0.986747450046409,0.9882092541192632,0.05186962466834654,0.986747450046409,0.6912357750555943,0.41400000000000003,0.787479661135817,0.7269628661934211,0.9338566727631539,0.9885363765197804,282,0.06406365397568772,0.2031737303260541,0.10769639345029859,0.17296436769174858,0.3473630548776162,0.10473879967859484,0.2,0.4,True,False,0.0,0
B1_D0,1835087081,233,282,0.9865679261890667,0.9865798558987073,0.09013167143007236,0.9865679261890667,0.7044305904077713,0.22400000000000003,0.7844689026220016,0.7308048587205979,0.9210297260789035,1.0114677651027155,292,0.1898766979605974,0.1670782191408236,0.11501233108545045,0.2264100999035008,0.2027936029603254,0.0988290489493022,0.8,0.0,True,False,0.0,0
B1_D0,1835087081,234,292,0.9910183943509121,0.9910186758208248,0.1199919084430097,0.9910183943509121,0.7223850482627514,0.126,0.7808308866700187,0.7331950707580089,0.9284133253620744,1.011395896727175,298,0.1741306871680117,0.2324048525077207,0.07186891302020906,0.21285434222460523,0.29743285945530634,0.011308345624146848,0.6,0.0,True,False,0.0,0
B1_D0,1835087081,235,298,0.992016674311294,0.9920426049168064,0.08399548628743712,0.992016674311294,0.7179103302492909,0.22400000000000003,0.7807135156246031,0.7410003816332041,0.934017649961732,1.0161823576365747,294,0.24331330516369545,0.16563948039771567,0.04473584344440557,0.1942435188070432,0.29222828567932496,0.05983956650781515,0.8,0.0,True,False,0.0,0
B1_D0,1835087081,236,294,0.9876224617355277,0.9876321265203966,0.0918160954088978,0.9876224617355277,0.7264629779372289,0.2,0.7751490158614208,0.7421429301013989,0.9406158849655588,1.01786468294625,297,0.16490709437318607,0.14449128446826262,0.054868995934089476,0.251841995344253,0.3405868975884646,0.04330373229174418,0.0,0.2,True,False,0.0,0
B1_D0,1835087081,237,297,0.9893223444247852,0.9893223512444033,0.1495915183805067,0.9893223444247852,0.7354252318169627,0.0,0.7779817646173476,0.7463497239831604,0.9465542964690029,1.0135085759611493,299,0.2039242548353932,0.2196569084414412,0.0033544626523245137,0.18561274996042273,0.38254483834572073,0.004906785764697634,0.0,0.0,True,False,0.0,0
B1_D0,1835087081,238,299,0.9871612235382975,0.9890342965595249,0.049902892872607046,0.9871612235382975,0.7278047404603618,0.42400000000000004,0.7784130443894827,0.7411869184732225,0.9518988668221027,1.0002920812648115,298,0.08943350861525123,0.17240224048767175,0.12487135465980995,0.212489455522575,0.3576322898780982,0.04317115083659393,0.8,0.2,True,False,0.0,0
B1_D0,1835087081,239,298,0.9858554734303919,0.9897974800735554,0.04398586556847403,0.9858554734303919,0.7212162090863807,0.456,0.7792598694950803,0.7394547326692986,0.9354333739309565,1.0144167719744803,298,0.12908950149671522,0.19561255053405788,0.026193897677513744,0.39617824038352556,0.19362196895532038,0.059303840952867365,0.4,0.4,True,False,0.0,0
B1_D0,1835087081,240,298,0.9938409794248914,0.9938409942192473,0.143463173816392,0.9938409794248914,0.7407245071904528,0.0,0.7806672957894855,0.730171314333057,0.9403421820697068,0.9946558996743291,305,0.03361647871529224,0.2796497517861525,0.13213122657322807,0.23635690575681156,0.2922607276592297,0.025984909509285985,0.0,0.0,True,False,0.0,0
B1_D0,1835087081,241,305,0.9900758559383319,0.9900759364566534,0.12994669120076058,0.9900758559383319,0.7387376963278736,0.05600000000000001,0.7807358519411356,0.7370909761403636,0.92829043925432,1.017028431256236,308,0.23035284404949244,0.23892747575976817,0.030569524721847697,0.2107268485186156,0.20991237695791926,0.07951092999235676,0.4,0.0,True,False,0.0,0
B1_D0,1835087081,242,308,0.9874041542263622,0.987404161311825,0.14927166258323826,0.9874041542263622,0.7468404986093251,0.014000000000000002,0.7876763923056135,0.7346243537876539,0.935461395328888,0.996991883382848,305,0.11734908067885577,0.16932780939519237,0.05863505195483505,0.2773067996938119,0.33084827287340857,0.04653298540389643,0.2,0.0,True,False,0.0,0
B1_D0,1835087081,243,305,0.9836118429193131,0.9875827147287515,0.043909959267913426,0.9836118429193131,0.7384540551285826,0.456,0.7912575370753385,0.7386030971318667,0.9419152557959991,0.9910177507708585,304,0.19637451291994287,0.2072448578097818,0.026557455020635303,0.1482261141702261,0.3039399438099339,0.11765711626948014,0.4,0.4,True,False,0.0,0
B1_D0,1835087081,244,304,0.9912922873835183,0.9915298778176649,0.06635881503910175,0.9912922873835183,0.7438310200655464,0.326,0.7950492116913331,0.7306606619859969,0.9477237302163992,0.9697057248710689,302,0.04984649638404476,0.2802247032356613,0.06866892688938131,0.2504082220014936,0.31551151621225676,0.03534013527716239,0.6,0.2,True,False,0.0,0
B1_D0,1835087081,245,302,0.9907095772286726,0.9927076351811941,0.049418219109065596,0.9907095772286726,0.7452380055418266,0.42400000000000004,0.7985160494643844,0.7345307851037177,0.9371285740457166,0.9815833263730532,300,0.19253945271275838,0.1776662634391354,0.0423686489618561,0.28023960876377746,0.22088608425478623,0.0862999418676864,0.8,0.2,True,False,0.0,0
B1_D0,1835087081,246,300,0.9891917438417014,0.9891917585112632,0.1434932788531145,0.9891917438417014,0.7624756182256285,0.014000000000000002,0.7943141377818945,0.7395869060881486,0.9371753642038765,0.9935187267208504,308,0.20978325299520978,0.1647640424400383,0.020754486181430498,0.21818937708301608,0.2687982378136575,0.11771060348664773,0.2,0.0,True,False,0.0,0
B1_D0,1835087081,247,308,0.9903973450510036,0.9906631417725456,0.06545886481955196,0.9903973450510036,0.7817504045633142,0.35,0.796798014334059,0.7310774309229071,0.9360892124936878,0.9801620725207202,316,0.04337337673957512,0.2501263779988992,0.06784272894268834,0.26342128668581394,0.26315692355099485,0.11207930608202862,1.0,0.0,True,False,0.0,0
B1_D0,1835087081,248,316,0.9913890417663348,0.9913935108479056,0.09798600670999184,0.9913890417663348,0.7790146133131998,0.2,0.8020915633340077,0.7321646634605729,0.9254062082403767,0.9863985101472702,314,0.15801380104763818,0.1745923021268457,0.1375731820859942,0.25638545873588625,0.21462958498028809,0.0588056710233476,0.0,0.2,True,False,0.0,0
B1_D0,1835087081,249,314,0.9892131689570848,0.9907551720707476,0.051464950586244756,0.9892131689570848,0.7719038974961407,0.4,0.8027019884368755,0.7347178827324939,0.932865587416339,0.9811766381398626,315,0.17701815556187167,0.21567346201982618,0.11836800291286413,0.14397696919985234,0.30541623374067867,0.03954717656490694,0.0,0.4,True,False,0.0,0
B1_D0,1835087081,250,315,0.9716183503222837,0.98477792930061,0.034349842721800763,0.9716183503222837,0.7794996745086045,0.526,0.8015855124346517,0.7395534851815376,0.9312378439543403,0.9907386644746179,321,0.2071437073208554,0.1866338956226086,0.011851214234362856,0.2498785767575817,0.2582940763981758,0.08619852966641557,0.6,0.4,True,False,0.0,0
B1_D0,1835087081,251,321,0.9913758430382119,0.9913873872036941,0.0904318684109764,0.9913758430382119,0.7857482695965662,0.21400000000000002,0.8026630154021607,0.7525758109224607,0.9283805142333401,1.0099293334018358,319,0.3337982565073667,0.19616072203307786,0.044520021231052635,0.14171708753575027,0.2513322733721694,0.03247163932058301,0.2,0.2,True,False,0.0,0
B1_D0,1835087081,252,319,0.9932168528310197,0.993216858138857,0.15161773805712556,0.9932168528310197,0.801722676381559,0.0,0.8013411420497331,0.7513211663073108,0.9278729224978144,1.010461293507573,322,0.14217682413716445,0.16507392769039747,0.03202346967755077,0.30572473140636164,0.26165229843904114,0.09334874864948446,0.0,0.0,True,False,0.0,0
B1_D0,1835087081,253,322,0.9880657348096886,0.9884884681060858,0.06174782018934583,0.9880657348096886,0.8099286088155605,0.35,0.7955554515759656,0.7535528469769444,0.9346523958247089,1.0134285508752903,329,0.18497173731248834,0.1925616133090952,0.06194060010257186,0.18907901809162317,0.2978338278833799,0.07361320330084149,1.0,0.0,True,False,0.0,0
B1_D0,1835087081,254,329,0.9923344175619313,0.9923344204874175,0.1563526685775403,0.9923344175619313,0.8021488333474462,0.0,0.7903652630982523,0.7428408020502196,0.9267387302132709,1.0141696092087424,330,0.024569967776531254,0.2253457840592046,0.021383306359190318,0.4305604715007088,0.22775786985516444,0.07038260044920047,0.0,0.0,True,False,0.0,0
B1_D0,1835087081,255,330,0.9893081826686521,0.9893188810834549,0.09102088147545558,0.9893081826686521,0.803002403849972,0.21400000000000002,0.7882430809626542,0.7472863248696403,0.9145973447972482,1.036565932530458,331,0.2073445365241463,0.16699573295797135,0.0427572248252639,0.31321957548356855,0.20266243802652154,0.06702049218252848,0.2,0.2,True,False,0.0,0
B1_D0,1835087081,256,331,0.9930629550104936,0.993062986188934,0.1375228546261367,0.9930629550104936,0.8003252776089806,0.05600000000000001,0.7955054317933142,0.7519741066328456,0.9223097165567639,1.0249034452964034,328,0.21315122508359102,0.26941041563972434,0.055210716204470905,0.14256641286511026,0.29586053119620237,0.02380069901090119,0.4,0.0,True,False,0.0,0
B1_D0,1835087081,257,328,0.9886687968345654,0.9886688138026095,0.14233042420573203,0.9886687968345654,0.7931834008537537,0.014000000000000002,0.8037559887768129,0.751618348105305,0.928693352310714,1.006933557595647,320,0.1530368350512714,0.17227099575155966,0.11146268848627,0.23691213069368044,0.29307303704813303,0.03324431296908551,0.2,0.0,True,False,0.0,0
B1_D0,1835087081,258,320,0.9929081000311285,0.9930488000789883,0.07054142646390091,0.9929081000311285,0.8033014477578623,0.326,0.8073035537010445,0.7593713533616812,0.9201629771289441,1.0222393393400004,322,0.254174033270517,0.17531936780921736,0.07946211478622921,0.21115386850746506,0.22169480024650742,0.058195815380064034,0.6,0.2,True,False,0.0,0
B1_D0,1835087081,259,322,0.991542730800771,0.9915432148765889,0.11568004066214783,0.991542730800771,0.790570687602173,0.126,0.8097630345856455,0.7565286134619444,0.9281466794160497,1.0065857915702867,317,0.12657284710434166,0.17921835920386942,0.0020412149681271964,0.19533758416896074,0.30395781957277773,0.1928721749819234,0.6,0.0,True,False,0.0,0
B1_D0,1835087081,260,317,0.9922402597176612,0.9922613326100496,0.08564845090224998,0.9922402597176612,0.7796356532743388,0.256,0.8136256318274739,0.7564402492364615,0.9044237453005244,1.0279643445168258,315,0.15922583059517775,0.22836571479407491,0.08317208719688889,0.3258400033842951,0.14545866913039865,0.05793769489916473,0.4,0.2,True,False,0.0,0
B1_D0,1835087081,261,315,0.9906164137300312,0.9917760324848559,0.053741698064375246,0.9906164137300312,0.7736054176485798,0.41400000000000003,0.810929718210524,0.7473787648361676,0.9139813707704719,1.008370644276612,311,0.047006600769115246,0.2209374334898907,0.015924359566580996,0.2907463093138554,0.3660478523707077,0.059337444489849865,0.2,0.4,True,False,0.0,0
B1_D0,1835087081,262,311,0.9772755083124857,0.9895024112081833,0.03497309503697876,0.9772755083124857,0.7597117207246171,0.526,0.811184217115913,0.7439397863749547,0.9194203506576621,0.9974799646096564,310,0.11162449725744356,0.27071219754608006,0.10512862994859119,0.21802284668262892,0.2841855848211872,0.010326243744069086,0.6,0.4,True,False,0.0,0
B1_D0,1835087081,263,310,0.9899304423955075,0.991538741282387,0.05113616632941462,0.9899304423955075,0.7568538056327648,0.42400000000000004,0.8102632339622379,0.7399803567553861,0.927478315591896,0.9846690639362009,301,0.10296949623973826,0.15399096535471563,0.04769914179145966,0.2794982031923762,0.40425519587183595,0.011586997549874349,0.8,0.2,True,False,0.0,0
B1_D0,1835087081,264,301,0.9891082418773213,0.9891082434899312,0.1610678216901454,0.9891082418773213,0.7554289594930813,0.0,0.809780775208498,0.7292450295946125,0.9344184684736792,0.9637504683343954,302,0.015796133462446436,0.18242952822935515,0.23333406169257795,0.2474974258319604,0.29843992220486387,0.02250292857879609,0.0,0.0,True,False,0.0,0
B1_D0,1835087081,265,302,0.9848844725456913,0.9848844987056132,0.13885400668066977,0.9848844725456913,0.7622950706460617,0.05600000000000001,0.806082468592002,0.7313580209449029,0.918706455131526,0.9875834082880248,309,0.16969053537526224,0.17846040270318314,0.0344912730395513,0.34010560312951926,0.18864916752607402,0.08860301822641005,0.4,0.0,True,False,0.0,0
B1_D0,1835087081,266,309,0.9895238701992869,0.9895239391263,0.13117953889092526,0.9895238701992869,0.7718891013452273,0.05600000000000001,0.8000191277785955,0.7408683995534374,0.9268358096183734,0.999166570726826,312,0.2634784956972455,0.1583157084348355,0.007860745170210893,0.17174499943526025,0.36478467523189423,0.033815376030553554,0.4,0.0,True,False,0.0,0
B1_D0,1835087081,267,312,0.9902845966864058,0.9905904158498691,0.06434178323791466,0.9902845966864058,0.7566561084762649,0.35,0.8042124895785425,0.7288784364006592,0.934152228656536,0.9702119829225857,304,0.0006682103111700593,0.2721517490948154,0.0997820717272102,0.2672501947861065,0.35962679414057697,0.0005209799401208193,1.0,0.0,True,False,0.0,0
B1_D0,1835087081,268,304,0.97673169158437,0.992488137910739,0.03297831589963041,0.97673169158437,0.7335083399527936,0.526,0.8098334782367577,0.7215414463915873,0.9407370057908824,0.9471032525104065,295,0.05133664763701397,0.20038302775260108,0.027757819786021803,0.28605057976300646,0.31042057128757217,0.12405135377378444,0.6,0.4,True,False,0.0,0
B1_D0,1835087081,269,295,0.99015868676553,0.9901632918505785,0.0977374940829312,0.99015868676553,0.7466867294153282,0.21400000000000002,0.8085535454328846,0.7175538178792079,0.931259509170953,0.9529606617863865,299,0.08861804758999846,0.193913107780496,0.09055972949969372,0.3447109404115911,0.22298101979579438,0.05921715492242635,0.2,0.2,True,False,0.0,0
B1_D0,1835087081,270,299,0.9902056538812627,0.9902059394174154,0.11987120561369387,0.9902056538812627,0.7580553948649525,0.126,0.8072708952662505,0.7080311355961877,0.9341087910903296,0.9389351590083865,305,0.016937607636751926,0.1708691628097762,0.13254353286253348,0.3654144498268431,0.2798761641823598,0.03435908268173547,0.6,0.0,True,False,0.0,0
B1_D0,1835087081,271,305,0.9918818844617793,0.9918866466663295,0.09748427931330794,0.9918818844617793,0.759581811030252,0.2,0.810122973609001,0.7101959408326886,0.9406979119812967,0.9319166209508776,304,0.15707952520387788,0.22825444756261912,0.01765599185144093,0.2030175838703624,0.3628099916817581,0.031182459829941632,0.0,0.2,True,False,0.0,0
B1_D0,1835087081,272,304,0.9876585745424818,0.9877309589220828,0.07578926767416273,0.9876585745424818,0.7540152293102483,0.326,0.8172527955680009,0.7051505741940374,0.9355205229971943,0.9222998324879339,302,0.06830538003729006,0.27122279237739005,0.08200494910863086,0.3206185396531907,0.24446201107013668,0.013386327753361698,0.6,0.2,True,False,0.0,0
B1_D0,1835087081,273,302,0.9436767289570186,0.9894990488094431,0.024456753235252076,0.9436767289570186,0.7158052038936943,0.614,0.8172831179747321,0.7058599586732839,0.9369734983220571,0.9217618105418655,300,0.13708641486185458,0.16881199140115802,0.08320492634858505,0.23422647856621345,0.27502513812291096,0.10164505069927797,0.2,0.6,True,False,0.0,0
B1_D0,1835087081,274,300,0.9882392444522379,0.9882392458624801,0.16212821093262797,0.9882392444522379,0.7513214926275277,0.014000000000000002,0.8144455770188279,0.6969316639034644,0.9385441855496734,0.9117450281902874,303,0.01705878954805891,0.18758140343976631,0.0030807729003406916,0.47930553188476943,0.27634018529911014,0.03663331692795439,0.2,0.0,True,False,0.0,0
B1_D0,1835087081,275,303,0.9918320462791856,0.9929095397156483,0.05433548856348677,0.9918320462791856,0.7641129567184334,0.41400000000000003,0.8148522864975608,0.7043842435150083,0.9331245005525501,0.9263842259060925,304,0.21623953508396374,0.1913895977872001,0.05426581023547316,0.26615655743398225,0.24217366778922025,0.029774831670160457,0.2,0.4,True,False,0.0,0
B1_D0,1835087081,276,304,0.9890449799263483,0.9890450125409187,0.1371321220898603,0.9890449799263483,0.7789759927369982,0.05600000000000001,0.8119601014890361,0.7153782076150786,0.936558201170331,0.9407327116987175,311,0.2651647034477602,0.1735370059450695,0.03369433046266516,0.1788264480570703,0.283730753365179,0.06504675872225599,0.4,0.0,True,False,0.0,0
B1_D0,1835087081,277,311,0.9855376064485293,0.9876163997827564,0.04906197594837189,0.9855376064485293,0.7642257230824172,0.456,0.8202944480863139,0.7055800231645609,0.9275445667849366,0.9273458190282768,308,0.012134074127952157,0.42582286619855764,0.01984658645832104,0.2781508805369635,0.22321092865819375,0.04083466402001199,0.4,0.4,True,False,0.0,0
B1_D0,1835087081,278,308,0.9732906007008022,0.989122773630256,0.03291311367893209,0.9732906007008022,0.7217876038058961,0.55,0.8210375861315083,0.701349271900438,0.9154664457672907,0.9331014847976178,298,0.07560312367631414,0.33827423892605524,0.04612416393980052,0.3189062203484452,0.20338167830423898,0.017710574805146068,1.0,0.2,True,False,0.0,0
B1_D0,1835087081,279,298,0.9890525102610966,0.9896288254801271,0.05929006490573818,0.9890525102610966,0.7444931741557488,0.4,0.8183068411522663,0.6972797053356588,0.9239198011905617,0.9222667854042773,304,0.07497371287803234,0.1841940096887726,0.10518734807648845,0.22565092250509897,0.3105905765031935,0.09940343034841416,0.0,0.4,True,False,0.0,0
B1_D0,1835087081,280,304,0.9790360294718049,0.9909935290730988,0.035162431938626997,0.9790360294718049,0.7433267603003673,0.526,0.8149380121774432,0.68915723279857,0.9315278210715056,0.9078161671985818,307,0.021768909121177227,0.20558901701637916,0.1085263888747631,0.29155059806713207,0.352868675494978,0.019696411425570357,0.6,0.4,True,False,0.0,0
B1_D0,1835087081,281,307,0.9895294199382351,0.9895294240680763,0.1535856752363004,0.9895294199382351,0.716358820289121,0.014000000000000002,0.8114411293468633,0.7046993711586415,0.9348221822171674,0.929004586044389,294,0.3648589132832996,0.15586277502810006,0.002761786246286589,0.1381380015249503,0.2822357162640621,0.05614280765330153,0.2,0.0,True,False,0.0,0
B1_D0,1835087081,282,294,0.992395900938887,0.9925404693180212,0.0703214551777099,0.992395900938887,0.6943754121924292,0.35,0.8151239625093635,0.7054510352387308,0.9062782016148183,0.9549523031503926,289,0.13733290797526754,0.2204551013730717,0.13895607951140862,0.33260268647786934,0.12469118809683848,0.045962036565544505,1.0,0.0,True,False,0.0,0
B1_D0,1835087081,283,289,0.9896629629230054,0.990116305566983,0.06120445502247659,0.9896629629230054,0.7004561914966977,0.4,0.819883619869005,0.7066572129076655,0.9156503814533364,0.9412975008350591,285,0.1434841178858905,0.20060493403952934,0.03613774753898008,0.2758664652831426,0.300358803845686,0.04354793140677153,0.0,0.4,True,False,0.0,0
B1_D0,1835087081,284,285,0.9879655099988292,0.9885426661968125,0.0592697164426472,0.9879655099988292,0.7293963744418522,0.41400000000000003,0.8112902031896981,0.6964767388506607,0.9240853433080027,0.9290055372916366,300,0.00190483235473147,0.1887981127534521,0.013564446520220238,0.36049859769271125,0.3245777599165814,0.1106562507623036,0.2,0.4,True,False,0.0,0
B1_D0,1835087081,285,300,0.9883069690702868,0.9903109267432275,0.04937550844882184,0.9883069690702868,0.7387089552314883,0.456,0.8141981658063063,0.7101728999216378,0.9157234277405558,0.9525102344355577,299,0.2939999751688762,0.21910592579854252,0.0003979280807650108,0.25401203002942113,0.22023309381676665,0.012251047105628474,0.4,0.4,True,False,0.0,0
B1_D0,1835087081,286,299,0.9758348029433804,0.990408798253397,0.03358259304565578,0.9758348029433804,0.7463615787675463,0.55,0.8119058427022254,0.7110777277191364,0.9241510849665002,0.9476946556355869,306,0.14266840991975568,0.18011035657233684,0.030479769661878438,0.21424514450230667,0.30598996138795065,0.12650635795577178,1.0,0.2,True,False,0.0,0
B1_D0,1835087081,287,306,0.9880863070700083,0.9880905123755429,0.09844370096642267,0.9880863070700083,0.7602403019152794,0.21400000000000002,0.8075681169759857,0.7117387994185944,0.9306682397442065,0.9469925961213244,309,0.14018697606768646,0.18278985842596152,0.11441090569218945,0.2168637346004855,0.2946613163717815,0.051087208841895715,0.2,0.2,True,False,0.0,0
B1_D0,1835087081,288,309,0.9757779957740652,0.9880432926407484,0.03493639201452154,0.9757779957740652,0.7517032853080419,0.526,0.8066852816450564,0.7038315891571105,0.9376014157697858,0.9305642569881238,309,0.03349662136807249,0.22981499460737942,0.09936842425518722,0.26717822110557843,0.31986372936773416,0.05027800929604836,0.6,0.4,True,False,0.0,0
B1_D0,1835087081,289,309,0.9906980481136883,0.9933103579911403,0.047289279630913734,0.9906980481136883,0.7392834071634374,0.456,0.8065718632223557,0.7099743812299761,0.9213011946963531,0.9554280243073288,304,0.20417964413401352,0.1652081711941032,0.12532303070255474,0.21620806241703053,0.18729960251772887,0.10178148903456924,0.4,0.4,True,False,0.0,0
B1_D0,1835087081,290,304,0.9918898584136273,0.9929900552057733,0.054170153610897824,0.9918898584136273,0.7360870700224295,0.4,0.80566312556219,0.714054949924009,0.9254210780218401,0.957720448358486,304,0.18224109694414525,0.1614539725049553,0.0951892752552343,0.1798489040079074,0.28125001397561183,0.10001673731214587,0.0,0.4,True,False,0.0,0
B1_D0,1835087081,291,304,0.9867176048943297,0.9867176405965522,0.13639334966451666,0.9867176048943297,0.699386623006698,0.05600000000000001,0.8097761935968474,0.7107199664303624,0.9198111671206874,0.9541899401351522,292,0.09209705003192387,0.22878542574752292,0.0739304874762248,0.2351399144204194,0.23466098450515663,0.1353861378187524,0.4,0.0,True,False,0.0,0
B1_D0,1835087081,292,292,0.9878561377118252,0.9878604858657298,0.09817594600773841,0.9878561377118252,0.7069192707664751,0.22400000000000003,0.8121624213008531,0.7029001724244499,0.9278300504086187,0.9327866561892535,292,0.033952553945070865,0.19026077559929072,0.053250766761485095,0.2930744675601428,0.35365414987360194,0.07580728626040861,0.8,0.0,True,False,0.0,0
B1_D0,1835087081,293,292,0.9906171511797426,0.9906229448082862,0.09591357395052724,0.9906171511797426,0.6972926238706004,0.21400000000000002,0.8127721663111065,0.7053982411669963,0.9260144692929414,0.9372334432676624,285,0.15803846704711094,0.20893334732541397,0.027964516156113173,0.261679125193701,0.25483711962592315,0.08854742465173776,0.2,0.2,True,False,0.0,0
B1_D0,1835087081,294,285,0.9876954978696362,0.9876957997058398,0.11940909115861081,0.9876954978696362,0.6827486227519804,0.126,0.80525924043854,0.7027308336640572,0.9308405180805776,0.9375145425645834,280,0.09503130694263358,0.15345627731968028,0.012586239284318571,0.3909454377973204,0.2871374785846513,0.06084326007139598,0.6,0.0,True,False,0.0,0
B1_D0,1835087081,295,280,0.9909364385987176,0.9909364465460148,0.14838637689731468,0.9909364385987176,0.6831325528446245,0.05600000000000001,0.8039760633328014,0.6976505598792323,0.9237555810811691,0.9393723073276621,282,0.0632033487297241,0.29078101089304176,0.019478661945044613,0.27605872324672487,0.22999557404324603,0.12048268114221863,0.4,0.0,True,False,0.0,0
B1_D0,1835087081,296,282,0.9906141301495229,0.9906160181975232,0.1048384761051968,0.9906141301495229,0.6946158212691491,0.2,0.801258012936674,0.6993052457159205,0.9209490940588189,0.9476735847085632,289,0.14421517288312155,0.32440063270365693,0.01684677295110753,0.2322723120785534,0.2478453554288335,0.03441975395472713,0.0,0.2,True,False,0.0,0
B1_D0,1835087081,297,289,0.9893085951600177,0.9893085985337888,0.1551934880012856,0.9893085951600177,0.6706411253969802,0.0,0.8024850957392514,0.7028107591343323,0.9240655110717829,0.9477606315577801,280,0.1683846963025988,0.17575774399859265,0.022271934415755586,0.19430707221939458,0.27605663209422954,0.1632219209694289,0.0,0.0,True,False,0.0,0
B1_D0,1835087081,298,280,0.990863063148972,0.9908630686119151,0.1513695755060633,0.990863063148972,0.6714514302897612,0.014000000000000002,0.8072843544797479,0.7101329123321025,0.8986769561563047,0.9788350222821971,281,0.21828363943108478,0.23833260775679604,0.06431488725614821,0.3150516370606893,0.13508998095850044,0.028927247536781286,0.2,0.0,True,False,0.0,0
B1_D0,1835087081,299,281,0.9872870493877345,0.9879279363883217,0.058431024903348915,0.9872870493877345,0.6891024301556512,0.4,0.8049114118810727,0.7057596926153313,0.9021144832331022,0.9719571325958606,289,0.076667823747925,0.1781472815007894,0.03241227459549839,0.39515904646844163,0.2665261134621397,0.051087460225205814,0.0,0.4,True,False,0.0,0
