arm,seed,step,novelty_vector_count,h_n_latest,h_n_shape_latest,V,H_N,L_t,total_suppression,avg_wb,theta_capability,transfer_state,g,population,x_compute,x_bio_welfare,x_novelty_agency,x_institutional_capacity,x_transfer_comprehension,x_resilience,c_protective,c_suppressive,adapter_active,action_modified,adapter_score,shape_fallback_increase
B1_D0,1835087069,0,200,0.9834979203280277,0.983874197561858,0.06263724986390036,0.9834979203280277,0.10026338204526787,0.22400000000000003,0.658105960791262,0.5222439920436894,0.5411656164308298,1.4663830523876131,206,0.27804990054611817,0.20219131166311344,0.027722007694648707,0.19158055246219366,0.2558280821541494,0.04462814547977662,0.8,0.0,False,False,0.0,2
B1_D0,1835087069,1,206,0.983113017252784,0.9831145068600966,0.1066647526429899,0.983113017252784,0.1180673018256844,0.014000000000000002,0.671780906247049,0.5328320988330952,0.5685272732058438,1.3951195366289049,209,0.14625382989487906,0.3412459922557978,0.08251423573023163,0.20816665795579684,0.2073910920904852,0.014428192072809392,0.2,0.0,False,False,0.0,0
B1_D0,1835087069,2,209,0.9699906229553423,0.9850362650547323,0.033285770463231674,0.9699906229553423,0.13802190715970322,0.456,0.6851105740078953,0.5341906120563322,0.6116745458852595,1.27472109444758,209,0.03750147706114677,0.19288746435887522,0.07561797057319823,0.2746774865989085,0.3755127595646229,0.04380284184324838,0.4,0.4,False,False,0.0,0
B1_D0,1835087069,3,209,0.978476664958491,0.9853981294054073,0.03946938204575242,0.978476664958491,0.16682865880317055,0.41400000000000003,0.6990046751291132,0.5444979585463776,0.6436383355739778,1.2102477176312592,215,0.1502109636607756,0.24049586889457902,0.032002917446074114,0.2861739041381248,0.26565622138622086,0.025460124474225743,0.2,0.4,False,False,0.0,0
B1_D0,1835087069,4,215,0.9836626776434426,0.9837642052378905,0.07306402284968173,0.9836626776434426,0.18791908665046778,0.2,0.7103519398835064,0.5445452947101938,0.67927450201658,1.1285352430186522,213,0.02840292613918809,0.17369717539525328,0.11960102496294309,0.2742872206567809,0.36177594998471624,0.04223570286111846,0.0,0.2,False,False,0.0,0
B1_D0,1835087069,5,213,0.957562149571518,0.990722959807367,0.027040901440253506,0.957562149571518,0.2049396128587398,0.526,0.7231930614784696,0.55923261776717,0.6988006070177261,1.106585486267124,212,0.2114323474060752,0.24260999758458185,0.000554843099965644,0.3019191557143795,0.23726777601402033,0.006215880180977571,0.6,0.4,False,False,0.0,0
B1_D0,1835087069,6,212,0.9622420608863967,0.9854301652177634,0.029845814423378334,0.9622420608863967,0.2225422391935326,0.526,0.7320617751191176,0.581122599515958,0.7158335718922972,1.108939803752284,209,0.31064515796433095,0.16191189540442974,0.06359826032523759,0.19896144486082967,0.23456512788171902,0.030318113563453146,0.6,0.4,False,False,0.0,0
B1_D0,1835087069,7,209,0.979970284986645,0.9831369414060585,0.04567548448293225,0.979970284986645,0.24737929053466523,0.42400000000000004,0.7352173211219443,0.6020664695401601,0.7421468344587431,1.1034149695506428,211,0.3448529918496278,0.15132312891213376,0.021317677447655118,0.1558604909932391,0.28948309877837763,0.03716261201896666,0.8,0.2,False,False,0.0,0
B1_D0,1835087069,8,211,0.9853662315984144,0.9853662833853618,0.13342188805248445,0.9853662315984144,0.2693190042154396,0.014000000000000002,0.7472343027964998,0.6067562132637708,0.7679321510128687,1.0573884960052955,212,0.12241334000773443,0.17316063215768748,0.030590617531533623,0.20476850860209014,0.3910096789044324,0.07805722279652202,0.2,0.0,False,False,0.0,0
B1_D0,1835087069,9,212,0.983219471378944,0.9859461722557389,0.046888896075748414,0.983219471378944,0.2885720642742991,0.41400000000000003,0.7532224611946258,0.6259782398569834,0.7625163745289144,1.0899003700740757,213,0.3069979657050146,0.20574700727021816,0.027324425730567994,0.2771419624781805,0.1568871930866628,0.025901445729355783,0.2,0.4,False,False,0.0,0
B1_D0,1835087069,10,213,0.9843826039574823,0.9853867041091854,0.054836497893164325,0.9843826039574823,0.3057156692346865,0.35,0.7485962793135563,0.6400450719178186,0.7770628604769347,1.1002889243907907,214,0.254571800671054,0.13563913134593078,0.002682035576486682,0.22592915135641337,0.25399061700455905,0.12718726404555614,1.0,0.0,False,False,0.0,0
B1_D0,1835087069,11,214,0.9824949601814051,0.9873308794476909,0.042339113276193774,0.9824949601814051,0.3292236224706248,0.456,0.7501106560976539,0.6516542157739936,0.7860063704020056,1.1052634490438327,222,0.23264246815082515,0.20994584389758103,0.04953575094738029,0.20049307465466643,0.2332489798638217,0.0741338824857254,0.4,0.4,False,False,0.0,0
B1_D0,1835087069,12,222,0.9708429314930822,0.9874797042487352,0.03250528831405975,0.9708429314930822,0.3506726100823207,0.526,0.7573507486200803,0.6607278655034519,0.8056676621345558,1.0828533184231255,222,0.20820450647697353,0.22296971166440696,6.081040421104285e-06,0.27349163298187296,0.29130964386375385,0.0040184239725716475,0.6,0.4,False,False,0.0,0
B1_D0,1835087069,13,222,0.9890336274495481,0.9890337569354694,0.12615657644847464,0.9890336274495481,0.37592908552210846,0.05600000000000001,0.7623419250760398,0.655733632655697,0.8251008959211001,1.0424868754639862,224,0.03802700534272099,0.22509380362634943,0.018678050175356228,0.2561891900314793,0.3830787037857794,0.07893324703831471,0.4,0.0,False,False,0.0,0
B1_D0,1835087069,14,224,0.9819639756407308,0.9819639777558762,0.15885079152945372,0.9819639756407308,0.3773027852237198,0.0,0.7699598572325665,0.6651489115306778,0.8151675166598296,1.0597512466639234,219,0.21502450634707168,0.17547208497483363,0.14713071123964236,0.2863041029245885,0.16288355165419724,0.013185042859666618,0.0,0.0,False,False,0.0,0
B1_D0,1835087069,15,219,0.9861677148931083,0.9861677524316463,0.13598967363902134,0.9861677148931083,0.3951358588745024,0.05600000000000001,0.7741801053426715,0.6624051097888526,0.8255776581533064,1.036391245144591,221,0.0689205479338579,0.18893565092789036,0.10489578382002418,0.3022607099596575,0.25963446579729915,0.07535284156127092,0.4,0.0,False,False,0.0,0
B1_D0,1835087069,16,221,0.9820812932528712,0.9820867679694457,0.09629537066866976,0.9820812932528712,0.4115411246907146,0.21400000000000002,0.7746704613330624,0.67928485429941,0.8389282855152981,1.0452257433978485,226,0.3889069741014488,0.16668480931107565,0.023273966415508312,0.13276772693711542,0.2795419658866114,0.008824557348240435,0.2,0.2,False,False,0.0,0
B1_D0,1835087069,17,226,0.987969585296657,0.9879832021964506,0.08909002930374142,0.987969585296657,0.43489264046172327,0.21400000000000002,0.7753814329175239,0.6793598981376654,0.8524371641658892,1.0278319994902765,231,0.1129910819153235,0.2460656091782572,0.06246103094314641,0.2396509199165081,0.2870085360106049,0.05182282203615974,0.2,0.2,False,False,0.0,0
B1_D0,1835087069,18,231,0.9798690723228528,0.9822409714479257,0.047968571679325965,0.9798690723228528,0.4423377309043333,0.42400000000000004,0.7802846063205692,0.6888027155442985,0.8381659367194289,1.0532023136600945,232,0.23013515391895512,0.20566453812412885,0.027183024005210575,0.37956935524092983,0.154862444850643,0.0025854838601324804,0.8,0.2,False,False,0.0,0
B1_D0,1835087069,19,232,0.9879170523974838,0.9884127237451025,0.060480192135009284,0.9879170523974838,0.4602573579542768,0.35,0.7775394602760752,0.6942529268312994,0.8425894929512787,1.059690988957805,239,0.18612933830269773,0.18063452049362944,0.08802930236160951,0.1802850151915002,0.24120074951896384,0.12372107413159925,1.0,0.0,False,False,0.0,0
B1_D0,1835087069,20,239,0.975395699462308,0.9886640700043029,0.03431565681864452,0.975395699462308,0.4755862938289722,0.526,0.78428326528653,0.6897624193476322,0.8583305436561508,1.0246416690749187,241,0.06527673572372185,0.19164713386598498,0.029568757757368315,0.3641991263892844,0.3374239284150881,0.011884317848552425,0.6,0.4,False,False,0.0,0
B1_D0,1835087069,21,241,0.9905295164173462,0.9905295256981741,0.1471483497501986,0.9905295164173462,0.5103350058803827,0.014000000000000002,0.7857193139428387,0.6881679527267437,0.8724974892905357,1.0038361455248495,247,0.0986706793311648,0.20395913026501705,0.002741110208766803,0.2807493365795793,0.3537957279225973,0.06008401569287478,0.2,0.0,False,False,0.0,0
B1_D0,1835087069,22,247,0.9831171221197426,0.9833209837310668,0.0675113818265469,0.9831171221197426,0.5113862370776062,0.35,0.7985473276057197,0.7008371005903089,0.8852477403614821,0.9914061228602609,243,0.27596931874878045,0.16608970830958683,0.05034022826467403,0.12854657328103936,0.35761416143850117,0.021440009957418085,1.0,0.0,False,False,0.0,0
B1_D0,1835087069,23,243,0.9907665449052662,0.9907743237850397,0.09356932587834554,0.9907665449052662,0.5288892113843433,0.21400000000000002,0.8012940790016683,0.7082766764731694,0.8967229663253339,0.9857180615726385,245,0.218517886404699,0.1790413354491772,0.02532869551848797,0.17513411047590033,0.3628154390143936,0.039162533137341915,0.2,0.2,False,False,0.0,0
B1_D0,1835087069,24,245,0.9833832523215558,0.9833833801303978,0.12621474089842893,0.9833832523215558,0.5353066107703632,0.126,0.8028394981742306,0.7073771329254417,0.9027243166319816,0.976038939703704,250,0.11892862844913402,0.19332173026754615,0.1302686572882059,0.17642277804468198,0.2783682346959055,0.10268997125452647,0.6,0.0,False,False,0.0,0
B1_D0,1835087069,25,250,0.9904869335972112,0.9904909838366673,0.09876208330460294,0.9904869335972112,0.5573314576187698,0.21400000000000002,0.8030997896211398,0.7185541992472839,0.9062787231439903,0.9872524848636307,251,0.2693240371014295,0.1725384632934573,0.03848799923527619,0.23997758811150402,0.26913419087603424,0.010537721382298823,0.2,0.2,False,False,0.0,0
B1_D0,1835087069,26,251,0.9822185769424324,0.9824769453917569,0.06561844415782217,0.9822185769424324,0.5414899299260443,0.35,0.8079605649720265,0.7163123649780481,0.8995252401265195,0.9855959947000112,243,0.1085734461641046,0.1860067077379562,0.0413370754644092,0.33640527602407655,0.21937194648464087,0.10830554812481262,1.0,0.0,False,False,0.0,0
B1_D0,1835087069,27,243,0.9851665260899285,0.9871405732014421,0.04946969004796129,0.9851665260899285,0.541684094584418,0.456,0.8223881321494895,0.7095864546133162,0.8990479119363293,0.959722431131458,237,0.05112134855213123,0.20561870166009566,0.0007793826216713683,0.27894926625798505,0.24737597911230866,0.21615532179580807,0.4,0.4,False,False,0.0,0
B1_D0,1835087069,28,237,0.9884185344155726,0.9884185351329904,0.1675095391595155,0.9884185344155726,0.5419868512896193,0.0,0.8273393422235068,0.7091475873880322,0.8992430207802969,0.9531820980574355,232,0.12550569381727278,0.17248154308107178,0.010842963150078442,0.34665372845447007,0.250499500188003,0.09401657130910389,0.0,0.0,False,False,0.0,0
B1_D0,1835087069,29,232,0.9736956729236361,0.9856390709316303,0.035128699008487335,0.9736956729236361,0.5509103798870914,0.55,0.8278156258725134,0.7054277860911831,0.8982939498268782,0.9486378911554737,238,0.08421972590690595,0.21263526205320046,0.1387007814327165,0.27284542499956216,0.24487615562305465,0.04672264998456031,1.0,0.2,False,False,0.0,0
B1_D0,1835087069,30,238,0.9851253564986324,0.9851263753239013,0.10970475783041303,0.9851253564986324,0.5636053744195186,0.2,0.8258534196245266,0.6973152059153047,0.9078502943634338,0.930062053533601,239,0.026985114108509914,0.2810064173879683,0.04103662997586692,0.3081696053821139,0.2969286975962171,0.04587353554932385,0.0,0.2,False,False,0.0,0
B1_D0,1835087069,31,239,0.9907431074834011,0.9907448944738539,0.10527740010205293,0.9907431074834011,0.5692362686053172,0.21400000000000002,0.8205030481107576,0.6905390196199765,0.9170652649270904,0.9177148954983019,242,0.03861967500546375,0.2019113469506439,0.08780904106754464,0.22588497439216018,0.3020194049859957,0.14375555759819192,0.2,0.2,False,False,0.0,0
B1_D0,1835087069,32,242,0.9859581863017639,0.9859747012831103,0.08753788413112108,0.9859581863017639,0.5631324537184406,0.256,0.8197642113132856,0.7011264093823792,0.9119689259797565,0.9378369317366773,243,0.25142925929251875,0.1687226676237009,0.09306011373209497,0.15618572110060114,0.23305093772687602,0.09755130052420825,0.4,0.2,False,False,0.0,0
B1_D0,1835087069,33,243,0.9864476864974833,0.9865222564608621,0.07554273037058926,0.9864476864974833,0.5681868747448307,0.326,0.8173735477489839,0.7032381987844684,0.9129159008340936,0.9424343405681005,242,0.15210137339010074,0.17885632676212623,0.10597007496958005,0.2927764343114332,0.2607193372615632,0.009576453305196542,0.6,0.2,False,False,0.0,0
B1_D0,1835087069,34,242,0.9880821050806808,0.9880871525909102,0.09699057696211699,0.9880821050806808,0.5778399156897172,0.21400000000000002,0.8150054717334447,0.7027312776340092,0.9132805607828103,0.9441142344938978,244,0.12068735985955345,0.18069602469084872,0.003337922553854652,0.31571811742479505,0.2582812501606301,0.12127932531031806,0.2,0.2,False,False,0.0,0
B1_D0,1835087069,35,244,0.988463294342225,0.9891136901686297,0.05832333732738564,0.988463294342225,0.5791786429723194,0.4,0.812062256830568,0.7037470455704768,0.9219525047045293,0.9399802103237925,248,0.13940414772710133,0.2004850534040195,0.06064795830322917,0.14569200817947614,0.38193266619785793,0.071838166188316,0.0,0.4,False,False,0.0,0
B1_D0,1835087069,36,248,0.988257013465323,0.9890479468824571,0.05676555768796608,0.988257013465323,0.5990722608791808,0.42400000000000004,0.8127480676853172,0.7033853932305277,0.928194443879036,0.9323917782425232,252,0.12282124923218392,0.2279387233334402,0.08119688892742566,0.2705227115757089,0.29218594822479865,0.005334478706442809,0.8,0.2,False,False,0.0,0
B1_D0,1835087069,37,252,0.9803329915620334,0.9803357333757475,0.1017857233397648,0.9803329915620334,0.5944763727913774,0.2,0.8093755735817523,0.7062244350855295,0.9084035571556217,0.9605363842572867,255,0.16260389395660169,0.17372425185516777,0.1539483803178974,0.272546251780625,0.16514278832244655,0.07203443376726165,0.0,0.2,False,False,0.0,0
B1_D0,1835087069,38,255,0.9864338859107594,0.9864419671273391,0.09323092419313589,0.9864338859107594,0.5960438876939957,0.256,0.8172177370486691,0.7102455906871783,0.9168216306726475,0.9479510480551673,252,0.1791547169490662,0.17064284932517457,0.07500100299016718,0.16729434615949057,0.2962921461629401,0.11161493841316142,0.4,0.2,False,False,0.0,0
B1_D0,1835087069,39,252,0.9851464424459255,0.9851483161935138,0.1048549393101578,0.9851464424459255,0.60723846018587,0.2,0.810755569947273,0.7235376480435672,0.904770494727899,0.9863538937771918,259,0.297554211134348,0.1556225019974284,0.07112187268124712,0.20795943065958758,0.19815513561258155,0.0695868479148074,0.0,0.2,False,False,0.0,0
B1_D0,1835087069,40,259,0.987250507700946,0.9873320134645328,0.07484132467859723,0.987250507700946,0.6069736133382388,0.326,0.8102884324137937,0.726541222482349,0.896465195653752,1.0002007782358513,259,0.17725571051200079,0.2170338573793299,0.026155638342261225,0.23841989104068761,0.21085875199321436,0.13027615073250606,0.6,0.2,False,False,0.0,0
B1_D0,1835087069,41,259,0.9856367357304283,0.9856368619839161,0.12633042443894255,0.9856367357304283,0.598252546354893,0.126,0.8126742831393792,0.7208947230277882,0.8998458306571316,0.9857963842801539,254,0.07100702086945875,0.18262469079987598,0.07000679801702829,0.25891656548927594,0.26513577284377376,0.15230915198058734,0.6,0.0,False,False,0.0,0
B1_D0,1835087069,42,254,0.982678188693549,0.984830816018929,0.04876167410191173,0.982678188693549,0.6008512516639283,0.456,0.8142882849399362,0.7249669380288786,0.9052452450828607,0.9834986363725129,255,0.18896188940599648,0.24905866751994282,0.02034972130736977,0.18849446062804398,0.2769199874572111,0.07621527368143591,0.4,0.4,False,False,0.0,0
B1_D0,1835087069,43,255,0.9850997685799583,0.9862838373376266,0.05353140527665872,0.9850997685799583,0.5892691126600305,0.41400000000000003,0.8158421621065312,0.7228001852160355,0.8953093007597794,0.98955289455238,251,0.1135199261075112,0.20150863348499792,0.15313867576306037,0.25067021814713353,0.20294290092602393,0.07821964557127299,0.2,0.4,False,False,0.0,0
B1_D0,1835087069,44,251,0.9870414007556569,0.9881799468171258,0.05385876476332999,0.9870414007556569,0.6085538458893881,0.42400000000000004,0.8137692230704694,0.7189310601178285,0.9057783706838015,0.975357977349226,255,0.09088605203243397,0.1799018410939764,0.007787136725732723,0.3903842192942916,0.31072254080825196,0.02031821004531323,0.8,0.2,False,False,0.0,0
B1_D0,1835087069,45,255,0.9884757696742567,0.988477579620333,0.10515755896903074,0.9884757696742567,0.6323917033057512,0.2,0.8094260189524182,0.7206657479684655,0.9152005336154214,0.9728378425671764,261,0.15851551070660566,0.19135036385101203,0.027672302209002995,0.25920931348155796,0.32791811225752565,0.03533439749429575,0.0,0.2,False,False,0.0,0
B1_D0,1835087069,46,261,0.9914456707473777,0.9915782872664611,0.07100061733719666,0.9914456707473777,0.6078079222829615,0.35,0.8100371460849638,0.7345736892374954,0.9036812430042906,1.0034948913246522,250,0.3117653583431657,0.18819319125724263,0.05641710022273591,0.20732746532746846,0.20000381375205661,0.03629307109733059,1.0,0.0,False,False,0.0,0
B1_D0,1835087069,47,250,0.9878345165813412,0.9878345247443634,0.14814822922616522,0.9878345165813412,0.6147095441372075,0.05600000000000001,0.8076415819207775,0.7242000712412,0.9133131187038616,0.9817935996719284,253,0.016938330819741672,0.19791050164747503,0.03430041083187129,0.32081590541690475,0.3861693460899203,0.0438655051940868,0.4,0.0,False,False,0.0,0
B1_D0,1835087069,48,253,0.987524427895853,0.9905021591731725,0.04622455617122824,0.987524427895853,0.6107208986884678,0.456,0.8088958240986923,0.7306919919117889,0.8993084702115067,1.0044609798078847,251,0.22127405290811117,0.1886516261649461,0.012796125132923521,0.26497074443823654,0.18663331689015678,0.12567413446562584,0.4,0.4,False,False,0.0,0
B1_D0,1835087069,49,251,0.9872818946213762,0.9875698071503368,0.0647977624662428,0.9872818946213762,0.5874613599604224,0.4,0.8086081721627426,0.7376660263633972,0.8715368913074197,1.0467329149192661,245,0.2313579255899708,0.1697784225575349,0.1712090395752985,0.2932412976184542,0.11079634058531836,0.023616974073423225,0.0,0.4,False,False,0.0,0
B1_D0,1835087069,50,245,0.9838082974315854,0.9838764474592679,0.07623796863218482,0.9838082974315854,0.5810971058136521,0.326,0.8092919885363422,0.737941262130318,0.8615750888381328,1.0583356364590637,244,0.15198171356363357,0.17269249039679493,0.0344886569379001,0.37602519127617245,0.18595943330727513,0.07885251451822371,0.6,0.2,True,False,0.0,0
B1_D0,1835087069,51,244,0.987241881639052,0.9872418834023864,0.16034153441641852,0.987241881639052,0.583657260250627,0.0,0.8108663753296114,0.751044199023802,0.8388521007712735,1.1041569435782705,249,0.32125975542694485,0.24863415457822313,0.09280148121414133,0.19406434685537036,0.11717260408476975,0.026067657840550658,0.0,0.0,True,False,0.0,0
B1_D0,1835087069,52,249,0.9818675613606379,0.9838615232550317,0.04936330324995767,0.9818675613606379,0.5839449889436082,0.456,0.8138848080394817,0.7451763867985243,0.8549668906941461,1.0708948889714593,249,0.08355497157390396,0.2773572027828898,0.05546678237550311,0.2030552348943494,0.3433833906421811,0.03718241773117259,0.4,0.4,True,False,0.0,0
B1_D0,1835087069,53,249,0.9849490336543885,0.9849490354046555,0.1603822341906134,0.9849490336543885,0.5928900950968611,0.05600000000000001,0.8125280974449508,0.7433383991245771,0.8694702016247315,1.0521883225538065,250,0.13026039582473845,0.16207798423304134,0.021283301779715786,0.21761999400329762,0.3516071072651354,0.11715121689407154,0.4,0.0,True,False,0.0,0
B1_D0,1835087069,54,250,0.9825767235749145,0.9825798304426063,0.10080895121649756,0.9825767235749145,0.5990012661942395,0.22400000000000003,0.8076572128704271,0.7450461301613347,0.8587307356960157,1.074234460138438,255,0.17343313741233088,0.16329495800873028,0.12899225002013626,0.2804618961326348,0.18103777116878653,0.07277998725738127,0.8,0.0,True,False,0.0,0
B1_D0,1835087069,55,255,0.9898070669152906,0.9898074426949457,0.11768189193344543,0.9898070669152906,0.6170975377416019,0.126,0.8038599668503176,0.7540363749639997,0.8548012475008226,1.0973539941874728,258,0.2655318913841463,0.21709841481718917,0.007727876937970348,0.2739914060390848,0.20971792687204294,0.025932483949566505,0.6,0.0,True,False,0.0,0
B1_D0,1835087069,56,258,0.9852927116371507,0.9882438357941211,0.04627783251484558,0.9852927116371507,0.6217242052773863,0.456,0.8051642712882112,0.7438468055865174,0.8693211227507404,1.0627198068622545,258,0.031403117133971405,0.23370427174613415,0.09625307303156772,0.29669650156114374,0.32366723784054974,0.018275798686633246,0.4,0.4,True,False,0.0,0
B1_D0,1835087069,57,258,0.989641986923367,0.9896599312619659,0.08690684080203245,0.989641986923367,0.6424670141656574,0.256,0.8036458662696521,0.7490116652805605,0.8673835028408892,1.0745155592100917,263,0.21696499966711288,0.16732861800116153,0.0837665481468194,0.30288510126227536,0.22497246182611408,0.00408227109651663,0.4,0.2,True,False,0.0,0
B1_D0,1835087069,58,263,0.9898891774219274,0.9898892137701252,0.1362761569027849,0.9898891774219274,0.6377111228168973,0.05600000000000001,0.802705112250573,0.7536366455272188,0.8674358900466247,1.082352169170074,260,0.21344454388357792,0.15559037270872078,0.0973328858480878,0.2425962931126653,0.2339536874491221,0.057082216997826,0.4,0.0,True,False,0.0,0
B1_D0,1835087069,59,260,0.9903610255741715,0.991683737135912,0.05269347068363552,0.9903610255741715,0.6454091768310961,0.42400000000000004,0.802717723387776,0.7659548132508578,0.8560108586324104,1.1147077583904665,263,0.3463584877678857,0.22823683128734895,0.003353136434853172,0.23492208926309782,0.17659278795224104,0.010536667294573518,0.8,0.2,True,False,0.0,0
B1_D0,1835087069,60,263,0.9853483394023662,0.9855663137269911,0.06699672255003442,0.9853483394023662,0.659059163934168,0.35,0.8066665248785101,0.7588318367227853,0.8704097727691694,1.080756235526983,265,0.07718455168088081,0.167701108169288,0.0015767145847387389,0.2751284006240851,0.4763928322680926,0.0020163926729147275,1.0,0.0,True,False,0.0,0
B1_D0,1835087069,61,265,0.9922938556480353,0.9922938695193276,0.14396359521069285,0.9922938556480353,0.676909989267456,0.05600000000000001,0.8033644964453208,0.747619874475263,0.8733872724848996,1.0655193583259381,273,0.021620369857712377,0.2644468558862794,0.030654461411014546,0.31290518984607363,0.2500923849632356,0.12028073803568445,0.4,0.0,True,False,0.0,0
B1_D0,1835087069,62,273,0.9857130272011111,0.986503532324599,0.05674936487537255,0.9857130272011111,0.6792212032027078,0.4,0.8039240755596976,0.7429180806229391,0.8860485452364096,1.0429617380563845,272,0.09598999839298944,0.1658351698303519,0.05324738277726108,0.3032073897772451,0.33647390557142864,0.04524615365072391,0.0,0.4,True,False,0.0,0
B1_D0,1835087069,63,272,0.9889575456176064,0.9889604888448214,0.10129118180430995,0.9889575456176064,0.6743887499611884,0.2,0.8030765807625218,0.7519579958392631,0.8665784866636963,1.080509817555419,271,0.26482274059338795,0.21357857229164767,0.05428742230636327,0.2802529595492727,0.1456739797546382,0.04138432550469019,0.0,0.2,True,False,0.0,0
B1_D0,1835087069,64,271,0.9897371889604817,0.9898863232885495,0.07005262356057942,0.9897371889604817,0.682284576392415,0.35,0.8121800257068298,0.743772089249961,0.8690664930157637,1.0537426698589887,272,0.05514991503326267,0.22341271051002462,0.027966529239998466,0.34657655964528805,0.24572927509218484,0.10116501047924123,1.0,0.0,True,False,0.0,0
B1_D0,1835087069,65,272,0.9878429290930241,0.9896198581013419,0.05032705095601233,0.9878429290930241,0.6997910025193185,0.42400000000000004,0.8072408026857989,0.7554655845595905,0.8590068859686414,1.0894691421588856,280,0.2985262471515945,0.18011026153579995,0.005356795320466882,0.25883799005116387,0.18423521127227044,0.07293349466870441,0.8,0.2,True,False,0.0,0
B1_D0,1835087069,66,280,0.977373658280786,0.9895333512031524,0.03501722031130295,0.977373658280786,0.7011186081145653,0.526,0.8045375707267761,0.765137001253387,0.840700639647281,1.1312315181251456,286,0.28055869902220143,0.20963457137330035,0.03590618320029707,0.28083624067439894,0.1379722113775191,0.05509209435228315,0.6,0.4,True,False,0.0,0
B1_D0,1835087069,67,286,0.9921551626424395,0.9921551644097782,0.16036299501643023,0.9921551626424395,0.7110981353787631,0.014000000000000002,0.8057927462123228,0.7661779207626226,0.8322835187492668,1.1424441665375917,289,0.17872211964881135,0.1686522528109698,0.03892464746364008,0.24045695965186265,0.17826471533356944,0.19497930509114667,0.2,0.0,True,False,0.0,0
B1_D0,1835087069,68,289,0.9903800525427402,0.9904680488824084,0.07425665523249805,0.9903800525427402,0.7101432904392109,0.326,0.8140139516060887,0.7555309131454264,0.8490551668743401,1.0931618851315008,285,0.033273605261686386,0.2930506514552195,0.04745057127509863,0.24939368734828823,0.3750418651268945,0.001789619532812567,0.6,0.2,True,False,0.0,0
B1_D0,1835087069,69,285,0.9893447680494266,0.9894253415700011,0.07494975373213675,0.9893447680494266,0.7237779248619711,0.326,0.8140803679654454,0.7470766127759937,0.8606210991426477,1.066315863745941,289,0.054028066097982455,0.2033349687398003,0.03912680744440663,0.280622169522275,0.2823572447787082,0.14053074341682753,0.6,0.2,True,False,0.0,0
B1_D0,1835087069,70,289,0.9841440189739693,0.9842014327302896,0.0776051743065979,0.9841440189739693,0.7401941178579936,0.326,0.8095861207318833,0.7439345757195183,0.8635553757779604,1.0640976830553062,298,0.11514741977905353,0.1647413375860583,0.08360944971405936,0.3099844214286746,0.24498193274788693,0.08153543874426716,0.6,0.2,True,False,0.0,0
B1_D0,1835087069,71,298,0.9870225427941806,0.9870225463568606,0.15474139274977278,0.9870225427941806,0.7235958129493604,0.0,0.8121364403220547,0.7372114359840329,0.8585809108473106,1.0572600876464913,293,0.0684198631311322,0.1963085344942873,0.052343974604805686,0.28782049934571485,0.20690536323573147,0.18820176518832865,0.0,0.0,True,False,0.0,0
B1_D0,1835087069,72,293,0.9866862950657986,0.9869539769070315,0.06537274911630704,0.9866862950657986,0.7195599169181452,0.35,0.8135999800900652,0.7274818889348097,0.869770754548653,1.0280315796988082,293,0.02663780937473017,0.2982539870383679,0.03593701567406341,0.23105642238298282,0.2852396739303674,0.12287509159948844,1.0,0.0,True,False,0.0,0
B1_D0,1835087069,73,293,0.9765663609599597,0.9875507183479113,0.035810432264282946,0.9765663609599597,0.7022115842232642,0.526,0.809041420182272,0.718083700162561,0.8827936790937877,1.0054143911241897,289,0.024698820931146497,0.16400897937751177,0.012417832529927031,0.29997976421210126,0.49553756479824357,0.003357038151069829,0.6,0.4,True,False,0.0,0
B1_D0,1835087069,74,289,0.990790131063137,0.9907901336151193,0.15742753995476957,0.990790131063137,0.7142737432164946,0.0,0.8087332617909423,0.7183860850561257,0.8945143111844089,0.9930367319977302,292,0.14008212377115964,0.2513953492970838,0.024229165497947878,0.16762779040822223,0.32233414431310164,0.09433142671248482,0.0,0.0,True,False,0.0,0
B1_D0,1835087069,75,292,0.9925481447034794,0.9925481480498741,0.15528436666625214,0.9925481447034794,0.7237325045797378,0.0,0.8096783827408455,0.7164237356217964,0.905062880065968,0.9776393379388768,294,0.11196193523096243,0.17202448957450456,0.1788858094916705,0.2259413393102563,0.31093096293567524,0.0002554634569309367,0.0,0.0,True,False,0.0,0
B1_D0,1835087069,76,294,0.9879474890046218,0.987963078885554,0.08801278630270712,0.9879474890046218,0.7256584172330098,0.256,0.8087022339679646,0.7256605876654505,0.9040986556160817,0.9924966965041365,296,0.2507254853092985,0.16319843758407435,0.1153789159431645,0.20485042207626275,0.2477103177835527,0.01813642130364701,0.4,0.2,True,False,0.0,0
B1_D0,1835087069,77,296,0.9349905227528779,0.988992828740776,0.02314519423382665,0.9349905227528779,0.6867032158409121,0.614,0.8072226925886474,0.7294541109730804,0.9070477913240673,0.9962640146841855,292,0.1884569086362811,0.16515917262757393,0.012437315982462442,0.32132131763404775,0.2667950063479686,0.04583027877166623,0.2,0.6,True,False,0.0,0
B1_D0,1835087069,78,292,0.9887549296192032,0.9887549395927983,0.1465610275435334,0.9887549296192032,0.704913087077101,0.05600000000000001,0.8087348385210344,0.726998655584528,0.8960413818916647,1.0032274082633217,288,0.11271562700127034,0.23544126793321143,0.12087831666765844,0.2367407298932689,0.19849184850002044,0.09573221000457041,0.4,0.0,True,False,0.0,0
B1_D0,1835087069,79,288,0.9481878784919189,0.9927786037062398,0.024699967764386526,0.9481878784919189,0.670387209471543,0.614,0.8081122458274707,0.7191549939079295,0.9064372437024982,0.9817774915144254,285,0.04382838878284771,0.2921139216857118,0.03603199914262462,0.2548761117945241,0.3050207842298011,0.0681287943644906,0.2,0.6,True,False,0.0,0
B1_D0,1835087069,80,285,0.9888355896971126,0.9899118675414446,0.05432040547939582,0.9888355896971126,0.7184158163755167,0.41400000000000003,0.8032087227464281,0.7093182869275381,0.9092078494848306,0.9712914456783285,296,0.014013033937563693,0.22044229564264797,0.17322648542292707,0.2825839033012568,0.26707165076291106,0.04266263093269341,0.2,0.4,True,False,0.0,0
B1_D0,1835087069,81,296,0.9944069254037388,0.9944143587549193,0.09396018741896058,0.9944069254037388,0.7178711511841233,0.21400000000000002,0.8056931791268472,0.7194085301489239,0.9000140048120491,0.9921026932870632,296,0.2569519695970346,0.2571150186717609,0.04672417408348834,0.1914900937545912,0.20863470137850765,0.03908404251461721,0.2,0.2,True,False,0.0,0
B1_D0,1835087069,82,296,0.9889564978492859,0.9916653120934557,0.0469873249482744,0.9889564978492859,0.719117819037935,0.456,0.8004789293041101,0.7200467720238545,0.8980460087309882,1.001641283632167,300,0.14510835477970985,0.1666233664922594,0.1426675499588184,0.2500156378585026,0.24016702200072018,0.05541806890998978,0.4,0.4,True,False,0.0,0
B1_D0,1835087069,83,300,0.9875280954594775,0.9890681439418123,0.05146148138740943,0.9875280954594775,0.7081966113846939,0.42400000000000004,0.7996566375534268,0.7209200676295853,0.9070239397321654,0.9939506417573429,297,0.14844542758654386,0.2505083813411908,0.09981691180956144,0.1849493732738903,0.29391265937138034,0.02236724661743333,0.8,0.2,True,False,0.0,0
B1_D0,1835087069,84,297,0.9879336783153507,0.987934226381025,0.11466274316263819,0.9879336783153507,0.6938594878497047,0.126,0.8064278999912796,0.7202395926353642,0.8894068646194674,1.0041786181387298,292,0.12956910484072737,0.18706236668020795,0.22794522349837115,0.28998861205338855,0.16542659430259254,8.098624712470022e-06,0.6,0.0,True,False,0.0,0
B1_D0,1835087069,85,292,0.9864181145578618,0.9864182500774848,0.1257729621216451,0.9864181145578618,0.702736349583139,0.126,0.7998495247697548,0.7260023072142341,0.8830804017831091,1.0278493443855383,300,0.209683677632976,0.1751728652044998,0.17581662084480695,0.21857573316170378,0.2130711181279421,0.00767998502807145,0.6,0.0,True,False,0.0,0
B1_D0,1835087069,86,300,0.9853686591587142,0.9854147678165042,0.07936049220771274,0.9853686591587142,0.6821824370241681,0.256,0.8001635032219715,0.7258598838533208,0.8947723616047982,1.0138214963526355,294,0.13947114999748045,0.16008598374642355,0.08361893376983903,0.14852502019452266,0.31780053477946185,0.15049837751227255,0.4,0.2,True,False,0.0,0
B1_D0,1835087069,87,294,0.991328538194971,0.991335176812678,0.09483557074487768,0.991328538194971,0.6971243206689623,0.21400000000000002,0.8060865542809599,0.7252587923414251,0.893695954535718,1.0067497568006232,294,0.13364878350963,0.23140578877726423,0.06401398814857144,0.27657655054779323,0.24200414545699814,0.05235074355974305,0.2,0.2,True,False,0.0,0
B1_D0,1835087069,88,294,0.9879552448798674,0.9891545987479591,0.053452442093928666,0.9879552448798674,0.694901601102433,0.42400000000000004,0.8041072958659238,0.7268375680099985,0.9043263590821462,0.999535386976716,293,0.16052144107055952,0.2562512804381328,0.031097303495160232,0.20154285113027964,0.3325133689250093,0.018073754940858645,0.8,0.2,True,False,0.0,0
B1_D0,1835087069,89,293,0.9863706560613568,0.9900368345976797,0.04456521445263637,0.9863706560613568,0.6777765501306658,0.456,0.8029732301649817,0.7164128642265081,0.9071942162397408,0.983472082034948,287,0.011464682712617885,0.2841735898682348,0.00016428032286593328,0.4342816613709348,0.266502465329046,0.0034133203963004166,0.4,0.4,True,False,0.0,0
B1_D0,1835087069,90,287,0.9903853131322259,0.9903853391140697,0.13895271388144914,0.9903853131322259,0.6899521460197684,0.014000000000000002,0.8009455476235666,0.7201919511167293,0.8904530644016048,1.0097973787696852,293,0.1824966262693325,0.1667454692624788,0.01947524544106231,0.38826164250095013,0.1698913489291898,0.07312966759698646,0.2,0.0,True,False,0.0,0
B1_D0,1835087069,91,293,0.9900837248852291,0.9900841439456011,0.11681637279536328,0.9900837248852291,0.688356929112445,0.126,0.8006381861526211,0.7270007585540889,0.889585100899594,1.0207304335277876,288,0.2227300624149499,0.15832212694372685,0.0799255277350089,0.26919918260219183,0.24088671469074854,0.028936385613373874,0.6,0.0,True,False,0.0,0
B1_D0,1835087069,92,288,0.9884399824138798,0.9916108266057948,0.045733280304606966,0.9884399824138798,0.7127228553445291,0.456,0.7967529045681423,0.7156567780355448,0.9006265908096346,0.9973242251090477,299,7.571761450553281e-05,0.2556824884362792,0.01152014090200837,0.33579184457170086,0.39690979638542645,2.0012090079540477e-05,0.4,0.4,True,False,0.0,0
B1_D0,1835087069,93,299,0.9910834806215177,0.991083530364483,0.13378848509030494,0.9910834806215177,0.7005219589867446,0.05600000000000001,0.7985759340439331,0.7225103353552615,0.8727024455962259,1.0367204200991258,297,0.22045495276867477,0.2133111878572078,0.038833299159028466,0.3994465770281316,0.11069256933777388,0.017261413849183657,0.4,0.0,True,False,0.0,0
B1_D0,1835087069,94,297,0.991849131275638,0.9918491341863909,0.15638896478774106,0.991849131275638,0.6881254274692659,0.0,0.8070648167883863,0.7139260414802044,0.8825572465555284,1.0023096772324485,287,0.03176528615882501,0.19180571202489352,0.12120108900507066,0.3278184544667164,0.2856252275946253,0.041784230749869214,0.0,0.0,True,False,0.0,0
B1_D0,1835087069,95,287,0.992163979244313,0.9924506760881671,0.06487068853746779,0.992163979244313,0.6990289196218382,0.35,0.8047613265713314,0.709730120994512,0.8810573782541136,1.0009720405140086,293,0.08125476985397281,0.24738902207191893,0.07907325290987015,0.3238999174375683,0.23377928177068993,0.034603755955979885,1.0,0.0,True,False,0.0,0
B1_D0,1835087069,96,293,0.9878968910073066,0.9878971586392159,0.120368087403827,0.9878968910073066,0.7008157411586308,0.126,0.8012929682024416,0.7016628441859719,0.8879560253516686,0.986156154392024,296,0.030240365514818703,0.22895089527283327,0.08285785134853572,0.3649424007279084,0.27502192461483205,0.017986562521071822,0.6,0.0,True,False,0.0,0
B1_D0,1835087069,97,296,0.9915432311555118,0.9915459050890855,0.1020757817180608,0.9915432311555118,0.6943706416607701,0.21400000000000002,0.8071517529048116,0.7049935669541358,0.877316484224848,0.9955742843320705,291,0.16767331221828186,0.3072209219969575,0.003693358220654855,0.3171639180728133,0.19078030704173107,0.013468182449561357,0.2,0.2,True,False,0.0,0
B1_D0,1835087069,98,291,0.9904494327740009,0.9904610950234081,0.09034341845661466,0.9904494327740009,0.6937977369579301,0.21400000000000002,0.8033439489324183,0.7023603525620764,0.8895848358023631,0.9828134476878709,291,0.09520579944559163,0.18784430550287434,0.005287424173687139,0.2339491074674219,0.3124162354553424,0.16529712795508253,0.2,0.2,True,False,0.0,0
B1_D0,1835087069,99,291,0.99148486033044,0.9915785701637814,0.07376482345930963,0.99148486033044,0.6829151242918825,0.326,0.8056760319850482,0.6968611976689288,0.8937681237163146,0.9677450921260984,285,0.0577357841869532,0.1773106531563511,0.05157272400108166,0.31713301202863464,0.26570885747093914,0.1305389691560403,0.6,0.2,True,False,0.0,0
B1_D0,1835087069,100,285,0.9925086589900795,0.9925162107884874,0.09381913825080926,0.9925086589900795,0.695515424786247,0.21400000000000002,0.8027325715894059,0.7014191106729925,0.8877026534651091,0.984326531243345,290,0.1800121610938753,0.1595322211511537,0.014140891521292522,0.3606236244593755,0.21655671060212947,0.06913439117217351,0.2,0.2,True,False,0.0,0
B1_D0,1835087069,101,290,0.9728057314078328,0.9867897718492938,0.03388237998248369,0.9728057314078328,0.6807368050070515,0.526,0.8031539376555906,0.6949494311479452,0.8855084929456472,0.977150998065456,292,0.045015950107529734,0.3251306170225199,0.07611213847720465,0.2705302647918414,0.23288052413524485,0.05033050546565942,0.6,0.4,True,False,0.0,0
B1_D0,1835087069,102,292,0.9885315971065725,0.9885316219859914,0.13928292645499205,0.9885315971065725,0.6869114149542261,0.0,0.8001791645177599,0.6979488394729202,0.868557447838757,1.0042406616622854,296,0.15933599852965344,0.16325327968756506,0.20553941102691498,0.2506941764828254,0.15799902093837292,0.06317811333466826,0.0,0.0,True,False,0.0,0
B1_D0,1835087069,103,296,0.9885477016010727,0.9885480772053673,0.11767547310990513,0.9885477016010727,0.6723044025020533,0.126,0.7970571111052803,0.6920198867738134,0.8817017030548813,0.9847079736974935,288,0.049606115931740614,0.15126485659896852,0.0018456662767200383,0.34127157826115634,0.42300032292308537,0.03301146000832904,0.6,0.0,True,False,0.0,0
B1_D0,1835087069,104,288,0.9879022079900721,0.9892573467971757,0.05248117721195681,0.9879022079900721,0.6683538871872774,0.42400000000000004,0.7967826814258978,0.7060689374592057,0.8648928913134516,1.0245776836784992,286,0.2956255628010378,0.18032954376814442,0.06786223572802844,0.26500402403998274,0.156806792820292,0.034371840842514635,0.8,0.2,True,False,0.0,0
B1_D0,1835087069,105,286,0.9866342978411302,0.9867854700279728,0.06991961454243541,0.9866342978411302,0.6819972325067487,0.326,0.7934680561988547,0.705049189965367,0.8716874886224023,1.0193636855949315,292,0.11604624223902012,0.20601783864886372,0.04181245787502488,0.25360168803521,0.2664194322014792,0.11610234100040198,0.6,0.2,True,False,0.0,0
B1_D0,1835087069,106,292,0.9918180736789628,0.9918180789843545,0.15161018803303844,0.9918180736789628,0.684007535219139,0.0,0.7927679826299912,0.7142298170129915,0.884518739760162,1.0185558236586594,296,0.24291358182366055,0.20727625433637062,0.000899590341057848,0.07556799212183811,0.46928283234325796,0.004059749033814896,0.0,0.0,True,False,0.0,0
B1_D0,1835087069,107,296,0.9706392793379954,0.9913142723942109,0.030806339528911337,0.9706392793379954,0.6924355161980726,0.55,0.7977578110170632,0.7201457390015857,0.8933735116369043,1.0104533280728258,300,0.20784266049054834,0.17161808290488995,0.0720647677307564,0.2238924970744907,0.286533229263792,0.03804876253552251,1.0,0.2,True,False,0.0,0
B1_D0,1835087069,108,300,0.9877671741916445,0.9877811595481706,0.08887587393351401,0.9877671741916445,0.7007807583188835,0.22400000000000003,0.7989525080752237,0.7216723371582401,0.8844491980793325,1.0212832320427172,299,0.15667356383417028,0.18683699260343095,0.06989643181624951,0.25732559581120024,0.20206518803059367,0.12720222790435537,0.8,0.0,True,False,0.0,0
B1_D0,1835087069,109,299,0.989006598846729,0.98918795247077,0.06849000373934773,0.989006598846729,0.6897466173327568,0.35,0.8036023604281395,0.720857302282318,0.887645321786771,1.0105751853809077,292,0.12835727477487385,0.280804582517,0.049140209237525885,0.23392252202034866,0.25820521757685844,0.04957019387339312,1.0,0.0,True,False,0.0,0
B1_D0,1835087069,110,292,0.9890513806407195,0.9890513827788028,0.15882217866251225,0.9890513806407195,0.6891320377816647,0.014000000000000002,0.8053794163072504,0.7114365347525018,0.8988807896080939,0.9827284727569815,294,0.02027621980374568,0.1910253435970966,0.041526279338838755,0.20096158422632082,0.4644783830504055,0.08173218998359277,0.2,0.0,True,False,0.0,0
B1_D0,1835087069,111,294,0.9872319497286721,0.9872321654715714,0.12207832367442965,0.9872319497286721,0.7107641299964634,0.126,0.8047436227223093,0.7186309318955246,0.9081048593826866,0.9833596027241864,306,0.22207779850809967,0.1677877216241479,0.07108882420567168,0.12613191999645532,0.29556074367701013,0.11735299198861526,0.6,0.0,True,False,0.0,0
B1_D0,1835087069,112,306,0.993593409893331,0.9936081358564842,0.08851194255050907,0.993593409893331,0.7197936207729262,0.256,0.8083435608579761,0.7246260021413804,0.9066223159461827,0.9887614508786896,301,0.2115827105078993,0.16188453131949984,0.0339155777844181,0.300275906600301,0.24663971250882383,0.04570156127905791,0.4,0.2,True,False,0.0,0
B1_D0,1835087069,113,301,0.9886924157157245,0.9887176845160135,0.08417455841877687,0.9886924157157245,0.7419735392780245,0.256,0.8037899409134381,0.7282177918723144,0.9159600843515644,0.9891044827328137,307,0.18528862297503726,0.15259895314080876,0.09256259350329832,0.2550417208395487,0.306693998407565,0.007814111133741964,0.4,0.2,True,False,0.0,0
B1_D0,1835087069,114,307,0.9896091782114702,0.9896125823976457,0.10013824394424609,0.9896091782114702,0.7547788649002702,0.2,0.8021594759073662,0.7348927272489979,0.9097575978491858,1.0070187108234272,313,0.2260728121287401,0.2075092204334271,0.030963005741441427,0.2183143898150352,0.22696760966388907,0.09017296221746705,0.0,0.2,True,False,0.0,0
B1_D0,1835087069,115,313,0.992330684380924,0.9923332409395055,0.10243941641441169,0.992330684380924,0.7882796167824285,0.2,0.798890508895007,0.7316652909826833,0.9187818380642672,0.9968109267439292,323,0.10646500120169092,0.18827572338840837,0.06549574636281548,0.26377760183754895,0.3013677590753993,0.07461816813413708,0.0,0.2,True,False,0.0,0
B1_D0,1835087069,116,323,0.9911463190792363,0.9911463231893852,0.1536367184108887,0.9911463190792363,0.7815898856271615,0.0,0.7992590868656434,0.7322524254043289,0.9269036542578405,0.9884134397356039,322,0.1521299871347464,0.23390588495911865,0.05868369230338983,0.1754156241860633,0.31608793209986585,0.06377687931681604,0.0,0.0,True,False,0.0,0
B1_D0,1835087069,117,322,0.993005319092516,0.9930057250919195,0.11709186940629719,0.993005319092516,0.7881126762796072,0.126,0.799554199233557,0.7359052794967794,0.9209015633563372,0.9994493729903889,321,0.1908184420333367,0.2458739333332615,0.03807224207766124,0.2783800881848469,0.23344137262140383,0.013413921749489926,0.6,0.0,True,False,0.0,0
B1_D0,1835087069,118,321,0.9885004365046455,0.9888467295668353,0.06333838984192051,0.9885004365046455,0.7700683004047012,0.35,0.7992255786017733,0.7360324799514223,0.9197615284205684,1.001272675987726,317,0.1490308053685237,0.19608062867157303,0.09072489369166,0.21396634906427786,0.2547506069993242,0.09544671620464132,1.0,0.0,True,False,0.0,0
B1_D0,1835087069,119,317,0.9807729867155793,0.9916895404821895,0.03589301098135226,0.9807729867155793,0.7727864664883947,0.526,0.7994800601193912,0.7295171083150815,0.9277853755785115,0.983513492422438,320,0.06607815451537906,0.18443169563246806,0.002600705241072437,0.23869747067816618,0.4672787210295026,0.04091325290341172,0.6,0.4,True,False,0.0,0
B1_D0,1835087069,120,320,0.9912498977676981,0.9912498994723946,0.16064299055825068,0.9912498977676981,0.7874462804046258,0.0,0.8011227547739304,0.7286431878549297,0.9227679023556842,0.9856514428474412,325,0.13252418694502743,0.22694849775900755,0.14019260076064194,0.22041779620217977,0.23880532167511903,0.04111159665802441,0.0,0.0,True,False,0.0,0
B1_D0,1835087069,121,325,0.9903957414449315,0.9903957454595828,0.15381781949584447,0.9903957414449315,0.7912690171915946,0.0,0.7952503662679327,0.7334818607787535,0.9137461427641612,1.0093921981003757,327,0.2033854039571294,0.16242423638464248,0.08322636628352384,0.28950705261930976,0.2162751532202275,0.045181787535167044,0.0,0.0,True,False,0.0,0
B1_D0,1835087069,122,327,0.9890979430304162,0.9891015740469397,0.09962065402954998,0.9890979430304162,0.7930532089279181,0.22400000000000003,0.7995528032262759,0.73447836187512,0.9128200808694631,1.0063444830948698,326,0.1583824266913007,0.2151291507420914,0.10952949901639451,0.23861153434127955,0.2522427619085901,0.02610462730034376,0.8,0.0,True,False,0.0,0
B1_D0,1835087069,123,326,0.9930427268242122,0.9930427290800438,0.15842750648249296,0.9930427268242122,0.7994851201270475,0.0,0.7982564157290388,0.7365599340204051,0.915416843657857,1.0079680686317114,327,0.1725686279880138,0.18670264325557595,0.1040322422030981,0.22273207253935445,0.2693938543767014,0.04457055963725634,0.0,0.0,True,False,0.0,0
B1_D0,1835087069,124,327,0.9911621193994864,0.9911621253339028,0.1507130345016357,0.9911621193994864,0.7959777078167594,0.014000000000000002,0.8024148616416718,0.7380266180470774,0.9152095604197801,1.0049686489491343,325,0.1661835090961563,0.27002083665026233,0.03725157522837864,0.22022445400887866,0.256672005638544,0.049647619377780276,0.2,0.0,True,False,0.0,0
B1_D0,1835087069,125,325,0.989598609790499,0.9897021504252226,0.0729556407496145,0.989598609790499,0.7916826022419343,0.326,0.802429007878461,0.730869313551009,0.9118039306470321,0.9989221603805603,325,0.059300330078568934,0.2255058020159549,0.13308395991020372,0.31790388987568236,0.24057663134615034,0.023629386773439717,0.6,0.2,True,False,0.0,0
B1_D0,1835087069,126,325,0.9899163897888748,0.9925560747157304,0.04720025116506968,0.9899163897888748,0.806830047443409,0.456,0.8016038661722175,0.7368269741903198,0.9197669948697291,0.9993736445094924,327,0.21876407896076577,0.21013122749225,0.03230787497182982,0.2229163949084984,0.29571728643700096,0.02016313722965501,0.4,0.4,True,False,0.0,0
B1_D0,1835087069,127,327,0.985044024738147,0.987441793573889,0.047924259413003004,0.985044024738147,0.7931954895780067,0.456,0.79933736630594,0.7358516991210069,0.9277902953827563,0.9922254363551432,323,0.13582592050253825,0.19441806463640957,0.023958896628960013,0.21725711997029673,0.31863970163318966,0.10990029662860594,0.4,0.4,True,False,0.0,0
B1_D0,1835087069,128,323,0.9749300332712111,0.9885924243808253,0.034082137631466336,0.9749300332712111,0.772028430392923,0.526,0.7962762201881094,0.7275839067600258,0.9350112658444807,0.9772428341006134,317,0.044059907438365346,0.15098051422667047,0.14275554575233226,0.3425706976816332,0.3162529265643989,0.0033804083365997855,0.6,0.4,True,False,0.0,0
B1_D0,1835087069,129,317,0.9677604193813601,0.9873507093125703,0.03120342442670279,0.9677604193813601,0.7761980543294105,0.55,0.7925584171657274,0.7296321773588879,0.9320837504856614,0.9876834100844805,321,0.16784332421079223,0.17188316996669709,0.04997917320237273,0.2593983248964522,0.2528680561281438,0.09802795159554203,1.0,0.2,True,False,0.0,0
B1_D0,1835087069,130,321,0.9907549407891778,0.9909565858295859,0.06765997720326508,0.9907549407891778,0.7755783876037591,0.35,0.7999775946806085,0.7366501478686727,0.9241978275190255,0.9963651147157065,313,0.23124474222161484,0.16943282095462872,0.06296507445843308,0.2000212997684409,0.22661226040965118,0.10972380218723116,1.0,0.0,True,False,0.0,0
B1_D0,1835087069,131,313,0.9913573123904214,0.9914116458689316,0.07810222205151168,0.9913573123904214,0.7649449776174592,0.326,0.8071311140558782,0.7285247290359722,0.9317780447671229,0.9686965115035624,307,0.04633860700916401,0.23361284621440603,0.10325062642106869,0.23131876583471153,0.3753521389292355,0.010127015591414422,0.6,0.2,True,False,0.0,0
B1_D0,1835087069,132,307,0.990082409511492,0.9900824112020324,0.1606999873048266,0.990082409511492,0.7524651869925593,0.0,0.8101981176649361,0.7188808081055607,0.9365919082613453,0.947360467920235,301,0.02227894401733786,0.18086131105265998,0.1144039086076276,0.30975602982791656,0.28995833985467356,0.08274146663978448,0.0,0.0,True,False,0.0,0
B1_D0,1835087069,133,301,0.9869245359831,0.9882610023418217,0.05258360055571074,0.9869245359831,0.7682662238335985,0.41400000000000003,0.806426397205231,0.7192304557090302,0.9420258854879513,0.9467612997129812,308,0.1411711001093443,0.19287847313467954,0.07100387420400506,0.23636225476195338,0.29546584026370276,0.06311845752631504,0.2,0.4,True,False,0.0,0
B1_D0,1835087069,134,308,0.9910586932126879,0.9910586942171853,0.1648515372386411,0.9910586932126879,0.7557895109422104,0.0,0.8051108204006597,0.7107234744785211,0.9478232969391561,0.9313600759283602,304,0.030681769436780807,0.16425622201804083,0.12883474137101297,0.23834329633332715,0.3215315340777912,0.11635243676304699,0.0,0.0,True,False,0.0,0
B1_D0,1835087069,135,304,0.9886400319223367,0.9886437783812031,0.09936783094022787,0.9886400319223367,0.7414439250530097,0.21400000000000002,0.8069627791651748,0.7141282450674218,0.9530409672452405,0.9285624931171884,298,0.17426180391033383,0.16665962863990516,0.027189577046679347,0.19952624133240882,0.3024761953216432,0.12988655374902974,0.2,0.2,True,False,0.0,0
B1_D0,1835087069,136,298,0.991560427131217,0.9915605497071819,0.1266134270462925,0.991560427131217,0.7503194239472735,0.126,0.8148689592580275,0.7249180165703392,0.9577368705207164,0.9288699473159765,294,0.26870229695360637,0.1944082309710795,0.004687494382005818,0.20487910290728115,0.3228190321844939,0.00450384260153334,0.6,0.0,True,False,0.0,0
B1_D0,1835087069,137,294,0.9916194529274781,0.9916194541257844,0.16345170838238926,0.9916194529274781,0.7400007450406345,0.0,0.8161940684322637,0.7273914480779037,0.9461942689188443,0.9418775452789167,294,0.17149165420101897,0.1731970529448419,0.1388881903962643,0.20368351081619873,0.22115542725099768,0.09158416439067842,0.0,0.0,True,False,0.0,0
B1_D0,1835087069,138,294,0.9922514175376945,0.992338713185141,0.07433531271695117,0.9922514175376945,0.7467381171998121,0.35,0.8149034057497585,0.7248327554729223,0.9515748420269599,0.9347354778845339,296,0.11013599748642187,0.17401580891689283,0.10732729698267555,0.23340708577808045,0.3133118733119714,0.061801937523957746,1.0,0.0,True,False,0.0,0
B1_D0,1835087069,139,296,0.9903891067654861,0.991375096970728,0.05502960482517663,0.9903891067654861,0.7618789620538581,0.41400000000000003,0.810969249672959,0.7204427022543656,0.9475085174163635,0.9375877768960141,304,0.08564480693861826,0.20823170931042814,0.12256010795851931,0.27916711903633556,0.25545579796049855,0.04894045879560021,0.2,0.4,True,False,0.0,0
B1_D0,1835087069,140,304,0.9901857821674396,0.9903849077194709,0.06775546883990885,0.9901857821674396,0.7467820068470985,0.35,0.8054661763127211,0.7162706354794686,0.922866098218583,0.9635874760179013,307,0.08562585422276546,0.1925518428473396,0.18473480218770755,0.28436104221482994,0.15054216271927928,0.10218429580807808,1.0,0.0,True,False,0.0,0
B1_D0,1835087069,141,307,0.9936983965921269,0.993698398042546,0.16194845536113564,0.9936983965921269,0.7523527952290187,0.014000000000000002,0.80579908033029,0.7088328468633481,0.9250211420895756,0.9509669154179464,308,0.04219678947316228,0.1690267253354395,0.1179931323376549,0.35814535007550435,0.2722082684642546,0.04042973431398442,0.2,0.0,True,False,0.0,0
B1_D0,1835087069,142,308,0.9889533118591975,0.988954072843278,0.11205832169066382,0.9889533118591975,0.7400880082212431,0.2,0.8068963461449898,0.7030651264140451,0.9261188456288738,0.9408298455076243,309,0.05842402367330409,0.22128777786042195,0.0803812980563396,0.20212609001689208,0.2679990887412785,0.16978172165176364,0.0,0.2,True,False,0.0,0
B1_D0,1835087069,143,309,0.9899248995566415,0.9899249046978373,0.15184522746875712,0.9899248995566415,0.7360267886772365,0.014000000000000002,0.8116374513574899,0.7057349052193064,0.925539909672617,0.9394731423206947,305,0.16028793907454458,0.18803191532152935,0.08190868555215029,0.226868774264008,0.26016474303315273,0.08273794275461513,0.2,0.0,True,False,0.0,0
B1_D0,1835087069,144,305,0.9896773657053746,0.9896773663220751,0.1687238274789412,0.9896773657053746,0.7338275966689144,0.014000000000000002,0.8147402819805845,0.7085209095295639,0.9079418817426036,0.9578013231478472,305,0.16340936964028632,0.1786397877528845,0.09646308629004807,0.2905363838806464,0.17477981518624144,0.09617155724989322,0.2,0.0,True,False,0.0,0
B1_D0,1835087069,145,305,0.9918491691081981,0.9918560660711312,0.09453585727919428,0.9918491691081981,0.7330156745029107,0.22400000000000003,0.8123973747145992,0.7112842430415013,0.8981107666457802,0.974865663114011,307,0.16486723735519493,0.16210403348953997,0.11571644531511995,0.240021969344111,0.20481536538718473,0.11247494910884948,0.8,0.0,True,False,0.0,0
B1_D0,1835087069,146,307,0.9892978031726135,0.990120763584359,0.056458217601393176,0.9892978031726135,0.75518961969735,0.42400000000000004,0.8133989697714219,0.7101425352796836,0.9082860199365216,0.9612122093101272,313,0.11778130487821753,0.2675143741009037,0.00467064588327737,0.24886657603770881,0.29993164977659736,0.06123544932329527,0.8,0.2,True,False,0.0,0
B1_D0,1835087069,147,313,0.9903851282924747,0.9903851291756697,0.16587055941293147,0.9903851282924747,0.7648555288669668,0.014000000000000002,0.8107187760955703,0.7047368968212648,0.913285420249266,0.9518099792986509,316,0.06376860381956806,0.19746792755532705,0.11537741418964816,0.3318071277007425,0.27914001153198237,0.012438915202731875,0.2,0.0,True,False,0.0,0
B1_D0,1835087069,148,316,0.9923734778975954,0.992373481963413,0.1537328900258571,0.9923734778975954,0.7583885904287018,0.0,0.8106476591914616,0.6972773331043673,0.9219568782243394,0.9329595311537772,311,0.03471601405207207,0.1708211890319754,0.03820727531886273,0.275873645322999,0.37003521809003165,0.1103466581840592,0.0,0.0,True,False,0.0,0
B1_D0,1835087069,149,311,0.9890550472765333,0.9908025696175823,0.0504693931907624,0.9890550472765333,0.7535226234145275,0.456,0.805729213936104,0.6896799117229001,0.9204222200433314,0.9299752092525363,314,0.02833056592188962,0.20803861195799525,0.02192533341704049,0.3913937202526026,0.2533051482071298,0.09700662024334206,0.4,0.4,True,False,0.0,0
B1_D0,1835087069,150,314,0.9898220532419845,0.9898220543351528,0.16416823234983643,0.9898220532419845,0.759824782514375,0.0,0.8048053109868685,0.6955852509868236,0.913635504571444,0.9459900377172243,318,0.19236668562585613,0.25279212174826354,0.06070135997741499,0.2275691342215092,0.2262775326622287,0.040293165764727544,0.0,0.0,True,False,0.0,0
B1_D0,1835087069,151,318,0.9923308509890121,0.9923308590436534,0.14829077325768114,0.9923308509890121,0.7763703800825484,0.014000000000000002,0.7993919999681894,0.7021516301603621,0.8978161494903987,0.9783262303999196,327,0.20432052153599617,0.19772020330443865,0.017613457302518856,0.30723989240931854,0.1777209768804952,0.09538494856723265,0.2,0.0,True,False,0.0,0
B1_D0,1835087069,152,327,0.9858063630926824,0.9858102252242644,0.09910293254680201,0.9858063630926824,0.778378963355571,0.2,0.8007263170058555,0.7150028538135943,0.900399353759792,0.9917186902130483,327,0.2869850645156287,0.19777147583745086,0.026311656964828053,0.19192838708538057,0.26182409609216584,0.03517931950454597,0.0,0.2,True,False,0.0,0
B1_D0,1835087069,153,327,0.9935097908236427,0.9935097916813224,0.16612898612618127,0.9935097908236427,0.8003321112116188,0.0,0.8004540084527082,0.7220421094256693,0.8929502667371253,1.010180244907934,331,0.22236747878443286,0.1607708463609657,0.08947111730418944,0.2937058868187673,0.2129542417665626,0.020730428965082027,0.0,0.0,True,False,0.0,0
B1_D0,1835087069,154,331,0.9895412193482629,0.9895412232643109,0.15400889559558886,0.9895412193482629,0.793326391514051,0.0,0.8010692994108156,0.7226824087301192,0.9003614718831945,1.0019833225613972,327,0.14678005969666824,0.18776716487943496,0.14038172247002062,0.2359550471668433,0.2835311590989087,0.005584846688124056,0.0,0.0,True,False,0.0,0
B1_D0,1835087069,155,327,0.9894019006862425,0.9894200135705717,0.08683049322830678,0.9894019006862425,0.8129049023807767,0.256,0.7852899010302223,0.7365482882936133,0.9035017600785469,1.038107214499716,343,0.32346481691529444,0.1480755371069747,0.09406295390009282,0.13669993033730973,0.26588217691835897,0.03181458482196953,0.4,0.2,True,False,0.0,0
B1_D0,1835087069,156,343,0.9924614167495909,0.9924652858340335,0.0991421719129394,0.9924614167495909,0.8080866816784252,0.2,0.7877835864148951,0.7439847455504995,0.8888195025393927,1.0625356923666678,340,0.24079839589458574,0.2296489055651513,0.0554157221664459,0.24706454407974635,0.17833959234350258,0.04873283995056826,0.0,0.2,True,False,0.0,0
B1_D0,1835087069,157,340,0.9867897310879274,0.9903283040656315,0.04484955371089975,0.9867897310879274,0.7963924495742143,0.456,0.7880185690851249,0.7430851133134516,0.8999375522854534,1.0478273623501078,337,0.14124506300596304,0.2412770607523764,0.06330317716682912,0.188300141038527,0.3153867670055641,0.05048779103074038,0.4,0.4,True,False,0.0,0
B1_D0,1835087069,158,337,0.992652141895537,0.9929592952719695,0.06432614379508576,0.992652141895537,0.790173141066122,0.35,0.7921637981461214,0.7515751660199363,0.8836224894788122,1.0737190770643397,334,0.25805385465196684,0.2188582528950151,0.07398210379195265,0.2183936690248461,0.16839346210952053,0.06231865752669884,1.0,0.0,True,False,0.0,0
B1_D0,1835087069,159,334,0.9921071161487591,0.9921075649131454,0.11628749425258933,0.9921071161487591,0.7862290053287238,0.126,0.7997017315034376,0.7473561597953932,0.8913476190748264,1.0484614654257456,325,0.10449690095567041,0.24056376012842157,0.013093997557072252,0.2929993013001757,0.2804368927194775,0.06840914733918255,0.6,0.0,True,False,0.0,0
B1_D0,1835087069,160,325,0.9923504208654956,0.9926176762801436,0.06543098874512057,0.9923504208654956,0.7829716751600428,0.35,0.7989515609440159,0.74329193893041,0.9022128571673438,1.0311692685640517,325,0.1037948390598307,0.22239232252468832,0.07175989435147244,0.19239153892359856,0.31065534044918763,0.09900606469122242,1.0,0.0,True,False,0.0,0
B1_D0,1835087069,161,325,0.9911056558795597,0.9911393302631964,0.081908160383433,0.9911056558795597,0.7937748050429959,0.256,0.796700007177393,0.7495407147690838,0.9041966887705234,1.0404890046543618,324,0.23016715981492905,0.15491366298140147,0.05496274487365338,0.2911764903090791,0.26102558659957,0.007754355421367096,0.4,0.2,True,False,0.0,0
B1_D0,1835087069,162,324,0.9892881504292889,0.9892881548136541,0.15310767496256666,0.9892881504292889,0.8005822434859734,0.014000000000000002,0.8002450387655758,0.7543891238741111,0.913777019893471,1.0316495572568716,324,0.216568060543518,0.23751038982324038,0.028280251495200328,0.1886229092637991,0.30305377938603584,0.02596460948820636,0.2,0.0,True,False,0.0,0
B1_D0,1835087069,163,324,0.9891685016809384,0.9891791038895202,0.09109166205424982,0.9891685016809384,0.7916257314525394,0.21400000000000002,0.8000150121776521,0.7621280214391648,0.9110080103188507,1.04570117876794,319,0.25572942198449117,0.17543728936197509,0.012995085315028316,0.21967520772215354,0.24304346207363361,0.09311953354271824,0.2,0.2,True,False,0.0,0
B1_D0,1835087069,164,319,0.9904221676993875,0.9915647822816255,0.053857589888785806,0.9904221676993875,0.7825159659527245,0.41400000000000003,0.8039424245169169,0.7600999071692954,0.9199072092869657,1.0277836622677265,318,0.1384785850261112,0.19009112696809188,0.08484491721033403,0.14082200401216566,0.3812655019371127,0.06449786484618461,0.2,0.4,True,False,0.0,0
B1_D0,1835087069,165,318,0.9885928704134948,0.9885956727580325,0.10167868870753538,0.9885928704134948,0.7833604674822603,0.21400000000000002,0.8057285093970944,0.7720949118108307,0.9228012294651087,1.0384217960740163,319,0.3412395164576821,0.19111547130961715,0.014583776801581828,0.1355803617057361,0.2744237055341979,0.04305716819118485,0.2,0.2,True,False,0.0,0
B1_D0,1835087069,166,319,0.9888933249616697,0.9888933390139236,0.14383309598981933,0.9888933249616697,0.8049058094298589,0.05600000000000001,0.8010685595824237,0.7744992213072988,0.8961233852724866,1.078905700583308,334,0.20011318858762014,0.21389192521341463,0.09827301884910929,0.2626387128454421,0.12801139376944368,0.09707176073497013,0.4,0.0,True,False,0.0,0
B1_D0,1835087069,167,334,0.9888405103575717,0.992054895334233,0.04562828327874663,0.9888405103575717,0.8127468965028729,0.456,0.8075656983356411,0.7691358995257727,0.8967069791724585,1.0621226462014373,332,0.10452049104798526,0.21519095758008053,0.0348203006042434,0.30353124361094413,0.2509796621361029,0.09095734502064381,0.4,0.4,True,False,0.0,0
B1_D0,1835087069,168,332,0.9866438785735906,0.9866438805812674,0.15930371855976494,0.9866438785735906,0.8177766813965028,0.014000000000000002,0.8031580720123983,0.7597859601972277,0.9070362812552126,1.0429550144659656,333,0.051335695596794746,0.15772503725691883,0.10620596064558123,0.2695562269590041,0.4137571064322332,0.001419973109467927,0.2,0.0,True,False,0.0,0
B1_D0,1835087069,169,333,0.9871733064975292,0.987173803779569,0.115430633826579,0.9871733064975292,0.8039906684983312,0.126,0.8063354806997252,0.7698828860012142,0.9147781642498963,1.043741870758608,326,0.2885777976731001,0.17550002310169865,0.07801258931939806,0.13826648741092062,0.2922275556010249,0.027415546893857713,0.6,0.0,True,False,0.0,0
B1_D0,1835087069,170,326,0.991502461238731,0.9925248919849013,0.054749946624497725,0.991502461238731,0.8003066706961276,0.42400000000000004,0.8064847983290401,0.7674158243475354,0.9132714176752449,1.041920777651285,324,0.13783853307977412,0.1669496788722158,0.11079647863217196,0.2255572917486268,0.24985534925169084,0.1090026684155205,0.8,0.2,True,False,0.0,0
B1_D0,1835087069,171,324,0.9872158026740763,0.988328596430577,0.05404207517355896,0.9872158026740763,0.8058661439046354,0.4,0.8087576605609265,0.7682846277458975,0.9077681275908315,1.0464748757629057,324,0.1779949326967355,0.24332009572524202,0.02362262765037852,0.3003816958039788,0.22911925841555522,0.02556138970811006,0.0,0.4,True,False,0.0,0
B1_D0,1835087069,172,324,0.9916832464115485,0.9916836043055209,0.11808514820844374,0.9916832464115485,0.7967298243513818,0.126,0.8104348345083242,0.7750409699693159,0.8964292361354043,1.0668185254514992,324,0.2521321701339171,0.23802490030391119,0.0608939139876618,0.1670959072851993,0.1971896065182795,0.08466350177103117,0.6,0.0,True,False,0.0,0
B1_D0,1835087069,173,324,0.9912087640720196,0.9913255361528376,0.07201140923136387,0.9912087640720196,0.7948054999639957,0.326,0.80861481297505,0.7708922113366086,0.9067863125218638,1.0513492491729097,323,0.12004112332197994,0.18677957609996632,0.0806335194993291,0.20765748185951496,0.30047694595580143,0.10441135326340817,0.6,0.2,True,False,0.0,0
B1_D0,1835087069,174,323,0.9898853277082442,0.9898968499398523,0.09043503004303292,0.9898853277082442,0.8020592592658141,0.256,0.8065375136653309,0.7660076900756629,0.9161076812696775,1.036721327434424,323,0.10825111632355996,0.22284543111392316,0.057987566008267634,0.2540360145297146,0.34192926148268143,0.014950610541853232,0.4,0.2,True,False,0.0,0
B1_D0,1835087069,175,323,0.991015868392718,0.9915099344851489,0.060530917102794034,0.991015868392718,0.8266040391706961,0.4,0.8079959044079681,0.761469533485011,0.9207415312372358,1.0235419321514654,328,0.10952784891414037,0.17866804676576778,0.015561107339214935,0.29978372756566346,0.2812230904726305,0.11523617894258285,0.0,0.4,True,False,0.0,0
B1_D0,1835087069,176,328,0.9934076564454025,0.9934076571671067,0.1675021991526221,0.9934076564454025,0.8438687495290906,0.0,0.8079397653447141,0.7597506476744743,0.9153622308682603,1.02730430075417,333,0.141932385796423,0.21034533562898597,0.0778562300789436,0.29684865681704764,0.23347426377374028,0.03954312790485953,0.0,0.0,True,False,0.0,0
B1_D0,1835087069,177,333,0.9896059770714369,0.9896169129367843,0.09084853788293414,0.9896059770714369,0.8522688471634701,0.256,0.8095446937163485,0.7717631152907506,0.9014464423646851,1.057555721133012,338,0.34713336072814094,0.17620823764619936,0.06442080644974127,0.21642404709448343,0.18810217291625417,0.007711375165180734,0.4,0.2,True,False,0.0,0
B1_D0,1835087069,178,338,0.9923591878175626,0.9923591900142339,0.15863356802217438,0.9923591878175626,0.8273556362944675,0.0,0.8171075201876239,0.7693196573053886,0.9113017981282165,1.0331547928829774,328,0.1393087222396952,0.224067660286797,0.05585384878894716,0.1503860299632208,0.3773137164052077,0.05307002231613207,0.0,0.0,True,False,0.0,0
B1_D0,1835087069,179,328,0.9888878061689609,0.9888878066916382,0.17003422662785495,0.9888878061689609,0.8266579876288268,0.0,0.8203129880229839,0.7619169183066353,0.9047317696062285,1.0266163782509001,329,0.07579054833145123,0.31137911415096775,0.09378426454504848,0.29176036695093693,0.22280075645416791,0.004484949567427795,0.0,0.0,True,False,0.0,0
B1_D0,1835087069,180,329,0.9874689650294552,0.9913392536432452,0.04414440850123825,0.9874689650294552,0.8151293540332841,0.456,0.8165918499471252,0.7655262441767877,0.891888562794211,1.0511009972985719,330,0.2088146473185518,0.16953372985798726,0.07548528444126026,0.22044702129042396,0.18814985074302726,0.13756946634874967,0.4,0.4,True,False,0.0,0
B1_D0,1835087069,181,330,0.9905972556666016,0.9908120058711182,0.06715759699322436,0.9905972556666016,0.8396488710169016,0.35,0.8146264301271419,0.7653144001952717,0.9026997065147899,1.0407300329167386,334,0.1633058528415433,0.1997273881734531,0.014478920888064161,0.24675539165306862,0.3562041989975034,0.019528247446367424,1.0,0.0,True,False,0.0,0
B1_D0,1835087069,182,334,0.9915330318262989,0.9915351974620619,0.10375397140605619,0.9915330318262989,0.8552920893599751,0.2,0.8154788263896103,0.754241493151673,0.9075528833142992,1.0191210932688786,339,0.02741016207706075,0.24614799139808527,0.0938766324667512,0.3459621398223936,0.2756157372549411,0.010987336980768092,0.0,0.2,True,False,0.0,0
B1_D0,1835087069,183,339,0.9696875889683629,0.9895460229827805,0.031112888109625782,0.9696875889683629,0.8537168174731401,0.55,0.8114901892477601,0.7450968554534194,0.9090906992840327,1.0100020197577078,348,0.04459296199162653,0.16915376708256283,0.131428383433375,0.2941273394288311,0.26146552150581753,0.0992320265577871,1.0,0.2,True,False,0.0,0
B1_D0,1835087069,184,348,0.9899059583398853,0.9899059632075545,0.15228025642541662,0.9899059583398853,0.8701932533783944,0.014000000000000002,0.8143700768603567,0.7421160579300198,0.9098070974400883,1.0016147257234487,347,0.11592556561589219,0.24533971098252014,0.05085731768976146,0.24093226265029252,0.25812734042229407,0.08881780263923973,0.2,0.0,True,False,0.0,0
B1_D0,1835087069,185,347,0.9930893404552434,0.9930922667813924,0.10137021027242643,0.9930893404552434,0.8707388561901859,0.2,0.8171457330954588,0.7379215830072788,0.9188263876960794,0.9828273568234368,345,0.09889159967200048,0.31580426891655367,0.04918486323664576,0.21863037569170723,0.307852563758998,0.009636328724094893,0.0,0.2,True,False,0.0,0
B1_D0,1835087069,186,345,0.9915531295810713,0.992516929117363,0.05521996365712669,0.9915531295810713,0.9047036653962532,0.41400000000000003,0.8151272105063769,0.7385896733683179,0.9146386651163847,0.99066833932533,358,0.15705211889253728,0.19773061620711674,0.07691330891487902,0.3105928838643201,0.23847458094956628,0.01923649117158064,0.2,0.4,True,False,0.0,0
B1_D0,1835087069,187,358,0.9911556380370092,0.9912530918524222,0.07345037068350244,0.9911556380370092,0.9082773643508346,0.326,0.8164212784890387,0.7316273614663132,0.9231747986047463,0.97071487186294,357,0.062089647080140246,0.2226119417444006,0.06991664857249996,0.26314761496470845,0.3096271495037303,0.07260699813452026,0.6,0.2,True,False,0.0,0
B1_D0,1835087069,188,357,0.9931819056191482,0.9931840865347745,0.10371123183028834,0.9931819056191482,0.910333453119133,0.2,0.8185653208848647,0.7327788793203922,0.9153104043087854,0.9780278072130594,356,0.15916107409243238,0.20325108876769107,0.11378494533503665,0.29084309907530015,0.22226542782256892,0.010694364906970918,0.0,0.2,True,False,0.0,0
B1_D0,1835087069,189,356,0.9840032452615067,0.9922017035124229,0.038176362743162294,0.9840032452615067,0.890246477710247,0.526,0.8123000300677,0.740409450418966,0.9001792871540337,1.0125732924976008,354,0.2408689383074175,0.1483119531345463,0.08158957665569462,0.2772956086846944,0.1819996163806344,0.06993430683701296,0.6,0.4,True,False,0.0,0
B1_D0,1835087069,190,354,0.9912591346341785,0.992710768157979,0.0519613782927763,0.9912591346341785,0.884761604457654,0.42400000000000004,0.8152327929784112,0.73697910476174,0.90912942494403,0.9943695559925207,355,0.10737658579652809,0.29871308349481807,0.13484588041185105,0.14052470201044298,0.29484033252699865,0.023699415759361086,0.8,0.2,True,False,0.0,0
B1_D0,1835087069,191,355,0.9913160620486433,0.9919149736107455,0.059002294377379076,0.9913160620486433,0.8766100468161552,0.4,0.817661218893357,0.7398494534871077,0.9140706019364223,0.9898974736245508,354,0.18399129954318388,0.2670313807122809,0.1042553011174068,0.15881234873112965,0.27927059743397636,0.006639072462022391,0.0,0.4,True,False,0.0,0
B1_D0,1835087069,192,354,0.993407721312098,0.9934121076895289,0.09815088591681294,0.993407721312098,0.8698646095615792,0.22400000000000003,0.8180628471132861,0.7345242493604143,0.9181648819492825,0.9779097831353298,351,0.0833408568457743,0.1813653305349089,0.20709756886266845,0.23272952428379856,0.27750670103251207,0.01796001844033765,0.8,0.0,True,False,0.0,0
B1_D0,1835087069,193,351,0.9883329777418811,0.9883488331797411,0.0878814442650177,0.9883329777418811,0.87603504399854,0.256,0.8204510786790159,0.7268577372596225,0.9136775731251989,0.96962490627842,356,0.05074625459036312,0.2793640931720935,0.055379528002946925,0.28828326028207973,0.23664589685422333,0.08958096709829355,0.4,0.2,True,False,0.0,0
B1_D0,1835087069,194,356,0.9916462258600391,0.9927534772434765,0.054117378919149736,0.9916462258600391,0.8856394070460128,0.41400000000000003,0.8226451236049321,0.7293034433567026,0.922309815812679,0.9612113839889884,352,0.17235741200076424,0.19875359463646627,0.01871670206093525,0.2478407647812929,0.3289602788322186,0.03337124768832279,0.2,0.4,True,False,0.0,0
B1_D0,1835087069,195,352,0.9754514261502614,0.9897670507489813,0.03371981721688707,0.9754514261502614,0.8728040571141746,0.55,0.8284099722176841,0.7233471524008874,0.9247465025003307,0.9442320998147654,349,0.06886101515024912,0.2330018194365062,0.0029714783499334534,0.3749957419467291,0.27333834134459833,0.04683160377198396,1.0,0.2,True,False,0.0,0
B1_D0,1835087069,196,349,0.990906486743594,0.9909906695443426,0.07461352207970931,0.990906486743594,0.8858843444040131,0.326,0.8280921530640676,0.733079429128632,0.9150147322916333,0.9674850818505866,350,0.26124542934736106,0.18477850290927555,0.06209307589520464,0.2131809151448936,0.21371440020667853,0.06498767649658668,0.6,0.2,True,False,0.0,0
B1_D0,1835087069,197,350,0.9886576341742331,0.9892205274457341,0.0594743570794712,0.9886576341742331,0.8742516552397079,0.4,0.8271168306167872,0.7258051012740305,0.92351325906247,0.9501890538246004,348,0.054745545022876714,0.16708772035694183,0.13622729392611949,0.22241768180952312,0.41509660118638336,0.004425157698155642,0.0,0.4,True,False,0.0,0
B1_D0,1835087069,198,348,0.9872674530011961,0.9872682217534176,0.11196389605022168,0.9872674530011961,0.8838102375380444,0.2,0.8252491048610687,0.7238075226880487,0.931161933156223,0.9419173948794872,348,0.11615845597149654,0.19532991012439435,0.005391952699150577,0.35525444694458747,0.3245808917633178,0.0032843424970532354,0.0,0.2,True,False,0.0,0
B1_D0,1835087069,199,348,0.9902286844045645,0.99293600161368,0.0470019185924926,0.9902286844045645,0.8636080331732392,0.456,0.8232907540472462,0.7231837699131672,0.9380457398406007,0.9364215882678981,342,0.13208279199401265,0.16565723939380886,0.006768859160711006,0.18493655181217108,0.3352020385771683,0.17535251906212812,0.4,0.4,True,False,0.0,0
B1_D0,1835087069,200,342,0.9780563145709706,0.9914185067663,0.03428171467834347,0.9780563145709706,0.8628522417814211,0.55,0.820328146395961,0.725982196804314,0.9442411658565406,0.9372499531381702,349,0.17447019233506367,0.19357933472781064,0.014843058460177,0.16898245244185298,0.30813928007940095,0.13998568195569475,1.0,0.2,True,False,0.0,0
B1_D0,1835087069,201,349,0.9915875302066992,0.9917818295612364,0.06796199295403274,0.9915875302066992,0.859048506480147,0.35,0.8197450244819209,0.7219235138953829,0.9227646177512047,0.9543802962198479,349,0.09050533664105792,0.42009298657191024,0.022166059702376797,0.27732215149610806,0.16473784240159076,0.02517562318695619,1.0,0.0,True,False,0.0,0
B1_D0,1835087069,202,349,0.9884665120464501,0.9884691864708396,0.10204958260914729,0.9884665120464501,0.8491065999342272,0.21400000000000002,0.825341114571423,0.7254659309909004,0.9163812827520382,0.9591959401199882,341,0.1829824098785833,0.23384208777777257,0.013196836152489625,0.2729031030293274,0.22946563387977018,0.067609929282057,0.2,0.2,True,False,0.0,0
B1_D0,1835087069,203,341,0.9868513020950705,0.987398113132154,0.05969041562330468,0.9868513020950705,0.8520090115416294,0.4,0.8209091611661338,0.719888831025937,0.9142039042835415,0.959239958409848,345,0.07120245730727125,0.22348299025714727,0.06776772613144998,0.2905087294124607,0.2473037490335354,0.09973434785813548,0.0,0.4,True,False,0.0,0
B1_D0,1835087069,204,345,0.9891123389253802,0.9892551470765695,0.07039257824533103,0.9891123389253802,0.8475363159779291,0.35,0.8199302594216309,0.7111347068070629,0.9204819737509354,0.942235955109493,345,0.02800396665528417,0.3124384568411715,0.039021493645941624,0.23520122217546446,0.2884922994787403,0.09684256120339804,1.0,0.0,True,False,0.0,0
B1_D0,1835087069,205,345,0.9921128434531682,0.9922877123381046,0.06880475406967129,0.9921128434531682,0.8588190551680773,0.35,0.8204536780019734,0.7076073686901575,0.9284337763758419,0.9289393260992918,348,0.08786746529309711,0.2704499721273569,0.023188972193094407,0.22739867229519448,0.33629322255875477,0.054801695532502505,1.0,0.0,True,False,0.0,0
B1_D0,1835087069,206,348,0.9907961748743425,0.9907988855013856,0.10196129175804776,0.9907961748743425,0.8447853842861707,0.21400000000000002,0.8161938784090548,0.7136580095094063,0.9355903987382577,0.9345683191548833,350,0.2053876156719575,0.18782206841162194,0.0639138399212199,0.10613757150625372,0.4094388127106265,0.027300091778320292,0.2,0.2,True,False,0.0,0
B1_D0,1835087069,207,350,0.9879648044282738,0.9879664940354344,0.10570110332285954,0.9879648044282738,0.8432530771207043,0.2,0.8128455908587451,0.7204580587085243,0.9180168215706309,0.9654949576907771,351,0.21853687093235477,0.2678914730302757,0.0005305021503875062,0.29094851470094796,0.17992731353099528,0.042165325655038846,0.0,0.2,True,False,0.0,0
B1_D0,1835087069,208,351,0.9889147102681295,0.9898824220169292,0.05516656079801666,0.9889147102681295,0.84679118889751,0.41400000000000003,0.8064174335405916,0.7207258002535843,0.9262151394135678,0.9649355026143281,348,0.14113305600607884,0.15111710185925736,0.06421484736956795,0.27735441036328046,0.34986512516388707,0.016315459237928254,0.2,0.4,True,False,0.0,0
B1_D0,1835087069,209,348,0.9914841396465369,0.9914841416397138,0.1594003719269127,0.9914841396465369,0.8277419792387083,0.0,0.8076693445816931,0.7112915666726366,0.933593625472211,0.9433137882693965,340,0.020025705396643112,0.178382910482068,0.020023377307562866,0.24036583802830946,0.4602298711801891,0.08097229760522752,0.0,0.0,True,False,0.0,0
B1_D0,1835087069,210,340,0.990892469987293,0.9908924846529564,0.1435090685947243,0.990892469987293,0.826858288677162,0.05600000000000001,0.8133286985778397,0.712029035485761,0.9251961498473422,0.9462323468447166,340,0.14127558933445333,0.23488664210015892,0.04528240150616382,0.23664893099881296,0.22480943461176153,0.11709700144864939,0.4,0.0,True,False,0.0,0
B1_D0,1835087069,211,340,0.987625762469356,0.9876257695261508,0.14930572094370195,0.987625762469356,0.8239301905600548,0.05600000000000001,0.8196362122919161,0.7110556929770744,0.9271309193539288,0.9357103114359152,334,0.1203513658200183,0.17541724591509106,0.059326464822909465,0.33135168895445777,0.2722719224566038,0.041281312030919545,0.4,0.0,True,False,0.0,0
B1_D0,1835087069,212,334,0.9883793145771751,0.9900883426957209,0.05064095673052637,0.9883793145771751,0.8246407974864716,0.456,0.8184602394619749,0.705094477278651,0.9344178274185359,0.9219526374896055,332,0.057394611880380156,0.22928283094432145,0.0001712996502733225,0.30613300273640404,0.398011900867818,0.009006353920803067,0.4,0.4,True,False,0.0,0
B1_D0,1835087069,213,332,0.9854536805811152,0.9854543981295869,0.11249793192779022,0.9854536805811152,0.833140737544457,0.2,0.8138644625161269,0.7059919265613096,0.9218929561602318,0.9409513129417402,340,0.13940216433238944,0.2214652703462092,0.0789288768229472,0.30453168317216056,0.2045845574177478,0.05108744790854575,0.0,0.2,True,False,0.0,0
B1_D0,1835087069,214,340,0.9915698563757254,0.9915700712948102,0.12214367742329371,0.9915698563757254,0.8481033906149991,0.126,0.806342492403751,0.7111312679904054,0.9230816566654311,0.9554107140010561,342,0.1929867219645156,0.1504739039954981,0.07791113146588367,0.27821745777816476,0.2668899806061124,0.03352080418982558,0.6,0.0,True,False,0.0,0
B1_D0,1835087069,215,342,0.9925945500120337,0.9925945926298367,0.1350312157445683,0.9925945500120337,0.8616854786914345,0.05600000000000001,0.8075372477355347,0.7206592519362275,0.9077926628419305,0.9830616062322745,346,0.25105684181677906,0.25133221658713173,0.004423469786861139,0.26984425119004524,0.1850958592152126,0.038247361403970365,0.4,0.0,True,False,0.0,0
B1_D0,1835087069,216,346,0.992779509981769,0.9927795134196306,0.15507156999870544,0.992779509981769,0.8706811053804664,0.0,0.8026690884897345,0.7165895496276702,0.9098782648670656,0.981184415139996,351,0.08704075360317529,0.20235963630173023,0.1313219662596408,0.3105543623317654,0.2643243415466407,0.00439893995704743,0.0,0.0,True,False,0.0,0
B1_D0,1835087069,217,351,0.9930266264764093,0.9930464810754173,0.08612878398850404,0.9930266264764093,0.8876575626990425,0.256,0.8018176663041447,0.7239098922817201,0.8992883948784889,1.0039449548863382,357,0.22687275169291785,0.2727146888386873,7.888116874158159e-05,0.2769936431504447,0.2019897824906491,0.02135025265855934,0.4,0.2,True,False,0.0,0
B1_D0,1835087069,218,357,0.9915697950039235,0.9926293941008585,0.054466548327591076,0.9915697950039235,0.8790550696956598,0.42400000000000004,0.8016903128323402,0.7212693793025335,0.9016156879188415,0.997859507267714,353,0.10693727043624289,0.17392781184546013,0.055120853170203175,0.2752268497891685,0.26128066264100774,0.1275065521179176,0.8,0.2,True,False,0.0,0
B1_D0,1835087069,219,353,0.9897304815310247,0.9906628933105264,0.05546862860848493,0.9897304815310247,0.8522515880036177,0.4,0.8075110423907247,0.7313097507704476,0.8927992498906665,1.0143762620025996,342,0.2637980054130091,0.24064899269061038,0.015607584461449331,0.21824244612876953,0.20672565381854593,0.054977317487615474,0.0,0.4,True,False,0.0,0
B1_D0,1835087069,220,342,0.9877943144712792,0.9900327856153587,0.04849233854421215,0.9877943144712792,0.834023353627369,0.456,0.8078459033959408,0.7270265834491949,0.8812440659632886,1.02123468897386,340,0.09102900271587076,0.189096473452884,0.15338084258423404,0.34491265320311904,0.18862370530844408,0.032957322735447984,0.4,0.4,True,False,0.0,0
B1_D0,1835087069,221,340,0.988037059908517,0.9901160789780613,0.04908123328831973,0.988037059908517,0.8218143574005463,0.456,0.8089433812462262,0.7203753190473536,0.8907851361720235,0.9996955001759834,337,0.05875080963273058,0.3952453606759667,0.026164762563256755,0.21499822612621974,0.2883273840253186,0.016513456976507544,0.4,0.4,True,False,0.0,0
B1_D0,1835087069,222,337,0.9882567325309844,0.9890588435614472,0.05665393965157435,0.9882567325309844,0.8159222221164066,0.4,0.8104569356924504,0.7155887017852731,0.9017066225548211,0.9791929375607712,336,0.07790185862858913,0.16702684408151827,0.052796139479923496,0.19957260662012544,0.4977940319177808,0.004908519272062881,0.0,0.4,True,False,0.0,0
B1_D0,1835087069,223,336,0.99166052858485,0.9923500724403422,0.057884080507802714,0.99166052858485,0.8130570209782892,0.41400000000000003,0.8110780520475618,0.7236882596304026,0.907216303231127,0.9835083049132146,335,0.23598741167991508,0.2610241024353034,0.00383850047062093,0.15202163944583458,0.2784017146589401,0.06872663130938593,0.2,0.4,True,False,0.0,0
B1_D0,1835087069,224,335,0.9943320626692151,0.9943320680235225,0.15155728385143435,0.9943320626692151,0.8059975905622027,0.014000000000000002,0.8086755494938335,0.7228582345239631,0.8927747519361786,1.0012370700627387,335,0.1294298484385077,0.16800367111727196,0.1634671549490022,0.28202988951237495,0.18140039514082146,0.07566904084202179,0.2,0.0,True,False,0.0,0
B1_D0,1835087069,225,335,0.9909812110599281,0.9909905808449383,0.09208986980873052,0.9909812110599281,0.7781038181695242,0.256,0.8183492737570819,0.7238458354327112,0.9013403519644347,0.9813378829028151,322,0.151631407936827,0.17483311756287206,0.14209321102659964,0.17662982849460412,0.28921537610937004,0.06559705886972703,0.4,0.2,True,False,0.0,0
B1_D0,1835087069,226,322,0.9898218739974534,0.9898218745837575,0.16912733208702932,0.9898218739974534,0.785432014593518,0.014000000000000002,0.8176572192504483,0.719693908081112,0.9076949282505692,0.9696983177230692,323,0.08800455525045504,0.3264192869365707,0.01990017313972122,0.2626105088781489,0.2824430574128895,0.02062241838221466,0.2,0.0,True,False,0.0,0
B1_D0,1835087069,227,323,0.9784570711576929,0.9934935167110932,0.03335868879777848,0.9784570711576929,0.7394971641667459,0.55,0.8187828521261596,0.7227904020343815,0.9169254354255123,0.9627413341394069,313,0.1760148669665631,0.2006054897003425,0.12817976429983158,0.1003571084802968,0.3588491155013493,0.035993655051616696,1.0,0.2,True,False,0.0,0
B1_D0,1835087069,228,313,0.9899078547701353,0.9906565506962768,0.05721534933348639,0.9899078547701353,0.7481729367593924,0.42400000000000004,0.8119486802053297,0.7208648045365491,0.9252328918829611,0.9595645130921627,313,0.11517403254858417,0.17712255986384545,0.033776750206622116,0.23104140655295824,0.3921337892673596,0.05075146156063044,0.8,0.2,True,False,0.0,0
B1_D0,1835087069,229,313,0.9852288522080751,0.9862555759233982,0.054666154390313304,0.9852288522080751,0.7497941351077861,0.42400000000000004,0.8132578778534494,0.7283223905560944,0.9143461867460435,0.9794555345275057,313,0.23126032807965916,0.17575156615947946,0.06107778877441322,0.2513404141610335,0.20818292025689264,0.07238698256852204,0.8,0.2,True,False,0.0,0
B1_D0,1835087069,230,313,0.9578296409065353,0.9898529948674288,0.027311741552247047,0.9578296409065353,0.7159030550866378,0.6,0.8134822211021826,0.7233165838630045,0.9202743164760016,0.9661911498538897,304,0.08012891043393537,0.16323944575009,0.07836470317390906,0.27263320019984166,0.2868137420228122,0.1188199984194117,0.0,0.6,True,False,0.0,0
B1_D0,1835087069,231,304,0.9911589225205257,0.9913051687781452,0.07021968841373574,0.9911589225205257,0.7460410416351159,0.35,0.8138533380884484,0.727034507995272,0.9266920936347715,0.9639919735853868,306,0.18604691656772251,0.20984397660899556,0.056731037713399414,0.18147250183777455,0.2922260440318505,0.07367952324025741,1.0,0.0,True,False,0.0,0
B1_D0,1835087069,232,306,0.993432746437484,0.9934339536280823,0.1084212122549927,0.993432746437484,0.7300297347768233,0.2,0.8125029088612475,0.7304225498158324,0.9152609374022362,0.9822099300546884,299,0.18424709025405026,0.17820394913445556,0.09227095848342243,0.26113639612558187,0.20619026565470952,0.07795134034778041,0.0,0.2,True,False,0.0,0
B1_D0,1835087069,233,299,0.9920955741657222,0.9921007585153175,0.09680991885701684,0.9920955741657222,0.723609572418908,0.22400000000000003,0.8109369146153188,0.7336439276213343,0.9156311078587612,0.9880472592241286,294,0.1842813162036689,0.24112950082440648,0.005011431396697174,0.2563462752142593,0.25948132098374327,0.053750155377224725,0.8,0.0,True,False,0.0,0
B1_D0,1835087069,234,294,0.9879896199488736,0.9879896444608814,0.1393969894143296,0.9879896199488736,0.7150564696715604,0.05600000000000001,0.8117803167505128,0.743476629832778,0.8896341097653648,1.0294787317860163,294,0.26893623240637893,0.1788229775118509,0.09918509652490368,0.2600601817360779,0.12783056346239838,0.06516494835839018,0.4,0.0,True,False,0.0,0
B1_D0,1835087069,235,294,0.9913084306785547,0.9913084402750001,0.1468884059368531,0.9913084306785547,0.710705478517409,0.014000000000000002,0.8078684641941819,0.735515587773223,0.9006706987888283,1.0108464530008003,295,0.05265986790104939,0.37583697966262053,0.006567612358014645,0.19522140753563932,0.3695954517445291,0.00011868079814710476,0.2,0.0,True,False,0.0,0
B1_D0,1835087069,236,295,0.9893604128493595,0.989360415779653,0.15631570702617145,0.9893604128493595,0.7075560436924581,0.0,0.8068422760692918,0.7293238144924861,0.9106036289099455,0.9926642289534385,295,0.06980007634905201,0.19811205327199216,0.046275480541332764,0.21569091095234807,0.400129834469742,0.06999164441553309,0.0,0.0,True,False,0.0,0
B1_D0,1835087069,237,295,0.9887220800526073,0.9887259118576753,0.0991891923364111,0.9887220800526073,0.7030587320913748,0.22400000000000003,0.8098345955992381,0.7277476543246452,0.9007072320568665,0.9977019909078512,293,0.12362538195979225,0.1740394401993678,0.02410122979798616,0.3709888641642388,0.20581983018957814,0.10142525368903686,0.8,0.0,True,False,0.0,0
B1_D0,1835087069,238,293,0.9873085893824715,0.9873086162140252,0.13867178675550215,0.9873085893824715,0.699363844745662,0.05600000000000001,0.8128440448984152,0.7229719363390993,0.9007123132062882,0.9874795522090541,290,0.08264580913357968,0.25895569167097804,0.06356650690330971,0.34141954972184757,0.25037902177554144,0.0030334207947436973,0.4,0.0,True,False,0.0,0
B1_D0,1835087069,239,290,0.9897443786168049,0.991521257341347,0.05034255557547322,0.9897443786168049,0.7140831365424585,0.41400000000000003,0.8121633049358954,0.717964705482273,0.9106410818856594,0.9707613860154333,292,0.07676707450160822,0.16529618580315977,0.007931829907410839,0.4029780614769115,0.31784961949361734,0.029177228817292206,0.2,0.4,True,False,0.0,0
B1_D0,1835087069,240,292,0.9899395428216434,0.9900502271150358,0.07242736108520047,0.9899395428216434,0.6872927667833049,0.326,0.8118486717908946,0.712251724838429,0.9114733296356441,0.9625304106875932,281,0.06481568287837101,0.21759342942680798,0.057204803072947896,0.2961155179037391,0.2594817796927531,0.10478878702538087,0.6,0.2,True,False,0.0,0
B1_D0,1835087069,241,281,0.9910535907533272,0.9910536622511972,0.13090034108128923,0.9910535907533272,0.6775760817372871,0.05600000000000001,0.8088805235853034,0.7230492825791693,0.9203259966720797,0.9712741519483192,278,0.26762679978327225,0.17394570577792062,0.0015938060850201432,0.13630962042195288,0.3882701177616572,0.032253950170176814,0.4,0.0,True,False,0.0,0
B1_D0,1835087069,242,278,0.9913831613979631,0.9913946267255183,0.09048647430841136,0.9913831613979631,0.6708077172689323,0.256,0.804128617515651,0.7219807234481663,0.9282933970048717,0.9671967372260106,275,0.12604881247444313,0.16298177717312565,0.09581484061960464,0.2303462759792291,0.3297747326691949,0.055033561084402764,0.4,0.2,True,False,0.0,0
B1_D0,1835087069,243,275,0.990274565028794,0.9902745678779747,0.15654650644343962,0.990274565028794,0.6590180213763623,0.0,0.8115767961807441,0.7294434629389532,0.9354640573043845,0.9608042367366043,269,0.23202219578994046,0.21338739062437534,0.020555486216110103,0.14392407773704044,0.30460513989089977,0.08550570974163375,0.0,0.0,True,False,0.0,0
B1_D0,1835087069,244,269,0.9850110875016318,0.9850334222844856,0.08512731530266447,0.9850110875016318,0.6765915958490596,0.256,0.8043312933667044,0.7423842639950394,0.9186549754086144,1.004711470555979,277,0.30516217753792263,0.16421753853834253,0.04202651543578207,0.29710921228223647,0.18368661917334161,0.007797937032374833,0.4,0.2,True,False,0.0,0
B1_D0,1835087069,245,277,0.9876283581465909,0.9876360836857685,0.09359884369840935,0.9876283581465909,0.6729977162925269,0.21400000000000002,0.8051407743221228,0.733845841647731,0.926789477867753,0.9834491792612257,275,0.04475988565554455,0.17218482939374188,0.03616020723643407,0.2333052973630913,0.31363615650835147,0.1999536238428368,0.2,0.2,True,False,0.0,0
B1_D0,1835087069,246,275,0.9837763128943003,0.9837764747564194,0.12433767982050566,0.9837763128943003,0.6771817493322094,0.126,0.801868821325454,0.7229345376934622,0.9341105300809777,0.9651556962349871,278,0.009762351601471686,0.16713774496925923,0.08515120911559321,0.3177603905678489,0.3709932728923879,0.04919503085343909,0.6,0.0,True,False,0.0,0
B1_D0,1835087069,247,278,0.9856326895935168,0.9856326917163035,0.1588517703011125,0.9856326895935168,0.6693377547237995,0.014000000000000002,0.8071099207674634,0.7151108559043822,0.9406994770728799,0.9418674379725819,271,0.04153806369491331,0.1715700400411426,0.02784839078277713,0.4123468004857082,0.32372684126347284,0.022969863731985937,0.2,0.0,True,False,0.0,0
B1_D0,1835087069,248,271,0.9886018231454334,0.9886145968143379,0.08960396826485935,0.9886018231454334,0.664097015271407,0.22400000000000003,0.8078290744522328,0.717991639969701,0.946629529365592,0.9389011261043778,265,0.17045408575672413,0.18046244102615744,0.053508317832079724,0.23912435046075414,0.3416742138360941,0.0147765910881905,0.8,0.0,True,False,0.0,0
B1_D0,1835087069,249,265,0.989043817543013,0.9890438218853455,0.15318238974420995,0.989043817543013,0.6560413630290898,0.014000000000000002,0.8128692240377885,0.7109496602139256,0.9519665764290328,0.918748132548842,259,0.048220028033870536,0.21627276221150163,0.06064090426438524,0.27505150218011254,0.3060001965268901,0.09381460678324,0.2,0.0,True,False,0.0,0
B1_D0,1835087069,250,259,0.9893357110283153,0.9895601150685536,0.06679750737124646,0.9893357110283153,0.682356200358632,0.35,0.8098637831863288,0.7118315063837651,0.9520471613918584,0.9232233201595514,274,0.14286661475669737,0.26600442978671873,0.07116435239037666,0.17884263788910174,0.2763862130286444,0.06473575214846101,1.0,0.0,True,False,0.0,0
B1_D0,1835087069,251,274,0.9872907960812168,0.9872908002982609,0.1534013174198259,0.9872907960812168,0.6681980718983284,0.0,0.8147352517293709,0.7199093813178221,0.9568424452526726,0.9234659634464825,272,0.2333681281655659,0.1800552495916161,0.07795289486311142,0.09624083802053174,0.3511100355541532,0.06127285380502163,0.0,0.0,True,False,0.0,0
B1_D0,1835087069,252,272,0.9857215999921497,0.9857271515592114,0.09621386106644908,0.9857215999921497,0.6684878387300173,0.21400000000000002,0.8122773478744715,0.7162473255642957,0.9509106909208653,0.927297184296693,273,0.09166766640455871,0.23154868785428165,0.054126058292474064,0.3599520582888411,0.24876245096730026,0.01394307819254426,0.2,0.2,True,False,0.0,0
B1_D0,1835087069,253,273,0.9874307664282707,0.9874402156788534,0.09199407540737414,0.9874307664282707,0.6623387692952448,0.21400000000000002,0.8115732859902499,0.7105962747730673,0.9522363356074178,0.9194972482031613,271,0.06451644358732979,0.16119248102903203,0.23578865372617086,0.24182275772010883,0.2820835688931952,0.014596095044163423,0.2,0.2,True,False,0.0,0
B1_D0,1835087069,254,271,0.99165476854016,0.9916547796483223,0.14572672767827233,0.99165476854016,0.6685388908440244,0.05600000000000001,0.8145467713695447,0.7115654714365508,0.9422893915251929,0.9270742906148497,273,0.14373763002671097,0.26897990965315044,0.03383086921323689,0.24096529187564217,0.22638344739258395,0.08610285183867553,0.4,0.0,True,False,0.0,0
B1_D0,1835087069,255,273,0.9862316781995556,0.9870757641883665,0.05623194136389038,0.9862316781995556,0.6655380903998511,0.41400000000000003,0.8138709942410474,0.7040890525690383,0.9405906477865016,0.9197533211405279,274,0.03877318380393802,0.25242640405635064,0.023709956266269205,0.3279196780139115,0.26265097706914015,0.09451980079039052,0.2,0.4,True,False,0.0,0
B1_D0,1835087069,256,274,0.9709505782419486,0.9903294185184626,0.03131378766022932,0.9709505782419486,0.6632705570315451,0.55,0.8127914420983678,0.7031355644810331,0.9419740740073579,0.9183769878952054,276,0.11563705675558436,0.19419793661884227,0.0681114100573095,0.25917800386139095,0.2772124549975324,0.08566313770934064,1.0,0.2,True,False,0.0,0
B1_D0,1835087069,257,276,0.9870275974246348,0.9870276037054555,0.15022816975397868,0.9870275974246348,0.6894771443195903,0.014000000000000002,0.8123420081229968,0.710822546434979,0.9419005468998466,0.9290032501227123,277,0.223047002224969,0.18510294815924258,0.03767761021182023,0.27169144405867657,0.2706194014661223,0.011861593879169352,0.2,0.0,True,False,0.0,0
B1_D0,1835087069,258,277,0.9863663243138852,0.9863665868603368,0.12050845548175722,0.9863663243138852,0.6951213781769339,0.126,0.8103334195529867,0.7143746020963713,0.9441762399624393,0.9337039331111996,282,0.17616478728926513,0.1791113857929912,0.03201276366223224,0.181143167059229,0.28232873876288683,0.1492391574333956,0.6,0.0,True,False,0.0,0
B1_D0,1835087069,259,282,0.9804388861178236,0.9894660339510638,0.037387906783147795,0.9804388861178236,0.7091055621169675,0.526,0.8053551222029789,0.714123376591751,0.9497586159661954,0.9336252366345904,290,0.13084380750247768,0.16884957808930792,0.042471399647716686,0.22798785398990085,0.30358981834329524,0.12625754242730175,0.6,0.4,True,False,0.0,0
B1_D0,1835087069,260,290,0.9914976283239745,0.9915063176985606,0.09269411491609233,0.9914976283239745,0.704631855858132,0.21400000000000002,0.8057535903578832,0.7157501819461229,0.9308473323622497,0.9542908489856402,288,0.15416217729949397,0.18347439619720307,0.1035994235637436,0.26123355957071775,0.1803228899633691,0.11720755340547248,0.2,0.2,True,False,0.0,0
B1_D0,1835087069,261,288,0.9879463963720654,0.9892748450233069,0.05263966026729045,0.9879463963720654,0.7000742955814883,0.41400000000000003,0.8066826445407781,0.717929582585441,0.9099078492751611,0.9780965434926325,290,0.16208637170780257,0.25424484969231687,0.07408579272311458,0.31935002464058654,0.16072625074568178,0.029506710490497787,0.2,0.4,True,False,0.0,0
B1_D0,1835087069,262,290,0.989364844936336,0.9904992170349791,0.05390666089289104,0.989364844936336,0.7301232645641481,0.41400000000000003,0.7999292976202611,0.7302611308488612,0.914687049217965,0.9980540286665932,303,0.29035034240865276,0.21083990215634432,0.008658896308085248,0.16815934085193535,0.2788499243515999,0.04314159392338256,0.2,0.4,True,False,0.0,0
B1_D0,1835087069,263,303,0.9915202485707332,0.9915230908503543,0.10158959000283876,0.9915202485707332,0.7188400733477417,0.2,0.8027414588521252,0.7281303211857095,0.9197722946788749,0.9861729807490074,301,0.1172780859911414,0.18800090401490754,0.03551188208578557,0.1616582016734656,0.28276975191353204,0.21478117432116783,0.0,0.2,True,False,0.0,0
B1_D0,1835087069,264,301,0.9889608786137739,0.9889672769967609,0.09510993073774834,0.9889608786137739,0.7249001891091041,0.21400000000000002,0.8039241851976978,0.7268171799729142,0.9075077764921398,0.9962302734244184,305,0.12616718558112686,0.23826240943417037,0.08871255656353104,0.28733298425512155,0.1985635564057619,0.060961307760288366,0.2,0.2,True,False,0.0,0
B1_D0,1835087069,265,305,0.9852561487746875,0.9880753787177723,0.04664042916955145,0.9852561487746875,0.7341416631019307,0.456,0.8061954650642486,0.7248843088352818,0.9070159748282974,0.9913189584507677,307,0.11759984826266598,0.17696963999378124,0.01787150024254365,0.39930229904462605,0.25129487992685806,0.03696183252952506,0.4,0.4,True,False,0.0,0
B1_D0,1835087069,266,307,0.9864367982811965,0.9879843928210749,0.05141384632484447,0.9864367982811965,0.7366654970999388,0.42400000000000004,0.8051469526287728,0.7386400933935177,0.8902178528502221,1.0305318632166203,309,0.36782818844394993,0.19828862298494832,0.04263591955685025,0.22172285562535682,0.1695173775237724,7.0358651224096295e-06,0.8,0.2,True,False,0.0,0
B1_D0,1835087069,267,309,0.9886689335740932,0.9898132405158065,0.05383173526919951,0.9886689335740932,0.7509007770705275,0.41400000000000003,0.80272099368902,0.7412434080290868,0.9011960675652,1.024653280639156,310,0.1816914913155632,0.21078685751955697,0.010489797458382598,0.23687875402129724,0.32473325689025356,0.035419842794946435,0.2,0.4,True,False,0.0,0
B1_D0,1835087069,268,310,0.9761816259736642,0.9916270526914883,0.033130103693923676,0.9761816259736642,0.7411168872047219,0.526,0.8018130181520735,0.731602362171084,0.91107646080868,1.0014912745047178,308,0.03026405679314409,0.1947531490694031,0.0019141231791115509,0.3147699805464059,0.417240556038062,0.041058134373873366,0.6,0.4,True,False,0.0,0
B1_D0,1835087069,269,308,0.989842052103678,0.9898423339363557,0.1199722016769929,0.989842052103678,0.747088176195862,0.126,0.8028055312188435,0.725224340475201,0.9108828164703978,0.9917438280216696,306,0.06502620515839097,0.17716039805955547,0.17654537521222677,0.29535409891362363,0.2545700087129293,0.031343913943273884,0.6,0.0,True,False,0.0,0
B1_D0,1835087069,270,306,0.9401788731359606,0.9881016169645203,0.024088741732671424,0.9401788731359606,0.6934225744902451,0.6,0.809859422393748,0.7220453649682509,0.912440641536217,0.9771252225256317,295,0.10102801896012456,0.2346484699381504,0.05888979860504668,0.2741013596870677,0.2632305335642945,0.06810181924531615,0.0,0.6,True,False,0.0,0
B1_D0,1835087069,271,295,0.9885883289175752,0.9895385107631686,0.0553093119535295,0.9885883289175752,0.7301991820386821,0.4,0.8143951485798073,0.7162755877172112,0.9211965773825953,0.9547565711194841,293,0.0666561374671613,0.17994787521155528,0.14066827186331105,0.24911174005423012,0.34101011441094,0.02260586099280224,0.0,0.4,True,False,0.0,0
B1_D0,1835087069,272,293,0.9936902062135061,0.9936902104882168,0.15334463245580823,0.9936902062135061,0.7450200996681117,0.014000000000000002,0.8154463731301546,0.7076626080571362,0.9290769196443358,0.9340694580365728,298,0.027509996572319742,0.18801961315501645,0.1485492395069817,0.24600458289687172,0.3211998766358518,0.06871669123295851,0.2,0.0,True,False,0.0,0
B1_D0,1835087069,273,298,0.9872449535703228,0.9872469893409461,0.10421171826707308,0.9872449535703228,0.7381360296138136,0.21400000000000002,0.8162569901205128,0.7152643742549639,0.9246388403671386,0.9476927286714766,298,0.22481120750855674,0.17478670445981886,0.03876214161551822,0.20375836573355502,0.24234806343618207,0.11553351724636904,0.2,0.2,True,False,0.0,0
B1_D0,1835087069,274,298,0.9862202819318373,0.9869660973067319,0.0572163254688042,0.9862202819318373,0.7296415857295491,0.41400000000000003,0.8107947965973508,0.7066500769986538,0.9191554480484703,0.9482099145753301,300,0.026861518205476224,0.22864268115148229,0.008965513806052604,0.29152796977329776,0.2349024585902277,0.2090998584734634,0.2,0.4,True,False,0.0,0
B1_D0,1835087069,275,300,0.988907602488597,0.988909986817043,0.10296708081483369,0.988907602488597,0.7444724993655624,0.2,0.8110295540298829,0.7084040316411983,0.9202945103830039,0.9491121050861927,302,0.151080731155964,0.24618879343812342,0.03711148661603065,0.2782376656566145,0.26527303569690314,0.02210828743636435,0.0,0.2,True,False,0.0,0
B1_D0,1835087069,276,302,0.9918807259975775,0.9918808346160142,0.1275782896903804,0.9918807259975775,0.7372538393982946,0.05600000000000001,0.8108644201653408,0.7020067196688129,0.9256759675617723,0.9352636084608943,304,0.050286120120931456,0.3676704592628379,0.05845916489488522,0.17916393639494158,0.2870545410853439,0.057365778241060025,0.4,0.0,True,False,0.0,0
B1_D0,1835087069,277,304,0.9869078701844427,0.9876641244451295,0.05711131166126095,0.9869078701844427,0.726027662910913,0.42400000000000004,0.8128079681980441,0.7016243597956983,0.919544045078859,0.9387375067315725,300,0.1214747013790749,0.1822788869795754,0.025487142958855902,0.3534011568683472,0.23217837136631966,0.08517974044782697,0.8,0.2,True,False,0.0,0
B1_D0,1835087069,278,300,0.9893178095044406,0.9893178135882917,0.1536731138981153,0.9893178095044406,0.7237907350245015,0.014000000000000002,0.8124267108366885,0.694951987508526,0.9275896405709732,0.9221779165558043,299,0.042610571282658605,0.34444268559206587,0.037888169920867805,0.23957951352998366,0.3172492526889904,0.018229806985433798,0.2,0.0,True,False,0.0,0
B1_D0,1835087069,279,299,0.9874864418785422,0.9884273273310052,0.055378631615102855,0.9874864418785422,0.7270148644734483,0.41400000000000003,0.8129539108569852,0.7043715733875903,0.9322626743521897,0.9293891532233503,300,0.239589815681132,0.23661366536722378,0.003956046965225667,0.1747539323890522,0.2871599891915694,0.05792655040579692,0.2,0.4,True,False,0.0,0
B1_D0,1835087069,280,300,0.991642608956088,0.9930227204972227,0.05236606341967458,0.991642608956088,0.7433515361608064,0.42400000000000004,0.8074277376341039,0.7073595192158377,0.9251254890095595,0.9469692807352849,312,0.16508155622033782,0.3088734029324635,0.04476528432239319,0.19068952865816774,0.23044541046294378,0.06014481740369395,0.8,0.2,True,False,0.0,0
B1_D0,1835087069,281,312,0.9352716429146908,0.9893038786748904,0.02314328687668555,0.9352716429146908,0.6886990364258145,0.6240000000000001,0.8126573949474387,0.7114251757340673,0.9153111199426046,0.9564295806561155,303,0.18042040598776857,0.2292236923402325,0.021838614969438747,0.2787747095404808,0.21349089917000555,0.07625167799207391,0.8,0.4,True,False,0.0,0
B1_D0,1835087069,282,303,0.9895616791169122,0.9895618775040464,0.12276467424739879,0.9895616791169122,0.7398704259659703,0.126,0.8069868473665306,0.7117766628366814,0.9181219786481648,0.9606759183105787,306,0.136534323616469,0.15608669629363597,0.08129962758256927,0.2863865888571785,0.27170985349910326,0.06798291015104413,0.6,0.0,True,False,0.0,0
B1_D0,1835087069,283,306,0.9882883819375798,0.9883122947960834,0.08461032490544651,0.9882883819375798,0.750959271075435,0.256,0.8018538257057087,0.7086868916920712,0.9263097807833484,0.9541198792172477,313,0.09373827496529806,0.2414187145255033,0.0021764307390349717,0.22004573165743813,0.44122491659066054,0.0013959315220649932,0.4,0.2,True,False,0.0,0
B1_D0,1835087069,284,313,0.990471062389738,0.9904711151307364,0.13331770895633085,0.990471062389738,0.7657131704421134,0.05600000000000001,0.7977723394909024,0.7016355498070864,0.9309395603516587,0.9447374359824651,319,0.04228753374523469,0.21843019344213385,0.04835334747525781,0.3106014088504245,0.2863037882332259,0.09402372825372338,0.4,0.0,True,False,0.0,0
B1_D0,1835087069,285,319,0.9901357202418105,0.9901357330439337,0.14458474469210683,0.9901357202418105,0.7683700539643021,0.014000000000000002,0.7948894640606697,0.701909149827286,0.9378456043164929,0.9415487603530371,321,0.12944221888192342,0.15893096135317286,0.033657518139942624,0.21312881008585124,0.342915006136851,0.121925485402259,0.2,0.0,True,False,0.0,0
B1_D0,1835087069,286,321,0.9920187733589487,0.9920187769744654,0.15466439855622108,0.9920187733589487,0.798285481180141,0.0,0.7898037239899083,0.7133104181517088,0.9281173288768862,0.9730978398776288,336,0.2687090726973386,0.1688014888882126,0.09275542067488893,0.2020497215891156,0.22028142496021338,0.0474028711902309,0.0,0.0,True,False,0.0,0
B1_D0,1835087069,287,336,0.9908902273609559,0.990890229071533,0.16061268944861945,0.9908902273609559,0.8145123656471613,0.0,0.7909877498811527,0.7177334304825203,0.9353055959891976,0.9701522268182379,342,0.18860666547996113,0.23392461565858955,0.06260164480922609,0.18559665848283435,0.3273434913904562,0.0019269241789326916,0.0,0.0,True,False,0.0,0
B1_D0,1835087069,288,342,0.9922822782479662,0.9922971263203695,0.0884356991215027,0.9922822782479662,0.8088909403584925,0.256,0.7925559264212353,0.710364089993683,0.9417750363902778,0.9517084094767333,339,0.043966637941109464,0.18485630148489632,0.011806684395576628,0.23762091923884776,0.5169628977244387,0.004786559215131166,0.4,0.2,True,False,0.0,0
B1_D0,1835087069,289,339,0.9812552440411378,0.9921605811797197,0.035904974110575964,0.9812552440411378,0.804282088304898,0.526,0.7899665775368364,0.7008324259603267,0.94759753275125,0.9362278348758883,341,0.01233175582909866,0.16748052665753932,0.006071159592337646,0.3322498737924023,0.4680311142715727,0.013835569857049338,0.6,0.4,True,False,0.0,0
B1_D0,1835087069,290,341,0.9922411049622045,0.9922477373686522,0.09485034605104324,0.9922411049622045,0.8362503606354594,0.21400000000000002,0.7896698992359759,0.6926364967004807,0.9477233831636539,0.9255037694804422,352,0.023071150477128287,0.24045352673644263,0.05111379352856795,0.2685822008392481,0.2744280184376445,0.14235130998096843,0.2,0.2,True,False,0.0,0
B1_D0,1835087069,291,352,0.9882814218657424,0.9896588067222155,0.052354794760513974,0.9882814218657424,0.8342164634050162,0.41400000000000003,0.7903006687972403,0.7003546127508287,0.9329722762944193,0.9498541078215808,351,0.21687426106715088,0.16308510760495298,0.13042609019488385,0.2833442287824779,0.20010615723565356,0.006164155114880943,0.2,0.4,True,False,0.0,0
B1_D0,1835087069,292,351,0.9913780427291847,0.9913855226891451,0.09388614960386776,0.9913780427291847,0.8512871540083772,0.21400000000000002,0.794210869424209,0.7014857863887529,0.9396750486649773,0.9399513027758033,350,0.1393613034433216,0.184439613256534,0.04045087214331642,0.2681932673067882,0.3469231176149598,0.020631826235079965,0.2,0.2,True,False,0.0,0
B1_D0,1835087069,293,350,0.9914366458703123,0.9914418444919094,0.09678274714204571,0.9914366458703123,0.8427837239584584,0.22400000000000003,0.7964002629724146,0.7164114970693153,0.9175415313221739,0.9804047821283339,349,0.41167868195333934,0.17710894772433972,0.01115105096538739,0.213618362978862,0.15916993761847162,0.027273018759600125,0.8,0.0,True,False,0.0,0
B1_D0,1835087069,294,349,0.9938728880024488,0.9938763802178538,0.09996924262399036,0.9938728880024488,0.8308937649689876,0.22400000000000003,0.8050716054027104,0.7091655178360944,0.9187934938861642,0.9587275109839208,340,0.04468244525306019,0.16467666456842922,0.12059795985846758,0.3862201858160242,0.2650305784810381,0.018792166022980637,0.8,0.0,True,False,0.0,0
B1_D0,1835087069,295,340,0.9918852157324748,0.9918909463440775,0.09601081192182559,0.9918852157324748,0.814117714631775,0.2,0.8051296421976734,0.707597105958949,0.9201361947189564,0.9551423842447009,332,0.11112330018324124,0.1888151699133741,0.000551030813699813,0.2703744999087573,0.2661102511070429,0.16302574807388467,0.0,0.2,True,False,0.0,0
B1_D0,1835087069,296,332,0.9932180356098482,0.9932231977791309,0.09685304842262654,0.9932180356098482,0.81793605924599,0.2,0.8092422070377744,0.7037169233997773,0.9281225752470608,0.9369450758090874,332,0.08124590923469686,0.19234913533021514,0.04416102640200685,0.22595365438289583,0.33743317406385065,0.11885710058633449,0.0,0.2,True,False,0.0,0
B1_D0,1835087069,297,332,0.9825193675639564,0.9916641740193661,0.03730249058624787,0.9825193675639564,0.7829957585494072,0.526,0.8138426981669606,0.7031484549037835,0.9353103177223547,0.9237422977614216,323,0.1202172209249381,0.2035757420310709,0.08203704328379192,0.1690520830605504,0.3705594663872541,0.05455844431239453,0.6,0.4,True,False,0.0,0
B1_D0,1835087069,298,323,0.9798306995159057,0.9911414316674262,0.03560625289143162,0.9798306995159057,0.7820535199679317,0.526,0.814126927505826,0.7027203869887311,0.9417792859501193,0.9165186353128818,322,0.12161693537670946,0.20492637148128218,0.055938373949382336,0.22888977328985513,0.32356885985773737,0.06505968604503352,0.6,0.4,True,False,0.0,0
B1_D0,1835087069,299,322,0.9850510999401855,0.9855741398254724,0.06002948779595617,0.9850510999401855,0.7791042430313448,0.41400000000000003,0.8142787207618689,0.7077133850683806,0.9390340867335984,0.9255565668902626,320,0.18911271786357542,0.15816399240947634,0.04964307712708465,0.2063686516984047,0.25716364689245524,0.13954791400900365,0.2,0.4,True,False,0.0,0
